,L_RED
2018-01-02 01:29:00,1932.4981954
2018-01-02 01:30:00,1932.4981954
2018-01-02 01:31:00,1900.55183808
2018-01-02 01:32:00,1900.55183808
2018-01-02 01:33:00,1900.55183808
2018-01-02 01:34:00,1826.01033765
2018-01-02 01:35:00,1815.36155188
2018-01-02 01:36:00,1815.36155188
2018-01-02 01:37:00,1804.7127661
2018-01-02 01:38:00,1826.01033765
2018-01-02 01:39:00,1826.01033765
2018-01-02 01:40:00,1847.3079092
2018-01-02 01:41:00,1836.65912343
2018-01-02 01:42:00,1826.01033765
2018-01-02 01:43:00,1804.7127661
2018-01-02 01:44:00,1815.36155188
2018-01-02 01:45:00,1804.7127661
2018-01-02 01:46:00,1783.41519455
2018-01-02 01:47:00,1783.41519455
2018-01-02 01:48:00,1783.41519455
2018-01-02 01:49:00,1783.41519455
2018-01-02 01:50:00,1762.117623
2018-01-02 01:51:00,1762.117623
2018-01-02 01:52:00,1762.117623
2018-01-02 01:53:00,1762.117623
2018-01-02 01:54:00,1762.117623
2018-01-02 01:55:00,1762.117623
2018-01-02 01:56:00,1762.117623
2018-01-02 01:57:00,1762.117623
2018-01-02 01:58:00,1762.117623
2018-01-02 01:59:00,1762.117623
2018-01-02 02:00:00,1740.82005145
2018-01-02 02:01:00,1708.87369413
2018-01-02 02:02:00,1687.57612258
2018-01-02 02:03:00,1687.57612258
2018-01-02 02:04:00,1687.57612258
2018-01-02 02:05:00,1687.57612258
2018-01-02 02:06:00,1687.57612258
2018-01-02 02:07:00,1687.57612258
2018-01-02 02:08:00,1698.22490835
2018-01-02 02:09:00,1698.22490835
2018-01-02 02:10:00,1698.22490835
2018-01-02 02:11:00,1676.9273368
2018-01-02 02:12:00,1676.9273368
2018-01-02 02:13:00,1634.3321937
2018-01-02 02:14:00,1644.98097948
2018-01-02 02:15:00,1634.3321937
2018-01-02 02:16:00,1634.3321937
2018-01-02 02:17:00,1655.62976525
2018-01-02 02:18:00,1655.62976525
2018-01-02 02:19:00,1644.98097948
2018-01-02 02:20:00,1634.3321937
2018-01-02 02:21:00,1634.3321937
2018-01-02 02:22:00,1634.3321937
2018-01-02 02:23:00,1634.3321937
2018-01-02 02:24:00,1634.3321937
2018-01-02 02:25:00,1644.98097948
2018-01-02 02:26:00,1644.98097948
2018-01-02 02:27:00,1644.98097948
2018-01-02 02:28:00,1644.98097948
2018-01-02 02:29:00,1644.98097948
2018-01-02 02:30:00,1634.3321937
2018-01-02 02:31:00,1634.3321937
2018-01-02 02:32:00,1634.3321937
2018-01-02 02:33:00,1634.3321937
2018-01-02 02:34:00,1634.3321937
2018-01-02 02:35:00,1644.98097948
2018-01-02 02:36:00,1644.98097948
2018-01-02 02:37:00,1634.3321937
2018-01-02 02:38:00,1634.3321937
2018-01-02 02:39:00,1634.3321937
2018-01-02 02:40:00,1644.98097948
2018-01-02 02:41:00,1623.68340793
2018-01-02 02:42:00,1634.3321937
2018-01-02 02:43:00,1634.3321937
2018-01-02 02:44:00,1634.3321937
2018-01-02 02:45:00,1634.3321937
2018-01-02 02:46:00,1634.3321937
2018-01-02 02:47:00,1623.68340793
2018-01-02 02:48:00,1623.68340793
2018-01-02 02:49:00,1570.43947905
2018-01-02 02:50:00,1570.43947905
2018-01-02 02:51:00,1570.43947905
2018-01-02 02:52:00,1581.08826483
2018-01-02 02:53:00,1570.43947905
2018-01-02 02:54:00,1570.43947905
2018-01-02 02:55:00,1570.43947905
2018-01-02 02:56:00,1570.43947905
2018-01-02 02:57:00,1570.43947905
2018-01-02 02:58:00,1559.79069328
2018-01-02 02:59:00,1570.43947905
2018-01-02 03:00:00,1570.43947905
2018-01-02 03:01:00,1559.79069328
2018-01-02 03:02:00,1559.79069328
2018-01-02 03:03:00,1559.79069328
2018-01-02 03:04:00,1559.79069328
2018-01-02 03:05:00,1549.1419075
2018-01-02 03:06:00,1559.79069328
2018-01-02 03:07:00,1570.43947905
2018-01-02 03:08:00,1570.43947905
2018-01-02 03:09:00,1559.79069328
2018-01-02 03:10:00,1549.1419075
2018-01-02 03:11:00,1517.19555018
2018-01-02 03:12:00,1527.84433595
2018-01-02 03:13:00,1549.1419075
2018-01-02 03:14:00,1549.1419075
2018-01-02 03:15:00,1549.1419075
2018-01-02 03:16:00,1549.1419075
2018-01-02 03:17:00,1570.43947905
2018-01-02 03:18:00,1570.43947905
2018-01-02 03:19:00,1549.1419075
2018-01-02 03:20:00,1549.1419075
2018-01-02 03:21:00,1538.49312173
2018-01-02 03:22:00,1559.79069328
2018-01-02 03:23:00,1559.79069328
2018-01-02 03:24:00,1559.79069328
2018-01-02 03:25:00,1570.43947905
2018-01-02 03:26:00,1559.79069328
2018-01-02 03:27:00,1527.84433595
2018-01-02 03:28:00,1527.84433595
2018-01-02 03:29:00,1527.84433595
2018-01-02 03:30:00,1559.79069328
2018-01-02 03:31:00,1559.79069328
2018-01-02 03:32:00,1570.43947905
2018-01-02 03:33:00,1559.79069328
2018-01-02 03:34:00,1559.79069328
2018-01-02 03:35:00,1559.79069328
2018-01-02 03:36:00,1559.79069328
2018-01-02 03:37:00,1559.79069328
2018-01-02 03:38:00,1570.43947905
2018-01-02 03:39:00,1591.7370506
2018-01-02 03:40:00,1591.7370506
2018-01-02 03:41:00,1591.7370506
2018-01-02 03:42:00,1591.7370506
2018-01-02 03:43:00,1591.7370506
2018-01-02 03:44:00,1591.7370506
2018-01-02 03:45:00,1591.7370506
2018-01-02 03:46:00,1591.7370506
2018-01-02 03:47:00,1591.7370506
2018-01-02 03:48:00,1591.7370506
2018-01-02 03:49:00,1602.38583638
2018-01-02 03:50:00,1602.38583638
2018-01-02 03:51:00,1581.08826483
2018-01-02 03:52:00,1581.08826483
2018-01-02 03:53:00,1581.08826483
2018-01-02 03:54:00,1581.08826483
2018-01-02 03:55:00,1581.08826483
2018-01-02 03:56:00,1581.08826483
2018-01-02 03:57:00,1591.7370506
2018-01-02 03:58:00,1613.03462215
2018-01-02 03:59:00,1613.03462215
2018-01-02 04:00:00,1602.38583638
2018-01-02 04:01:00,1602.38583638
2018-01-02 04:02:00,1602.38583638
2018-01-02 04:03:00,1602.38583638
2018-01-02 04:04:00,1602.38583638
2018-01-02 04:05:00,1591.7370506
2018-01-02 04:06:00,1602.38583638
2018-01-02 04:07:00,1591.7370506
2018-01-02 04:08:00,1591.7370506
2018-01-02 04:09:00,1602.38583638
2018-01-02 04:10:00,1602.38583638
2018-01-02 04:11:00,1602.38583638
2018-01-02 04:12:00,1602.38583638
2018-01-02 04:13:00,1613.03462215
2018-01-02 04:14:00,1602.38583638
2018-01-02 04:15:00,1602.38583638
2018-01-02 04:16:00,1581.08826483
2018-01-02 04:17:00,1581.08826483
2018-01-02 04:18:00,1581.08826483
2018-01-02 04:19:00,1581.08826483
2018-01-02 04:20:00,1581.08826483
2018-01-02 04:21:00,1581.08826483
2018-01-02 04:22:00,1570.43947905
2018-01-02 04:23:00,1570.43947905
2018-01-02 04:24:00,1581.08826483
2018-01-02 04:25:00,1581.08826483
2018-01-02 04:26:00,1581.08826483
2018-01-02 04:27:00,1581.08826483
2018-01-02 04:28:00,1570.43947905
2018-01-02 04:29:00,1570.43947905
2018-01-02 04:30:00,1570.43947905
2018-01-02 04:31:00,1549.1419075
2018-01-02 04:32:00,1549.1419075
2018-01-02 04:33:00,1549.1419075
2018-01-02 04:34:00,1549.1419075
2018-01-02 04:35:00,1549.1419075
2018-01-02 04:36:00,1549.1419075
2018-01-02 04:37:00,1549.1419075
2018-01-02 04:38:00,1570.43947905
2018-01-02 04:39:00,1570.43947905
2018-01-02 04:40:00,1570.43947905
2018-01-02 04:41:00,1549.1419075
2018-01-02 04:42:00,1549.1419075
2018-01-02 04:43:00,1549.1419075
2018-01-02 04:44:00,1538.49312173
2018-01-02 04:45:00,1559.79069328
2018-01-02 04:46:00,1559.79069328
2018-01-02 04:47:00,1570.43947905
2018-01-02 04:48:00,1570.43947905
2018-01-02 04:49:00,1570.43947905
2018-01-02 04:50:00,1570.43947905
2018-01-02 04:51:00,1570.43947905
2018-01-02 04:52:00,1570.43947905
2018-01-02 04:53:00,1581.08826483
2018-01-02 04:54:00,1570.43947905
2018-01-02 04:55:00,1570.43947905
2018-01-02 04:56:00,1570.43947905
2018-01-02 04:57:00,1570.43947905
2018-01-02 04:58:00,1591.7370506
2018-01-02 04:59:00,1591.7370506
2018-01-02 05:00:00,1591.7370506
2018-01-02 05:01:00,1602.38583638
2018-01-02 05:02:00,1602.38583638
2018-01-02 05:03:00,1602.38583638
2018-01-02 05:04:00,1602.38583638
2018-01-02 05:05:00,1602.38583638
2018-01-02 05:06:00,1602.38583638
2018-01-02 05:07:00,1602.38583638
2018-01-02 05:08:00,1602.38583638
2018-01-02 05:09:00,1602.38583638
2018-01-02 05:10:00,1591.7370506
2018-01-02 05:11:00,1591.7370506
2018-01-02 05:12:00,1613.03462215
2018-01-02 05:13:00,1591.7370506
2018-01-02 05:14:00,1613.03462215
2018-01-02 05:15:00,1613.03462215
2018-01-02 05:16:00,1613.03462215
2018-01-02 05:17:00,1613.03462215
2018-01-02 05:18:00,1613.03462215
2018-01-02 05:19:00,1581.08826483
2018-01-02 05:20:00,1591.7370506
2018-01-02 05:21:00,1591.7370506
2018-01-02 05:22:00,1591.7370506
2018-01-02 05:23:00,1591.7370506
2018-01-02 05:24:00,1591.7370506
2018-01-02 05:25:00,1591.7370506
2018-01-02 05:26:00,1591.7370506
2018-01-02 05:27:00,1591.7370506
2018-01-02 05:28:00,1602.38583638
2018-01-02 05:29:00,1602.38583638
2018-01-02 05:30:00,1602.38583638
2018-01-02 05:31:00,1602.38583638
2018-01-02 05:32:00,1602.38583638
2018-01-02 05:33:00,1602.38583638
2018-01-02 05:34:00,1602.38583638
2018-01-02 05:35:00,1602.38583638
2018-01-02 05:36:00,1602.38583638
2018-01-02 05:37:00,1602.38583638
2018-01-02 05:38:00,1602.38583638
2018-01-02 05:39:00,1602.38583638
2018-01-02 05:40:00,1591.7370506
2018-01-02 05:41:00,1591.7370506
2018-01-02 05:42:00,1591.7370506
2018-01-02 05:43:00,1591.7370506
2018-01-02 05:44:00,1591.7370506
2018-01-02 05:45:00,1591.7370506
2018-01-02 05:46:00,1591.7370506
2018-01-02 05:47:00,1591.7370506
2018-01-02 05:48:00,1591.7370506
2018-01-02 05:49:00,1591.7370506
2018-01-02 05:50:00,1581.08826483
2018-01-02 05:51:00,1581.08826483
2018-01-02 05:52:00,1581.08826483
2018-01-02 05:53:00,1581.08826483
2018-01-02 05:54:00,1591.7370506
2018-01-02 05:55:00,1591.7370506
2018-01-02 05:56:00,1581.08826483
2018-01-02 05:57:00,1581.08826483
2018-01-02 05:58:00,1581.08826483
2018-01-02 05:59:00,1570.43947905
2018-01-02 06:00:00,1570.43947905
2018-01-02 06:01:00,1570.43947905
2018-01-02 06:02:00,1570.43947905
2018-01-02 06:03:00,1570.43947905
2018-01-02 06:04:00,1559.79069328
2018-01-02 06:05:00,1559.79069328
2018-01-02 06:06:00,1559.79069328
2018-01-02 06:07:00,1559.79069328
2018-01-02 06:08:00,1559.79069328
2018-01-02 06:09:00,1570.43947905
2018-01-02 06:10:00,1570.43947905
2018-01-02 06:11:00,1570.43947905
2018-01-02 06:12:00,1570.43947905
2018-01-02 06:13:00,1559.79069328
2018-01-02 06:14:00,1559.79069328
2018-01-02 06:15:00,1559.79069328
2018-01-02 06:16:00,1559.79069328
2018-01-02 06:17:00,1559.79069328
2018-01-02 06:18:00,1570.43947905
2018-01-02 06:19:00,1570.43947905
2018-01-02 06:20:00,1570.43947905
2018-01-02 06:21:00,1570.43947905
2018-01-02 06:22:00,1559.79069328
2018-01-02 06:23:00,1559.79069328
2018-01-02 06:24:00,1559.79069328
2018-01-02 06:25:00,1559.79069328
2018-01-02 06:26:00,1559.79069328
2018-01-02 06:27:00,1559.79069328
2018-01-02 06:28:00,1559.79069328
2018-01-02 06:29:00,1559.79069328
2018-01-02 06:30:00,1559.79069328
2018-01-02 06:31:00,1559.79069328
2018-01-02 06:32:00,1559.79069328
2018-01-02 06:33:00,1559.79069328
2018-01-02 06:34:00,1559.79069328
2018-01-02 06:35:00,1559.79069328
2018-01-02 06:36:00,1559.79069328
2018-01-02 06:37:00,1559.79069328
2018-01-02 06:38:00,1559.79069328
2018-01-02 06:39:00,1559.79069328
2018-01-02 06:40:00,1559.79069328
2018-01-02 06:41:00,1549.1419075
2018-01-02 06:42:00,1538.49312173
2018-01-02 06:43:00,1538.49312173
2018-01-02 06:44:00,1538.49312173
2018-01-02 06:45:00,1538.49312173
2018-01-02 06:46:00,1538.49312173
2018-01-02 06:47:00,1538.49312173
2018-01-02 06:48:00,1538.49312173
2018-01-02 06:49:00,1538.49312173
2018-01-02 06:50:00,1538.49312173
2018-01-02 06:51:00,1538.49312173
2018-01-02 06:52:00,1527.84433595
2018-01-02 06:53:00,1527.84433595
2018-01-02 06:54:00,1527.84433595
2018-01-02 06:55:00,1527.84433595
2018-01-02 06:56:00,1527.84433595
2018-01-02 06:57:00,1527.84433595
2018-01-02 06:58:00,1527.84433595
2018-01-02 06:59:00,1527.84433595
2018-01-02 07:00:00,1527.84433595
2018-01-02 07:01:00,1527.84433595
2018-01-02 07:02:00,1527.84433595
2018-01-02 07:03:00,1517.19555018
2018-01-02 07:04:00,1549.1419075
2018-01-02 07:05:00,1549.1419075
2018-01-02 07:06:00,1549.1419075
2018-01-02 07:07:00,1549.1419075
2018-01-02 07:08:00,1538.49312173
2018-01-02 07:09:00,1538.49312173
2018-01-02 07:10:00,1538.49312173
2018-01-02 07:11:00,1538.49312173
2018-01-02 07:12:00,1538.49312173
2018-01-02 07:13:00,1538.49312173
2018-01-02 07:14:00,1538.49312173
2018-01-02 07:15:00,1538.49312173
2018-01-02 07:16:00,1538.49312173
2018-01-02 07:17:00,1538.49312173
2018-01-02 07:18:00,1538.49312173
2018-01-02 07:19:00,1538.49312173
2018-01-02 07:20:00,1538.49312173
2018-01-02 07:21:00,1538.49312173
2018-01-02 07:22:00,1538.49312173
2018-01-02 07:23:00,1538.49312173
2018-01-02 07:24:00,1538.49312173
2018-01-02 07:25:00,1538.49312173
2018-01-02 07:26:00,1538.49312173
2018-01-02 07:27:00,1538.49312173
2018-01-02 07:28:00,1559.79069328
2018-01-02 07:29:00,1549.1419075
2018-01-02 07:30:00,1538.49312173
2018-01-02 07:31:00,1538.49312173
2018-01-02 07:32:00,1538.49312173
2018-01-02 07:33:00,1538.49312173
2018-01-02 07:34:00,1538.49312173
2018-01-02 07:35:00,1538.49312173
2018-01-02 07:36:00,1538.49312173
2018-01-02 07:37:00,1538.49312173
2018-01-02 07:38:00,1538.49312173
2018-01-02 07:39:00,1538.49312173
2018-01-02 07:40:00,1538.49312173
2018-01-02 07:41:00,1527.84433595
2018-01-02 07:42:00,1527.84433595
2018-01-02 07:43:00,1527.84433595
2018-01-02 07:44:00,1527.84433595
2018-01-02 07:45:00,1527.84433595
2018-01-02 07:46:00,1527.84433595
2018-01-02 07:47:00,1527.84433595
2018-01-02 07:48:00,1538.49312173
2018-01-02 07:49:00,1538.49312173
2018-01-02 07:50:00,1538.49312173
2018-01-02 07:51:00,1538.49312173
2018-01-02 07:52:00,1538.49312173
2018-01-02 07:53:00,1538.49312173
2018-01-02 07:54:00,1538.49312173
2018-01-02 07:55:00,1538.49312173
2018-01-02 07:56:00,1538.49312173
2018-01-02 07:57:00,1538.49312173
2018-01-02 07:58:00,1538.49312173
2018-01-02 07:59:00,1538.49312173
2018-01-02 08:00:00,1538.49312173
2018-01-02 08:01:00,1538.49312173
2018-01-02 08:02:00,1538.49312173
2018-01-02 08:03:00,1538.49312173
2018-01-02 08:04:00,1538.49312173
2018-01-02 08:05:00,1538.49312173
2018-01-02 08:06:00,1538.49312173
2018-01-02 08:07:00,1538.49312173
2018-01-02 08:08:00,1538.49312173
2018-01-02 08:09:00,1538.49312173
2018-01-02 08:10:00,1538.49312173
2018-01-02 08:11:00,1538.49312173
2018-01-02 08:12:00,1538.49312173
2018-01-02 08:13:00,1538.49312173
2018-01-02 08:14:00,1538.49312173
2018-01-02 08:15:00,1538.49312173
2018-01-02 08:16:00,1538.49312173
2018-01-02 08:17:00,1538.49312173
2018-01-02 08:18:00,1538.49312173
2018-01-02 08:19:00,1538.49312173
2018-01-02 08:20:00,1538.49312173
2018-01-02 08:21:00,1538.49312173
2018-01-02 08:22:00,1538.49312173
2018-01-02 08:23:00,1538.49312173
2018-01-02 08:24:00,1538.49312173
2018-01-02 08:25:00,1538.49312173
2018-01-02 08:26:00,1538.49312173
2018-01-02 08:27:00,1538.49312173
2018-01-02 08:28:00,1538.49312173
2018-01-02 08:29:00,1538.49312173
2018-01-02 08:30:00,1538.49312173
2018-01-02 08:31:00,1538.49312173
2018-01-02 08:32:00,1538.49312173
2018-01-02 08:33:00,1538.49312173
2018-01-02 08:34:00,1538.49312173
2018-01-02 08:35:00,1538.49312173
2018-01-02 08:36:00,1538.49312173
2018-01-02 08:37:00,1538.49312173
2018-01-02 08:38:00,1538.49312173
2018-01-02 08:39:00,1538.49312173
2018-01-02 08:40:00,1538.49312173
2018-01-02 08:41:00,1538.49312173
2018-01-02 08:42:00,1538.49312173
2018-01-02 08:43:00,1538.49312173
2018-01-02 08:44:00,1538.49312173
2018-01-02 08:45:00,1538.49312173
2018-01-02 08:46:00,1538.49312173
2018-01-02 08:47:00,1538.49312173
2018-01-02 08:48:00,1538.49312173
2018-01-02 08:49:00,1538.49312173
2018-01-02 08:50:00,1538.49312173
2018-01-02 08:51:00,1538.49312173
2018-01-02 08:52:00,1538.49312173
2018-01-02 08:53:00,1527.84433595
2018-01-02 08:54:00,1517.19555018
2018-01-02 08:55:00,1517.19555018
2018-01-02 08:56:00,1517.19555018
2018-01-02 08:57:00,1517.19555018
2018-01-02 08:58:00,1517.19555018
2018-01-02 08:59:00,1517.19555018
2018-01-02 09:00:00,1527.84433595
2018-01-02 09:01:00,1517.19555018
2018-01-02 09:02:00,1517.19555018
2018-01-02 09:03:00,1517.19555018
2018-01-02 09:04:00,1517.19555018
2018-01-02 09:05:00,1517.19555018
2018-01-02 09:06:00,1517.19555018
2018-01-02 09:07:00,1517.19555018
2018-01-02 09:08:00,1517.19555018
2018-01-02 09:09:00,1517.19555018
2018-01-02 09:10:00,1517.19555018
2018-01-02 09:11:00,1517.19555018
2018-01-02 09:12:00,1517.19555018
2018-01-02 09:13:00,1506.5467644
2018-01-02 09:14:00,1506.5467644
2018-01-02 09:15:00,1506.5467644
2018-01-02 09:16:00,1506.5467644
2018-01-02 09:17:00,1517.19555018
2018-01-02 09:18:00,1517.19555018
2018-01-02 09:19:00,1517.19555018
2018-01-02 09:20:00,1517.19555018
2018-01-02 09:21:00,1506.5467644
2018-01-02 09:22:00,1506.5467644
2018-01-02 09:23:00,1506.5467644
2018-01-02 09:24:00,1506.5467644
2018-01-02 09:25:00,1506.5467644
2018-01-02 09:26:00,1506.5467644
2018-01-02 09:27:00,1506.5467644
2018-01-02 09:28:00,1506.5467644
2018-01-02 09:29:00,1506.5467644
2018-01-02 09:30:00,1506.5467644
2018-01-02 09:31:00,1517.19555018
2018-01-02 09:32:00,1517.19555018
2018-01-02 09:33:00,1517.19555018
2018-01-02 09:34:00,1517.19555018
2018-01-02 09:35:00,1506.5467644
2018-01-02 09:36:00,1517.19555018
2018-01-02 09:37:00,1517.19555018
2018-01-02 09:38:00,1538.49312173
2018-01-02 09:39:00,1538.49312173
2018-01-02 09:40:00,1527.84433595
2018-01-02 09:41:00,1527.84433595
2018-01-02 09:42:00,1527.84433595
2018-01-02 09:43:00,1527.84433595
2018-01-02 09:44:00,1527.84433595
2018-01-02 09:45:00,1527.84433595
2018-01-02 09:46:00,1527.84433595
2018-01-02 09:47:00,1527.84433595
2018-01-02 09:48:00,1517.19555018
2018-01-02 09:49:00,1517.19555018
2018-01-02 09:50:00,1517.19555018
2018-01-02 09:51:00,1517.19555018
2018-01-02 09:52:00,1517.19555018
2018-01-02 09:53:00,1517.19555018
2018-01-02 09:54:00,1506.5467644
2018-01-02 09:55:00,1517.19555018
2018-01-02 09:56:00,1506.5467644
2018-01-02 09:57:00,1495.89797863
2018-01-02 09:58:00,1495.89797863
2018-01-02 09:59:00,1495.89797863
2018-01-02 10:00:00,1495.89797863
2018-01-02 10:01:00,1485.24919285
2018-01-02 10:02:00,1485.24919285
2018-01-02 10:03:00,1495.89797863
2018-01-02 10:04:00,1506.5467644
2018-01-02 10:05:00,1495.89797863
2018-01-02 10:06:00,1495.89797863
2018-01-02 10:07:00,1485.24919285
2018-01-02 10:08:00,1485.24919285
2018-01-02 10:09:00,1485.24919285
2018-01-02 10:10:00,1485.24919285
2018-01-02 10:11:00,1474.60040708
2018-01-02 10:12:00,1474.60040708
2018-01-02 10:13:00,1474.60040708
2018-01-02 10:14:00,1474.60040708
2018-01-02 10:15:00,1442.65404975
2018-01-02 10:16:00,1453.30283553
2018-01-02 10:17:00,1442.65404975
2018-01-02 10:18:00,1432.00526398
2018-01-02 10:19:00,1432.00526398
2018-01-02 10:20:00,1453.30283553
2018-01-02 10:21:00,1442.65404975
2018-01-02 10:22:00,1453.30283553
2018-01-02 10:23:00,1432.00526398
2018-01-02 10:24:00,1432.00526398
2018-01-02 10:25:00,1432.00526398
2018-01-02 10:26:00,1432.00526398
2018-01-02 10:27:00,1432.00526398
2018-01-02 10:28:00,1432.00526398
2018-01-02 10:29:00,1442.65404975
2018-01-02 10:30:00,1463.9516213
2018-01-02 10:31:00,1463.9516213
2018-01-02 10:32:00,1463.9516213
2018-01-02 10:33:00,1463.9516213
2018-01-02 10:34:00,1463.9516213
2018-01-02 10:35:00,1463.9516213
2018-01-02 10:36:00,1463.9516213
2018-01-02 10:37:00,1453.30283553
2018-01-02 10:38:00,1453.30283553
2018-01-02 10:39:00,1463.9516213
2018-01-02 10:40:00,1442.65404975
2018-01-02 10:41:00,1442.65404975
2018-01-02 10:42:00,1442.65404975
2018-01-02 10:43:00,1442.65404975
2018-01-02 10:44:00,1442.65404975
2018-01-02 10:45:00,1442.65404975
2018-01-02 10:46:00,1442.65404975
2018-01-02 10:47:00,1442.65404975
2018-01-02 10:48:00,1442.65404975
2018-01-02 10:49:00,1442.65404975
2018-01-02 10:50:00,1453.30283553
2018-01-02 10:51:00,1453.30283553
2018-01-02 10:52:00,1453.30283553
2018-01-02 10:53:00,1410.70769243
2018-01-02 10:54:00,1421.3564782
2018-01-02 10:55:00,1378.7613351
2018-01-02 10:56:00,1378.7613351
2018-01-02 10:57:00,1378.7613351
2018-01-02 10:58:00,1378.7613351
2018-01-02 10:59:00,1378.7613351
2018-01-02 11:00:00,1389.41012088
2018-01-02 11:01:00,1368.11254933
2018-01-02 11:02:00,1368.11254933
2018-01-02 11:03:00,1368.11254933
2018-01-02 11:04:00,1368.11254933
2018-01-02 11:05:00,1368.11254933
2018-01-02 11:06:00,1368.11254933
2018-01-02 11:07:00,1368.11254933
2018-01-02 11:08:00,1368.11254933
2018-01-02 11:09:00,1368.11254933
2018-01-02 11:10:00,1410.70769243
2018-01-02 11:11:00,1410.70769243
2018-01-02 11:12:00,1368.11254933
2018-01-02 11:13:00,1389.41012088
2018-01-02 11:14:00,1389.41012088
2018-01-02 11:15:00,1389.41012088
2018-01-02 11:16:00,1389.41012088
2018-01-02 11:17:00,1389.41012088
2018-01-02 11:18:00,1389.41012088
2018-01-02 11:19:00,1421.3564782
2018-01-02 11:20:00,1400.05890665
2018-01-02 11:21:00,1400.05890665
2018-01-02 11:22:00,1400.05890665
2018-01-02 11:23:00,1400.05890665
2018-01-02 11:24:00,1400.05890665
2018-01-02 11:25:00,1400.05890665
2018-01-02 11:26:00,1400.05890665
2018-01-02 11:27:00,1389.41012088
2018-01-02 11:28:00,1389.41012088
2018-01-02 11:29:00,1389.41012088
2018-01-02 11:30:00,1410.70769243
2018-01-02 11:31:00,1410.70769243
2018-01-02 11:32:00,1410.70769243
2018-01-02 11:33:00,1410.70769243
2018-01-02 11:34:00,1400.05890665
2018-01-02 11:35:00,1400.05890665
2018-01-02 11:36:00,1368.11254933
2018-01-02 11:37:00,1368.11254933
2018-01-02 11:38:00,1400.05890665
2018-01-02 11:39:00,1400.05890665
2018-01-02 11:40:00,1410.70769243
2018-01-02 11:41:00,1410.70769243
2018-01-02 11:42:00,1410.70769243
2018-01-02 11:43:00,1410.70769243
2018-01-02 11:44:00,1410.70769243
2018-01-02 11:45:00,1421.3564782
2018-01-02 11:46:00,1410.70769243
2018-01-02 11:47:00,1410.70769243
2018-01-02 11:48:00,1432.00526398
2018-01-02 11:49:00,1432.00526398
2018-01-02 11:50:00,1432.00526398
2018-01-02 11:51:00,1432.00526398
2018-01-02 11:52:00,1432.00526398
2018-01-02 11:53:00,1421.3564782
2018-01-02 11:54:00,1421.3564782
2018-01-02 11:55:00,1432.00526398
2018-01-02 11:56:00,1432.00526398
2018-01-02 11:57:00,1432.00526398
2018-01-02 11:58:00,1432.00526398
2018-01-02 11:59:00,1432.00526398
2018-01-03 01:29:00,1069.94569572
2018-01-03 01:30:00,1069.94569572
2018-01-03 01:31:00,1069.94569572
2018-01-03 01:32:00,1069.94569572
2018-01-03 01:33:00,1069.94569572
2018-01-03 01:34:00,1442.65319785
2018-01-03 01:35:00,1442.65319785
2018-01-03 01:36:00,1442.65319785
2018-01-03 01:37:00,1442.65319785
2018-01-03 01:38:00,1442.65319785
2018-01-03 01:39:00,1442.65319785
2018-01-03 01:40:00,1463.9507694
2018-01-03 01:41:00,1463.9507694
2018-01-03 01:42:00,1463.9507694
2018-01-03 01:43:00,1463.9507694
2018-01-03 01:44:00,1463.9507694
2018-01-03 01:45:00,1474.59955517
2018-01-03 01:46:00,1463.9507694
2018-01-03 01:47:00,1463.9507694
2018-01-03 01:48:00,1463.9507694
2018-01-03 01:49:00,1474.59955517
2018-01-03 01:50:00,1474.59955517
2018-01-03 01:51:00,1474.59955517
2018-01-03 01:52:00,1474.59955517
2018-01-03 01:53:00,1474.59955517
2018-01-03 01:54:00,1474.59955517
2018-01-03 01:55:00,1474.59955517
2018-01-03 01:56:00,1474.59955517
2018-01-03 01:57:00,1474.59955517
2018-01-03 01:58:00,1474.59955517
2018-01-03 01:59:00,1474.59955517
2018-01-03 02:00:00,1432.00441207
2018-01-03 02:01:00,1432.00441207
2018-01-03 02:02:00,1442.65319785
2018-01-03 02:03:00,1442.65319785
2018-01-03 02:04:00,1442.65319785
2018-01-03 02:05:00,1485.24834095
2018-01-03 02:06:00,1485.24834095
2018-01-03 02:07:00,1485.24834095
2018-01-03 02:08:00,1485.24834095
2018-01-03 02:09:00,1485.24834095
2018-01-03 02:10:00,1474.59955517
2018-01-03 02:11:00,1485.24834095
2018-01-03 02:12:00,1485.24834095
2018-01-03 02:13:00,1485.24834095
2018-01-03 02:14:00,1485.24834095
2018-01-03 02:15:00,1485.24834095
2018-01-03 02:16:00,1485.24834095
2018-01-03 02:17:00,1485.24834095
2018-01-03 02:18:00,1485.24834095
2018-01-03 02:19:00,1485.24834095
2018-01-03 02:20:00,1485.24834095
2018-01-03 02:21:00,1485.24834095
2018-01-03 02:22:00,1485.24834095
2018-01-03 02:23:00,1485.24834095
2018-01-03 02:24:00,1485.24834095
2018-01-03 02:25:00,1495.89712672
2018-01-03 02:26:00,1495.89712672
2018-01-03 02:27:00,1485.24834095
2018-01-03 02:28:00,1495.89712672
2018-01-03 02:29:00,1495.89712672
2018-01-03 02:30:00,1495.89712672
2018-01-03 02:31:00,1495.89712672
2018-01-03 02:32:00,1495.89712672
2018-01-03 02:33:00,1495.89712672
2018-01-03 02:34:00,1517.19469827
2018-01-03 02:35:00,1517.19469827
2018-01-03 02:36:00,1495.89712672
2018-01-03 02:37:00,1495.89712672
2018-01-03 02:38:00,1495.89712672
2018-01-03 02:39:00,1506.5459125
2018-01-03 02:40:00,1517.19469827
2018-01-03 02:41:00,1517.19469827
2018-01-03 02:42:00,1506.5459125
2018-01-03 02:43:00,1506.5459125
2018-01-03 02:44:00,1506.5459125
2018-01-03 02:45:00,1506.5459125
2018-01-03 02:46:00,1506.5459125
2018-01-03 02:47:00,1506.5459125
2018-01-03 02:48:00,1506.5459125
2018-01-03 02:49:00,1506.5459125
2018-01-03 02:50:00,1506.5459125
2018-01-03 02:51:00,1506.5459125
2018-01-03 02:52:00,1506.5459125
2018-01-03 02:53:00,1506.5459125
2018-01-03 02:54:00,1506.5459125
2018-01-03 02:55:00,1506.5459125
2018-01-03 02:56:00,1517.19469827
2018-01-03 02:57:00,1527.84348405
2018-01-03 02:58:00,1527.84348405
2018-01-03 02:59:00,1527.84348405
2018-01-03 03:00:00,1538.49226982
2018-01-03 03:01:00,1527.84348405
2018-01-03 03:02:00,1527.84348405
2018-01-03 03:03:00,1538.49226982
2018-01-03 03:04:00,1549.1410556
2018-01-03 03:05:00,1549.1410556
2018-01-03 03:06:00,1549.1410556
2018-01-03 03:07:00,1549.1410556
2018-01-03 03:08:00,1549.1410556
2018-01-03 03:09:00,1549.1410556
2018-01-03 03:10:00,1549.1410556
2018-01-03 03:11:00,1549.1410556
2018-01-03 03:12:00,1549.1410556
2018-01-03 03:13:00,1549.1410556
2018-01-03 03:14:00,1549.1410556
2018-01-03 03:15:00,1549.1410556
2018-01-03 03:16:00,1549.1410556
2018-01-03 03:17:00,1549.1410556
2018-01-03 03:18:00,1549.1410556
2018-01-03 03:19:00,1549.1410556
2018-01-03 03:20:00,1549.1410556
2018-01-03 03:21:00,1549.1410556
2018-01-03 03:22:00,1559.78984137
2018-01-03 03:23:00,1559.78984137
2018-01-03 03:24:00,1549.1410556
2018-01-03 03:25:00,1559.78984137
2018-01-03 03:26:00,1559.78984137
2018-01-03 03:27:00,1527.84348405
2018-01-03 03:28:00,1549.1410556
2018-01-03 03:29:00,1549.1410556
2018-01-03 03:30:00,1570.43862715
2018-01-03 03:31:00,1570.43862715
2018-01-03 03:32:00,1570.43862715
2018-01-03 03:33:00,1570.43862715
2018-01-03 03:34:00,1570.43862715
2018-01-03 03:35:00,1581.08741292
2018-01-03 03:36:00,1581.08741292
2018-01-03 03:37:00,1591.7361987
2018-01-03 03:38:00,1591.7361987
2018-01-03 03:39:00,1591.7361987
2018-01-03 03:40:00,1591.7361987
2018-01-03 03:41:00,1559.78984137
2018-01-03 03:42:00,1559.78984137
2018-01-03 03:43:00,1570.43862715
2018-01-03 03:44:00,1570.43862715
2018-01-03 03:45:00,1549.1410556
2018-01-03 03:46:00,1559.78984137
2018-01-03 03:47:00,1559.78984137
2018-01-03 03:48:00,1559.78984137
2018-01-03 03:49:00,1559.78984137
2018-01-03 03:50:00,1559.78984137
2018-01-03 03:51:00,1559.78984137
2018-01-03 03:52:00,1559.78984137
2018-01-03 03:53:00,1559.78984137
2018-01-03 03:54:00,1549.1410556
2018-01-03 03:55:00,1559.78984137
2018-01-03 03:56:00,1570.43862715
2018-01-03 03:57:00,1570.43862715
2018-01-03 03:58:00,1581.08741292
2018-01-03 03:59:00,1581.08741292
2018-01-03 04:00:00,1581.08741292
2018-01-03 04:01:00,1581.08741292
2018-01-03 04:02:00,1570.43862715
2018-01-03 04:03:00,1581.08741292
2018-01-03 04:04:00,1570.43862715
2018-01-03 04:05:00,1581.08741292
2018-01-03 04:06:00,1581.08741292
2018-01-03 04:07:00,1581.08741292
2018-01-03 04:08:00,1581.08741292
2018-01-03 04:09:00,1581.08741292
2018-01-03 04:10:00,1581.08741292
2018-01-03 04:11:00,1581.08741292
2018-01-03 04:12:00,1581.08741292
2018-01-03 04:13:00,1581.08741292
2018-01-03 04:14:00,1581.08741292
2018-01-03 04:15:00,1581.08741292
2018-01-03 04:16:00,1591.7361987
2018-01-03 04:17:00,1581.08741292
2018-01-03 04:18:00,1613.03377025
2018-01-03 04:19:00,1634.3313418
2018-01-03 04:20:00,1623.68255602
2018-01-03 04:21:00,1623.68255602
2018-01-03 04:22:00,1623.68255602
2018-01-03 04:23:00,1644.98012757
2018-01-03 04:24:00,1634.3313418
2018-01-03 04:25:00,1634.3313418
2018-01-03 04:26:00,1634.3313418
2018-01-03 04:27:00,1634.3313418
2018-01-03 04:28:00,1613.03377025
2018-01-03 04:29:00,1634.3313418
2018-01-03 04:30:00,1634.3313418
2018-01-03 04:31:00,1634.3313418
2018-01-03 04:32:00,1634.3313418
2018-01-03 04:33:00,1634.3313418
2018-01-03 04:34:00,1644.98012757
2018-01-03 04:35:00,1634.3313418
2018-01-03 04:36:00,1634.3313418
2018-01-03 04:37:00,1634.3313418
2018-01-03 04:38:00,1634.3313418
2018-01-03 04:39:00,1634.3313418
2018-01-03 04:40:00,1634.3313418
2018-01-03 04:41:00,1634.3313418
2018-01-03 04:42:00,1634.3313418
2018-01-03 04:43:00,1634.3313418
2018-01-03 04:44:00,1623.68255602
2018-01-03 04:45:00,1623.68255602
2018-01-03 04:46:00,1623.68255602
2018-01-03 04:47:00,1634.3313418
2018-01-03 04:48:00,1634.3313418
2018-01-03 04:49:00,1644.98012757
2018-01-03 04:50:00,1644.98012757
2018-01-03 04:51:00,1644.98012757
2018-01-03 04:52:00,1644.98012757
2018-01-03 04:53:00,1644.98012757
2018-01-03 04:54:00,1644.98012757
2018-01-03 04:55:00,1644.98012757
2018-01-03 04:56:00,1655.62891335
2018-01-03 04:57:00,1655.62891335
2018-01-03 04:58:00,1655.62891335
2018-01-03 04:59:00,1655.62891335
2018-01-03 05:00:00,1655.62891335
2018-01-03 05:01:00,1655.62891335
2018-01-03 05:02:00,1666.27769912
2018-01-03 05:03:00,1708.87284222
2018-01-03 05:04:00,1708.87284222
2018-01-03 05:05:00,1698.22405645
2018-01-03 05:06:00,1698.22405645
2018-01-03 05:07:00,1698.22405645
2018-01-03 05:08:00,1698.22405645
2018-01-03 05:09:00,1698.22405645
2018-01-03 05:10:00,1698.22405645
2018-01-03 05:11:00,1698.22405645
2018-01-03 05:12:00,1698.22405645
2018-01-03 05:13:00,1676.9264849
2018-01-03 05:14:00,1676.9264849
2018-01-03 05:15:00,1655.62891335
2018-01-03 05:16:00,1698.22405645
2018-01-03 05:17:00,1698.22405645
2018-01-03 05:18:00,1698.22405645
2018-01-03 05:19:00,1687.57527067
2018-01-03 05:20:00,1687.57527067
2018-01-03 05:21:00,1708.87284222
2018-01-03 05:22:00,1708.87284222
2018-01-03 05:23:00,1698.22405645
2018-01-03 05:24:00,1698.22405645
2018-01-03 05:25:00,1698.22405645
2018-01-03 05:26:00,1708.87284222
2018-01-03 05:27:00,1708.87284222
2018-01-03 05:28:00,1708.87284222
2018-01-03 05:29:00,1708.87284222
2018-01-03 05:30:00,1708.87284222
2018-01-03 05:31:00,1708.87284222
2018-01-03 05:32:00,1708.87284222
2018-01-03 05:33:00,1708.87284222
2018-01-03 05:34:00,1708.87284222
2018-01-03 05:35:00,1708.87284222
2018-01-03 05:36:00,1708.87284222
2018-01-03 05:37:00,1687.57527067
2018-01-03 05:38:00,1655.62891335
2018-01-03 05:39:00,1666.27769912
2018-01-03 05:40:00,1634.3313418
2018-01-03 05:41:00,1634.3313418
2018-01-03 05:42:00,1655.62891335
2018-01-03 05:43:00,1655.62891335
2018-01-03 05:44:00,1655.62891335
2018-01-03 05:45:00,1655.62891335
2018-01-03 05:46:00,1655.62891335
2018-01-03 05:47:00,1655.62891335
2018-01-03 05:48:00,1655.62891335
2018-01-03 05:49:00,1655.62891335
2018-01-03 05:50:00,1655.62891335
2018-01-03 05:51:00,1655.62891335
2018-01-03 05:52:00,1655.62891335
2018-01-03 05:53:00,1666.27769912
2018-01-03 05:54:00,1676.9264849
2018-01-03 05:55:00,1676.9264849
2018-01-03 05:56:00,1676.9264849
2018-01-03 05:57:00,1655.62891335
2018-01-03 05:58:00,1666.27769912
2018-01-03 05:59:00,1655.62891335
2018-01-03 06:00:00,1655.62891335
2018-01-03 06:01:00,1655.62891335
2018-01-03 06:02:00,1634.3313418
2018-01-03 06:03:00,1634.3313418
2018-01-03 06:04:00,1634.3313418
2018-01-03 06:05:00,1634.3313418
2018-01-03 06:06:00,1634.3313418
2018-01-03 06:07:00,1634.3313418
2018-01-03 06:08:00,1634.3313418
2018-01-03 06:09:00,1644.98012757
2018-01-03 06:10:00,1644.98012757
2018-01-03 06:11:00,1655.62891335
2018-01-03 06:12:00,1655.62891335
2018-01-03 06:13:00,1666.27769912
2018-01-03 06:14:00,1666.27769912
2018-01-03 06:15:00,1655.62891335
2018-01-03 06:16:00,1666.27769912
2018-01-03 06:17:00,1655.62891335
2018-01-03 06:18:00,1634.3313418
2018-01-03 06:19:00,1634.3313418
2018-01-03 06:20:00,1644.98012757
2018-01-03 06:21:00,1644.98012757
2018-01-03 06:22:00,1655.62891335
2018-01-03 06:23:00,1644.98012757
2018-01-03 06:24:00,1655.62891335
2018-01-03 06:25:00,1655.62891335
2018-01-03 06:26:00,1655.62891335
2018-01-03 06:27:00,1655.62891335
2018-01-03 06:28:00,1655.62891335
2018-01-03 06:29:00,1655.62891335
2018-01-03 06:30:00,1655.62891335
2018-01-03 06:31:00,1698.22405645
2018-01-03 06:32:00,1666.27769912
2018-01-03 06:33:00,1676.9264849
2018-01-03 06:34:00,1655.62891335
2018-01-03 06:35:00,1698.22405645
2018-01-03 06:36:00,1698.22405645
2018-01-03 06:37:00,1676.9264849
2018-01-03 06:38:00,1676.9264849
2018-01-03 06:39:00,1676.9264849
2018-01-03 06:40:00,1676.9264849
2018-01-03 06:41:00,1676.9264849
2018-01-03 06:42:00,1687.57527067
2018-01-03 06:43:00,1698.22405645
2018-01-03 06:44:00,1698.22405645
2018-01-03 06:45:00,1687.57527067
2018-01-03 06:46:00,1687.57527067
2018-01-03 06:47:00,1687.57527067
2018-01-03 06:48:00,1698.22405645
2018-01-03 06:49:00,1698.22405645
2018-01-03 06:50:00,1698.22405645
2018-01-03 06:51:00,1687.57527067
2018-01-03 06:52:00,1687.57527067
2018-01-03 06:53:00,1698.22405645
2018-01-03 06:54:00,1698.22405645
2018-01-03 06:55:00,1698.22405645
2018-01-03 06:56:00,1676.9264849
2018-01-03 06:57:00,1698.22405645
2018-01-03 06:58:00,1676.9264849
2018-01-03 06:59:00,1698.22405645
2018-01-03 07:00:00,1698.22405645
2018-01-03 07:01:00,1698.22405645
2018-01-03 07:02:00,1698.22405645
2018-01-03 07:03:00,1698.22405645
2018-01-03 07:04:00,1698.22405645
2018-01-03 07:05:00,1698.22405645
2018-01-03 07:06:00,1698.22405645
2018-01-03 07:07:00,1698.22405645
2018-01-03 07:08:00,1698.22405645
2018-01-03 07:09:00,1698.22405645
2018-01-03 07:10:00,1698.22405645
2018-01-03 07:11:00,1698.22405645
2018-01-03 07:12:00,1698.22405645
2018-01-03 07:13:00,1698.22405645
2018-01-03 07:14:00,1698.22405645
2018-01-03 07:15:00,1698.22405645
2018-01-03 07:16:00,1698.22405645
2018-01-03 07:17:00,1687.57527067
2018-01-03 07:18:00,1687.57527067
2018-01-03 07:19:00,1708.87284222
2018-01-03 07:20:00,1708.87284222
2018-01-03 07:21:00,1708.87284222
2018-01-03 07:22:00,1719.521628
2018-01-03 07:23:00,1719.521628
2018-01-03 07:24:00,1719.521628
2018-01-03 07:25:00,1730.17041377
2018-01-03 07:26:00,1730.17041377
2018-01-03 07:27:00,1730.17041377
2018-01-03 07:28:00,1719.521628
2018-01-03 07:29:00,1719.521628
2018-01-03 07:30:00,1719.521628
2018-01-03 07:31:00,1730.17041377
2018-01-03 07:32:00,1730.17041377
2018-01-03 07:33:00,1730.17041377
2018-01-03 07:34:00,1740.81919955
2018-01-03 07:35:00,1740.81919955
2018-01-03 07:36:00,1740.81919955
2018-01-03 07:37:00,1740.81919955
2018-01-03 07:38:00,1751.46798532
2018-01-03 07:39:00,1751.46798532
2018-01-03 07:40:00,1751.46798532
2018-01-03 07:41:00,1751.46798532
2018-01-03 07:42:00,1740.81919955
2018-01-03 07:43:00,1740.81919955
2018-01-03 07:44:00,1698.22405645
2018-01-03 07:45:00,1708.87284222
2018-01-03 07:46:00,1708.87284222
2018-01-03 07:47:00,1708.87284222
2018-01-03 07:48:00,1708.87284222
2018-01-03 07:49:00,1698.22405645
2018-01-03 07:50:00,1698.22405645
2018-01-03 07:51:00,1698.22405645
2018-01-03 07:52:00,1698.22405645
2018-01-03 07:53:00,1719.521628
2018-01-03 07:54:00,1708.87284222
2018-01-03 07:55:00,1719.521628
2018-01-03 07:56:00,1719.521628
2018-01-03 07:57:00,1719.521628
2018-01-03 07:58:00,1719.521628
2018-01-03 07:59:00,1698.22405645
2018-01-03 08:00:00,1708.87284222
2018-01-03 08:01:00,1708.87284222
2018-01-03 08:02:00,1708.87284222
2018-01-03 08:03:00,1708.87284222
2018-01-03 08:04:00,1708.87284222
2018-01-03 08:05:00,1708.87284222
2018-01-03 08:06:00,1708.87284222
2018-01-03 08:07:00,1719.521628
2018-01-03 08:08:00,1719.521628
2018-01-03 08:09:00,1719.521628
2018-01-03 08:10:00,1708.87284222
2018-01-03 08:11:00,1708.87284222
2018-01-03 08:12:00,1708.87284222
2018-01-03 08:13:00,1708.87284222
2018-01-03 08:14:00,1708.87284222
2018-01-03 08:15:00,1708.87284222
2018-01-03 08:16:00,1708.87284222
2018-01-03 08:17:00,1708.87284222
2018-01-03 08:18:00,1708.87284222
2018-01-03 08:19:00,1698.22405645
2018-01-03 08:20:00,1708.87284222
2018-01-03 08:21:00,1708.87284222
2018-01-03 08:22:00,1708.87284222
2018-01-03 08:23:00,1708.87284222
2018-01-03 08:24:00,1708.87284222
2018-01-03 08:25:00,1708.87284222
2018-01-03 08:26:00,1708.87284222
2018-01-03 08:27:00,1719.521628
2018-01-03 08:28:00,1730.17041377
2018-01-03 08:29:00,1740.81919955
2018-01-03 08:30:00,1751.46798532
2018-01-03 08:31:00,1751.46798532
2018-01-03 08:32:00,1751.46798532
2018-01-03 08:33:00,1751.46798532
2018-01-03 08:34:00,1751.46798532
2018-01-03 08:35:00,1762.1167711
2018-01-03 08:36:00,1762.1167711
2018-01-03 08:37:00,1762.1167711
2018-01-03 08:38:00,1762.1167711
2018-01-03 08:39:00,1762.1167711
2018-01-03 08:40:00,1762.1167711
2018-01-03 08:41:00,1762.1167711
2018-01-03 08:42:00,1762.1167711
2018-01-03 08:43:00,1762.1167711
2018-01-03 08:44:00,1762.1167711
2018-01-03 08:45:00,1762.1167711
2018-01-03 08:46:00,1762.1167711
2018-01-03 08:47:00,1772.76555687
2018-01-03 08:48:00,1772.76555687
2018-01-03 08:49:00,1772.76555687
2018-01-03 08:50:00,1762.1167711
2018-01-03 08:51:00,1772.76555687
2018-01-03 08:52:00,1772.76555687
2018-01-03 08:53:00,1772.76555687
2018-01-03 08:54:00,1772.76555687
2018-01-03 08:55:00,1772.76555687
2018-01-03 08:56:00,1772.76555687
2018-01-03 08:57:00,1772.76555687
2018-01-03 08:58:00,1772.76555687
2018-01-03 08:59:00,1772.76555687
2018-01-03 09:00:00,1772.76555687
2018-01-03 09:01:00,1772.76555687
2018-01-03 09:02:00,1772.76555687
2018-01-03 09:03:00,1772.76555687
2018-01-03 09:04:00,1772.76555687
2018-01-03 09:05:00,1772.76555687
2018-01-03 09:06:00,1772.76555687
2018-01-03 09:07:00,1751.46798532
2018-01-03 09:08:00,1772.76555687
2018-01-03 09:09:00,1772.76555687
2018-01-03 09:10:00,1751.46798532
2018-01-03 09:11:00,1751.46798532
2018-01-03 09:12:00,1751.46798532
2018-01-03 09:13:00,1740.81919955
2018-01-03 09:14:00,1751.46798532
2018-01-03 09:15:00,1751.46798532
2018-01-03 09:16:00,1751.46798532
2018-01-03 09:17:00,1751.46798532
2018-01-03 09:18:00,1751.46798532
2018-01-03 09:19:00,1751.46798532
2018-01-03 09:20:00,1751.46798532
2018-01-03 09:21:00,1751.46798532
2018-01-03 09:22:00,1751.46798532
2018-01-03 09:23:00,1719.521628
2018-01-03 09:24:00,1708.87284222
2018-01-03 09:25:00,1719.521628
2018-01-03 09:26:00,1719.521628
2018-01-03 09:27:00,1719.521628
2018-01-03 09:28:00,1719.521628
2018-01-03 09:29:00,1708.87284222
2018-01-03 09:30:00,1708.87284222
2018-01-03 09:31:00,1687.57527067
2018-01-03 09:32:00,1687.57527067
2018-01-03 09:33:00,1698.22405645
2018-01-03 09:34:00,1698.22405645
2018-01-03 09:35:00,1698.22405645
2018-01-03 09:36:00,1708.87284222
2018-01-03 09:37:00,1708.87284222
2018-01-03 09:38:00,1708.87284222
2018-01-03 09:39:00,1708.87284222
2018-01-03 09:40:00,1730.17041377
2018-01-03 09:41:00,1730.17041377
2018-01-03 09:42:00,1730.17041377
2018-01-03 09:43:00,1730.17041377
2018-01-03 09:44:00,1740.81919955
2018-01-03 09:45:00,1740.81919955
2018-01-03 09:46:00,1740.81919955
2018-01-03 09:47:00,1740.81919955
2018-01-03 09:48:00,1740.81919955
2018-01-03 09:49:00,1740.81919955
2018-01-03 09:50:00,1751.46798532
2018-01-03 09:51:00,1751.46798532
2018-01-03 09:52:00,1751.46798532
2018-01-03 09:53:00,1751.46798532
2018-01-03 09:54:00,1751.46798532
2018-01-03 09:55:00,1740.81919955
2018-01-03 09:56:00,1751.46798532
2018-01-03 09:57:00,1751.46798532
2018-01-03 09:58:00,1783.41434265
2018-01-03 09:59:00,1783.41434265
2018-01-03 10:00:00,1794.06312842
2018-01-03 10:01:00,1794.06312842
2018-01-03 10:02:00,1794.06312842
2018-01-03 10:03:00,1794.06312842
2018-01-03 10:04:00,1794.06312842
2018-01-03 10:05:00,1772.76555687
2018-01-03 10:06:00,1772.76555687
2018-01-03 10:07:00,1772.76555687
2018-01-03 10:08:00,1772.76555687
2018-01-03 10:09:00,1772.76555687
2018-01-03 10:10:00,1772.76555687
2018-01-03 10:11:00,1783.41434265
2018-01-03 10:12:00,1794.06312842
2018-01-03 10:13:00,1794.06312842
2018-01-03 10:14:00,1794.06312842
2018-01-03 10:15:00,1794.06312842
2018-01-03 10:16:00,1794.06312842
2018-01-03 10:17:00,1794.06312842
2018-01-03 10:18:00,1794.06312842
2018-01-03 10:19:00,1794.06312842
2018-01-03 10:20:00,1794.06312842
2018-01-03 10:21:00,1783.41434265
2018-01-03 10:22:00,1783.41434265
2018-01-03 10:23:00,1783.41434265
2018-01-03 10:24:00,1783.41434265
2018-01-03 10:25:00,1783.41434265
2018-01-03 10:26:00,1804.7119142
2018-01-03 10:27:00,1804.7119142
2018-01-03 10:28:00,1804.7119142
2018-01-03 10:29:00,1794.06312842
2018-01-03 10:30:00,1794.06312842
2018-01-03 10:31:00,1804.7119142
2018-01-03 10:32:00,1804.7119142
2018-01-03 10:33:00,1804.7119142
2018-01-03 10:34:00,1804.7119142
2018-01-03 10:35:00,1804.7119142
2018-01-03 10:36:00,1804.7119142
2018-01-03 10:37:00,1804.7119142
2018-01-03 10:38:00,1815.36069997
2018-01-03 10:39:00,1815.36069997
2018-01-03 10:40:00,1815.36069997
2018-01-03 10:41:00,1815.36069997
2018-01-03 10:42:00,1815.36069997
2018-01-03 10:43:00,1815.36069997
2018-01-03 10:44:00,1815.36069997
2018-01-03 10:45:00,1815.36069997
2018-01-03 10:46:00,1826.00948575
2018-01-03 10:47:00,1826.00948575
2018-01-03 10:48:00,1826.00948575
2018-01-03 10:49:00,1826.00948575
2018-01-03 10:50:00,1836.65827152
2018-01-03 10:51:00,1847.3070573
2018-01-03 10:52:00,1847.3070573
2018-01-03 10:53:00,1836.65827152
2018-01-03 10:54:00,1836.65827152
2018-01-03 10:55:00,1857.95584307
2018-01-03 10:56:00,1857.95584307
2018-01-03 10:57:00,1857.95584307
2018-01-03 10:58:00,1857.95584307
2018-01-03 10:59:00,1847.3070573
2018-01-03 11:00:00,1847.3070573
2018-01-03 11:01:00,1847.3070573
2018-01-03 11:02:00,1847.3070573
2018-01-03 11:03:00,1879.25341462
2018-01-03 11:04:00,1879.25341462
2018-01-03 11:05:00,1879.25341462
2018-01-03 11:06:00,1879.25341462
2018-01-03 11:07:00,1879.25341462
2018-01-03 11:08:00,1836.65827152
2018-01-03 11:09:00,1836.65827152
2018-01-03 11:10:00,1815.36069997
2018-01-03 11:11:00,1815.36069997
2018-01-03 11:12:00,1815.36069997
2018-01-03 11:13:00,1815.36069997
2018-01-03 11:14:00,1815.36069997
2018-01-03 11:15:00,1815.36069997
2018-01-03 11:16:00,1815.36069997
2018-01-03 11:17:00,1815.36069997
2018-01-03 11:18:00,1815.36069997
2018-01-03 11:19:00,1804.7119142
2018-01-03 11:20:00,1804.7119142
2018-01-03 11:21:00,1804.7119142
2018-01-03 11:22:00,1804.7119142
2018-01-03 11:23:00,1804.7119142
2018-01-03 11:24:00,1804.7119142
2018-01-03 11:25:00,1804.7119142
2018-01-03 11:26:00,1804.7119142
2018-01-03 11:27:00,1804.7119142
2018-01-03 11:28:00,1804.7119142
2018-01-03 11:29:00,1804.7119142
2018-01-03 11:30:00,1804.7119142
2018-01-03 11:31:00,1804.7119142
2018-01-03 11:32:00,1804.7119142
2018-01-03 11:33:00,1804.7119142
2018-01-03 11:34:00,1804.7119142
2018-01-03 11:35:00,1804.7119142
2018-01-03 11:36:00,1804.7119142
2018-01-03 11:37:00,1804.7119142
2018-01-03 11:38:00,1815.36069997
2018-01-03 11:39:00,1815.36069997
2018-01-03 11:40:00,1815.36069997
2018-01-03 11:41:00,1804.7119142
2018-01-03 11:42:00,1815.36069997
2018-01-03 11:43:00,1815.36069997
2018-01-03 11:44:00,1815.36069997
2018-01-03 11:45:00,1815.36069997
2018-01-03 11:46:00,1804.7119142
2018-01-03 11:47:00,1804.7119142
2018-01-03 11:48:00,1815.36069997
2018-01-03 11:49:00,1815.36069997
2018-01-03 11:50:00,1815.36069997
2018-01-03 11:51:00,1815.36069997
2018-01-03 11:52:00,1815.36069997
2018-01-03 11:53:00,1815.36069997
2018-01-03 11:54:00,1815.36069997
2018-01-03 11:55:00,1826.00948575
2018-01-03 11:56:00,1815.36069997
2018-01-03 11:57:00,1815.36069997
2018-01-03 11:58:00,1815.36069997
2018-01-03 11:59:00,1815.36069997
2018-01-04 01:29:00,2113.52584977
2018-01-04 01:30:00,2113.52584977
2018-01-04 01:31:00,2113.52584977
2018-01-04 01:32:00,2113.52584977
2018-01-04 01:33:00,2113.52584977
2018-01-04 01:34:00,1708.87199032
2018-01-04 01:35:00,1708.87199032
2018-01-04 01:36:00,1708.87199032
2018-01-04 01:37:00,1708.87199032
2018-01-04 01:38:00,1708.87199032
2018-01-04 01:39:00,1708.87199032
2018-01-04 01:40:00,1698.22320455
2018-01-04 01:41:00,1698.22320455
2018-01-04 01:42:00,1698.22320455
2018-01-04 01:43:00,1698.22320455
2018-01-04 01:44:00,1698.22320455
2018-01-04 01:45:00,1698.22320455
2018-01-04 01:46:00,1698.22320455
2018-01-04 01:47:00,1698.22320455
2018-01-04 01:48:00,1698.22320455
2018-01-04 01:49:00,1698.22320455
2018-01-04 01:50:00,1719.5207761
2018-01-04 01:51:00,1719.5207761
2018-01-04 01:52:00,1708.87199032
2018-01-04 01:53:00,1698.22320455
2018-01-04 01:54:00,1698.22320455
2018-01-04 01:55:00,1719.5207761
2018-01-04 01:56:00,1719.5207761
2018-01-04 01:57:00,1708.87199032
2018-01-04 01:58:00,1708.87199032
2018-01-04 01:59:00,1708.87199032
2018-01-04 02:00:00,1698.22320455
2018-01-04 02:01:00,1698.22320455
2018-01-04 02:02:00,1708.87199032
2018-01-04 02:03:00,1708.87199032
2018-01-04 02:04:00,1708.87199032
2018-01-04 02:05:00,1719.5207761
2018-01-04 02:06:00,1719.5207761
2018-01-04 02:07:00,1719.5207761
2018-01-04 02:08:00,1719.5207761
2018-01-04 02:09:00,1719.5207761
2018-01-04 02:10:00,1719.5207761
2018-01-04 02:11:00,1719.5207761
2018-01-04 02:12:00,1698.22320455
2018-01-04 02:13:00,1698.22320455
2018-01-04 02:14:00,1687.57441877
2018-01-04 02:15:00,1687.57441877
2018-01-04 02:16:00,1676.925633
2018-01-04 02:17:00,1676.925633
2018-01-04 02:18:00,1676.925633
2018-01-04 02:19:00,1676.925633
2018-01-04 02:20:00,1676.925633
2018-01-04 02:21:00,1676.925633
2018-01-04 02:22:00,1655.62806145
2018-01-04 02:23:00,1655.62806145
2018-01-04 02:24:00,1644.97927567
2018-01-04 02:25:00,1655.62806145
2018-01-04 02:26:00,1655.62806145
2018-01-04 02:27:00,1644.97927567
2018-01-04 02:28:00,1655.62806145
2018-01-04 02:29:00,1623.68170412
2018-01-04 02:30:00,1623.68170412
2018-01-04 02:31:00,1623.68170412
2018-01-04 02:32:00,1623.68170412
2018-01-04 02:33:00,1623.68170412
2018-01-04 02:34:00,1623.68170412
2018-01-04 02:35:00,1623.68170412
2018-01-04 02:36:00,1623.68170412
2018-01-04 02:37:00,1623.68170412
2018-01-04 02:38:00,1634.3304899
2018-01-04 02:39:00,1655.62806145
2018-01-04 02:40:00,1655.62806145
2018-01-04 02:41:00,1644.97927567
2018-01-04 02:42:00,1644.97927567
2018-01-04 02:43:00,1644.97927567
2018-01-04 02:44:00,1655.62806145
2018-01-04 02:45:00,1655.62806145
2018-01-04 02:46:00,1655.62806145
2018-01-04 02:47:00,1644.97927567
2018-01-04 02:48:00,1644.97927567
2018-01-04 02:49:00,1676.925633
2018-01-04 02:50:00,1676.925633
2018-01-04 02:51:00,1676.925633
2018-01-04 02:52:00,1676.925633
2018-01-04 02:53:00,1676.925633
2018-01-04 02:54:00,1676.925633
2018-01-04 02:55:00,1676.925633
2018-01-04 02:56:00,1666.27684722
2018-01-04 02:57:00,1655.62806145
2018-01-04 02:58:00,1655.62806145
2018-01-04 02:59:00,1655.62806145
2018-01-04 03:00:00,1634.3304899
2018-01-04 03:01:00,1634.3304899
2018-01-04 03:02:00,1655.62806145
2018-01-04 03:03:00,1655.62806145
2018-01-04 03:04:00,1676.925633
2018-01-04 03:05:00,1676.925633
2018-01-04 03:06:00,1676.925633
2018-01-04 03:07:00,1676.925633
2018-01-04 03:08:00,1655.62806145
2018-01-04 03:09:00,1655.62806145
2018-01-04 03:10:00,1655.62806145
2018-01-04 03:11:00,1655.62806145
2018-01-04 03:12:00,1666.27684722
2018-01-04 03:13:00,1666.27684722
2018-01-04 03:14:00,1666.27684722
2018-01-04 03:15:00,1666.27684722
2018-01-04 03:16:00,1666.27684722
2018-01-04 03:17:00,1687.57441877
2018-01-04 03:18:00,1676.925633
2018-01-04 03:19:00,1687.57441877
2018-01-04 03:20:00,1676.925633
2018-01-04 03:21:00,1676.925633
2018-01-04 03:22:00,1676.925633
2018-01-04 03:23:00,1687.57441877
2018-01-04 03:24:00,1687.57441877
2018-01-04 03:25:00,1719.5207761
2018-01-04 03:26:00,1666.27684722
2018-01-04 03:27:00,1655.62806145
2018-01-04 03:28:00,1676.925633
2018-01-04 03:29:00,1676.925633
2018-01-04 03:30:00,1655.62806145
2018-01-04 03:31:00,1655.62806145
2018-01-04 03:32:00,1666.27684722
2018-01-04 03:33:00,1666.27684722
2018-01-04 03:34:00,1666.27684722
2018-01-04 03:35:00,1655.62806145
2018-01-04 03:36:00,1655.62806145
2018-01-04 03:37:00,1655.62806145
2018-01-04 03:38:00,1655.62806145
2018-01-04 03:39:00,1655.62806145
2018-01-04 03:40:00,1655.62806145
2018-01-04 03:41:00,1655.62806145
2018-01-04 03:42:00,1666.27684722
2018-01-04 03:43:00,1655.62806145
2018-01-04 03:44:00,1655.62806145
2018-01-04 03:45:00,1666.27684722
2018-01-04 03:46:00,1666.27684722
2018-01-04 03:47:00,1666.27684722
2018-01-04 03:48:00,1666.27684722
2018-01-04 03:49:00,1666.27684722
2018-01-04 03:50:00,1655.62806145
2018-01-04 03:51:00,1666.27684722
2018-01-04 03:52:00,1676.925633
2018-01-04 03:53:00,1655.62806145
2018-01-04 03:54:00,1655.62806145
2018-01-04 03:55:00,1655.62806145
2018-01-04 03:56:00,1655.62806145
2018-01-04 03:57:00,1655.62806145
2018-01-04 03:58:00,1655.62806145
2018-01-04 03:59:00,1655.62806145
2018-01-04 04:00:00,1655.62806145
2018-01-04 04:01:00,1655.62806145
2018-01-04 04:02:00,1655.62806145
2018-01-04 04:03:00,1655.62806145
2018-01-04 04:04:00,1655.62806145
2018-01-04 04:05:00,1655.62806145
2018-01-04 04:06:00,1676.925633
2018-01-04 04:07:00,1676.925633
2018-01-04 04:08:00,1676.925633
2018-01-04 04:09:00,1666.27684722
2018-01-04 04:10:00,1687.57441877
2018-01-04 04:11:00,1687.57441877
2018-01-04 04:12:00,1687.57441877
2018-01-04 04:13:00,1698.22320455
2018-01-04 04:14:00,1698.22320455
2018-01-04 04:15:00,1698.22320455
2018-01-04 04:16:00,1698.22320455
2018-01-04 04:17:00,1687.57441877
2018-01-04 04:18:00,1687.57441877
2018-01-04 04:19:00,1687.57441877
2018-01-04 04:20:00,1698.22320455
2018-01-04 04:21:00,1698.22320455
2018-01-04 04:22:00,1676.925633
2018-01-04 04:23:00,1676.925633
2018-01-04 04:24:00,1676.925633
2018-01-04 04:25:00,1676.925633
2018-01-04 04:26:00,1676.925633
2018-01-04 04:27:00,1687.57441877
2018-01-04 04:28:00,1687.57441877
2018-01-04 04:29:00,1687.57441877
2018-01-04 04:30:00,1687.57441877
2018-01-04 04:31:00,1687.57441877
2018-01-04 04:32:00,1687.57441877
2018-01-04 04:33:00,1687.57441877
2018-01-04 04:34:00,1687.57441877
2018-01-04 04:35:00,1687.57441877
2018-01-04 04:36:00,1687.57441877
2018-01-04 04:37:00,1687.57441877
2018-01-04 04:38:00,1687.57441877
2018-01-04 04:39:00,1687.57441877
2018-01-04 04:40:00,1676.925633
2018-01-04 04:41:00,1676.925633
2018-01-04 04:42:00,1676.925633
2018-01-04 04:43:00,1676.925633
2018-01-04 04:44:00,1676.925633
2018-01-04 04:45:00,1676.925633
2018-01-04 04:46:00,1676.925633
2018-01-04 04:47:00,1676.925633
2018-01-04 04:48:00,1676.925633
2018-01-04 04:49:00,1676.925633
2018-01-04 04:50:00,1676.925633
2018-01-04 04:51:00,1676.925633
2018-01-04 04:52:00,1676.925633
2018-01-04 04:53:00,1676.925633
2018-01-04 04:54:00,1676.925633
2018-01-04 04:55:00,1676.925633
2018-01-04 04:56:00,1676.925633
2018-01-04 04:57:00,1676.925633
2018-01-04 04:58:00,1676.925633
2018-01-04 04:59:00,1698.22320455
2018-01-04 05:00:00,1698.22320455
2018-01-04 05:01:00,1708.87199032
2018-01-04 05:02:00,1708.87199032
2018-01-04 05:03:00,1708.87199032
2018-01-04 05:04:00,1708.87199032
2018-01-04 05:05:00,1708.87199032
2018-01-04 05:06:00,1708.87199032
2018-01-04 05:07:00,1708.87199032
2018-01-04 05:08:00,1708.87199032
2018-01-04 05:09:00,1708.87199032
2018-01-04 05:10:00,1708.87199032
2018-01-04 05:11:00,1708.87199032
2018-01-04 05:12:00,1708.87199032
2018-01-04 05:13:00,1708.87199032
2018-01-04 05:14:00,1708.87199032
2018-01-04 05:15:00,1708.87199032
2018-01-04 05:16:00,1708.87199032
2018-01-04 05:17:00,1708.87199032
2018-01-04 05:18:00,1708.87199032
2018-01-04 05:19:00,1708.87199032
2018-01-04 05:20:00,1708.87199032
2018-01-04 05:21:00,1708.87199032
2018-01-04 05:22:00,1708.87199032
2018-01-04 05:23:00,1708.87199032
2018-01-04 05:24:00,1708.87199032
2018-01-04 05:25:00,1708.87199032
2018-01-04 05:26:00,1708.87199032
2018-01-04 05:27:00,1708.87199032
2018-01-04 05:28:00,1708.87199032
2018-01-04 05:29:00,1708.87199032
2018-01-04 05:30:00,1708.87199032
2018-01-04 05:31:00,1708.87199032
2018-01-04 05:32:00,1708.87199032
2018-01-04 05:33:00,1708.87199032
2018-01-04 05:34:00,1708.87199032
2018-01-04 05:35:00,1708.87199032
2018-01-04 05:36:00,1708.87199032
2018-01-04 05:37:00,1708.87199032
2018-01-04 05:38:00,1708.87199032
2018-01-04 05:39:00,1708.87199032
2018-01-04 05:40:00,1708.87199032
2018-01-04 05:41:00,1708.87199032
2018-01-04 05:42:00,1708.87199032
2018-01-04 05:43:00,1687.57441877
2018-01-04 05:44:00,1687.57441877
2018-01-04 05:45:00,1698.22320455
2018-01-04 05:46:00,1698.22320455
2018-01-04 05:47:00,1698.22320455
2018-01-04 05:48:00,1708.87199032
2018-01-04 05:49:00,1708.87199032
2018-01-04 05:50:00,1708.87199032
2018-01-04 05:51:00,1708.87199032
2018-01-04 05:52:00,1708.87199032
2018-01-04 05:53:00,1676.925633
2018-01-04 05:54:00,1666.27684722
2018-01-04 05:55:00,1666.27684722
2018-01-04 05:56:00,1676.925633
2018-01-04 05:57:00,1666.27684722
2018-01-04 05:58:00,1666.27684722
2018-01-04 05:59:00,1666.27684722
2018-01-04 06:00:00,1666.27684722
2018-01-04 06:01:00,1666.27684722
2018-01-04 06:02:00,1666.27684722
2018-01-04 06:03:00,1666.27684722
2018-01-04 06:04:00,1666.27684722
2018-01-04 06:05:00,1666.27684722
2018-01-04 06:06:00,1666.27684722
2018-01-04 06:07:00,1666.27684722
2018-01-04 06:08:00,1666.27684722
2018-01-04 06:09:00,1666.27684722
2018-01-04 06:10:00,1666.27684722
2018-01-04 06:11:00,1666.27684722
2018-01-04 06:12:00,1666.27684722
2018-01-04 06:13:00,1666.27684722
2018-01-04 06:14:00,1676.925633
2018-01-04 06:15:00,1676.925633
2018-01-04 06:16:00,1676.925633
2018-01-04 06:17:00,1676.925633
2018-01-04 06:18:00,1676.925633
2018-01-04 06:19:00,1676.925633
2018-01-04 06:20:00,1676.925633
2018-01-04 06:21:00,1676.925633
2018-01-04 06:22:00,1676.925633
2018-01-04 06:23:00,1676.925633
2018-01-04 06:24:00,1676.925633
2018-01-04 06:25:00,1676.925633
2018-01-04 06:26:00,1676.925633
2018-01-04 06:27:00,1676.925633
2018-01-04 06:28:00,1676.925633
2018-01-04 06:29:00,1687.57441877
2018-01-04 06:30:00,1687.57441877
2018-01-04 06:31:00,1698.22320455
2018-01-04 06:32:00,1698.22320455
2018-01-04 06:33:00,1698.22320455
2018-01-04 06:34:00,1708.87199032
2018-01-04 06:35:00,1708.87199032
2018-01-04 06:36:00,1708.87199032
2018-01-04 06:37:00,1708.87199032
2018-01-04 06:38:00,1708.87199032
2018-01-04 06:39:00,1708.87199032
2018-01-04 06:40:00,1708.87199032
2018-01-04 06:41:00,1708.87199032
2018-01-04 06:42:00,1708.87199032
2018-01-04 06:43:00,1708.87199032
2018-01-04 06:44:00,1708.87199032
2018-01-04 06:45:00,1708.87199032
2018-01-04 06:46:00,1708.87199032
2018-01-04 06:47:00,1708.87199032
2018-01-04 06:48:00,1708.87199032
2018-01-04 06:49:00,1708.87199032
2018-01-04 06:50:00,1708.87199032
2018-01-04 06:51:00,1708.87199032
2018-01-04 06:52:00,1708.87199032
2018-01-04 06:53:00,1708.87199032
2018-01-04 06:54:00,1708.87199032
2018-01-04 06:55:00,1708.87199032
2018-01-04 06:56:00,1708.87199032
2018-01-04 06:57:00,1740.81834765
2018-01-04 06:58:00,1740.81834765
2018-01-04 06:59:00,1740.81834765
2018-01-04 07:00:00,1740.81834765
2018-01-04 07:01:00,1740.81834765
2018-01-04 07:02:00,1740.81834765
2018-01-04 07:03:00,1740.81834765
2018-01-04 07:04:00,1772.76470497
2018-01-04 07:05:00,1772.76470497
2018-01-04 07:06:00,1772.76470497
2018-01-04 07:07:00,1772.76470497
2018-01-04 07:08:00,1772.76470497
2018-01-04 07:09:00,1772.76470497
2018-01-04 07:10:00,1772.76470497
2018-01-04 07:11:00,1772.76470497
2018-01-04 07:12:00,1772.76470497
2018-01-04 07:13:00,1772.76470497
2018-01-04 07:14:00,1772.76470497
2018-01-04 07:15:00,1719.5207761
2018-01-04 07:16:00,1730.16956187
2018-01-04 07:17:00,1730.16956187
2018-01-04 07:18:00,1730.16956187
2018-01-04 07:19:00,1730.16956187
2018-01-04 07:20:00,1730.16956187
2018-01-04 07:21:00,1730.16956187
2018-01-04 07:22:00,1730.16956187
2018-01-04 07:23:00,1730.16956187
2018-01-04 07:24:00,1730.16956187
2018-01-04 07:25:00,1719.5207761
2018-01-04 07:26:00,1708.87199032
2018-01-04 07:27:00,1698.22320455
2018-01-04 07:28:00,1687.57441877
2018-01-04 07:29:00,1698.22320455
2018-01-04 07:30:00,1698.22320455
2018-01-04 07:31:00,1698.22320455
2018-01-04 07:32:00,1698.22320455
2018-01-04 07:33:00,1698.22320455
2018-01-04 07:34:00,1676.925633
2018-01-04 07:35:00,1698.22320455
2018-01-04 07:36:00,1698.22320455
2018-01-04 07:37:00,1676.925633
2018-01-04 07:38:00,1676.925633
2018-01-04 07:39:00,1676.925633
2018-01-04 07:40:00,1708.87199032
2018-01-04 07:41:00,1708.87199032
2018-01-04 07:42:00,1708.87199032
2018-01-04 07:43:00,1708.87199032
2018-01-04 07:44:00,1708.87199032
2018-01-04 07:45:00,1708.87199032
2018-01-04 07:46:00,1708.87199032
2018-01-04 07:47:00,1730.16956187
2018-01-04 07:48:00,1730.16956187
2018-01-04 07:49:00,1719.5207761
2018-01-04 07:50:00,1719.5207761
2018-01-04 07:51:00,1730.16956187
2018-01-04 07:52:00,1719.5207761
2018-01-04 07:53:00,1698.22320455
2018-01-04 07:54:00,1698.22320455
2018-01-04 07:55:00,1698.22320455
2018-01-04 07:56:00,1698.22320455
2018-01-04 07:57:00,1698.22320455
2018-01-04 07:58:00,1708.87199032
2018-01-04 07:59:00,1698.22320455
2018-01-04 08:00:00,1698.22320455
2018-01-04 08:01:00,1708.87199032
2018-01-04 08:02:00,1708.87199032
2018-01-04 08:03:00,1708.87199032
2018-01-04 08:04:00,1708.87199032
2018-01-04 08:05:00,1708.87199032
2018-01-04 08:06:00,1708.87199032
2018-01-04 08:07:00,1730.16956187
2018-01-04 08:08:00,1730.16956187
2018-01-04 08:09:00,1730.16956187
2018-01-04 08:10:00,1730.16956187
2018-01-04 08:11:00,1730.16956187
2018-01-04 08:12:00,1730.16956187
2018-01-04 08:13:00,1730.16956187
2018-01-04 08:14:00,1730.16956187
2018-01-04 08:15:00,1751.46713342
2018-01-04 08:16:00,1751.46713342
2018-01-04 08:17:00,1751.46713342
2018-01-04 08:18:00,1751.46713342
2018-01-04 08:19:00,1751.46713342
2018-01-04 08:20:00,1751.46713342
2018-01-04 08:21:00,1751.46713342
2018-01-04 08:22:00,1772.76470497
2018-01-04 08:23:00,1772.76470497
2018-01-04 08:24:00,1772.76470497
2018-01-04 08:25:00,1772.76470497
2018-01-04 08:26:00,1772.76470497
2018-01-04 08:27:00,1772.76470497
2018-01-04 08:28:00,1751.46713342
2018-01-04 08:29:00,1751.46713342
2018-01-04 08:30:00,1719.5207761
2018-01-04 08:31:00,1719.5207761
2018-01-04 08:32:00,1719.5207761
2018-01-04 08:33:00,1719.5207761
2018-01-04 08:34:00,1719.5207761
2018-01-04 08:35:00,1719.5207761
2018-01-04 08:36:00,1719.5207761
2018-01-04 08:37:00,1719.5207761
2018-01-04 08:38:00,1687.57441877
2018-01-04 08:39:00,1687.57441877
2018-01-04 08:40:00,1698.22320455
2018-01-04 08:41:00,1687.57441877
2018-01-04 08:42:00,1687.57441877
2018-01-04 08:43:00,1687.57441877
2018-01-04 08:44:00,1687.57441877
2018-01-04 08:45:00,1687.57441877
2018-01-04 08:46:00,1687.57441877
2018-01-04 08:47:00,1687.57441877
2018-01-04 08:48:00,1698.22320455
2018-01-04 08:49:00,1719.5207761
2018-01-04 08:50:00,1719.5207761
2018-01-04 08:51:00,1698.22320455
2018-01-04 08:52:00,1698.22320455
2018-01-04 08:53:00,1687.57441877
2018-01-04 08:54:00,1687.57441877
2018-01-04 08:55:00,1687.57441877
2018-01-04 08:56:00,1687.57441877
2018-01-04 08:57:00,1708.87199032
2018-01-04 08:58:00,1698.22320455
2018-01-04 08:59:00,1698.22320455
2018-01-04 09:00:00,1676.925633
2018-01-04 09:01:00,1676.925633
2018-01-04 09:02:00,1676.925633
2018-01-04 09:03:00,1676.925633
2018-01-04 09:04:00,1687.57441877
2018-01-04 09:05:00,1676.925633
2018-01-04 09:06:00,1676.925633
2018-01-04 09:07:00,1687.57441877
2018-01-04 09:08:00,1687.57441877
2018-01-04 09:09:00,1687.57441877
2018-01-04 09:10:00,1687.57441877
2018-01-04 09:11:00,1687.57441877
2018-01-04 09:12:00,1687.57441877
2018-01-04 09:13:00,1687.57441877
2018-01-04 09:14:00,1687.57441877
2018-01-04 09:15:00,1687.57441877
2018-01-04 09:16:00,1687.57441877
2018-01-04 09:17:00,1687.57441877
2018-01-04 09:18:00,1687.57441877
2018-01-04 09:19:00,1676.925633
2018-01-04 09:20:00,1676.925633
2018-01-04 09:21:00,1676.925633
2018-01-04 09:22:00,1676.925633
2018-01-04 09:23:00,1676.925633
2018-01-04 09:24:00,1676.925633
2018-01-04 09:25:00,1666.27684722
2018-01-04 09:26:00,1666.27684722
2018-01-04 09:27:00,1666.27684722
2018-01-04 09:28:00,1676.925633
2018-01-04 09:29:00,1676.925633
2018-01-04 09:30:00,1687.57441877
2018-01-04 09:31:00,1687.57441877
2018-01-04 09:32:00,1687.57441877
2018-01-04 09:33:00,1676.925633
2018-01-04 09:34:00,1676.925633
2018-01-04 09:35:00,1676.925633
2018-01-04 09:36:00,1676.925633
2018-01-04 09:37:00,1687.57441877
2018-01-04 09:38:00,1698.22320455
2018-01-04 09:39:00,1698.22320455
2018-01-04 09:40:00,1698.22320455
2018-01-04 09:41:00,1676.925633
2018-01-04 09:42:00,1676.925633
2018-01-04 09:43:00,1676.925633
2018-01-04 09:44:00,1676.925633
2018-01-04 09:45:00,1676.925633
2018-01-04 09:46:00,1676.925633
2018-01-04 09:47:00,1687.57441877
2018-01-04 09:48:00,1698.22320455
2018-01-04 09:49:00,1708.87199032
2018-01-04 09:50:00,1708.87199032
2018-01-04 09:51:00,1698.22320455
2018-01-04 09:52:00,1687.57441877
2018-01-04 09:53:00,1687.57441877
2018-01-04 09:54:00,1698.22320455
2018-01-04 09:55:00,1666.27684722
2018-01-04 09:56:00,1666.27684722
2018-01-04 09:57:00,1666.27684722
2018-01-04 09:58:00,1666.27684722
2018-01-04 09:59:00,1666.27684722
2018-01-04 10:00:00,1666.27684722
2018-01-04 10:01:00,1666.27684722
2018-01-04 10:02:00,1676.925633
2018-01-04 10:03:00,1666.27684722
2018-01-04 10:04:00,1666.27684722
2018-01-04 10:05:00,1666.27684722
2018-01-04 10:06:00,1666.27684722
2018-01-04 10:07:00,1666.27684722
2018-01-04 10:08:00,1666.27684722
2018-01-04 10:09:00,1666.27684722
2018-01-04 10:10:00,1666.27684722
2018-01-04 10:11:00,1666.27684722
2018-01-04 10:12:00,1666.27684722
2018-01-04 10:13:00,1666.27684722
2018-01-04 10:14:00,1676.925633
2018-01-04 10:15:00,1676.925633
2018-01-04 10:16:00,1676.925633
2018-01-04 10:17:00,1676.925633
2018-01-04 10:18:00,1687.57441877
2018-01-04 10:19:00,1676.925633
2018-01-04 10:20:00,1676.925633
2018-01-04 10:21:00,1676.925633
2018-01-04 10:22:00,1698.22320455
2018-01-04 10:23:00,1687.57441877
2018-01-04 10:24:00,1698.22320455
2018-01-04 10:25:00,1698.22320455
2018-01-04 10:26:00,1698.22320455
2018-01-04 10:27:00,1698.22320455
2018-01-04 10:28:00,1708.87199032
2018-01-04 10:29:00,1708.87199032
2018-01-04 10:30:00,1708.87199032
2018-01-04 10:31:00,1708.87199032
2018-01-04 10:32:00,1698.22320455
2018-01-04 10:33:00,1698.22320455
2018-01-04 10:34:00,1698.22320455
2018-01-04 10:35:00,1698.22320455
2018-01-04 10:36:00,1698.22320455
2018-01-04 10:37:00,1708.87199032
2018-01-04 10:38:00,1708.87199032
2018-01-04 10:39:00,1708.87199032
2018-01-04 10:40:00,1708.87199032
2018-01-04 10:41:00,1698.22320455
2018-01-04 10:42:00,1698.22320455
2018-01-04 10:43:00,1698.22320455
2018-01-04 10:44:00,1698.22320455
2018-01-04 10:45:00,1698.22320455
2018-01-04 10:46:00,1698.22320455
2018-01-04 10:47:00,1698.22320455
2018-01-04 10:48:00,1698.22320455
2018-01-04 10:49:00,1698.22320455
2018-01-04 10:50:00,1698.22320455
2018-01-04 10:51:00,1708.87199032
2018-01-04 10:52:00,1708.87199032
2018-01-04 10:53:00,1698.22320455
2018-01-04 10:54:00,1676.925633
2018-01-04 10:55:00,1676.925633
2018-01-04 10:56:00,1676.925633
2018-01-04 10:57:00,1676.925633
2018-01-04 10:58:00,1676.925633
2018-01-04 10:59:00,1687.57441877
2018-01-04 11:00:00,1687.57441877
2018-01-04 11:01:00,1687.57441877
2018-01-04 11:02:00,1687.57441877
2018-01-04 11:03:00,1687.57441877
2018-01-04 11:04:00,1698.22320455
2018-01-04 11:05:00,1698.22320455
2018-01-04 11:06:00,1687.57441877
2018-01-04 11:07:00,1687.57441877
2018-01-04 11:08:00,1687.57441877
2018-01-04 11:09:00,1687.57441877
2018-01-04 11:10:00,1687.57441877
2018-01-04 11:11:00,1687.57441877
2018-01-04 11:12:00,1698.22320455
2018-01-04 11:13:00,1698.22320455
2018-01-04 11:14:00,1698.22320455
2018-01-04 11:15:00,1698.22320455
2018-01-04 11:16:00,1698.22320455
2018-01-04 11:17:00,1687.57441877
2018-01-04 11:18:00,1676.925633
2018-01-04 11:19:00,1676.925633
2018-01-04 11:20:00,1687.57441877
2018-01-04 11:21:00,1666.27684722
2018-01-04 11:22:00,1666.27684722
2018-01-04 11:23:00,1666.27684722
2018-01-04 11:24:00,1666.27684722
2018-01-04 11:25:00,1666.27684722
2018-01-04 11:26:00,1666.27684722
2018-01-04 11:27:00,1666.27684722
2018-01-04 11:28:00,1666.27684722
2018-01-04 11:29:00,1666.27684722
2018-01-04 11:30:00,1666.27684722
2018-01-04 11:31:00,1666.27684722
2018-01-04 11:32:00,1687.57441877
2018-01-04 11:33:00,1687.57441877
2018-01-04 11:34:00,1687.57441877
2018-01-04 11:35:00,1687.57441877
2018-01-04 11:36:00,1666.27684722
2018-01-04 11:37:00,1666.27684722
2018-01-04 11:38:00,1666.27684722
2018-01-04 11:39:00,1687.57441877
2018-01-04 11:40:00,1687.57441877
2018-01-04 11:41:00,1687.57441877
2018-01-04 11:42:00,1687.57441877
2018-01-04 11:43:00,1687.57441877
2018-01-04 11:44:00,1687.57441877
2018-01-04 11:45:00,1687.57441877
2018-01-04 11:46:00,1687.57441877
2018-01-04 11:47:00,1687.57441877
2018-01-04 11:48:00,1708.87199032
2018-01-04 11:49:00,1708.87199032
2018-01-04 11:50:00,1708.87199032
2018-01-04 11:51:00,1719.5207761
2018-01-04 11:52:00,1730.16956187
2018-01-04 11:53:00,1730.16956187
2018-01-04 11:54:00,1730.16956187
2018-01-04 11:55:00,1730.16956187
2018-01-04 11:56:00,1730.16956187
2018-01-04 11:57:00,1730.16956187
2018-01-04 11:58:00,1730.16956187
2018-01-04 11:59:00,1719.5207761
2018-01-05 01:29:00,1676.925633
2018-01-05 01:30:00,1676.925633
2018-01-05 01:31:00,1676.925633
2018-01-05 01:32:00,1676.925633
2018-01-05 01:33:00,1676.925633
2018-01-05 01:34:00,1676.925633
2018-01-05 01:35:00,1676.925633
2018-01-05 01:36:00,1676.925633
2018-01-05 01:37:00,1676.925633
2018-01-05 01:38:00,1676.925633
2018-01-05 01:39:00,1676.925633
2018-01-05 01:40:00,1676.925633
2018-01-05 01:41:00,1676.925633
2018-01-05 01:42:00,1676.925633
2018-01-05 01:43:00,1676.925633
2018-01-05 01:44:00,1676.925633
2018-01-05 01:45:00,1676.925633
2018-01-05 01:46:00,1676.925633
2018-01-05 01:47:00,1676.925633
2018-01-05 01:48:00,1676.925633
2018-01-05 01:49:00,1676.925633
2018-01-05 01:50:00,1676.925633
2018-01-05 01:51:00,1676.925633
2018-01-05 01:52:00,1676.925633
2018-01-05 01:53:00,1676.925633
2018-01-05 01:54:00,1666.27684722
2018-01-05 01:55:00,1666.27684722
2018-01-05 01:56:00,1666.27684722
2018-01-05 01:57:00,1666.27684722
2018-01-05 01:58:00,1666.27684722
2018-01-05 01:59:00,1666.27684722
2018-01-05 02:00:00,1676.925633
2018-01-05 02:01:00,1644.97927567
2018-01-05 02:02:00,1613.03291835
2018-01-05 02:03:00,1613.03291835
2018-01-05 02:04:00,1623.68170412
2018-01-05 02:05:00,1623.68170412
2018-01-05 02:06:00,1623.68170412
2018-01-05 02:07:00,1623.68170412
2018-01-05 02:08:00,1613.03291835
2018-01-05 02:09:00,1613.03291835
2018-01-05 02:10:00,1623.68170412
2018-01-05 02:11:00,1634.3304899
2018-01-05 02:12:00,1634.3304899
2018-01-05 02:13:00,1634.3304899
2018-01-05 02:14:00,1623.68170412
2018-01-05 02:15:00,1623.68170412
2018-01-05 02:16:00,1623.68170412
2018-01-05 02:17:00,1623.68170412
2018-01-05 02:18:00,1623.68170412
2018-01-05 02:19:00,1623.68170412
2018-01-05 02:20:00,1623.68170412
2018-01-05 02:21:00,1623.68170412
2018-01-05 02:22:00,1623.68170412
2018-01-05 02:23:00,1623.68170412
2018-01-05 02:24:00,1623.68170412
2018-01-05 02:25:00,1623.68170412
2018-01-05 02:26:00,1623.68170412
2018-01-05 02:27:00,1634.3304899
2018-01-05 02:28:00,1634.3304899
2018-01-05 02:29:00,1644.97927567
2018-01-05 02:30:00,1655.62806145
2018-01-05 02:31:00,1655.62806145
2018-01-05 02:32:00,1655.62806145
2018-01-05 02:33:00,1655.62806145
2018-01-05 02:34:00,1655.62806145
2018-01-05 02:35:00,1655.62806145
2018-01-05 02:36:00,1655.62806145
2018-01-05 02:37:00,1655.62806145
2018-01-05 02:38:00,1655.62806145
2018-01-05 02:39:00,1655.62806145
2018-01-05 02:40:00,1655.62806145
2018-01-05 02:41:00,1655.62806145
2018-01-05 02:42:00,1655.62806145
2018-01-05 02:43:00,1655.62806145
2018-01-05 02:44:00,1655.62806145
2018-01-05 02:45:00,1655.62806145
2018-01-05 02:46:00,1655.62806145
2018-01-05 02:47:00,1655.62806145
2018-01-05 02:48:00,1655.62806145
2018-01-05 02:49:00,1644.97927567
2018-01-05 02:50:00,1644.97927567
2018-01-05 02:51:00,1644.97927567
2018-01-05 02:52:00,1644.97927567
2018-01-05 02:53:00,1644.97927567
2018-01-05 02:54:00,1644.97927567
2018-01-05 02:55:00,1644.97927567
2018-01-05 02:56:00,1655.62806145
2018-01-05 02:57:00,1655.62806145
2018-01-05 02:58:00,1655.62806145
2018-01-05 02:59:00,1623.68170412
2018-01-05 03:00:00,1634.3304899
2018-01-05 03:01:00,1644.97927567
2018-01-05 03:02:00,1655.62806145
2018-01-05 03:03:00,1655.62806145
2018-01-05 03:04:00,1655.62806145
2018-01-05 03:05:00,1655.62806145
2018-01-05 03:06:00,1666.27684722
2018-01-05 03:07:00,1666.27684722
2018-01-05 03:08:00,1666.27684722
2018-01-05 03:09:00,1666.27684722
2018-01-05 03:10:00,1666.27684722
2018-01-05 03:11:00,1666.27684722
2018-01-05 03:12:00,1666.27684722
2018-01-05 03:13:00,1666.27684722
2018-01-05 03:14:00,1666.27684722
2018-01-05 03:15:00,1666.27684722
2018-01-05 03:16:00,1666.27684722
2018-01-05 03:17:00,1698.22320455
2018-01-05 03:18:00,1687.57441877
2018-01-05 03:19:00,1666.27684722
2018-01-05 03:20:00,1676.925633
2018-01-05 03:21:00,1676.925633
2018-01-05 03:22:00,1676.925633
2018-01-05 03:23:00,1687.57441877
2018-01-05 03:24:00,1687.57441877
2018-01-05 03:25:00,1687.57441877
2018-01-05 03:26:00,1687.57441877
2018-01-05 03:27:00,1666.27684722
2018-01-05 03:28:00,1666.27684722
2018-01-05 03:29:00,1666.27684722
2018-01-05 03:30:00,1666.27684722
2018-01-05 03:31:00,1666.27684722
2018-01-05 03:32:00,1666.27684722
2018-01-05 03:33:00,1698.22320455
2018-01-05 03:34:00,1698.22320455
2018-01-05 03:35:00,1698.22320455
2018-01-05 03:36:00,1698.22320455
2018-01-05 03:37:00,1698.22320455
2018-01-05 03:38:00,1698.22320455
2018-01-05 03:39:00,1698.22320455
2018-01-05 03:40:00,1698.22320455
2018-01-05 03:41:00,1687.57441877
2018-01-05 03:42:00,1676.925633
2018-01-05 03:43:00,1676.925633
2018-01-05 03:44:00,1676.925633
2018-01-05 03:45:00,1676.925633
2018-01-05 03:46:00,1676.925633
2018-01-05 03:47:00,1676.925633
2018-01-05 03:48:00,1666.27684722
2018-01-05 03:49:00,1666.27684722
2018-01-05 03:50:00,1666.27684722
2018-01-05 03:51:00,1666.27684722
2018-01-05 03:52:00,1676.925633
2018-01-05 03:53:00,1676.925633
2018-01-05 03:54:00,1676.925633
2018-01-05 03:55:00,1676.925633
2018-01-05 03:56:00,1676.925633
2018-01-05 03:57:00,1676.925633
2018-01-05 03:58:00,1676.925633
2018-01-05 03:59:00,1676.925633
2018-01-05 04:00:00,1666.27684722
2018-01-05 04:01:00,1666.27684722
2018-01-05 04:02:00,1666.27684722
2018-01-05 04:03:00,1666.27684722
2018-01-05 04:04:00,1666.27684722
2018-01-05 04:05:00,1666.27684722
2018-01-05 04:06:00,1666.27684722
2018-01-05 04:07:00,1666.27684722
2018-01-05 04:08:00,1666.27684722
2018-01-05 04:09:00,1644.97927567
2018-01-05 04:10:00,1655.62806145
2018-01-05 04:11:00,1666.27684722
2018-01-05 04:12:00,1666.27684722
2018-01-05 04:13:00,1644.97927567
2018-01-05 04:14:00,1655.62806145
2018-01-05 04:15:00,1655.62806145
2018-01-05 04:16:00,1655.62806145
2018-01-05 04:17:00,1655.62806145
2018-01-05 04:18:00,1655.62806145
2018-01-05 04:19:00,1666.27684722
2018-01-05 04:20:00,1655.62806145
2018-01-05 04:21:00,1655.62806145
2018-01-05 04:22:00,1655.62806145
2018-01-05 04:23:00,1655.62806145
2018-01-05 04:24:00,1655.62806145
2018-01-05 04:25:00,1655.62806145
2018-01-05 04:26:00,1655.62806145
2018-01-05 04:27:00,1655.62806145
2018-01-05 04:28:00,1655.62806145
2018-01-05 04:29:00,1655.62806145
2018-01-05 04:30:00,1655.62806145
2018-01-05 04:31:00,1655.62806145
2018-01-05 04:32:00,1655.62806145
2018-01-05 04:33:00,1655.62806145
2018-01-05 04:34:00,1655.62806145
2018-01-05 04:35:00,1655.62806145
2018-01-05 04:36:00,1655.62806145
2018-01-05 04:37:00,1655.62806145
2018-01-05 04:38:00,1655.62806145
2018-01-05 04:39:00,1655.62806145
2018-01-05 04:40:00,1655.62806145
2018-01-05 04:41:00,1655.62806145
2018-01-05 04:42:00,1655.62806145
2018-01-05 04:43:00,1655.62806145
2018-01-05 04:44:00,1655.62806145
2018-01-05 04:45:00,1655.62806145
2018-01-05 04:46:00,1655.62806145
2018-01-05 04:47:00,1655.62806145
2018-01-05 04:48:00,1655.62806145
2018-01-05 04:49:00,1655.62806145
2018-01-05 04:50:00,1655.62806145
2018-01-05 04:51:00,1666.27684722
2018-01-05 04:52:00,1666.27684722
2018-01-05 04:53:00,1666.27684722
2018-01-05 04:54:00,1655.62806145
2018-01-05 04:55:00,1655.62806145
2018-01-05 04:56:00,1655.62806145
2018-01-05 04:57:00,1634.3304899
2018-01-05 04:58:00,1634.3304899
2018-01-05 04:59:00,1634.3304899
2018-01-05 05:00:00,1634.3304899
2018-01-05 05:01:00,1634.3304899
2018-01-05 05:02:00,1634.3304899
2018-01-05 05:03:00,1634.3304899
2018-01-05 05:04:00,1634.3304899
2018-01-05 05:05:00,1634.3304899
2018-01-05 05:06:00,1634.3304899
2018-01-05 05:07:00,1634.3304899
2018-01-05 05:08:00,1623.68170412
2018-01-05 05:09:00,1623.68170412
2018-01-05 05:10:00,1623.68170412
2018-01-05 05:11:00,1613.03291835
2018-01-05 05:12:00,1613.03291835
2018-01-05 05:13:00,1602.38413257
2018-01-05 05:14:00,1602.38413257
2018-01-05 05:15:00,1602.38413257
2018-01-05 05:16:00,1602.38413257
2018-01-05 05:17:00,1602.38413257
2018-01-05 05:18:00,1602.38413257
2018-01-05 05:19:00,1602.38413257
2018-01-05 05:20:00,1602.38413257
2018-01-05 05:21:00,1602.38413257
2018-01-05 05:22:00,1613.03291835
2018-01-05 05:23:00,1613.03291835
2018-01-05 05:24:00,1613.03291835
2018-01-05 05:25:00,1613.03291835
2018-01-05 05:26:00,1613.03291835
2018-01-05 05:27:00,1613.03291835
2018-01-05 05:28:00,1613.03291835
2018-01-05 05:29:00,1613.03291835
2018-01-05 05:30:00,1613.03291835
2018-01-05 05:31:00,1613.03291835
2018-01-05 05:32:00,1602.38413257
2018-01-05 05:33:00,1602.38413257
2018-01-05 05:34:00,1602.38413257
2018-01-05 05:35:00,1602.38413257
2018-01-05 05:36:00,1602.38413257
2018-01-05 05:37:00,1602.38413257
2018-01-05 05:38:00,1602.38413257
2018-01-05 05:39:00,1602.38413257
2018-01-05 05:40:00,1613.03291835
2018-01-05 05:41:00,1613.03291835
2018-01-05 05:42:00,1613.03291835
2018-01-05 05:43:00,1613.03291835
2018-01-05 05:44:00,1613.03291835
2018-01-05 05:45:00,1613.03291835
2018-01-05 05:46:00,1602.38413257
2018-01-05 05:47:00,1602.38413257
2018-01-05 05:48:00,1602.38413257
2018-01-05 05:49:00,1602.38413257
2018-01-05 05:50:00,1602.38413257
2018-01-05 05:51:00,1602.38413257
2018-01-05 05:52:00,1602.38413257
2018-01-05 05:53:00,1602.38413257
2018-01-05 05:54:00,1602.38413257
2018-01-05 05:55:00,1591.7353468
2018-01-05 05:56:00,1602.38413257
2018-01-05 05:57:00,1591.7353468
2018-01-05 05:58:00,1591.7353468
2018-01-05 05:59:00,1602.38413257
2018-01-05 06:00:00,1602.38413257
2018-01-05 06:01:00,1602.38413257
2018-01-05 06:02:00,1602.38413257
2018-01-05 06:03:00,1602.38413257
2018-01-05 06:04:00,1602.38413257
2018-01-05 06:05:00,1602.38413257
2018-01-05 06:06:00,1602.38413257
2018-01-05 06:07:00,1602.38413257
2018-01-05 06:08:00,1602.38413257
2018-01-05 06:09:00,1613.03291835
2018-01-05 06:10:00,1613.03291835
2018-01-05 06:11:00,1613.03291835
2018-01-05 06:12:00,1613.03291835
2018-01-05 06:13:00,1613.03291835
2018-01-05 06:14:00,1613.03291835
2018-01-05 06:15:00,1613.03291835
2018-01-05 06:16:00,1613.03291835
2018-01-05 06:17:00,1613.03291835
2018-01-05 06:18:00,1613.03291835
2018-01-05 06:19:00,1613.03291835
2018-01-05 06:20:00,1613.03291835
2018-01-05 06:21:00,1623.68170412
2018-01-05 06:22:00,1623.68170412
2018-01-05 06:23:00,1623.68170412
2018-01-05 06:24:00,1623.68170412
2018-01-05 06:25:00,1623.68170412
2018-01-05 06:26:00,1613.03291835
2018-01-05 06:27:00,1623.68170412
2018-01-05 06:28:00,1623.68170412
2018-01-05 06:29:00,1623.68170412
2018-01-05 06:30:00,1613.03291835
2018-01-05 06:31:00,1613.03291835
2018-01-05 06:32:00,1613.03291835
2018-01-05 06:33:00,1613.03291835
2018-01-05 06:34:00,1613.03291835
2018-01-05 06:35:00,1613.03291835
2018-01-05 06:36:00,1602.38413257
2018-01-05 06:37:00,1602.38413257
2018-01-05 06:38:00,1602.38413257
2018-01-05 06:39:00,1602.38413257
2018-01-05 06:40:00,1613.03291835
2018-01-05 06:41:00,1613.03291835
2018-01-05 06:42:00,1613.03291835
2018-01-05 06:43:00,1613.03291835
2018-01-05 06:44:00,1613.03291835
2018-01-05 06:45:00,1613.03291835
2018-01-05 06:46:00,1613.03291835
2018-01-05 06:47:00,1613.03291835
2018-01-05 06:48:00,1591.7353468
2018-01-05 06:49:00,1591.7353468
2018-01-05 06:50:00,1591.7353468
2018-01-05 06:51:00,1591.7353468
2018-01-05 06:52:00,1591.7353468
2018-01-05 06:53:00,1602.38413257
2018-01-05 06:54:00,1602.38413257
2018-01-05 06:55:00,1591.7353468
2018-01-05 06:56:00,1602.38413257
2018-01-05 06:57:00,1602.38413257
2018-01-05 06:58:00,1602.38413257
2018-01-05 06:59:00,1602.38413257
2018-01-05 07:00:00,1591.7353468
2018-01-05 07:01:00,1591.7353468
2018-01-05 07:02:00,1591.7353468
2018-01-05 07:03:00,1591.7353468
2018-01-05 07:04:00,1591.7353468
2018-01-05 07:05:00,1581.08656102
2018-01-05 07:06:00,1581.08656102
2018-01-05 07:07:00,1581.08656102
2018-01-05 07:08:00,1581.08656102
2018-01-05 07:09:00,1581.08656102
2018-01-05 07:10:00,1581.08656102
2018-01-05 07:11:00,1581.08656102
2018-01-05 07:12:00,1581.08656102
2018-01-05 07:13:00,1591.7353468
2018-01-05 07:14:00,1591.7353468
2018-01-05 07:15:00,1602.38413257
2018-01-05 07:16:00,1602.38413257
2018-01-05 07:17:00,1602.38413257
2018-01-05 07:18:00,1602.38413257
2018-01-05 07:19:00,1581.08656102
2018-01-05 07:20:00,1581.08656102
2018-01-05 07:21:00,1570.43777525
2018-01-05 07:22:00,1581.08656102
2018-01-05 07:23:00,1581.08656102
2018-01-05 07:24:00,1591.7353468
2018-01-05 07:25:00,1581.08656102
2018-01-05 07:26:00,1581.08656102
2018-01-05 07:27:00,1581.08656102
2018-01-05 07:28:00,1538.49141792
2018-01-05 07:29:00,1559.78898947
2018-01-05 07:30:00,1644.97927567
2018-01-05 07:31:00,1644.97927567
2018-01-05 07:32:00,1655.62806145
2018-01-05 07:33:00,1623.68170412
2018-01-05 07:34:00,1623.68170412
2018-01-05 07:35:00,1613.03291835
2018-01-05 07:36:00,1613.03291835
2018-01-05 07:37:00,1613.03291835
2018-01-05 07:38:00,1613.03291835
2018-01-05 07:39:00,1613.03291835
2018-01-05 07:40:00,1591.7353468
2018-01-05 07:41:00,1591.7353468
2018-01-05 07:42:00,1591.7353468
2018-01-05 07:43:00,1570.43777525
2018-01-05 07:44:00,1570.43777525
2018-01-05 07:45:00,1570.43777525
2018-01-05 07:46:00,1570.43777525
2018-01-05 07:47:00,1570.43777525
2018-01-05 07:48:00,1570.43777525
2018-01-05 07:49:00,1570.43777525
2018-01-05 07:50:00,1581.08656102
2018-01-05 07:51:00,1581.08656102
2018-01-05 07:52:00,1591.7353468
2018-01-05 07:53:00,1591.7353468
2018-01-05 07:54:00,1591.7353468
2018-01-05 07:55:00,1559.78898947
2018-01-05 07:56:00,1495.89627482
2018-01-05 07:57:00,1506.5450606
2018-01-05 07:58:00,1506.5450606
2018-01-05 07:59:00,1506.5450606
2018-01-05 08:00:00,1506.5450606
2018-01-05 08:01:00,1485.24748905
2018-01-05 08:02:00,1474.59870327
2018-01-05 08:03:00,1474.59870327
2018-01-05 08:04:00,1485.24748905
2018-01-05 08:05:00,1474.59870327
2018-01-05 08:06:00,1485.24748905
2018-01-05 08:07:00,1463.9499175
2018-01-05 08:08:00,1485.24748905
2018-01-05 08:09:00,1485.24748905
2018-01-05 08:10:00,1474.59870327
2018-01-05 08:11:00,1474.59870327
2018-01-05 08:12:00,1485.24748905
2018-01-05 08:13:00,1495.89627482
2018-01-05 08:14:00,1495.89627482
2018-01-05 08:15:00,1506.5450606
2018-01-05 08:16:00,1485.24748905
2018-01-05 08:17:00,1506.5450606
2018-01-05 08:18:00,1506.5450606
2018-01-05 08:19:00,1506.5450606
2018-01-05 08:20:00,1506.5450606
2018-01-05 08:21:00,1506.5450606
2018-01-05 08:22:00,1506.5450606
2018-01-05 08:23:00,1506.5450606
2018-01-05 08:24:00,1506.5450606
2018-01-05 08:25:00,1517.19384637
2018-01-05 08:26:00,1517.19384637
2018-01-05 08:27:00,1527.84263215
2018-01-05 08:28:00,1527.84263215
2018-01-05 08:29:00,1527.84263215
2018-01-05 08:30:00,1527.84263215
2018-01-05 08:31:00,1527.84263215
2018-01-05 08:32:00,1527.84263215
2018-01-05 08:33:00,1527.84263215
2018-01-05 08:34:00,1527.84263215
2018-01-05 08:35:00,1527.84263215
2018-01-05 08:36:00,1527.84263215
2018-01-05 08:37:00,1527.84263215
2018-01-05 08:38:00,1527.84263215
2018-01-05 08:39:00,1527.84263215
2018-01-05 08:40:00,1527.84263215
2018-01-05 08:41:00,1527.84263215
2018-01-05 08:42:00,1527.84263215
2018-01-05 08:43:00,1527.84263215
2018-01-05 08:44:00,1517.19384637
2018-01-05 08:45:00,1517.19384637
2018-01-05 08:46:00,1517.19384637
2018-01-05 08:47:00,1517.19384637
2018-01-05 08:48:00,1517.19384637
2018-01-05 08:49:00,1517.19384637
2018-01-05 08:50:00,1517.19384637
2018-01-05 08:51:00,1517.19384637
2018-01-05 08:52:00,1517.19384637
2018-01-05 08:53:00,1517.19384637
2018-01-05 08:54:00,1506.5450606
2018-01-05 08:55:00,1506.5450606
2018-01-05 08:56:00,1506.5450606
2018-01-05 08:57:00,1506.5450606
2018-01-05 08:58:00,1495.89627482
2018-01-05 08:59:00,1485.24748905
2018-01-05 09:00:00,1506.5450606
2018-01-05 09:01:00,1506.5450606
2018-01-05 09:02:00,1517.19384637
2018-01-05 09:03:00,1517.19384637
2018-01-05 09:04:00,1517.19384637
2018-01-05 09:05:00,1517.19384637
2018-01-05 09:06:00,1517.19384637
2018-01-05 09:07:00,1517.19384637
2018-01-05 09:08:00,1527.84263215
2018-01-05 09:09:00,1538.49141792
2018-01-05 09:10:00,1538.49141792
2018-01-05 09:11:00,1538.49141792
2018-01-05 09:12:00,1538.49141792
2018-01-05 09:13:00,1527.84263215
2018-01-05 09:14:00,1527.84263215
2018-01-05 09:15:00,1527.84263215
2018-01-05 09:16:00,1527.84263215
2018-01-05 09:17:00,1527.84263215
2018-01-05 09:18:00,1527.84263215
2018-01-05 09:19:00,1527.84263215
2018-01-05 09:20:00,1527.84263215
2018-01-05 09:21:00,1538.49141792
2018-01-05 09:22:00,1538.49141792
2018-01-05 09:23:00,1517.19384637
2018-01-05 09:24:00,1517.19384637
2018-01-05 09:25:00,1517.19384637
2018-01-05 09:26:00,1517.19384637
2018-01-05 09:27:00,1506.5450606
2018-01-05 09:28:00,1506.5450606
2018-01-05 09:29:00,1506.5450606
2018-01-05 09:30:00,1517.19384637
2018-01-05 09:31:00,1506.5450606
2018-01-05 09:32:00,1517.19384637
2018-01-05 09:33:00,1517.19384637
2018-01-05 09:34:00,1517.19384637
2018-01-05 09:35:00,1506.5450606
2018-01-05 09:36:00,1485.24748905
2018-01-05 09:37:00,1485.24748905
2018-01-05 09:38:00,1485.24748905
2018-01-05 09:39:00,1495.89627482
2018-01-05 09:40:00,1495.89627482
2018-01-05 09:41:00,1495.89627482
2018-01-05 09:42:00,1495.89627482
2018-01-05 09:43:00,1495.89627482
2018-01-05 09:44:00,1517.19384637
2018-01-05 09:45:00,1517.19384637
2018-01-05 09:46:00,1517.19384637
2018-01-05 09:47:00,1517.19384637
2018-01-05 09:48:00,1517.19384637
2018-01-05 09:49:00,1517.19384637
2018-01-05 09:50:00,1517.19384637
2018-01-05 09:51:00,1517.19384637
2018-01-05 09:52:00,1506.5450606
2018-01-05 09:53:00,1485.24748905
2018-01-05 09:54:00,1485.24748905
2018-01-05 09:55:00,1485.24748905
2018-01-05 09:56:00,1485.24748905
2018-01-05 09:57:00,1474.59870327
2018-01-05 09:58:00,1474.59870327
2018-01-05 09:59:00,1485.24748905
2018-01-05 10:00:00,1485.24748905
2018-01-05 10:01:00,1474.59870327
2018-01-05 10:02:00,1485.24748905
2018-01-05 10:03:00,1485.24748905
2018-01-05 10:04:00,1485.24748905
2018-01-05 10:05:00,1485.24748905
2018-01-05 10:06:00,1485.24748905
2018-01-05 10:07:00,1485.24748905
2018-01-05 10:08:00,1495.89627482
2018-01-05 10:09:00,1495.89627482
2018-01-05 10:10:00,1485.24748905
2018-01-05 10:11:00,1485.24748905
2018-01-05 10:12:00,1485.24748905
2018-01-05 10:13:00,1485.24748905
2018-01-05 10:14:00,1485.24748905
2018-01-05 10:15:00,1485.24748905
2018-01-05 10:16:00,1485.24748905
2018-01-05 10:17:00,1485.24748905
2018-01-05 10:18:00,1485.24748905
2018-01-05 10:19:00,1485.24748905
2018-01-05 10:20:00,1485.24748905
2018-01-05 10:21:00,1485.24748905
2018-01-05 10:22:00,1495.89627482
2018-01-05 10:23:00,1495.89627482
2018-01-05 10:24:00,1495.89627482
2018-01-05 10:25:00,1495.89627482
2018-01-05 10:26:00,1506.5450606
2018-01-05 10:27:00,1506.5450606
2018-01-05 10:28:00,1495.89627482
2018-01-05 10:29:00,1506.5450606
2018-01-05 10:30:00,1495.89627482
2018-01-05 10:31:00,1495.89627482
2018-01-05 10:32:00,1495.89627482
2018-01-05 10:33:00,1495.89627482
2018-01-05 10:34:00,1495.89627482
2018-01-05 10:35:00,1495.89627482
2018-01-05 10:36:00,1495.89627482
2018-01-05 10:37:00,1495.89627482
2018-01-05 10:38:00,1495.89627482
2018-01-05 10:39:00,1495.89627482
2018-01-05 10:40:00,1495.89627482
2018-01-05 10:41:00,1495.89627482
2018-01-05 10:42:00,1506.5450606
2018-01-05 10:43:00,1495.89627482
2018-01-05 10:44:00,1506.5450606
2018-01-05 10:45:00,1506.5450606
2018-01-05 10:46:00,1506.5450606
2018-01-05 10:47:00,1506.5450606
2018-01-05 10:48:00,1506.5450606
2018-01-05 10:49:00,1506.5450606
2018-01-05 10:50:00,1506.5450606
2018-01-05 10:51:00,1506.5450606
2018-01-05 10:52:00,1506.5450606
2018-01-05 10:53:00,1506.5450606
2018-01-05 10:54:00,1506.5450606
2018-01-05 10:55:00,1463.9499175
2018-01-05 10:56:00,1453.30113172
2018-01-05 10:57:00,1474.59870327
2018-01-05 10:58:00,1474.59870327
2018-01-05 10:59:00,1517.19384637
2018-01-05 11:00:00,1485.24748905
2018-01-05 11:01:00,1485.24748905
2018-01-05 11:02:00,1485.24748905
2018-01-05 11:03:00,1485.24748905
2018-01-05 11:04:00,1485.24748905
2018-01-05 11:05:00,1485.24748905
2018-01-05 11:06:00,1485.24748905
2018-01-05 11:07:00,1485.24748905
2018-01-05 11:08:00,1463.9499175
2018-01-05 11:09:00,1463.9499175
2018-01-05 11:10:00,1463.9499175
2018-01-05 11:11:00,1463.9499175
2018-01-05 11:12:00,1463.9499175
2018-01-05 11:13:00,1453.30113172
2018-01-05 11:14:00,1453.30113172
2018-01-05 11:15:00,1453.30113172
2018-01-05 11:16:00,1453.30113172
2018-01-05 11:17:00,1453.30113172
2018-01-05 11:18:00,1453.30113172
2018-01-05 11:19:00,1453.30113172
2018-01-05 11:20:00,1453.30113172
2018-01-05 11:21:00,1453.30113172
2018-01-05 11:22:00,1453.30113172
2018-01-05 11:23:00,1453.30113172
2018-01-05 11:24:00,1453.30113172
2018-01-05 11:25:00,1453.30113172
2018-01-05 11:26:00,1453.30113172
2018-01-05 11:27:00,1453.30113172
2018-01-05 11:28:00,1453.30113172
2018-01-05 11:29:00,1453.30113172
2018-01-05 11:30:00,1453.30113172
2018-01-05 11:31:00,1453.30113172
2018-01-05 11:32:00,1442.65234595
2018-01-05 11:33:00,1442.65234595
2018-01-05 11:34:00,1442.65234595
2018-01-05 11:35:00,1453.30113172
2018-01-05 11:36:00,1453.30113172
2018-01-05 11:37:00,1453.30113172
2018-01-05 11:38:00,1453.30113172
2018-01-05 11:39:00,1453.30113172
2018-01-05 11:40:00,1453.30113172
2018-01-05 11:41:00,1453.30113172
2018-01-05 11:42:00,1453.30113172
2018-01-05 11:43:00,1442.65234595
2018-01-05 11:44:00,1442.65234595
2018-01-05 11:45:00,1442.65234595
2018-01-05 11:46:00,1453.30113172
2018-01-05 11:47:00,1463.9499175
2018-01-05 11:48:00,1442.65234595
2018-01-05 11:49:00,1442.65234595
2018-01-05 11:50:00,1442.65234595
2018-01-05 11:51:00,1442.65234595
2018-01-05 11:52:00,1442.65234595
2018-01-05 11:53:00,1453.30113172
2018-01-05 11:54:00,1453.30113172
2018-01-05 11:55:00,1453.30113172
2018-01-05 11:56:00,1453.30113172
2018-01-05 11:57:00,1453.30113172
2018-01-05 11:58:00,1453.30113172
2018-01-05 11:59:00,1453.30113172
2018-01-08 01:34:00,1423.53946806
2018-01-08 01:35:00,1423.53946806
2018-01-08 01:36:00,1423.53946806
2018-01-08 01:37:00,1423.53946806
2018-01-08 01:38:00,1423.53946806
2018-01-08 01:39:00,1423.53946806
2018-01-08 01:40:00,1423.53946806
2018-01-08 01:41:00,1423.53946806
2018-01-08 01:42:00,1423.53946806
2018-01-08 01:43:00,1423.53946806
2018-01-08 01:44:00,1423.53946806
2018-01-08 01:45:00,1423.53946806
2018-01-08 01:46:00,1403.69915248
2018-01-08 01:47:00,1403.69915248
2018-01-08 01:48:00,1403.69915248
2018-01-08 01:49:00,1403.69915248
2018-01-08 01:50:00,1403.69915248
2018-01-08 01:51:00,1403.69915248
2018-01-08 01:52:00,1403.69915248
2018-01-08 01:53:00,1403.69915248
2018-01-08 01:54:00,1403.69915248
2018-01-08 01:55:00,1403.69915248
2018-01-08 01:56:00,1403.69915248
2018-01-08 01:57:00,1403.69915248
2018-01-08 01:58:00,1403.69915248
2018-01-08 01:59:00,1403.69915248
2018-01-08 02:00:00,1403.69915248
2018-01-08 02:01:00,1403.69915248
2018-01-08 02:02:00,1403.69915248
2018-01-08 02:03:00,1403.69915248
2018-01-08 02:04:00,1403.69915248
2018-01-08 02:05:00,1403.69915248
2018-01-08 02:06:00,1393.77899469
2018-01-08 02:07:00,1393.77899469
2018-01-08 02:08:00,1403.69915248
2018-01-08 02:09:00,1403.69915248
2018-01-08 02:10:00,1403.69915248
2018-01-08 02:11:00,1403.69915248
2018-01-08 02:12:00,1403.69915248
2018-01-08 02:13:00,1393.77899469
2018-01-08 02:14:00,1393.77899469
2018-01-08 02:15:00,1393.77899469
2018-01-08 02:16:00,1393.77899469
2018-01-08 02:17:00,1393.77899469
2018-01-08 02:18:00,1393.77899469
2018-01-08 02:19:00,1393.77899469
2018-01-08 02:20:00,1423.53946806
2018-01-08 02:21:00,1423.53946806
2018-01-08 02:22:00,1423.53946806
2018-01-08 02:23:00,1423.53946806
2018-01-08 02:24:00,1423.53946806
2018-01-08 02:25:00,1423.53946806
2018-01-08 02:26:00,1423.53946806
2018-01-08 02:27:00,1423.53946806
2018-01-08 02:28:00,1423.53946806
2018-01-08 02:29:00,1423.53946806
2018-01-08 02:30:00,1423.53946806
2018-01-08 02:31:00,1423.53946806
2018-01-08 02:32:00,1423.53946806
2018-01-08 02:33:00,1423.53946806
2018-01-08 02:34:00,1423.53946806
2018-01-08 02:35:00,1423.53946806
2018-01-08 02:36:00,1423.53946806
2018-01-08 02:37:00,1423.53946806
2018-01-08 02:38:00,1423.53946806
2018-01-08 02:39:00,1423.53946806
2018-01-08 02:40:00,1423.53946806
2018-01-08 02:41:00,1423.53946806
2018-01-08 02:42:00,1423.53946806
2018-01-08 02:43:00,1423.53946806
2018-01-08 02:44:00,1423.53946806
2018-01-08 02:45:00,1423.53946806
2018-01-08 02:46:00,1423.53946806
2018-01-08 02:47:00,1423.53946806
2018-01-08 02:48:00,1423.53946806
2018-01-08 02:49:00,1433.45962584
2018-01-08 02:50:00,1433.45962584
2018-01-08 02:51:00,1433.45962584
2018-01-08 02:52:00,1433.45962584
2018-01-08 02:53:00,1433.45962584
2018-01-08 02:54:00,1433.45962584
2018-01-08 02:55:00,1433.45962584
2018-01-08 02:56:00,1433.45962584
2018-01-08 02:57:00,1433.45962584
2018-01-08 02:58:00,1433.45962584
2018-01-08 02:59:00,1433.45962584
2018-01-08 03:00:00,1433.45962584
2018-01-08 03:01:00,1433.45962584
2018-01-08 03:02:00,1433.45962584
2018-01-08 03:03:00,1433.45962584
2018-01-08 03:04:00,1433.45962584
2018-01-08 03:05:00,1433.45962584
2018-01-08 03:06:00,1433.45962584
2018-01-08 03:07:00,1433.45962584
2018-01-08 03:08:00,1433.45962584
2018-01-08 03:09:00,1433.45962584
2018-01-08 03:10:00,1433.45962584
2018-01-08 03:11:00,1433.45962584
2018-01-08 03:12:00,1433.45962584
2018-01-08 03:13:00,1433.45962584
2018-01-08 03:14:00,1433.45962584
2018-01-08 03:15:00,1433.45962584
2018-01-08 03:16:00,1483.06041478
2018-01-08 03:17:00,1473.14025699
2018-01-08 03:18:00,1473.14025699
2018-01-08 03:19:00,1473.14025699
2018-01-08 03:20:00,1483.06041478
2018-01-08 03:21:00,1483.06041478
2018-01-08 03:22:00,1483.06041478
2018-01-08 03:23:00,1483.06041478
2018-01-08 03:24:00,1483.06041478
2018-01-08 03:25:00,1492.98057257
2018-01-08 03:26:00,1492.98057257
2018-01-08 03:27:00,1492.98057257
2018-01-08 03:28:00,1492.98057257
2018-01-08 03:29:00,1492.98057257
2018-01-08 03:30:00,1492.98057257
2018-01-08 03:31:00,1492.98057257
2018-01-08 03:32:00,1492.98057257
2018-01-08 03:33:00,1492.98057257
2018-01-08 03:34:00,1492.98057257
2018-01-08 03:35:00,1492.98057257
2018-01-08 03:36:00,1473.14025699
2018-01-08 03:37:00,1473.14025699
2018-01-08 03:38:00,1483.06041478
2018-01-08 03:39:00,1483.06041478
2018-01-08 03:40:00,1483.06041478
2018-01-08 03:41:00,1492.98057257
2018-01-08 03:42:00,1492.98057257
2018-01-08 03:43:00,1492.98057257
2018-01-08 03:44:00,1492.98057257
2018-01-08 03:45:00,1492.98057257
2018-01-08 03:46:00,1492.98057257
2018-01-08 03:47:00,1492.98057257
2018-01-08 03:48:00,1492.98057257
2018-01-08 03:49:00,1492.98057257
2018-01-08 03:50:00,1492.98057257
2018-01-08 03:51:00,1492.98057257
2018-01-08 03:52:00,1492.98057257
2018-01-08 03:53:00,1492.98057257
2018-01-08 03:54:00,1492.98057257
2018-01-08 03:55:00,1492.98057257
2018-01-08 03:56:00,1492.98057257
2018-01-08 03:57:00,1492.98057257
2018-01-08 03:58:00,1483.06041478
2018-01-08 03:59:00,1483.06041478
2018-01-08 04:00:00,1483.06041478
2018-01-08 04:01:00,1483.06041478
2018-01-08 04:02:00,1483.06041478
2018-01-08 04:03:00,1483.06041478
2018-01-08 04:04:00,1483.06041478
2018-01-08 04:05:00,1483.06041478
2018-01-08 04:06:00,1483.06041478
2018-01-08 04:07:00,1483.06041478
2018-01-08 04:08:00,1483.06041478
2018-01-08 04:09:00,1483.06041478
2018-01-08 04:10:00,1483.06041478
2018-01-08 04:11:00,1483.06041478
2018-01-08 04:12:00,1492.98057257
2018-01-08 04:13:00,1492.98057257
2018-01-08 04:14:00,1492.98057257
2018-01-08 04:15:00,1492.98057257
2018-01-08 04:16:00,1492.98057257
2018-01-08 04:17:00,1492.98057257
2018-01-08 04:18:00,1492.98057257
2018-01-08 04:19:00,1492.98057257
2018-01-08 04:20:00,1492.98057257
2018-01-08 04:21:00,1492.98057257
2018-01-08 04:22:00,1492.98057257
2018-01-08 04:23:00,1492.98057257
2018-01-08 04:24:00,1492.98057257
2018-01-08 04:25:00,1492.98057257
2018-01-08 04:26:00,1492.98057257
2018-01-08 04:27:00,1492.98057257
2018-01-08 04:28:00,1483.06041478
2018-01-08 04:29:00,1483.06041478
2018-01-08 04:30:00,1483.06041478
2018-01-08 04:31:00,1483.06041478
2018-01-08 04:32:00,1483.06041478
2018-01-08 04:33:00,1483.06041478
2018-01-08 04:34:00,1483.06041478
2018-01-08 04:35:00,1483.06041478
2018-01-08 04:36:00,1492.98057257
2018-01-08 04:37:00,1483.06041478
2018-01-08 04:38:00,1492.98057257
2018-01-08 04:39:00,1492.98057257
2018-01-08 04:40:00,1492.98057257
2018-01-08 04:41:00,1492.98057257
2018-01-08 04:42:00,1492.98057257
2018-01-08 04:43:00,1492.98057257
2018-01-08 04:44:00,1492.98057257
2018-01-08 04:45:00,1492.98057257
2018-01-08 04:46:00,1492.98057257
2018-01-08 04:47:00,1492.98057257
2018-01-08 04:48:00,1502.90073036
2018-01-08 04:49:00,1502.90073036
2018-01-08 04:50:00,1502.90073036
2018-01-08 04:51:00,1502.90073036
2018-01-08 04:52:00,1502.90073036
2018-01-08 04:53:00,1502.90073036
2018-01-08 04:54:00,1512.82088814
2018-01-08 04:55:00,1512.82088814
2018-01-08 04:56:00,1512.82088814
2018-01-08 04:57:00,1502.90073036
2018-01-08 04:58:00,1502.90073036
2018-01-08 04:59:00,1512.82088814
2018-01-08 05:00:00,1512.82088814
2018-01-08 05:01:00,1512.82088814
2018-01-08 05:02:00,1512.82088814
2018-01-08 05:03:00,1512.82088814
2018-01-08 05:04:00,1512.82088814
2018-01-08 05:05:00,1512.82088814
2018-01-08 05:06:00,1512.82088814
2018-01-08 05:07:00,1512.82088814
2018-01-08 05:08:00,1512.82088814
2018-01-08 05:09:00,1512.82088814
2018-01-08 05:10:00,1512.82088814
2018-01-08 05:11:00,1512.82088814
2018-01-08 05:12:00,1492.98057257
2018-01-08 05:13:00,1492.98057257
2018-01-08 05:14:00,1492.98057257
2018-01-08 05:15:00,1483.06041478
2018-01-08 05:16:00,1483.06041478
2018-01-08 05:17:00,1483.06041478
2018-01-08 05:18:00,1483.06041478
2018-01-08 05:19:00,1483.06041478
2018-01-08 05:20:00,1483.06041478
2018-01-08 05:21:00,1483.06041478
2018-01-08 05:22:00,1483.06041478
2018-01-08 05:23:00,1483.06041478
2018-01-08 05:24:00,1473.14025699
2018-01-08 05:25:00,1473.14025699
2018-01-08 05:26:00,1473.14025699
2018-01-08 05:27:00,1473.14025699
2018-01-08 05:28:00,1473.14025699
2018-01-08 05:29:00,1473.14025699
2018-01-08 05:30:00,1473.14025699
2018-01-08 05:31:00,1492.98057257
2018-01-08 05:32:00,1492.98057257
2018-01-08 05:33:00,1492.98057257
2018-01-08 05:34:00,1492.98057257
2018-01-08 05:35:00,1492.98057257
2018-01-08 05:36:00,1492.98057257
2018-01-08 05:37:00,1492.98057257
2018-01-08 05:38:00,1492.98057257
2018-01-08 05:39:00,1492.98057257
2018-01-08 05:40:00,1492.98057257
2018-01-08 05:41:00,1492.98057257
2018-01-08 05:42:00,1492.98057257
2018-01-08 05:43:00,1492.98057257
2018-01-08 05:44:00,1492.98057257
2018-01-08 05:45:00,1492.98057257
2018-01-08 05:46:00,1492.98057257
2018-01-08 05:47:00,1483.06041478
2018-01-08 05:48:00,1483.06041478
2018-01-08 05:49:00,1483.06041478
2018-01-08 05:50:00,1483.06041478
2018-01-08 05:51:00,1483.06041478
2018-01-08 05:52:00,1483.06041478
2018-01-08 05:53:00,1492.98057257
2018-01-08 05:54:00,1492.98057257
2018-01-08 05:55:00,1492.98057257
2018-01-08 05:56:00,1502.90073036
2018-01-08 05:57:00,1492.98057257
2018-01-08 05:58:00,1492.98057257
2018-01-08 05:59:00,1492.98057257
2018-01-08 06:00:00,1492.98057257
2018-01-08 06:01:00,1492.98057257
2018-01-08 06:02:00,1492.98057257
2018-01-08 06:03:00,1492.98057257
2018-01-08 06:04:00,1502.90073036
2018-01-08 06:05:00,1492.98057257
2018-01-08 06:06:00,1492.98057257
2018-01-08 06:07:00,1492.98057257
2018-01-08 06:08:00,1492.98057257
2018-01-08 06:09:00,1492.98057257
2018-01-08 06:10:00,1492.98057257
2018-01-08 06:11:00,1492.98057257
2018-01-08 06:12:00,1492.98057257
2018-01-08 06:13:00,1492.98057257
2018-01-08 06:14:00,1492.98057257
2018-01-08 06:15:00,1492.98057257
2018-01-08 06:16:00,1492.98057257
2018-01-08 06:17:00,1502.90073036
2018-01-08 06:18:00,1502.90073036
2018-01-08 06:19:00,1502.90073036
2018-01-08 06:20:00,1502.90073036
2018-01-08 06:21:00,1502.90073036
2018-01-08 06:22:00,1502.90073036
2018-01-08 06:23:00,1512.82088814
2018-01-08 06:24:00,1512.82088814
2018-01-08 06:25:00,1512.82088814
2018-01-08 06:26:00,1512.82088814
2018-01-08 06:27:00,1512.82088814
2018-01-08 06:28:00,1512.82088814
2018-01-08 06:29:00,1512.82088814
2018-01-08 06:30:00,1512.82088814
2018-01-08 06:31:00,1512.82088814
2018-01-08 06:32:00,1512.82088814
2018-01-08 06:33:00,1512.82088814
2018-01-08 06:34:00,1512.82088814
2018-01-08 06:35:00,1512.82088814
2018-01-08 06:36:00,1512.82088814
2018-01-08 06:37:00,1512.82088814
2018-01-08 06:38:00,1512.82088814
2018-01-08 06:39:00,1512.82088814
2018-01-08 06:40:00,1443.37978363
2018-01-08 06:41:00,1453.29994142
2018-01-08 06:42:00,1453.29994142
2018-01-08 06:43:00,1453.29994142
2018-01-08 06:44:00,1453.29994142
2018-01-08 06:45:00,1453.29994142
2018-01-08 06:46:00,1453.29994142
2018-01-08 06:47:00,1453.29994142
2018-01-08 06:48:00,1443.37978363
2018-01-08 06:49:00,1443.37978363
2018-01-08 06:50:00,1443.37978363
2018-01-08 06:51:00,1443.37978363
2018-01-08 06:52:00,1443.37978363
2018-01-08 06:53:00,1443.37978363
2018-01-08 06:54:00,1443.37978363
2018-01-08 06:55:00,1443.37978363
2018-01-08 06:56:00,1443.37978363
2018-01-08 06:57:00,1443.37978363
2018-01-08 06:58:00,1443.37978363
2018-01-08 06:59:00,1453.29994142
2018-01-08 07:00:00,1453.29994142
2018-01-08 07:01:00,1453.29994142
2018-01-08 07:02:00,1453.29994142
2018-01-08 07:03:00,1453.29994142
2018-01-08 07:04:00,1453.29994142
2018-01-08 07:05:00,1453.29994142
2018-01-08 07:06:00,1453.29994142
2018-01-08 07:07:00,1453.29994142
2018-01-08 07:08:00,1463.22009921
2018-01-08 07:09:00,1473.14025699
2018-01-08 07:10:00,1473.14025699
2018-01-08 07:11:00,1473.14025699
2018-01-08 07:12:00,1473.14025699
2018-01-08 07:13:00,1473.14025699
2018-01-08 07:14:00,1483.06041478
2018-01-08 07:15:00,1483.06041478
2018-01-08 07:16:00,1492.98057257
2018-01-08 07:17:00,1492.98057257
2018-01-08 07:18:00,1492.98057257
2018-01-08 07:19:00,1492.98057257
2018-01-08 07:20:00,1492.98057257
2018-01-08 07:21:00,1492.98057257
2018-01-08 07:22:00,1492.98057257
2018-01-08 07:23:00,1492.98057257
2018-01-08 07:24:00,1512.82088814
2018-01-08 07:25:00,1512.82088814
2018-01-08 07:26:00,1502.90073036
2018-01-08 07:27:00,1502.90073036
2018-01-08 07:28:00,1502.90073036
2018-01-08 07:29:00,1502.90073036
2018-01-08 07:30:00,1512.82088814
2018-01-08 07:31:00,1512.82088814
2018-01-08 07:32:00,1512.82088814
2018-01-08 07:33:00,1512.82088814
2018-01-08 07:34:00,1512.82088814
2018-01-08 07:35:00,1512.82088814
2018-01-08 07:36:00,1512.82088814
2018-01-08 07:37:00,1512.82088814
2018-01-08 07:38:00,1512.82088814
2018-01-08 07:39:00,1512.82088814
2018-01-08 07:40:00,1512.82088814
2018-01-08 07:41:00,1512.82088814
2018-01-08 07:42:00,1512.82088814
2018-01-08 07:43:00,1512.82088814
2018-01-08 07:44:00,1512.82088814
2018-01-08 07:45:00,1512.82088814
2018-01-08 07:46:00,1512.82088814
2018-01-08 07:47:00,1512.82088814
2018-01-08 07:48:00,1512.82088814
2018-01-08 07:49:00,1512.82088814
2018-01-08 07:50:00,1483.06041478
2018-01-08 07:51:00,1483.06041478
2018-01-08 07:52:00,1483.06041478
2018-01-08 07:53:00,1483.06041478
2018-01-08 07:54:00,1483.06041478
2018-01-08 07:55:00,1483.06041478
2018-01-08 07:56:00,1483.06041478
2018-01-08 07:57:00,1483.06041478
2018-01-08 07:58:00,1483.06041478
2018-01-08 07:59:00,1483.06041478
2018-01-08 08:00:00,1483.06041478
2018-01-08 08:01:00,1483.06041478
2018-01-08 08:02:00,1483.06041478
2018-01-08 08:03:00,1483.06041478
2018-01-08 08:04:00,1483.06041478
2018-01-08 08:05:00,1483.06041478
2018-01-08 08:06:00,1483.06041478
2018-01-08 08:07:00,1483.06041478
2018-01-08 08:08:00,1512.82088814
2018-01-08 08:09:00,1483.06041478
2018-01-08 08:10:00,1492.98057257
2018-01-08 08:11:00,1492.98057257
2018-01-08 08:12:00,1492.98057257
2018-01-08 08:13:00,1492.98057257
2018-01-08 08:14:00,1492.98057257
2018-01-08 08:15:00,1492.98057257
2018-01-08 08:16:00,1492.98057257
2018-01-08 08:17:00,1492.98057257
2018-01-08 08:18:00,1492.98057257
2018-01-08 08:19:00,1492.98057257
2018-01-08 08:20:00,1492.98057257
2018-01-08 08:21:00,1492.98057257
2018-01-08 08:22:00,1492.98057257
2018-01-08 08:23:00,1492.98057257
2018-01-08 08:24:00,1492.98057257
2018-01-08 08:25:00,1492.98057257
2018-01-08 08:26:00,1492.98057257
2018-01-08 08:27:00,1492.98057257
2018-01-08 08:28:00,1492.98057257
2018-01-08 08:29:00,1492.98057257
2018-01-08 08:30:00,1492.98057257
2018-01-08 08:31:00,1492.98057257
2018-01-08 08:32:00,1492.98057257
2018-01-08 08:33:00,1492.98057257
2018-01-08 08:34:00,1492.98057257
2018-01-08 08:35:00,1492.98057257
2018-01-08 08:36:00,1453.29994142
2018-01-08 08:37:00,1453.29994142
2018-01-08 08:38:00,1453.29994142
2018-01-08 08:39:00,1453.29994142
2018-01-08 08:40:00,1453.29994142
2018-01-08 08:41:00,1453.29994142
2018-01-08 08:42:00,1453.29994142
2018-01-08 08:43:00,1463.22009921
2018-01-08 08:44:00,1463.22009921
2018-01-08 08:45:00,1473.14025699
2018-01-08 08:46:00,1473.14025699
2018-01-08 08:47:00,1473.14025699
2018-01-08 08:48:00,1473.14025699
2018-01-08 08:49:00,1473.14025699
2018-01-08 08:50:00,1473.14025699
2018-01-08 08:51:00,1473.14025699
2018-01-08 08:52:00,1473.14025699
2018-01-08 08:53:00,1473.14025699
2018-01-08 08:54:00,1473.14025699
2018-01-08 08:55:00,1473.14025699
2018-01-08 08:56:00,1473.14025699
2018-01-08 08:57:00,1473.14025699
2018-01-08 08:58:00,1473.14025699
2018-01-08 08:59:00,1473.14025699
2018-01-08 09:00:00,1473.14025699
2018-01-08 09:01:00,1473.14025699
2018-01-08 09:02:00,1463.22009921
2018-01-08 09:03:00,1463.22009921
2018-01-08 09:04:00,1443.37978363
2018-01-08 09:05:00,1443.37978363
2018-01-08 09:06:00,1443.37978363
2018-01-08 09:07:00,1443.37978363
2018-01-08 09:08:00,1453.29994142
2018-01-08 09:09:00,1453.29994142
2018-01-08 09:10:00,1453.29994142
2018-01-08 09:11:00,1453.29994142
2018-01-08 09:12:00,1453.29994142
2018-01-08 09:13:00,1453.29994142
2018-01-08 09:14:00,1443.37978363
2018-01-08 09:15:00,1443.37978363
2018-01-08 09:16:00,1443.37978363
2018-01-08 09:17:00,1443.37978363
2018-01-08 09:18:00,1443.37978363
2018-01-08 09:19:00,1443.37978363
2018-01-08 09:20:00,1443.37978363
2018-01-08 09:21:00,1453.29994142
2018-01-08 09:22:00,1453.29994142
2018-01-08 09:23:00,1453.29994142
2018-01-08 09:24:00,1453.29994142
2018-01-08 09:25:00,1453.29994142
2018-01-08 09:26:00,1453.29994142
2018-01-08 09:27:00,1453.29994142
2018-01-08 09:28:00,1453.29994142
2018-01-08 09:29:00,1453.29994142
2018-01-08 09:30:00,1453.29994142
2018-01-08 09:31:00,1453.29994142
2018-01-08 09:32:00,1463.22009921
2018-01-08 09:33:00,1463.22009921
2018-01-08 09:34:00,1463.22009921
2018-01-08 09:35:00,1463.22009921
2018-01-08 09:36:00,1463.22009921
2018-01-08 09:37:00,1443.37978363
2018-01-08 09:38:00,1443.37978363
2018-01-08 09:39:00,1443.37978363
2018-01-08 09:40:00,1443.37978363
2018-01-08 09:41:00,1443.37978363
2018-01-08 09:42:00,1463.22009921
2018-01-08 09:43:00,1463.22009921
2018-01-08 09:44:00,1463.22009921
2018-01-08 09:45:00,1463.22009921
2018-01-08 09:46:00,1463.22009921
2018-01-08 09:47:00,1463.22009921
2018-01-08 09:48:00,1463.22009921
2018-01-08 09:49:00,1463.22009921
2018-01-08 09:50:00,1463.22009921
2018-01-08 09:51:00,1463.22009921
2018-01-08 09:52:00,1463.22009921
2018-01-08 09:53:00,1463.22009921
2018-01-08 09:54:00,1463.22009921
2018-01-08 09:55:00,1463.22009921
2018-01-08 09:56:00,1463.22009921
2018-01-08 09:57:00,1463.22009921
2018-01-08 09:58:00,1463.22009921
2018-01-08 09:59:00,1463.22009921
2018-01-08 10:00:00,1463.22009921
2018-01-08 10:01:00,1463.22009921
2018-01-08 10:02:00,1463.22009921
2018-01-08 10:03:00,1463.22009921
2018-01-08 10:04:00,1463.22009921
2018-01-08 10:05:00,1443.37978363
2018-01-08 10:06:00,1463.22009921
2018-01-08 10:07:00,1463.22009921
2018-01-08 10:08:00,1463.22009921
2018-01-08 10:09:00,1463.22009921
2018-01-08 10:10:00,1463.22009921
2018-01-08 10:11:00,1463.22009921
2018-01-08 10:12:00,1463.22009921
2018-01-08 10:13:00,1463.22009921
2018-01-08 10:14:00,1453.29994142
2018-01-08 10:15:00,1453.29994142
2018-01-08 10:16:00,1443.37978363
2018-01-08 10:17:00,1463.22009921
2018-01-08 10:18:00,1443.37978363
2018-01-08 10:19:00,1443.37978363
2018-01-08 10:20:00,1443.37978363
2018-01-08 10:21:00,1443.37978363
2018-01-08 10:22:00,1443.37978363
2018-01-08 10:23:00,1443.37978363
2018-01-08 10:24:00,1443.37978363
2018-01-08 10:25:00,1433.45962584
2018-01-08 10:26:00,1443.37978363
2018-01-08 10:27:00,1453.29994142
2018-01-08 10:28:00,1453.29994142
2018-01-08 10:29:00,1453.29994142
2018-01-08 10:30:00,1443.37978363
2018-01-08 10:31:00,1443.37978363
2018-01-08 10:32:00,1423.53946806
2018-01-08 10:33:00,1423.53946806
2018-01-08 10:34:00,1423.53946806
2018-01-08 10:35:00,1423.53946806
2018-01-08 10:36:00,1423.53946806
2018-01-08 10:37:00,1423.53946806
2018-01-08 10:38:00,1423.53946806
2018-01-08 10:39:00,1423.53946806
2018-01-08 10:40:00,1423.53946806
2018-01-08 10:41:00,1423.53946806
2018-01-08 10:42:00,1423.53946806
2018-01-08 10:43:00,1423.53946806
2018-01-08 10:44:00,1413.61931027
2018-01-08 10:45:00,1433.45962584
2018-01-08 10:46:00,1433.45962584
2018-01-08 10:47:00,1453.29994142
2018-01-08 10:48:00,1443.37978363
2018-01-08 10:49:00,1453.29994142
2018-01-08 10:50:00,1453.29994142
2018-01-08 10:51:00,1453.29994142
2018-01-08 10:52:00,1443.37978363
2018-01-08 10:53:00,1443.37978363
2018-01-08 10:54:00,1443.37978363
2018-01-08 10:55:00,1443.37978363
2018-01-08 10:56:00,1443.37978363
2018-01-08 10:57:00,1443.37978363
2018-01-08 10:58:00,1443.37978363
2018-01-08 10:59:00,1443.37978363
2018-01-08 11:00:00,1443.37978363
2018-01-08 11:01:00,1443.37978363
2018-01-08 11:02:00,1443.37978363
2018-01-08 11:03:00,1443.37978363
2018-01-08 11:04:00,1443.37978363
2018-01-08 11:05:00,1443.37978363
2018-01-08 11:06:00,1443.37978363
2018-01-08 11:07:00,1433.45962584
2018-01-08 11:08:00,1433.45962584
2018-01-08 11:09:00,1443.37978363
2018-01-08 11:10:00,1443.37978363
2018-01-08 11:11:00,1443.37978363
2018-01-08 11:12:00,1433.45962584
2018-01-08 11:13:00,1433.45962584
2018-01-08 11:14:00,1433.45962584
2018-01-08 11:15:00,1433.45962584
2018-01-08 11:16:00,1433.45962584
2018-01-08 11:17:00,1433.45962584
2018-01-08 11:18:00,1443.37978363
2018-01-08 11:19:00,1443.37978363
2018-01-08 11:20:00,1443.37978363
2018-01-08 11:21:00,1443.37978363
2018-01-08 11:22:00,1443.37978363
2018-01-08 11:23:00,1443.37978363
2018-01-08 11:24:00,1443.37978363
2018-01-08 11:25:00,1443.37978363
2018-01-08 11:26:00,1443.37978363
2018-01-08 11:27:00,1443.37978363
2018-01-08 11:28:00,1443.37978363
2018-01-08 11:29:00,1443.37978363
2018-01-08 11:30:00,1433.45962584
2018-01-08 11:31:00,1433.45962584
2018-01-08 11:32:00,1433.45962584
2018-01-08 11:33:00,1433.45962584
2018-01-08 11:34:00,1433.45962584
2018-01-08 11:35:00,1433.45962584
2018-01-08 11:36:00,1433.45962584
2018-01-08 11:37:00,1433.45962584
2018-01-08 11:38:00,1433.45962584
2018-01-08 11:39:00,1433.45962584
2018-01-08 11:40:00,1433.45962584
2018-01-08 11:41:00,1433.45962584
2018-01-08 11:42:00,1433.45962584
2018-01-08 11:43:00,1433.45962584
2018-01-08 11:44:00,1433.45962584
2018-01-08 11:45:00,1433.45962584
2018-01-08 11:46:00,1433.45962584
2018-01-08 11:47:00,1433.45962584
2018-01-08 11:48:00,1433.45962584
2018-01-08 11:49:00,1423.53946806
2018-01-08 11:50:00,1423.53946806
2018-01-08 11:51:00,1423.53946806
2018-01-08 11:52:00,1423.53946806
2018-01-08 11:53:00,1423.53946806
2018-01-08 11:54:00,1423.53946806
2018-01-08 11:55:00,1423.53946806
2018-01-08 11:56:00,1423.53946806
2018-01-08 11:57:00,1423.53946806
2018-01-08 11:58:00,1423.53946806
2018-01-08 11:59:00,1423.53946806
2018-01-09 01:29:00,1423.53867444
2018-01-09 01:30:00,1423.53867444
2018-01-09 01:31:00,1423.53867444
2018-01-09 01:32:00,1423.53867444
2018-01-09 01:33:00,1423.53867444
2018-01-09 01:34:00,1383.85804329
2018-01-09 01:35:00,1383.85804329
2018-01-09 01:36:00,1383.85804329
2018-01-09 01:37:00,1383.85804329
2018-01-09 01:38:00,1383.85804329
2018-01-09 01:39:00,1403.69835887
2018-01-09 01:40:00,1403.69835887
2018-01-09 01:41:00,1403.69835887
2018-01-09 01:42:00,1403.69835887
2018-01-09 01:43:00,1403.69835887
2018-01-09 01:44:00,1403.69835887
2018-01-09 01:45:00,1403.69835887
2018-01-09 01:46:00,1403.69835887
2018-01-09 01:47:00,1403.69835887
2018-01-09 01:48:00,1403.69835887
2018-01-09 01:49:00,1403.69835887
2018-01-09 01:50:00,1403.69835887
2018-01-09 01:51:00,1403.69835887
2018-01-09 01:52:00,1403.69835887
2018-01-09 01:53:00,1403.69835887
2018-01-09 01:54:00,1403.69835887
2018-01-09 01:55:00,1403.69835887
2018-01-09 01:56:00,1403.69835887
2018-01-09 01:57:00,1393.77820108
2018-01-09 01:58:00,1393.77820108
2018-01-09 01:59:00,1403.69835887
2018-01-09 02:00:00,1383.85804329
2018-01-09 02:01:00,1393.77820108
2018-01-09 02:02:00,1393.77820108
2018-01-09 02:03:00,1403.69835887
2018-01-09 02:04:00,1403.69835887
2018-01-09 02:05:00,1403.69835887
2018-01-09 02:06:00,1403.69835887
2018-01-09 02:07:00,1403.69835887
2018-01-09 02:08:00,1403.69835887
2018-01-09 02:09:00,1403.69835887
2018-01-09 02:10:00,1403.69835887
2018-01-09 02:11:00,1403.69835887
2018-01-09 02:12:00,1403.69835887
2018-01-09 02:13:00,1403.69835887
2018-01-09 02:14:00,1403.69835887
2018-01-09 02:15:00,1403.69835887
2018-01-09 02:16:00,1403.69835887
2018-01-09 02:17:00,1373.93788551
2018-01-09 02:18:00,1373.93788551
2018-01-09 02:19:00,1373.93788551
2018-01-09 02:20:00,1373.93788551
2018-01-09 02:21:00,1383.85804329
2018-01-09 02:22:00,1373.93788551
2018-01-09 02:23:00,1373.93788551
2018-01-09 02:24:00,1373.93788551
2018-01-09 02:25:00,1373.93788551
2018-01-09 02:26:00,1364.01772772
2018-01-09 02:27:00,1364.01772772
2018-01-09 02:28:00,1364.01772772
2018-01-09 02:29:00,1364.01772772
2018-01-09 02:30:00,1364.01772772
2018-01-09 02:31:00,1354.09756993
2018-01-09 02:32:00,1354.09756993
2018-01-09 02:33:00,1354.09756993
2018-01-09 02:34:00,1354.09756993
2018-01-09 02:35:00,1354.09756993
2018-01-09 02:36:00,1364.01772772
2018-01-09 02:37:00,1364.01772772
2018-01-09 02:38:00,1364.01772772
2018-01-09 02:39:00,1364.01772772
2018-01-09 02:40:00,1364.01772772
2018-01-09 02:41:00,1364.01772772
2018-01-09 02:42:00,1364.01772772
2018-01-09 02:43:00,1364.01772772
2018-01-09 02:44:00,1364.01772772
2018-01-09 02:45:00,1383.85804329
2018-01-09 02:46:00,1383.85804329
2018-01-09 02:47:00,1383.85804329
2018-01-09 02:48:00,1383.85804329
2018-01-09 02:49:00,1383.85804329
2018-01-09 02:50:00,1383.85804329
2018-01-09 02:51:00,1383.85804329
2018-01-09 02:52:00,1383.85804329
2018-01-09 02:53:00,1383.85804329
2018-01-09 02:54:00,1403.69835887
2018-01-09 02:55:00,1423.53867444
2018-01-09 02:56:00,1423.53867444
2018-01-09 02:57:00,1423.53867444
2018-01-09 02:58:00,1403.69835887
2018-01-09 02:59:00,1403.69835887
2018-01-09 03:00:00,1373.93788551
2018-01-09 03:01:00,1373.93788551
2018-01-09 03:02:00,1383.85804329
2018-01-09 03:03:00,1383.85804329
2018-01-09 03:04:00,1383.85804329
2018-01-09 03:05:00,1383.85804329
2018-01-09 03:06:00,1373.93788551
2018-01-09 03:07:00,1373.93788551
2018-01-09 03:08:00,1373.93788551
2018-01-09 03:09:00,1364.01772772
2018-01-09 03:10:00,1364.01772772
2018-01-09 03:11:00,1364.01772772
2018-01-09 03:12:00,1364.01772772
2018-01-09 03:13:00,1364.01772772
2018-01-09 03:14:00,1364.01772772
2018-01-09 03:15:00,1364.01772772
2018-01-09 03:16:00,1364.01772772
2018-01-09 03:17:00,1364.01772772
2018-01-09 03:18:00,1364.01772772
2018-01-09 03:19:00,1373.93788551
2018-01-09 03:20:00,1373.93788551
2018-01-09 03:21:00,1373.93788551
2018-01-09 03:22:00,1373.93788551
2018-01-09 03:23:00,1373.93788551
2018-01-09 03:24:00,1383.85804329
2018-01-09 03:25:00,1383.85804329
2018-01-09 03:26:00,1383.85804329
2018-01-09 03:27:00,1383.85804329
2018-01-09 03:28:00,1383.85804329
2018-01-09 03:29:00,1383.85804329
2018-01-09 03:30:00,1383.85804329
2018-01-09 03:31:00,1393.77820108
2018-01-09 03:32:00,1373.93788551
2018-01-09 03:33:00,1373.93788551
2018-01-09 03:34:00,1373.93788551
2018-01-09 03:35:00,1373.93788551
2018-01-09 03:36:00,1373.93788551
2018-01-09 03:37:00,1373.93788551
2018-01-09 03:38:00,1373.93788551
2018-01-09 03:39:00,1373.93788551
2018-01-09 03:40:00,1373.93788551
2018-01-09 03:41:00,1373.93788551
2018-01-09 03:42:00,1373.93788551
2018-01-09 03:43:00,1373.93788551
2018-01-09 03:44:00,1373.93788551
2018-01-09 03:45:00,1373.93788551
2018-01-09 03:46:00,1373.93788551
2018-01-09 03:47:00,1373.93788551
2018-01-09 03:48:00,1373.93788551
2018-01-09 03:49:00,1373.93788551
2018-01-09 03:50:00,1373.93788551
2018-01-09 03:51:00,1373.93788551
2018-01-09 03:52:00,1373.93788551
2018-01-09 03:53:00,1373.93788551
2018-01-09 03:54:00,1393.77820108
2018-01-09 03:55:00,1393.77820108
2018-01-09 03:56:00,1393.77820108
2018-01-09 03:57:00,1393.77820108
2018-01-09 03:58:00,1383.85804329
2018-01-09 03:59:00,1383.85804329
2018-01-09 04:00:00,1383.85804329
2018-01-09 04:01:00,1383.85804329
2018-01-09 04:02:00,1383.85804329
2018-01-09 04:03:00,1383.85804329
2018-01-09 04:04:00,1383.85804329
2018-01-09 04:05:00,1383.85804329
2018-01-09 04:06:00,1393.77820108
2018-01-09 04:07:00,1383.85804329
2018-01-09 04:08:00,1383.85804329
2018-01-09 04:09:00,1393.77820108
2018-01-09 04:10:00,1383.85804329
2018-01-09 04:11:00,1383.85804329
2018-01-09 04:12:00,1383.85804329
2018-01-09 04:13:00,1393.77820108
2018-01-09 04:14:00,1393.77820108
2018-01-09 04:15:00,1393.77820108
2018-01-09 04:16:00,1393.77820108
2018-01-09 04:17:00,1383.85804329
2018-01-09 04:18:00,1383.85804329
2018-01-09 04:19:00,1383.85804329
2018-01-09 04:20:00,1393.77820108
2018-01-09 04:21:00,1403.69835887
2018-01-09 04:22:00,1403.69835887
2018-01-09 04:23:00,1403.69835887
2018-01-09 04:24:00,1413.61851666
2018-01-09 04:25:00,1403.69835887
2018-01-09 04:26:00,1403.69835887
2018-01-09 04:27:00,1403.69835887
2018-01-09 04:28:00,1403.69835887
2018-01-09 04:29:00,1383.85804329
2018-01-09 04:30:00,1393.77820108
2018-01-09 04:31:00,1393.77820108
2018-01-09 04:32:00,1393.77820108
2018-01-09 04:33:00,1393.77820108
2018-01-09 04:34:00,1403.69835887
2018-01-09 04:35:00,1403.69835887
2018-01-09 04:36:00,1413.61851666
2018-01-09 04:37:00,1413.61851666
2018-01-09 04:38:00,1403.69835887
2018-01-09 04:39:00,1403.69835887
2018-01-09 04:40:00,1403.69835887
2018-01-09 04:41:00,1403.69835887
2018-01-09 04:42:00,1403.69835887
2018-01-09 04:43:00,1403.69835887
2018-01-09 04:44:00,1403.69835887
2018-01-09 04:45:00,1403.69835887
2018-01-09 04:46:00,1413.61851666
2018-01-09 04:47:00,1413.61851666
2018-01-09 04:48:00,1413.61851666
2018-01-09 04:49:00,1413.61851666
2018-01-09 04:50:00,1413.61851666
2018-01-09 04:51:00,1413.61851666
2018-01-09 04:52:00,1413.61851666
2018-01-09 04:53:00,1413.61851666
2018-01-09 04:54:00,1403.69835887
2018-01-09 04:55:00,1403.69835887
2018-01-09 04:56:00,1403.69835887
2018-01-09 04:57:00,1403.69835887
2018-01-09 04:58:00,1403.69835887
2018-01-09 04:59:00,1413.61851666
2018-01-09 05:00:00,1413.61851666
2018-01-09 05:01:00,1383.85804329
2018-01-09 05:02:00,1383.85804329
2018-01-09 05:03:00,1383.85804329
2018-01-09 05:04:00,1383.85804329
2018-01-09 05:05:00,1383.85804329
2018-01-09 05:06:00,1373.93788551
2018-01-09 05:07:00,1373.93788551
2018-01-09 05:08:00,1373.93788551
2018-01-09 05:09:00,1373.93788551
2018-01-09 05:10:00,1373.93788551
2018-01-09 05:11:00,1373.93788551
2018-01-09 05:12:00,1403.69835887
2018-01-09 05:13:00,1393.77820108
2018-01-09 05:14:00,1393.77820108
2018-01-09 05:15:00,1393.77820108
2018-01-09 05:16:00,1393.77820108
2018-01-09 05:17:00,1393.77820108
2018-01-09 05:18:00,1393.77820108
2018-01-09 05:19:00,1393.77820108
2018-01-09 05:20:00,1393.77820108
2018-01-09 05:21:00,1393.77820108
2018-01-09 05:22:00,1393.77820108
2018-01-09 05:23:00,1393.77820108
2018-01-09 05:24:00,1393.77820108
2018-01-09 05:25:00,1393.77820108
2018-01-09 05:26:00,1393.77820108
2018-01-09 05:27:00,1393.77820108
2018-01-09 05:28:00,1393.77820108
2018-01-09 05:29:00,1393.77820108
2018-01-09 05:30:00,1393.77820108
2018-01-09 05:31:00,1393.77820108
2018-01-09 05:32:00,1393.77820108
2018-01-09 05:33:00,1393.77820108
2018-01-09 05:34:00,1383.85804329
2018-01-09 05:35:00,1383.85804329
2018-01-09 05:36:00,1383.85804329
2018-01-09 05:37:00,1383.85804329
2018-01-09 05:38:00,1383.85804329
2018-01-09 05:39:00,1383.85804329
2018-01-09 05:40:00,1383.85804329
2018-01-09 05:41:00,1383.85804329
2018-01-09 05:42:00,1403.69835887
2018-01-09 05:43:00,1393.77820108
2018-01-09 05:44:00,1393.77820108
2018-01-09 05:45:00,1393.77820108
2018-01-09 05:46:00,1373.93788551
2018-01-09 05:47:00,1373.93788551
2018-01-09 05:48:00,1373.93788551
2018-01-09 05:49:00,1373.93788551
2018-01-09 05:50:00,1383.85804329
2018-01-09 05:51:00,1373.93788551
2018-01-09 05:52:00,1373.93788551
2018-01-09 05:53:00,1373.93788551
2018-01-09 05:54:00,1383.85804329
2018-01-09 05:55:00,1383.85804329
2018-01-09 05:56:00,1373.93788551
2018-01-09 05:57:00,1373.93788551
2018-01-09 05:58:00,1373.93788551
2018-01-09 05:59:00,1383.85804329
2018-01-09 06:00:00,1383.85804329
2018-01-09 06:01:00,1393.77820108
2018-01-09 06:02:00,1383.85804329
2018-01-09 06:03:00,1393.77820108
2018-01-09 06:04:00,1383.85804329
2018-01-09 06:05:00,1383.85804329
2018-01-09 06:06:00,1393.77820108
2018-01-09 06:07:00,1403.69835887
2018-01-09 06:08:00,1403.69835887
2018-01-09 06:09:00,1413.61851666
2018-01-09 06:10:00,1413.61851666
2018-01-09 06:11:00,1413.61851666
2018-01-09 06:12:00,1393.77820108
2018-01-09 06:13:00,1393.77820108
2018-01-09 06:14:00,1393.77820108
2018-01-09 06:15:00,1393.77820108
2018-01-09 06:16:00,1393.77820108
2018-01-09 06:17:00,1393.77820108
2018-01-09 06:18:00,1393.77820108
2018-01-09 06:19:00,1383.85804329
2018-01-09 06:20:00,1383.85804329
2018-01-09 06:21:00,1383.85804329
2018-01-09 06:22:00,1383.85804329
2018-01-09 06:23:00,1383.85804329
2018-01-09 06:24:00,1393.77820108
2018-01-09 06:25:00,1383.85804329
2018-01-09 06:26:00,1383.85804329
2018-01-09 06:27:00,1383.85804329
2018-01-09 06:28:00,1383.85804329
2018-01-09 06:29:00,1383.85804329
2018-01-09 06:30:00,1393.77820108
2018-01-09 06:31:00,1383.85804329
2018-01-09 06:32:00,1393.77820108
2018-01-09 06:33:00,1393.77820108
2018-01-09 06:34:00,1393.77820108
2018-01-09 06:35:00,1403.69835887
2018-01-09 06:36:00,1403.69835887
2018-01-09 06:37:00,1403.69835887
2018-01-09 06:38:00,1403.69835887
2018-01-09 06:39:00,1403.69835887
2018-01-09 06:40:00,1413.61851666
2018-01-09 06:41:00,1413.61851666
2018-01-09 06:42:00,1413.61851666
2018-01-09 06:43:00,1403.69835887
2018-01-09 06:44:00,1393.77820108
2018-01-09 06:45:00,1403.69835887
2018-01-09 06:46:00,1403.69835887
2018-01-09 06:47:00,1403.69835887
2018-01-09 06:48:00,1403.69835887
2018-01-09 06:49:00,1403.69835887
2018-01-09 06:50:00,1403.69835887
2018-01-09 06:51:00,1393.77820108
2018-01-09 06:52:00,1393.77820108
2018-01-09 06:53:00,1393.77820108
2018-01-09 06:54:00,1393.77820108
2018-01-09 06:55:00,1403.69835887
2018-01-09 06:56:00,1403.69835887
2018-01-09 06:57:00,1403.69835887
2018-01-09 06:58:00,1403.69835887
2018-01-09 06:59:00,1403.69835887
2018-01-09 07:00:00,1393.77820108
2018-01-09 07:01:00,1393.77820108
2018-01-09 07:02:00,1393.77820108
2018-01-09 07:03:00,1383.85804329
2018-01-09 07:04:00,1383.85804329
2018-01-09 07:05:00,1383.85804329
2018-01-09 07:06:00,1383.85804329
2018-01-09 07:07:00,1383.85804329
2018-01-09 07:08:00,1383.85804329
2018-01-09 07:09:00,1383.85804329
2018-01-09 07:10:00,1383.85804329
2018-01-09 07:11:00,1383.85804329
2018-01-09 07:12:00,1383.85804329
2018-01-09 07:13:00,1383.85804329
2018-01-09 07:14:00,1383.85804329
2018-01-09 07:15:00,1383.85804329
2018-01-09 07:16:00,1383.85804329
2018-01-09 07:17:00,1383.85804329
2018-01-09 07:18:00,1383.85804329
2018-01-09 07:19:00,1383.85804329
2018-01-09 07:20:00,1383.85804329
2018-01-09 07:21:00,1383.85804329
2018-01-09 07:22:00,1383.85804329
2018-01-09 07:23:00,1383.85804329
2018-01-09 07:24:00,1383.85804329
2018-01-09 07:25:00,1383.85804329
2018-01-09 07:26:00,1383.85804329
2018-01-09 07:27:00,1383.85804329
2018-01-09 07:28:00,1383.85804329
2018-01-09 07:29:00,1383.85804329
2018-01-09 07:30:00,1383.85804329
2018-01-09 07:31:00,1393.77820108
2018-01-09 07:32:00,1393.77820108
2018-01-09 07:33:00,1393.77820108
2018-01-09 07:34:00,1393.77820108
2018-01-09 07:35:00,1383.85804329
2018-01-09 07:36:00,1383.85804329
2018-01-09 07:37:00,1383.85804329
2018-01-09 07:38:00,1383.85804329
2018-01-09 07:39:00,1383.85804329
2018-01-09 07:40:00,1373.93788551
2018-01-09 07:41:00,1383.85804329
2018-01-09 07:42:00,1383.85804329
2018-01-09 07:43:00,1383.85804329
2018-01-09 07:44:00,1393.77820108
2018-01-09 07:45:00,1393.77820108
2018-01-09 07:46:00,1403.69835887
2018-01-09 07:47:00,1403.69835887
2018-01-09 07:48:00,1403.69835887
2018-01-09 07:49:00,1403.69835887
2018-01-09 07:50:00,1403.69835887
2018-01-09 07:51:00,1403.69835887
2018-01-09 07:52:00,1403.69835887
2018-01-09 07:53:00,1403.69835887
2018-01-09 07:54:00,1413.61851666
2018-01-09 07:55:00,1413.61851666
2018-01-09 07:56:00,1413.61851666
2018-01-09 07:57:00,1413.61851666
2018-01-09 07:58:00,1413.61851666
2018-01-09 07:59:00,1413.61851666
2018-01-09 08:00:00,1413.61851666
2018-01-09 08:01:00,1413.61851666
2018-01-09 08:02:00,1413.61851666
2018-01-09 08:03:00,1413.61851666
2018-01-09 08:04:00,1403.69835887
2018-01-09 08:05:00,1403.69835887
2018-01-09 08:06:00,1403.69835887
2018-01-09 08:07:00,1403.69835887
2018-01-09 08:08:00,1403.69835887
2018-01-09 08:09:00,1403.69835887
2018-01-09 08:10:00,1403.69835887
2018-01-09 08:11:00,1403.69835887
2018-01-09 08:12:00,1403.69835887
2018-01-09 08:13:00,1403.69835887
2018-01-09 08:14:00,1403.69835887
2018-01-09 08:15:00,1403.69835887
2018-01-09 08:16:00,1403.69835887
2018-01-09 08:17:00,1403.69835887
2018-01-09 08:18:00,1403.69835887
2018-01-09 08:19:00,1393.77820108
2018-01-09 08:20:00,1393.77820108
2018-01-09 08:21:00,1393.77820108
2018-01-09 08:22:00,1393.77820108
2018-01-09 08:23:00,1393.77820108
2018-01-09 08:24:00,1403.69835887
2018-01-09 08:25:00,1383.85804329
2018-01-09 08:26:00,1383.85804329
2018-01-09 08:27:00,1383.85804329
2018-01-09 08:28:00,1383.85804329
2018-01-09 08:29:00,1383.85804329
2018-01-09 08:30:00,1383.85804329
2018-01-09 08:31:00,1383.85804329
2018-01-09 08:32:00,1383.85804329
2018-01-09 08:33:00,1383.85804329
2018-01-09 08:34:00,1373.93788551
2018-01-09 08:35:00,1373.93788551
2018-01-09 08:36:00,1373.93788551
2018-01-09 08:37:00,1373.93788551
2018-01-09 08:38:00,1364.01772772
2018-01-09 08:39:00,1354.09756993
2018-01-09 08:40:00,1364.01772772
2018-01-09 08:41:00,1373.93788551
2018-01-09 08:42:00,1373.93788551
2018-01-09 08:43:00,1373.93788551
2018-01-09 08:44:00,1373.93788551
2018-01-09 08:45:00,1373.93788551
2018-01-09 08:46:00,1373.93788551
2018-01-09 08:47:00,1373.93788551
2018-01-09 08:48:00,1373.93788551
2018-01-09 08:49:00,1373.93788551
2018-01-09 08:50:00,1373.93788551
2018-01-09 08:51:00,1383.85804329
2018-01-09 08:52:00,1383.85804329
2018-01-09 08:53:00,1383.85804329
2018-01-09 08:54:00,1383.85804329
2018-01-09 08:55:00,1393.77820108
2018-01-09 08:56:00,1383.85804329
2018-01-09 08:57:00,1383.85804329
2018-01-09 08:58:00,1383.85804329
2018-01-09 08:59:00,1383.85804329
2018-01-09 09:00:00,1383.85804329
2018-01-09 09:01:00,1373.93788551
2018-01-09 09:02:00,1373.93788551
2018-01-09 09:03:00,1354.09756993
2018-01-09 09:04:00,1354.09756993
2018-01-09 09:05:00,1354.09756993
2018-01-09 09:06:00,1354.09756993
2018-01-09 09:07:00,1354.09756993
2018-01-09 09:08:00,1354.09756993
2018-01-09 09:09:00,1354.09756993
2018-01-09 09:10:00,1354.09756993
2018-01-09 09:11:00,1354.09756993
2018-01-09 09:12:00,1344.17741214
2018-01-09 09:13:00,1334.25725436
2018-01-09 09:14:00,1334.25725436
2018-01-09 09:15:00,1334.25725436
2018-01-09 09:16:00,1344.17741214
2018-01-09 09:17:00,1344.17741214
2018-01-09 09:18:00,1344.17741214
2018-01-09 09:19:00,1344.17741214
2018-01-09 09:20:00,1344.17741214
2018-01-09 09:21:00,1344.17741214
2018-01-09 09:22:00,1334.25725436
2018-01-09 09:23:00,1344.17741214
2018-01-09 09:24:00,1344.17741214
2018-01-09 09:25:00,1334.25725436
2018-01-09 09:26:00,1344.17741214
2018-01-09 09:27:00,1334.25725436
2018-01-09 09:28:00,1334.25725436
2018-01-09 09:29:00,1334.25725436
2018-01-09 09:30:00,1334.25725436
2018-01-09 09:31:00,1364.01772772
2018-01-09 09:32:00,1364.01772772
2018-01-09 09:33:00,1364.01772772
2018-01-09 09:34:00,1364.01772772
2018-01-09 09:35:00,1393.77820108
2018-01-09 09:36:00,1393.77820108
2018-01-09 09:37:00,1403.69835887
2018-01-09 09:38:00,1403.69835887
2018-01-09 09:39:00,1403.69835887
2018-01-09 09:40:00,1403.69835887
2018-01-09 09:41:00,1403.69835887
2018-01-09 09:42:00,1393.77820108
2018-01-09 09:43:00,1383.85804329
2018-01-09 09:44:00,1373.93788551
2018-01-09 09:45:00,1373.93788551
2018-01-09 09:46:00,1383.85804329
2018-01-09 09:47:00,1393.77820108
2018-01-09 09:48:00,1393.77820108
2018-01-09 09:49:00,1393.77820108
2018-01-09 09:50:00,1383.85804329
2018-01-09 09:51:00,1403.69835887
2018-01-09 09:52:00,1393.77820108
2018-01-09 09:53:00,1393.77820108
2018-01-09 09:54:00,1393.77820108
2018-01-09 09:55:00,1393.77820108
2018-01-09 09:56:00,1383.85804329
2018-01-09 09:57:00,1383.85804329
2018-01-09 09:58:00,1383.85804329
2018-01-09 09:59:00,1383.85804329
2018-01-09 10:00:00,1383.85804329
2018-01-09 10:01:00,1373.93788551
2018-01-09 10:02:00,1373.93788551
2018-01-09 10:03:00,1373.93788551
2018-01-09 10:04:00,1373.93788551
2018-01-09 10:05:00,1373.93788551
2018-01-09 10:06:00,1373.93788551
2018-01-09 10:07:00,1344.17741214
2018-01-09 10:08:00,1334.25725436
2018-01-09 10:09:00,1334.25725436
2018-01-09 10:10:00,1314.41693878
2018-01-09 10:11:00,1324.33709657
2018-01-09 10:12:00,1324.33709657
2018-01-09 10:13:00,1354.09756993
2018-01-09 10:14:00,1334.25725436
2018-01-09 10:15:00,1354.09756993
2018-01-09 10:16:00,1344.17741214
2018-01-09 10:17:00,1373.93788551
2018-01-09 10:18:00,1383.85804329
2018-01-09 10:19:00,1383.85804329
2018-01-09 10:20:00,1383.85804329
2018-01-09 10:21:00,1364.01772772
2018-01-09 10:22:00,1364.01772772
2018-01-09 10:23:00,1364.01772772
2018-01-09 10:24:00,1354.09756993
2018-01-09 10:25:00,1344.17741214
2018-01-09 10:26:00,1354.09756993
2018-01-09 10:27:00,1383.85804329
2018-01-09 10:28:00,1364.01772772
2018-01-09 10:29:00,1364.01772772
2018-01-09 10:30:00,1383.85804329
2018-01-09 10:31:00,1383.85804329
2018-01-09 10:32:00,1364.01772772
2018-01-09 10:33:00,1354.09756993
2018-01-09 10:34:00,1354.09756993
2018-01-09 10:35:00,1383.85804329
2018-01-09 10:36:00,1373.93788551
2018-01-09 10:37:00,1364.01772772
2018-01-09 10:38:00,1364.01772772
2018-01-09 10:39:00,1364.01772772
2018-01-09 10:40:00,1364.01772772
2018-01-09 10:41:00,1354.09756993
2018-01-09 10:42:00,1344.17741214
2018-01-09 10:43:00,1364.01772772
2018-01-09 10:44:00,1364.01772772
2018-01-09 10:45:00,1364.01772772
2018-01-09 10:46:00,1364.01772772
2018-01-09 10:47:00,1364.01772772
2018-01-09 10:48:00,1364.01772772
2018-01-09 10:49:00,1364.01772772
2018-01-09 10:50:00,1364.01772772
2018-01-09 10:51:00,1364.01772772
2018-01-09 10:52:00,1344.17741214
2018-01-09 10:53:00,1344.17741214
2018-01-09 10:54:00,1334.25725436
2018-01-09 10:55:00,1334.25725436
2018-01-09 10:56:00,1364.01772772
2018-01-09 10:57:00,1354.09756993
2018-01-09 10:58:00,1354.09756993
2018-01-09 10:59:00,1354.09756993
2018-01-09 11:00:00,1354.09756993
2018-01-09 11:01:00,1354.09756993
2018-01-09 11:02:00,1354.09756993
2018-01-09 11:03:00,1354.09756993
2018-01-09 11:04:00,1354.09756993
2018-01-09 11:05:00,1344.17741214
2018-01-09 11:06:00,1334.25725436
2018-01-09 11:07:00,1354.09756993
2018-01-09 11:08:00,1354.09756993
2018-01-09 11:09:00,1334.25725436
2018-01-09 11:10:00,1334.25725436
2018-01-09 11:11:00,1334.25725436
2018-01-09 11:12:00,1334.25725436
2018-01-09 11:13:00,1334.25725436
2018-01-09 11:14:00,1334.25725436
2018-01-09 11:15:00,1334.25725436
2018-01-09 11:16:00,1334.25725436
2018-01-09 11:17:00,1334.25725436
2018-01-09 11:18:00,1334.25725436
2018-01-09 11:19:00,1334.25725436
2018-01-09 11:20:00,1334.25725436
2018-01-09 11:21:00,1334.25725436
2018-01-09 11:22:00,1334.25725436
2018-01-09 11:23:00,1334.25725436
2018-01-09 11:24:00,1334.25725436
2018-01-09 11:25:00,1334.25725436
2018-01-09 11:26:00,1334.25725436
2018-01-09 11:27:00,1334.25725436
2018-01-09 11:28:00,1334.25725436
2018-01-09 11:29:00,1334.25725436
2018-01-09 11:30:00,1344.17741214
2018-01-09 11:31:00,1344.17741214
2018-01-09 11:32:00,1344.17741214
2018-01-09 11:33:00,1344.17741214
2018-01-09 11:34:00,1344.17741214
2018-01-09 11:35:00,1344.17741214
2018-01-09 11:36:00,1344.17741214
2018-01-09 11:37:00,1344.17741214
2018-01-09 11:38:00,1344.17741214
2018-01-09 11:39:00,1344.17741214
2018-01-09 11:40:00,1344.17741214
2018-01-09 11:41:00,1344.17741214
2018-01-09 11:42:00,1344.17741214
2018-01-09 11:43:00,1344.17741214
2018-01-09 11:44:00,1344.17741214
2018-01-09 11:45:00,1354.09756993
2018-01-09 11:46:00,1354.09756993
2018-01-09 11:47:00,1354.09756993
2018-01-09 11:48:00,1334.25725436
2018-01-09 11:49:00,1334.25725436
2018-01-09 11:50:00,1344.17741214
2018-01-09 11:51:00,1344.17741214
2018-01-09 11:52:00,1354.09756993
2018-01-09 11:53:00,1364.01772772
2018-01-09 11:54:00,1364.01772772
2018-01-09 11:55:00,1354.09756993
2018-01-09 11:56:00,1354.09756993
2018-01-09 11:57:00,1354.09756993
2018-01-09 11:58:00,1354.09756993
2018-01-09 11:59:00,1354.09756993
2018-01-10 01:29:00,1274.73551402
2018-01-10 01:30:00,1264.81535623
2018-01-10 01:31:00,1264.81535623
2018-01-10 01:32:00,1264.81535623
2018-01-10 01:33:00,1264.81535623
2018-01-10 01:34:00,1304.49598738
2018-01-10 01:35:00,1304.49598738
2018-01-10 01:36:00,1304.49598738
2018-01-10 01:37:00,1304.49598738
2018-01-10 01:38:00,1304.49598738
2018-01-10 01:39:00,1304.49598738
2018-01-10 01:40:00,1294.57582959
2018-01-10 01:41:00,1294.57582959
2018-01-10 01:42:00,1294.57582959
2018-01-10 01:43:00,1294.57582959
2018-01-10 01:44:00,1294.57582959
2018-01-10 01:45:00,1294.57582959
2018-01-10 01:46:00,1294.57582959
2018-01-10 01:47:00,1294.57582959
2018-01-10 01:48:00,1294.57582959
2018-01-10 01:49:00,1294.57582959
2018-01-10 01:50:00,1294.57582959
2018-01-10 01:51:00,1294.57582959
2018-01-10 01:52:00,1294.57582959
2018-01-10 01:53:00,1294.57582959
2018-01-10 01:54:00,1294.57582959
2018-01-10 01:55:00,1294.57582959
2018-01-10 01:56:00,1294.57582959
2018-01-10 01:57:00,1304.49598738
2018-01-10 01:58:00,1304.49598738
2018-01-10 01:59:00,1304.49598738
2018-01-10 02:00:00,1304.49598738
2018-01-10 02:01:00,1304.49598738
2018-01-10 02:02:00,1304.49598738
2018-01-10 02:03:00,1284.65567181
2018-01-10 02:04:00,1294.57582959
2018-01-10 02:05:00,1284.65567181
2018-01-10 02:06:00,1274.73551402
2018-01-10 02:07:00,1274.73551402
2018-01-10 02:08:00,1274.73551402
2018-01-10 02:09:00,1274.73551402
2018-01-10 02:10:00,1274.73551402
2018-01-10 02:11:00,1274.73551402
2018-01-10 02:12:00,1274.73551402
2018-01-10 02:13:00,1274.73551402
2018-01-10 02:14:00,1274.73551402
2018-01-10 02:15:00,1274.73551402
2018-01-10 02:16:00,1274.73551402
2018-01-10 02:17:00,1274.73551402
2018-01-10 02:18:00,1274.73551402
2018-01-10 02:19:00,1274.73551402
2018-01-10 02:20:00,1274.73551402
2018-01-10 02:21:00,1274.73551402
2018-01-10 02:22:00,1274.73551402
2018-01-10 02:23:00,1274.73551402
2018-01-10 02:24:00,1274.73551402
2018-01-10 02:25:00,1274.73551402
2018-01-10 02:26:00,1274.73551402
2018-01-10 02:27:00,1274.73551402
2018-01-10 02:28:00,1304.49598738
2018-01-10 02:29:00,1274.73551402
2018-01-10 02:30:00,1274.73551402
2018-01-10 02:31:00,1284.65567181
2018-01-10 02:32:00,1274.73551402
2018-01-10 02:33:00,1284.65567181
2018-01-10 02:34:00,1284.65567181
2018-01-10 02:35:00,1284.65567181
2018-01-10 02:36:00,1284.65567181
2018-01-10 02:37:00,1284.65567181
2018-01-10 02:38:00,1284.65567181
2018-01-10 02:39:00,1284.65567181
2018-01-10 02:40:00,1274.73551402
2018-01-10 02:41:00,1274.73551402
2018-01-10 02:42:00,1294.57582959
2018-01-10 02:43:00,1294.57582959
2018-01-10 02:44:00,1294.57582959
2018-01-10 02:45:00,1284.65567181
2018-01-10 02:46:00,1284.65567181
2018-01-10 02:47:00,1274.73551402
2018-01-10 02:48:00,1284.65567181
2018-01-10 02:49:00,1284.65567181
2018-01-10 02:50:00,1284.65567181
2018-01-10 02:51:00,1294.57582959
2018-01-10 02:52:00,1284.65567181
2018-01-10 02:53:00,1304.49598738
2018-01-10 02:54:00,1304.49598738
2018-01-10 02:55:00,1304.49598738
2018-01-10 02:56:00,1304.49598738
2018-01-10 02:57:00,1314.41614517
2018-01-10 02:58:00,1314.41614517
2018-01-10 02:59:00,1314.41614517
2018-01-10 03:00:00,1314.41614517
2018-01-10 03:01:00,1314.41614517
2018-01-10 03:02:00,1314.41614517
2018-01-10 03:03:00,1314.41614517
2018-01-10 03:04:00,1334.25646074
2018-01-10 03:05:00,1334.25646074
2018-01-10 03:06:00,1334.25646074
2018-01-10 03:07:00,1334.25646074
2018-01-10 03:08:00,1324.33630296
2018-01-10 03:09:00,1324.33630296
2018-01-10 03:10:00,1324.33630296
2018-01-10 03:11:00,1324.33630296
2018-01-10 03:12:00,1324.33630296
2018-01-10 03:13:00,1324.33630296
2018-01-10 03:14:00,1324.33630296
2018-01-10 03:15:00,1324.33630296
2018-01-10 03:16:00,1324.33630296
2018-01-10 03:17:00,1324.33630296
2018-01-10 03:18:00,1324.33630296
2018-01-10 03:19:00,1324.33630296
2018-01-10 03:20:00,1324.33630296
2018-01-10 03:21:00,1324.33630296
2018-01-10 03:22:00,1324.33630296
2018-01-10 03:23:00,1334.25646074
2018-01-10 03:24:00,1334.25646074
2018-01-10 03:25:00,1334.25646074
2018-01-10 03:26:00,1334.25646074
2018-01-10 03:27:00,1334.25646074
2018-01-10 03:28:00,1334.25646074
2018-01-10 03:29:00,1344.17661853
2018-01-10 03:30:00,1334.25646074
2018-01-10 03:31:00,1334.25646074
2018-01-10 03:32:00,1334.25646074
2018-01-10 03:33:00,1334.25646074
2018-01-10 03:34:00,1334.25646074
2018-01-10 03:35:00,1334.25646074
2018-01-10 03:36:00,1334.25646074
2018-01-10 03:37:00,1324.33630296
2018-01-10 03:38:00,1334.25646074
2018-01-10 03:39:00,1334.25646074
2018-01-10 03:40:00,1334.25646074
2018-01-10 03:41:00,1334.25646074
2018-01-10 03:42:00,1334.25646074
2018-01-10 03:43:00,1344.17661853
2018-01-10 03:44:00,1344.17661853
2018-01-10 03:45:00,1344.17661853
2018-01-10 03:46:00,1344.17661853
2018-01-10 03:47:00,1344.17661853
2018-01-10 03:48:00,1344.17661853
2018-01-10 03:49:00,1344.17661853
2018-01-10 03:50:00,1344.17661853
2018-01-10 03:51:00,1344.17661853
2018-01-10 03:52:00,1344.17661853
2018-01-10 03:53:00,1344.17661853
2018-01-10 03:54:00,1344.17661853
2018-01-10 03:55:00,1344.17661853
2018-01-10 03:56:00,1344.17661853
2018-01-10 03:57:00,1354.09677632
2018-01-10 03:58:00,1354.09677632
2018-01-10 03:59:00,1354.09677632
2018-01-10 04:00:00,1344.17661853
2018-01-10 04:01:00,1354.09677632
2018-01-10 04:02:00,1344.17661853
2018-01-10 04:03:00,1344.17661853
2018-01-10 04:04:00,1344.17661853
2018-01-10 04:05:00,1354.09677632
2018-01-10 04:06:00,1354.09677632
2018-01-10 04:07:00,1354.09677632
2018-01-10 04:08:00,1354.09677632
2018-01-10 04:09:00,1354.09677632
2018-01-10 04:10:00,1344.17661853
2018-01-10 04:11:00,1344.17661853
2018-01-10 04:12:00,1344.17661853
2018-01-10 04:13:00,1334.25646074
2018-01-10 04:14:00,1334.25646074
2018-01-10 04:15:00,1334.25646074
2018-01-10 04:16:00,1334.25646074
2018-01-10 04:17:00,1334.25646074
2018-01-10 04:18:00,1334.25646074
2018-01-10 04:19:00,1334.25646074
2018-01-10 04:20:00,1334.25646074
2018-01-10 04:21:00,1334.25646074
2018-01-10 04:22:00,1334.25646074
2018-01-10 04:23:00,1334.25646074
2018-01-10 04:24:00,1334.25646074
2018-01-10 04:25:00,1334.25646074
2018-01-10 04:26:00,1334.25646074
2018-01-10 04:27:00,1314.41614517
2018-01-10 04:28:00,1314.41614517
2018-01-10 04:29:00,1314.41614517
2018-01-10 04:30:00,1314.41614517
2018-01-10 04:31:00,1314.41614517
2018-01-10 04:32:00,1304.49598738
2018-01-10 04:33:00,1304.49598738
2018-01-10 04:34:00,1324.33630296
2018-01-10 04:35:00,1324.33630296
2018-01-10 04:36:00,1324.33630296
2018-01-10 04:37:00,1324.33630296
2018-01-10 04:38:00,1324.33630296
2018-01-10 04:39:00,1314.41614517
2018-01-10 04:40:00,1304.49598738
2018-01-10 04:41:00,1294.57582959
2018-01-10 04:42:00,1294.57582959
2018-01-10 04:43:00,1294.57582959
2018-01-10 04:44:00,1294.57582959
2018-01-10 04:45:00,1274.73551402
2018-01-10 04:46:00,1264.81535623
2018-01-10 04:47:00,1264.81535623
2018-01-10 04:48:00,1254.89519844
2018-01-10 04:49:00,1254.89519844
2018-01-10 04:50:00,1264.81535623
2018-01-10 04:51:00,1235.05488287
2018-01-10 04:52:00,1244.97504066
2018-01-10 04:53:00,1244.97504066
2018-01-10 04:54:00,1235.05488287
2018-01-10 04:55:00,1244.97504066
2018-01-10 04:56:00,1244.97504066
2018-01-10 04:57:00,1244.97504066
2018-01-10 04:58:00,1254.89519844
2018-01-10 04:59:00,1264.81535623
2018-01-10 05:00:00,1284.65567181
2018-01-10 05:01:00,1284.65567181
2018-01-10 05:02:00,1294.57582959
2018-01-10 05:03:00,1294.57582959
2018-01-10 05:04:00,1304.49598738
2018-01-10 05:05:00,1314.41614517
2018-01-10 05:06:00,1314.41614517
2018-01-10 05:07:00,1304.49598738
2018-01-10 05:08:00,1304.49598738
2018-01-10 05:09:00,1304.49598738
2018-01-10 05:10:00,1304.49598738
2018-01-10 05:11:00,1314.41614517
2018-01-10 05:12:00,1324.33630296
2018-01-10 05:13:00,1324.33630296
2018-01-10 05:14:00,1314.41614517
2018-01-10 05:15:00,1324.33630296
2018-01-10 05:16:00,1314.41614517
2018-01-10 05:17:00,1324.33630296
2018-01-10 05:18:00,1344.17661853
2018-01-10 05:19:00,1344.17661853
2018-01-10 05:20:00,1344.17661853
2018-01-10 05:21:00,1354.09677632
2018-01-10 05:22:00,1354.09677632
2018-01-10 05:23:00,1354.09677632
2018-01-10 05:24:00,1354.09677632
2018-01-10 05:25:00,1354.09677632
2018-01-10 05:26:00,1354.09677632
2018-01-10 05:27:00,1354.09677632
2018-01-10 05:28:00,1354.09677632
2018-01-10 05:29:00,1354.09677632
2018-01-10 05:30:00,1354.09677632
2018-01-10 05:31:00,1354.09677632
2018-01-10 05:32:00,1344.17661853
2018-01-10 05:33:00,1344.17661853
2018-01-10 05:34:00,1344.17661853
2018-01-10 05:35:00,1344.17661853
2018-01-10 05:36:00,1344.17661853
2018-01-10 05:37:00,1344.17661853
2018-01-10 05:38:00,1344.17661853
2018-01-10 05:39:00,1314.41614517
2018-01-10 05:40:00,1314.41614517
2018-01-10 05:41:00,1314.41614517
2018-01-10 05:42:00,1314.41614517
2018-01-10 05:43:00,1314.41614517
2018-01-10 05:44:00,1294.57582959
2018-01-10 05:45:00,1294.57582959
2018-01-10 05:46:00,1294.57582959
2018-01-10 05:47:00,1294.57582959
2018-01-10 05:48:00,1294.57582959
2018-01-10 05:49:00,1294.57582959
2018-01-10 05:50:00,1294.57582959
2018-01-10 05:51:00,1264.81535623
2018-01-10 05:52:00,1264.81535623
2018-01-10 05:53:00,1294.57582959
2018-01-10 05:54:00,1294.57582959
2018-01-10 05:55:00,1294.57582959
2018-01-10 05:56:00,1294.57582959
2018-01-10 05:57:00,1294.57582959
2018-01-10 05:58:00,1294.57582959
2018-01-10 05:59:00,1294.57582959
2018-01-10 06:00:00,1294.57582959
2018-01-10 06:01:00,1294.57582959
2018-01-10 06:02:00,1294.57582959
2018-01-10 06:03:00,1294.57582959
2018-01-10 06:04:00,1294.57582959
2018-01-10 06:05:00,1294.57582959
2018-01-10 06:06:00,1294.57582959
2018-01-10 06:07:00,1294.57582959
2018-01-10 06:08:00,1294.57582959
2018-01-10 06:09:00,1294.57582959
2018-01-10 06:10:00,1294.57582959
2018-01-10 06:11:00,1294.57582959
2018-01-10 06:12:00,1294.57582959
2018-01-10 06:13:00,1294.57582959
2018-01-10 06:14:00,1294.57582959
2018-01-10 06:15:00,1294.57582959
2018-01-10 06:16:00,1264.81535623
2018-01-10 06:17:00,1264.81535623
2018-01-10 06:18:00,1274.73551402
2018-01-10 06:19:00,1274.73551402
2018-01-10 06:20:00,1274.73551402
2018-01-10 06:21:00,1274.73551402
2018-01-10 06:22:00,1284.65567181
2018-01-10 06:23:00,1284.65567181
2018-01-10 06:24:00,1284.65567181
2018-01-10 06:25:00,1294.57582959
2018-01-10 06:26:00,1284.65567181
2018-01-10 06:27:00,1284.65567181
2018-01-10 06:28:00,1294.57582959
2018-01-10 06:29:00,1294.57582959
2018-01-10 06:30:00,1294.57582959
2018-01-10 06:31:00,1284.65567181
2018-01-10 06:32:00,1284.65567181
2018-01-10 06:33:00,1284.65567181
2018-01-10 06:34:00,1284.65567181
2018-01-10 06:35:00,1284.65567181
2018-01-10 06:36:00,1284.65567181
2018-01-10 06:37:00,1284.65567181
2018-01-10 06:38:00,1284.65567181
2018-01-10 06:39:00,1284.65567181
2018-01-10 06:40:00,1284.65567181
2018-01-10 06:41:00,1284.65567181
2018-01-10 06:42:00,1284.65567181
2018-01-10 06:43:00,1264.81535623
2018-01-10 06:44:00,1264.81535623
2018-01-10 06:45:00,1254.89519844
2018-01-10 06:46:00,1254.89519844
2018-01-10 06:47:00,1254.89519844
2018-01-10 06:48:00,1254.89519844
2018-01-10 06:49:00,1254.89519844
2018-01-10 06:50:00,1244.97504066
2018-01-10 06:51:00,1264.81535623
2018-01-10 06:52:00,1244.97504066
2018-01-10 06:53:00,1244.97504066
2018-01-10 06:54:00,1244.97504066
2018-01-10 06:55:00,1244.97504066
2018-01-10 06:56:00,1244.97504066
2018-01-10 06:57:00,1244.97504066
2018-01-10 06:58:00,1264.81535623
2018-01-10 06:59:00,1264.81535623
2018-01-10 07:00:00,1264.81535623
2018-01-10 07:01:00,1264.81535623
2018-01-10 07:02:00,1264.81535623
2018-01-10 07:03:00,1294.57582959
2018-01-10 07:04:00,1304.49598738
2018-01-10 07:05:00,1304.49598738
2018-01-10 07:06:00,1304.49598738
2018-01-10 07:07:00,1304.49598738
2018-01-10 07:08:00,1304.49598738
2018-01-10 07:09:00,1304.49598738
2018-01-10 07:10:00,1314.41614517
2018-01-10 07:11:00,1314.41614517
2018-01-10 07:12:00,1314.41614517
2018-01-10 07:13:00,1304.49598738
2018-01-10 07:14:00,1304.49598738
2018-01-10 07:15:00,1314.41614517
2018-01-10 07:16:00,1304.49598738
2018-01-10 07:17:00,1304.49598738
2018-01-10 07:18:00,1304.49598738
2018-01-10 07:19:00,1304.49598738
2018-01-10 07:20:00,1304.49598738
2018-01-10 07:21:00,1304.49598738
2018-01-10 07:22:00,1304.49598738
2018-01-10 07:23:00,1264.81535623
2018-01-10 07:24:00,1264.81535623
2018-01-10 07:25:00,1254.89519844
2018-01-10 07:26:00,1254.89519844
2018-01-10 07:27:00,1264.81535623
2018-01-10 07:28:00,1264.81535623
2018-01-10 07:29:00,1264.81535623
2018-01-10 07:30:00,1264.81535623
2018-01-10 07:31:00,1254.89519844
2018-01-10 07:32:00,1254.89519844
2018-01-10 07:33:00,1254.89519844
2018-01-10 07:34:00,1254.89519844
2018-01-10 07:35:00,1254.89519844
2018-01-10 07:36:00,1254.89519844
2018-01-10 07:37:00,1235.05488287
2018-01-10 07:38:00,1244.97504066
2018-01-10 07:39:00,1244.97504066
2018-01-10 07:40:00,1244.97504066
2018-01-10 07:41:00,1244.97504066
2018-01-10 07:42:00,1235.05488287
2018-01-10 07:43:00,1235.05488287
2018-01-10 07:44:00,1235.05488287
2018-01-10 07:45:00,1235.05488287
2018-01-10 07:46:00,1235.05488287
2018-01-10 07:47:00,1244.97504066
2018-01-10 07:48:00,1235.05488287
2018-01-10 07:49:00,1235.05488287
2018-01-10 07:50:00,1244.97504066
2018-01-10 07:51:00,1244.97504066
2018-01-10 07:52:00,1244.97504066
2018-01-10 07:53:00,1254.89519844
2018-01-10 07:54:00,1254.89519844
2018-01-10 07:55:00,1254.89519844
2018-01-10 07:56:00,1254.89519844
2018-01-10 07:57:00,1254.89519844
2018-01-10 07:58:00,1254.89519844
2018-01-10 07:59:00,1254.89519844
2018-01-10 08:00:00,1254.89519844
2018-01-10 08:01:00,1254.89519844
2018-01-10 08:02:00,1254.89519844
2018-01-10 08:03:00,1244.97504066
2018-01-10 08:04:00,1244.97504066
2018-01-10 08:05:00,1244.97504066
2018-01-10 08:06:00,1244.97504066
2018-01-10 08:07:00,1244.97504066
2018-01-10 08:08:00,1244.97504066
2018-01-10 08:09:00,1244.97504066
2018-01-10 08:10:00,1244.97504066
2018-01-10 08:11:00,1244.97504066
2018-01-10 08:12:00,1254.89519844
2018-01-10 08:13:00,1244.97504066
2018-01-10 08:14:00,1244.97504066
2018-01-10 08:15:00,1244.97504066
2018-01-10 08:16:00,1244.97504066
2018-01-10 08:17:00,1244.97504066
2018-01-10 08:18:00,1244.97504066
2018-01-10 08:19:00,1244.97504066
2018-01-10 08:20:00,1244.97504066
2018-01-10 08:21:00,1244.97504066
2018-01-10 08:22:00,1244.97504066
2018-01-10 08:23:00,1244.97504066
2018-01-10 08:24:00,1244.97504066
2018-01-10 08:25:00,1244.97504066
2018-01-10 08:26:00,1254.89519844
2018-01-10 08:27:00,1254.89519844
2018-01-10 08:28:00,1244.97504066
2018-01-10 08:29:00,1244.97504066
2018-01-10 08:30:00,1244.97504066
2018-01-10 08:31:00,1244.97504066
2018-01-10 08:32:00,1235.05488287
2018-01-10 08:33:00,1235.05488287
2018-01-10 08:34:00,1244.97504066
2018-01-10 08:35:00,1244.97504066
2018-01-10 08:36:00,1235.05488287
2018-01-10 08:37:00,1235.05488287
2018-01-10 08:38:00,1235.05488287
2018-01-10 08:39:00,1235.05488287
2018-01-10 08:40:00,1235.05488287
2018-01-10 08:41:00,1235.05488287
2018-01-10 08:42:00,1235.05488287
2018-01-10 08:43:00,1235.05488287
2018-01-10 08:44:00,1235.05488287
2018-01-10 08:45:00,1235.05488287
2018-01-10 08:46:00,1235.05488287
2018-01-10 08:47:00,1235.05488287
2018-01-10 08:48:00,1244.97504066
2018-01-10 08:49:00,1244.97504066
2018-01-10 08:50:00,1244.97504066
2018-01-10 08:51:00,1244.97504066
2018-01-10 08:52:00,1244.97504066
2018-01-10 08:53:00,1244.97504066
2018-01-10 08:54:00,1244.97504066
2018-01-10 08:55:00,1244.97504066
2018-01-10 08:56:00,1244.97504066
2018-01-10 08:57:00,1244.97504066
2018-01-10 08:58:00,1244.97504066
2018-01-10 08:59:00,1244.97504066
2018-01-10 09:00:00,1244.97504066
2018-01-10 09:01:00,1244.97504066
2018-01-10 09:02:00,1244.97504066
2018-01-10 09:03:00,1254.89519844
2018-01-10 09:04:00,1254.89519844
2018-01-10 09:05:00,1264.81535623
2018-01-10 09:06:00,1264.81535623
2018-01-10 09:07:00,1264.81535623
2018-01-10 09:08:00,1264.81535623
2018-01-10 09:09:00,1264.81535623
2018-01-10 09:10:00,1264.81535623
2018-01-10 09:11:00,1264.81535623
2018-01-10 09:12:00,1264.81535623
2018-01-10 09:13:00,1264.81535623
2018-01-10 09:14:00,1254.89519844
2018-01-10 09:15:00,1254.89519844
2018-01-10 09:16:00,1254.89519844
2018-01-10 09:17:00,1254.89519844
2018-01-10 09:18:00,1254.89519844
2018-01-10 09:19:00,1244.97504066
2018-01-10 09:20:00,1244.97504066
2018-01-10 09:21:00,1244.97504066
2018-01-10 09:22:00,1244.97504066
2018-01-10 09:23:00,1244.97504066
2018-01-10 09:24:00,1244.97504066
2018-01-10 09:25:00,1244.97504066
2018-01-10 09:26:00,1244.97504066
2018-01-10 09:27:00,1244.97504066
2018-01-10 09:28:00,1254.89519844
2018-01-10 09:29:00,1254.89519844
2018-01-10 09:30:00,1254.89519844
2018-01-10 09:31:00,1244.97504066
2018-01-10 09:32:00,1244.97504066
2018-01-10 09:33:00,1225.13472508
2018-01-10 09:34:00,1225.13472508
2018-01-10 09:35:00,1225.13472508
2018-01-10 09:36:00,1205.29440951
2018-01-10 09:37:00,1205.29440951
2018-01-10 09:38:00,1205.29440951
2018-01-10 09:39:00,1205.29440951
2018-01-10 09:40:00,1205.29440951
2018-01-10 09:41:00,1205.29440951
2018-01-10 09:42:00,1205.29440951
2018-01-10 09:43:00,1205.29440951
2018-01-10 09:44:00,1205.29440951
2018-01-10 09:45:00,1205.29440951
2018-01-10 09:46:00,1205.29440951
2018-01-10 09:47:00,1205.29440951
2018-01-10 09:48:00,1205.29440951
2018-01-10 09:49:00,1185.45409393
2018-01-10 09:50:00,1185.45409393
2018-01-10 09:51:00,1185.45409393
2018-01-10 09:52:00,1205.29440951
2018-01-10 09:53:00,1205.29440951
2018-01-10 09:54:00,1205.29440951
2018-01-10 09:55:00,1205.29440951
2018-01-10 09:56:00,1205.29440951
2018-01-10 09:57:00,1205.29440951
2018-01-10 09:58:00,1205.29440951
2018-01-10 09:59:00,1205.29440951
2018-01-10 10:00:00,1205.29440951
2018-01-10 10:01:00,1205.29440951
2018-01-10 10:02:00,1205.29440951
2018-01-10 10:03:00,1205.29440951
2018-01-10 10:04:00,1205.29440951
2018-01-10 10:05:00,1205.29440951
2018-01-10 10:06:00,1205.29440951
2018-01-10 10:07:00,1205.29440951
2018-01-10 10:08:00,1205.29440951
2018-01-10 10:09:00,1205.29440951
2018-01-10 10:10:00,1205.29440951
2018-01-10 10:11:00,1205.29440951
2018-01-10 10:12:00,1205.29440951
2018-01-10 10:13:00,1205.29440951
2018-01-10 10:14:00,1215.21456729
2018-01-10 10:15:00,1215.21456729
2018-01-10 10:16:00,1225.13472508
2018-01-10 10:17:00,1225.13472508
2018-01-10 10:18:00,1235.05488287
2018-01-10 10:19:00,1244.97504066
2018-01-10 10:20:00,1244.97504066
2018-01-10 10:21:00,1244.97504066
2018-01-10 10:22:00,1244.97504066
2018-01-10 10:23:00,1244.97504066
2018-01-10 10:24:00,1244.97504066
2018-01-10 10:25:00,1244.97504066
2018-01-10 10:26:00,1244.97504066
2018-01-10 10:27:00,1244.97504066
2018-01-10 10:28:00,1244.97504066
2018-01-10 10:29:00,1244.97504066
2018-01-10 10:30:00,1244.97504066
2018-01-10 10:31:00,1244.97504066
2018-01-10 10:32:00,1244.97504066
2018-01-10 10:33:00,1244.97504066
2018-01-10 10:34:00,1244.97504066
2018-01-10 10:35:00,1244.97504066
2018-01-10 10:36:00,1254.89519844
2018-01-10 10:37:00,1254.89519844
2018-01-10 10:38:00,1254.89519844
2018-01-10 10:39:00,1254.89519844
2018-01-10 10:40:00,1254.89519844
2018-01-10 10:41:00,1254.89519844
2018-01-10 10:42:00,1254.89519844
2018-01-10 10:43:00,1254.89519844
2018-01-10 10:44:00,1254.89519844
2018-01-10 10:45:00,1254.89519844
2018-01-10 10:46:00,1254.89519844
2018-01-10 10:47:00,1254.89519844
2018-01-10 10:48:00,1254.89519844
2018-01-10 10:49:00,1264.81535623
2018-01-10 10:50:00,1264.81535623
2018-01-10 10:51:00,1264.81535623
2018-01-10 10:52:00,1254.89519844
2018-01-10 10:53:00,1254.89519844
2018-01-10 10:54:00,1254.89519844
2018-01-10 10:55:00,1254.89519844
2018-01-10 10:56:00,1254.89519844
2018-01-10 10:57:00,1254.89519844
2018-01-10 10:58:00,1254.89519844
2018-01-10 10:59:00,1254.89519844
2018-01-10 11:00:00,1254.89519844
2018-01-10 11:01:00,1254.89519844
2018-01-10 11:02:00,1254.89519844
2018-01-10 11:03:00,1254.89519844
2018-01-10 11:04:00,1254.89519844
2018-01-10 11:05:00,1254.89519844
2018-01-10 11:06:00,1254.89519844
2018-01-10 11:07:00,1254.89519844
2018-01-10 11:08:00,1254.89519844
2018-01-10 11:09:00,1254.89519844
2018-01-10 11:10:00,1254.89519844
2018-01-10 11:11:00,1264.81535623
2018-01-10 11:12:00,1264.81535623
2018-01-10 11:13:00,1254.89519844
2018-01-10 11:14:00,1254.89519844
2018-01-10 11:15:00,1274.73551402
2018-01-10 11:16:00,1274.73551402
2018-01-10 11:17:00,1274.73551402
2018-01-10 11:18:00,1274.73551402
2018-01-10 11:19:00,1274.73551402
2018-01-10 11:20:00,1274.73551402
2018-01-10 11:21:00,1274.73551402
2018-01-10 11:22:00,1274.73551402
2018-01-10 11:23:00,1284.65567181
2018-01-10 11:24:00,1284.65567181
2018-01-10 11:25:00,1284.65567181
2018-01-10 11:26:00,1284.65567181
2018-01-10 11:27:00,1284.65567181
2018-01-10 11:28:00,1284.65567181
2018-01-10 11:29:00,1264.81535623
2018-01-10 11:30:00,1284.65567181
2018-01-10 11:31:00,1284.65567181
2018-01-10 11:32:00,1264.81535623
2018-01-10 11:33:00,1264.81535623
2018-01-10 11:34:00,1264.81535623
2018-01-10 11:35:00,1264.81535623
2018-01-10 11:36:00,1284.65567181
2018-01-10 11:37:00,1284.65567181
2018-01-10 11:38:00,1284.65567181
2018-01-10 11:39:00,1284.65567181
2018-01-10 11:40:00,1284.65567181
2018-01-10 11:41:00,1284.65567181
2018-01-10 11:42:00,1284.65567181
2018-01-10 11:43:00,1284.65567181
2018-01-10 11:44:00,1284.65567181
2018-01-10 11:45:00,1264.81535623
2018-01-10 11:46:00,1264.81535623
2018-01-10 11:47:00,1264.81535623
2018-01-10 11:48:00,1264.81535623
2018-01-10 11:49:00,1264.81535623
2018-01-10 11:50:00,1264.81535623
2018-01-10 11:51:00,1264.81535623
2018-01-10 11:52:00,1264.81535623
2018-01-10 11:53:00,1264.81535623
2018-01-10 11:54:00,1264.81535623
2018-01-10 11:55:00,1254.89519844
2018-01-10 11:56:00,1254.89519844
2018-01-10 11:57:00,1254.89519844
2018-01-10 11:58:00,1244.97504066
2018-01-10 11:59:00,1254.89519844
2018-01-11 01:29:00,1066.41220048
2018-01-11 01:30:00,1066.41220048
2018-01-11 01:31:00,1066.41220048
2018-01-11 01:32:00,1066.41220048
2018-01-11 01:33:00,1066.41220048
2018-01-11 01:34:00,1264.81535623
2018-01-11 01:35:00,1264.81535623
2018-01-11 01:36:00,1264.81535623
2018-01-11 01:37:00,1264.81535623
2018-01-11 01:38:00,1264.81535623
2018-01-11 01:39:00,1264.81535623
2018-01-11 01:40:00,1264.81535623
2018-01-11 01:41:00,1264.81535623
2018-01-11 01:42:00,1264.81535623
2018-01-11 01:43:00,1264.81535623
2018-01-11 01:44:00,1264.81535623
2018-01-11 01:45:00,1264.81535623
2018-01-11 01:46:00,1264.81535623
2018-01-11 01:47:00,1264.81535623
2018-01-11 01:48:00,1264.81535623
2018-01-11 01:49:00,1264.81535623
2018-01-11 01:50:00,1264.81535623
2018-01-11 01:51:00,1264.81535623
2018-01-11 01:52:00,1264.81535623
2018-01-11 01:53:00,1264.81535623
2018-01-11 01:54:00,1264.81535623
2018-01-11 01:55:00,1264.81535623
2018-01-11 01:56:00,1264.81535623
2018-01-11 01:57:00,1264.81535623
2018-01-11 01:58:00,1264.81535623
2018-01-11 01:59:00,1264.81535623
2018-01-11 02:00:00,1284.65567181
2018-01-11 02:01:00,1264.81535623
2018-01-11 02:02:00,1264.81535623
2018-01-11 02:03:00,1264.81535623
2018-01-11 02:04:00,1264.81535623
2018-01-11 02:05:00,1264.81535623
2018-01-11 02:06:00,1274.73551402
2018-01-11 02:07:00,1274.73551402
2018-01-11 02:08:00,1274.73551402
2018-01-11 02:09:00,1274.73551402
2018-01-11 02:10:00,1274.73551402
2018-01-11 02:11:00,1274.73551402
2018-01-11 02:12:00,1274.73551402
2018-01-11 02:13:00,1274.73551402
2018-01-11 02:14:00,1284.65567181
2018-01-11 02:15:00,1284.65567181
2018-01-11 02:16:00,1284.65567181
2018-01-11 02:17:00,1284.65567181
2018-01-11 02:18:00,1284.65567181
2018-01-11 02:19:00,1284.65567181
2018-01-11 02:20:00,1284.65567181
2018-01-11 02:21:00,1284.65567181
2018-01-11 02:22:00,1294.57582959
2018-01-11 02:23:00,1304.49598738
2018-01-11 02:24:00,1304.49598738
2018-01-11 02:25:00,1314.41614517
2018-01-11 02:26:00,1314.41614517
2018-01-11 02:27:00,1324.33630296
2018-01-11 02:28:00,1334.25646074
2018-01-11 02:29:00,1324.33630296
2018-01-11 02:30:00,1324.33630296
2018-01-11 02:31:00,1324.33630296
2018-01-11 02:32:00,1324.33630296
2018-01-11 02:33:00,1314.41614517
2018-01-11 02:34:00,1314.41614517
2018-01-11 02:35:00,1314.41614517
2018-01-11 02:36:00,1314.41614517
2018-01-11 02:37:00,1314.41614517
2018-01-11 02:38:00,1314.41614517
2018-01-11 02:39:00,1314.41614517
2018-01-11 02:40:00,1314.41614517
2018-01-11 02:41:00,1314.41614517
2018-01-11 02:42:00,1314.41614517
2018-01-11 02:43:00,1314.41614517
2018-01-11 02:44:00,1304.49598738
2018-01-11 02:45:00,1314.41614517
2018-01-11 02:46:00,1314.41614517
2018-01-11 02:47:00,1314.41614517
2018-01-11 02:48:00,1314.41614517
2018-01-11 02:49:00,1314.41614517
2018-01-11 02:50:00,1314.41614517
2018-01-11 02:51:00,1314.41614517
2018-01-11 02:52:00,1274.73551402
2018-01-11 02:53:00,1274.73551402
2018-01-11 02:54:00,1284.65567181
2018-01-11 02:55:00,1284.65567181
2018-01-11 02:56:00,1294.57582959
2018-01-11 02:57:00,1294.57582959
2018-01-11 02:58:00,1284.65567181
2018-01-11 02:59:00,1284.65567181
2018-01-11 03:00:00,1284.65567181
2018-01-11 03:01:00,1284.65567181
2018-01-11 03:02:00,1294.57582959
2018-01-11 03:03:00,1294.57582959
2018-01-11 03:04:00,1274.73551402
2018-01-11 03:05:00,1284.65567181
2018-01-11 03:06:00,1284.65567181
2018-01-11 03:07:00,1284.65567181
2018-01-11 03:08:00,1284.65567181
2018-01-11 03:09:00,1284.65567181
2018-01-11 03:10:00,1284.65567181
2018-01-11 03:11:00,1284.65567181
2018-01-11 03:12:00,1284.65567181
2018-01-11 03:13:00,1274.73551402
2018-01-11 03:14:00,1264.81535623
2018-01-11 03:15:00,1274.73551402
2018-01-11 03:16:00,1274.73551402
2018-01-11 03:17:00,1274.73551402
2018-01-11 03:18:00,1274.73551402
2018-01-11 03:19:00,1284.65567181
2018-01-11 03:20:00,1284.65567181
2018-01-11 03:21:00,1284.65567181
2018-01-11 03:22:00,1284.65567181
2018-01-11 03:23:00,1284.65567181
2018-01-11 03:24:00,1284.65567181
2018-01-11 03:25:00,1284.65567181
2018-01-11 03:26:00,1284.65567181
2018-01-11 03:27:00,1284.65567181
2018-01-11 03:28:00,1284.65567181
2018-01-11 03:29:00,1284.65567181
2018-01-11 03:30:00,1284.65567181
2018-01-11 03:31:00,1284.65567181
2018-01-11 03:32:00,1284.65567181
2018-01-11 03:33:00,1284.65567181
2018-01-11 03:34:00,1284.65567181
2018-01-11 03:35:00,1284.65567181
2018-01-11 03:36:00,1284.65567181
2018-01-11 03:37:00,1284.65567181
2018-01-11 03:38:00,1284.65567181
2018-01-11 03:39:00,1284.65567181
2018-01-11 03:40:00,1284.65567181
2018-01-11 03:41:00,1284.65567181
2018-01-11 03:42:00,1284.65567181
2018-01-11 03:43:00,1284.65567181
2018-01-11 03:44:00,1284.65567181
2018-01-11 03:45:00,1284.65567181
2018-01-11 03:46:00,1284.65567181
2018-01-11 03:47:00,1284.65567181
2018-01-11 03:48:00,1284.65567181
2018-01-11 03:49:00,1284.65567181
2018-01-11 03:50:00,1284.65567181
2018-01-11 03:51:00,1284.65567181
2018-01-11 03:52:00,1274.73551402
2018-01-11 03:53:00,1284.65567181
2018-01-11 03:54:00,1284.65567181
2018-01-11 03:55:00,1284.65567181
2018-01-11 03:56:00,1284.65567181
2018-01-11 03:57:00,1264.81535623
2018-01-11 03:58:00,1264.81535623
2018-01-11 03:59:00,1264.81535623
2018-01-11 04:00:00,1264.81535623
2018-01-11 04:01:00,1264.81535623
2018-01-11 04:02:00,1264.81535623
2018-01-11 04:03:00,1264.81535623
2018-01-11 04:04:00,1264.81535623
2018-01-11 04:05:00,1264.81535623
2018-01-11 04:06:00,1264.81535623
2018-01-11 04:07:00,1264.81535623
2018-01-11 04:08:00,1264.81535623
2018-01-11 04:09:00,1264.81535623
2018-01-11 04:10:00,1264.81535623
2018-01-11 04:11:00,1264.81535623
2018-01-11 04:12:00,1264.81535623
2018-01-11 04:13:00,1264.81535623
2018-01-11 04:14:00,1264.81535623
2018-01-11 04:15:00,1264.81535623
2018-01-11 04:16:00,1264.81535623
2018-01-11 04:17:00,1274.73551402
2018-01-11 04:18:00,1274.73551402
2018-01-11 04:19:00,1274.73551402
2018-01-11 04:20:00,1274.73551402
2018-01-11 04:21:00,1274.73551402
2018-01-11 04:22:00,1274.73551402
2018-01-11 04:23:00,1274.73551402
2018-01-11 04:24:00,1274.73551402
2018-01-11 04:25:00,1274.73551402
2018-01-11 04:26:00,1274.73551402
2018-01-11 04:27:00,1274.73551402
2018-01-11 04:28:00,1274.73551402
2018-01-11 04:29:00,1274.73551402
2018-01-11 04:30:00,1284.65567181
2018-01-11 04:31:00,1284.65567181
2018-01-11 04:32:00,1284.65567181
2018-01-11 04:33:00,1284.65567181
2018-01-11 04:34:00,1294.57582959
2018-01-11 04:35:00,1294.57582959
2018-01-11 04:36:00,1284.65567181
2018-01-11 04:37:00,1284.65567181
2018-01-11 04:38:00,1294.57582959
2018-01-11 04:39:00,1294.57582959
2018-01-11 04:40:00,1294.57582959
2018-01-11 04:41:00,1294.57582959
2018-01-11 04:42:00,1294.57582959
2018-01-11 04:43:00,1294.57582959
2018-01-11 04:44:00,1294.57582959
2018-01-11 04:45:00,1294.57582959
2018-01-11 04:46:00,1284.65567181
2018-01-11 04:47:00,1284.65567181
2018-01-11 04:48:00,1294.57582959
2018-01-11 04:49:00,1284.65567181
2018-01-11 04:50:00,1294.57582959
2018-01-11 04:51:00,1294.57582959
2018-01-11 04:52:00,1294.57582959
2018-01-11 04:53:00,1294.57582959
2018-01-11 04:54:00,1294.57582959
2018-01-11 04:55:00,1294.57582959
2018-01-11 04:56:00,1294.57582959
2018-01-11 04:57:00,1294.57582959
2018-01-11 04:58:00,1294.57582959
2018-01-11 04:59:00,1294.57582959
2018-01-11 05:00:00,1294.57582959
2018-01-11 05:01:00,1294.57582959
2018-01-11 05:02:00,1294.57582959
2018-01-11 05:03:00,1304.49598738
2018-01-11 05:04:00,1304.49598738
2018-01-11 05:05:00,1294.57582959
2018-01-11 05:06:00,1294.57582959
2018-01-11 05:07:00,1294.57582959
2018-01-11 05:08:00,1294.57582959
2018-01-11 05:09:00,1294.57582959
2018-01-11 05:10:00,1274.73551402
2018-01-11 05:11:00,1274.73551402
2018-01-11 05:12:00,1274.73551402
2018-01-11 05:13:00,1274.73551402
2018-01-11 05:14:00,1294.57582959
2018-01-11 05:15:00,1294.57582959
2018-01-11 05:16:00,1294.57582959
2018-01-11 05:17:00,1294.57582959
2018-01-11 05:18:00,1274.73551402
2018-01-11 05:19:00,1274.73551402
2018-01-11 05:20:00,1274.73551402
2018-01-11 05:21:00,1274.73551402
2018-01-11 05:22:00,1274.73551402
2018-01-11 05:23:00,1274.73551402
2018-01-11 05:24:00,1274.73551402
2018-01-11 05:25:00,1274.73551402
2018-01-11 05:26:00,1254.89519844
2018-01-11 05:27:00,1274.73551402
2018-01-11 05:28:00,1264.81535623
2018-01-11 05:29:00,1264.81535623
2018-01-11 05:30:00,1264.81535623
2018-01-11 05:31:00,1264.81535623
2018-01-11 05:32:00,1254.89519844
2018-01-11 05:33:00,1264.81535623
2018-01-11 05:34:00,1254.89519844
2018-01-11 05:35:00,1254.89519844
2018-01-11 05:36:00,1264.81535623
2018-01-11 05:37:00,1264.81535623
2018-01-11 05:38:00,1264.81535623
2018-01-11 05:39:00,1264.81535623
2018-01-11 05:40:00,1274.73551402
2018-01-11 05:41:00,1264.81535623
2018-01-11 05:42:00,1264.81535623
2018-01-11 05:43:00,1264.81535623
2018-01-11 05:44:00,1264.81535623
2018-01-11 05:45:00,1264.81535623
2018-01-11 05:46:00,1264.81535623
2018-01-11 05:47:00,1264.81535623
2018-01-11 05:48:00,1264.81535623
2018-01-11 05:49:00,1264.81535623
2018-01-11 05:50:00,1264.81535623
2018-01-11 05:51:00,1264.81535623
2018-01-11 05:52:00,1264.81535623
2018-01-11 05:53:00,1264.81535623
2018-01-11 05:54:00,1264.81535623
2018-01-11 05:55:00,1264.81535623
2018-01-11 05:56:00,1254.89519844
2018-01-11 05:57:00,1254.89519844
2018-01-11 05:58:00,1264.81535623
2018-01-11 05:59:00,1264.81535623
2018-01-11 06:00:00,1244.97504066
2018-01-11 06:01:00,1324.33630296
2018-01-11 06:02:00,1304.49598738
2018-01-11 06:03:00,1304.49598738
2018-01-11 06:04:00,1304.49598738
2018-01-11 06:05:00,1304.49598738
2018-01-11 06:06:00,1304.49598738
2018-01-11 06:07:00,1284.65567181
2018-01-11 06:08:00,1284.65567181
2018-01-11 06:09:00,1284.65567181
2018-01-11 06:10:00,1274.73551402
2018-01-11 06:11:00,1274.73551402
2018-01-11 06:12:00,1274.73551402
2018-01-11 06:13:00,1274.73551402
2018-01-11 06:14:00,1274.73551402
2018-01-11 06:15:00,1274.73551402
2018-01-11 06:16:00,1274.73551402
2018-01-11 06:17:00,1274.73551402
2018-01-11 06:18:00,1274.73551402
2018-01-11 06:19:00,1254.89519844
2018-01-11 06:20:00,1254.89519844
2018-01-11 06:21:00,1254.89519844
2018-01-11 06:22:00,1254.89519844
2018-01-11 06:23:00,1254.89519844
2018-01-11 06:24:00,1254.89519844
2018-01-11 06:25:00,1254.89519844
2018-01-11 06:26:00,1244.97504066
2018-01-11 06:27:00,1244.97504066
2018-01-11 06:28:00,1244.97504066
2018-01-11 06:29:00,1254.89519844
2018-01-11 06:30:00,1225.13472508
2018-01-11 06:31:00,1225.13472508
2018-01-11 06:32:00,1225.13472508
2018-01-11 06:33:00,1225.13472508
2018-01-11 06:34:00,1215.21456729
2018-01-11 06:35:00,1195.37425172
2018-01-11 06:36:00,1195.37425172
2018-01-11 06:37:00,1205.29440951
2018-01-11 06:38:00,1205.29440951
2018-01-11 06:39:00,1195.37425172
2018-01-11 06:40:00,1175.53393614
2018-01-11 06:41:00,1165.61377836
2018-01-11 06:42:00,1165.61377836
2018-01-11 06:43:00,1185.45409393
2018-01-11 06:44:00,1165.61377836
2018-01-11 06:45:00,1175.53393614
2018-01-11 06:46:00,1185.45409393
2018-01-11 06:47:00,1185.45409393
2018-01-11 06:48:00,1185.45409393
2018-01-11 06:49:00,1185.45409393
2018-01-11 06:50:00,1185.45409393
2018-01-11 06:51:00,1185.45409393
2018-01-11 06:52:00,1175.53393614
2018-01-11 06:53:00,1195.37425172
2018-01-11 06:54:00,1195.37425172
2018-01-11 06:55:00,1185.45409393
2018-01-11 06:56:00,1185.45409393
2018-01-11 06:57:00,1185.45409393
2018-01-11 06:58:00,1175.53393614
2018-01-11 06:59:00,1165.61377836
2018-01-11 07:00:00,1155.69362057
2018-01-11 07:01:00,1135.85330499
2018-01-11 07:02:00,1145.77346278
2018-01-11 07:03:00,1145.77346278
2018-01-11 07:04:00,1135.85330499
2018-01-11 07:05:00,1116.01298942
2018-01-11 07:06:00,1106.09283163
2018-01-11 07:07:00,1116.01298942
2018-01-11 07:08:00,1106.09283163
2018-01-11 07:09:00,1106.09283163
2018-01-11 07:10:00,1125.93314721
2018-01-11 07:11:00,1145.77346278
2018-01-11 07:12:00,1145.77346278
2018-01-11 07:13:00,1145.77346278
2018-01-11 07:14:00,1145.77346278
2018-01-11 07:15:00,1145.77346278
2018-01-11 07:16:00,1145.77346278
2018-01-11 07:17:00,1125.93314721
2018-01-11 07:18:00,1125.93314721
2018-01-11 07:19:00,1125.93314721
2018-01-11 07:20:00,1116.01298942
2018-01-11 07:21:00,1116.01298942
2018-01-11 07:22:00,1116.01298942
2018-01-11 07:23:00,1096.17267384
2018-01-11 07:24:00,1096.17267384
2018-01-11 07:25:00,1125.93314721
2018-01-11 07:26:00,1116.01298942
2018-01-11 07:27:00,1116.01298942
2018-01-11 07:28:00,1106.09283163
2018-01-11 07:29:00,1106.09283163
2018-01-11 07:30:00,1106.09283163
2018-01-11 07:31:00,1106.09283163
2018-01-11 07:32:00,1106.09283163
2018-01-11 07:33:00,1106.09283163
2018-01-11 07:34:00,1106.09283163
2018-01-11 07:35:00,1125.93314721
2018-01-11 07:36:00,1125.93314721
2018-01-11 07:37:00,1125.93314721
2018-01-11 07:38:00,1106.09283163
2018-01-11 07:39:00,1106.09283163
2018-01-11 07:40:00,1106.09283163
2018-01-11 07:41:00,1106.09283163
2018-01-11 07:42:00,1106.09283163
2018-01-11 07:43:00,1106.09283163
2018-01-11 07:44:00,1106.09283163
2018-01-11 07:45:00,1106.09283163
2018-01-11 07:46:00,1086.25251606
2018-01-11 07:47:00,1086.25251606
2018-01-11 07:48:00,1086.25251606
2018-01-11 07:49:00,1086.25251606
2018-01-11 07:50:00,1086.25251606
2018-01-11 07:51:00,1086.25251606
2018-01-11 07:52:00,1086.25251606
2018-01-11 07:53:00,1056.49204269
2018-01-11 07:54:00,1066.41220048
2018-01-11 07:55:00,1066.41220048
2018-01-11 07:56:00,1066.41220048
2018-01-11 07:57:00,1066.41220048
2018-01-11 07:58:00,1066.41220048
2018-01-11 07:59:00,1076.33235827
2018-01-11 08:00:00,1076.33235827
2018-01-11 08:01:00,1076.33235827
2018-01-11 08:02:00,1076.33235827
2018-01-11 08:03:00,1076.33235827
2018-01-11 08:04:00,1076.33235827
2018-01-11 08:05:00,1086.25251606
2018-01-11 08:06:00,1086.25251606
2018-01-11 08:07:00,1076.33235827
2018-01-11 08:08:00,1076.33235827
2018-01-11 08:09:00,1076.33235827
2018-01-11 08:10:00,1076.33235827
2018-01-11 08:11:00,1076.33235827
2018-01-11 08:12:00,1076.33235827
2018-01-11 08:13:00,1066.41220048
2018-01-11 08:14:00,1066.41220048
2018-01-11 08:15:00,1076.33235827
2018-01-11 08:16:00,1076.33235827
2018-01-11 08:17:00,1066.41220048
2018-01-11 08:18:00,1076.33235827
2018-01-11 08:19:00,1076.33235827
2018-01-11 08:20:00,1076.33235827
2018-01-11 08:21:00,1086.25251606
2018-01-11 08:22:00,1086.25251606
2018-01-11 08:23:00,1086.25251606
2018-01-11 08:24:00,1076.33235827
2018-01-11 08:25:00,1076.33235827
2018-01-11 08:26:00,1076.33235827
2018-01-11 08:27:00,1086.25251606
2018-01-11 08:28:00,1086.25251606
2018-01-11 08:29:00,1086.25251606
2018-01-11 08:30:00,1086.25251606
2018-01-11 08:31:00,1086.25251606
2018-01-11 08:32:00,1086.25251606
2018-01-11 08:33:00,1086.25251606
2018-01-11 08:34:00,1086.25251606
2018-01-11 08:35:00,1086.25251606
2018-01-11 08:36:00,1086.25251606
2018-01-11 08:37:00,1086.25251606
2018-01-11 08:38:00,1076.33235827
2018-01-11 08:39:00,1076.33235827
2018-01-11 08:40:00,1076.33235827
2018-01-11 08:41:00,1076.33235827
2018-01-11 08:42:00,1076.33235827
2018-01-11 08:43:00,1056.49204269
2018-01-11 08:44:00,1076.33235827
2018-01-11 08:45:00,1056.49204269
2018-01-11 08:46:00,1056.49204269
2018-01-11 08:47:00,1056.49204269
2018-01-11 08:48:00,1056.49204269
2018-01-11 08:49:00,1056.49204269
2018-01-11 08:50:00,996.971095968
2018-01-11 08:51:00,996.971095968
2018-01-11 08:52:00,967.210622606
2018-01-11 08:53:00,967.210622606
2018-01-11 08:54:00,977.130780393
2018-01-11 08:55:00,987.050938181
2018-01-11 08:56:00,1006.89125376
2018-01-11 08:57:00,1006.89125376
2018-01-11 08:58:00,1006.89125376
2018-01-11 08:59:00,987.050938181
2018-01-11 09:00:00,987.050938181
2018-01-11 09:01:00,987.050938181
2018-01-11 09:02:00,987.050938181
2018-01-11 09:03:00,987.050938181
2018-01-11 09:04:00,987.050938181
2018-01-11 09:05:00,996.971095968
2018-01-11 09:06:00,996.971095968
2018-01-11 09:07:00,996.971095968
2018-01-11 09:08:00,1006.89125376
2018-01-11 09:09:00,1006.89125376
2018-01-11 09:10:00,1006.89125376
2018-01-11 09:11:00,996.971095968
2018-01-11 09:12:00,996.971095968
2018-01-11 09:13:00,996.971095968
2018-01-11 09:14:00,1006.89125376
2018-01-11 09:15:00,1006.89125376
2018-01-11 09:16:00,1006.89125376
2018-01-11 09:17:00,1016.81141154
2018-01-11 09:18:00,1016.81141154
2018-01-11 09:19:00,1006.89125376
2018-01-11 09:20:00,1006.89125376
2018-01-11 09:21:00,1006.89125376
2018-01-11 09:22:00,1006.89125376
2018-01-11 09:23:00,987.050938181
2018-01-11 09:24:00,987.050938181
2018-01-11 09:25:00,967.210622606
2018-01-11 09:26:00,1006.89125376
2018-01-11 09:27:00,1006.89125376
2018-01-11 09:28:00,1006.89125376
2018-01-11 09:29:00,1006.89125376
2018-01-11 09:30:00,996.971095968
2018-01-11 09:31:00,1006.89125376
2018-01-11 09:32:00,1006.89125376
2018-01-11 09:33:00,1006.89125376
2018-01-11 09:34:00,996.971095968
2018-01-11 09:35:00,996.971095968
2018-01-11 09:36:00,996.971095968
2018-01-11 09:37:00,1006.89125376
2018-01-11 09:38:00,996.971095968
2018-01-11 09:39:00,996.971095968
2018-01-11 09:40:00,996.971095968
2018-01-11 09:41:00,996.971095968
2018-01-11 09:42:00,1016.81141154
2018-01-11 09:43:00,1016.81141154
2018-01-11 09:44:00,1016.81141154
2018-01-11 09:45:00,1006.89125376
2018-01-11 09:46:00,1006.89125376
2018-01-11 09:47:00,1006.89125376
2018-01-11 09:48:00,1006.89125376
2018-01-11 09:49:00,987.050938181
2018-01-11 09:50:00,967.210622606
2018-01-11 09:51:00,967.210622606
2018-01-11 09:52:00,967.210622606
2018-01-11 09:53:00,967.210622606
2018-01-11 09:54:00,967.210622606
2018-01-11 09:55:00,967.210622606
2018-01-11 09:56:00,967.210622606
2018-01-11 09:57:00,967.210622606
2018-01-11 09:58:00,967.210622606
2018-01-11 09:59:00,967.210622606
2018-01-11 10:00:00,967.210622606
2018-01-11 10:01:00,967.210622606
2018-01-11 10:02:00,957.290464818
2018-01-11 10:03:00,957.290464818
2018-01-11 10:04:00,957.290464818
2018-01-11 10:05:00,967.210622606
2018-01-11 10:06:00,967.210622606
2018-01-11 10:07:00,967.210622606
2018-01-11 10:08:00,967.210622606
2018-01-11 10:09:00,967.210622606
2018-01-11 10:10:00,967.210622606
2018-01-11 10:11:00,947.370307031
2018-01-11 10:12:00,947.370307031
2018-01-11 10:13:00,937.450149243
2018-01-11 10:14:00,937.450149243
2018-01-11 10:15:00,937.450149243
2018-01-11 10:16:00,937.450149243
2018-01-11 10:17:00,947.370307031
2018-01-11 10:18:00,947.370307031
2018-01-11 10:19:00,947.370307031
2018-01-11 10:20:00,947.370307031
2018-01-11 10:21:00,947.370307031
2018-01-11 10:22:00,947.370307031
2018-01-11 10:23:00,947.370307031
2018-01-11 10:24:00,947.370307031
2018-01-11 10:25:00,937.450149243
2018-01-11 10:26:00,947.370307031
2018-01-11 10:27:00,947.370307031
2018-01-11 10:28:00,967.210622606
2018-01-11 10:29:00,967.210622606
2018-01-11 10:30:00,967.210622606
2018-01-11 10:31:00,967.210622606
2018-01-11 10:32:00,967.210622606
2018-01-11 10:33:00,957.290464818
2018-01-11 10:34:00,957.290464818
2018-01-11 10:35:00,957.290464818
2018-01-11 10:36:00,967.210622606
2018-01-11 10:37:00,967.210622606
2018-01-11 10:38:00,967.210622606
2018-01-11 10:39:00,947.370307031
2018-01-11 10:40:00,967.210622606
2018-01-11 10:41:00,967.210622606
2018-01-11 10:42:00,977.130780393
2018-01-11 10:43:00,977.130780393
2018-01-11 10:44:00,987.050938181
2018-01-11 10:45:00,1006.89125376
2018-01-11 10:46:00,1006.89125376
2018-01-11 10:47:00,1026.73156933
2018-01-11 10:48:00,1026.73156933
2018-01-11 10:49:00,1026.73156933
2018-01-11 10:50:00,1026.73156933
2018-01-11 10:51:00,1026.73156933
2018-01-11 10:52:00,1026.73156933
2018-01-11 10:53:00,1046.57188491
2018-01-11 10:54:00,1056.49204269
2018-01-11 10:55:00,1046.57188491
2018-01-11 10:56:00,1046.57188491
2018-01-11 10:57:00,1046.57188491
2018-01-11 10:58:00,1046.57188491
2018-01-11 10:59:00,1046.57188491
2018-01-11 11:00:00,1046.57188491
2018-01-11 11:01:00,1046.57188491
2018-01-11 11:02:00,1046.57188491
2018-01-11 11:03:00,1046.57188491
2018-01-11 11:04:00,1046.57188491
2018-01-11 11:05:00,1046.57188491
2018-01-11 11:06:00,1046.57188491
2018-01-11 11:07:00,1046.57188491
2018-01-11 11:08:00,1046.57188491
2018-01-11 11:09:00,1046.57188491
2018-01-11 11:10:00,1046.57188491
2018-01-11 11:11:00,1046.57188491
2018-01-11 11:12:00,1046.57188491
2018-01-11 11:13:00,1036.65172712
2018-01-11 11:14:00,1046.57188491
2018-01-11 11:15:00,1046.57188491
2018-01-11 11:16:00,1046.57188491
2018-01-11 11:17:00,1046.57188491
2018-01-11 11:18:00,1066.41220048
2018-01-11 11:19:00,1066.41220048
2018-01-11 11:20:00,1066.41220048
2018-01-11 11:21:00,1056.49204269
2018-01-11 11:22:00,1056.49204269
2018-01-11 11:23:00,1056.49204269
2018-01-11 11:24:00,1016.81141154
2018-01-11 11:25:00,1016.81141154
2018-01-11 11:26:00,1016.81141154
2018-01-11 11:27:00,1016.81141154
2018-01-11 11:28:00,1016.81141154
2018-01-11 11:29:00,1016.81141154
2018-01-11 11:30:00,1016.81141154
2018-01-11 11:31:00,1016.81141154
2018-01-11 11:32:00,1016.81141154
2018-01-11 11:33:00,1016.81141154
2018-01-11 11:34:00,996.971095968
2018-01-11 11:35:00,996.971095968
2018-01-11 11:36:00,996.971095968
2018-01-11 11:37:00,987.050938181
2018-01-11 11:38:00,987.050938181
2018-01-11 11:39:00,987.050938181
2018-01-11 11:40:00,987.050938181
2018-01-11 11:41:00,996.971095968
2018-01-11 11:42:00,996.971095968
2018-01-11 11:43:00,996.971095968
2018-01-11 11:44:00,1006.89125376
2018-01-11 11:45:00,996.971095968
2018-01-11 11:46:00,996.971095968
2018-01-11 11:47:00,996.971095968
2018-01-11 11:48:00,1016.81141154
2018-01-11 11:49:00,1016.81141154
2018-01-11 11:50:00,1016.81141154
2018-01-11 11:51:00,1016.81141154
2018-01-11 11:52:00,1016.81141154
2018-01-11 11:53:00,1016.81141154
2018-01-11 11:54:00,1006.89125376
2018-01-11 11:55:00,1016.81141154
2018-01-11 11:56:00,1016.81141154
2018-01-11 11:57:00,1016.81141154
2018-01-11 11:58:00,1016.81141154
2018-01-11 11:59:00,1016.81141154
2018-01-12 01:29:00,798.567146605
2018-01-12 01:30:00,798.567146605
2018-01-12 01:31:00,798.567146605
2018-01-12 01:32:00,798.567146605
2018-01-12 01:33:00,798.567146605
2018-01-12 01:34:00,987.050144568
2018-01-12 01:35:00,987.050144568
2018-01-12 01:36:00,987.050144568
2018-01-12 01:37:00,987.050144568
2018-01-12 01:38:00,987.050144568
2018-01-12 01:39:00,987.050144568
2018-01-12 01:40:00,987.050144568
2018-01-12 01:41:00,967.209828993
2018-01-12 01:42:00,967.209828993
2018-01-12 01:43:00,967.209828993
2018-01-12 01:44:00,967.209828993
2018-01-12 01:45:00,967.209828993
2018-01-12 01:46:00,967.209828993
2018-01-12 01:47:00,967.209828993
2018-01-12 01:48:00,967.209828993
2018-01-12 01:49:00,967.209828993
2018-01-12 01:50:00,967.209828993
2018-01-12 01:51:00,987.050144568
2018-01-12 01:52:00,987.050144568
2018-01-12 01:53:00,967.209828993
2018-01-12 01:54:00,967.209828993
2018-01-12 01:55:00,987.050144568
2018-01-12 01:56:00,987.050144568
2018-01-12 01:57:00,987.050144568
2018-01-12 01:58:00,1006.89046014
2018-01-12 01:59:00,1006.89046014
2018-01-12 02:00:00,1006.89046014
2018-01-12 02:01:00,1016.81061793
2018-01-12 02:02:00,1026.73077572
2018-01-12 02:03:00,1026.73077572
2018-01-12 02:04:00,1006.89046014
2018-01-12 02:05:00,1016.81061793
2018-01-12 02:06:00,1016.81061793
2018-01-12 02:07:00,1016.81061793
2018-01-12 02:08:00,1016.81061793
2018-01-12 02:09:00,1006.89046014
2018-01-12 02:10:00,1006.89046014
2018-01-12 02:11:00,1006.89046014
2018-01-12 02:12:00,1006.89046014
2018-01-12 02:13:00,1016.81061793
2018-01-12 02:14:00,1016.81061793
2018-01-12 02:15:00,1016.81061793
2018-01-12 02:16:00,1016.81061793
2018-01-12 02:17:00,1016.81061793
2018-01-12 02:18:00,1016.81061793
2018-01-12 02:19:00,1006.89046014
2018-01-12 02:20:00,1006.89046014
2018-01-12 02:21:00,1006.89046014
2018-01-12 02:22:00,1016.81061793
2018-01-12 02:23:00,1006.89046014
2018-01-12 02:24:00,1016.81061793
2018-01-12 02:25:00,1016.81061793
2018-01-12 02:26:00,1006.89046014
2018-01-12 02:27:00,1006.89046014
2018-01-12 02:28:00,996.970302355
2018-01-12 02:29:00,996.970302355
2018-01-12 02:30:00,996.970302355
2018-01-12 02:31:00,987.050144568
2018-01-12 02:32:00,957.289671205
2018-01-12 02:33:00,967.209828993
2018-01-12 02:34:00,977.12998678
2018-01-12 02:35:00,987.050144568
2018-01-12 02:36:00,957.289671205
2018-01-12 02:37:00,957.289671205
2018-01-12 02:38:00,957.289671205
2018-01-12 02:39:00,967.209828993
2018-01-12 02:40:00,957.289671205
2018-01-12 02:41:00,957.289671205
2018-01-12 02:42:00,957.289671205
2018-01-12 02:43:00,957.289671205
2018-01-12 02:44:00,957.289671205
2018-01-12 02:45:00,957.289671205
2018-01-12 02:46:00,957.289671205
2018-01-12 02:47:00,957.289671205
2018-01-12 02:48:00,957.289671205
2018-01-12 02:49:00,957.289671205
2018-01-12 02:50:00,957.289671205
2018-01-12 02:51:00,977.12998678
2018-01-12 02:52:00,1006.89046014
2018-01-12 02:53:00,1016.81061793
2018-01-12 02:54:00,1016.81061793
2018-01-12 02:55:00,1006.89046014
2018-01-12 02:56:00,1006.89046014
2018-01-12 02:57:00,1016.81061793
2018-01-12 02:58:00,1026.73077572
2018-01-12 02:59:00,1026.73077572
2018-01-12 03:00:00,1016.81061793
2018-01-12 03:01:00,1016.81061793
2018-01-12 03:02:00,1016.81061793
2018-01-12 03:03:00,1016.81061793
2018-01-12 03:04:00,1016.81061793
2018-01-12 03:05:00,1016.81061793
2018-01-12 03:06:00,1016.81061793
2018-01-12 03:07:00,1016.81061793
2018-01-12 03:08:00,1016.81061793
2018-01-12 03:09:00,977.12998678
2018-01-12 03:10:00,977.12998678
2018-01-12 03:11:00,987.050144568
2018-01-12 03:12:00,987.050144568
2018-01-12 03:13:00,967.209828993
2018-01-12 03:14:00,967.209828993
2018-01-12 03:15:00,957.289671205
2018-01-12 03:16:00,967.209828993
2018-01-12 03:17:00,967.209828993
2018-01-12 03:18:00,967.209828993
2018-01-12 03:19:00,967.209828993
2018-01-12 03:20:00,967.209828993
2018-01-12 03:21:00,977.12998678
2018-01-12 03:22:00,967.209828993
2018-01-12 03:23:00,967.209828993
2018-01-12 03:24:00,977.12998678
2018-01-12 03:25:00,987.050144568
2018-01-12 03:26:00,987.050144568
2018-01-12 03:27:00,987.050144568
2018-01-12 03:28:00,987.050144568
2018-01-12 03:29:00,987.050144568
2018-01-12 03:30:00,987.050144568
2018-01-12 03:31:00,987.050144568
2018-01-12 03:32:00,987.050144568
2018-01-12 03:33:00,987.050144568
2018-01-12 03:34:00,967.209828993
2018-01-12 03:35:00,987.050144568
2018-01-12 03:36:00,967.209828993
2018-01-12 03:37:00,987.050144568
2018-01-12 03:38:00,987.050144568
2018-01-12 03:39:00,996.970302355
2018-01-12 03:40:00,996.970302355
2018-01-12 03:41:00,996.970302355
2018-01-12 03:42:00,996.970302355
2018-01-12 03:43:00,996.970302355
2018-01-12 03:44:00,996.970302355
2018-01-12 03:45:00,996.970302355
2018-01-12 03:46:00,996.970302355
2018-01-12 03:47:00,996.970302355
2018-01-12 03:48:00,996.970302355
2018-01-12 03:49:00,996.970302355
2018-01-12 03:50:00,967.209828993
2018-01-12 03:51:00,967.209828993
2018-01-12 03:52:00,967.209828993
2018-01-12 03:53:00,967.209828993
2018-01-12 03:54:00,967.209828993
2018-01-12 03:55:00,967.209828993
2018-01-12 03:56:00,967.209828993
2018-01-12 03:57:00,967.209828993
2018-01-12 03:58:00,967.209828993
2018-01-12 03:59:00,967.209828993
2018-01-12 04:00:00,967.209828993
2018-01-12 04:01:00,967.209828993
2018-01-12 04:02:00,967.209828993
2018-01-12 04:03:00,967.209828993
2018-01-12 04:04:00,967.209828993
2018-01-12 04:05:00,967.209828993
2018-01-12 04:06:00,947.369513418
2018-01-12 04:07:00,927.529197843
2018-01-12 04:08:00,927.529197843
2018-01-12 04:09:00,927.529197843
2018-01-12 04:10:00,927.529197843
2018-01-12 04:11:00,927.529197843
2018-01-12 04:12:00,937.44935563
2018-01-12 04:13:00,927.529197843
2018-01-12 04:14:00,927.529197843
2018-01-12 04:15:00,927.529197843
2018-01-12 04:16:00,927.529197843
2018-01-12 04:17:00,927.529197843
2018-01-12 04:18:00,927.529197843
2018-01-12 04:19:00,917.609040055
2018-01-12 04:20:00,897.76872448
2018-01-12 04:21:00,887.848566693
2018-01-12 04:22:00,887.848566693
2018-01-12 04:23:00,887.848566693
2018-01-12 04:24:00,877.928408905
2018-01-12 04:25:00,877.928408905
2018-01-12 04:26:00,877.928408905
2018-01-12 04:27:00,877.928408905
2018-01-12 04:28:00,877.928408905
2018-01-12 04:29:00,877.928408905
2018-01-12 04:30:00,877.928408905
2018-01-12 04:31:00,877.928408905
2018-01-12 04:32:00,877.928408905
2018-01-12 04:33:00,897.76872448
2018-01-12 04:34:00,897.76872448
2018-01-12 04:35:00,897.76872448
2018-01-12 04:36:00,897.76872448
2018-01-12 04:37:00,887.848566693
2018-01-12 04:38:00,887.848566693
2018-01-12 04:39:00,887.848566693
2018-01-12 04:40:00,887.848566693
2018-01-12 04:41:00,877.928408905
2018-01-12 04:42:00,877.928408905
2018-01-12 04:43:00,877.928408905
2018-01-12 04:44:00,877.928408905
2018-01-12 04:45:00,877.928408905
2018-01-12 04:46:00,877.928408905
2018-01-12 04:47:00,877.928408905
2018-01-12 04:48:00,877.928408905
2018-01-12 04:49:00,877.928408905
2018-01-12 04:50:00,887.848566693
2018-01-12 04:51:00,887.848566693
2018-01-12 04:52:00,887.848566693
2018-01-12 04:53:00,877.928408905
2018-01-12 04:54:00,877.928408905
2018-01-12 04:55:00,858.08809333
2018-01-12 04:56:00,858.08809333
2018-01-12 04:57:00,877.928408905
2018-01-12 04:58:00,877.928408905
2018-01-12 04:59:00,877.928408905
2018-01-12 05:00:00,887.848566693
2018-01-12 05:01:00,887.848566693
2018-01-12 05:02:00,907.688882268
2018-01-12 05:03:00,907.688882268
2018-01-12 05:04:00,917.609040055
2018-01-12 05:05:00,917.609040055
2018-01-12 05:06:00,927.529197843
2018-01-12 05:07:00,927.529197843
2018-01-12 05:08:00,927.529197843
2018-01-12 05:09:00,907.688882268
2018-01-12 05:10:00,887.848566693
2018-01-12 05:11:00,887.848566693
2018-01-12 05:12:00,887.848566693
2018-01-12 05:13:00,887.848566693
2018-01-12 05:14:00,887.848566693
2018-01-12 05:15:00,887.848566693
2018-01-12 05:16:00,887.848566693
2018-01-12 05:17:00,887.848566693
2018-01-12 05:18:00,887.848566693
2018-01-12 05:19:00,887.848566693
2018-01-12 05:20:00,887.848566693
2018-01-12 05:21:00,877.928408905
2018-01-12 05:22:00,887.848566693
2018-01-12 05:23:00,887.848566693
2018-01-12 05:24:00,887.848566693
2018-01-12 05:25:00,887.848566693
2018-01-12 05:26:00,887.848566693
2018-01-12 05:27:00,887.848566693
2018-01-12 05:28:00,887.848566693
2018-01-12 05:29:00,887.848566693
2018-01-12 05:30:00,887.848566693
2018-01-12 05:31:00,887.848566693
2018-01-12 05:32:00,877.928408905
2018-01-12 05:33:00,877.928408905
2018-01-12 05:34:00,877.928408905
2018-01-12 05:35:00,868.008251118
2018-01-12 05:36:00,868.008251118
2018-01-12 05:37:00,868.008251118
2018-01-12 05:38:00,868.008251118
2018-01-12 05:39:00,868.008251118
2018-01-12 05:40:00,868.008251118
2018-01-12 05:41:00,868.008251118
2018-01-12 05:42:00,868.008251118
2018-01-12 05:43:00,868.008251118
2018-01-12 05:44:00,868.008251118
2018-01-12 05:45:00,868.008251118
2018-01-12 05:46:00,868.008251118
2018-01-12 05:47:00,877.928408905
2018-01-12 05:48:00,877.928408905
2018-01-12 05:49:00,868.008251118
2018-01-12 05:50:00,868.008251118
2018-01-12 05:51:00,868.008251118
2018-01-12 05:52:00,868.008251118
2018-01-12 05:53:00,868.008251118
2018-01-12 05:54:00,868.008251118
2018-01-12 05:55:00,868.008251118
2018-01-12 05:56:00,868.008251118
2018-01-12 05:57:00,868.008251118
2018-01-12 05:58:00,868.008251118
2018-01-12 05:59:00,877.928408905
2018-01-12 06:00:00,877.928408905
2018-01-12 06:01:00,877.928408905
2018-01-12 06:02:00,877.928408905
2018-01-12 06:03:00,877.928408905
2018-01-12 06:04:00,877.928408905
2018-01-12 06:05:00,897.76872448
2018-01-12 06:06:00,897.76872448
2018-01-12 06:07:00,897.76872448
2018-01-12 06:08:00,897.76872448
2018-01-12 06:09:00,897.76872448
2018-01-12 06:10:00,897.76872448
2018-01-12 06:11:00,907.688882268
2018-01-12 06:12:00,907.688882268
2018-01-12 06:13:00,907.688882268
2018-01-12 06:14:00,877.928408905
2018-01-12 06:15:00,887.848566693
2018-01-12 06:16:00,887.848566693
2018-01-12 06:17:00,877.928408905
2018-01-12 06:18:00,887.848566693
2018-01-12 06:19:00,887.848566693
2018-01-12 06:20:00,887.848566693
2018-01-12 06:21:00,887.848566693
2018-01-12 06:22:00,887.848566693
2018-01-12 06:23:00,887.848566693
2018-01-12 06:24:00,887.848566693
2018-01-12 06:25:00,887.848566693
2018-01-12 06:26:00,887.848566693
2018-01-12 06:27:00,887.848566693
2018-01-12 06:28:00,887.848566693
2018-01-12 06:29:00,887.848566693
2018-01-12 06:30:00,887.848566693
2018-01-12 06:31:00,877.928408905
2018-01-12 06:32:00,868.008251118
2018-01-12 06:33:00,868.008251118
2018-01-12 06:34:00,868.008251118
2018-01-12 06:35:00,877.928408905
2018-01-12 06:36:00,877.928408905
2018-01-12 06:37:00,877.928408905
2018-01-12 06:38:00,877.928408905
2018-01-12 06:39:00,887.848566693
2018-01-12 06:40:00,887.848566693
2018-01-12 06:41:00,887.848566693
2018-01-12 06:42:00,887.848566693
2018-01-12 06:43:00,887.848566693
2018-01-12 06:44:00,887.848566693
2018-01-12 06:45:00,887.848566693
2018-01-12 06:46:00,887.848566693
2018-01-12 06:47:00,887.848566693
2018-01-12 06:48:00,887.848566693
2018-01-12 06:49:00,887.848566693
2018-01-12 06:50:00,887.848566693
2018-01-12 06:51:00,887.848566693
2018-01-12 06:52:00,907.688882268
2018-01-12 06:53:00,897.76872448
2018-01-12 06:54:00,897.76872448
2018-01-12 06:55:00,897.76872448
2018-01-12 06:56:00,897.76872448
2018-01-12 06:57:00,897.76872448
2018-01-12 06:58:00,907.688882268
2018-01-12 06:59:00,907.688882268
2018-01-12 07:00:00,907.688882268
2018-01-12 07:01:00,907.688882268
2018-01-12 07:02:00,907.688882268
2018-01-12 07:03:00,907.688882268
2018-01-12 07:04:00,907.688882268
2018-01-12 07:05:00,907.688882268
2018-01-12 07:06:00,907.688882268
2018-01-12 07:07:00,907.688882268
2018-01-12 07:08:00,907.688882268
2018-01-12 07:09:00,907.688882268
2018-01-12 07:10:00,907.688882268
2018-01-12 07:11:00,907.688882268
2018-01-12 07:12:00,907.688882268
2018-01-12 07:13:00,907.688882268
2018-01-12 07:14:00,907.688882268
2018-01-12 07:15:00,907.688882268
2018-01-12 07:16:00,907.688882268
2018-01-12 07:17:00,907.688882268
2018-01-12 07:18:00,887.848566693
2018-01-12 07:19:00,887.848566693
2018-01-12 07:20:00,887.848566693
2018-01-12 07:21:00,887.848566693
2018-01-12 07:22:00,887.848566693
2018-01-12 07:23:00,877.928408905
2018-01-12 07:24:00,877.928408905
2018-01-12 07:25:00,877.928408905
2018-01-12 07:26:00,877.928408905
2018-01-12 07:27:00,897.76872448
2018-01-12 07:28:00,887.848566693
2018-01-12 07:29:00,887.848566693
2018-01-12 07:30:00,858.08809333
2018-01-12 07:31:00,858.08809333
2018-01-12 07:32:00,858.08809333
2018-01-12 07:33:00,868.008251118
2018-01-12 07:34:00,838.247777755
2018-01-12 07:35:00,838.247777755
2018-01-12 07:36:00,838.247777755
2018-01-12 07:37:00,838.247777755
2018-01-12 07:38:00,838.247777755
2018-01-12 07:39:00,828.327619968
2018-01-12 07:40:00,798.567146605
2018-01-12 07:41:00,798.567146605
2018-01-12 07:42:00,788.646988818
2018-01-12 07:43:00,798.567146605
2018-01-12 07:44:00,808.487304393
2018-01-12 07:45:00,798.567146605
2018-01-12 07:46:00,758.886515455
2018-01-12 07:47:00,679.525253155
2018-01-12 07:48:00,580.32367528
2018-01-12 07:49:00,540.64304413
2018-01-12 07:50:00,550.563201918
2018-01-12 07:51:00,560.483359705
2018-01-12 07:52:00,570.403517493
2018-01-12 07:53:00,550.563201918
2018-01-12 07:54:00,560.483359705
2018-01-12 07:55:00,560.483359705
2018-01-12 07:56:00,560.483359705
2018-01-12 07:57:00,570.403517493
2018-01-12 07:58:00,560.483359705
2018-01-12 07:59:00,570.403517493
2018-01-12 08:00:00,649.764779793
2018-01-12 08:01:00,639.844622005
2018-01-12 08:02:00,629.924464218
2018-01-12 08:03:00,629.924464218
2018-01-12 08:04:00,629.924464218
2018-01-12 08:05:00,629.924464218
2018-01-12 08:06:00,620.00430643
2018-01-12 08:07:00,610.084148643
2018-01-12 08:08:00,610.084148643
2018-01-12 08:09:00,610.084148643
2018-01-12 08:10:00,610.084148643
2018-01-12 08:11:00,610.084148643
2018-01-12 08:12:00,610.084148643
2018-01-12 08:13:00,629.924464218
2018-01-12 08:14:00,639.844622005
2018-01-12 08:15:00,629.924464218
2018-01-12 08:16:00,629.924464218
2018-01-12 08:17:00,620.00430643
2018-01-12 08:18:00,620.00430643
2018-01-12 08:19:00,620.00430643
2018-01-12 08:20:00,659.68493758
2018-01-12 08:21:00,649.764779793
2018-01-12 08:22:00,649.764779793
2018-01-12 08:23:00,649.764779793
2018-01-12 08:24:00,649.764779793
2018-01-12 08:25:00,639.844622005
2018-01-12 08:26:00,649.764779793
2018-01-12 08:27:00,649.764779793
2018-01-12 08:28:00,659.68493758
2018-01-12 08:29:00,659.68493758
2018-01-12 08:30:00,679.525253155
2018-01-12 08:31:00,679.525253155
2018-01-12 08:32:00,679.525253155
2018-01-12 08:33:00,659.68493758
2018-01-12 08:34:00,659.68493758
2018-01-12 08:35:00,689.445410943
2018-01-12 08:36:00,689.445410943
2018-01-12 08:37:00,709.285726518
2018-01-12 08:38:00,699.36556873
2018-01-12 08:39:00,719.205884305
2018-01-12 08:40:00,709.285726518
2018-01-12 08:41:00,689.445410943
2018-01-12 08:42:00,699.36556873
2018-01-12 08:43:00,679.525253155
2018-01-12 08:44:00,689.445410943
2018-01-12 08:45:00,689.445410943
2018-01-12 08:46:00,689.445410943
2018-01-12 08:47:00,679.525253155
2018-01-12 08:48:00,669.605095368
2018-01-12 08:49:00,669.605095368
2018-01-12 08:50:00,669.605095368
2018-01-12 08:51:00,669.605095368
2018-01-12 08:52:00,669.605095368
2018-01-12 08:53:00,699.36556873
2018-01-12 08:54:00,699.36556873
2018-01-12 08:55:00,699.36556873
2018-01-12 08:56:00,699.36556873
2018-01-12 08:57:00,699.36556873
2018-01-12 08:58:00,699.36556873
2018-01-12 08:59:00,689.445410943
2018-01-12 09:00:00,689.445410943
2018-01-12 09:01:00,689.445410943
2018-01-12 09:02:00,689.445410943
2018-01-12 09:03:00,689.445410943
2018-01-12 09:04:00,689.445410943
2018-01-12 09:05:00,689.445410943
2018-01-12 09:06:00,699.36556873
2018-01-12 09:07:00,699.36556873
2018-01-12 09:08:00,699.36556873
2018-01-12 09:09:00,699.36556873
2018-01-12 09:10:00,689.445410943
2018-01-12 09:11:00,699.36556873
2018-01-12 09:12:00,679.525253155
2018-01-12 09:13:00,679.525253155
2018-01-12 09:14:00,679.525253155
2018-01-12 09:15:00,669.605095368
2018-01-12 09:16:00,669.605095368
2018-01-12 09:17:00,669.605095368
2018-01-12 09:18:00,669.605095368
2018-01-12 09:19:00,669.605095368
2018-01-12 09:20:00,669.605095368
2018-01-12 09:21:00,669.605095368
2018-01-12 09:22:00,669.605095368
2018-01-12 09:23:00,669.605095368
2018-01-12 09:24:00,669.605095368
2018-01-12 09:25:00,669.605095368
2018-01-12 09:26:00,669.605095368
2018-01-12 09:27:00,669.605095368
2018-01-12 09:28:00,669.605095368
2018-01-12 09:29:00,669.605095368
2018-01-12 09:30:00,669.605095368
2018-01-12 09:31:00,669.605095368
2018-01-12 09:32:00,669.605095368
2018-01-12 09:33:00,679.525253155
2018-01-12 09:34:00,679.525253155
2018-01-12 09:35:00,679.525253155
2018-01-12 09:36:00,679.525253155
2018-01-12 09:37:00,679.525253155
2018-01-12 09:38:00,689.445410943
2018-01-12 09:39:00,689.445410943
2018-01-12 09:40:00,689.445410943
2018-01-12 09:41:00,689.445410943
2018-01-12 09:42:00,699.36556873
2018-01-12 09:43:00,719.205884305
2018-01-12 09:44:00,719.205884305
2018-01-12 09:45:00,709.285726518
2018-01-12 09:46:00,709.285726518
2018-01-12 09:47:00,729.126042093
2018-01-12 09:48:00,739.04619988
2018-01-12 09:49:00,719.205884305
2018-01-12 09:50:00,719.205884305
2018-01-12 09:51:00,729.126042093
2018-01-12 09:52:00,709.285726518
2018-01-12 09:53:00,719.205884305
2018-01-12 09:54:00,699.36556873
2018-01-12 09:55:00,699.36556873
2018-01-12 09:56:00,719.205884305
2018-01-12 09:57:00,719.205884305
2018-01-12 09:58:00,719.205884305
2018-01-12 09:59:00,719.205884305
2018-01-12 10:00:00,709.285726518
2018-01-12 10:01:00,709.285726518
2018-01-12 10:02:00,709.285726518
2018-01-12 10:03:00,709.285726518
2018-01-12 10:04:00,689.445410943
2018-01-12 10:05:00,689.445410943
2018-01-12 10:06:00,689.445410943
2018-01-12 10:07:00,689.445410943
2018-01-12 10:08:00,689.445410943
2018-01-12 10:09:00,689.445410943
2018-01-12 10:10:00,689.445410943
2018-01-12 10:11:00,689.445410943
2018-01-12 10:12:00,709.285726518
2018-01-12 10:13:00,719.205884305
2018-01-12 10:14:00,709.285726518
2018-01-12 10:15:00,709.285726518
2018-01-12 10:16:00,709.285726518
2018-01-12 10:17:00,709.285726518
2018-01-12 10:18:00,719.205884305
2018-01-12 10:19:00,739.04619988
2018-01-12 10:20:00,739.04619988
2018-01-12 10:21:00,729.126042093
2018-01-12 10:22:00,729.126042093
2018-01-12 10:23:00,719.205884305
2018-01-12 10:24:00,719.205884305
2018-01-12 10:25:00,719.205884305
2018-01-12 10:26:00,719.205884305
2018-01-12 10:27:00,729.126042093
2018-01-12 10:28:00,719.205884305
2018-01-12 10:29:00,719.205884305
2018-01-12 10:30:00,739.04619988
2018-01-12 10:31:00,739.04619988
2018-01-12 10:32:00,758.886515455
2018-01-12 10:33:00,758.886515455
2018-01-12 10:34:00,768.806673243
2018-01-12 10:35:00,768.806673243
2018-01-12 10:36:00,778.72683103
2018-01-12 10:37:00,778.72683103
2018-01-12 10:38:00,788.646988818
2018-01-12 10:39:00,798.567146605
2018-01-12 10:40:00,798.567146605
2018-01-12 10:41:00,798.567146605
2018-01-12 10:42:00,798.567146605
2018-01-12 10:43:00,788.646988818
2018-01-12 10:44:00,788.646988818
2018-01-12 10:45:00,788.646988818
2018-01-12 10:46:00,788.646988818
2018-01-12 10:47:00,788.646988818
2018-01-12 10:48:00,788.646988818
2018-01-12 10:49:00,788.646988818
2018-01-12 10:50:00,788.646988818
2018-01-12 10:51:00,768.806673243
2018-01-12 10:52:00,768.806673243
2018-01-12 10:53:00,788.646988818
2018-01-12 10:54:00,788.646988818
2018-01-12 10:55:00,788.646988818
2018-01-12 10:56:00,788.646988818
2018-01-12 10:57:00,788.646988818
2018-01-12 10:58:00,788.646988818
2018-01-12 10:59:00,788.646988818
2018-01-12 11:00:00,758.886515455
2018-01-12 11:01:00,758.886515455
2018-01-12 11:02:00,758.886515455
2018-01-12 11:03:00,758.886515455
2018-01-12 11:04:00,758.886515455
2018-01-12 11:05:00,758.886515455
2018-01-12 11:06:00,758.886515455
2018-01-12 11:07:00,808.487304393
2018-01-12 11:08:00,808.487304393
2018-01-12 11:09:00,808.487304393
2018-01-12 11:10:00,798.567146605
2018-01-12 11:11:00,798.567146605
2018-01-12 11:12:00,828.327619968
2018-01-12 11:13:00,828.327619968
2018-01-12 11:14:00,828.327619968
2018-01-12 11:15:00,838.247777755
2018-01-12 11:16:00,838.247777755
2018-01-12 11:17:00,828.327619968
2018-01-12 11:18:00,818.40746218
2018-01-12 11:19:00,818.40746218
2018-01-12 11:20:00,808.487304393
2018-01-12 11:21:00,808.487304393
2018-01-12 11:22:00,798.567146605
2018-01-12 11:23:00,798.567146605
2018-01-12 11:24:00,798.567146605
2018-01-12 11:25:00,838.247777755
2018-01-12 11:26:00,838.247777755
2018-01-12 11:27:00,798.567146605
2018-01-12 11:28:00,798.567146605
2018-01-12 11:29:00,808.487304393
2018-01-12 11:30:00,808.487304393
2018-01-12 11:31:00,798.567146605
2018-01-12 11:32:00,818.40746218
2018-01-12 11:33:00,818.40746218
2018-01-12 11:34:00,808.487304393
2018-01-12 11:35:00,808.487304393
2018-01-12 11:36:00,808.487304393
2018-01-12 11:37:00,808.487304393
2018-01-12 11:38:00,808.487304393
2018-01-12 11:39:00,808.487304393
2018-01-12 11:40:00,798.567146605
2018-01-12 11:41:00,798.567146605
2018-01-12 11:42:00,798.567146605
2018-01-12 11:43:00,798.567146605
2018-01-12 11:44:00,788.646988818
2018-01-12 11:45:00,778.72683103
2018-01-12 11:46:00,778.72683103
2018-01-12 11:47:00,778.72683103
2018-01-12 11:48:00,768.806673243
2018-01-12 11:49:00,768.806673243
2018-01-12 11:50:00,778.72683103
2018-01-12 11:51:00,778.72683103
2018-01-12 11:52:00,778.72683103
2018-01-12 11:53:00,778.72683103
2018-01-12 11:54:00,778.72683103
2018-01-12 11:55:00,778.72683103
2018-01-12 11:56:00,778.72683103
2018-01-12 11:57:00,768.806673243
2018-01-12 11:58:00,768.806673243
2018-01-12 11:59:00,768.806673243
2018-01-15 01:29:00,486.330556193
2018-01-15 01:30:00,486.330556193
2018-01-15 01:31:00,486.330556193
2018-01-15 01:32:00,486.330556193
2018-01-15 01:33:00,486.330556193
2018-01-15 01:34:00,767.342526443
2018-01-15 01:35:00,767.342526443
2018-01-15 01:36:00,767.342526443
2018-01-15 01:37:00,767.342526443
2018-01-15 01:38:00,767.342526443
2018-01-15 01:39:00,767.342526443
2018-01-15 01:40:00,767.342526443
2018-01-15 01:41:00,767.342526443
2018-01-15 01:42:00,788.158227943
2018-01-15 01:43:00,788.158227943
2018-01-15 01:44:00,798.566078693
2018-01-15 01:45:00,798.566078693
2018-01-15 01:46:00,798.566078693
2018-01-15 01:47:00,798.566078693
2018-01-15 01:48:00,798.566078693
2018-01-15 01:49:00,798.566078693
2018-01-15 01:50:00,798.566078693
2018-01-15 01:51:00,798.566078693
2018-01-15 01:52:00,798.566078693
2018-01-15 01:53:00,798.566078693
2018-01-15 01:54:00,798.566078693
2018-01-15 01:55:00,798.566078693
2018-01-15 01:56:00,808.973929443
2018-01-15 01:57:00,840.197481693
2018-01-15 01:58:00,840.197481693
2018-01-15 01:59:00,850.605332443
2018-01-15 02:00:00,829.789630943
2018-01-15 02:01:00,819.381780193
2018-01-15 02:02:00,829.789630943
2018-01-15 02:03:00,829.789630943
2018-01-15 02:04:00,829.789630943
2018-01-15 02:05:00,829.789630943
2018-01-15 02:06:00,829.789630943
2018-01-15 02:07:00,829.789630943
2018-01-15 02:08:00,840.197481693
2018-01-15 02:09:00,850.605332443
2018-01-15 02:10:00,850.605332443
2018-01-15 02:11:00,850.605332443
2018-01-15 02:12:00,850.605332443
2018-01-15 02:13:00,850.605332443
2018-01-15 02:14:00,850.605332443
2018-01-15 02:15:00,850.605332443
2018-01-15 02:16:00,850.605332443
2018-01-15 02:17:00,850.605332443
2018-01-15 02:18:00,871.421033943
2018-01-15 02:19:00,871.421033943
2018-01-15 02:20:00,871.421033943
2018-01-15 02:21:00,871.421033943
2018-01-15 02:22:00,881.828884693
2018-01-15 02:23:00,871.421033943
2018-01-15 02:24:00,871.421033943
2018-01-15 02:25:00,871.421033943
2018-01-15 02:26:00,871.421033943
2018-01-15 02:27:00,871.421033943
2018-01-15 02:28:00,871.421033943
2018-01-15 02:29:00,871.421033943
2018-01-15 02:30:00,861.013183193
2018-01-15 02:31:00,861.013183193
2018-01-15 02:32:00,871.421033943
2018-01-15 02:33:00,850.605332443
2018-01-15 02:34:00,871.421033943
2018-01-15 02:35:00,892.236735443
2018-01-15 02:36:00,892.236735443
2018-01-15 02:37:00,892.236735443
2018-01-15 02:38:00,892.236735443
2018-01-15 02:39:00,913.052436943
2018-01-15 02:40:00,902.644586193
2018-01-15 02:41:00,902.644586193
2018-01-15 02:42:00,902.644586193
2018-01-15 02:43:00,913.052436943
2018-01-15 02:44:00,923.460287693
2018-01-15 02:45:00,913.052436943
2018-01-15 02:46:00,902.644586193
2018-01-15 02:47:00,913.052436943
2018-01-15 02:48:00,913.052436943
2018-01-15 02:49:00,913.052436943
2018-01-15 02:50:00,913.052436943
2018-01-15 02:51:00,902.644586193
2018-01-15 02:52:00,902.644586193
2018-01-15 02:53:00,902.644586193
2018-01-15 02:54:00,881.828884693
2018-01-15 02:55:00,881.828884693
2018-01-15 02:56:00,881.828884693
2018-01-15 02:57:00,881.828884693
2018-01-15 02:58:00,881.828884693
2018-01-15 02:59:00,881.828884693
2018-01-15 03:00:00,881.828884693
2018-01-15 03:01:00,881.828884693
2018-01-15 03:02:00,881.828884693
2018-01-15 03:03:00,881.828884693
2018-01-15 03:04:00,881.828884693
2018-01-15 03:05:00,871.421033943
2018-01-15 03:06:00,881.828884693
2018-01-15 03:07:00,861.013183193
2018-01-15 03:08:00,861.013183193
2018-01-15 03:09:00,871.421033943
2018-01-15 03:10:00,871.421033943
2018-01-15 03:11:00,861.013183193
2018-01-15 03:12:00,850.605332443
2018-01-15 03:13:00,861.013183193
2018-01-15 03:14:00,861.013183193
2018-01-15 03:15:00,861.013183193
2018-01-15 03:16:00,861.013183193
2018-01-15 03:17:00,871.421033943
2018-01-15 03:18:00,861.013183193
2018-01-15 03:19:00,861.013183193
2018-01-15 03:20:00,861.013183193
2018-01-15 03:21:00,861.013183193
2018-01-15 03:22:00,861.013183193
2018-01-15 03:23:00,861.013183193
2018-01-15 03:24:00,861.013183193
2018-01-15 03:25:00,861.013183193
2018-01-15 03:26:00,861.013183193
2018-01-15 03:27:00,892.236735443
2018-01-15 03:28:00,892.236735443
2018-01-15 03:29:00,892.236735443
2018-01-15 03:30:00,892.236735443
2018-01-15 03:31:00,871.421033943
2018-01-15 03:32:00,871.421033943
2018-01-15 03:33:00,871.421033943
2018-01-15 03:34:00,871.421033943
2018-01-15 03:35:00,871.421033943
2018-01-15 03:36:00,871.421033943
2018-01-15 03:37:00,871.421033943
2018-01-15 03:38:00,871.421033943
2018-01-15 03:39:00,871.421033943
2018-01-15 03:40:00,871.421033943
2018-01-15 03:41:00,871.421033943
2018-01-15 03:42:00,871.421033943
2018-01-15 03:43:00,871.421033943
2018-01-15 03:44:00,871.421033943
2018-01-15 03:45:00,871.421033943
2018-01-15 03:46:00,871.421033943
2018-01-15 03:47:00,871.421033943
2018-01-15 03:48:00,871.421033943
2018-01-15 03:49:00,871.421033943
2018-01-15 03:50:00,871.421033943
2018-01-15 03:51:00,871.421033943
2018-01-15 03:52:00,871.421033943
2018-01-15 03:53:00,850.605332443
2018-01-15 03:54:00,850.605332443
2018-01-15 03:55:00,861.013183193
2018-01-15 03:56:00,881.828884693
2018-01-15 03:57:00,871.421033943
2018-01-15 03:58:00,871.421033943
2018-01-15 03:59:00,871.421033943
2018-01-15 04:00:00,871.421033943
2018-01-15 04:01:00,913.052436943
2018-01-15 04:02:00,913.052436943
2018-01-15 04:03:00,913.052436943
2018-01-15 04:04:00,913.052436943
2018-01-15 04:05:00,913.052436943
2018-01-15 04:06:00,913.052436943
2018-01-15 04:07:00,871.421033943
2018-01-15 04:08:00,871.421033943
2018-01-15 04:09:00,871.421033943
2018-01-15 04:10:00,871.421033943
2018-01-15 04:11:00,861.013183193
2018-01-15 04:12:00,861.013183193
2018-01-15 04:13:00,861.013183193
2018-01-15 04:14:00,871.421033943
2018-01-15 04:15:00,871.421033943
2018-01-15 04:16:00,871.421033943
2018-01-15 04:17:00,871.421033943
2018-01-15 04:18:00,871.421033943
2018-01-15 04:19:00,871.421033943
2018-01-15 04:20:00,871.421033943
2018-01-15 04:21:00,871.421033943
2018-01-15 04:22:00,881.828884693
2018-01-15 04:23:00,881.828884693
2018-01-15 04:24:00,881.828884693
2018-01-15 04:25:00,881.828884693
2018-01-15 04:26:00,881.828884693
2018-01-15 04:27:00,881.828884693
2018-01-15 04:28:00,871.421033943
2018-01-15 04:29:00,871.421033943
2018-01-15 04:30:00,871.421033943
2018-01-15 04:31:00,871.421033943
2018-01-15 04:32:00,861.013183193
2018-01-15 04:33:00,871.421033943
2018-01-15 04:34:00,881.828884693
2018-01-15 04:35:00,892.236735443
2018-01-15 04:36:00,892.236735443
2018-01-15 04:37:00,892.236735443
2018-01-15 04:38:00,892.236735443
2018-01-15 04:39:00,892.236735443
2018-01-15 04:40:00,871.421033943
2018-01-15 04:41:00,871.421033943
2018-01-15 04:42:00,871.421033943
2018-01-15 04:43:00,871.421033943
2018-01-15 04:44:00,871.421033943
2018-01-15 04:45:00,892.236735443
2018-01-15 04:46:00,892.236735443
2018-01-15 04:47:00,892.236735443
2018-01-15 04:48:00,892.236735443
2018-01-15 04:49:00,892.236735443
2018-01-15 04:50:00,892.236735443
2018-01-15 04:51:00,892.236735443
2018-01-15 04:52:00,892.236735443
2018-01-15 04:53:00,892.236735443
2018-01-15 04:54:00,892.236735443
2018-01-15 04:55:00,871.421033943
2018-01-15 04:56:00,871.421033943
2018-01-15 04:57:00,871.421033943
2018-01-15 04:58:00,871.421033943
2018-01-15 04:59:00,871.421033943
2018-01-15 05:00:00,871.421033943
2018-01-15 05:01:00,871.421033943
2018-01-15 05:02:00,871.421033943
2018-01-15 05:03:00,871.421033943
2018-01-15 05:04:00,871.421033943
2018-01-15 05:05:00,871.421033943
2018-01-15 05:06:00,871.421033943
2018-01-15 05:07:00,902.644586193
2018-01-15 05:08:00,913.052436943
2018-01-15 05:09:00,913.052436943
2018-01-15 05:10:00,892.236735443
2018-01-15 05:11:00,892.236735443
2018-01-15 05:12:00,892.236735443
2018-01-15 05:13:00,892.236735443
2018-01-15 05:14:00,892.236735443
2018-01-15 05:15:00,892.236735443
2018-01-15 05:16:00,892.236735443
2018-01-15 05:17:00,881.828884693
2018-01-15 05:18:00,881.828884693
2018-01-15 05:19:00,881.828884693
2018-01-15 05:20:00,881.828884693
2018-01-15 05:21:00,881.828884693
2018-01-15 05:22:00,881.828884693
2018-01-15 05:23:00,881.828884693
2018-01-15 05:24:00,881.828884693
2018-01-15 05:25:00,881.828884693
2018-01-15 05:26:00,881.828884693
2018-01-15 05:27:00,892.236735443
2018-01-15 05:28:00,892.236735443
2018-01-15 05:29:00,892.236735443
2018-01-15 05:30:00,892.236735443
2018-01-15 05:31:00,892.236735443
2018-01-15 05:32:00,892.236735443
2018-01-15 05:33:00,892.236735443
2018-01-15 05:34:00,892.236735443
2018-01-15 05:35:00,892.236735443
2018-01-15 05:36:00,892.236735443
2018-01-15 05:37:00,892.236735443
2018-01-15 05:38:00,892.236735443
2018-01-15 05:39:00,892.236735443
2018-01-15 05:40:00,892.236735443
2018-01-15 05:41:00,892.236735443
2018-01-15 05:42:00,913.052436943
2018-01-15 05:43:00,913.052436943
2018-01-15 05:44:00,913.052436943
2018-01-15 05:45:00,913.052436943
2018-01-15 05:46:00,913.052436943
2018-01-15 05:47:00,913.052436943
2018-01-15 05:48:00,913.052436943
2018-01-15 05:49:00,913.052436943
2018-01-15 05:50:00,913.052436943
2018-01-15 05:51:00,913.052436943
2018-01-15 05:52:00,913.052436943
2018-01-15 05:53:00,913.052436943
2018-01-15 05:54:00,913.052436943
2018-01-15 05:55:00,913.052436943
2018-01-15 05:56:00,913.052436943
2018-01-15 05:57:00,892.236735443
2018-01-15 05:58:00,892.236735443
2018-01-15 05:59:00,871.421033943
2018-01-15 06:00:00,871.421033943
2018-01-15 06:01:00,871.421033943
2018-01-15 06:02:00,871.421033943
2018-01-15 06:03:00,871.421033943
2018-01-15 06:04:00,871.421033943
2018-01-15 06:05:00,871.421033943
2018-01-15 06:06:00,871.421033943
2018-01-15 06:07:00,871.421033943
2018-01-15 06:08:00,871.421033943
2018-01-15 06:09:00,871.421033943
2018-01-15 06:10:00,871.421033943
2018-01-15 06:11:00,871.421033943
2018-01-15 06:12:00,871.421033943
2018-01-15 06:13:00,871.421033943
2018-01-15 06:14:00,871.421033943
2018-01-15 06:15:00,871.421033943
2018-01-15 06:16:00,871.421033943
2018-01-15 06:17:00,871.421033943
2018-01-15 06:18:00,871.421033943
2018-01-15 06:19:00,871.421033943
2018-01-15 06:20:00,871.421033943
2018-01-15 06:21:00,871.421033943
2018-01-15 06:22:00,850.605332443
2018-01-15 06:23:00,850.605332443
2018-01-15 06:24:00,871.421033943
2018-01-15 06:25:00,871.421033943
2018-01-15 06:26:00,871.421033943
2018-01-15 06:27:00,871.421033943
2018-01-15 06:28:00,871.421033943
2018-01-15 06:29:00,871.421033943
2018-01-15 06:30:00,871.421033943
2018-01-15 06:31:00,871.421033943
2018-01-15 06:32:00,871.421033943
2018-01-15 06:33:00,871.421033943
2018-01-15 06:34:00,871.421033943
2018-01-15 06:35:00,871.421033943
2018-01-15 06:36:00,881.828884693
2018-01-15 06:37:00,881.828884693
2018-01-15 06:38:00,881.828884693
2018-01-15 06:39:00,881.828884693
2018-01-15 06:40:00,892.236735443
2018-01-15 06:41:00,902.644586193
2018-01-15 06:42:00,902.644586193
2018-01-15 06:43:00,892.236735443
2018-01-15 06:44:00,892.236735443
2018-01-15 06:45:00,892.236735443
2018-01-15 06:46:00,892.236735443
2018-01-15 06:47:00,892.236735443
2018-01-15 06:48:00,892.236735443
2018-01-15 06:49:00,892.236735443
2018-01-15 06:50:00,892.236735443
2018-01-15 06:51:00,892.236735443
2018-01-15 06:52:00,881.828884693
2018-01-15 06:53:00,881.828884693
2018-01-15 06:54:00,881.828884693
2018-01-15 06:55:00,892.236735443
2018-01-15 06:56:00,923.460287693
2018-01-15 06:57:00,913.052436943
2018-01-15 06:58:00,913.052436943
2018-01-15 06:59:00,913.052436943
2018-01-15 07:00:00,913.052436943
2018-01-15 07:01:00,913.052436943
2018-01-15 07:02:00,902.644586193
2018-01-15 07:03:00,902.644586193
2018-01-15 07:04:00,902.644586193
2018-01-15 07:05:00,902.644586193
2018-01-15 07:06:00,902.644586193
2018-01-15 07:07:00,902.644586193
2018-01-15 07:08:00,913.052436943
2018-01-15 07:09:00,902.644586193
2018-01-15 07:10:00,902.644586193
2018-01-15 07:11:00,892.236735443
2018-01-15 07:12:00,892.236735443
2018-01-15 07:13:00,892.236735443
2018-01-15 07:14:00,892.236735443
2018-01-15 07:15:00,892.236735443
2018-01-15 07:16:00,892.236735443
2018-01-15 07:17:00,892.236735443
2018-01-15 07:18:00,892.236735443
2018-01-15 07:19:00,892.236735443
2018-01-15 07:20:00,881.828884693
2018-01-15 07:21:00,881.828884693
2018-01-15 07:22:00,881.828884693
2018-01-15 07:23:00,881.828884693
2018-01-15 07:24:00,892.236735443
2018-01-15 07:25:00,892.236735443
2018-01-15 07:26:00,892.236735443
2018-01-15 07:27:00,892.236735443
2018-01-15 07:28:00,892.236735443
2018-01-15 07:29:00,892.236735443
2018-01-15 07:30:00,892.236735443
2018-01-15 07:31:00,892.236735443
2018-01-15 07:32:00,892.236735443
2018-01-15 07:33:00,892.236735443
2018-01-15 07:34:00,892.236735443
2018-01-15 07:35:00,892.236735443
2018-01-15 07:36:00,892.236735443
2018-01-15 07:37:00,902.644586193
2018-01-15 07:38:00,902.644586193
2018-01-15 07:39:00,902.644586193
2018-01-15 07:40:00,892.236735443
2018-01-15 07:41:00,892.236735443
2018-01-15 07:42:00,892.236735443
2018-01-15 07:43:00,902.644586193
2018-01-15 07:44:00,902.644586193
2018-01-15 07:45:00,902.644586193
2018-01-15 07:46:00,902.644586193
2018-01-15 07:47:00,902.644586193
2018-01-15 07:48:00,902.644586193
2018-01-15 07:49:00,902.644586193
2018-01-15 07:50:00,902.644586193
2018-01-15 07:51:00,913.052436943
2018-01-15 07:52:00,913.052436943
2018-01-15 07:53:00,913.052436943
2018-01-15 07:54:00,913.052436943
2018-01-15 07:55:00,913.052436943
2018-01-15 07:56:00,913.052436943
2018-01-15 07:57:00,913.052436943
2018-01-15 07:58:00,913.052436943
2018-01-15 07:59:00,913.052436943
2018-01-15 08:00:00,913.052436943
2018-01-15 08:01:00,913.052436943
2018-01-15 08:02:00,892.236735443
2018-01-15 08:03:00,892.236735443
2018-01-15 08:04:00,892.236735443
2018-01-15 08:05:00,913.052436943
2018-01-15 08:06:00,902.644586193
2018-01-15 08:07:00,913.052436943
2018-01-15 08:08:00,913.052436943
2018-01-15 08:09:00,913.052436943
2018-01-15 08:10:00,913.052436943
2018-01-15 08:11:00,913.052436943
2018-01-15 08:12:00,913.052436943
2018-01-15 08:13:00,913.052436943
2018-01-15 08:14:00,913.052436943
2018-01-15 08:15:00,913.052436943
2018-01-15 08:16:00,913.052436943
2018-01-15 08:17:00,913.052436943
2018-01-15 08:18:00,913.052436943
2018-01-15 08:19:00,913.052436943
2018-01-15 08:20:00,902.644586193
2018-01-15 08:21:00,902.644586193
2018-01-15 08:22:00,902.644586193
2018-01-15 08:23:00,902.644586193
2018-01-15 08:24:00,902.644586193
2018-01-15 08:25:00,902.644586193
2018-01-15 08:26:00,902.644586193
2018-01-15 08:27:00,902.644586193
2018-01-15 08:28:00,902.644586193
2018-01-15 08:29:00,902.644586193
2018-01-15 08:30:00,892.236735443
2018-01-15 08:31:00,892.236735443
2018-01-15 08:32:00,892.236735443
2018-01-15 08:33:00,892.236735443
2018-01-15 08:34:00,892.236735443
2018-01-15 08:35:00,892.236735443
2018-01-15 08:36:00,892.236735443
2018-01-15 08:37:00,892.236735443
2018-01-15 08:38:00,881.828884693
2018-01-15 08:39:00,881.828884693
2018-01-15 08:40:00,881.828884693
2018-01-15 08:41:00,881.828884693
2018-01-15 08:42:00,881.828884693
2018-01-15 08:43:00,881.828884693
2018-01-15 08:44:00,881.828884693
2018-01-15 08:45:00,881.828884693
2018-01-15 08:46:00,881.828884693
2018-01-15 08:47:00,881.828884693
2018-01-15 08:48:00,871.421033943
2018-01-15 08:49:00,892.236735443
2018-01-15 08:50:00,892.236735443
2018-01-15 08:51:00,892.236735443
2018-01-15 08:52:00,892.236735443
2018-01-15 08:53:00,902.644586193
2018-01-15 08:54:00,902.644586193
2018-01-15 08:55:00,902.644586193
2018-01-15 08:56:00,902.644586193
2018-01-15 08:57:00,902.644586193
2018-01-15 08:58:00,892.236735443
2018-01-15 08:59:00,892.236735443
2018-01-15 09:00:00,892.236735443
2018-01-15 09:01:00,892.236735443
2018-01-15 09:02:00,892.236735443
2018-01-15 09:03:00,892.236735443
2018-01-15 09:04:00,881.828884693
2018-01-15 09:05:00,881.828884693
2018-01-15 09:06:00,881.828884693
2018-01-15 09:07:00,881.828884693
2018-01-15 09:08:00,871.421033943
2018-01-15 09:09:00,881.828884693
2018-01-15 09:10:00,892.236735443
2018-01-15 09:11:00,881.828884693
2018-01-15 09:12:00,892.236735443
2018-01-15 09:13:00,892.236735443
2018-01-15 09:14:00,892.236735443
2018-01-15 09:15:00,892.236735443
2018-01-15 09:16:00,881.828884693
2018-01-15 09:17:00,881.828884693
2018-01-15 09:18:00,881.828884693
2018-01-15 09:19:00,881.828884693
2018-01-15 09:20:00,881.828884693
2018-01-15 09:21:00,871.421033943
2018-01-15 09:22:00,871.421033943
2018-01-15 09:23:00,871.421033943
2018-01-15 09:24:00,871.421033943
2018-01-15 09:25:00,881.828884693
2018-01-15 09:26:00,881.828884693
2018-01-15 09:27:00,881.828884693
2018-01-15 09:28:00,881.828884693
2018-01-15 09:29:00,881.828884693
2018-01-15 09:30:00,881.828884693
2018-01-15 09:31:00,881.828884693
2018-01-15 09:32:00,881.828884693
2018-01-15 09:33:00,881.828884693
2018-01-15 09:34:00,881.828884693
2018-01-15 09:35:00,902.644586193
2018-01-15 09:36:00,902.644586193
2018-01-15 09:37:00,902.644586193
2018-01-15 09:38:00,892.236735443
2018-01-15 09:39:00,892.236735443
2018-01-15 09:40:00,902.644586193
2018-01-15 09:41:00,902.644586193
2018-01-15 09:42:00,902.644586193
2018-01-15 09:43:00,902.644586193
2018-01-15 09:44:00,902.644586193
2018-01-15 09:45:00,902.644586193
2018-01-15 09:46:00,902.644586193
2018-01-15 09:47:00,902.644586193
2018-01-15 09:48:00,902.644586193
2018-01-15 09:49:00,902.644586193
2018-01-15 09:50:00,902.644586193
2018-01-15 09:51:00,902.644586193
2018-01-15 09:52:00,902.644586193
2018-01-15 09:53:00,902.644586193
2018-01-15 09:54:00,902.644586193
2018-01-15 09:55:00,902.644586193
2018-01-15 09:56:00,902.644586193
2018-01-15 09:57:00,902.644586193
2018-01-15 09:58:00,902.644586193
2018-01-15 09:59:00,902.644586193
2018-01-15 10:00:00,881.828884693
2018-01-15 10:01:00,881.828884693
2018-01-15 10:02:00,861.013183193
2018-01-15 10:03:00,861.013183193
2018-01-15 10:04:00,861.013183193
2018-01-15 10:05:00,850.605332443
2018-01-15 10:06:00,861.013183193
2018-01-15 10:07:00,850.605332443
2018-01-15 10:08:00,861.013183193
2018-01-15 10:09:00,861.013183193
2018-01-15 10:10:00,861.013183193
2018-01-15 10:11:00,840.197481693
2018-01-15 10:12:00,861.013183193
2018-01-15 10:13:00,861.013183193
2018-01-15 10:14:00,850.605332443
2018-01-15 10:15:00,850.605332443
2018-01-15 10:16:00,861.013183193
2018-01-15 10:17:00,861.013183193
2018-01-15 10:18:00,871.421033943
2018-01-15 10:19:00,881.828884693
2018-01-15 10:20:00,881.828884693
2018-01-15 10:21:00,881.828884693
2018-01-15 10:22:00,881.828884693
2018-01-15 10:23:00,881.828884693
2018-01-15 10:24:00,881.828884693
2018-01-15 10:25:00,881.828884693
2018-01-15 10:26:00,881.828884693
2018-01-15 10:27:00,881.828884693
2018-01-15 10:28:00,881.828884693
2018-01-15 10:29:00,881.828884693
2018-01-15 10:30:00,881.828884693
2018-01-15 10:31:00,881.828884693
2018-01-15 10:32:00,902.644586193
2018-01-15 10:33:00,902.644586193
2018-01-15 10:34:00,902.644586193
2018-01-15 10:35:00,902.644586193
2018-01-15 10:36:00,902.644586193
2018-01-15 10:37:00,881.828884693
2018-01-15 10:38:00,881.828884693
2018-01-15 10:39:00,892.236735443
2018-01-15 10:40:00,881.828884693
2018-01-15 10:41:00,881.828884693
2018-01-15 10:42:00,881.828884693
2018-01-15 10:43:00,881.828884693
2018-01-15 10:44:00,881.828884693
2018-01-15 10:45:00,902.644586193
2018-01-15 10:46:00,902.644586193
2018-01-15 10:47:00,902.644586193
2018-01-15 10:48:00,881.828884693
2018-01-15 10:49:00,881.828884693
2018-01-15 10:50:00,881.828884693
2018-01-15 10:51:00,881.828884693
2018-01-15 10:52:00,881.828884693
2018-01-15 10:53:00,892.236735443
2018-01-15 10:54:00,913.052436943
2018-01-15 10:55:00,913.052436943
2018-01-15 10:56:00,913.052436943
2018-01-15 10:57:00,913.052436943
2018-01-15 10:58:00,913.052436943
2018-01-15 10:59:00,913.052436943
2018-01-15 11:00:00,913.052436943
2018-01-15 11:01:00,913.052436943
2018-01-15 11:02:00,913.052436943
2018-01-15 11:03:00,871.421033943
2018-01-15 11:04:00,871.421033943
2018-01-15 11:05:00,871.421033943
2018-01-15 11:06:00,913.052436943
2018-01-15 11:07:00,902.644586193
2018-01-15 11:08:00,902.644586193
2018-01-15 11:09:00,902.644586193
2018-01-15 11:10:00,902.644586193
2018-01-15 11:11:00,871.421033943
2018-01-15 11:12:00,871.421033943
2018-01-15 11:13:00,871.421033943
2018-01-15 11:14:00,861.013183193
2018-01-15 11:15:00,861.013183193
2018-01-15 11:16:00,861.013183193
2018-01-15 11:17:00,861.013183193
2018-01-15 11:18:00,861.013183193
2018-01-15 11:19:00,861.013183193
2018-01-15 11:20:00,861.013183193
2018-01-15 11:21:00,850.605332443
2018-01-15 11:22:00,850.605332443
2018-01-15 11:23:00,850.605332443
2018-01-15 11:24:00,850.605332443
2018-01-15 11:25:00,850.605332443
2018-01-15 11:26:00,850.605332443
2018-01-15 11:27:00,850.605332443
2018-01-15 11:28:00,861.013183193
2018-01-15 11:29:00,861.013183193
2018-01-15 11:30:00,861.013183193
2018-01-15 11:31:00,861.013183193
2018-01-15 11:32:00,861.013183193
2018-01-15 11:33:00,861.013183193
2018-01-15 11:34:00,861.013183193
2018-01-15 11:35:00,861.013183193
2018-01-15 11:36:00,861.013183193
2018-01-15 11:37:00,861.013183193
2018-01-15 11:38:00,861.013183193
2018-01-15 11:39:00,861.013183193
2018-01-15 11:40:00,861.013183193
2018-01-15 11:41:00,861.013183193
2018-01-15 11:42:00,861.013183193
2018-01-15 11:43:00,881.828884693
2018-01-15 11:44:00,881.828884693
2018-01-15 11:45:00,892.236735443
2018-01-15 11:46:00,892.236735443
2018-01-15 11:47:00,892.236735443
2018-01-15 11:48:00,892.236735443
2018-01-15 11:49:00,892.236735443
2018-01-15 11:50:00,881.828884693
2018-01-15 11:51:00,881.828884693
2018-01-15 11:52:00,881.828884693
2018-01-15 11:53:00,881.828884693
2018-01-15 11:54:00,881.828884693
2018-01-15 11:55:00,902.644586193
2018-01-15 11:56:00,902.644586193
2018-01-15 11:57:00,913.052436943
2018-01-15 11:58:00,902.644586193
2018-01-15 11:59:00,902.644586193
2018-01-16 01:29:00,1027.53796257
2018-01-16 01:30:00,1027.53796257
2018-01-16 01:31:00,1027.53796257
2018-01-16 01:32:00,1027.53796257
2018-01-16 01:33:00,1027.53796257
2018-01-16 01:34:00,871.420201315
2018-01-16 01:35:00,871.420201315
2018-01-16 01:36:00,871.420201315
2018-01-16 01:37:00,871.420201315
2018-01-16 01:38:00,871.420201315
2018-01-16 01:39:00,871.420201315
2018-01-16 01:40:00,871.420201315
2018-01-16 01:41:00,871.420201315
2018-01-16 01:42:00,871.420201315
2018-01-16 01:43:00,892.235902815
2018-01-16 01:44:00,892.235902815
2018-01-16 01:45:00,892.235902815
2018-01-16 01:46:00,902.643753565
2018-01-16 01:47:00,902.643753565
2018-01-16 01:48:00,902.643753565
2018-01-16 01:49:00,902.643753565
2018-01-16 01:50:00,923.459455065
2018-01-16 01:51:00,923.459455065
2018-01-16 01:52:00,933.867305815
2018-01-16 01:53:00,923.459455065
2018-01-16 01:54:00,923.459455065
2018-01-16 01:55:00,923.459455065
2018-01-16 01:56:00,913.051604315
2018-01-16 01:57:00,913.051604315
2018-01-16 01:58:00,923.459455065
2018-01-16 01:59:00,913.051604315
2018-01-16 02:00:00,913.051604315
2018-01-16 02:01:00,913.051604315
2018-01-16 02:02:00,913.051604315
2018-01-16 02:03:00,923.459455065
2018-01-16 02:04:00,913.051604315
2018-01-16 02:05:00,913.051604315
2018-01-16 02:06:00,913.051604315
2018-01-16 02:07:00,913.051604315
2018-01-16 02:08:00,913.051604315
2018-01-16 02:09:00,913.051604315
2018-01-16 02:10:00,923.459455065
2018-01-16 02:11:00,913.051604315
2018-01-16 02:12:00,923.459455065
2018-01-16 02:13:00,913.051604315
2018-01-16 02:14:00,933.867305815
2018-01-16 02:15:00,923.459455065
2018-01-16 02:16:00,913.051604315
2018-01-16 02:17:00,913.051604315
2018-01-16 02:18:00,913.051604315
2018-01-16 02:19:00,913.051604315
2018-01-16 02:20:00,913.051604315
2018-01-16 02:21:00,913.051604315
2018-01-16 02:22:00,913.051604315
2018-01-16 02:23:00,913.051604315
2018-01-16 02:24:00,881.828052065
2018-01-16 02:25:00,892.235902815
2018-01-16 02:26:00,892.235902815
2018-01-16 02:27:00,892.235902815
2018-01-16 02:28:00,892.235902815
2018-01-16 02:29:00,892.235902815
2018-01-16 02:30:00,902.643753565
2018-01-16 02:31:00,913.051604315
2018-01-16 02:32:00,902.643753565
2018-01-16 02:33:00,913.051604315
2018-01-16 02:34:00,913.051604315
2018-01-16 02:35:00,913.051604315
2018-01-16 02:36:00,913.051604315
2018-01-16 02:37:00,913.051604315
2018-01-16 02:38:00,913.051604315
2018-01-16 02:39:00,913.051604315
2018-01-16 02:40:00,913.051604315
2018-01-16 02:41:00,923.459455065
2018-01-16 02:42:00,923.459455065
2018-01-16 02:43:00,923.459455065
2018-01-16 02:44:00,923.459455065
2018-01-16 02:45:00,923.459455065
2018-01-16 02:46:00,923.459455065
2018-01-16 02:47:00,923.459455065
2018-01-16 02:48:00,923.459455065
2018-01-16 02:49:00,923.459455065
2018-01-16 02:50:00,923.459455065
2018-01-16 02:51:00,965.090858065
2018-01-16 02:52:00,954.683007315
2018-01-16 02:53:00,965.090858065
2018-01-16 02:54:00,954.683007315
2018-01-16 02:55:00,975.498708815
2018-01-16 02:56:00,975.498708815
2018-01-16 02:57:00,975.498708815
2018-01-16 02:58:00,975.498708815
2018-01-16 02:59:00,975.498708815
2018-01-16 03:00:00,954.683007315
2018-01-16 03:01:00,954.683007315
2018-01-16 03:02:00,954.683007315
2018-01-16 03:03:00,954.683007315
2018-01-16 03:04:00,954.683007315
2018-01-16 03:05:00,954.683007315
2018-01-16 03:06:00,975.498708815
2018-01-16 03:07:00,975.498708815
2018-01-16 03:08:00,975.498708815
2018-01-16 03:09:00,975.498708815
2018-01-16 03:10:00,975.498708815
2018-01-16 03:11:00,975.498708815
2018-01-16 03:12:00,975.498708815
2018-01-16 03:13:00,975.498708815
2018-01-16 03:14:00,975.498708815
2018-01-16 03:15:00,975.498708815
2018-01-16 03:16:00,975.498708815
2018-01-16 03:17:00,975.498708815
2018-01-16 03:18:00,975.498708815
2018-01-16 03:19:00,975.498708815
2018-01-16 03:20:00,975.498708815
2018-01-16 03:21:00,975.498708815
2018-01-16 03:22:00,975.498708815
2018-01-16 03:23:00,1006.72226107
2018-01-16 03:24:00,1006.72226107
2018-01-16 03:25:00,1027.53796257
2018-01-16 03:26:00,1017.13011182
2018-01-16 03:27:00,1027.53796257
2018-01-16 03:28:00,1027.53796257
2018-01-16 03:29:00,1142.02432082
2018-01-16 03:30:00,1079.57721632
2018-01-16 03:31:00,1048.35366407
2018-01-16 03:32:00,1017.13011182
2018-01-16 03:33:00,1037.94581332
2018-01-16 03:34:00,1058.76151482
2018-01-16 03:35:00,1079.57721632
2018-01-16 03:36:00,1058.76151482
2018-01-16 03:37:00,1058.76151482
2018-01-16 03:38:00,1058.76151482
2018-01-16 03:39:00,1048.35366407
2018-01-16 03:40:00,1048.35366407
2018-01-16 03:41:00,1048.35366407
2018-01-16 03:42:00,1079.57721632
2018-01-16 03:43:00,1089.98506707
2018-01-16 03:44:00,1089.98506707
2018-01-16 03:45:00,1079.57721632
2018-01-16 03:46:00,1100.39291782
2018-01-16 03:47:00,1121.20861932
2018-01-16 03:48:00,1121.20861932
2018-01-16 03:49:00,1100.39291782
2018-01-16 03:50:00,1100.39291782
2018-01-16 03:51:00,1100.39291782
2018-01-16 03:52:00,1100.39291782
2018-01-16 03:53:00,1121.20861932
2018-01-16 03:54:00,1121.20861932
2018-01-16 03:55:00,1142.02432082
2018-01-16 03:56:00,1162.84002232
2018-01-16 03:57:00,1142.02432082
2018-01-16 03:58:00,1142.02432082
2018-01-16 03:59:00,1142.02432082
2018-01-16 04:00:00,1121.20861932
2018-01-16 04:01:00,1142.02432082
2018-01-16 04:02:00,1142.02432082
2018-01-16 04:03:00,1142.02432082
2018-01-16 04:04:00,1142.02432082
2018-01-16 04:05:00,1142.02432082
2018-01-16 04:06:00,1142.02432082
2018-01-16 04:07:00,1131.61647007
2018-01-16 04:08:00,1131.61647007
2018-01-16 04:09:00,1152.43217157
2018-01-16 04:10:00,1131.61647007
2018-01-16 04:11:00,1142.02432082
2018-01-16 04:12:00,1142.02432082
2018-01-16 04:13:00,1173.24787307
2018-01-16 04:14:00,1173.24787307
2018-01-16 04:15:00,1162.84002232
2018-01-16 04:16:00,1162.84002232
2018-01-16 04:17:00,1162.84002232
2018-01-16 04:18:00,1152.43217157
2018-01-16 04:19:00,1152.43217157
2018-01-16 04:20:00,1152.43217157
2018-01-16 04:21:00,1183.65572382
2018-01-16 04:22:00,1173.24787307
2018-01-16 04:23:00,1173.24787307
2018-01-16 04:24:00,1173.24787307
2018-01-16 04:25:00,1183.65572382
2018-01-16 04:26:00,1183.65572382
2018-01-16 04:27:00,1173.24787307
2018-01-16 04:28:00,1173.24787307
2018-01-16 04:29:00,1173.24787307
2018-01-16 04:30:00,1173.24787307
2018-01-16 04:31:00,1173.24787307
2018-01-16 04:32:00,1142.02432082
2018-01-16 04:33:00,1142.02432082
2018-01-16 04:34:00,1121.20861932
2018-01-16 04:35:00,1142.02432082
2018-01-16 04:36:00,1142.02432082
2018-01-16 04:37:00,1142.02432082
2018-01-16 04:38:00,1142.02432082
2018-01-16 04:39:00,1142.02432082
2018-01-16 04:40:00,1131.61647007
2018-01-16 04:41:00,1121.20861932
2018-01-16 04:42:00,1121.20861932
2018-01-16 04:43:00,1121.20861932
2018-01-16 04:44:00,1121.20861932
2018-01-16 04:45:00,1121.20861932
2018-01-16 04:46:00,1121.20861932
2018-01-16 04:47:00,1121.20861932
2018-01-16 04:48:00,1121.20861932
2018-01-16 04:49:00,1142.02432082
2018-01-16 04:50:00,1142.02432082
2018-01-16 04:51:00,1142.02432082
2018-01-16 04:52:00,1142.02432082
2018-01-16 04:53:00,1142.02432082
2018-01-16 04:54:00,1142.02432082
2018-01-16 04:55:00,1142.02432082
2018-01-16 04:56:00,1121.20861932
2018-01-16 04:57:00,1121.20861932
2018-01-16 04:58:00,1121.20861932
2018-01-16 04:59:00,1110.80076857
2018-01-16 05:00:00,1100.39291782
2018-01-16 05:01:00,1121.20861932
2018-01-16 05:02:00,1121.20861932
2018-01-16 05:03:00,1121.20861932
2018-01-16 05:04:00,1121.20861932
2018-01-16 05:05:00,1121.20861932
2018-01-16 05:06:00,1121.20861932
2018-01-16 05:07:00,1121.20861932
2018-01-16 05:08:00,1121.20861932
2018-01-16 05:09:00,1121.20861932
2018-01-16 05:10:00,1121.20861932
2018-01-16 05:11:00,1142.02432082
2018-01-16 05:12:00,1131.61647007
2018-01-16 05:13:00,1121.20861932
2018-01-16 05:14:00,1121.20861932
2018-01-16 05:15:00,1121.20861932
2018-01-16 05:16:00,1121.20861932
2018-01-16 05:17:00,1121.20861932
2018-01-16 05:18:00,1121.20861932
2018-01-16 05:19:00,1100.39291782
2018-01-16 05:20:00,1100.39291782
2018-01-16 05:21:00,1100.39291782
2018-01-16 05:22:00,1100.39291782
2018-01-16 05:23:00,1100.39291782
2018-01-16 05:24:00,1100.39291782
2018-01-16 05:25:00,1100.39291782
2018-01-16 05:26:00,1100.39291782
2018-01-16 05:27:00,1100.39291782
2018-01-16 05:28:00,1100.39291782
2018-01-16 05:29:00,1100.39291782
2018-01-16 05:30:00,1100.39291782
2018-01-16 05:31:00,1100.39291782
2018-01-16 05:32:00,1100.39291782
2018-01-16 05:33:00,1100.39291782
2018-01-16 05:34:00,1100.39291782
2018-01-16 05:35:00,1100.39291782
2018-01-16 05:36:00,1100.39291782
2018-01-16 05:37:00,1121.20861932
2018-01-16 05:38:00,1121.20861932
2018-01-16 05:39:00,1121.20861932
2018-01-16 05:40:00,1121.20861932
2018-01-16 05:41:00,1121.20861932
2018-01-16 05:42:00,1121.20861932
2018-01-16 05:43:00,1121.20861932
2018-01-16 05:44:00,1121.20861932
2018-01-16 05:45:00,1121.20861932
2018-01-16 05:46:00,1121.20861932
2018-01-16 05:47:00,1121.20861932
2018-01-16 05:48:00,1121.20861932
2018-01-16 05:49:00,1121.20861932
2018-01-16 05:50:00,1121.20861932
2018-01-16 05:51:00,1121.20861932
2018-01-16 05:52:00,1100.39291782
2018-01-16 05:53:00,1100.39291782
2018-01-16 05:54:00,1110.80076857
2018-01-16 05:55:00,1110.80076857
2018-01-16 05:56:00,1110.80076857
2018-01-16 05:57:00,1100.39291782
2018-01-16 05:58:00,1100.39291782
2018-01-16 05:59:00,1121.20861932
2018-01-16 06:00:00,1100.39291782
2018-01-16 06:01:00,1100.39291782
2018-01-16 06:02:00,1100.39291782
2018-01-16 06:03:00,1100.39291782
2018-01-16 06:04:00,1100.39291782
2018-01-16 06:05:00,1121.20861932
2018-01-16 06:06:00,1121.20861932
2018-01-16 06:07:00,1121.20861932
2018-01-16 06:08:00,1121.20861932
2018-01-16 06:09:00,1100.39291782
2018-01-16 06:10:00,1100.39291782
2018-01-16 06:11:00,1100.39291782
2018-01-16 06:12:00,1100.39291782
2018-01-16 06:13:00,1100.39291782
2018-01-16 06:14:00,1100.39291782
2018-01-16 06:15:00,1100.39291782
2018-01-16 06:16:00,1100.39291782
2018-01-16 06:17:00,1100.39291782
2018-01-16 06:18:00,1079.57721632
2018-01-16 06:19:00,1079.57721632
2018-01-16 06:20:00,1079.57721632
2018-01-16 06:21:00,1079.57721632
2018-01-16 06:22:00,1079.57721632
2018-01-16 06:23:00,1079.57721632
2018-01-16 06:24:00,1079.57721632
2018-01-16 06:25:00,1079.57721632
2018-01-16 06:26:00,1079.57721632
2018-01-16 06:27:00,1089.98506707
2018-01-16 06:28:00,1089.98506707
2018-01-16 06:29:00,1100.39291782
2018-01-16 06:30:00,1100.39291782
2018-01-16 06:31:00,1100.39291782
2018-01-16 06:32:00,1100.39291782
2018-01-16 06:33:00,1110.80076857
2018-01-16 06:34:00,1100.39291782
2018-01-16 06:35:00,1100.39291782
2018-01-16 06:36:00,1089.98506707
2018-01-16 06:37:00,1089.98506707
2018-01-16 06:38:00,1089.98506707
2018-01-16 06:39:00,1110.80076857
2018-01-16 06:40:00,1110.80076857
2018-01-16 06:41:00,1110.80076857
2018-01-16 06:42:00,1110.80076857
2018-01-16 06:43:00,1110.80076857
2018-01-16 06:44:00,1110.80076857
2018-01-16 06:45:00,1100.39291782
2018-01-16 06:46:00,1079.57721632
2018-01-16 06:47:00,1079.57721632
2018-01-16 06:48:00,1079.57721632
2018-01-16 06:49:00,1069.16936557
2018-01-16 06:50:00,1069.16936557
2018-01-16 06:51:00,1069.16936557
2018-01-16 06:52:00,1069.16936557
2018-01-16 06:53:00,1069.16936557
2018-01-16 06:54:00,1069.16936557
2018-01-16 06:55:00,1069.16936557
2018-01-16 06:56:00,1058.76151482
2018-01-16 06:57:00,1037.94581332
2018-01-16 06:58:00,1069.16936557
2018-01-16 06:59:00,1069.16936557
2018-01-16 07:00:00,1048.35366407
2018-01-16 07:01:00,1048.35366407
2018-01-16 07:02:00,1048.35366407
2018-01-16 07:03:00,1037.94581332
2018-01-16 07:04:00,1037.94581332
2018-01-16 07:05:00,1037.94581332
2018-01-16 07:06:00,1037.94581332
2018-01-16 07:07:00,1037.94581332
2018-01-16 07:08:00,1037.94581332
2018-01-16 07:09:00,1048.35366407
2018-01-16 07:10:00,1058.76151482
2018-01-16 07:11:00,1069.16936557
2018-01-16 07:12:00,1069.16936557
2018-01-16 07:13:00,1069.16936557
2018-01-16 07:14:00,1069.16936557
2018-01-16 07:15:00,1058.76151482
2018-01-16 07:16:00,1058.76151482
2018-01-16 07:17:00,1058.76151482
2018-01-16 07:18:00,1058.76151482
2018-01-16 07:19:00,1058.76151482
2018-01-16 07:20:00,1058.76151482
2018-01-16 07:21:00,1058.76151482
2018-01-16 07:22:00,1058.76151482
2018-01-16 07:23:00,1058.76151482
2018-01-16 07:24:00,1058.76151482
2018-01-16 07:25:00,1079.57721632
2018-01-16 07:26:00,1079.57721632
2018-01-16 07:27:00,1048.35366407
2018-01-16 07:28:00,1048.35366407
2018-01-16 07:29:00,1048.35366407
2018-01-16 07:30:00,1048.35366407
2018-01-16 07:31:00,1048.35366407
2018-01-16 07:32:00,1048.35366407
2018-01-16 07:33:00,1048.35366407
2018-01-16 07:34:00,1048.35366407
2018-01-16 07:35:00,1048.35366407
2018-01-16 07:36:00,1048.35366407
2018-01-16 07:37:00,1048.35366407
2018-01-16 07:38:00,1048.35366407
2018-01-16 07:39:00,1048.35366407
2018-01-16 07:40:00,1037.94581332
2018-01-16 07:41:00,1048.35366407
2018-01-16 07:42:00,1048.35366407
2018-01-16 07:43:00,1048.35366407
2018-01-16 07:44:00,1048.35366407
2018-01-16 07:45:00,1048.35366407
2018-01-16 07:46:00,1048.35366407
2018-01-16 07:47:00,1048.35366407
2018-01-16 07:48:00,1058.76151482
2018-01-16 07:49:00,1058.76151482
2018-01-16 07:50:00,1069.16936557
2018-01-16 07:51:00,1069.16936557
2018-01-16 07:52:00,1069.16936557
2018-01-16 07:53:00,1079.57721632
2018-01-16 07:54:00,1079.57721632
2018-01-16 07:55:00,1079.57721632
2018-01-16 07:56:00,1089.98506707
2018-01-16 07:57:00,1089.98506707
2018-01-16 07:58:00,1027.53796257
2018-01-16 07:59:00,1027.53796257
2018-01-16 08:00:00,1037.94581332
2018-01-16 08:01:00,1027.53796257
2018-01-16 08:02:00,1027.53796257
2018-01-16 08:03:00,1027.53796257
2018-01-16 08:04:00,1027.53796257
2018-01-16 08:05:00,1037.94581332
2018-01-16 08:06:00,1048.35366407
2018-01-16 08:07:00,1058.76151482
2018-01-16 08:08:00,1058.76151482
2018-01-16 08:09:00,1058.76151482
2018-01-16 08:10:00,1058.76151482
2018-01-16 08:11:00,1058.76151482
2018-01-16 08:12:00,1079.57721632
2018-01-16 08:13:00,1079.57721632
2018-01-16 08:14:00,1100.39291782
2018-01-16 08:15:00,1100.39291782
2018-01-16 08:16:00,1100.39291782
2018-01-16 08:17:00,1100.39291782
2018-01-16 08:18:00,1100.39291782
2018-01-16 08:19:00,1100.39291782
2018-01-16 08:20:00,1100.39291782
2018-01-16 08:21:00,1100.39291782
2018-01-16 08:22:00,1100.39291782
2018-01-16 08:23:00,1100.39291782
2018-01-16 08:24:00,1100.39291782
2018-01-16 08:25:00,1100.39291782
2018-01-16 08:26:00,1100.39291782
2018-01-16 08:27:00,1079.57721632
2018-01-16 08:28:00,1079.57721632
2018-01-16 08:29:00,1079.57721632
2018-01-16 08:30:00,1079.57721632
2018-01-16 08:31:00,1079.57721632
2018-01-16 08:32:00,1079.57721632
2018-01-16 08:33:00,1089.98506707
2018-01-16 08:34:00,1079.57721632
2018-01-16 08:35:00,1100.39291782
2018-01-16 08:36:00,1100.39291782
2018-01-16 08:37:00,1100.39291782
2018-01-16 08:38:00,1100.39291782
2018-01-16 08:39:00,1079.57721632
2018-01-16 08:40:00,1100.39291782
2018-01-16 08:41:00,1100.39291782
2018-01-16 08:42:00,1079.57721632
2018-01-16 08:43:00,1079.57721632
2018-01-16 08:44:00,1079.57721632
2018-01-16 08:45:00,1079.57721632
2018-01-16 08:46:00,1079.57721632
2018-01-16 08:47:00,1079.57721632
2018-01-16 08:48:00,1079.57721632
2018-01-16 08:49:00,1079.57721632
2018-01-16 08:50:00,1089.98506707
2018-01-16 08:51:00,1079.57721632
2018-01-16 08:52:00,1079.57721632
2018-01-16 08:53:00,1079.57721632
2018-01-16 08:54:00,1079.57721632
2018-01-16 08:55:00,1089.98506707
2018-01-16 08:56:00,1089.98506707
2018-01-16 08:57:00,1089.98506707
2018-01-16 08:58:00,1100.39291782
2018-01-16 08:59:00,1100.39291782
2018-01-16 09:00:00,1100.39291782
2018-01-16 09:01:00,1100.39291782
2018-01-16 09:02:00,1100.39291782
2018-01-16 09:03:00,1100.39291782
2018-01-16 09:04:00,1100.39291782
2018-01-16 09:05:00,1100.39291782
2018-01-16 09:06:00,1100.39291782
2018-01-16 09:07:00,1100.39291782
2018-01-16 09:08:00,1100.39291782
2018-01-16 09:09:00,1100.39291782
2018-01-16 09:10:00,1100.39291782
2018-01-16 09:11:00,1100.39291782
2018-01-16 09:12:00,1100.39291782
2018-01-16 09:13:00,1100.39291782
2018-01-16 09:14:00,1100.39291782
2018-01-16 09:15:00,1100.39291782
2018-01-16 09:16:00,1100.39291782
2018-01-16 09:17:00,1100.39291782
2018-01-16 09:18:00,1100.39291782
2018-01-16 09:19:00,1100.39291782
2018-01-16 09:20:00,1100.39291782
2018-01-16 09:21:00,1100.39291782
2018-01-16 09:22:00,1079.57721632
2018-01-16 09:23:00,1089.98506707
2018-01-16 09:24:00,1100.39291782
2018-01-16 09:25:00,1100.39291782
2018-01-16 09:26:00,1100.39291782
2018-01-16 09:27:00,1100.39291782
2018-01-16 09:28:00,1100.39291782
2018-01-16 09:29:00,1089.98506707
2018-01-16 09:30:00,1100.39291782
2018-01-16 09:31:00,1100.39291782
2018-01-16 09:32:00,1100.39291782
2018-01-16 09:33:00,1100.39291782
2018-01-16 09:34:00,1100.39291782
2018-01-16 09:35:00,1100.39291782
2018-01-16 09:36:00,1100.39291782
2018-01-16 09:37:00,1089.98506707
2018-01-16 09:38:00,1089.98506707
2018-01-16 09:39:00,1089.98506707
2018-01-16 09:40:00,1089.98506707
2018-01-16 09:41:00,1089.98506707
2018-01-16 09:42:00,1089.98506707
2018-01-16 09:43:00,1089.98506707
2018-01-16 09:44:00,1058.76151482
2018-01-16 09:45:00,1058.76151482
2018-01-16 09:46:00,1058.76151482
2018-01-16 09:47:00,1058.76151482
2018-01-16 09:48:00,1058.76151482
2018-01-16 09:49:00,1058.76151482
2018-01-16 09:50:00,1089.98506707
2018-01-16 09:51:00,1089.98506707
2018-01-16 09:52:00,1089.98506707
2018-01-16 09:53:00,1089.98506707
2018-01-16 09:54:00,1089.98506707
2018-01-16 09:55:00,1089.98506707
2018-01-16 09:56:00,1089.98506707
2018-01-16 09:57:00,1089.98506707
2018-01-16 09:58:00,1089.98506707
2018-01-16 09:59:00,1089.98506707
2018-01-16 10:00:00,1079.57721632
2018-01-16 10:01:00,1079.57721632
2018-01-16 10:02:00,1058.76151482
2018-01-16 10:03:00,1058.76151482
2018-01-16 10:04:00,1069.16936557
2018-01-16 10:05:00,1058.76151482
2018-01-16 10:06:00,1037.94581332
2018-01-16 10:07:00,1048.35366407
2018-01-16 10:08:00,1048.35366407
2018-01-16 10:09:00,1048.35366407
2018-01-16 10:10:00,1037.94581332
2018-01-16 10:11:00,1048.35366407
2018-01-16 10:12:00,1048.35366407
2018-01-16 10:13:00,1048.35366407
2018-01-16 10:14:00,1048.35366407
2018-01-16 10:15:00,1048.35366407
2018-01-16 10:16:00,1048.35366407
2018-01-16 10:17:00,1048.35366407
2018-01-16 10:18:00,1048.35366407
2018-01-16 10:19:00,1048.35366407
2018-01-16 10:20:00,1048.35366407
2018-01-16 10:21:00,1048.35366407
2018-01-16 10:22:00,1048.35366407
2018-01-16 10:23:00,1048.35366407
2018-01-16 10:24:00,1048.35366407
2018-01-16 10:25:00,1048.35366407
2018-01-16 10:26:00,1048.35366407
2018-01-16 10:27:00,1048.35366407
2018-01-16 10:28:00,1048.35366407
2018-01-16 10:29:00,1058.76151482
2018-01-16 10:30:00,1058.76151482
2018-01-16 10:31:00,1058.76151482
2018-01-16 10:32:00,1058.76151482
2018-01-16 10:33:00,1058.76151482
2018-01-16 10:34:00,1058.76151482
2018-01-16 10:35:00,1058.76151482
2018-01-16 10:36:00,1058.76151482
2018-01-16 10:37:00,1058.76151482
2018-01-16 10:38:00,1058.76151482
2018-01-16 10:39:00,1058.76151482
2018-01-16 10:40:00,1058.76151482
2018-01-16 10:41:00,1058.76151482
2018-01-16 10:42:00,1058.76151482
2018-01-16 10:43:00,1058.76151482
2018-01-16 10:44:00,1058.76151482
2018-01-16 10:45:00,1058.76151482
2018-01-16 10:46:00,1058.76151482
2018-01-16 10:47:00,1058.76151482
2018-01-16 10:48:00,1058.76151482
2018-01-16 10:49:00,1058.76151482
2018-01-16 10:50:00,1058.76151482
2018-01-16 10:51:00,1037.94581332
2018-01-16 10:52:00,1037.94581332
2018-01-16 10:53:00,1027.53796257
2018-01-16 10:54:00,1027.53796257
2018-01-16 10:55:00,1027.53796257
2018-01-16 10:56:00,1027.53796257
2018-01-16 10:57:00,1027.53796257
2018-01-16 10:58:00,1027.53796257
2018-01-16 10:59:00,1027.53796257
2018-01-16 11:00:00,1027.53796257
2018-01-16 11:01:00,1027.53796257
2018-01-16 11:02:00,1027.53796257
2018-01-16 11:03:00,1027.53796257
2018-01-16 11:04:00,1027.53796257
2018-01-16 11:05:00,1027.53796257
2018-01-16 11:06:00,1027.53796257
2018-01-16 11:07:00,1017.13011182
2018-01-16 11:08:00,1027.53796257
2018-01-16 11:09:00,1027.53796257
2018-01-16 11:10:00,1027.53796257
2018-01-16 11:11:00,1027.53796257
2018-01-16 11:12:00,1027.53796257
2018-01-16 11:13:00,1027.53796257
2018-01-16 11:14:00,1027.53796257
2018-01-16 11:15:00,1027.53796257
2018-01-16 11:16:00,1027.53796257
2018-01-16 11:17:00,1027.53796257
2018-01-16 11:18:00,1027.53796257
2018-01-16 11:19:00,1048.35366407
2018-01-16 11:20:00,1037.94581332
2018-01-16 11:21:00,1037.94581332
2018-01-16 11:22:00,1037.94581332
2018-01-16 11:23:00,1037.94581332
2018-01-16 11:24:00,1037.94581332
2018-01-16 11:25:00,1037.94581332
2018-01-16 11:26:00,1037.94581332
2018-01-16 11:27:00,1037.94581332
2018-01-16 11:28:00,1037.94581332
2018-01-16 11:29:00,1027.53796257
2018-01-16 11:30:00,1017.13011182
2018-01-16 11:31:00,1017.13011182
2018-01-16 11:32:00,1017.13011182
2018-01-16 11:33:00,1027.53796257
2018-01-16 11:34:00,1027.53796257
2018-01-16 11:35:00,1037.94581332
2018-01-16 11:36:00,1037.94581332
2018-01-16 11:37:00,1048.35366407
2018-01-16 11:38:00,1037.94581332
2018-01-16 11:39:00,1037.94581332
2018-01-16 11:40:00,1037.94581332
2018-01-16 11:41:00,1037.94581332
2018-01-16 11:42:00,1048.35366407
2018-01-16 11:43:00,1048.35366407
2018-01-16 11:44:00,1048.35366407
2018-01-16 11:45:00,1048.35366407
2018-01-16 11:46:00,1048.35366407
2018-01-16 11:47:00,1048.35366407
2018-01-16 11:48:00,1079.57721632
2018-01-16 11:49:00,1079.57721632
2018-01-16 11:50:00,1079.57721632
2018-01-16 11:51:00,1079.57721632
2018-01-16 11:52:00,1079.57721632
2018-01-16 11:53:00,1079.57721632
2018-01-16 11:54:00,1079.57721632
2018-01-16 11:55:00,1069.16936557
2018-01-16 11:56:00,1069.16936557
2018-01-16 11:57:00,1069.16936557
2018-01-16 11:58:00,1069.16936557
2018-01-16 11:59:00,1069.16936557
2018-01-17 01:29:00,1318.95778357
2018-01-17 01:30:00,1318.95778357
2018-01-17 01:31:00,1318.95778357
2018-01-17 01:32:00,1318.95778357
2018-01-17 01:33:00,1069.16936557
2018-01-17 01:34:00,1058.76151482
2018-01-17 01:35:00,1058.76151482
2018-01-17 01:36:00,1058.76151482
2018-01-17 01:37:00,1058.76151482
2018-01-17 01:38:00,1058.76151482
2018-01-17 01:39:00,1058.76151482
2018-01-17 01:40:00,1058.76151482
2018-01-17 01:41:00,1058.76151482
2018-01-17 01:42:00,1058.76151482
2018-01-17 01:43:00,1058.76151482
2018-01-17 01:44:00,1058.76151482
2018-01-17 01:45:00,1079.57721632
2018-01-17 01:46:00,1079.57721632
2018-01-17 01:47:00,1079.57721632
2018-01-17 01:48:00,1079.57721632
2018-01-17 01:49:00,1079.57721632
2018-01-17 01:50:00,1079.57721632
2018-01-17 01:51:00,1079.57721632
2018-01-17 01:52:00,1079.57721632
2018-01-17 01:53:00,1079.57721632
2018-01-17 01:54:00,1079.57721632
2018-01-17 01:55:00,1079.57721632
2018-01-17 01:56:00,1079.57721632
2018-01-17 01:57:00,1079.57721632
2018-01-17 01:58:00,1079.57721632
2018-01-17 01:59:00,1079.57721632
2018-01-17 02:00:00,1048.35366407
2018-01-17 02:01:00,1048.35366407
2018-01-17 02:02:00,1048.35366407
2018-01-17 02:03:00,1048.35366407
2018-01-17 02:04:00,1048.35366407
2018-01-17 02:05:00,1048.35366407
2018-01-17 02:06:00,1048.35366407
2018-01-17 02:07:00,1058.76151482
2018-01-17 02:08:00,1058.76151482
2018-01-17 02:09:00,1058.76151482
2018-01-17 02:10:00,1058.76151482
2018-01-17 02:11:00,1058.76151482
2018-01-17 02:12:00,1058.76151482
2018-01-17 02:13:00,1058.76151482
2018-01-17 02:14:00,1069.16936557
2018-01-17 02:15:00,1058.76151482
2018-01-17 02:16:00,1058.76151482
2018-01-17 02:17:00,1069.16936557
2018-01-17 02:18:00,1058.76151482
2018-01-17 02:19:00,1058.76151482
2018-01-17 02:20:00,1058.76151482
2018-01-17 02:21:00,1100.39291782
2018-01-17 02:22:00,1100.39291782
2018-01-17 02:23:00,1079.57721632
2018-01-17 02:24:00,1089.98506707
2018-01-17 02:25:00,1089.98506707
2018-01-17 02:26:00,1089.98506707
2018-01-17 02:27:00,1100.39291782
2018-01-17 02:28:00,1100.39291782
2018-01-17 02:29:00,1100.39291782
2018-01-17 02:30:00,1100.39291782
2018-01-17 02:31:00,1100.39291782
2018-01-17 02:32:00,1100.39291782
2018-01-17 02:33:00,1100.39291782
2018-01-17 02:34:00,1100.39291782
2018-01-17 02:35:00,1100.39291782
2018-01-17 02:36:00,1100.39291782
2018-01-17 02:37:00,1089.98506707
2018-01-17 02:38:00,1089.98506707
2018-01-17 02:39:00,1089.98506707
2018-01-17 02:40:00,1100.39291782
2018-01-17 02:41:00,1089.98506707
2018-01-17 02:42:00,1089.98506707
2018-01-17 02:43:00,1089.98506707
2018-01-17 02:44:00,1100.39291782
2018-01-17 02:45:00,1100.39291782
2018-01-17 02:46:00,1100.39291782
2018-01-17 02:47:00,1110.80076857
2018-01-17 02:48:00,1100.39291782
2018-01-17 02:49:00,1110.80076857
2018-01-17 02:50:00,1110.80076857
2018-01-17 02:51:00,1121.20861932
2018-01-17 02:52:00,1131.61647007
2018-01-17 02:53:00,1131.61647007
2018-01-17 02:54:00,1142.02432082
2018-01-17 02:55:00,1131.61647007
2018-01-17 02:56:00,1142.02432082
2018-01-17 02:57:00,1142.02432082
2018-01-17 02:58:00,1121.20861932
2018-01-17 02:59:00,1121.20861932
2018-01-17 03:00:00,1131.61647007
2018-01-17 03:01:00,1131.61647007
2018-01-17 03:02:00,1110.80076857
2018-01-17 03:03:00,1110.80076857
2018-01-17 03:04:00,1110.80076857
2018-01-17 03:05:00,1142.02432082
2018-01-17 03:06:00,1142.02432082
2018-01-17 03:07:00,1131.61647007
2018-01-17 03:08:00,1131.61647007
2018-01-17 03:09:00,1131.61647007
2018-01-17 03:10:00,1131.61647007
2018-01-17 03:11:00,1131.61647007
2018-01-17 03:12:00,1131.61647007
2018-01-17 03:13:00,1131.61647007
2018-01-17 03:14:00,1131.61647007
2018-01-17 03:15:00,1131.61647007
2018-01-17 03:16:00,1131.61647007
2018-01-17 03:17:00,1110.80076857
2018-01-17 03:18:00,1100.39291782
2018-01-17 03:19:00,1100.39291782
2018-01-17 03:20:00,1131.61647007
2018-01-17 03:21:00,1131.61647007
2018-01-17 03:22:00,1110.80076857
2018-01-17 03:23:00,1110.80076857
2018-01-17 03:24:00,1110.80076857
2018-01-17 03:25:00,1110.80076857
2018-01-17 03:26:00,1110.80076857
2018-01-17 03:27:00,1121.20861932
2018-01-17 03:28:00,1121.20861932
2018-01-17 03:29:00,1121.20861932
2018-01-17 03:30:00,1121.20861932
2018-01-17 03:31:00,1121.20861932
2018-01-17 03:32:00,1142.02432082
2018-01-17 03:33:00,1142.02432082
2018-01-17 03:34:00,1142.02432082
2018-01-17 03:35:00,1142.02432082
2018-01-17 03:36:00,1142.02432082
2018-01-17 03:37:00,1142.02432082
2018-01-17 03:38:00,1142.02432082
2018-01-17 03:39:00,1142.02432082
2018-01-17 03:40:00,1131.61647007
2018-01-17 03:41:00,1121.20861932
2018-01-17 03:42:00,1121.20861932
2018-01-17 03:43:00,1121.20861932
2018-01-17 03:44:00,1121.20861932
2018-01-17 03:45:00,1121.20861932
2018-01-17 03:46:00,1121.20861932
2018-01-17 03:47:00,1131.61647007
2018-01-17 03:48:00,1131.61647007
2018-01-17 03:49:00,1131.61647007
2018-01-17 03:50:00,1131.61647007
2018-01-17 03:51:00,1131.61647007
2018-01-17 03:52:00,1131.61647007
2018-01-17 03:53:00,1131.61647007
2018-01-17 03:54:00,1131.61647007
2018-01-17 03:55:00,1131.61647007
2018-01-17 03:56:00,1131.61647007
2018-01-17 03:57:00,1131.61647007
2018-01-17 03:58:00,1131.61647007
2018-01-17 03:59:00,1131.61647007
2018-01-17 04:00:00,1131.61647007
2018-01-17 04:01:00,1121.20861932
2018-01-17 04:02:00,1110.80076857
2018-01-17 04:03:00,1121.20861932
2018-01-17 04:04:00,1121.20861932
2018-01-17 04:05:00,1121.20861932
2018-01-17 04:06:00,1131.61647007
2018-01-17 04:07:00,1131.61647007
2018-01-17 04:08:00,1131.61647007
2018-01-17 04:09:00,1131.61647007
2018-01-17 04:10:00,1131.61647007
2018-01-17 04:11:00,1131.61647007
2018-01-17 04:12:00,1131.61647007
2018-01-17 04:13:00,1131.61647007
2018-01-17 04:14:00,1131.61647007
2018-01-17 04:15:00,1131.61647007
2018-01-17 04:16:00,1131.61647007
2018-01-17 04:17:00,1131.61647007
2018-01-17 04:18:00,1131.61647007
2018-01-17 04:19:00,1121.20861932
2018-01-17 04:20:00,1131.61647007
2018-01-17 04:21:00,1131.61647007
2018-01-17 04:22:00,1121.20861932
2018-01-17 04:23:00,1121.20861932
2018-01-17 04:24:00,1121.20861932
2018-01-17 04:25:00,1131.61647007
2018-01-17 04:26:00,1131.61647007
2018-01-17 04:27:00,1131.61647007
2018-01-17 04:28:00,1131.61647007
2018-01-17 04:29:00,1131.61647007
2018-01-17 04:30:00,1131.61647007
2018-01-17 04:31:00,1121.20861932
2018-01-17 04:32:00,1131.61647007
2018-01-17 04:33:00,1131.61647007
2018-01-17 04:34:00,1110.80076857
2018-01-17 04:35:00,1121.20861932
2018-01-17 04:36:00,1121.20861932
2018-01-17 04:37:00,1121.20861932
2018-01-17 04:38:00,1121.20861932
2018-01-17 04:39:00,1121.20861932
2018-01-17 04:40:00,1152.43217157
2018-01-17 04:41:00,1131.61647007
2018-01-17 04:42:00,1131.61647007
2018-01-17 04:43:00,1131.61647007
2018-01-17 04:44:00,1131.61647007
2018-01-17 04:45:00,1131.61647007
2018-01-17 04:46:00,1131.61647007
2018-01-17 04:47:00,1131.61647007
2018-01-17 04:48:00,1131.61647007
2018-01-17 04:49:00,1131.61647007
2018-01-17 04:50:00,1131.61647007
2018-01-17 04:51:00,1131.61647007
2018-01-17 04:52:00,1131.61647007
2018-01-17 04:53:00,1131.61647007
2018-01-17 04:54:00,1131.61647007
2018-01-17 04:55:00,1152.43217157
2018-01-17 04:56:00,1142.02432082
2018-01-17 04:57:00,1152.43217157
2018-01-17 04:58:00,1152.43217157
2018-01-17 04:59:00,1131.61647007
2018-01-17 05:00:00,1131.61647007
2018-01-17 05:01:00,1131.61647007
2018-01-17 05:02:00,1131.61647007
2018-01-17 05:03:00,1131.61647007
2018-01-17 05:04:00,1131.61647007
2018-01-17 05:05:00,1131.61647007
2018-01-17 05:06:00,1121.20861932
2018-01-17 05:07:00,1121.20861932
2018-01-17 05:08:00,1121.20861932
2018-01-17 05:09:00,1121.20861932
2018-01-17 05:10:00,1121.20861932
2018-01-17 05:11:00,1110.80076857
2018-01-17 05:12:00,1110.80076857
2018-01-17 05:13:00,1110.80076857
2018-01-17 05:14:00,1110.80076857
2018-01-17 05:15:00,1121.20861932
2018-01-17 05:16:00,1121.20861932
2018-01-17 05:17:00,1121.20861932
2018-01-17 05:18:00,1121.20861932
2018-01-17 05:19:00,1121.20861932
2018-01-17 05:20:00,1110.80076857
2018-01-17 05:21:00,1110.80076857
2018-01-17 05:22:00,1110.80076857
2018-01-17 05:23:00,1110.80076857
2018-01-17 05:24:00,1110.80076857
2018-01-17 05:25:00,1110.80076857
2018-01-17 05:26:00,1121.20861932
2018-01-17 05:27:00,1121.20861932
2018-01-17 05:28:00,1121.20861932
2018-01-17 05:29:00,1121.20861932
2018-01-17 05:30:00,1121.20861932
2018-01-17 05:31:00,1110.80076857
2018-01-17 05:32:00,1121.20861932
2018-01-17 05:33:00,1121.20861932
2018-01-17 05:34:00,1121.20861932
2018-01-17 05:35:00,1121.20861932
2018-01-17 05:36:00,1121.20861932
2018-01-17 05:37:00,1121.20861932
2018-01-17 05:38:00,1110.80076857
2018-01-17 05:39:00,1110.80076857
2018-01-17 05:40:00,1110.80076857
2018-01-17 05:41:00,1100.39291782
2018-01-17 05:42:00,1100.39291782
2018-01-17 05:43:00,1100.39291782
2018-01-17 05:44:00,1058.76151482
2018-01-17 05:45:00,1058.76151482
2018-01-17 05:46:00,1079.57721632
2018-01-17 05:47:00,1079.57721632
2018-01-17 05:48:00,1079.57721632
2018-01-17 05:49:00,1079.57721632
2018-01-17 05:50:00,1069.16936557
2018-01-17 05:51:00,1069.16936557
2018-01-17 05:52:00,1069.16936557
2018-01-17 05:53:00,1079.57721632
2018-01-17 05:54:00,1079.57721632
2018-01-17 05:55:00,1079.57721632
2018-01-17 05:56:00,1079.57721632
2018-01-17 05:57:00,1069.16936557
2018-01-17 05:58:00,1069.16936557
2018-01-17 05:59:00,1069.16936557
2018-01-17 06:00:00,1100.39291782
2018-01-17 06:01:00,1100.39291782
2018-01-17 06:02:00,1100.39291782
2018-01-17 06:03:00,1089.98506707
2018-01-17 06:04:00,1079.57721632
2018-01-17 06:05:00,1079.57721632
2018-01-17 06:06:00,1058.76151482
2018-01-17 06:07:00,1058.76151482
2018-01-17 06:08:00,1058.76151482
2018-01-17 06:09:00,1058.76151482
2018-01-17 06:10:00,1037.94581332
2018-01-17 06:11:00,1037.94581332
2018-01-17 06:12:00,1027.53796257
2018-01-17 06:13:00,1027.53796257
2018-01-17 06:14:00,1017.13011182
2018-01-17 06:15:00,1017.13011182
2018-01-17 06:16:00,1017.13011182
2018-01-17 06:17:00,1017.13011182
2018-01-17 06:18:00,1017.13011182
2018-01-17 06:19:00,1017.13011182
2018-01-17 06:20:00,1017.13011182
2018-01-17 06:21:00,1017.13011182
2018-01-17 06:22:00,1017.13011182
2018-01-17 06:23:00,1017.13011182
2018-01-17 06:24:00,1017.13011182
2018-01-17 06:25:00,1027.53796257
2018-01-17 06:26:00,1017.13011182
2018-01-17 06:27:00,1017.13011182
2018-01-17 06:28:00,1017.13011182
2018-01-17 06:29:00,1017.13011182
2018-01-17 06:30:00,1027.53796257
2018-01-17 06:31:00,1027.53796257
2018-01-17 06:32:00,1037.94581332
2018-01-17 06:33:00,1037.94581332
2018-01-17 06:34:00,1037.94581332
2018-01-17 06:35:00,1037.94581332
2018-01-17 06:36:00,1037.94581332
2018-01-17 06:37:00,1037.94581332
2018-01-17 06:38:00,1037.94581332
2018-01-17 06:39:00,1037.94581332
2018-01-17 06:40:00,1037.94581332
2018-01-17 06:41:00,1037.94581332
2018-01-17 06:42:00,1037.94581332
2018-01-17 06:43:00,1048.35366407
2018-01-17 06:44:00,1048.35366407
2018-01-17 06:45:00,1069.16936557
2018-01-17 06:46:00,1069.16936557
2018-01-17 06:47:00,1069.16936557
2018-01-17 06:48:00,1058.76151482
2018-01-17 06:49:00,1058.76151482
2018-01-17 06:50:00,1058.76151482
2018-01-17 06:51:00,1058.76151482
2018-01-17 06:52:00,1058.76151482
2018-01-17 06:53:00,1058.76151482
2018-01-17 06:54:00,1069.16936557
2018-01-17 06:55:00,1058.76151482
2018-01-17 06:56:00,1079.57721632
2018-01-17 06:57:00,1079.57721632
2018-01-17 06:58:00,1079.57721632
2018-01-17 06:59:00,1079.57721632
2018-01-17 07:00:00,1079.57721632
2018-01-17 07:01:00,1079.57721632
2018-01-17 07:02:00,1079.57721632
2018-01-17 07:03:00,1089.98506707
2018-01-17 07:04:00,1089.98506707
2018-01-17 07:05:00,1089.98506707
2018-01-17 07:06:00,1089.98506707
2018-01-17 07:07:00,1089.98506707
2018-01-17 07:08:00,1089.98506707
2018-01-17 07:09:00,1089.98506707
2018-01-17 07:10:00,1089.98506707
2018-01-17 07:11:00,1069.16936557
2018-01-17 07:12:00,1058.76151482
2018-01-17 07:13:00,1058.76151482
2018-01-17 07:14:00,1037.94581332
2018-01-17 07:15:00,1037.94581332
2018-01-17 07:16:00,1037.94581332
2018-01-17 07:17:00,1027.53796257
2018-01-17 07:18:00,1027.53796257
2018-01-17 07:19:00,1037.94581332
2018-01-17 07:20:00,1027.53796257
2018-01-17 07:21:00,1027.53796257
2018-01-17 07:22:00,1027.53796257
2018-01-17 07:23:00,1017.13011182
2018-01-17 07:24:00,1017.13011182
2018-01-17 07:25:00,1027.53796257
2018-01-17 07:26:00,1027.53796257
2018-01-17 07:27:00,1079.57721632
2018-01-17 07:28:00,1037.94581332
2018-01-17 07:29:00,1037.94581332
2018-01-17 07:30:00,1037.94581332
2018-01-17 07:31:00,1037.94581332
2018-01-17 07:32:00,1037.94581332
2018-01-17 07:33:00,1037.94581332
2018-01-17 07:34:00,1027.53796257
2018-01-17 07:35:00,1027.53796257
2018-01-17 07:36:00,1037.94581332
2018-01-17 07:37:00,1037.94581332
2018-01-17 07:38:00,1037.94581332
2018-01-17 07:39:00,1037.94581332
2018-01-17 07:40:00,1037.94581332
2018-01-17 07:41:00,1037.94581332
2018-01-17 07:42:00,1037.94581332
2018-01-17 07:43:00,1037.94581332
2018-01-17 07:44:00,1037.94581332
2018-01-17 07:45:00,1037.94581332
2018-01-17 07:46:00,1037.94581332
2018-01-17 07:47:00,1037.94581332
2018-01-17 07:48:00,1037.94581332
2018-01-17 07:49:00,1037.94581332
2018-01-17 07:50:00,1037.94581332
2018-01-17 07:51:00,1048.35366407
2018-01-17 07:52:00,1048.35366407
2018-01-17 07:53:00,1017.13011182
2018-01-17 07:54:00,1027.53796257
2018-01-17 07:55:00,1027.53796257
2018-01-17 07:56:00,1027.53796257
2018-01-17 07:57:00,996.314410315
2018-01-17 07:58:00,996.314410315
2018-01-17 07:59:00,975.498708815
2018-01-17 08:00:00,975.498708815
2018-01-17 08:01:00,954.683007315
2018-01-17 08:02:00,954.683007315
2018-01-17 08:03:00,954.683007315
2018-01-17 08:04:00,954.683007315
2018-01-17 08:05:00,954.683007315
2018-01-17 08:06:00,954.683007315
2018-01-17 08:07:00,954.683007315
2018-01-17 08:08:00,944.275156565
2018-01-17 08:09:00,985.906559565
2018-01-17 08:10:00,996.314410315
2018-01-17 08:11:00,996.314410315
2018-01-17 08:12:00,996.314410315
2018-01-17 08:13:00,996.314410315
2018-01-17 08:14:00,975.498708815
2018-01-17 08:15:00,985.906559565
2018-01-17 08:16:00,996.314410315
2018-01-17 08:17:00,996.314410315
2018-01-17 08:18:00,996.314410315
2018-01-17 08:19:00,996.314410315
2018-01-17 08:20:00,1006.72226107
2018-01-17 08:21:00,1006.72226107
2018-01-17 08:22:00,1006.72226107
2018-01-17 08:23:00,996.314410315
2018-01-17 08:24:00,1006.72226107
2018-01-17 08:25:00,1006.72226107
2018-01-17 08:26:00,996.314410315
2018-01-17 08:27:00,1006.72226107
2018-01-17 08:28:00,996.314410315
2018-01-17 08:29:00,996.314410315
2018-01-17 08:30:00,996.314410315
2018-01-17 08:31:00,996.314410315
2018-01-17 08:32:00,996.314410315
2018-01-17 08:33:00,996.314410315
2018-01-17 08:34:00,996.314410315
2018-01-17 08:35:00,996.314410315
2018-01-17 08:36:00,1006.72226107
2018-01-17 08:37:00,1006.72226107
2018-01-17 08:38:00,1006.72226107
2018-01-17 08:39:00,1006.72226107
2018-01-17 08:40:00,996.314410315
2018-01-17 08:41:00,996.314410315
2018-01-17 08:42:00,996.314410315
2018-01-17 08:43:00,996.314410315
2018-01-17 08:44:00,996.314410315
2018-01-17 08:45:00,1017.13011182
2018-01-17 08:46:00,1027.53796257
2018-01-17 08:47:00,1048.35366407
2018-01-17 08:48:00,1037.94581332
2018-01-17 08:49:00,1037.94581332
2018-01-17 08:50:00,1037.94581332
2018-01-17 08:51:00,1027.53796257
2018-01-17 08:52:00,1027.53796257
2018-01-17 08:53:00,1027.53796257
2018-01-17 08:54:00,1017.13011182
2018-01-17 08:55:00,1017.13011182
2018-01-17 08:56:00,1017.13011182
2018-01-17 08:57:00,1017.13011182
2018-01-17 08:58:00,1027.53796257
2018-01-17 08:59:00,1027.53796257
2018-01-17 09:00:00,1017.13011182
2018-01-17 09:01:00,1017.13011182
2018-01-17 09:02:00,1017.13011182
2018-01-17 09:03:00,996.314410315
2018-01-17 09:04:00,996.314410315
2018-01-17 09:05:00,996.314410315
2018-01-17 09:06:00,996.314410315
2018-01-17 09:07:00,1017.13011182
2018-01-17 09:08:00,1017.13011182
2018-01-17 09:09:00,996.314410315
2018-01-17 09:10:00,996.314410315
2018-01-17 09:11:00,996.314410315
2018-01-17 09:12:00,996.314410315
2018-01-17 09:13:00,996.314410315
2018-01-17 09:14:00,996.314410315
2018-01-17 09:15:00,996.314410315
2018-01-17 09:16:00,996.314410315
2018-01-17 09:17:00,1017.13011182
2018-01-17 09:18:00,996.314410315
2018-01-17 09:19:00,996.314410315
2018-01-17 09:20:00,1017.13011182
2018-01-17 09:21:00,1017.13011182
2018-01-17 09:22:00,1027.53796257
2018-01-17 09:23:00,1027.53796257
2018-01-17 09:24:00,1027.53796257
2018-01-17 09:25:00,1037.94581332
2018-01-17 09:26:00,1037.94581332
2018-01-17 09:27:00,1037.94581332
2018-01-17 09:28:00,1027.53796257
2018-01-17 09:29:00,1027.53796257
2018-01-17 09:30:00,1027.53796257
2018-01-17 09:31:00,1017.13011182
2018-01-17 09:32:00,1017.13011182
2018-01-17 09:33:00,1017.13011182
2018-01-17 09:34:00,1017.13011182
2018-01-17 09:35:00,996.314410315
2018-01-17 09:36:00,1027.53796257
2018-01-17 09:37:00,996.314410315
2018-01-17 09:38:00,1017.13011182
2018-01-17 09:39:00,1017.13011182
2018-01-17 09:40:00,1017.13011182
2018-01-17 09:41:00,996.314410315
2018-01-17 09:42:00,996.314410315
2018-01-17 09:43:00,996.314410315
2018-01-17 09:44:00,996.314410315
2018-01-17 09:45:00,996.314410315
2018-01-17 09:46:00,996.314410315
2018-01-17 09:47:00,996.314410315
2018-01-17 09:48:00,996.314410315
2018-01-17 09:49:00,996.314410315
2018-01-17 09:50:00,996.314410315
2018-01-17 09:51:00,996.314410315
2018-01-17 09:52:00,996.314410315
2018-01-17 09:53:00,996.314410315
2018-01-17 09:54:00,996.314410315
2018-01-17 09:55:00,996.314410315
2018-01-17 09:56:00,975.498708815
2018-01-17 09:57:00,996.314410315
2018-01-17 09:58:00,996.314410315
2018-01-17 09:59:00,996.314410315
2018-01-17 10:00:00,996.314410315
2018-01-17 10:01:00,996.314410315
2018-01-17 10:02:00,975.498708815
2018-01-17 10:03:00,996.314410315
2018-01-17 10:04:00,1006.72226107
2018-01-17 10:05:00,996.314410315
2018-01-17 10:06:00,996.314410315
2018-01-17 10:07:00,985.906559565
2018-01-17 10:08:00,985.906559565
2018-01-17 10:09:00,985.906559565
2018-01-17 10:10:00,975.498708815
2018-01-17 10:11:00,975.498708815
2018-01-17 10:12:00,954.683007315
2018-01-17 10:13:00,954.683007315
2018-01-17 10:14:00,933.867305815
2018-01-17 10:15:00,954.683007315
2018-01-17 10:16:00,954.683007315
2018-01-17 10:17:00,954.683007315
2018-01-17 10:18:00,954.683007315
2018-01-17 10:19:00,933.867305815
2018-01-17 10:20:00,933.867305815
2018-01-17 10:21:00,954.683007315
2018-01-17 10:22:00,933.867305815
2018-01-17 10:23:00,933.867305815
2018-01-17 10:24:00,933.867305815
2018-01-17 10:25:00,933.867305815
2018-01-17 10:26:00,954.683007315
2018-01-17 10:27:00,954.683007315
2018-01-17 10:28:00,954.683007315
2018-01-17 10:29:00,954.683007315
2018-01-17 10:30:00,933.867305815
2018-01-17 10:31:00,933.867305815
2018-01-17 10:32:00,923.459455065
2018-01-17 10:33:00,923.459455065
2018-01-17 10:34:00,923.459455065
2018-01-17 10:35:00,933.867305815
2018-01-17 10:36:00,933.867305815
2018-01-17 10:37:00,923.459455065
2018-01-17 10:38:00,923.459455065
2018-01-17 10:39:00,923.459455065
2018-01-17 10:40:00,913.051604315
2018-01-17 10:41:00,913.051604315
2018-01-17 10:42:00,913.051604315
2018-01-17 10:43:00,913.051604315
2018-01-17 10:44:00,913.051604315
2018-01-17 10:45:00,892.235902815
2018-01-17 10:46:00,892.235902815
2018-01-17 10:47:00,892.235902815
2018-01-17 10:48:00,892.235902815
2018-01-17 10:49:00,933.867305815
2018-01-17 10:50:00,933.867305815
2018-01-17 10:51:00,933.867305815
2018-01-17 10:52:00,933.867305815
2018-01-17 10:53:00,944.275156565
2018-01-17 10:54:00,944.275156565
2018-01-17 10:55:00,944.275156565
2018-01-17 10:56:00,944.275156565
2018-01-17 10:57:00,944.275156565
2018-01-17 10:58:00,944.275156565
2018-01-17 10:59:00,944.275156565
2018-01-17 11:00:00,944.275156565
2018-01-17 11:01:00,944.275156565
2018-01-17 11:02:00,913.051604315
2018-01-17 11:03:00,913.051604315
2018-01-17 11:04:00,923.459455065
2018-01-17 11:05:00,923.459455065
2018-01-17 11:06:00,923.459455065
2018-01-17 11:07:00,923.459455065
2018-01-17 11:08:00,923.459455065
2018-01-17 11:09:00,923.459455065
2018-01-17 11:10:00,923.459455065
2018-01-17 11:11:00,965.090858065
2018-01-17 11:12:00,965.090858065
2018-01-17 11:13:00,965.090858065
2018-01-17 11:14:00,985.906559565
2018-01-17 11:15:00,996.314410315
2018-01-17 11:16:00,985.906559565
2018-01-17 11:17:00,996.314410315
2018-01-17 11:18:00,996.314410315
2018-01-17 11:19:00,996.314410315
2018-01-17 11:20:00,985.906559565
2018-01-17 11:21:00,985.906559565
2018-01-17 11:22:00,996.314410315
2018-01-17 11:23:00,996.314410315
2018-01-17 11:24:00,985.906559565
2018-01-17 11:25:00,985.906559565
2018-01-17 11:26:00,985.906559565
2018-01-17 11:27:00,985.906559565
2018-01-17 11:28:00,996.314410315
2018-01-17 11:29:00,996.314410315
2018-01-17 11:30:00,996.314410315
2018-01-17 11:31:00,996.314410315
2018-01-17 11:32:00,985.906559565
2018-01-17 11:33:00,985.906559565
2018-01-17 11:34:00,985.906559565
2018-01-17 11:35:00,985.906559565
2018-01-17 11:36:00,985.906559565
2018-01-17 11:37:00,985.906559565
2018-01-17 11:38:00,985.906559565
2018-01-17 11:39:00,985.906559565
2018-01-17 11:40:00,985.906559565
2018-01-17 11:41:00,985.906559565
2018-01-17 11:42:00,985.906559565
2018-01-17 11:43:00,985.906559565
2018-01-17 11:44:00,985.906559565
2018-01-17 11:45:00,985.906559565
2018-01-17 11:46:00,985.906559565
2018-01-17 11:47:00,985.906559565
2018-01-17 11:48:00,954.683007315
2018-01-17 11:49:00,954.683007315
2018-01-17 11:50:00,954.683007315
2018-01-17 11:51:00,954.683007315
2018-01-17 11:52:00,954.683007315
2018-01-17 11:53:00,954.683007315
2018-01-17 11:54:00,954.683007315
2018-01-17 11:55:00,954.683007315
2018-01-17 11:56:00,965.090858065
2018-01-17 11:57:00,965.090858065
2018-01-17 11:58:00,965.090858065
2018-01-17 11:59:00,965.090858065
2018-01-18 01:29:00,933.866473187
2018-01-18 01:30:00,933.866473187
2018-01-18 01:31:00,933.866473187
2018-01-18 01:32:00,933.866473187
2018-01-18 01:33:00,933.866473187
2018-01-18 01:34:00,892.235070187
2018-01-18 01:35:00,892.235070187
2018-01-18 01:36:00,892.235070187
2018-01-18 01:37:00,871.419368687
2018-01-18 01:38:00,881.827219437
2018-01-18 01:39:00,881.827219437
2018-01-18 01:40:00,892.235070187
2018-01-18 01:41:00,871.419368687
2018-01-18 01:42:00,871.419368687
2018-01-18 01:43:00,871.419368687
2018-01-18 01:44:00,871.419368687
2018-01-18 01:45:00,871.419368687
2018-01-18 01:46:00,871.419368687
2018-01-18 01:47:00,871.419368687
2018-01-18 01:48:00,871.419368687
2018-01-18 01:49:00,871.419368687
2018-01-18 01:50:00,871.419368687
2018-01-18 01:51:00,850.603667187
2018-01-18 01:52:00,850.603667187
2018-01-18 01:53:00,840.195816437
2018-01-18 01:54:00,850.603667187
2018-01-18 01:55:00,850.603667187
2018-01-18 01:56:00,861.011517937
2018-01-18 01:57:00,861.011517937
2018-01-18 01:58:00,881.827219437
2018-01-18 01:59:00,881.827219437
2018-01-18 02:00:00,871.419368687
2018-01-18 02:01:00,861.011517937
2018-01-18 02:02:00,861.011517937
2018-01-18 02:03:00,861.011517937
2018-01-18 02:04:00,861.011517937
2018-01-18 02:05:00,861.011517937
2018-01-18 02:06:00,861.011517937
2018-01-18 02:07:00,850.603667187
2018-01-18 02:08:00,850.603667187
2018-01-18 02:09:00,850.603667187
2018-01-18 02:10:00,850.603667187
2018-01-18 02:11:00,850.603667187
2018-01-18 02:12:00,850.603667187
2018-01-18 02:13:00,850.603667187
2018-01-18 02:14:00,850.603667187
2018-01-18 02:15:00,788.156562687
2018-01-18 02:16:00,798.564413437
2018-01-18 02:17:00,788.156562687
2018-01-18 02:18:00,788.156562687
2018-01-18 02:19:00,788.156562687
2018-01-18 02:20:00,788.156562687
2018-01-18 02:21:00,798.564413437
2018-01-18 02:22:00,798.564413437
2018-01-18 02:23:00,798.564413437
2018-01-18 02:24:00,788.156562687
2018-01-18 02:25:00,788.156562687
2018-01-18 02:26:00,788.156562687
2018-01-18 02:27:00,788.156562687
2018-01-18 02:28:00,777.748711937
2018-01-18 02:29:00,777.748711937
2018-01-18 02:30:00,725.709458187
2018-01-18 02:31:00,756.933010437
2018-01-18 02:32:00,756.933010437
2018-01-18 02:33:00,756.933010437
2018-01-18 02:34:00,756.933010437
2018-01-18 02:35:00,736.117308937
2018-01-18 02:36:00,736.117308937
2018-01-18 02:37:00,736.117308937
2018-01-18 02:38:00,746.525159687
2018-01-18 02:39:00,736.117308937
2018-01-18 02:40:00,736.117308937
2018-01-18 02:41:00,746.525159687
2018-01-18 02:42:00,746.525159687
2018-01-18 02:43:00,746.525159687
2018-01-18 02:44:00,756.933010437
2018-01-18 02:45:00,767.340861187
2018-01-18 02:46:00,777.748711937
2018-01-18 02:47:00,777.748711937
2018-01-18 02:48:00,788.156562687
2018-01-18 02:49:00,777.748711937
2018-01-18 02:50:00,777.748711937
2018-01-18 02:51:00,777.748711937
2018-01-18 02:52:00,777.748711937
2018-01-18 02:53:00,777.748711937
2018-01-18 02:54:00,798.564413437
2018-01-18 02:55:00,788.156562687
2018-01-18 02:56:00,767.340861187
2018-01-18 02:57:00,767.340861187
2018-01-18 02:58:00,767.340861187
2018-01-18 02:59:00,767.340861187
2018-01-18 03:00:00,767.340861187
2018-01-18 03:01:00,767.340861187
2018-01-18 03:02:00,777.748711937
2018-01-18 03:03:00,777.748711937
2018-01-18 03:04:00,777.748711937
2018-01-18 03:05:00,777.748711937
2018-01-18 03:06:00,777.748711937
2018-01-18 03:07:00,777.748711937
2018-01-18 03:08:00,777.748711937
2018-01-18 03:09:00,767.340861187
2018-01-18 03:10:00,767.340861187
2018-01-18 03:11:00,767.340861187
2018-01-18 03:12:00,767.340861187
2018-01-18 03:13:00,767.340861187
2018-01-18 03:14:00,767.340861187
2018-01-18 03:15:00,777.748711937
2018-01-18 03:16:00,777.748711937
2018-01-18 03:17:00,777.748711937
2018-01-18 03:18:00,788.156562687
2018-01-18 03:19:00,788.156562687
2018-01-18 03:20:00,777.748711937
2018-01-18 03:21:00,777.748711937
2018-01-18 03:22:00,777.748711937
2018-01-18 03:23:00,777.748711937
2018-01-18 03:24:00,767.340861187
2018-01-18 03:25:00,767.340861187
2018-01-18 03:26:00,767.340861187
2018-01-18 03:27:00,767.340861187
2018-01-18 03:28:00,767.340861187
2018-01-18 03:29:00,767.340861187
2018-01-18 03:30:00,767.340861187
2018-01-18 03:31:00,767.340861187
2018-01-18 03:32:00,746.525159687
2018-01-18 03:33:00,746.525159687
2018-01-18 03:34:00,725.709458187
2018-01-18 03:35:00,725.709458187
2018-01-18 03:36:00,725.709458187
2018-01-18 03:37:00,725.709458187
2018-01-18 03:38:00,704.893756687
2018-01-18 03:39:00,704.893756687
2018-01-18 03:40:00,704.893756687
2018-01-18 03:41:00,694.485905937
2018-01-18 03:42:00,725.709458187
2018-01-18 03:43:00,725.709458187
2018-01-18 03:44:00,725.709458187
2018-01-18 03:45:00,746.525159687
2018-01-18 03:46:00,767.340861187
2018-01-18 03:47:00,767.340861187
2018-01-18 03:48:00,767.340861187
2018-01-18 03:49:00,767.340861187
2018-01-18 03:50:00,767.340861187
2018-01-18 03:51:00,767.340861187
2018-01-18 03:52:00,777.748711937
2018-01-18 03:53:00,777.748711937
2018-01-18 03:54:00,767.340861187
2018-01-18 03:55:00,746.525159687
2018-01-18 03:56:00,746.525159687
2018-01-18 03:57:00,746.525159687
2018-01-18 03:58:00,746.525159687
2018-01-18 03:59:00,746.525159687
2018-01-18 04:00:00,725.709458187
2018-01-18 04:01:00,725.709458187
2018-01-18 04:02:00,725.709458187
2018-01-18 04:03:00,725.709458187
2018-01-18 04:04:00,704.893756687
2018-01-18 04:05:00,704.893756687
2018-01-18 04:06:00,704.893756687
2018-01-18 04:07:00,704.893756687
2018-01-18 04:08:00,704.893756687
2018-01-18 04:09:00,704.893756687
2018-01-18 04:10:00,715.301607437
2018-01-18 04:11:00,715.301607437
2018-01-18 04:12:00,715.301607437
2018-01-18 04:13:00,704.893756687
2018-01-18 04:14:00,704.893756687
2018-01-18 04:15:00,756.933010437
2018-01-18 04:16:00,736.117308937
2018-01-18 04:17:00,736.117308937
2018-01-18 04:18:00,736.117308937
2018-01-18 04:19:00,736.117308937
2018-01-18 04:20:00,725.709458187
2018-01-18 04:21:00,725.709458187
2018-01-18 04:22:00,725.709458187
2018-01-18 04:23:00,715.301607437
2018-01-18 04:24:00,715.301607437
2018-01-18 04:25:00,715.301607437
2018-01-18 04:26:00,736.117308937
2018-01-18 04:27:00,725.709458187
2018-01-18 04:28:00,725.709458187
2018-01-18 04:29:00,725.709458187
2018-01-18 04:30:00,736.117308937
2018-01-18 04:31:00,736.117308937
2018-01-18 04:32:00,736.117308937
2018-01-18 04:33:00,736.117308937
2018-01-18 04:34:00,736.117308937
2018-01-18 04:35:00,715.301607437
2018-01-18 04:36:00,715.301607437
2018-01-18 04:37:00,715.301607437
2018-01-18 04:38:00,736.117308937
2018-01-18 04:39:00,736.117308937
2018-01-18 04:40:00,715.301607437
2018-01-18 04:41:00,715.301607437
2018-01-18 04:42:00,715.301607437
2018-01-18 04:43:00,715.301607437
2018-01-18 04:44:00,715.301607437
2018-01-18 04:45:00,715.301607437
2018-01-18 04:46:00,715.301607437
2018-01-18 04:47:00,715.301607437
2018-01-18 04:48:00,715.301607437
2018-01-18 04:49:00,715.301607437
2018-01-18 04:50:00,715.301607437
2018-01-18 04:51:00,704.893756687
2018-01-18 04:52:00,704.893756687
2018-01-18 04:53:00,704.893756687
2018-01-18 04:54:00,715.301607437
2018-01-18 04:55:00,715.301607437
2018-01-18 04:56:00,704.893756687
2018-01-18 04:57:00,704.893756687
2018-01-18 04:58:00,704.893756687
2018-01-18 04:59:00,704.893756687
2018-01-18 05:00:00,704.893756687
2018-01-18 05:01:00,704.893756687
2018-01-18 05:02:00,704.893756687
2018-01-18 05:03:00,704.893756687
2018-01-18 05:04:00,704.893756687
2018-01-18 05:05:00,704.893756687
2018-01-18 05:06:00,704.893756687
2018-01-18 05:07:00,715.301607437
2018-01-18 05:08:00,715.301607437
2018-01-18 05:09:00,715.301607437
2018-01-18 05:10:00,715.301607437
2018-01-18 05:11:00,715.301607437
2018-01-18 05:12:00,715.301607437
2018-01-18 05:13:00,715.301607437
2018-01-18 05:14:00,715.301607437
2018-01-18 05:15:00,715.301607437
2018-01-18 05:16:00,715.301607437
2018-01-18 05:17:00,715.301607437
2018-01-18 05:18:00,715.301607437
2018-01-18 05:19:00,715.301607437
2018-01-18 05:20:00,715.301607437
2018-01-18 05:21:00,715.301607437
2018-01-18 05:22:00,715.301607437
2018-01-18 05:23:00,704.893756687
2018-01-18 05:24:00,704.893756687
2018-01-18 05:25:00,704.893756687
2018-01-18 05:26:00,704.893756687
2018-01-18 05:27:00,704.893756687
2018-01-18 05:28:00,704.893756687
2018-01-18 05:29:00,704.893756687
2018-01-18 05:30:00,704.893756687
2018-01-18 05:31:00,704.893756687
2018-01-18 05:32:00,715.301607437
2018-01-18 05:33:00,715.301607437
2018-01-18 05:34:00,715.301607437
2018-01-18 05:35:00,715.301607437
2018-01-18 05:36:00,715.301607437
2018-01-18 05:37:00,715.301607437
2018-01-18 05:38:00,715.301607437
2018-01-18 05:39:00,715.301607437
2018-01-18 05:40:00,715.301607437
2018-01-18 05:41:00,715.301607437
2018-01-18 05:42:00,715.301607437
2018-01-18 05:43:00,715.301607437
2018-01-18 05:44:00,715.301607437
2018-01-18 05:45:00,715.301607437
2018-01-18 05:46:00,684.078055187
2018-01-18 05:47:00,663.262353687
2018-01-18 05:48:00,694.485905937
2018-01-18 05:49:00,694.485905937
2018-01-18 05:50:00,694.485905937
2018-01-18 05:51:00,694.485905937
2018-01-18 05:52:00,663.262353687
2018-01-18 05:53:00,663.262353687
2018-01-18 05:54:00,663.262353687
2018-01-18 05:55:00,663.262353687
2018-01-18 05:56:00,663.262353687
2018-01-18 05:57:00,663.262353687
2018-01-18 05:58:00,694.485905937
2018-01-18 05:59:00,694.485905937
2018-01-18 06:00:00,694.485905937
2018-01-18 06:01:00,694.485905937
2018-01-18 06:02:00,694.485905937
2018-01-18 06:03:00,704.893756687
2018-01-18 06:04:00,715.301607437
2018-01-18 06:05:00,715.301607437
2018-01-18 06:06:00,715.301607437
2018-01-18 06:07:00,736.117308937
2018-01-18 06:08:00,736.117308937
2018-01-18 06:09:00,736.117308937
2018-01-18 06:10:00,736.117308937
2018-01-18 06:11:00,746.525159687
2018-01-18 06:12:00,746.525159687
2018-01-18 06:13:00,746.525159687
2018-01-18 06:14:00,746.525159687
2018-01-18 06:15:00,756.933010437
2018-01-18 06:16:00,756.933010437
2018-01-18 06:17:00,756.933010437
2018-01-18 06:18:00,746.525159687
2018-01-18 06:19:00,746.525159687
2018-01-18 06:20:00,756.933010437
2018-01-18 06:21:00,756.933010437
2018-01-18 06:22:00,756.933010437
2018-01-18 06:23:00,756.933010437
2018-01-18 06:24:00,756.933010437
2018-01-18 06:25:00,756.933010437
2018-01-18 06:26:00,756.933010437
2018-01-18 06:27:00,777.748711937
2018-01-18 06:28:00,777.748711937
2018-01-18 06:29:00,777.748711937
2018-01-18 06:30:00,777.748711937
2018-01-18 06:31:00,777.748711937
2018-01-18 06:32:00,777.748711937
2018-01-18 06:33:00,767.340861187
2018-01-18 06:34:00,767.340861187
2018-01-18 06:35:00,767.340861187
2018-01-18 06:36:00,767.340861187
2018-01-18 06:37:00,767.340861187
2018-01-18 06:38:00,767.340861187
2018-01-18 06:39:00,767.340861187
2018-01-18 06:40:00,767.340861187
2018-01-18 06:41:00,767.340861187
2018-01-18 06:42:00,767.340861187
2018-01-18 06:43:00,767.340861187
2018-01-18 06:44:00,788.156562687
2018-01-18 06:45:00,798.564413437
2018-01-18 06:46:00,788.156562687
2018-01-18 06:47:00,788.156562687
2018-01-18 06:48:00,788.156562687
2018-01-18 06:49:00,788.156562687
2018-01-18 06:50:00,788.156562687
2018-01-18 06:51:00,788.156562687
2018-01-18 06:52:00,788.156562687
2018-01-18 06:53:00,788.156562687
2018-01-18 06:54:00,788.156562687
2018-01-18 06:55:00,788.156562687
2018-01-18 06:56:00,798.564413437
2018-01-18 06:57:00,798.564413437
2018-01-18 06:58:00,788.156562687
2018-01-18 06:59:00,788.156562687
2018-01-18 07:00:00,777.748711937
2018-01-18 07:01:00,788.156562687
2018-01-18 07:02:00,788.156562687
2018-01-18 07:03:00,777.748711937
2018-01-18 07:04:00,798.564413437
2018-01-18 07:05:00,777.748711937
2018-01-18 07:06:00,777.748711937
2018-01-18 07:07:00,777.748711937
2018-01-18 07:08:00,777.748711937
2018-01-18 07:09:00,777.748711937
2018-01-18 07:10:00,777.748711937
2018-01-18 07:11:00,777.748711937
2018-01-18 07:12:00,777.748711937
2018-01-18 07:13:00,767.340861187
2018-01-18 07:14:00,767.340861187
2018-01-18 07:15:00,767.340861187
2018-01-18 07:16:00,767.340861187
2018-01-18 07:17:00,767.340861187
2018-01-18 07:18:00,767.340861187
2018-01-18 07:19:00,767.340861187
2018-01-18 07:20:00,777.748711937
2018-01-18 07:21:00,777.748711937
2018-01-18 07:22:00,777.748711937
2018-01-18 07:23:00,777.748711937
2018-01-18 07:24:00,777.748711937
2018-01-18 07:25:00,777.748711937
2018-01-18 07:26:00,777.748711937
2018-01-18 07:27:00,777.748711937
2018-01-18 07:28:00,788.156562687
2018-01-18 07:29:00,777.748711937
2018-01-18 07:30:00,777.748711937
2018-01-18 07:31:00,777.748711937
2018-01-18 07:32:00,777.748711937
2018-01-18 07:33:00,777.748711937
2018-01-18 07:34:00,777.748711937
2018-01-18 07:35:00,777.748711937
2018-01-18 07:36:00,756.933010437
2018-01-18 07:37:00,746.525159687
2018-01-18 07:38:00,746.525159687
2018-01-18 07:39:00,746.525159687
2018-01-18 07:40:00,756.933010437
2018-01-18 07:41:00,756.933010437
2018-01-18 07:42:00,756.933010437
2018-01-18 07:43:00,756.933010437
2018-01-18 07:44:00,767.340861187
2018-01-18 07:45:00,746.525159687
2018-01-18 07:46:00,746.525159687
2018-01-18 07:47:00,746.525159687
2018-01-18 07:48:00,746.525159687
2018-01-18 07:49:00,725.709458187
2018-01-18 07:50:00,725.709458187
2018-01-18 07:51:00,725.709458187
2018-01-18 07:52:00,746.525159687
2018-01-18 07:53:00,756.933010437
2018-01-18 07:54:00,756.933010437
2018-01-18 07:55:00,756.933010437
2018-01-18 07:56:00,756.933010437
2018-01-18 07:57:00,756.933010437
2018-01-18 07:58:00,756.933010437
2018-01-18 07:59:00,756.933010437
2018-01-18 08:00:00,756.933010437
2018-01-18 08:01:00,767.340861187
2018-01-18 08:02:00,767.340861187
2018-01-18 08:03:00,767.340861187
2018-01-18 08:04:00,756.933010437
2018-01-18 08:05:00,756.933010437
2018-01-18 08:06:00,767.340861187
2018-01-18 08:07:00,767.340861187
2018-01-18 08:08:00,767.340861187
2018-01-18 08:09:00,767.340861187
2018-01-18 08:10:00,767.340861187
2018-01-18 08:11:00,767.340861187
2018-01-18 08:12:00,767.340861187
2018-01-18 08:13:00,767.340861187
2018-01-18 08:14:00,767.340861187
2018-01-18 08:15:00,767.340861187
2018-01-18 08:16:00,767.340861187
2018-01-18 08:17:00,756.933010437
2018-01-18 08:18:00,756.933010437
2018-01-18 08:19:00,746.525159687
2018-01-18 08:20:00,746.525159687
2018-01-18 08:21:00,746.525159687
2018-01-18 08:22:00,746.525159687
2018-01-18 08:23:00,746.525159687
2018-01-18 08:24:00,725.709458187
2018-01-18 08:25:00,725.709458187
2018-01-18 08:26:00,725.709458187
2018-01-18 08:27:00,725.709458187
2018-01-18 08:28:00,725.709458187
2018-01-18 08:29:00,725.709458187
2018-01-18 08:30:00,756.933010437
2018-01-18 08:31:00,756.933010437
2018-01-18 08:32:00,746.525159687
2018-01-18 08:33:00,746.525159687
2018-01-18 08:34:00,746.525159687
2018-01-18 08:35:00,767.340861187
2018-01-18 08:36:00,767.340861187
2018-01-18 08:37:00,767.340861187
2018-01-18 08:38:00,767.340861187
2018-01-18 08:39:00,777.748711937
2018-01-18 08:40:00,777.748711937
2018-01-18 08:41:00,777.748711937
2018-01-18 08:42:00,777.748711937
2018-01-18 08:43:00,777.748711937
2018-01-18 08:44:00,777.748711937
2018-01-18 08:45:00,777.748711937
2018-01-18 08:46:00,777.748711937
2018-01-18 08:47:00,767.340861187
2018-01-18 08:48:00,767.340861187
2018-01-18 08:49:00,767.340861187
2018-01-18 08:50:00,767.340861187
2018-01-18 08:51:00,767.340861187
2018-01-18 08:52:00,777.748711937
2018-01-18 08:53:00,767.340861187
2018-01-18 08:54:00,767.340861187
2018-01-18 08:55:00,767.340861187
2018-01-18 08:56:00,767.340861187
2018-01-18 08:57:00,767.340861187
2018-01-18 08:58:00,767.340861187
2018-01-18 08:59:00,767.340861187
2018-01-18 09:00:00,767.340861187
2018-01-18 09:01:00,767.340861187
2018-01-18 09:02:00,767.340861187
2018-01-18 09:03:00,767.340861187
2018-01-18 09:04:00,777.748711937
2018-01-18 09:05:00,777.748711937
2018-01-18 09:06:00,777.748711937
2018-01-18 09:07:00,777.748711937
2018-01-18 09:08:00,777.748711937
2018-01-18 09:09:00,777.748711937
2018-01-18 09:10:00,777.748711937
2018-01-18 09:11:00,777.748711937
2018-01-18 09:12:00,777.748711937
2018-01-18 09:13:00,767.340861187
2018-01-18 09:14:00,777.748711937
2018-01-18 09:15:00,767.340861187
2018-01-18 09:16:00,767.340861187
2018-01-18 09:17:00,767.340861187
2018-01-18 09:18:00,767.340861187
2018-01-18 09:19:00,767.340861187
2018-01-18 09:20:00,777.748711937
2018-01-18 09:21:00,767.340861187
2018-01-18 09:22:00,767.340861187
2018-01-18 09:23:00,767.340861187
2018-01-18 09:24:00,767.340861187
2018-01-18 09:25:00,767.340861187
2018-01-18 09:26:00,767.340861187
2018-01-18 09:27:00,777.748711937
2018-01-18 09:28:00,777.748711937
2018-01-18 09:29:00,777.748711937
2018-01-18 09:30:00,777.748711937
2018-01-18 09:31:00,777.748711937
2018-01-18 09:32:00,767.340861187
2018-01-18 09:33:00,767.340861187
2018-01-18 09:34:00,767.340861187
2018-01-18 09:35:00,767.340861187
2018-01-18 09:36:00,746.525159687
2018-01-18 09:37:00,746.525159687
2018-01-18 09:38:00,746.525159687
2018-01-18 09:39:00,746.525159687
2018-01-18 09:40:00,736.117308937
2018-01-18 09:41:00,736.117308937
2018-01-18 09:42:00,756.933010437
2018-01-18 09:43:00,756.933010437
2018-01-18 09:44:00,756.933010437
2018-01-18 09:45:00,767.340861187
2018-01-18 09:46:00,777.748711937
2018-01-18 09:47:00,777.748711937
2018-01-18 09:48:00,777.748711937
2018-01-18 09:49:00,777.748711937
2018-01-18 09:50:00,767.340861187
2018-01-18 09:51:00,767.340861187
2018-01-18 09:52:00,746.525159687
2018-01-18 09:53:00,746.525159687
2018-01-18 09:54:00,756.933010437
2018-01-18 09:55:00,756.933010437
2018-01-18 09:56:00,746.525159687
2018-01-18 09:57:00,746.525159687
2018-01-18 09:58:00,746.525159687
2018-01-18 09:59:00,746.525159687
2018-01-18 10:00:00,746.525159687
2018-01-18 10:01:00,746.525159687
2018-01-18 10:02:00,746.525159687
2018-01-18 10:03:00,746.525159687
2018-01-18 10:04:00,746.525159687
2018-01-18 10:05:00,746.525159687
2018-01-18 10:06:00,746.525159687
2018-01-18 10:07:00,746.525159687
2018-01-18 10:08:00,746.525159687
2018-01-18 10:09:00,746.525159687
2018-01-18 10:10:00,746.525159687
2018-01-18 10:11:00,746.525159687
2018-01-18 10:12:00,746.525159687
2018-01-18 10:13:00,756.933010437
2018-01-18 10:14:00,756.933010437
2018-01-18 10:15:00,756.933010437
2018-01-18 10:16:00,746.525159687
2018-01-18 10:17:00,756.933010437
2018-01-18 10:18:00,767.340861187
2018-01-18 10:19:00,756.933010437
2018-01-18 10:20:00,756.933010437
2018-01-18 10:21:00,756.933010437
2018-01-18 10:22:00,756.933010437
2018-01-18 10:23:00,756.933010437
2018-01-18 10:24:00,777.748711937
2018-01-18 10:25:00,777.748711937
2018-01-18 10:26:00,777.748711937
2018-01-18 10:27:00,777.748711937
2018-01-18 10:28:00,777.748711937
2018-01-18 10:29:00,777.748711937
2018-01-18 10:30:00,777.748711937
2018-01-18 10:31:00,777.748711937
2018-01-18 10:32:00,767.340861187
2018-01-18 10:33:00,767.340861187
2018-01-18 10:34:00,767.340861187
2018-01-18 10:35:00,767.340861187
2018-01-18 10:36:00,767.340861187
2018-01-18 10:37:00,767.340861187
2018-01-18 10:38:00,767.340861187
2018-01-18 10:39:00,767.340861187
2018-01-18 10:40:00,767.340861187
2018-01-18 10:41:00,777.748711937
2018-01-18 10:42:00,767.340861187
2018-01-18 10:43:00,767.340861187
2018-01-18 10:44:00,788.156562687
2018-01-18 10:45:00,767.340861187
2018-01-18 10:46:00,767.340861187
2018-01-18 10:47:00,767.340861187
2018-01-18 10:48:00,767.340861187
2018-01-18 10:49:00,767.340861187
2018-01-18 10:50:00,767.340861187
2018-01-18 10:51:00,767.340861187
2018-01-18 10:52:00,767.340861187
2018-01-18 10:53:00,756.933010437
2018-01-18 10:54:00,777.748711937
2018-01-18 10:55:00,777.748711937
2018-01-18 10:56:00,798.564413437
2018-01-18 10:57:00,788.156562687
2018-01-18 10:58:00,798.564413437
2018-01-18 10:59:00,798.564413437
2018-01-18 11:00:00,798.564413437
2018-01-18 11:01:00,798.564413437
2018-01-18 11:02:00,798.564413437
2018-01-18 11:03:00,840.195816437
2018-01-18 11:04:00,808.972264187
2018-01-18 11:05:00,819.380114937
2018-01-18 11:06:00,819.380114937
2018-01-18 11:07:00,819.380114937
2018-01-18 11:08:00,840.195816437
2018-01-18 11:09:00,840.195816437
2018-01-18 11:10:00,840.195816437
2018-01-18 11:11:00,840.195816437
2018-01-18 11:12:00,840.195816437
2018-01-18 11:13:00,840.195816437
2018-01-18 11:14:00,840.195816437
2018-01-18 11:15:00,861.011517937
2018-01-18 11:16:00,861.011517937
2018-01-18 11:17:00,861.011517937
2018-01-18 11:18:00,861.011517937
2018-01-18 11:19:00,861.011517937
2018-01-18 11:20:00,861.011517937
2018-01-18 11:21:00,861.011517937
2018-01-18 11:22:00,892.235070187
2018-01-18 11:23:00,892.235070187
2018-01-18 11:24:00,861.011517937
2018-01-18 11:25:00,892.235070187
2018-01-18 11:26:00,892.235070187
2018-01-18 11:27:00,892.235070187
2018-01-18 11:28:00,871.419368687
2018-01-18 11:29:00,871.419368687
2018-01-18 11:30:00,871.419368687
2018-01-18 11:31:00,861.011517937
2018-01-18 11:32:00,861.011517937
2018-01-18 11:33:00,861.011517937
2018-01-18 11:34:00,861.011517937
2018-01-18 11:35:00,861.011517937
2018-01-18 11:36:00,840.195816437
2018-01-18 11:37:00,819.380114937
2018-01-18 11:38:00,819.380114937
2018-01-18 11:39:00,798.564413437
2018-01-18 11:40:00,798.564413437
2018-01-18 11:41:00,798.564413437
2018-01-18 11:42:00,798.564413437
2018-01-18 11:43:00,798.564413437
2018-01-18 11:44:00,798.564413437
2018-01-18 11:45:00,829.787965687
2018-01-18 11:46:00,819.380114937
2018-01-18 11:47:00,819.380114937
2018-01-18 11:48:00,829.787965687
2018-01-18 11:49:00,829.787965687
2018-01-18 11:50:00,808.972264187
2018-01-18 11:51:00,808.972264187
2018-01-18 11:52:00,808.972264187
2018-01-18 11:53:00,808.972264187
2018-01-18 11:54:00,819.380114937
2018-01-18 11:55:00,819.380114937
2018-01-18 11:56:00,819.380114937
2018-01-18 11:57:00,819.380114937
2018-01-18 11:58:00,819.380114937
2018-01-18 11:59:00,819.380114937
2018-01-19 01:29:00,590.407398437
2018-01-19 01:30:00,590.407398437
2018-01-19 01:31:00,590.407398437
2018-01-19 01:32:00,590.407398437
2018-01-19 01:33:00,590.407398437
2018-01-19 01:34:00,788.156562687
2018-01-19 01:35:00,788.156562687
2018-01-19 01:36:00,788.156562687
2018-01-19 01:37:00,788.156562687
2018-01-19 01:38:00,788.156562687
2018-01-19 01:39:00,788.156562687
2018-01-19 01:40:00,788.156562687
2018-01-19 01:41:00,788.156562687
2018-01-19 01:42:00,788.156562687
2018-01-19 01:43:00,788.156562687
2018-01-19 01:44:00,767.340861187
2018-01-19 01:45:00,767.340861187
2018-01-19 01:46:00,767.340861187
2018-01-19 01:47:00,767.340861187
2018-01-19 01:48:00,767.340861187
2018-01-19 01:49:00,767.340861187
2018-01-19 01:50:00,767.340861187
2018-01-19 01:51:00,767.340861187
2018-01-19 01:52:00,767.340861187
2018-01-19 01:53:00,767.340861187
2018-01-19 01:54:00,767.340861187
2018-01-19 01:55:00,767.340861187
2018-01-19 01:56:00,767.340861187
2018-01-19 01:57:00,767.340861187
2018-01-19 01:58:00,767.340861187
2018-01-19 01:59:00,746.525159687
2018-01-19 02:00:00,746.525159687
2018-01-19 02:01:00,746.525159687
2018-01-19 02:02:00,746.525159687
2018-01-19 02:03:00,746.525159687
2018-01-19 02:04:00,746.525159687
2018-01-19 02:05:00,746.525159687
2018-01-19 02:06:00,746.525159687
2018-01-19 02:07:00,746.525159687
2018-01-19 02:08:00,746.525159687
2018-01-19 02:09:00,746.525159687
2018-01-19 02:10:00,746.525159687
2018-01-19 02:11:00,746.525159687
2018-01-19 02:12:00,746.525159687
2018-01-19 02:13:00,767.340861187
2018-01-19 02:14:00,767.340861187
2018-01-19 02:15:00,767.340861187
2018-01-19 02:16:00,767.340861187
2018-01-19 02:17:00,767.340861187
2018-01-19 02:18:00,767.340861187
2018-01-19 02:19:00,767.340861187
2018-01-19 02:20:00,767.340861187
2018-01-19 02:21:00,767.340861187
2018-01-19 02:22:00,767.340861187
2018-01-19 02:23:00,767.340861187
2018-01-19 02:24:00,767.340861187
2018-01-19 02:25:00,767.340861187
2018-01-19 02:26:00,767.340861187
2018-01-19 02:27:00,767.340861187
2018-01-19 02:28:00,767.340861187
2018-01-19 02:29:00,767.340861187
2018-01-19 02:30:00,746.525159687
2018-01-19 02:31:00,746.525159687
2018-01-19 02:32:00,736.117308937
2018-01-19 02:33:00,736.117308937
2018-01-19 02:34:00,756.933010437
2018-01-19 02:35:00,767.340861187
2018-01-19 02:36:00,767.340861187
2018-01-19 02:37:00,788.156562687
2018-01-19 02:38:00,788.156562687
2018-01-19 02:39:00,788.156562687
2018-01-19 02:40:00,788.156562687
2018-01-19 02:41:00,788.156562687
2018-01-19 02:42:00,788.156562687
2018-01-19 02:43:00,788.156562687
2018-01-19 02:44:00,788.156562687
2018-01-19 02:45:00,788.156562687
2018-01-19 02:46:00,808.972264187
2018-01-19 02:47:00,808.972264187
2018-01-19 02:48:00,819.380114937
2018-01-19 02:49:00,819.380114937
2018-01-19 02:50:00,829.787965687
2018-01-19 02:51:00,850.603667187
2018-01-19 02:52:00,850.603667187
2018-01-19 02:53:00,819.380114937
2018-01-19 02:54:00,819.380114937
2018-01-19 02:55:00,829.787965687
2018-01-19 02:56:00,829.787965687
2018-01-19 02:57:00,829.787965687
2018-01-19 02:58:00,829.787965687
2018-01-19 02:59:00,829.787965687
2018-01-19 03:00:00,829.787965687
2018-01-19 03:01:00,808.972264187
2018-01-19 03:02:00,808.972264187
2018-01-19 03:03:00,798.564413437
2018-01-19 03:04:00,788.156562687
2018-01-19 03:05:00,808.972264187
2018-01-19 03:06:00,808.972264187
2018-01-19 03:07:00,808.972264187
2018-01-19 03:08:00,808.972264187
2018-01-19 03:09:00,808.972264187
2018-01-19 03:10:00,808.972264187
2018-01-19 03:11:00,808.972264187
2018-01-19 03:12:00,808.972264187
2018-01-19 03:13:00,829.787965687
2018-01-19 03:14:00,829.787965687
2018-01-19 03:15:00,829.787965687
2018-01-19 03:16:00,829.787965687
2018-01-19 03:17:00,829.787965687
2018-01-19 03:18:00,829.787965687
2018-01-19 03:19:00,829.787965687
2018-01-19 03:20:00,819.380114937
2018-01-19 03:21:00,819.380114937
2018-01-19 03:22:00,819.380114937
2018-01-19 03:23:00,829.787965687
2018-01-19 03:24:00,829.787965687
2018-01-19 03:25:00,829.787965687
2018-01-19 03:26:00,829.787965687
2018-01-19 03:27:00,819.380114937
2018-01-19 03:28:00,829.787965687
2018-01-19 03:29:00,840.195816437
2018-01-19 03:30:00,933.866473187
2018-01-19 03:31:00,933.866473187
2018-01-19 03:32:00,871.419368687
2018-01-19 03:33:00,871.419368687
2018-01-19 03:34:00,881.827219437
2018-01-19 03:35:00,850.603667187
2018-01-19 03:36:00,808.972264187
2018-01-19 03:37:00,840.195816437
2018-01-19 03:38:00,840.195816437
2018-01-19 03:39:00,840.195816437
2018-01-19 03:40:00,819.380114937
2018-01-19 03:41:00,819.380114937
2018-01-19 03:42:00,829.787965687
2018-01-19 03:43:00,829.787965687
2018-01-19 03:44:00,819.380114937
2018-01-19 03:45:00,819.380114937
2018-01-19 03:46:00,819.380114937
2018-01-19 03:47:00,819.380114937
2018-01-19 03:48:00,819.380114937
2018-01-19 03:49:00,819.380114937
2018-01-19 03:50:00,798.564413437
2018-01-19 03:51:00,788.156562687
2018-01-19 03:52:00,808.972264187
2018-01-19 03:53:00,808.972264187
2018-01-19 03:54:00,808.972264187
2018-01-19 03:55:00,808.972264187
2018-01-19 03:56:00,808.972264187
2018-01-19 03:57:00,798.564413437
2018-01-19 03:58:00,798.564413437
2018-01-19 03:59:00,798.564413437
2018-01-19 04:00:00,798.564413437
2018-01-19 04:01:00,798.564413437
2018-01-19 04:02:00,798.564413437
2018-01-19 04:03:00,808.972264187
2018-01-19 04:04:00,819.380114937
2018-01-19 04:05:00,819.380114937
2018-01-19 04:06:00,819.380114937
2018-01-19 04:07:00,819.380114937
2018-01-19 04:08:00,808.972264187
2018-01-19 04:09:00,808.972264187
2018-01-19 04:10:00,808.972264187
2018-01-19 04:11:00,798.564413437
2018-01-19 04:12:00,798.564413437
2018-01-19 04:13:00,798.564413437
2018-01-19 04:14:00,798.564413437
2018-01-19 04:15:00,798.564413437
2018-01-19 04:16:00,798.564413437
2018-01-19 04:17:00,850.603667187
2018-01-19 04:18:00,829.787965687
2018-01-19 04:19:00,819.380114937
2018-01-19 04:20:00,819.380114937
2018-01-19 04:21:00,850.603667187
2018-01-19 04:22:00,850.603667187
2018-01-19 04:23:00,829.787965687
2018-01-19 04:24:00,829.787965687
2018-01-19 04:25:00,850.603667187
2018-01-19 04:26:00,850.603667187
2018-01-19 04:27:00,850.603667187
2018-01-19 04:28:00,861.011517937
2018-01-19 04:29:00,861.011517937
2018-01-19 04:30:00,850.603667187
2018-01-19 04:31:00,850.603667187
2018-01-19 04:32:00,850.603667187
2018-01-19 04:33:00,850.603667187
2018-01-19 04:34:00,819.380114937
2018-01-19 04:35:00,819.380114937
2018-01-19 04:36:00,819.380114937
2018-01-19 04:37:00,819.380114937
2018-01-19 04:38:00,819.380114937
2018-01-19 04:39:00,819.380114937
2018-01-19 04:40:00,819.380114937
2018-01-19 04:41:00,808.972264187
2018-01-19 04:42:00,808.972264187
2018-01-19 04:43:00,808.972264187
2018-01-19 04:44:00,829.787965687
2018-01-19 04:45:00,829.787965687
2018-01-19 04:46:00,829.787965687
2018-01-19 04:47:00,829.787965687
2018-01-19 04:48:00,829.787965687
2018-01-19 04:49:00,829.787965687
2018-01-19 04:50:00,829.787965687
2018-01-19 04:51:00,829.787965687
2018-01-19 04:52:00,829.787965687
2018-01-19 04:53:00,829.787965687
2018-01-19 04:54:00,840.195816437
2018-01-19 04:55:00,840.195816437
2018-01-19 04:56:00,829.787965687
2018-01-19 04:57:00,829.787965687
2018-01-19 04:58:00,829.787965687
2018-01-19 04:59:00,829.787965687
2018-01-19 05:00:00,829.787965687
2018-01-19 05:01:00,819.380114937
2018-01-19 05:02:00,819.380114937
2018-01-19 05:03:00,819.380114937
2018-01-19 05:04:00,819.380114937
2018-01-19 05:05:00,808.972264187
2018-01-19 05:06:00,808.972264187
2018-01-19 05:07:00,808.972264187
2018-01-19 05:08:00,808.972264187
2018-01-19 05:09:00,808.972264187
2018-01-19 05:10:00,808.972264187
2018-01-19 05:11:00,808.972264187
2018-01-19 05:12:00,808.972264187
2018-01-19 05:13:00,808.972264187
2018-01-19 05:14:00,808.972264187
2018-01-19 05:15:00,808.972264187
2018-01-19 05:16:00,829.787965687
2018-01-19 05:17:00,829.787965687
2018-01-19 05:18:00,798.564413437
2018-01-19 05:19:00,819.380114937
2018-01-19 05:20:00,819.380114937
2018-01-19 05:21:00,850.603667187
2018-01-19 05:22:00,850.603667187
2018-01-19 05:23:00,850.603667187
2018-01-19 05:24:00,850.603667187
2018-01-19 05:25:00,850.603667187
2018-01-19 05:26:00,850.603667187
2018-01-19 05:27:00,850.603667187
2018-01-19 05:28:00,850.603667187
2018-01-19 05:29:00,850.603667187
2018-01-19 05:30:00,850.603667187
2018-01-19 05:31:00,798.564413437
2018-01-19 05:32:00,798.564413437
2018-01-19 05:33:00,819.380114937
2018-01-19 05:34:00,819.380114937
2018-01-19 05:35:00,819.380114937
2018-01-19 05:36:00,829.787965687
2018-01-19 05:37:00,829.787965687
2018-01-19 05:38:00,829.787965687
2018-01-19 05:39:00,829.787965687
2018-01-19 05:40:00,819.380114937
2018-01-19 05:41:00,819.380114937
2018-01-19 05:42:00,829.787965687
2018-01-19 05:43:00,829.787965687
2018-01-19 05:44:00,829.787965687
2018-01-19 05:45:00,829.787965687
2018-01-19 05:46:00,829.787965687
2018-01-19 05:47:00,829.787965687
2018-01-19 05:48:00,829.787965687
2018-01-19 05:49:00,829.787965687
2018-01-19 05:50:00,808.972264187
2018-01-19 05:51:00,819.380114937
2018-01-19 05:52:00,819.380114937
2018-01-19 05:53:00,808.972264187
2018-01-19 05:54:00,819.380114937
2018-01-19 05:55:00,819.380114937
2018-01-19 05:56:00,819.380114937
2018-01-19 05:57:00,808.972264187
2018-01-19 05:58:00,819.380114937
2018-01-19 05:59:00,819.380114937
2018-01-19 06:00:00,808.972264187
2018-01-19 06:01:00,808.972264187
2018-01-19 06:02:00,798.564413437
2018-01-19 06:03:00,788.156562687
2018-01-19 06:04:00,788.156562687
2018-01-19 06:05:00,788.156562687
2018-01-19 06:06:00,788.156562687
2018-01-19 06:07:00,808.972264187
2018-01-19 06:08:00,798.564413437
2018-01-19 06:09:00,798.564413437
2018-01-19 06:10:00,798.564413437
2018-01-19 06:11:00,798.564413437
2018-01-19 06:12:00,798.564413437
2018-01-19 06:13:00,798.564413437
2018-01-19 06:14:00,808.972264187
2018-01-19 06:15:00,829.787965687
2018-01-19 06:16:00,829.787965687
2018-01-19 06:17:00,829.787965687
2018-01-19 06:18:00,829.787965687
2018-01-19 06:19:00,829.787965687
2018-01-19 06:20:00,829.787965687
2018-01-19 06:21:00,829.787965687
2018-01-19 06:22:00,829.787965687
2018-01-19 06:23:00,829.787965687
2018-01-19 06:24:00,829.787965687
2018-01-19 06:25:00,829.787965687
2018-01-19 06:26:00,829.787965687
2018-01-19 06:27:00,850.603667187
2018-01-19 06:28:00,829.787965687
2018-01-19 06:29:00,819.380114937
2018-01-19 06:30:00,819.380114937
2018-01-19 06:31:00,819.380114937
2018-01-19 06:32:00,819.380114937
2018-01-19 06:33:00,819.380114937
2018-01-19 06:34:00,829.787965687
2018-01-19 06:35:00,829.787965687
2018-01-19 06:36:00,829.787965687
2018-01-19 06:37:00,850.603667187
2018-01-19 06:38:00,850.603667187
2018-01-19 06:39:00,850.603667187
2018-01-19 06:40:00,840.195816437
2018-01-19 06:41:00,840.195816437
2018-01-19 06:42:00,840.195816437
2018-01-19 06:43:00,850.603667187
2018-01-19 06:44:00,850.603667187
2018-01-19 06:45:00,850.603667187
2018-01-19 06:46:00,850.603667187
2018-01-19 06:47:00,850.603667187
2018-01-19 06:48:00,850.603667187
2018-01-19 06:49:00,850.603667187
2018-01-19 06:50:00,850.603667187
2018-01-19 06:51:00,850.603667187
2018-01-19 06:52:00,850.603667187
2018-01-19 06:53:00,850.603667187
2018-01-19 06:54:00,850.603667187
2018-01-19 06:55:00,850.603667187
2018-01-19 06:56:00,850.603667187
2018-01-19 06:57:00,850.603667187
2018-01-19 06:58:00,850.603667187
2018-01-19 06:59:00,840.195816437
2018-01-19 07:00:00,829.787965687
2018-01-19 07:01:00,829.787965687
2018-01-19 07:02:00,829.787965687
2018-01-19 07:03:00,829.787965687
2018-01-19 07:04:00,829.787965687
2018-01-19 07:05:00,829.787965687
2018-01-19 07:06:00,829.787965687
2018-01-19 07:07:00,829.787965687
2018-01-19 07:08:00,829.787965687
2018-01-19 07:09:00,829.787965687
2018-01-19 07:10:00,829.787965687
2018-01-19 07:11:00,840.195816437
2018-01-19 07:12:00,840.195816437
2018-01-19 07:13:00,829.787965687
2018-01-19 07:14:00,840.195816437
2018-01-19 07:15:00,829.787965687
2018-01-19 07:16:00,829.787965687
2018-01-19 07:17:00,829.787965687
2018-01-19 07:18:00,840.195816437
2018-01-19 07:19:00,840.195816437
2018-01-19 07:20:00,829.787965687
2018-01-19 07:21:00,829.787965687
2018-01-19 07:22:00,840.195816437
2018-01-19 07:23:00,840.195816437
2018-01-19 07:24:00,829.787965687
2018-01-19 07:25:00,829.787965687
2018-01-19 07:26:00,829.787965687
2018-01-19 07:27:00,840.195816437
2018-01-19 07:28:00,850.603667187
2018-01-19 07:29:00,850.603667187
2018-01-19 07:30:00,850.603667187
2018-01-19 07:31:00,850.603667187
2018-01-19 07:32:00,850.603667187
2018-01-19 07:33:00,850.603667187
2018-01-19 07:34:00,840.195816437
2018-01-19 07:35:00,840.195816437
2018-01-19 07:36:00,829.787965687
2018-01-19 07:37:00,840.195816437
2018-01-19 07:38:00,840.195816437
2018-01-19 07:39:00,840.195816437
2018-01-19 07:40:00,840.195816437
2018-01-19 07:41:00,840.195816437
2018-01-19 07:42:00,840.195816437
2018-01-19 07:43:00,840.195816437
2018-01-19 07:44:00,840.195816437
2018-01-19 07:45:00,840.195816437
2018-01-19 07:46:00,829.787965687
2018-01-19 07:47:00,840.195816437
2018-01-19 07:48:00,840.195816437
2018-01-19 07:49:00,840.195816437
2018-01-19 07:50:00,840.195816437
2018-01-19 07:51:00,840.195816437
2018-01-19 07:52:00,840.195816437
2018-01-19 07:53:00,840.195816437
2018-01-19 07:54:00,850.603667187
2018-01-19 07:55:00,861.011517937
2018-01-19 07:56:00,861.011517937
2018-01-19 07:57:00,871.419368687
2018-01-19 07:58:00,871.419368687
2018-01-19 07:59:00,881.827219437
2018-01-19 08:00:00,871.419368687
2018-01-19 08:01:00,861.011517937
2018-01-19 08:02:00,861.011517937
2018-01-19 08:03:00,861.011517937
2018-01-19 08:04:00,871.419368687
2018-01-19 08:05:00,871.419368687
2018-01-19 08:06:00,881.827219437
2018-01-19 08:07:00,881.827219437
2018-01-19 08:08:00,881.827219437
2018-01-19 08:09:00,871.419368687
2018-01-19 08:10:00,871.419368687
2018-01-19 08:11:00,881.827219437
2018-01-19 08:12:00,871.419368687
2018-01-19 08:13:00,871.419368687
2018-01-19 08:14:00,871.419368687
2018-01-19 08:15:00,871.419368687
2018-01-19 08:16:00,871.419368687
2018-01-19 08:17:00,871.419368687
2018-01-19 08:18:00,871.419368687
2018-01-19 08:19:00,871.419368687
2018-01-19 08:20:00,871.419368687
2018-01-19 08:21:00,871.419368687
2018-01-19 08:22:00,850.603667187
2018-01-19 08:23:00,840.195816437
2018-01-19 08:24:00,840.195816437
2018-01-19 08:25:00,840.195816437
2018-01-19 08:26:00,840.195816437
2018-01-19 08:27:00,840.195816437
2018-01-19 08:28:00,840.195816437
2018-01-19 08:29:00,829.787965687
2018-01-19 08:30:00,829.787965687
2018-01-19 08:31:00,829.787965687
2018-01-19 08:32:00,829.787965687
2018-01-19 08:33:00,829.787965687
2018-01-19 08:34:00,808.972264187
2018-01-19 08:35:00,808.972264187
2018-01-19 08:36:00,829.787965687
2018-01-19 08:37:00,840.195816437
2018-01-19 08:38:00,829.787965687
2018-01-19 08:39:00,829.787965687
2018-01-19 08:40:00,819.380114937
2018-01-19 08:41:00,829.787965687
2018-01-19 08:42:00,808.972264187
2018-01-19 08:43:00,808.972264187
2018-01-19 08:44:00,808.972264187
2018-01-19 08:45:00,808.972264187
2018-01-19 08:46:00,808.972264187
2018-01-19 08:47:00,808.972264187
2018-01-19 08:48:00,788.156562687
2018-01-19 08:49:00,798.564413437
2018-01-19 08:50:00,798.564413437
2018-01-19 08:51:00,798.564413437
2018-01-19 08:52:00,798.564413437
2018-01-19 08:53:00,798.564413437
2018-01-19 08:54:00,840.195816437
2018-01-19 08:55:00,840.195816437
2018-01-19 08:56:00,840.195816437
2018-01-19 08:57:00,840.195816437
2018-01-19 08:58:00,819.380114937
2018-01-19 08:59:00,829.787965687
2018-01-19 09:00:00,829.787965687
2018-01-19 09:01:00,819.380114937
2018-01-19 09:02:00,819.380114937
2018-01-19 09:03:00,829.787965687
2018-01-19 09:04:00,819.380114937
2018-01-19 09:05:00,819.380114937
2018-01-19 09:06:00,819.380114937
2018-01-19 09:07:00,819.380114937
2018-01-19 09:08:00,819.380114937
2018-01-19 09:09:00,819.380114937
2018-01-19 09:10:00,829.787965687
2018-01-19 09:11:00,829.787965687
2018-01-19 09:12:00,829.787965687
2018-01-19 09:13:00,829.787965687
2018-01-19 09:14:00,829.787965687
2018-01-19 09:15:00,829.787965687
2018-01-19 09:16:00,819.380114937
2018-01-19 09:17:00,819.380114937
2018-01-19 09:18:00,819.380114937
2018-01-19 09:19:00,819.380114937
2018-01-19 09:20:00,829.787965687
2018-01-19 09:21:00,829.787965687
2018-01-19 09:22:00,840.195816437
2018-01-19 09:23:00,840.195816437
2018-01-19 09:24:00,840.195816437
2018-01-19 09:25:00,850.603667187
2018-01-19 09:26:00,850.603667187
2018-01-19 09:27:00,861.011517937
2018-01-19 09:28:00,861.011517937
2018-01-19 09:29:00,861.011517937
2018-01-19 09:30:00,861.011517937
2018-01-19 09:31:00,850.603667187
2018-01-19 09:32:00,850.603667187
2018-01-19 09:33:00,861.011517937
2018-01-19 09:34:00,840.195816437
2018-01-19 09:35:00,840.195816437
2018-01-19 09:36:00,850.603667187
2018-01-19 09:37:00,850.603667187
2018-01-19 09:38:00,840.195816437
2018-01-19 09:39:00,840.195816437
2018-01-19 09:40:00,840.195816437
2018-01-19 09:41:00,840.195816437
2018-01-19 09:42:00,840.195816437
2018-01-19 09:43:00,840.195816437
2018-01-19 09:44:00,808.972264187
2018-01-19 09:45:00,808.972264187
2018-01-19 09:46:00,808.972264187
2018-01-19 09:47:00,808.972264187
2018-01-19 09:48:00,808.972264187
2018-01-19 09:49:00,808.972264187
2018-01-19 09:50:00,808.972264187
2018-01-19 09:51:00,819.380114937
2018-01-19 09:52:00,819.380114937
2018-01-19 09:53:00,840.195816437
2018-01-19 09:54:00,840.195816437
2018-01-19 09:55:00,840.195816437
2018-01-19 09:56:00,840.195816437
2018-01-19 09:57:00,840.195816437
2018-01-19 09:58:00,829.787965687
2018-01-19 09:59:00,829.787965687
2018-01-19 10:00:00,808.972264187
2018-01-19 10:01:00,819.380114937
2018-01-19 10:02:00,819.380114937
2018-01-19 10:03:00,819.380114937
2018-01-19 10:04:00,808.972264187
2018-01-19 10:05:00,840.195816437
2018-01-19 10:06:00,829.787965687
2018-01-19 10:07:00,829.787965687
2018-01-19 10:08:00,829.787965687
2018-01-19 10:09:00,829.787965687
2018-01-19 10:10:00,829.787965687
2018-01-19 10:11:00,819.380114937
2018-01-19 10:12:00,808.972264187
2018-01-19 10:13:00,808.972264187
2018-01-19 10:14:00,808.972264187
2018-01-19 10:15:00,808.972264187
2018-01-19 10:16:00,819.380114937
2018-01-19 10:17:00,808.972264187
2018-01-19 10:18:00,819.380114937
2018-01-19 10:19:00,840.195816437
2018-01-19 10:20:00,840.195816437
2018-01-19 10:21:00,840.195816437
2018-01-19 10:22:00,840.195816437
2018-01-19 10:23:00,840.195816437
2018-01-19 10:24:00,840.195816437
2018-01-19 10:25:00,829.787965687
2018-01-19 10:26:00,829.787965687
2018-01-19 10:27:00,829.787965687
2018-01-19 10:28:00,829.787965687
2018-01-19 10:29:00,829.787965687
2018-01-19 10:30:00,829.787965687
2018-01-19 10:31:00,829.787965687
2018-01-19 10:32:00,829.787965687
2018-01-19 10:33:00,829.787965687
2018-01-19 10:34:00,829.787965687
2018-01-19 10:35:00,829.787965687
2018-01-19 10:36:00,829.787965687
2018-01-19 10:37:00,829.787965687
2018-01-19 10:38:00,829.787965687
2018-01-19 10:39:00,829.787965687
2018-01-19 10:40:00,829.787965687
2018-01-19 10:41:00,829.787965687
2018-01-19 10:42:00,829.787965687
2018-01-19 10:43:00,829.787965687
2018-01-19 10:44:00,829.787965687
2018-01-19 10:45:00,829.787965687
2018-01-19 10:46:00,829.787965687
2018-01-19 10:47:00,829.787965687
2018-01-19 10:48:00,829.787965687
2018-01-19 10:49:00,829.787965687
2018-01-19 10:50:00,829.787965687
2018-01-19 10:51:00,829.787965687
2018-01-19 10:52:00,829.787965687
2018-01-19 10:53:00,850.603667187
2018-01-19 10:54:00,850.603667187
2018-01-19 10:55:00,850.603667187
2018-01-19 10:56:00,850.603667187
2018-01-19 10:57:00,850.603667187
2018-01-19 10:58:00,850.603667187
2018-01-19 10:59:00,850.603667187
2018-01-19 11:00:00,850.603667187
2018-01-19 11:01:00,850.603667187
2018-01-19 11:02:00,850.603667187
2018-01-19 11:03:00,840.195816437
2018-01-19 11:04:00,840.195816437
2018-01-19 11:05:00,840.195816437
2018-01-19 11:06:00,840.195816437
2018-01-19 11:07:00,840.195816437
2018-01-19 11:08:00,840.195816437
2018-01-19 11:09:00,840.195816437
2018-01-19 11:10:00,840.195816437
2018-01-19 11:11:00,840.195816437
2018-01-19 11:12:00,840.195816437
2018-01-19 11:13:00,840.195816437
2018-01-19 11:14:00,840.195816437
2018-01-19 11:15:00,840.195816437
2018-01-19 11:16:00,840.195816437
2018-01-19 11:17:00,840.195816437
2018-01-19 11:18:00,840.195816437
2018-01-19 11:19:00,840.195816437
2018-01-19 11:20:00,840.195816437
2018-01-19 11:21:00,840.195816437
2018-01-19 11:22:00,840.195816437
2018-01-19 11:23:00,840.195816437
2018-01-19 11:24:00,840.195816437
2018-01-19 11:25:00,850.603667187
2018-01-19 11:26:00,850.603667187
2018-01-19 11:27:00,850.603667187
2018-01-19 11:28:00,850.603667187
2018-01-19 11:29:00,840.195816437
2018-01-19 11:30:00,850.603667187
2018-01-19 11:31:00,840.195816437
2018-01-19 11:32:00,840.195816437
2018-01-19 11:33:00,840.195816437
2018-01-19 11:34:00,850.603667187
2018-01-19 11:35:00,850.603667187
2018-01-19 11:36:00,850.603667187
2018-01-19 11:37:00,850.603667187
2018-01-19 11:38:00,850.603667187
2018-01-19 11:39:00,850.603667187
2018-01-19 11:40:00,850.603667187
2018-01-19 11:41:00,840.195816437
2018-01-19 11:42:00,840.195816437
2018-01-19 11:43:00,840.195816437
2018-01-19 11:44:00,850.603667187
2018-01-19 11:45:00,850.603667187
2018-01-19 11:46:00,850.603667187
2018-01-19 11:47:00,850.603667187
2018-01-19 11:48:00,840.195816437
2018-01-19 11:49:00,840.195816437
2018-01-19 11:50:00,840.195816437
2018-01-19 11:51:00,840.195816437
2018-01-19 11:52:00,840.195816437
2018-01-19 11:53:00,840.195816437
2018-01-19 11:54:00,840.195816437
2018-01-19 11:55:00,840.195816437
2018-01-19 11:56:00,840.195816437
2018-01-19 11:57:00,819.380114937
2018-01-19 11:58:00,819.380114937
2018-01-19 11:59:00,819.380114937
2018-01-22 01:33:00,777.335630257
2018-01-22 01:34:00,787.802361101
2018-01-22 01:35:00,787.802361101
2018-01-22 01:36:00,787.802361101
2018-01-22 01:37:00,787.802361101
2018-01-22 01:38:00,787.802361101
2018-01-22 01:39:00,787.802361101
2018-01-22 01:40:00,787.802361101
2018-01-22 01:41:00,787.802361101
2018-01-22 01:42:00,787.802361101
2018-01-22 01:43:00,787.802361101
2018-01-22 01:44:00,787.802361101
2018-01-22 01:45:00,787.802361101
2018-01-22 01:46:00,787.802361101
2018-01-22 01:47:00,787.802361101
2018-01-22 01:48:00,787.802361101
2018-01-22 01:49:00,787.802361101
2018-01-22 01:50:00,787.802361101
2018-01-22 01:51:00,787.802361101
2018-01-22 01:52:00,787.802361101
2018-01-22 01:53:00,787.802361101
2018-01-22 01:54:00,787.802361101
2018-01-22 01:55:00,787.802361101
2018-01-22 01:56:00,787.802361101
2018-01-22 01:57:00,787.802361101
2018-01-22 01:58:00,787.802361101
2018-01-22 01:59:00,787.802361101
2018-01-22 02:00:00,787.802361101
2018-01-22 02:01:00,787.802361101
2018-01-22 02:02:00,808.735822789
2018-01-22 02:03:00,808.735822789
2018-01-22 02:04:00,808.735822789
2018-01-22 02:05:00,808.735822789
2018-01-22 02:06:00,829.669284476
2018-01-22 02:07:00,829.669284476
2018-01-22 02:08:00,829.669284476
2018-01-22 02:09:00,808.735822789
2018-01-22 02:10:00,808.735822789
2018-01-22 02:11:00,808.735822789
2018-01-22 02:12:00,808.735822789
2018-01-22 02:13:00,787.802361101
2018-01-22 02:14:00,787.802361101
2018-01-22 02:15:00,787.802361101
2018-01-22 02:16:00,787.802361101
2018-01-22 02:17:00,787.802361101
2018-01-22 02:18:00,787.802361101
2018-01-22 02:19:00,787.802361101
2018-01-22 02:20:00,787.802361101
2018-01-22 02:21:00,787.802361101
2018-01-22 02:22:00,777.335630257
2018-01-22 02:23:00,787.802361101
2018-01-22 02:24:00,787.802361101
2018-01-22 02:25:00,787.802361101
2018-01-22 02:26:00,787.802361101
2018-01-22 02:27:00,787.802361101
2018-01-22 02:28:00,766.868899414
2018-01-22 02:29:00,766.868899414
2018-01-22 02:30:00,766.868899414
2018-01-22 02:31:00,766.868899414
2018-01-22 02:32:00,766.868899414
2018-01-22 02:33:00,766.868899414
2018-01-22 02:34:00,766.868899414
2018-01-22 02:35:00,766.868899414
2018-01-22 02:36:00,756.40216857
2018-01-22 02:37:00,766.868899414
2018-01-22 02:38:00,766.868899414
2018-01-22 02:39:00,766.868899414
2018-01-22 02:40:00,766.868899414
2018-01-22 02:41:00,766.868899414
2018-01-22 02:42:00,766.868899414
2018-01-22 02:43:00,766.868899414
2018-01-22 02:44:00,766.868899414
2018-01-22 02:45:00,777.335630257
2018-01-22 02:46:00,766.868899414
2018-01-22 02:47:00,787.802361101
2018-01-22 02:48:00,766.868899414
2018-01-22 02:49:00,777.335630257
2018-01-22 02:50:00,777.335630257
2018-01-22 02:51:00,787.802361101
2018-01-22 02:52:00,787.802361101
2018-01-22 02:53:00,787.802361101
2018-01-22 02:54:00,787.802361101
2018-01-22 02:55:00,787.802361101
2018-01-22 02:56:00,787.802361101
2018-01-22 02:57:00,787.802361101
2018-01-22 02:58:00,787.802361101
2018-01-22 02:59:00,766.868899414
2018-01-22 03:00:00,766.868899414
2018-01-22 03:01:00,745.935437726
2018-01-22 03:02:00,766.868899414
2018-01-22 03:03:00,745.935437726
2018-01-22 03:04:00,745.935437726
2018-01-22 03:05:00,745.935437726
2018-01-22 03:06:00,745.935437726
2018-01-22 03:07:00,745.935437726
2018-01-22 03:08:00,745.935437726
2018-01-22 03:09:00,745.935437726
2018-01-22 03:10:00,745.935437726
2018-01-22 03:11:00,745.935437726
2018-01-22 03:12:00,745.935437726
2018-01-22 03:13:00,745.935437726
2018-01-22 03:14:00,745.935437726
2018-01-22 03:15:00,745.935437726
2018-01-22 03:16:00,745.935437726
2018-01-22 03:17:00,745.935437726
2018-01-22 03:18:00,745.935437726
2018-01-22 03:19:00,735.468706882
2018-01-22 03:20:00,745.935437726
2018-01-22 03:21:00,745.935437726
2018-01-22 03:22:00,745.935437726
2018-01-22 03:23:00,745.935437726
2018-01-22 03:24:00,766.868899414
2018-01-22 03:25:00,766.868899414
2018-01-22 03:26:00,766.868899414
2018-01-22 03:27:00,766.868899414
2018-01-22 03:28:00,766.868899414
2018-01-22 03:29:00,777.335630257
2018-01-22 03:30:00,777.335630257
2018-01-22 03:31:00,777.335630257
2018-01-22 03:32:00,777.335630257
2018-01-22 03:33:00,777.335630257
2018-01-22 03:34:00,745.935437726
2018-01-22 03:35:00,745.935437726
2018-01-22 03:36:00,745.935437726
2018-01-22 03:37:00,745.935437726
2018-01-22 03:38:00,745.935437726
2018-01-22 03:39:00,745.935437726
2018-01-22 03:40:00,745.935437726
2018-01-22 03:41:00,745.935437726
2018-01-22 03:42:00,745.935437726
2018-01-22 03:43:00,745.935437726
2018-01-22 03:44:00,745.935437726
2018-01-22 03:45:00,745.935437726
2018-01-22 03:46:00,745.935437726
2018-01-22 03:47:00,745.935437726
2018-01-22 03:48:00,756.40216857
2018-01-22 03:49:00,745.935437726
2018-01-22 03:50:00,745.935437726
2018-01-22 03:51:00,745.935437726
2018-01-22 03:52:00,745.935437726
2018-01-22 03:53:00,745.935437726
2018-01-22 03:54:00,745.935437726
2018-01-22 03:55:00,725.001976039
2018-01-22 03:56:00,725.001976039
2018-01-22 03:57:00,725.001976039
2018-01-22 03:58:00,725.001976039
2018-01-22 03:59:00,725.001976039
2018-01-22 04:00:00,725.001976039
2018-01-22 04:01:00,725.001976039
2018-01-22 04:02:00,725.001976039
2018-01-22 04:03:00,714.535245195
2018-01-22 04:04:00,725.001976039
2018-01-22 04:05:00,714.535245195
2018-01-22 04:06:00,714.535245195
2018-01-22 04:07:00,725.001976039
2018-01-22 04:08:00,714.535245195
2018-01-22 04:09:00,714.535245195
2018-01-22 04:10:00,704.068514351
2018-01-22 04:11:00,735.468706882
2018-01-22 04:12:00,725.001976039
2018-01-22 04:13:00,725.001976039
2018-01-22 04:14:00,725.001976039
2018-01-22 04:15:00,725.001976039
2018-01-22 04:16:00,725.001976039
2018-01-22 04:17:00,725.001976039
2018-01-22 04:18:00,735.468706882
2018-01-22 04:19:00,735.468706882
2018-01-22 04:20:00,745.935437726
2018-01-22 04:21:00,745.935437726
2018-01-22 04:22:00,725.001976039
2018-01-22 04:23:00,735.468706882
2018-01-22 04:24:00,725.001976039
2018-01-22 04:25:00,725.001976039
2018-01-22 04:26:00,725.001976039
2018-01-22 04:27:00,725.001976039
2018-01-22 04:28:00,725.001976039
2018-01-22 04:29:00,714.535245195
2018-01-22 04:30:00,725.001976039
2018-01-22 04:31:00,725.001976039
2018-01-22 04:32:00,704.068514351
2018-01-22 04:33:00,693.601783507
2018-01-22 04:34:00,704.068514351
2018-01-22 04:35:00,714.535245195
2018-01-22 04:36:00,714.535245195
2018-01-22 04:37:00,725.001976039
2018-01-22 04:38:00,725.001976039
2018-01-22 04:39:00,725.001976039
2018-01-22 04:40:00,735.468706882
2018-01-22 04:41:00,735.468706882
2018-01-22 04:42:00,735.468706882
2018-01-22 04:43:00,735.468706882
2018-01-22 04:44:00,745.935437726
2018-01-22 04:45:00,745.935437726
2018-01-22 04:46:00,745.935437726
2018-01-22 04:47:00,745.935437726
2018-01-22 04:48:00,745.935437726
2018-01-22 04:49:00,735.468706882
2018-01-22 04:50:00,725.001976039
2018-01-22 04:51:00,725.001976039
2018-01-22 04:52:00,725.001976039
2018-01-22 04:53:00,725.001976039
2018-01-22 04:54:00,725.001976039
2018-01-22 04:55:00,725.001976039
2018-01-22 04:56:00,725.001976039
2018-01-22 04:57:00,725.001976039
2018-01-22 04:58:00,725.001976039
2018-01-22 04:59:00,725.001976039
2018-01-22 05:00:00,725.001976039
2018-01-22 05:01:00,714.535245195
2018-01-22 05:02:00,714.535245195
2018-01-22 05:03:00,714.535245195
2018-01-22 05:04:00,714.535245195
2018-01-22 05:05:00,714.535245195
2018-01-22 05:06:00,714.535245195
2018-01-22 05:07:00,725.001976039
2018-01-22 05:08:00,704.068514351
2018-01-22 05:09:00,704.068514351
2018-01-22 05:10:00,704.068514351
2018-01-22 05:11:00,704.068514351
2018-01-22 05:12:00,704.068514351
2018-01-22 05:13:00,704.068514351
2018-01-22 05:14:00,704.068514351
2018-01-22 05:15:00,704.068514351
2018-01-22 05:16:00,704.068514351
2018-01-22 05:17:00,704.068514351
2018-01-22 05:18:00,704.068514351
2018-01-22 05:19:00,725.001976039
2018-01-22 05:20:00,725.001976039
2018-01-22 05:21:00,725.001976039
2018-01-22 05:22:00,725.001976039
2018-01-22 05:23:00,725.001976039
2018-01-22 05:24:00,725.001976039
2018-01-22 05:25:00,725.001976039
2018-01-22 05:26:00,725.001976039
2018-01-22 05:27:00,725.001976039
2018-01-22 05:28:00,725.001976039
2018-01-22 05:29:00,725.001976039
2018-01-22 05:30:00,725.001976039
2018-01-22 05:31:00,725.001976039
2018-01-22 05:32:00,725.001976039
2018-01-22 05:33:00,725.001976039
2018-01-22 05:34:00,725.001976039
2018-01-22 05:35:00,725.001976039
2018-01-22 05:36:00,725.001976039
2018-01-22 05:37:00,725.001976039
2018-01-22 05:38:00,725.001976039
2018-01-22 05:39:00,725.001976039
2018-01-22 05:40:00,725.001976039
2018-01-22 05:41:00,725.001976039
2018-01-22 05:42:00,725.001976039
2018-01-22 05:43:00,725.001976039
2018-01-22 05:44:00,725.001976039
2018-01-22 05:45:00,725.001976039
2018-01-22 05:46:00,725.001976039
2018-01-22 05:47:00,725.001976039
2018-01-22 05:48:00,725.001976039
2018-01-22 05:49:00,725.001976039
2018-01-22 05:50:00,725.001976039
2018-01-22 05:51:00,725.001976039
2018-01-22 05:52:00,725.001976039
2018-01-22 05:53:00,725.001976039
2018-01-22 05:54:00,725.001976039
2018-01-22 05:55:00,725.001976039
2018-01-22 05:56:00,725.001976039
2018-01-22 05:57:00,725.001976039
2018-01-22 05:58:00,725.001976039
2018-01-22 05:59:00,725.001976039
2018-01-22 06:00:00,725.001976039
2018-01-22 06:01:00,693.601783507
2018-01-22 06:02:00,693.601783507
2018-01-22 06:03:00,704.068514351
2018-01-22 06:04:00,693.601783507
2018-01-22 06:05:00,704.068514351
2018-01-22 06:06:00,704.068514351
2018-01-22 06:07:00,704.068514351
2018-01-22 06:08:00,693.601783507
2018-01-22 06:09:00,693.601783507
2018-01-22 06:10:00,693.601783507
2018-01-22 06:11:00,693.601783507
2018-01-22 06:12:00,693.601783507
2018-01-22 06:13:00,693.601783507
2018-01-22 06:14:00,693.601783507
2018-01-22 06:15:00,704.068514351
2018-01-22 06:16:00,704.068514351
2018-01-22 06:17:00,704.068514351
2018-01-22 06:18:00,704.068514351
2018-01-22 06:19:00,704.068514351
2018-01-22 06:20:00,704.068514351
2018-01-22 06:21:00,704.068514351
2018-01-22 06:22:00,704.068514351
2018-01-22 06:23:00,704.068514351
2018-01-22 06:24:00,704.068514351
2018-01-22 06:25:00,704.068514351
2018-01-22 06:26:00,714.535245195
2018-01-22 06:27:00,714.535245195
2018-01-22 06:28:00,714.535245195
2018-01-22 06:29:00,714.535245195
2018-01-22 06:30:00,714.535245195
2018-01-22 06:31:00,714.535245195
2018-01-22 06:32:00,704.068514351
2018-01-22 06:33:00,704.068514351
2018-01-22 06:34:00,704.068514351
2018-01-22 06:35:00,704.068514351
2018-01-22 06:36:00,704.068514351
2018-01-22 06:37:00,704.068514351
2018-01-22 06:38:00,704.068514351
2018-01-22 06:39:00,704.068514351
2018-01-22 06:40:00,704.068514351
2018-01-22 06:41:00,725.001976039
2018-01-22 06:42:00,704.068514351
2018-01-22 06:43:00,704.068514351
2018-01-22 06:44:00,704.068514351
2018-01-22 06:45:00,704.068514351
2018-01-22 06:46:00,704.068514351
2018-01-22 06:47:00,704.068514351
2018-01-22 06:48:00,704.068514351
2018-01-22 06:49:00,704.068514351
2018-01-22 06:50:00,693.601783507
2018-01-22 06:51:00,693.601783507
2018-01-22 06:52:00,693.601783507
2018-01-22 06:53:00,704.068514351
2018-01-22 06:54:00,704.068514351
2018-01-22 06:55:00,704.068514351
2018-01-22 06:56:00,704.068514351
2018-01-22 06:57:00,704.068514351
2018-01-22 06:58:00,704.068514351
2018-01-22 06:59:00,704.068514351
2018-01-22 07:00:00,693.601783507
2018-01-22 07:01:00,693.601783507
2018-01-22 07:02:00,704.068514351
2018-01-22 07:03:00,704.068514351
2018-01-22 07:04:00,704.068514351
2018-01-22 07:05:00,704.068514351
2018-01-22 07:06:00,704.068514351
2018-01-22 07:07:00,704.068514351
2018-01-22 07:08:00,714.535245195
2018-01-22 07:09:00,714.535245195
2018-01-22 07:10:00,714.535245195
2018-01-22 07:11:00,714.535245195
2018-01-22 07:12:00,714.535245195
2018-01-22 07:13:00,704.068514351
2018-01-22 07:14:00,704.068514351
2018-01-22 07:15:00,704.068514351
2018-01-22 07:16:00,693.601783507
2018-01-22 07:17:00,683.135052664
2018-01-22 07:18:00,672.66832182
2018-01-22 07:19:00,672.66832182
2018-01-22 07:20:00,672.66832182
2018-01-22 07:21:00,662.201590976
2018-01-22 07:22:00,683.135052664
2018-01-22 07:23:00,683.135052664
2018-01-22 07:24:00,683.135052664
2018-01-22 07:25:00,683.135052664
2018-01-22 07:26:00,683.135052664
2018-01-22 07:27:00,683.135052664
2018-01-22 07:28:00,683.135052664
2018-01-22 07:29:00,683.135052664
2018-01-22 07:30:00,683.135052664
2018-01-22 07:31:00,693.601783507
2018-01-22 07:32:00,693.601783507
2018-01-22 07:33:00,693.601783507
2018-01-22 07:34:00,704.068514351
2018-01-22 07:35:00,704.068514351
2018-01-22 07:36:00,704.068514351
2018-01-22 07:37:00,704.068514351
2018-01-22 07:38:00,704.068514351
2018-01-22 07:39:00,704.068514351
2018-01-22 07:40:00,704.068514351
2018-01-22 07:41:00,704.068514351
2018-01-22 07:42:00,704.068514351
2018-01-22 07:43:00,704.068514351
2018-01-22 07:44:00,693.601783507
2018-01-22 07:45:00,693.601783507
2018-01-22 07:46:00,693.601783507
2018-01-22 07:47:00,693.601783507
2018-01-22 07:48:00,683.135052664
2018-01-22 07:49:00,683.135052664
2018-01-22 07:50:00,683.135052664
2018-01-22 07:51:00,683.135052664
2018-01-22 07:52:00,683.135052664
2018-01-22 07:53:00,683.135052664
2018-01-22 07:54:00,683.135052664
2018-01-22 07:55:00,683.135052664
2018-01-22 07:56:00,683.135052664
2018-01-22 07:57:00,683.135052664
2018-01-22 07:58:00,683.135052664
2018-01-22 07:59:00,693.601783507
2018-01-22 08:00:00,704.068514351
2018-01-22 08:01:00,704.068514351
2018-01-22 08:02:00,704.068514351
2018-01-22 08:03:00,704.068514351
2018-01-22 08:04:00,704.068514351
2018-01-22 08:05:00,704.068514351
2018-01-22 08:06:00,704.068514351
2018-01-22 08:07:00,704.068514351
2018-01-22 08:08:00,725.001976039
2018-01-22 08:09:00,725.001976039
2018-01-22 08:10:00,725.001976039
2018-01-22 08:11:00,735.468706882
2018-01-22 08:12:00,725.001976039
2018-01-22 08:13:00,725.001976039
2018-01-22 08:14:00,725.001976039
2018-01-22 08:15:00,735.468706882
2018-01-22 08:16:00,745.935437726
2018-01-22 08:17:00,745.935437726
2018-01-22 08:18:00,745.935437726
2018-01-22 08:19:00,745.935437726
2018-01-22 08:20:00,745.935437726
2018-01-22 08:21:00,745.935437726
2018-01-22 08:22:00,745.935437726
2018-01-22 08:23:00,745.935437726
2018-01-22 08:24:00,725.001976039
2018-01-22 08:25:00,725.001976039
2018-01-22 08:26:00,725.001976039
2018-01-22 08:27:00,725.001976039
2018-01-22 08:28:00,725.001976039
2018-01-22 08:29:00,725.001976039
2018-01-22 08:30:00,725.001976039
2018-01-22 08:31:00,725.001976039
2018-01-22 08:32:00,725.001976039
2018-01-22 08:33:00,725.001976039
2018-01-22 08:34:00,725.001976039
2018-01-22 08:35:00,725.001976039
2018-01-22 08:36:00,725.001976039
2018-01-22 08:37:00,725.001976039
2018-01-22 08:38:00,725.001976039
2018-01-22 08:39:00,725.001976039
2018-01-22 08:40:00,725.001976039
2018-01-22 08:41:00,725.001976039
2018-01-22 08:42:00,725.001976039
2018-01-22 08:43:00,725.001976039
2018-01-22 08:44:00,725.001976039
2018-01-22 08:45:00,725.001976039
2018-01-22 08:46:00,725.001976039
2018-01-22 08:47:00,725.001976039
2018-01-22 08:48:00,725.001976039
2018-01-22 08:49:00,725.001976039
2018-01-22 08:50:00,725.001976039
2018-01-22 08:51:00,725.001976039
2018-01-22 08:52:00,725.001976039
2018-01-22 08:53:00,725.001976039
2018-01-22 08:54:00,725.001976039
2018-01-22 08:55:00,725.001976039
2018-01-22 08:56:00,725.001976039
2018-01-22 08:57:00,725.001976039
2018-01-22 08:58:00,725.001976039
2018-01-22 08:59:00,725.001976039
2018-01-22 09:00:00,725.001976039
2018-01-22 09:01:00,725.001976039
2018-01-22 09:02:00,725.001976039
2018-01-22 09:03:00,725.001976039
2018-01-22 09:04:00,725.001976039
2018-01-22 09:05:00,725.001976039
2018-01-22 09:06:00,725.001976039
2018-01-22 09:07:00,725.001976039
2018-01-22 09:08:00,725.001976039
2018-01-22 09:09:00,725.001976039
2018-01-22 09:10:00,725.001976039
2018-01-22 09:11:00,725.001976039
2018-01-22 09:12:00,725.001976039
2018-01-22 09:13:00,725.001976039
2018-01-22 09:14:00,725.001976039
2018-01-22 09:15:00,725.001976039
2018-01-22 09:16:00,725.001976039
2018-01-22 09:17:00,725.001976039
2018-01-22 09:18:00,725.001976039
2018-01-22 09:19:00,725.001976039
2018-01-22 09:20:00,725.001976039
2018-01-22 09:21:00,725.001976039
2018-01-22 09:22:00,714.535245195
2018-01-22 09:23:00,714.535245195
2018-01-22 09:24:00,704.068514351
2018-01-22 09:25:00,714.535245195
2018-01-22 09:26:00,714.535245195
2018-01-22 09:27:00,714.535245195
2018-01-22 09:28:00,704.068514351
2018-01-22 09:29:00,704.068514351
2018-01-22 09:30:00,693.601783507
2018-01-22 09:31:00,693.601783507
2018-01-22 09:32:00,693.601783507
2018-01-22 09:33:00,683.135052664
2018-01-22 09:34:00,683.135052664
2018-01-22 09:35:00,683.135052664
2018-01-22 09:36:00,683.135052664
2018-01-22 09:37:00,683.135052664
2018-01-22 09:38:00,683.135052664
2018-01-22 09:39:00,683.135052664
2018-01-22 09:40:00,683.135052664
2018-01-22 09:41:00,683.135052664
2018-01-22 09:42:00,683.135052664
2018-01-22 09:43:00,683.135052664
2018-01-22 09:44:00,683.135052664
2018-01-22 09:45:00,683.135052664
2018-01-22 09:46:00,683.135052664
2018-01-22 09:47:00,672.66832182
2018-01-22 09:48:00,672.66832182
2018-01-22 09:49:00,662.201590976
2018-01-22 09:50:00,672.66832182
2018-01-22 09:51:00,672.66832182
2018-01-22 09:52:00,683.135052664
2018-01-22 09:53:00,704.068514351
2018-01-22 09:54:00,704.068514351
2018-01-22 09:55:00,704.068514351
2018-01-22 09:56:00,704.068514351
2018-01-22 09:57:00,693.601783507
2018-01-22 09:58:00,693.601783507
2018-01-22 09:59:00,693.601783507
2018-01-22 10:00:00,693.601783507
2018-01-22 10:01:00,693.601783507
2018-01-22 10:02:00,693.601783507
2018-01-22 10:03:00,693.601783507
2018-01-22 10:04:00,693.601783507
2018-01-22 10:05:00,693.601783507
2018-01-22 10:06:00,693.601783507
2018-01-22 10:07:00,725.001976039
2018-01-22 10:08:00,725.001976039
2018-01-22 10:09:00,725.001976039
2018-01-22 10:10:00,725.001976039
2018-01-22 10:11:00,725.001976039
2018-01-22 10:12:00,725.001976039
2018-01-22 10:13:00,725.001976039
2018-01-22 10:14:00,714.535245195
2018-01-22 10:15:00,714.535245195
2018-01-22 10:16:00,725.001976039
2018-01-22 10:17:00,725.001976039
2018-01-22 10:18:00,704.068514351
2018-01-22 10:19:00,704.068514351
2018-01-22 10:20:00,714.535245195
2018-01-22 10:21:00,725.001976039
2018-01-22 10:22:00,725.001976039
2018-01-22 10:23:00,725.001976039
2018-01-22 10:24:00,725.001976039
2018-01-22 10:25:00,725.001976039
2018-01-22 10:26:00,725.001976039
2018-01-22 10:27:00,725.001976039
2018-01-22 10:28:00,725.001976039
2018-01-22 10:29:00,725.001976039
2018-01-22 10:30:00,735.468706882
2018-01-22 10:31:00,725.001976039
2018-01-22 10:32:00,725.001976039
2018-01-22 10:33:00,725.001976039
2018-01-22 10:34:00,725.001976039
2018-01-22 10:35:00,725.001976039
2018-01-22 10:36:00,725.001976039
2018-01-22 10:37:00,725.001976039
2018-01-22 10:38:00,725.001976039
2018-01-22 10:39:00,725.001976039
2018-01-22 10:40:00,725.001976039
2018-01-22 10:41:00,725.001976039
2018-01-22 10:42:00,725.001976039
2018-01-22 10:43:00,725.001976039
2018-01-22 10:44:00,725.001976039
2018-01-22 10:45:00,725.001976039
2018-01-22 10:46:00,725.001976039
2018-01-22 10:47:00,725.001976039
2018-01-22 10:48:00,725.001976039
2018-01-22 10:49:00,725.001976039
2018-01-22 10:50:00,725.001976039
2018-01-22 10:51:00,725.001976039
2018-01-22 10:52:00,725.001976039
2018-01-22 10:53:00,725.001976039
2018-01-22 10:54:00,714.535245195
2018-01-22 10:55:00,714.535245195
2018-01-22 10:56:00,714.535245195
2018-01-22 10:57:00,714.535245195
2018-01-22 10:58:00,714.535245195
2018-01-22 10:59:00,704.068514351
2018-01-22 11:00:00,704.068514351
2018-01-22 11:01:00,693.601783507
2018-01-22 11:02:00,704.068514351
2018-01-22 11:03:00,704.068514351
2018-01-22 11:04:00,704.068514351
2018-01-22 11:05:00,693.601783507
2018-01-22 11:06:00,693.601783507
2018-01-22 11:07:00,693.601783507
2018-01-22 11:08:00,693.601783507
2018-01-22 11:09:00,693.601783507
2018-01-22 11:10:00,693.601783507
2018-01-22 11:11:00,693.601783507
2018-01-22 11:12:00,693.601783507
2018-01-22 11:13:00,693.601783507
2018-01-22 11:14:00,693.601783507
2018-01-22 11:15:00,693.601783507
2018-01-22 11:16:00,693.601783507
2018-01-22 11:17:00,693.601783507
2018-01-22 11:18:00,693.601783507
2018-01-22 11:19:00,693.601783507
2018-01-22 11:20:00,693.601783507
2018-01-22 11:21:00,693.601783507
2018-01-22 11:22:00,693.601783507
2018-01-22 11:23:00,693.601783507
2018-01-22 11:24:00,693.601783507
2018-01-22 11:25:00,693.601783507
2018-01-22 11:26:00,693.601783507
2018-01-22 11:27:00,693.601783507
2018-01-22 11:28:00,672.66832182
2018-01-22 11:29:00,693.601783507
2018-01-22 11:30:00,693.601783507
2018-01-22 11:31:00,693.601783507
2018-01-22 11:32:00,693.601783507
2018-01-22 11:33:00,693.601783507
2018-01-22 11:34:00,693.601783507
2018-01-22 11:35:00,683.135052664
2018-01-22 11:36:00,672.66832182
2018-01-22 11:37:00,672.66832182
2018-01-22 11:38:00,672.66832182
2018-01-22 11:39:00,672.66832182
2018-01-22 11:40:00,672.66832182
2018-01-22 11:41:00,672.66832182
2018-01-22 11:42:00,672.66832182
2018-01-22 11:43:00,672.66832182
2018-01-22 11:44:00,672.66832182
2018-01-22 11:45:00,672.66832182
2018-01-22 11:46:00,672.66832182
2018-01-22 11:47:00,672.66832182
2018-01-22 11:48:00,651.734860132
2018-01-22 11:49:00,651.734860132
2018-01-22 11:50:00,651.734860132
2018-01-22 11:51:00,651.734860132
2018-01-22 11:52:00,651.734860132
2018-01-22 11:53:00,651.734860132
2018-01-22 11:54:00,651.734860132
2018-01-22 11:55:00,651.734860132
2018-01-22 11:56:00,651.734860132
2018-01-22 11:57:00,651.734860132
2018-01-22 11:58:00,651.734860132
2018-01-22 11:59:00,651.734860132
2018-01-23 01:29:00,588.93447507
2018-01-23 01:30:00,588.93447507
2018-01-23 01:31:00,588.93447507
2018-01-23 01:32:00,588.93447507
2018-01-23 01:33:00,588.93447507
2018-01-23 01:34:00,588.93447507
2018-01-23 01:35:00,588.93447507
2018-01-23 01:36:00,588.93447507
2018-01-23 01:37:00,588.93447507
2018-01-23 01:38:00,588.93447507
2018-01-23 01:39:00,588.93447507
2018-01-23 01:40:00,588.93447507
2018-01-23 01:41:00,683.135052664
2018-01-23 01:42:00,662.201590976
2018-01-23 01:43:00,662.201590976
2018-01-23 01:44:00,662.201590976
2018-01-23 01:45:00,662.201590976
2018-01-23 01:46:00,662.201590976
2018-01-23 01:47:00,672.66832182
2018-01-23 01:48:00,672.66832182
2018-01-23 01:49:00,672.66832182
2018-01-23 01:50:00,672.66832182
2018-01-23 01:51:00,672.66832182
2018-01-23 01:52:00,672.66832182
2018-01-23 01:53:00,672.66832182
2018-01-23 01:54:00,662.201590976
2018-01-23 01:55:00,672.66832182
2018-01-23 01:56:00,672.66832182
2018-01-23 01:57:00,672.66832182
2018-01-23 01:58:00,672.66832182
2018-01-23 01:59:00,672.66832182
2018-01-23 02:00:00,683.135052664
2018-01-23 02:01:00,683.135052664
2018-01-23 02:02:00,672.66832182
2018-01-23 02:03:00,683.135052664
2018-01-23 02:04:00,683.135052664
2018-01-23 02:05:00,683.135052664
2018-01-23 02:06:00,683.135052664
2018-01-23 02:07:00,683.135052664
2018-01-23 02:08:00,683.135052664
2018-01-23 02:09:00,683.135052664
2018-01-23 02:10:00,651.734860132
2018-01-23 02:11:00,651.734860132
2018-01-23 02:12:00,651.734860132
2018-01-23 02:13:00,651.734860132
2018-01-23 02:14:00,651.734860132
2018-01-23 02:15:00,683.135052664
2018-01-23 02:16:00,683.135052664
2018-01-23 02:17:00,683.135052664
2018-01-23 02:18:00,683.135052664
2018-01-23 02:19:00,683.135052664
2018-01-23 02:20:00,683.135052664
2018-01-23 02:21:00,693.601783507
2018-01-23 02:22:00,683.135052664
2018-01-23 02:23:00,683.135052664
2018-01-23 02:24:00,683.135052664
2018-01-23 02:25:00,683.135052664
2018-01-23 02:26:00,693.601783507
2018-01-23 02:27:00,693.601783507
2018-01-23 02:28:00,693.601783507
2018-01-23 02:29:00,693.601783507
2018-01-23 02:30:00,704.068514351
2018-01-23 02:31:00,704.068514351
2018-01-23 02:32:00,725.001976039
2018-01-23 02:33:00,725.001976039
2018-01-23 02:34:00,725.001976039
2018-01-23 02:35:00,725.001976039
2018-01-23 02:36:00,725.001976039
2018-01-23 02:37:00,725.001976039
2018-01-23 02:38:00,725.001976039
2018-01-23 02:39:00,704.068514351
2018-01-23 02:40:00,725.001976039
2018-01-23 02:41:00,725.001976039
2018-01-23 02:42:00,735.468706882
2018-01-23 02:43:00,735.468706882
2018-01-23 02:44:00,735.468706882
2018-01-23 02:45:00,725.001976039
2018-01-23 02:46:00,725.001976039
2018-01-23 02:47:00,725.001976039
2018-01-23 02:48:00,725.001976039
2018-01-23 02:49:00,756.40216857
2018-01-23 02:50:00,756.40216857
2018-01-23 02:51:00,756.40216857
2018-01-23 02:52:00,745.935437726
2018-01-23 02:53:00,745.935437726
2018-01-23 02:54:00,745.935437726
2018-01-23 02:55:00,745.935437726
2018-01-23 02:56:00,745.935437726
2018-01-23 02:57:00,766.868899414
2018-01-23 02:58:00,766.868899414
2018-01-23 02:59:00,766.868899414
2018-01-23 03:00:00,777.335630257
2018-01-23 03:01:00,777.335630257
2018-01-23 03:02:00,787.802361101
2018-01-23 03:03:00,798.269091945
2018-01-23 03:04:00,798.269091945
2018-01-23 03:05:00,766.868899414
2018-01-23 03:06:00,766.868899414
2018-01-23 03:07:00,766.868899414
2018-01-23 03:08:00,766.868899414
2018-01-23 03:09:00,766.868899414
2018-01-23 03:10:00,766.868899414
2018-01-23 03:11:00,766.868899414
2018-01-23 03:12:00,766.868899414
2018-01-23 03:13:00,777.335630257
2018-01-23 03:14:00,766.868899414
2018-01-23 03:15:00,766.868899414
2018-01-23 03:16:00,766.868899414
2018-01-23 03:17:00,756.40216857
2018-01-23 03:18:00,766.868899414
2018-01-23 03:19:00,777.335630257
2018-01-23 03:20:00,777.335630257
2018-01-23 03:21:00,777.335630257
2018-01-23 03:22:00,766.868899414
2018-01-23 03:23:00,766.868899414
2018-01-23 03:24:00,777.335630257
2018-01-23 03:25:00,766.868899414
2018-01-23 03:26:00,766.868899414
2018-01-23 03:27:00,766.868899414
2018-01-23 03:28:00,766.868899414
2018-01-23 03:29:00,766.868899414
2018-01-23 03:30:00,766.868899414
2018-01-23 03:31:00,766.868899414
2018-01-23 03:32:00,777.335630257
2018-01-23 03:33:00,766.868899414
2018-01-23 03:34:00,766.868899414
2018-01-23 03:35:00,766.868899414
2018-01-23 03:36:00,766.868899414
2018-01-23 03:37:00,766.868899414
2018-01-23 03:38:00,777.335630257
2018-01-23 03:39:00,756.40216857
2018-01-23 03:40:00,766.868899414
2018-01-23 03:41:00,766.868899414
2018-01-23 03:42:00,756.40216857
2018-01-23 03:43:00,756.40216857
2018-01-23 03:44:00,756.40216857
2018-01-23 03:45:00,766.868899414
2018-01-23 03:46:00,766.868899414
2018-01-23 03:47:00,766.868899414
2018-01-23 03:48:00,766.868899414
2018-01-23 03:49:00,766.868899414
2018-01-23 03:50:00,766.868899414
2018-01-23 03:51:00,766.868899414
2018-01-23 03:52:00,766.868899414
2018-01-23 03:53:00,777.335630257
2018-01-23 03:54:00,777.335630257
2018-01-23 03:55:00,787.802361101
2018-01-23 03:56:00,787.802361101
2018-01-23 03:57:00,766.868899414
2018-01-23 03:58:00,777.335630257
2018-01-23 03:59:00,766.868899414
2018-01-23 04:00:00,777.335630257
2018-01-23 04:01:00,777.335630257
2018-01-23 04:02:00,777.335630257
2018-01-23 04:03:00,777.335630257
2018-01-23 04:04:00,777.335630257
2018-01-23 04:05:00,777.335630257
2018-01-23 04:06:00,777.335630257
2018-01-23 04:07:00,777.335630257
2018-01-23 04:08:00,787.802361101
2018-01-23 04:09:00,787.802361101
2018-01-23 04:10:00,798.269091945
2018-01-23 04:11:00,798.269091945
2018-01-23 04:12:00,819.202553632
2018-01-23 04:13:00,829.669284476
2018-01-23 04:14:00,850.602746164
2018-01-23 04:15:00,850.602746164
2018-01-23 04:16:00,850.602746164
2018-01-23 04:17:00,850.602746164
2018-01-23 04:18:00,850.602746164
2018-01-23 04:19:00,829.669284476
2018-01-23 04:20:00,840.13601532
2018-01-23 04:21:00,819.202553632
2018-01-23 04:22:00,829.669284476
2018-01-23 04:23:00,829.669284476
2018-01-23 04:24:00,850.602746164
2018-01-23 04:25:00,840.13601532
2018-01-23 04:26:00,840.13601532
2018-01-23 04:27:00,882.002938695
2018-01-23 04:28:00,882.002938695
2018-01-23 04:29:00,861.069477007
2018-01-23 04:30:00,861.069477007
2018-01-23 04:31:00,861.069477007
2018-01-23 04:32:00,861.069477007
2018-01-23 04:33:00,861.069477007
2018-01-23 04:34:00,861.069477007
2018-01-23 04:35:00,840.13601532
2018-01-23 04:36:00,850.602746164
2018-01-23 04:37:00,850.602746164
2018-01-23 04:38:00,840.13601532
2018-01-23 04:39:00,840.13601532
2018-01-23 04:40:00,840.13601532
2018-01-23 04:41:00,850.602746164
2018-01-23 04:42:00,850.602746164
2018-01-23 04:43:00,850.602746164
2018-01-23 04:44:00,850.602746164
2018-01-23 04:45:00,850.602746164
2018-01-23 04:46:00,840.13601532
2018-01-23 04:47:00,840.13601532
2018-01-23 04:48:00,840.13601532
2018-01-23 04:49:00,850.602746164
2018-01-23 04:50:00,850.602746164
2018-01-23 04:51:00,850.602746164
2018-01-23 04:52:00,850.602746164
2018-01-23 04:53:00,850.602746164
2018-01-23 04:54:00,840.13601532
2018-01-23 04:55:00,840.13601532
2018-01-23 04:56:00,840.13601532
2018-01-23 04:57:00,850.602746164
2018-01-23 04:58:00,850.602746164
2018-01-23 04:59:00,840.13601532
2018-01-23 05:00:00,840.13601532
2018-01-23 05:01:00,840.13601532
2018-01-23 05:02:00,840.13601532
2018-01-23 05:03:00,840.13601532
2018-01-23 05:04:00,840.13601532
2018-01-23 05:05:00,840.13601532
2018-01-23 05:06:00,840.13601532
2018-01-23 05:07:00,850.602746164
2018-01-23 05:08:00,850.602746164
2018-01-23 05:09:00,850.602746164
2018-01-23 05:10:00,850.602746164
2018-01-23 05:11:00,850.602746164
2018-01-23 05:12:00,850.602746164
2018-01-23 05:13:00,850.602746164
2018-01-23 05:14:00,850.602746164
2018-01-23 05:15:00,850.602746164
2018-01-23 05:16:00,850.602746164
2018-01-23 05:17:00,850.602746164
2018-01-23 05:18:00,840.13601532
2018-01-23 05:19:00,840.13601532
2018-01-23 05:20:00,840.13601532
2018-01-23 05:21:00,840.13601532
2018-01-23 05:22:00,840.13601532
2018-01-23 05:23:00,840.13601532
2018-01-23 05:24:00,840.13601532
2018-01-23 05:25:00,861.069477007
2018-01-23 05:26:00,861.069477007
2018-01-23 05:27:00,861.069477007
2018-01-23 05:28:00,861.069477007
2018-01-23 05:29:00,861.069477007
2018-01-23 05:30:00,861.069477007
2018-01-23 05:31:00,861.069477007
2018-01-23 05:32:00,861.069477007
2018-01-23 05:33:00,840.13601532
2018-01-23 05:34:00,840.13601532
2018-01-23 05:35:00,840.13601532
2018-01-23 05:36:00,840.13601532
2018-01-23 05:37:00,840.13601532
2018-01-23 05:38:00,850.602746164
2018-01-23 05:39:00,850.602746164
2018-01-23 05:40:00,850.602746164
2018-01-23 05:41:00,850.602746164
2018-01-23 05:42:00,850.602746164
2018-01-23 05:43:00,850.602746164
2018-01-23 05:44:00,850.602746164
2018-01-23 05:45:00,850.602746164
2018-01-23 05:46:00,850.602746164
2018-01-23 05:47:00,850.602746164
2018-01-23 05:48:00,850.602746164
2018-01-23 05:49:00,829.669284476
2018-01-23 05:50:00,829.669284476
2018-01-23 05:51:00,829.669284476
2018-01-23 05:52:00,829.669284476
2018-01-23 05:53:00,819.202553632
2018-01-23 05:54:00,829.669284476
2018-01-23 05:55:00,829.669284476
2018-01-23 05:56:00,819.202553632
2018-01-23 05:57:00,819.202553632
2018-01-23 05:58:00,819.202553632
2018-01-23 05:59:00,819.202553632
2018-01-23 06:00:00,829.669284476
2018-01-23 06:01:00,829.669284476
2018-01-23 06:02:00,829.669284476
2018-01-23 06:03:00,840.13601532
2018-01-23 06:04:00,840.13601532
2018-01-23 06:05:00,840.13601532
2018-01-23 06:06:00,840.13601532
2018-01-23 06:07:00,840.13601532
2018-01-23 06:08:00,840.13601532
2018-01-23 06:09:00,840.13601532
2018-01-23 06:10:00,829.669284476
2018-01-23 06:11:00,829.669284476
2018-01-23 06:12:00,850.602746164
2018-01-23 06:13:00,850.602746164
2018-01-23 06:14:00,829.669284476
2018-01-23 06:15:00,829.669284476
2018-01-23 06:16:00,829.669284476
2018-01-23 06:17:00,829.669284476
2018-01-23 06:18:00,829.669284476
2018-01-23 06:19:00,829.669284476
2018-01-23 06:20:00,840.13601532
2018-01-23 06:21:00,840.13601532
2018-01-23 06:22:00,829.669284476
2018-01-23 06:23:00,850.602746164
2018-01-23 06:24:00,850.602746164
2018-01-23 06:25:00,850.602746164
2018-01-23 06:26:00,850.602746164
2018-01-23 06:27:00,829.669284476
2018-01-23 06:28:00,829.669284476
2018-01-23 06:29:00,829.669284476
2018-01-23 06:30:00,829.669284476
2018-01-23 06:31:00,829.669284476
2018-01-23 06:32:00,829.669284476
2018-01-23 06:33:00,829.669284476
2018-01-23 06:34:00,829.669284476
2018-01-23 06:35:00,829.669284476
2018-01-23 06:36:00,829.669284476
2018-01-23 06:37:00,840.13601532
2018-01-23 06:38:00,840.13601532
2018-01-23 06:39:00,829.669284476
2018-01-23 06:40:00,829.669284476
2018-01-23 06:41:00,840.13601532
2018-01-23 06:42:00,829.669284476
2018-01-23 06:43:00,829.669284476
2018-01-23 06:44:00,829.669284476
2018-01-23 06:45:00,829.669284476
2018-01-23 06:46:00,829.669284476
2018-01-23 06:47:00,829.669284476
2018-01-23 06:48:00,829.669284476
2018-01-23 06:49:00,829.669284476
2018-01-23 06:50:00,829.669284476
2018-01-23 06:51:00,829.669284476
2018-01-23 06:52:00,829.669284476
2018-01-23 06:53:00,829.669284476
2018-01-23 06:54:00,829.669284476
2018-01-23 06:55:00,829.669284476
2018-01-23 06:56:00,829.669284476
2018-01-23 06:57:00,829.669284476
2018-01-23 06:58:00,840.13601532
2018-01-23 06:59:00,840.13601532
2018-01-23 07:00:00,850.602746164
2018-01-23 07:01:00,850.602746164
2018-01-23 07:02:00,850.602746164
2018-01-23 07:03:00,850.602746164
2018-01-23 07:04:00,850.602746164
2018-01-23 07:05:00,850.602746164
2018-01-23 07:06:00,850.602746164
2018-01-23 07:07:00,850.602746164
2018-01-23 07:08:00,850.602746164
2018-01-23 07:09:00,871.536207851
2018-01-23 07:10:00,871.536207851
2018-01-23 07:11:00,871.536207851
2018-01-23 07:12:00,871.536207851
2018-01-23 07:13:00,861.069477007
2018-01-23 07:14:00,861.069477007
2018-01-23 07:15:00,861.069477007
2018-01-23 07:16:00,871.536207851
2018-01-23 07:17:00,871.536207851
2018-01-23 07:18:00,871.536207851
2018-01-23 07:19:00,861.069477007
2018-01-23 07:20:00,861.069477007
2018-01-23 07:21:00,871.536207851
2018-01-23 07:22:00,850.602746164
2018-01-23 07:23:00,850.602746164
2018-01-23 07:24:00,871.536207851
2018-01-23 07:25:00,861.069477007
2018-01-23 07:26:00,882.002938695
2018-01-23 07:27:00,871.536207851
2018-01-23 07:28:00,871.536207851
2018-01-23 07:29:00,871.536207851
2018-01-23 07:30:00,871.536207851
2018-01-23 07:31:00,871.536207851
2018-01-23 07:32:00,871.536207851
2018-01-23 07:33:00,871.536207851
2018-01-23 07:34:00,882.002938695
2018-01-23 07:35:00,882.002938695
2018-01-23 07:36:00,882.002938695
2018-01-23 07:37:00,882.002938695
2018-01-23 07:38:00,882.002938695
2018-01-23 07:39:00,892.469669539
2018-01-23 07:40:00,892.469669539
2018-01-23 07:41:00,892.469669539
2018-01-23 07:42:00,892.469669539
2018-01-23 07:43:00,913.403131226
2018-01-23 07:44:00,913.403131226
2018-01-23 07:45:00,913.403131226
2018-01-23 07:46:00,913.403131226
2018-01-23 07:47:00,913.403131226
2018-01-23 07:48:00,913.403131226
2018-01-23 07:49:00,913.403131226
2018-01-23 07:50:00,913.403131226
2018-01-23 07:51:00,913.403131226
2018-01-23 07:52:00,913.403131226
2018-01-23 07:53:00,913.403131226
2018-01-23 07:54:00,913.403131226
2018-01-23 07:55:00,913.403131226
2018-01-23 07:56:00,913.403131226
2018-01-23 07:57:00,934.336592914
2018-01-23 07:58:00,934.336592914
2018-01-23 07:59:00,934.336592914
2018-01-23 08:00:00,934.336592914
2018-01-23 08:01:00,944.803323757
2018-01-23 08:02:00,944.803323757
2018-01-23 08:03:00,944.803323757
2018-01-23 08:04:00,944.803323757
2018-01-23 08:05:00,944.803323757
2018-01-23 08:06:00,913.403131226
2018-01-23 08:07:00,913.403131226
2018-01-23 08:08:00,913.403131226
2018-01-23 08:09:00,913.403131226
2018-01-23 08:10:00,913.403131226
2018-01-23 08:11:00,892.469669539
2018-01-23 08:12:00,892.469669539
2018-01-23 08:13:00,892.469669539
2018-01-23 08:14:00,892.469669539
2018-01-23 08:15:00,892.469669539
2018-01-23 08:16:00,892.469669539
2018-01-23 08:17:00,892.469669539
2018-01-23 08:18:00,892.469669539
2018-01-23 08:19:00,871.536207851
2018-01-23 08:20:00,871.536207851
2018-01-23 08:21:00,850.602746164
2018-01-23 08:22:00,850.602746164
2018-01-23 08:23:00,850.602746164
2018-01-23 08:24:00,850.602746164
2018-01-23 08:25:00,850.602746164
2018-01-23 08:26:00,850.602746164
2018-01-23 08:27:00,850.602746164
2018-01-23 08:28:00,850.602746164
2018-01-23 08:29:00,850.602746164
2018-01-23 08:30:00,850.602746164
2018-01-23 08:31:00,861.069477007
2018-01-23 08:32:00,850.602746164
2018-01-23 08:33:00,850.602746164
2018-01-23 08:34:00,829.669284476
2018-01-23 08:35:00,829.669284476
2018-01-23 08:36:00,829.669284476
2018-01-23 08:37:00,829.669284476
2018-01-23 08:38:00,829.669284476
2018-01-23 08:39:00,829.669284476
2018-01-23 08:40:00,829.669284476
2018-01-23 08:41:00,829.669284476
2018-01-23 08:42:00,829.669284476
2018-01-23 08:43:00,829.669284476
2018-01-23 08:44:00,829.669284476
2018-01-23 08:45:00,829.669284476
2018-01-23 08:46:00,829.669284476
2018-01-23 08:47:00,829.669284476
2018-01-23 08:48:00,829.669284476
2018-01-23 08:49:00,829.669284476
2018-01-23 08:50:00,829.669284476
2018-01-23 08:51:00,829.669284476
2018-01-23 08:52:00,829.669284476
2018-01-23 08:53:00,829.669284476
2018-01-23 08:54:00,840.13601532
2018-01-23 08:55:00,829.669284476
2018-01-23 08:56:00,840.13601532
2018-01-23 08:57:00,829.669284476
2018-01-23 08:58:00,829.669284476
2018-01-23 08:59:00,829.669284476
2018-01-23 09:00:00,850.602746164
2018-01-23 09:01:00,850.602746164
2018-01-23 09:02:00,850.602746164
2018-01-23 09:03:00,840.13601532
2018-01-23 09:04:00,850.602746164
2018-01-23 09:05:00,850.602746164
2018-01-23 09:06:00,850.602746164
2018-01-23 09:07:00,850.602746164
2018-01-23 09:08:00,850.602746164
2018-01-23 09:09:00,861.069477007
2018-01-23 09:10:00,861.069477007
2018-01-23 09:11:00,861.069477007
2018-01-23 09:12:00,861.069477007
2018-01-23 09:13:00,840.13601532
2018-01-23 09:14:00,840.13601532
2018-01-23 09:15:00,840.13601532
2018-01-23 09:16:00,840.13601532
2018-01-23 09:17:00,850.602746164
2018-01-23 09:18:00,850.602746164
2018-01-23 09:19:00,850.602746164
2018-01-23 09:20:00,819.202553632
2018-01-23 09:21:00,808.735822789
2018-01-23 09:22:00,819.202553632
2018-01-23 09:23:00,819.202553632
2018-01-23 09:24:00,819.202553632
2018-01-23 09:25:00,829.669284476
2018-01-23 09:26:00,829.669284476
2018-01-23 09:27:00,829.669284476
2018-01-23 09:28:00,840.13601532
2018-01-23 09:29:00,840.13601532
2018-01-23 09:30:00,840.13601532
2018-01-23 09:31:00,840.13601532
2018-01-23 09:32:00,829.669284476
2018-01-23 09:33:00,829.669284476
2018-01-23 09:34:00,829.669284476
2018-01-23 09:35:00,829.669284476
2018-01-23 09:36:00,829.669284476
2018-01-23 09:37:00,829.669284476
2018-01-23 09:38:00,829.669284476
2018-01-23 09:39:00,829.669284476
2018-01-23 09:40:00,829.669284476
2018-01-23 09:41:00,829.669284476
2018-01-23 09:42:00,829.669284476
2018-01-23 09:43:00,829.669284476
2018-01-23 09:44:00,829.669284476
2018-01-23 09:45:00,829.669284476
2018-01-23 09:46:00,829.669284476
2018-01-23 09:47:00,829.669284476
2018-01-23 09:48:00,829.669284476
2018-01-23 09:49:00,829.669284476
2018-01-23 09:50:00,829.669284476
2018-01-23 09:51:00,829.669284476
2018-01-23 09:52:00,829.669284476
2018-01-23 09:53:00,829.669284476
2018-01-23 09:54:00,829.669284476
2018-01-23 09:55:00,829.669284476
2018-01-23 09:56:00,829.669284476
2018-01-23 09:57:00,829.669284476
2018-01-23 09:58:00,829.669284476
2018-01-23 09:59:00,829.669284476
2018-01-23 10:00:00,829.669284476
2018-01-23 10:01:00,808.735822789
2018-01-23 10:02:00,798.269091945
2018-01-23 10:03:00,798.269091945
2018-01-23 10:04:00,798.269091945
2018-01-23 10:05:00,777.335630257
2018-01-23 10:06:00,777.335630257
2018-01-23 10:07:00,777.335630257
2018-01-23 10:08:00,766.868899414
2018-01-23 10:09:00,808.735822789
2018-01-23 10:10:00,808.735822789
2018-01-23 10:11:00,808.735822789
2018-01-23 10:12:00,808.735822789
2018-01-23 10:13:00,787.802361101
2018-01-23 10:14:00,787.802361101
2018-01-23 10:15:00,787.802361101
2018-01-23 10:16:00,787.802361101
2018-01-23 10:17:00,777.335630257
2018-01-23 10:18:00,787.802361101
2018-01-23 10:19:00,787.802361101
2018-01-23 10:20:00,787.802361101
2018-01-23 10:21:00,777.335630257
2018-01-23 10:22:00,756.40216857
2018-01-23 10:23:00,766.868899414
2018-01-23 10:24:00,766.868899414
2018-01-23 10:25:00,766.868899414
2018-01-23 10:26:00,766.868899414
2018-01-23 10:27:00,766.868899414
2018-01-23 10:28:00,766.868899414
2018-01-23 10:29:00,777.335630257
2018-01-23 10:30:00,777.335630257
2018-01-23 10:31:00,777.335630257
2018-01-23 10:32:00,777.335630257
2018-01-23 10:33:00,777.335630257
2018-01-23 10:34:00,777.335630257
2018-01-23 10:35:00,777.335630257
2018-01-23 10:36:00,777.335630257
2018-01-23 10:37:00,777.335630257
2018-01-23 10:38:00,777.335630257
2018-01-23 10:39:00,777.335630257
2018-01-23 10:40:00,777.335630257
2018-01-23 10:41:00,787.802361101
2018-01-23 10:42:00,787.802361101
2018-01-23 10:43:00,787.802361101
2018-01-23 10:44:00,787.802361101
2018-01-23 10:45:00,787.802361101
2018-01-23 10:46:00,777.335630257
2018-01-23 10:47:00,777.335630257
2018-01-23 10:48:00,777.335630257
2018-01-23 10:49:00,777.335630257
2018-01-23 10:50:00,787.802361101
2018-01-23 10:51:00,787.802361101
2018-01-23 10:52:00,787.802361101
2018-01-23 10:53:00,798.269091945
2018-01-23 10:54:00,766.868899414
2018-01-23 10:55:00,766.868899414
2018-01-23 10:56:00,766.868899414
2018-01-23 10:57:00,777.335630257
2018-01-23 10:58:00,777.335630257
2018-01-23 10:59:00,777.335630257
2018-01-23 11:00:00,777.335630257
2018-01-23 11:01:00,787.802361101
2018-01-23 11:02:00,787.802361101
2018-01-23 11:03:00,787.802361101
2018-01-23 11:04:00,787.802361101
2018-01-23 11:05:00,787.802361101
2018-01-23 11:06:00,787.802361101
2018-01-23 11:07:00,787.802361101
2018-01-23 11:08:00,787.802361101
2018-01-23 11:09:00,787.802361101
2018-01-23 11:10:00,777.335630257
2018-01-23 11:11:00,787.802361101
2018-01-23 11:12:00,787.802361101
2018-01-23 11:13:00,787.802361101
2018-01-23 11:14:00,777.335630257
2018-01-23 11:15:00,777.335630257
2018-01-23 11:16:00,777.335630257
2018-01-23 11:17:00,777.335630257
2018-01-23 11:18:00,777.335630257
2018-01-23 11:19:00,777.335630257
2018-01-23 11:20:00,777.335630257
2018-01-23 11:21:00,766.868899414
2018-01-23 11:22:00,766.868899414
2018-01-23 11:23:00,766.868899414
2018-01-23 11:24:00,766.868899414
2018-01-23 11:25:00,766.868899414
2018-01-23 11:26:00,766.868899414
2018-01-23 11:27:00,756.40216857
2018-01-23 11:28:00,756.40216857
2018-01-23 11:29:00,756.40216857
2018-01-23 11:30:00,756.40216857
2018-01-23 11:31:00,756.40216857
2018-01-23 11:32:00,756.40216857
2018-01-23 11:33:00,756.40216857
2018-01-23 11:34:00,756.40216857
2018-01-23 11:35:00,756.40216857
2018-01-23 11:36:00,756.40216857
2018-01-23 11:37:00,756.40216857
2018-01-23 11:38:00,756.40216857
2018-01-23 11:39:00,756.40216857
2018-01-23 11:40:00,756.40216857
2018-01-23 11:41:00,756.40216857
2018-01-23 11:42:00,756.40216857
2018-01-23 11:43:00,756.40216857
2018-01-23 11:44:00,756.40216857
2018-01-23 11:45:00,766.868899414
2018-01-23 11:46:00,766.868899414
2018-01-23 11:47:00,766.868899414
2018-01-23 11:48:00,756.40216857
2018-01-23 11:49:00,756.40216857
2018-01-23 11:50:00,756.40216857
2018-01-23 11:51:00,756.40216857
2018-01-23 11:52:00,735.468706882
2018-01-23 11:53:00,735.468706882
2018-01-23 11:54:00,735.468706882
2018-01-23 11:55:00,735.468706882
2018-01-23 11:56:00,735.468706882
2018-01-23 11:57:00,735.468706882
2018-01-23 11:58:00,735.468706882
2018-01-23 11:59:00,735.468706882
2018-01-24 01:29:00,777.334792919
2018-01-24 01:30:00,777.334792919
2018-01-24 01:31:00,777.334792919
2018-01-24 01:32:00,777.334792919
2018-01-24 01:33:00,777.334792919
2018-01-24 01:34:00,777.334792919
2018-01-24 01:35:00,777.334792919
2018-01-24 01:36:00,777.334792919
2018-01-24 01:37:00,777.334792919
2018-01-24 01:38:00,777.334792919
2018-01-24 01:39:00,704.067677013
2018-01-24 01:40:00,704.067677013
2018-01-24 01:41:00,714.534407856
2018-01-24 01:42:00,725.0011387
2018-01-24 01:43:00,725.0011387
2018-01-24 01:44:00,725.0011387
2018-01-24 01:45:00,725.0011387
2018-01-24 01:46:00,725.0011387
2018-01-24 01:47:00,725.0011387
2018-01-24 01:48:00,725.0011387
2018-01-24 01:49:00,725.0011387
2018-01-24 01:50:00,725.0011387
2018-01-24 01:51:00,725.0011387
2018-01-24 01:52:00,725.0011387
2018-01-24 01:53:00,725.0011387
2018-01-24 01:54:00,725.0011387
2018-01-24 01:55:00,725.0011387
2018-01-24 01:56:00,725.0011387
2018-01-24 01:57:00,725.0011387
2018-01-24 01:58:00,725.0011387
2018-01-24 01:59:00,704.067677013
2018-01-24 02:00:00,693.600946169
2018-01-24 02:01:00,704.067677013
2018-01-24 02:02:00,725.0011387
2018-01-24 02:03:00,725.0011387
2018-01-24 02:04:00,725.0011387
2018-01-24 02:05:00,704.067677013
2018-01-24 02:06:00,704.067677013
2018-01-24 02:07:00,704.067677013
2018-01-24 02:08:00,683.134215325
2018-01-24 02:09:00,683.134215325
2018-01-24 02:10:00,662.200753638
2018-01-24 02:11:00,662.200753638
2018-01-24 02:12:00,662.200753638
2018-01-24 02:13:00,662.200753638
2018-01-24 02:14:00,662.200753638
2018-01-24 02:15:00,662.200753638
2018-01-24 02:16:00,662.200753638
2018-01-24 02:17:00,662.200753638
2018-01-24 02:18:00,662.200753638
2018-01-24 02:19:00,662.200753638
2018-01-24 02:20:00,662.200753638
2018-01-24 02:21:00,662.200753638
2018-01-24 02:22:00,662.200753638
2018-01-24 02:23:00,662.200753638
2018-01-24 02:24:00,662.200753638
2018-01-24 02:25:00,662.200753638
2018-01-24 02:26:00,662.200753638
2018-01-24 02:27:00,662.200753638
2018-01-24 02:28:00,662.200753638
2018-01-24 02:29:00,662.200753638
2018-01-24 02:30:00,662.200753638
2018-01-24 02:31:00,651.734022794
2018-01-24 02:32:00,662.200753638
2018-01-24 02:33:00,662.200753638
2018-01-24 02:34:00,672.667484481
2018-01-24 02:35:00,662.200753638
2018-01-24 02:36:00,672.667484481
2018-01-24 02:37:00,683.134215325
2018-01-24 02:38:00,683.134215325
2018-01-24 02:39:00,693.600946169
2018-01-24 02:40:00,693.600946169
2018-01-24 02:41:00,672.667484481
2018-01-24 02:42:00,672.667484481
2018-01-24 02:43:00,662.200753638
2018-01-24 02:44:00,672.667484481
2018-01-24 02:45:00,672.667484481
2018-01-24 02:46:00,683.134215325
2018-01-24 02:47:00,683.134215325
2018-01-24 02:48:00,683.134215325
2018-01-24 02:49:00,693.600946169
2018-01-24 02:50:00,725.0011387
2018-01-24 02:51:00,714.534407856
2018-01-24 02:52:00,714.534407856
2018-01-24 02:53:00,714.534407856
2018-01-24 02:54:00,714.534407856
2018-01-24 02:55:00,714.534407856
2018-01-24 02:56:00,725.0011387
2018-01-24 02:57:00,714.534407856
2018-01-24 02:58:00,714.534407856
2018-01-24 02:59:00,725.0011387
2018-01-24 03:00:00,725.0011387
2018-01-24 03:01:00,714.534407856
2018-01-24 03:02:00,714.534407856
2018-01-24 03:03:00,704.067677013
2018-01-24 03:04:00,693.600946169
2018-01-24 03:05:00,683.134215325
2018-01-24 03:06:00,672.667484481
2018-01-24 03:07:00,662.200753638
2018-01-24 03:08:00,662.200753638
2018-01-24 03:09:00,651.734022794
2018-01-24 03:10:00,651.734022794
2018-01-24 03:11:00,651.734022794
2018-01-24 03:12:00,662.200753638
2018-01-24 03:13:00,662.200753638
2018-01-24 03:14:00,662.200753638
2018-01-24 03:15:00,651.734022794
2018-01-24 03:16:00,651.734022794
2018-01-24 03:17:00,662.200753638
2018-01-24 03:18:00,641.26729195
2018-01-24 03:19:00,662.200753638
2018-01-24 03:20:00,641.26729195
2018-01-24 03:21:00,651.734022794
2018-01-24 03:22:00,651.734022794
2018-01-24 03:23:00,693.600946169
2018-01-24 03:24:00,693.600946169
2018-01-24 03:25:00,672.667484481
2018-01-24 03:26:00,683.134215325
2018-01-24 03:27:00,704.067677013
2018-01-24 03:28:00,683.134215325
2018-01-24 03:29:00,714.534407856
2018-01-24 03:30:00,609.867099419
2018-01-24 03:31:00,588.933637731
2018-01-24 03:32:00,588.933637731
2018-01-24 03:33:00,599.400368575
2018-01-24 03:34:00,599.400368575
2018-01-24 03:35:00,588.933637731
2018-01-24 03:36:00,609.867099419
2018-01-24 03:37:00,588.933637731
2018-01-24 03:38:00,599.400368575
2018-01-24 03:39:00,599.400368575
2018-01-24 03:40:00,620.333830263
2018-01-24 03:41:00,609.867099419
2018-01-24 03:42:00,620.333830263
2018-01-24 03:43:00,620.333830263
2018-01-24 03:44:00,620.333830263
2018-01-24 03:45:00,620.333830263
2018-01-24 03:46:00,609.867099419
2018-01-24 03:47:00,609.867099419
2018-01-24 03:48:00,609.867099419
2018-01-24 03:49:00,609.867099419
2018-01-24 03:50:00,609.867099419
2018-01-24 03:51:00,609.867099419
2018-01-24 03:52:00,609.867099419
2018-01-24 03:53:00,620.333830263
2018-01-24 03:54:00,620.333830263
2018-01-24 03:55:00,630.800561106
2018-01-24 03:56:00,630.800561106
2018-01-24 03:57:00,630.800561106
2018-01-24 03:58:00,641.26729195
2018-01-24 03:59:00,630.800561106
2018-01-24 04:00:00,630.800561106
2018-01-24 04:01:00,641.26729195
2018-01-24 04:02:00,651.734022794
2018-01-24 04:03:00,651.734022794
2018-01-24 04:04:00,651.734022794
2018-01-24 04:05:00,651.734022794
2018-01-24 04:06:00,651.734022794
2018-01-24 04:07:00,651.734022794
2018-01-24 04:08:00,651.734022794
2018-01-24 04:09:00,651.734022794
2018-01-24 04:10:00,641.26729195
2018-01-24 04:11:00,641.26729195
2018-01-24 04:12:00,641.26729195
2018-01-24 04:13:00,641.26729195
2018-01-24 04:14:00,641.26729195
2018-01-24 04:15:00,641.26729195
2018-01-24 04:16:00,641.26729195
2018-01-24 04:17:00,641.26729195
2018-01-24 04:18:00,641.26729195
2018-01-24 04:19:00,599.400368575
2018-01-24 04:20:00,609.867099419
2018-01-24 04:21:00,620.333830263
2018-01-24 04:22:00,620.333830263
2018-01-24 04:23:00,620.333830263
2018-01-24 04:24:00,620.333830263
2018-01-24 04:25:00,620.333830263
2018-01-24 04:26:00,620.333830263
2018-01-24 04:27:00,620.333830263
2018-01-24 04:28:00,620.333830263
2018-01-24 04:29:00,620.333830263
2018-01-24 04:30:00,620.333830263
2018-01-24 04:31:00,620.333830263
2018-01-24 04:32:00,620.333830263
2018-01-24 04:33:00,620.333830263
2018-01-24 04:34:00,620.333830263
2018-01-24 04:35:00,620.333830263
2018-01-24 04:36:00,620.333830263
2018-01-24 04:37:00,620.333830263
2018-01-24 04:38:00,620.333830263
2018-01-24 04:39:00,620.333830263
2018-01-24 04:40:00,620.333830263
2018-01-24 04:41:00,620.333830263
2018-01-24 04:42:00,620.333830263
2018-01-24 04:43:00,620.333830263
2018-01-24 04:44:00,620.333830263
2018-01-24 04:45:00,630.800561106
2018-01-24 04:46:00,641.26729195
2018-01-24 04:47:00,641.26729195
2018-01-24 04:48:00,641.26729195
2018-01-24 04:49:00,641.26729195
2018-01-24 04:50:00,641.26729195
2018-01-24 04:51:00,641.26729195
2018-01-24 04:52:00,641.26729195
2018-01-24 04:53:00,630.800561106
2018-01-24 04:54:00,630.800561106
2018-01-24 04:55:00,630.800561106
2018-01-24 04:56:00,609.867099419
2018-01-24 04:57:00,599.400368575
2018-01-24 04:58:00,599.400368575
2018-01-24 04:59:00,599.400368575
2018-01-24 05:00:00,599.400368575
2018-01-24 05:01:00,578.466906888
2018-01-24 05:02:00,578.466906888
2018-01-24 05:03:00,599.400368575
2018-01-24 05:04:00,578.466906888
2018-01-24 05:05:00,578.466906888
2018-01-24 05:06:00,578.466906888
2018-01-24 05:07:00,599.400368575
2018-01-24 05:08:00,578.466906888
2018-01-24 05:09:00,578.466906888
2018-01-24 05:10:00,599.400368575
2018-01-24 05:11:00,578.466906888
2018-01-24 05:12:00,599.400368575
2018-01-24 05:13:00,588.933637731
2018-01-24 05:14:00,588.933637731
2018-01-24 05:15:00,588.933637731
2018-01-24 05:16:00,588.933637731
2018-01-24 05:17:00,588.933637731
2018-01-24 05:18:00,578.466906888
2018-01-24 05:19:00,578.466906888
2018-01-24 05:20:00,578.466906888
2018-01-24 05:21:00,578.466906888
2018-01-24 05:22:00,578.466906888
2018-01-24 05:23:00,578.466906888
2018-01-24 05:24:00,578.466906888
2018-01-24 05:25:00,578.466906888
2018-01-24 05:26:00,578.466906888
2018-01-24 05:27:00,578.466906888
2018-01-24 05:28:00,578.466906888
2018-01-24 05:29:00,578.466906888
2018-01-24 05:30:00,599.400368575
2018-01-24 05:31:00,599.400368575
2018-01-24 05:32:00,599.400368575
2018-01-24 05:33:00,578.466906888
2018-01-24 05:34:00,578.466906888
2018-01-24 05:35:00,578.466906888
2018-01-24 05:36:00,578.466906888
2018-01-24 05:37:00,599.400368575
2018-01-24 05:38:00,599.400368575
2018-01-24 05:39:00,599.400368575
2018-01-24 05:40:00,599.400368575
2018-01-24 05:41:00,599.400368575
2018-01-24 05:42:00,588.933637731
2018-01-24 05:43:00,599.400368575
2018-01-24 05:44:00,599.400368575
2018-01-24 05:45:00,588.933637731
2018-01-24 05:46:00,588.933637731
2018-01-24 05:47:00,578.466906888
2018-01-24 05:48:00,578.466906888
2018-01-24 05:49:00,578.466906888
2018-01-24 05:50:00,578.466906888
2018-01-24 05:51:00,578.466906888
2018-01-24 05:52:00,599.400368575
2018-01-24 05:53:00,599.400368575
2018-01-24 05:54:00,599.400368575
2018-01-24 05:55:00,557.5334452
2018-01-24 05:56:00,557.5334452
2018-01-24 05:57:00,536.599983513
2018-01-24 05:58:00,536.599983513
2018-01-24 05:59:00,536.599983513
2018-01-24 06:00:00,536.599983513
2018-01-24 06:01:00,536.599983513
2018-01-24 06:02:00,536.599983513
2018-01-24 06:03:00,526.133252669
2018-01-24 06:04:00,515.666521825
2018-01-24 06:05:00,494.733060138
2018-01-24 06:06:00,494.733060138
2018-01-24 06:07:00,494.733060138
2018-01-24 06:08:00,494.733060138
2018-01-24 06:09:00,494.733060138
2018-01-24 06:10:00,515.666521825
2018-01-24 06:11:00,494.733060138
2018-01-24 06:12:00,494.733060138
2018-01-24 06:13:00,494.733060138
2018-01-24 06:14:00,494.733060138
2018-01-24 06:15:00,494.733060138
2018-01-24 06:16:00,494.733060138
2018-01-24 06:17:00,494.733060138
2018-01-24 06:18:00,494.733060138
2018-01-24 06:19:00,494.733060138
2018-01-24 06:20:00,494.733060138
2018-01-24 06:21:00,484.266329294
2018-01-24 06:22:00,484.266329294
2018-01-24 06:23:00,494.733060138
2018-01-24 06:24:00,494.733060138
2018-01-24 06:25:00,484.266329294
2018-01-24 06:26:00,484.266329294
2018-01-24 06:27:00,484.266329294
2018-01-24 06:28:00,473.79959845
2018-01-24 06:29:00,473.79959845
2018-01-24 06:30:00,473.79959845
2018-01-24 06:31:00,494.733060138
2018-01-24 06:32:00,494.733060138
2018-01-24 06:33:00,484.266329294
2018-01-24 06:34:00,484.266329294
2018-01-24 06:35:00,484.266329294
2018-01-24 06:36:00,484.266329294
2018-01-24 06:37:00,484.266329294
2018-01-24 06:38:00,484.266329294
2018-01-24 06:39:00,494.733060138
2018-01-24 06:40:00,484.266329294
2018-01-24 06:41:00,484.266329294
2018-01-24 06:42:00,484.266329294
2018-01-24 06:43:00,484.266329294
2018-01-24 06:44:00,484.266329294
2018-01-24 06:45:00,473.79959845
2018-01-24 06:46:00,473.79959845
2018-01-24 06:47:00,473.79959845
2018-01-24 06:48:00,473.79959845
2018-01-24 06:49:00,463.332867606
2018-01-24 06:50:00,463.332867606
2018-01-24 06:51:00,463.332867606
2018-01-24 06:52:00,463.332867606
2018-01-24 06:53:00,463.332867606
2018-01-24 06:54:00,463.332867606
2018-01-24 06:55:00,473.79959845
2018-01-24 06:56:00,442.399405919
2018-01-24 06:57:00,410.999213388
2018-01-24 06:58:00,410.999213388
2018-01-24 06:59:00,442.399405919
2018-01-24 07:00:00,421.465944231
2018-01-24 07:01:00,431.932675075
2018-01-24 07:02:00,431.932675075
2018-01-24 07:03:00,442.399405919
2018-01-24 07:04:00,442.399405919
2018-01-24 07:05:00,431.932675075
2018-01-24 07:06:00,431.932675075
2018-01-24 07:07:00,452.866136763
2018-01-24 07:08:00,452.866136763
2018-01-24 07:09:00,431.932675075
2018-01-24 07:10:00,452.866136763
2018-01-24 07:11:00,452.866136763
2018-01-24 07:12:00,452.866136763
2018-01-24 07:13:00,452.866136763
2018-01-24 07:14:00,452.866136763
2018-01-24 07:15:00,452.866136763
2018-01-24 07:16:00,452.866136763
2018-01-24 07:17:00,452.866136763
2018-01-24 07:18:00,452.866136763
2018-01-24 07:19:00,452.866136763
2018-01-24 07:20:00,452.866136763
2018-01-24 07:21:00,452.866136763
2018-01-24 07:22:00,452.866136763
2018-01-24 07:23:00,452.866136763
2018-01-24 07:24:00,442.399405919
2018-01-24 07:25:00,442.399405919
2018-01-24 07:26:00,442.399405919
2018-01-24 07:27:00,410.999213388
2018-01-24 07:28:00,421.465944231
2018-01-24 07:29:00,421.465944231
2018-01-24 07:30:00,421.465944231
2018-01-24 07:31:00,410.999213388
2018-01-24 07:32:00,410.999213388
2018-01-24 07:33:00,390.0657517
2018-01-24 07:34:00,390.0657517
2018-01-24 07:35:00,369.132290013
2018-01-24 07:36:00,369.132290013
2018-01-24 07:37:00,369.132290013
2018-01-24 07:38:00,369.132290013
2018-01-24 07:39:00,369.132290013
2018-01-24 07:40:00,390.0657517
2018-01-24 07:41:00,390.0657517
2018-01-24 07:42:00,379.599020856
2018-01-24 07:43:00,390.0657517
2018-01-24 07:44:00,390.0657517
2018-01-24 07:45:00,390.0657517
2018-01-24 07:46:00,390.0657517
2018-01-24 07:47:00,379.599020856
2018-01-24 07:48:00,379.599020856
2018-01-24 07:49:00,379.599020856
2018-01-24 07:50:00,390.0657517
2018-01-24 07:51:00,400.532482544
2018-01-24 07:52:00,400.532482544
2018-01-24 07:53:00,410.999213388
2018-01-24 07:54:00,410.999213388
2018-01-24 07:55:00,400.532482544
2018-01-24 07:56:00,400.532482544
2018-01-24 07:57:00,400.532482544
2018-01-24 07:58:00,400.532482544
2018-01-24 07:59:00,400.532482544
2018-01-24 08:00:00,410.999213388
2018-01-24 08:01:00,410.999213388
2018-01-24 08:02:00,410.999213388
2018-01-24 08:03:00,410.999213388
2018-01-24 08:04:00,410.999213388
2018-01-24 08:05:00,410.999213388
2018-01-24 08:06:00,431.932675075
2018-01-24 08:07:00,431.932675075
2018-01-24 08:08:00,431.932675075
2018-01-24 08:09:00,431.932675075
2018-01-24 08:10:00,421.465944231
2018-01-24 08:11:00,421.465944231
2018-01-24 08:12:00,421.465944231
2018-01-24 08:13:00,421.465944231
2018-01-24 08:14:00,431.932675075
2018-01-24 08:15:00,421.465944231
2018-01-24 08:16:00,431.932675075
2018-01-24 08:17:00,431.932675075
2018-01-24 08:18:00,421.465944231
2018-01-24 08:19:00,400.532482544
2018-01-24 08:20:00,421.465944231
2018-01-24 08:21:00,431.932675075
2018-01-24 08:22:00,431.932675075
2018-01-24 08:23:00,410.999213388
2018-01-24 08:24:00,400.532482544
2018-01-24 08:25:00,400.532482544
2018-01-24 08:26:00,410.999213388
2018-01-24 08:27:00,400.532482544
2018-01-24 08:28:00,410.999213388
2018-01-24 08:29:00,410.999213388
2018-01-24 08:30:00,410.999213388
2018-01-24 08:31:00,410.999213388
2018-01-24 08:32:00,410.999213388
2018-01-24 08:33:00,400.532482544
2018-01-24 08:34:00,400.532482544
2018-01-24 08:35:00,410.999213388
2018-01-24 08:36:00,390.0657517
2018-01-24 08:37:00,400.532482544
2018-01-24 08:38:00,400.532482544
2018-01-24 08:39:00,400.532482544
2018-01-24 08:40:00,390.0657517
2018-01-24 08:41:00,390.0657517
2018-01-24 08:42:00,390.0657517
2018-01-24 08:43:00,379.599020856
2018-01-24 08:44:00,379.599020856
2018-01-24 08:45:00,390.0657517
2018-01-24 08:46:00,400.532482544
2018-01-24 08:47:00,400.532482544
2018-01-24 08:48:00,400.532482544
2018-01-24 08:49:00,400.532482544
2018-01-24 08:50:00,400.532482544
2018-01-24 08:51:00,400.532482544
2018-01-24 08:52:00,400.532482544
2018-01-24 08:53:00,379.599020856
2018-01-24 08:54:00,379.599020856
2018-01-24 08:55:00,358.665559169
2018-01-24 08:56:00,369.132290013
2018-01-24 08:57:00,369.132290013
2018-01-24 08:58:00,390.0657517
2018-01-24 08:59:00,369.132290013
2018-01-24 09:00:00,369.132290013
2018-01-24 09:01:00,369.132290013
2018-01-24 09:02:00,369.132290013
2018-01-24 09:03:00,390.0657517
2018-01-24 09:04:00,390.0657517
2018-01-24 09:05:00,390.0657517
2018-01-24 09:06:00,390.0657517
2018-01-24 09:07:00,390.0657517
2018-01-24 09:08:00,390.0657517
2018-01-24 09:09:00,390.0657517
2018-01-24 09:10:00,369.132290013
2018-01-24 09:11:00,369.132290013
2018-01-24 09:12:00,369.132290013
2018-01-24 09:13:00,369.132290013
2018-01-24 09:14:00,369.132290013
2018-01-24 09:15:00,327.265366638
2018-01-24 09:16:00,285.398443263
2018-01-24 09:17:00,274.931712419
2018-01-24 09:18:00,264.464981575
2018-01-24 09:19:00,264.464981575
2018-01-24 09:20:00,253.998250731
2018-01-24 09:21:00,264.464981575
2018-01-24 09:22:00,274.931712419
2018-01-24 09:23:00,264.464981575
2018-01-24 09:24:00,264.464981575
2018-01-24 09:25:00,264.464981575
2018-01-24 09:26:00,253.998250731
2018-01-24 09:27:00,243.531519888
2018-01-24 09:28:00,253.998250731
2018-01-24 09:29:00,253.998250731
2018-01-24 09:30:00,253.998250731
2018-01-24 09:31:00,253.998250731
2018-01-24 09:32:00,253.998250731
2018-01-24 09:33:00,253.998250731
2018-01-24 09:34:00,253.998250731
2018-01-24 09:35:00,264.464981575
2018-01-24 09:36:00,264.464981575
2018-01-24 09:37:00,253.998250731
2018-01-24 09:38:00,253.998250731
2018-01-24 09:39:00,253.998250731
2018-01-24 09:40:00,233.064789044
2018-01-24 09:41:00,233.064789044
2018-01-24 09:42:00,233.064789044
2018-01-24 09:43:00,243.531519888
2018-01-24 09:44:00,233.064789044
2018-01-24 09:45:00,212.131327356
2018-01-24 09:46:00,222.5980582
2018-01-24 09:47:00,222.5980582
2018-01-24 09:48:00,222.5980582
2018-01-24 09:49:00,222.5980582
2018-01-24 09:50:00,222.5980582
2018-01-24 09:51:00,243.531519888
2018-01-24 09:52:00,243.531519888
2018-01-24 09:53:00,233.064789044
2018-01-24 09:54:00,233.064789044
2018-01-24 09:55:00,243.531519888
2018-01-24 09:56:00,243.531519888
2018-01-24 09:57:00,264.464981575
2018-01-24 09:58:00,264.464981575
2018-01-24 09:59:00,264.464981575
2018-01-24 10:00:00,243.531519888
2018-01-24 10:01:00,243.531519888
2018-01-24 10:02:00,233.064789044
2018-01-24 10:03:00,233.064789044
2018-01-24 10:04:00,233.064789044
2018-01-24 10:05:00,233.064789044
2018-01-24 10:06:00,243.531519888
2018-01-24 10:07:00,253.998250731
2018-01-24 10:08:00,264.464981575
2018-01-24 10:09:00,274.931712419
2018-01-24 10:10:00,274.931712419
2018-01-24 10:11:00,274.931712419
2018-01-24 10:12:00,274.931712419
2018-01-24 10:13:00,274.931712419
2018-01-24 10:14:00,274.931712419
2018-01-24 10:15:00,274.931712419
2018-01-24 10:16:00,285.398443263
2018-01-24 10:17:00,285.398443263
2018-01-24 10:18:00,285.398443263
2018-01-24 10:19:00,285.398443263
2018-01-24 10:20:00,285.398443263
2018-01-24 10:21:00,285.398443263
2018-01-24 10:22:00,253.998250731
2018-01-24 10:23:00,253.998250731
2018-01-24 10:24:00,253.998250731
2018-01-24 10:25:00,253.998250731
2018-01-24 10:26:00,253.998250731
2018-01-24 10:27:00,253.998250731
2018-01-24 10:28:00,253.998250731
2018-01-24 10:29:00,253.998250731
2018-01-24 10:30:00,264.464981575
2018-01-24 10:31:00,285.398443263
2018-01-24 10:32:00,285.398443263
2018-01-24 10:33:00,285.398443263
2018-01-24 10:34:00,285.398443263
2018-01-24 10:35:00,285.398443263
2018-01-24 10:36:00,285.398443263
2018-01-24 10:37:00,285.398443263
2018-01-24 10:38:00,285.398443263
2018-01-24 10:39:00,295.865174106
2018-01-24 10:40:00,316.798635794
2018-01-24 10:41:00,316.798635794
2018-01-24 10:42:00,316.798635794
2018-01-24 10:43:00,316.798635794
2018-01-24 10:44:00,295.865174106
2018-01-24 10:45:00,295.865174106
2018-01-24 10:46:00,295.865174106
2018-01-24 10:47:00,295.865174106
2018-01-24 10:48:00,295.865174106
2018-01-24 10:49:00,295.865174106
2018-01-24 10:50:00,295.865174106
2018-01-24 10:51:00,295.865174106
2018-01-24 10:52:00,295.865174106
2018-01-24 10:53:00,306.33190495
2018-01-24 10:54:00,306.33190495
2018-01-24 10:55:00,306.33190495
2018-01-24 10:56:00,295.865174106
2018-01-24 10:57:00,295.865174106
2018-01-24 10:58:00,295.865174106
2018-01-24 10:59:00,295.865174106
2018-01-24 11:00:00,285.398443263
2018-01-24 11:01:00,285.398443263
2018-01-24 11:02:00,285.398443263
2018-01-24 11:03:00,274.931712419
2018-01-24 11:04:00,285.398443263
2018-01-24 11:05:00,285.398443263
2018-01-24 11:06:00,285.398443263
2018-01-24 11:07:00,285.398443263
2018-01-24 11:08:00,285.398443263
2018-01-24 11:09:00,285.398443263
2018-01-24 11:10:00,285.398443263
2018-01-24 11:11:00,285.398443263
2018-01-24 11:12:00,316.798635794
2018-01-24 11:13:00,316.798635794
2018-01-24 11:14:00,316.798635794
2018-01-24 11:15:00,295.865174106
2018-01-24 11:16:00,295.865174106
2018-01-24 11:17:00,316.798635794
2018-01-24 11:18:00,316.798635794
2018-01-24 11:19:00,316.798635794
2018-01-24 11:20:00,316.798635794
2018-01-24 11:21:00,316.798635794
2018-01-24 11:22:00,316.798635794
2018-01-24 11:23:00,316.798635794
2018-01-24 11:24:00,316.798635794
2018-01-24 11:25:00,295.865174106
2018-01-24 11:26:00,295.865174106
2018-01-24 11:27:00,295.865174106
2018-01-24 11:28:00,295.865174106
2018-01-24 11:29:00,295.865174106
2018-01-24 11:30:00,295.865174106
2018-01-24 11:31:00,295.865174106
2018-01-24 11:32:00,295.865174106
2018-01-24 11:33:00,295.865174106
2018-01-24 11:34:00,295.865174106
2018-01-24 11:35:00,295.865174106
2018-01-24 11:36:00,295.865174106
2018-01-24 11:37:00,306.33190495
2018-01-24 11:38:00,306.33190495
2018-01-24 11:39:00,274.931712419
2018-01-24 11:40:00,306.33190495
2018-01-24 11:41:00,274.931712419
2018-01-24 11:42:00,295.865174106
2018-01-24 11:43:00,285.398443263
2018-01-24 11:44:00,348.198828325
2018-01-24 11:45:00,337.732097481
2018-01-24 11:46:00,337.732097481
2018-01-24 11:47:00,337.732097481
2018-01-24 11:48:00,316.798635794
2018-01-24 11:49:00,316.798635794
2018-01-24 11:50:00,316.798635794
2018-01-24 11:51:00,316.798635794
2018-01-24 11:52:00,316.798635794
2018-01-24 11:53:00,316.798635794
2018-01-24 11:54:00,316.798635794
2018-01-24 11:55:00,316.798635794
2018-01-24 11:56:00,316.798635794
2018-01-24 11:57:00,316.798635794
2018-01-24 11:58:00,316.798635794
2018-01-24 11:59:00,316.798635794
2018-01-25 01:29:00,-185.605282045
2018-01-25 01:30:00,-185.605282045
2018-01-25 01:31:00,-185.605282045
2018-01-25 01:32:00,-185.605282045
2018-01-25 01:33:00,-185.605282045
2018-01-25 01:34:00,369.131452674
2018-01-25 01:35:00,348.197990987
2018-01-25 01:36:00,327.264529299
2018-01-25 01:37:00,327.264529299
2018-01-25 01:38:00,316.797798455
2018-01-25 01:39:00,316.797798455
2018-01-25 01:40:00,316.797798455
2018-01-25 01:41:00,316.797798455
2018-01-25 01:42:00,316.797798455
2018-01-25 01:43:00,316.797798455
2018-01-25 01:44:00,316.797798455
2018-01-25 01:45:00,348.197990987
2018-01-25 01:46:00,348.197990987
2018-01-25 01:47:00,348.197990987
2018-01-25 01:48:00,348.197990987
2018-01-25 01:49:00,369.131452674
2018-01-25 01:50:00,369.131452674
2018-01-25 01:51:00,358.66472183
2018-01-25 01:52:00,348.197990987
2018-01-25 01:53:00,348.197990987
2018-01-25 01:54:00,348.197990987
2018-01-25 01:55:00,327.264529299
2018-01-25 01:56:00,327.264529299
2018-01-25 01:57:00,327.264529299
2018-01-25 01:58:00,337.731260143
2018-01-25 01:59:00,327.264529299
2018-01-25 02:00:00,348.197990987
2018-01-25 02:01:00,348.197990987
2018-01-25 02:02:00,348.197990987
2018-01-25 02:03:00,348.197990987
2018-01-25 02:04:00,337.731260143
2018-01-25 02:05:00,327.264529299
2018-01-25 02:06:00,327.264529299
2018-01-25 02:07:00,316.797798455
2018-01-25 02:08:00,316.797798455
2018-01-25 02:09:00,327.264529299
2018-01-25 02:10:00,327.264529299
2018-01-25 02:11:00,327.264529299
2018-01-25 02:12:00,327.264529299
2018-01-25 02:13:00,327.264529299
2018-01-25 02:14:00,327.264529299
2018-01-25 02:15:00,327.264529299
2018-01-25 02:16:00,327.264529299
2018-01-25 02:17:00,327.264529299
2018-01-25 02:18:00,327.264529299
2018-01-25 02:19:00,316.797798455
2018-01-25 02:20:00,316.797798455
2018-01-25 02:21:00,327.264529299
2018-01-25 02:22:00,327.264529299
2018-01-25 02:23:00,316.797798455
2018-01-25 02:24:00,316.797798455
2018-01-25 02:25:00,316.797798455
2018-01-25 02:26:00,327.264529299
2018-01-25 02:27:00,327.264529299
2018-01-25 02:28:00,327.264529299
2018-01-25 02:29:00,327.264529299
2018-01-25 02:30:00,316.797798455
2018-01-25 02:31:00,316.797798455
2018-01-25 02:32:00,316.797798455
2018-01-25 02:33:00,316.797798455
2018-01-25 02:34:00,316.797798455
2018-01-25 02:35:00,295.864336768
2018-01-25 02:36:00,295.864336768
2018-01-25 02:37:00,295.864336768
2018-01-25 02:38:00,295.864336768
2018-01-25 02:39:00,295.864336768
2018-01-25 02:40:00,295.864336768
2018-01-25 02:41:00,295.864336768
2018-01-25 02:42:00,295.864336768
2018-01-25 02:43:00,316.797798455
2018-01-25 02:44:00,316.797798455
2018-01-25 02:45:00,316.797798455
2018-01-25 02:46:00,316.797798455
2018-01-25 02:47:00,316.797798455
2018-01-25 02:48:00,316.797798455
2018-01-25 02:49:00,337.731260143
2018-01-25 02:50:00,337.731260143
2018-01-25 02:51:00,327.264529299
2018-01-25 02:52:00,337.731260143
2018-01-25 02:53:00,337.731260143
2018-01-25 02:54:00,337.731260143
2018-01-25 02:55:00,337.731260143
2018-01-25 02:56:00,348.197990987
2018-01-25 02:57:00,358.66472183
2018-01-25 02:58:00,358.66472183
2018-01-25 02:59:00,379.598183518
2018-01-25 03:00:00,369.131452674
2018-01-25 03:01:00,379.598183518
2018-01-25 03:02:00,379.598183518
2018-01-25 03:03:00,379.598183518
2018-01-25 03:04:00,379.598183518
2018-01-25 03:05:00,369.131452674
2018-01-25 03:06:00,369.131452674
2018-01-25 03:07:00,379.598183518
2018-01-25 03:08:00,369.131452674
2018-01-25 03:09:00,369.131452674
2018-01-25 03:10:00,369.131452674
2018-01-25 03:11:00,369.131452674
2018-01-25 03:12:00,369.131452674
2018-01-25 03:13:00,369.131452674
2018-01-25 03:14:00,369.131452674
2018-01-25 03:15:00,369.131452674
2018-01-25 03:16:00,369.131452674
2018-01-25 03:17:00,379.598183518
2018-01-25 03:18:00,379.598183518
2018-01-25 03:19:00,379.598183518
2018-01-25 03:20:00,369.131452674
2018-01-25 03:21:00,369.131452674
2018-01-25 03:22:00,369.131452674
2018-01-25 03:23:00,369.131452674
2018-01-25 03:24:00,379.598183518
2018-01-25 03:25:00,379.598183518
2018-01-25 03:26:00,379.598183518
2018-01-25 03:27:00,379.598183518
2018-01-25 03:28:00,369.131452674
2018-01-25 03:29:00,348.197990987
2018-01-25 03:30:00,348.197990987
2018-01-25 03:31:00,348.197990987
2018-01-25 03:32:00,358.66472183
2018-01-25 03:33:00,358.66472183
2018-01-25 03:34:00,348.197990987
2018-01-25 03:35:00,337.731260143
2018-01-25 03:36:00,337.731260143
2018-01-25 03:37:00,337.731260143
2018-01-25 03:38:00,337.731260143
2018-01-25 03:39:00,337.731260143
2018-01-25 03:40:00,337.731260143
2018-01-25 03:41:00,337.731260143
2018-01-25 03:42:00,337.731260143
2018-01-25 03:43:00,337.731260143
2018-01-25 03:44:00,337.731260143
2018-01-25 03:45:00,337.731260143
2018-01-25 03:46:00,337.731260143
2018-01-25 03:47:00,337.731260143
2018-01-25 03:48:00,327.264529299
2018-01-25 03:49:00,327.264529299
2018-01-25 03:50:00,327.264529299
2018-01-25 03:51:00,327.264529299
2018-01-25 03:52:00,327.264529299
2018-01-25 03:53:00,327.264529299
2018-01-25 03:54:00,337.731260143
2018-01-25 03:55:00,327.264529299
2018-01-25 03:56:00,337.731260143
2018-01-25 03:57:00,337.731260143
2018-01-25 03:58:00,337.731260143
2018-01-25 03:59:00,337.731260143
2018-01-25 04:00:00,327.264529299
2018-01-25 04:01:00,327.264529299
2018-01-25 04:02:00,348.197990987
2018-01-25 04:03:00,337.731260143
2018-01-25 04:04:00,337.731260143
2018-01-25 04:05:00,327.264529299
2018-01-25 04:06:00,327.264529299
2018-01-25 04:07:00,327.264529299
2018-01-25 04:08:00,327.264529299
2018-01-25 04:09:00,327.264529299
2018-01-25 04:10:00,327.264529299
2018-01-25 04:11:00,327.264529299
2018-01-25 04:12:00,327.264529299
2018-01-25 04:13:00,327.264529299
2018-01-25 04:14:00,327.264529299
2018-01-25 04:15:00,337.731260143
2018-01-25 04:16:00,337.731260143
2018-01-25 04:17:00,337.731260143
2018-01-25 04:18:00,337.731260143
2018-01-25 04:19:00,337.731260143
2018-01-25 04:20:00,337.731260143
2018-01-25 04:21:00,337.731260143
2018-01-25 04:22:00,337.731260143
2018-01-25 04:23:00,327.264529299
2018-01-25 04:24:00,327.264529299
2018-01-25 04:25:00,316.797798455
2018-01-25 04:26:00,327.264529299
2018-01-25 04:27:00,327.264529299
2018-01-25 04:28:00,327.264529299
2018-01-25 04:29:00,327.264529299
2018-01-25 04:30:00,327.264529299
2018-01-25 04:31:00,327.264529299
2018-01-25 04:32:00,316.797798455
2018-01-25 04:33:00,316.797798455
2018-01-25 04:34:00,316.797798455
2018-01-25 04:35:00,316.797798455
2018-01-25 04:36:00,316.797798455
2018-01-25 04:37:00,306.331067612
2018-01-25 04:38:00,295.864336768
2018-01-25 04:39:00,295.864336768
2018-01-25 04:40:00,295.864336768
2018-01-25 04:41:00,295.864336768
2018-01-25 04:42:00,295.864336768
2018-01-25 04:43:00,295.864336768
2018-01-25 04:44:00,306.331067612
2018-01-25 04:45:00,306.331067612
2018-01-25 04:46:00,306.331067612
2018-01-25 04:47:00,306.331067612
2018-01-25 04:48:00,306.331067612
2018-01-25 04:49:00,306.331067612
2018-01-25 04:50:00,295.864336768
2018-01-25 04:51:00,295.864336768
2018-01-25 04:52:00,295.864336768
2018-01-25 04:53:00,295.864336768
2018-01-25 04:54:00,306.331067612
2018-01-25 04:55:00,285.397605924
2018-01-25 04:56:00,306.331067612
2018-01-25 04:57:00,306.331067612
2018-01-25 04:58:00,306.331067612
2018-01-25 04:59:00,306.331067612
2018-01-25 05:00:00,306.331067612
2018-01-25 05:01:00,306.331067612
2018-01-25 05:02:00,306.331067612
2018-01-25 05:03:00,327.264529299
2018-01-25 05:04:00,327.264529299
2018-01-25 05:05:00,327.264529299
2018-01-25 05:06:00,327.264529299
2018-01-25 05:07:00,327.264529299
2018-01-25 05:08:00,327.264529299
2018-01-25 05:09:00,327.264529299
2018-01-25 05:10:00,327.264529299
2018-01-25 05:11:00,327.264529299
2018-01-25 05:12:00,337.731260143
2018-01-25 05:13:00,337.731260143
2018-01-25 05:14:00,337.731260143
2018-01-25 05:15:00,337.731260143
2018-01-25 05:16:00,337.731260143
2018-01-25 05:17:00,337.731260143
2018-01-25 05:18:00,316.797798455
2018-01-25 05:19:00,316.797798455
2018-01-25 05:20:00,316.797798455
2018-01-25 05:21:00,316.797798455
2018-01-25 05:22:00,316.797798455
2018-01-25 05:23:00,316.797798455
2018-01-25 05:24:00,316.797798455
2018-01-25 05:25:00,316.797798455
2018-01-25 05:26:00,316.797798455
2018-01-25 05:27:00,316.797798455
2018-01-25 05:28:00,327.264529299
2018-01-25 05:29:00,358.66472183
2018-01-25 05:30:00,348.197990987
2018-01-25 05:31:00,348.197990987
2018-01-25 05:32:00,348.197990987
2018-01-25 05:33:00,348.197990987
2018-01-25 05:34:00,358.66472183
2018-01-25 05:35:00,358.66472183
2018-01-25 05:36:00,358.66472183
2018-01-25 05:37:00,358.66472183
2018-01-25 05:38:00,358.66472183
2018-01-25 05:39:00,358.66472183
2018-01-25 05:40:00,358.66472183
2018-01-25 05:41:00,358.66472183
2018-01-25 05:42:00,358.66472183
2018-01-25 05:43:00,369.131452674
2018-01-25 05:44:00,358.66472183
2018-01-25 05:45:00,369.131452674
2018-01-25 05:46:00,369.131452674
2018-01-25 05:47:00,369.131452674
2018-01-25 05:48:00,400.531645205
2018-01-25 05:49:00,400.531645205
2018-01-25 05:50:00,400.531645205
2018-01-25 05:51:00,410.998376049
2018-01-25 05:52:00,400.531645205
2018-01-25 05:53:00,400.531645205
2018-01-25 05:54:00,400.531645205
2018-01-25 05:55:00,390.064914362
2018-01-25 05:56:00,400.531645205
2018-01-25 05:57:00,400.531645205
2018-01-25 05:58:00,390.064914362
2018-01-25 05:59:00,400.531645205
2018-01-25 06:00:00,400.531645205
2018-01-25 06:01:00,400.531645205
2018-01-25 06:02:00,400.531645205
2018-01-25 06:03:00,400.531645205
2018-01-25 06:04:00,400.531645205
2018-01-25 06:05:00,400.531645205
2018-01-25 06:06:00,410.998376049
2018-01-25 06:07:00,410.998376049
2018-01-25 06:08:00,410.998376049
2018-01-25 06:09:00,400.531645205
2018-01-25 06:10:00,400.531645205
2018-01-25 06:11:00,400.531645205
2018-01-25 06:12:00,400.531645205
2018-01-25 06:13:00,400.531645205
2018-01-25 06:14:00,400.531645205
2018-01-25 06:15:00,400.531645205
2018-01-25 06:16:00,400.531645205
2018-01-25 06:17:00,410.998376049
2018-01-25 06:18:00,410.998376049
2018-01-25 06:19:00,400.531645205
2018-01-25 06:20:00,400.531645205
2018-01-25 06:21:00,400.531645205
2018-01-25 06:22:00,400.531645205
2018-01-25 06:23:00,410.998376049
2018-01-25 06:24:00,410.998376049
2018-01-25 06:25:00,410.998376049
2018-01-25 06:26:00,410.998376049
2018-01-25 06:27:00,410.998376049
2018-01-25 06:28:00,410.998376049
2018-01-25 06:29:00,400.531645205
2018-01-25 06:30:00,390.064914362
2018-01-25 06:31:00,390.064914362
2018-01-25 06:32:00,390.064914362
2018-01-25 06:33:00,390.064914362
2018-01-25 06:34:00,390.064914362
2018-01-25 06:35:00,390.064914362
2018-01-25 06:36:00,390.064914362
2018-01-25 06:37:00,390.064914362
2018-01-25 06:38:00,390.064914362
2018-01-25 06:39:00,400.531645205
2018-01-25 06:40:00,400.531645205
2018-01-25 06:41:00,410.998376049
2018-01-25 06:42:00,410.998376049
2018-01-25 06:43:00,400.531645205
2018-01-25 06:44:00,400.531645205
2018-01-25 06:45:00,421.465106893
2018-01-25 06:46:00,421.465106893
2018-01-25 06:47:00,400.531645205
2018-01-25 06:48:00,400.531645205
2018-01-25 06:49:00,400.531645205
2018-01-25 06:50:00,390.064914362
2018-01-25 06:51:00,390.064914362
2018-01-25 06:52:00,390.064914362
2018-01-25 06:53:00,400.531645205
2018-01-25 06:54:00,400.531645205
2018-01-25 06:55:00,400.531645205
2018-01-25 06:56:00,400.531645205
2018-01-25 06:57:00,400.531645205
2018-01-25 06:58:00,410.998376049
2018-01-25 06:59:00,421.465106893
2018-01-25 07:00:00,421.465106893
2018-01-25 07:01:00,421.465106893
2018-01-25 07:02:00,400.531645205
2018-01-25 07:03:00,400.531645205
2018-01-25 07:04:00,390.064914362
2018-01-25 07:05:00,379.598183518
2018-01-25 07:06:00,379.598183518
2018-01-25 07:07:00,400.531645205
2018-01-25 07:08:00,400.531645205
2018-01-25 07:09:00,390.064914362
2018-01-25 07:10:00,390.064914362
2018-01-25 07:11:00,400.531645205
2018-01-25 07:12:00,390.064914362
2018-01-25 07:13:00,400.531645205
2018-01-25 07:14:00,400.531645205
2018-01-25 07:15:00,400.531645205
2018-01-25 07:16:00,400.531645205
2018-01-25 07:17:00,400.531645205
2018-01-25 07:18:00,400.531645205
2018-01-25 07:19:00,390.064914362
2018-01-25 07:20:00,390.064914362
2018-01-25 07:21:00,390.064914362
2018-01-25 07:22:00,390.064914362
2018-01-25 07:23:00,390.064914362
2018-01-25 07:24:00,390.064914362
2018-01-25 07:25:00,390.064914362
2018-01-25 07:26:00,379.598183518
2018-01-25 07:27:00,390.064914362
2018-01-25 07:28:00,379.598183518
2018-01-25 07:29:00,358.66472183
2018-01-25 07:30:00,358.66472183
2018-01-25 07:31:00,358.66472183
2018-01-25 07:32:00,358.66472183
2018-01-25 07:33:00,400.531645205
2018-01-25 07:34:00,348.197990987
2018-01-25 07:35:00,337.731260143
2018-01-25 07:36:00,369.131452674
2018-01-25 07:37:00,348.197990987
2018-01-25 07:38:00,327.264529299
2018-01-25 07:39:00,306.331067612
2018-01-25 07:40:00,295.864336768
2018-01-25 07:41:00,295.864336768
2018-01-25 07:42:00,306.331067612
2018-01-25 07:43:00,243.530682549
2018-01-25 07:44:00,243.530682549
2018-01-25 07:45:00,201.663759174
2018-01-25 07:46:00,201.663759174
2018-01-25 07:47:00,180.730297487
2018-01-25 07:48:00,222.597220862
2018-01-25 07:49:00,222.597220862
2018-01-25 07:50:00,222.597220862
2018-01-25 07:51:00,201.663759174
2018-01-25 07:52:00,180.730297487
2018-01-25 07:53:00,180.730297487
2018-01-25 07:54:00,201.663759174
2018-01-25 07:55:00,201.663759174
2018-01-25 07:56:00,222.597220862
2018-01-25 07:57:00,201.663759174
2018-01-25 07:58:00,222.597220862
2018-01-25 07:59:00,201.663759174
2018-01-25 08:00:00,180.730297487
2018-01-25 08:01:00,159.796835799
2018-01-25 08:02:00,180.730297487
2018-01-25 08:03:00,180.730297487
2018-01-25 08:04:00,191.19702833
2018-01-25 08:05:00,191.19702833
2018-01-25 08:06:00,201.663759174
2018-01-25 08:07:00,212.130490018
2018-01-25 08:08:00,212.130490018
2018-01-25 08:09:00,159.796835799
2018-01-25 08:10:00,159.796835799
2018-01-25 08:11:00,159.796835799
2018-01-25 08:12:00,138.863374112
2018-01-25 08:13:00,138.863374112
2018-01-25 08:14:00,180.730297487
2018-01-25 08:15:00,180.730297487
2018-01-25 08:16:00,180.730297487
2018-01-25 08:17:00,201.663759174
2018-01-25 08:18:00,180.730297487
2018-01-25 08:19:00,180.730297487
2018-01-25 08:20:00,180.730297487
2018-01-25 08:21:00,180.730297487
2018-01-25 08:22:00,201.663759174
2018-01-25 08:23:00,222.597220862
2018-01-25 08:24:00,243.530682549
2018-01-25 08:25:00,222.597220862
2018-01-25 08:26:00,222.597220862
2018-01-25 08:27:00,222.597220862
2018-01-25 08:28:00,201.663759174
2018-01-25 08:29:00,201.663759174
2018-01-25 08:30:00,191.19702833
2018-01-25 08:31:00,222.597220862
2018-01-25 08:32:00,222.597220862
2018-01-25 08:33:00,264.464144237
2018-01-25 08:34:00,253.997413393
2018-01-25 08:35:00,243.530682549
2018-01-25 08:36:00,222.597220862
2018-01-25 08:37:00,191.19702833
2018-01-25 08:38:00,222.597220862
2018-01-25 08:39:00,212.130490018
2018-01-25 08:40:00,264.464144237
2018-01-25 08:41:00,264.464144237
2018-01-25 08:42:00,274.93087508
2018-01-25 08:43:00,243.530682549
2018-01-25 08:44:00,233.063951705
2018-01-25 08:45:00,243.530682549
2018-01-25 08:46:00,243.530682549
2018-01-25 08:47:00,243.530682549
2018-01-25 08:48:00,253.997413393
2018-01-25 08:49:00,233.063951705
2018-01-25 08:50:00,233.063951705
2018-01-25 08:51:00,233.063951705
2018-01-25 08:52:00,233.063951705
2018-01-25 08:53:00,233.063951705
2018-01-25 08:54:00,222.597220862
2018-01-25 08:55:00,222.597220862
2018-01-25 08:56:00,222.597220862
2018-01-25 08:57:00,222.597220862
2018-01-25 08:58:00,201.663759174
2018-01-25 08:59:00,212.130490018
2018-01-25 09:00:00,233.063951705
2018-01-25 09:01:00,233.063951705
2018-01-25 09:02:00,233.063951705
2018-01-25 09:03:00,233.063951705
2018-01-25 09:04:00,233.063951705
2018-01-25 09:05:00,233.063951705
2018-01-25 09:06:00,264.464144237
2018-01-25 09:07:00,233.063951705
2018-01-25 09:08:00,274.93087508
2018-01-25 09:09:00,295.864336768
2018-01-25 09:10:00,306.331067612
2018-01-25 09:11:00,295.864336768
2018-01-25 09:12:00,306.331067612
2018-01-25 09:13:00,306.331067612
2018-01-25 09:14:00,316.797798455
2018-01-25 09:15:00,316.797798455
2018-01-25 09:16:00,295.864336768
2018-01-25 09:17:00,295.864336768
2018-01-25 09:18:00,295.864336768
2018-01-25 09:19:00,285.397605924
2018-01-25 09:20:00,274.93087508
2018-01-25 09:21:00,253.997413393
2018-01-25 09:22:00,243.530682549
2018-01-25 09:23:00,253.997413393
2018-01-25 09:24:00,253.997413393
2018-01-25 09:25:00,253.997413393
2018-01-25 09:26:00,253.997413393
2018-01-25 09:27:00,233.063951705
2018-01-25 09:28:00,222.597220862
2018-01-25 09:29:00,222.597220862
2018-01-25 09:30:00,222.597220862
2018-01-25 09:31:00,222.597220862
2018-01-25 09:32:00,222.597220862
2018-01-25 09:33:00,233.063951705
2018-01-25 09:34:00,233.063951705
2018-01-25 09:35:00,243.530682549
2018-01-25 09:36:00,253.997413393
2018-01-25 09:37:00,253.997413393
2018-01-25 09:38:00,253.997413393
2018-01-25 09:39:00,253.997413393
2018-01-25 09:40:00,243.530682549
2018-01-25 09:41:00,253.997413393
2018-01-25 09:42:00,253.997413393
2018-01-25 09:43:00,253.997413393
2018-01-25 09:44:00,253.997413393
2018-01-25 09:45:00,253.997413393
2018-01-25 09:46:00,274.93087508
2018-01-25 09:47:00,264.464144237
2018-01-25 09:48:00,264.464144237
2018-01-25 09:49:00,243.530682549
2018-01-25 09:50:00,243.530682549
2018-01-25 09:51:00,274.93087508
2018-01-25 09:52:00,274.93087508
2018-01-25 09:53:00,274.93087508
2018-01-25 09:54:00,274.93087508
2018-01-25 09:55:00,274.93087508
2018-01-25 09:56:00,274.93087508
2018-01-25 09:57:00,274.93087508
2018-01-25 09:58:00,253.997413393
2018-01-25 09:59:00,253.997413393
2018-01-25 10:00:00,253.997413393
2018-01-25 10:01:00,253.997413393
2018-01-25 10:02:00,253.997413393
2018-01-25 10:03:00,253.997413393
2018-01-25 10:04:00,253.997413393
2018-01-25 10:05:00,253.997413393
2018-01-25 10:06:00,264.464144237
2018-01-25 10:07:00,274.93087508
2018-01-25 10:08:00,274.93087508
2018-01-25 10:09:00,274.93087508
2018-01-25 10:10:00,274.93087508
2018-01-25 10:11:00,274.93087508
2018-01-25 10:12:00,274.93087508
2018-01-25 10:13:00,274.93087508
2018-01-25 10:14:00,253.997413393
2018-01-25 10:15:00,253.997413393
2018-01-25 10:16:00,253.997413393
2018-01-25 10:17:00,253.997413393
2018-01-25 10:18:00,274.93087508
2018-01-25 10:19:00,274.93087508
2018-01-25 10:20:00,274.93087508
2018-01-25 10:21:00,274.93087508
2018-01-25 10:22:00,274.93087508
2018-01-25 10:23:00,274.93087508
2018-01-25 10:24:00,274.93087508
2018-01-25 10:25:00,274.93087508
2018-01-25 10:26:00,295.864336768
2018-01-25 10:27:00,316.797798455
2018-01-25 10:28:00,316.797798455
2018-01-25 10:29:00,306.331067612
2018-01-25 10:30:00,306.331067612
2018-01-25 10:31:00,306.331067612
2018-01-25 10:32:00,295.864336768
2018-01-25 10:33:00,295.864336768
2018-01-25 10:34:00,295.864336768
2018-01-25 10:35:00,295.864336768
2018-01-25 10:36:00,306.331067612
2018-01-25 10:37:00,306.331067612
2018-01-25 10:38:00,295.864336768
2018-01-25 10:39:00,295.864336768
2018-01-25 10:40:00,295.864336768
2018-01-25 10:41:00,295.864336768
2018-01-25 10:42:00,295.864336768
2018-01-25 10:43:00,295.864336768
2018-01-25 10:44:00,306.331067612
2018-01-25 10:45:00,285.397605924
2018-01-25 10:46:00,295.864336768
2018-01-25 10:47:00,306.331067612
2018-01-25 10:48:00,306.331067612
2018-01-25 10:49:00,295.864336768
2018-01-25 10:50:00,306.331067612
2018-01-25 10:51:00,306.331067612
2018-01-25 10:52:00,306.331067612
2018-01-25 10:53:00,316.797798455
2018-01-25 10:54:00,316.797798455
2018-01-25 10:55:00,327.264529299
2018-01-25 10:56:00,327.264529299
2018-01-25 10:57:00,327.264529299
2018-01-25 10:58:00,327.264529299
2018-01-25 10:59:00,306.331067612
2018-01-25 11:00:00,327.264529299
2018-01-25 11:01:00,327.264529299
2018-01-25 11:02:00,327.264529299
2018-01-25 11:03:00,327.264529299
2018-01-25 11:04:00,337.731260143
2018-01-25 11:05:00,337.731260143
2018-01-25 11:06:00,337.731260143
2018-01-25 11:07:00,337.731260143
2018-01-25 11:08:00,337.731260143
2018-01-25 11:09:00,337.731260143
2018-01-25 11:10:00,316.797798455
2018-01-25 11:11:00,316.797798455
2018-01-25 11:12:00,369.131452674
2018-01-25 11:13:00,369.131452674
2018-01-25 11:14:00,348.197990987
2018-01-25 11:15:00,348.197990987
2018-01-25 11:16:00,348.197990987
2018-01-25 11:17:00,348.197990987
2018-01-25 11:18:00,348.197990987
2018-01-25 11:19:00,348.197990987
2018-01-25 11:20:00,358.66472183
2018-01-25 11:21:00,358.66472183
2018-01-25 11:22:00,358.66472183
2018-01-25 11:23:00,358.66472183
2018-01-25 11:24:00,358.66472183
2018-01-25 11:25:00,358.66472183
2018-01-25 11:26:00,369.131452674
2018-01-25 11:27:00,369.131452674
2018-01-25 11:28:00,369.131452674
2018-01-25 11:29:00,369.131452674
2018-01-25 11:30:00,369.131452674
2018-01-25 11:31:00,369.131452674
2018-01-25 11:32:00,369.131452674
2018-01-25 11:33:00,327.264529299
2018-01-25 11:34:00,327.264529299
2018-01-25 11:35:00,327.264529299
2018-01-25 11:36:00,327.264529299
2018-01-25 11:37:00,327.264529299
2018-01-25 11:38:00,327.264529299
2018-01-25 11:39:00,327.264529299
2018-01-25 11:40:00,327.264529299
2018-01-25 11:41:00,327.264529299
2018-01-25 11:42:00,316.797798455
2018-01-25 11:43:00,316.797798455
2018-01-25 11:44:00,316.797798455
2018-01-25 11:45:00,337.731260143
2018-01-25 11:46:00,337.731260143
2018-01-25 11:47:00,337.731260143
2018-01-25 11:48:00,327.264529299
2018-01-25 11:49:00,327.264529299
2018-01-25 11:50:00,316.797798455
2018-01-25 11:51:00,316.797798455
2018-01-25 11:52:00,316.797798455
2018-01-25 11:53:00,316.797798455
2018-01-25 11:54:00,316.797798455
2018-01-25 11:55:00,316.797798455
2018-01-25 11:56:00,316.797798455
2018-01-25 11:57:00,316.797798455
2018-01-25 11:58:00,306.331067612
2018-01-25 11:59:00,306.331067612
2018-01-26 01:29:00,306.331067612
2018-01-26 01:30:00,306.331067612
2018-01-26 01:31:00,306.331067612
2018-01-26 01:32:00,306.331067612
2018-01-26 01:33:00,306.331067612
2018-01-26 01:34:00,390.064914362
2018-01-26 01:35:00,390.064914362
2018-01-26 01:36:00,369.131452674
2018-01-26 01:37:00,369.131452674
2018-01-26 01:38:00,369.131452674
2018-01-26 01:39:00,348.197990987
2018-01-26 01:40:00,327.264529299
2018-01-26 01:41:00,327.264529299
2018-01-26 01:42:00,327.264529299
2018-01-26 01:43:00,327.264529299
2018-01-26 01:44:00,327.264529299
2018-01-26 01:45:00,348.197990987
2018-01-26 01:46:00,348.197990987
2018-01-26 01:47:00,348.197990987
2018-01-26 01:48:00,369.131452674
2018-01-26 01:49:00,369.131452674
2018-01-26 01:50:00,369.131452674
2018-01-26 01:51:00,358.66472183
2018-01-26 01:52:00,358.66472183
2018-01-26 01:53:00,379.598183518
2018-01-26 01:54:00,379.598183518
2018-01-26 01:55:00,379.598183518
2018-01-26 01:56:00,369.131452674
2018-01-26 01:57:00,358.66472183
2018-01-26 01:58:00,400.531645205
2018-01-26 01:59:00,379.598183518
2018-01-26 02:00:00,379.598183518
2018-01-26 02:01:00,379.598183518
2018-01-26 02:02:00,390.064914362
2018-01-26 02:03:00,400.531645205
2018-01-26 02:04:00,400.531645205
2018-01-26 02:05:00,400.531645205
2018-01-26 02:06:00,400.531645205
2018-01-26 02:07:00,400.531645205
2018-01-26 02:08:00,400.531645205
2018-01-26 02:09:00,358.66472183
2018-01-26 02:10:00,379.598183518
2018-01-26 02:11:00,379.598183518
2018-01-26 02:12:00,400.531645205
2018-01-26 02:13:00,400.531645205
2018-01-26 02:14:00,400.531645205
2018-01-26 02:15:00,400.531645205
2018-01-26 02:16:00,400.531645205
2018-01-26 02:17:00,400.531645205
2018-01-26 02:18:00,400.531645205
2018-01-26 02:19:00,400.531645205
2018-01-26 02:20:00,400.531645205
2018-01-26 02:21:00,379.598183518
2018-01-26 02:22:00,379.598183518
2018-01-26 02:23:00,400.531645205
2018-01-26 02:24:00,400.531645205
2018-01-26 02:25:00,400.531645205
2018-01-26 02:26:00,400.531645205
2018-01-26 02:27:00,400.531645205
2018-01-26 02:28:00,400.531645205
2018-01-26 02:29:00,400.531645205
2018-01-26 02:30:00,400.531645205
2018-01-26 02:31:00,400.531645205
2018-01-26 02:32:00,400.531645205
2018-01-26 02:33:00,400.531645205
2018-01-26 02:34:00,421.465106893
2018-01-26 02:35:00,400.531645205
2018-01-26 02:36:00,400.531645205
2018-01-26 02:37:00,400.531645205
2018-01-26 02:38:00,400.531645205
2018-01-26 02:39:00,400.531645205
2018-01-26 02:40:00,400.531645205
2018-01-26 02:41:00,400.531645205
2018-01-26 02:42:00,400.531645205
2018-01-26 02:43:00,400.531645205
2018-01-26 02:44:00,400.531645205
2018-01-26 02:45:00,400.531645205
2018-01-26 02:46:00,400.531645205
2018-01-26 02:47:00,400.531645205
2018-01-26 02:48:00,400.531645205
2018-01-26 02:49:00,400.531645205
2018-01-26 02:50:00,421.465106893
2018-01-26 02:51:00,421.465106893
2018-01-26 02:52:00,400.531645205
2018-01-26 02:53:00,400.531645205
2018-01-26 02:54:00,400.531645205
2018-01-26 02:55:00,400.531645205
2018-01-26 02:56:00,400.531645205
2018-01-26 02:57:00,379.598183518
2018-01-26 02:58:00,390.064914362
2018-01-26 02:59:00,390.064914362
2018-01-26 03:00:00,390.064914362
2018-01-26 03:01:00,390.064914362
2018-01-26 03:02:00,390.064914362
2018-01-26 03:03:00,400.531645205
2018-01-26 03:04:00,400.531645205
2018-01-26 03:05:00,400.531645205
2018-01-26 03:06:00,400.531645205
2018-01-26 03:07:00,400.531645205
2018-01-26 03:08:00,400.531645205
2018-01-26 03:09:00,400.531645205
2018-01-26 03:10:00,400.531645205
2018-01-26 03:11:00,400.531645205
2018-01-26 03:12:00,379.598183518
2018-01-26 03:13:00,379.598183518
2018-01-26 03:14:00,400.531645205
2018-01-26 03:15:00,400.531645205
2018-01-26 03:16:00,400.531645205
2018-01-26 03:17:00,379.598183518
2018-01-26 03:18:00,390.064914362
2018-01-26 03:19:00,369.131452674
2018-01-26 03:20:00,358.66472183
2018-01-26 03:21:00,379.598183518
2018-01-26 03:22:00,358.66472183
2018-01-26 03:23:00,358.66472183
2018-01-26 03:24:00,358.66472183
2018-01-26 03:25:00,358.66472183
2018-01-26 03:26:00,358.66472183
2018-01-26 03:27:00,358.66472183
2018-01-26 03:28:00,369.131452674
2018-01-26 03:29:00,390.064914362
2018-01-26 03:30:00,264.464144237
2018-01-26 03:31:00,358.66472183
2018-01-26 03:32:00,358.66472183
2018-01-26 03:33:00,337.731260143
2018-01-26 03:34:00,337.731260143
2018-01-26 03:35:00,358.66472183
2018-01-26 03:36:00,348.197990987
2018-01-26 03:37:00,358.66472183
2018-01-26 03:38:00,358.66472183
2018-01-26 03:39:00,358.66472183
2018-01-26 03:40:00,358.66472183
2018-01-26 03:41:00,358.66472183
2018-01-26 03:42:00,358.66472183
2018-01-26 03:43:00,358.66472183
2018-01-26 03:44:00,358.66472183
2018-01-26 03:45:00,379.598183518
2018-01-26 03:46:00,390.064914362
2018-01-26 03:47:00,390.064914362
2018-01-26 03:48:00,400.531645205
2018-01-26 03:49:00,400.531645205
2018-01-26 03:50:00,400.531645205
2018-01-26 03:51:00,410.998376049
2018-01-26 03:52:00,400.531645205
2018-01-26 03:53:00,400.531645205
2018-01-26 03:54:00,400.531645205
2018-01-26 03:55:00,400.531645205
2018-01-26 03:56:00,400.531645205
2018-01-26 03:57:00,400.531645205
2018-01-26 03:58:00,400.531645205
2018-01-26 03:59:00,400.531645205
2018-01-26 04:00:00,400.531645205
2018-01-26 04:01:00,421.465106893
2018-01-26 04:02:00,421.465106893
2018-01-26 04:03:00,421.465106893
2018-01-26 04:04:00,421.465106893
2018-01-26 04:05:00,421.465106893
2018-01-26 04:06:00,421.465106893
2018-01-26 04:07:00,421.465106893
2018-01-26 04:08:00,421.465106893
2018-01-26 04:09:00,400.531645205
2018-01-26 04:10:00,431.931837737
2018-01-26 04:11:00,431.931837737
2018-01-26 04:12:00,431.931837737
2018-01-26 04:13:00,431.931837737
2018-01-26 04:14:00,431.931837737
2018-01-26 04:15:00,431.931837737
2018-01-26 04:16:00,431.931837737
2018-01-26 04:17:00,431.931837737
2018-01-26 04:18:00,431.931837737
2018-01-26 04:19:00,431.931837737
2018-01-26 04:20:00,431.931837737
2018-01-26 04:21:00,421.465106893
2018-01-26 04:22:00,421.465106893
2018-01-26 04:23:00,421.465106893
2018-01-26 04:24:00,421.465106893
2018-01-26 04:25:00,410.998376049
2018-01-26 04:26:00,410.998376049
2018-01-26 04:27:00,410.998376049
2018-01-26 04:28:00,390.064914362
2018-01-26 04:29:00,390.064914362
2018-01-26 04:30:00,390.064914362
2018-01-26 04:31:00,390.064914362
2018-01-26 04:32:00,390.064914362
2018-01-26 04:33:00,379.598183518
2018-01-26 04:34:00,379.598183518
2018-01-26 04:35:00,379.598183518
2018-01-26 04:36:00,379.598183518
2018-01-26 04:37:00,379.598183518
2018-01-26 04:38:00,390.064914362
2018-01-26 04:39:00,400.531645205
2018-01-26 04:40:00,400.531645205
2018-01-26 04:41:00,390.064914362
2018-01-26 04:42:00,390.064914362
2018-01-26 04:43:00,390.064914362
2018-01-26 04:44:00,390.064914362
2018-01-26 04:45:00,390.064914362
2018-01-26 04:46:00,379.598183518
2018-01-26 04:47:00,379.598183518
2018-01-26 04:48:00,379.598183518
2018-01-26 04:49:00,390.064914362
2018-01-26 04:50:00,379.598183518
2018-01-26 04:51:00,369.131452674
2018-01-26 04:52:00,358.66472183
2018-01-26 04:53:00,379.598183518
2018-01-26 04:54:00,379.598183518
2018-01-26 04:55:00,379.598183518
2018-01-26 04:56:00,379.598183518
2018-01-26 04:57:00,358.66472183
2018-01-26 04:58:00,358.66472183
2018-01-26 04:59:00,369.131452674
2018-01-26 05:00:00,379.598183518
2018-01-26 05:01:00,379.598183518
2018-01-26 05:02:00,379.598183518
2018-01-26 05:03:00,379.598183518
2018-01-26 05:04:00,379.598183518
2018-01-26 05:05:00,379.598183518
2018-01-26 05:06:00,379.598183518
2018-01-26 05:07:00,400.531645205
2018-01-26 05:08:00,400.531645205
2018-01-26 05:09:00,400.531645205
2018-01-26 05:10:00,400.531645205
2018-01-26 05:11:00,400.531645205
2018-01-26 05:12:00,400.531645205
2018-01-26 05:13:00,400.531645205
2018-01-26 05:14:00,400.531645205
2018-01-26 05:15:00,400.531645205
2018-01-26 05:16:00,400.531645205
2018-01-26 05:17:00,400.531645205
2018-01-26 05:18:00,400.531645205
2018-01-26 05:19:00,400.531645205
2018-01-26 05:20:00,400.531645205
2018-01-26 05:21:00,400.531645205
2018-01-26 05:22:00,400.531645205
2018-01-26 05:23:00,390.064914362
2018-01-26 05:24:00,390.064914362
2018-01-26 05:25:00,400.531645205
2018-01-26 05:26:00,400.531645205
2018-01-26 05:27:00,400.531645205
2018-01-26 05:28:00,400.531645205
2018-01-26 05:29:00,379.598183518
2018-01-26 05:30:00,379.598183518
2018-01-26 05:31:00,379.598183518
2018-01-26 05:32:00,369.131452674
2018-01-26 05:33:00,358.66472183
2018-01-26 05:34:00,358.66472183
2018-01-26 05:35:00,358.66472183
2018-01-26 05:36:00,358.66472183
2018-01-26 05:37:00,358.66472183
2018-01-26 05:38:00,358.66472183
2018-01-26 05:39:00,348.197990987
2018-01-26 05:40:00,337.731260143
2018-01-26 05:41:00,348.197990987
2018-01-26 05:42:00,348.197990987
2018-01-26 05:43:00,337.731260143
2018-01-26 05:44:00,337.731260143
2018-01-26 05:45:00,316.797798455
2018-01-26 05:46:00,316.797798455
2018-01-26 05:47:00,316.797798455
2018-01-26 05:48:00,295.864336768
2018-01-26 05:49:00,295.864336768
2018-01-26 05:50:00,285.397605924
2018-01-26 05:51:00,295.864336768
2018-01-26 05:52:00,295.864336768
2018-01-26 05:53:00,295.864336768
2018-01-26 05:54:00,295.864336768
2018-01-26 05:55:00,274.93087508
2018-01-26 05:56:00,274.93087508
2018-01-26 05:57:00,274.93087508
2018-01-26 05:58:00,295.864336768
2018-01-26 05:59:00,316.797798455
2018-01-26 06:00:00,306.331067612
2018-01-26 06:01:00,306.331067612
2018-01-26 06:02:00,316.797798455
2018-01-26 06:03:00,316.797798455
2018-01-26 06:04:00,327.264529299
2018-01-26 06:05:00,327.264529299
2018-01-26 06:06:00,327.264529299
2018-01-26 06:07:00,327.264529299
2018-01-26 06:08:00,316.797798455
2018-01-26 06:09:00,316.797798455
2018-01-26 06:10:00,316.797798455
2018-01-26 06:11:00,285.397605924
2018-01-26 06:12:00,285.397605924
2018-01-26 06:13:00,316.797798455
2018-01-26 06:14:00,316.797798455
2018-01-26 06:15:00,306.331067612
2018-01-26 06:16:00,306.331067612
2018-01-26 06:17:00,295.864336768
2018-01-26 06:18:00,295.864336768
2018-01-26 06:19:00,295.864336768
2018-01-26 06:20:00,274.93087508
2018-01-26 06:21:00,274.93087508
2018-01-26 06:22:00,285.397605924
2018-01-26 06:23:00,295.864336768
2018-01-26 06:24:00,306.331067612
2018-01-26 06:25:00,306.331067612
2018-01-26 06:26:00,306.331067612
2018-01-26 06:27:00,306.331067612
2018-01-26 06:28:00,295.864336768
2018-01-26 06:29:00,295.864336768
2018-01-26 06:30:00,295.864336768
2018-01-26 06:31:00,295.864336768
2018-01-26 06:32:00,316.797798455
2018-01-26 06:33:00,295.864336768
2018-01-26 06:34:00,295.864336768
2018-01-26 06:35:00,295.864336768
2018-01-26 06:36:00,285.397605924
2018-01-26 06:37:00,274.93087508
2018-01-26 06:38:00,274.93087508
2018-01-26 06:39:00,295.864336768
2018-01-26 06:40:00,274.93087508
2018-01-26 06:41:00,295.864336768
2018-01-26 06:42:00,285.397605924
2018-01-26 06:43:00,285.397605924
2018-01-26 06:44:00,285.397605924
2018-01-26 06:45:00,274.93087508
2018-01-26 06:46:00,274.93087508
2018-01-26 06:47:00,274.93087508
2018-01-26 06:48:00,274.93087508
2018-01-26 06:49:00,253.997413393
2018-01-26 06:50:00,253.997413393
2018-01-26 06:51:00,233.063951705
2018-01-26 06:52:00,253.997413393
2018-01-26 06:53:00,233.063951705
2018-01-26 06:54:00,233.063951705
2018-01-26 06:55:00,233.063951705
2018-01-26 06:56:00,233.063951705
2018-01-26 06:57:00,233.063951705
2018-01-26 06:58:00,243.530682549
2018-01-26 06:59:00,233.063951705
2018-01-26 07:00:00,222.597220862
2018-01-26 07:01:00,233.063951705
2018-01-26 07:02:00,212.130490018
2018-01-26 07:03:00,222.597220862
2018-01-26 07:04:00,222.597220862
2018-01-26 07:05:00,222.597220862
2018-01-26 07:06:00,222.597220862
2018-01-26 07:07:00,222.597220862
2018-01-26 07:08:00,222.597220862
2018-01-26 07:09:00,222.597220862
2018-01-26 07:10:00,233.063951705
2018-01-26 07:11:00,233.063951705
2018-01-26 07:12:00,233.063951705
2018-01-26 07:13:00,222.597220862
2018-01-26 07:14:00,233.063951705
2018-01-26 07:15:00,264.464144237
2018-01-26 07:16:00,243.530682549
2018-01-26 07:17:00,264.464144237
2018-01-26 07:18:00,264.464144237
2018-01-26 07:19:00,264.464144237
2018-01-26 07:20:00,264.464144237
2018-01-26 07:21:00,264.464144237
2018-01-26 07:22:00,264.464144237
2018-01-26 07:23:00,243.530682549
2018-01-26 07:24:00,253.997413393
2018-01-26 07:25:00,243.530682549
2018-01-26 07:26:00,222.597220862
2018-01-26 07:27:00,212.130490018
2018-01-26 07:28:00,222.597220862
2018-01-26 07:29:00,201.663759174
2018-01-26 07:30:00,233.063951705
2018-01-26 07:31:00,212.130490018
2018-01-26 07:32:00,233.063951705
2018-01-26 07:33:00,212.130490018
2018-01-26 07:34:00,212.130490018
2018-01-26 07:35:00,212.130490018
2018-01-26 07:36:00,212.130490018
2018-01-26 07:37:00,191.19702833
2018-01-26 07:38:00,191.19702833
2018-01-26 07:39:00,212.130490018
2018-01-26 07:40:00,233.063951705
2018-01-26 07:41:00,222.597220862
2018-01-26 07:42:00,233.063951705
2018-01-26 07:43:00,233.063951705
2018-01-26 07:44:00,233.063951705
2018-01-26 07:45:00,212.130490018
2018-01-26 07:46:00,212.130490018
2018-01-26 07:47:00,212.130490018
2018-01-26 07:48:00,212.130490018
2018-01-26 07:49:00,212.130490018
2018-01-26 07:50:00,212.130490018
2018-01-26 07:51:00,233.063951705
2018-01-26 07:52:00,222.597220862
2018-01-26 07:53:00,222.597220862
2018-01-26 07:54:00,212.130490018
2018-01-26 07:55:00,233.063951705
2018-01-26 07:56:00,212.130490018
2018-01-26 07:57:00,212.130490018
2018-01-26 07:58:00,212.130490018
2018-01-26 07:59:00,212.130490018
2018-01-26 08:00:00,212.130490018
2018-01-26 08:01:00,212.130490018
2018-01-26 08:02:00,212.130490018
2018-01-26 08:03:00,191.19702833
2018-01-26 08:04:00,191.19702833
2018-01-26 08:05:00,191.19702833
2018-01-26 08:06:00,191.19702833
2018-01-26 08:07:00,191.19702833
2018-01-26 08:08:00,212.130490018
2018-01-26 08:09:00,212.130490018
2018-01-26 08:10:00,212.130490018
2018-01-26 08:11:00,212.130490018
2018-01-26 08:12:00,212.130490018
2018-01-26 08:13:00,212.130490018
2018-01-26 08:14:00,233.063951705
2018-01-26 08:15:00,222.597220862
2018-01-26 08:16:00,212.130490018
2018-01-26 08:17:00,212.130490018
2018-01-26 08:18:00,212.130490018
2018-01-26 08:19:00,212.130490018
2018-01-26 08:20:00,212.130490018
2018-01-26 08:21:00,212.130490018
2018-01-26 08:22:00,212.130490018
2018-01-26 08:23:00,212.130490018
2018-01-26 08:24:00,201.663759174
2018-01-26 08:25:00,212.130490018
2018-01-26 08:26:00,212.130490018
2018-01-26 08:27:00,212.130490018
2018-01-26 08:28:00,212.130490018
2018-01-26 08:29:00,201.663759174
2018-01-26 08:30:00,191.19702833
2018-01-26 08:31:00,191.19702833
2018-01-26 08:32:00,170.263566643
2018-01-26 08:33:00,170.263566643
2018-01-26 08:34:00,170.263566643
2018-01-26 08:35:00,170.263566643
2018-01-26 08:36:00,170.263566643
2018-01-26 08:37:00,170.263566643
2018-01-26 08:38:00,170.263566643
2018-01-26 08:39:00,170.263566643
2018-01-26 08:40:00,149.330104955
2018-01-26 08:41:00,170.263566643
2018-01-26 08:42:00,159.796835799
2018-01-26 08:43:00,170.263566643
2018-01-26 08:44:00,159.796835799
2018-01-26 08:45:00,149.330104955
2018-01-26 08:46:00,159.796835799
2018-01-26 08:47:00,170.263566643
2018-01-26 08:48:00,159.796835799
2018-01-26 08:49:00,159.796835799
2018-01-26 08:50:00,149.330104955
2018-01-26 08:51:00,149.330104955
2018-01-26 08:52:00,138.863374112
2018-01-26 08:53:00,128.396643268
2018-01-26 08:54:00,117.929912424
2018-01-26 08:55:00,128.396643268
2018-01-26 08:56:00,117.929912424
2018-01-26 08:57:00,117.929912424
2018-01-26 08:58:00,128.396643268
2018-01-26 08:59:00,107.46318158
2018-01-26 09:00:00,117.929912424
2018-01-26 09:01:00,117.929912424
2018-01-26 09:02:00,117.929912424
2018-01-26 09:03:00,117.929912424
2018-01-26 09:04:00,128.396643268
2018-01-26 09:05:00,117.929912424
2018-01-26 09:06:00,107.46318158
2018-01-26 09:07:00,107.46318158
2018-01-26 09:08:00,107.46318158
2018-01-26 09:09:00,117.929912424
2018-01-26 09:10:00,107.46318158
2018-01-26 09:11:00,138.863374112
2018-01-26 09:12:00,128.396643268
2018-01-26 09:13:00,128.396643268
2018-01-26 09:14:00,107.46318158
2018-01-26 09:15:00,107.46318158
2018-01-26 09:16:00,107.46318158
2018-01-26 09:17:00,107.46318158
2018-01-26 09:18:00,107.46318158
2018-01-26 09:19:00,107.46318158
2018-01-26 09:20:00,107.46318158
2018-01-26 09:21:00,107.46318158
2018-01-26 09:22:00,107.46318158
2018-01-26 09:23:00,107.46318158
2018-01-26 09:24:00,107.46318158
2018-01-26 09:25:00,107.46318158
2018-01-26 09:26:00,107.46318158
2018-01-26 09:27:00,107.46318158
2018-01-26 09:28:00,107.46318158
2018-01-26 09:29:00,107.46318158
2018-01-26 09:30:00,107.46318158
2018-01-26 09:31:00,96.9964507367
2018-01-26 09:32:00,86.529719893
2018-01-26 09:33:00,55.1295273617
2018-01-26 09:34:00,55.1295273617
2018-01-26 09:35:00,55.1295273617
2018-01-26 09:36:00,55.1295273617
2018-01-26 09:37:00,65.5962582055
2018-01-26 09:38:00,76.0629890492
2018-01-26 09:39:00,65.5962582055
2018-01-26 09:40:00,65.5962582055
2018-01-26 09:41:00,76.0629890492
2018-01-26 09:42:00,76.0629890492
2018-01-26 09:43:00,76.0629890492
2018-01-26 09:44:00,76.0629890492
2018-01-26 09:45:00,76.0629890492
2018-01-26 09:46:00,76.0629890492
2018-01-26 09:47:00,44.662796518
2018-01-26 09:48:00,65.5962582055
2018-01-26 09:49:00,55.1295273617
2018-01-26 09:50:00,55.1295273617
2018-01-26 09:51:00,44.662796518
2018-01-26 09:52:00,44.662796518
2018-01-26 09:53:00,34.1960656742
2018-01-26 09:54:00,23.7293348305
2018-01-26 09:55:00,34.1960656742
2018-01-26 09:56:00,23.7293348305
2018-01-26 09:57:00,13.2626039867
2018-01-26 09:58:00,13.2626039867
2018-01-26 09:59:00,13.2626039867
2018-01-26 10:00:00,23.7293348305
2018-01-26 10:01:00,23.7293348305
2018-01-26 10:02:00,2.79587314298
2018-01-26 10:03:00,13.2626039867
2018-01-26 10:04:00,2.79587314298
2018-01-26 10:05:00,-18.1375885445
2018-01-26 10:06:00,2.79587314298
2018-01-26 10:07:00,-18.1375885445
2018-01-26 10:08:00,-39.071050232
2018-01-26 10:09:00,-39.071050232
2018-01-26 10:10:00,-39.071050232
2018-01-26 10:11:00,-39.071050232
2018-01-26 10:12:00,-39.071050232
2018-01-26 10:13:00,-18.1375885445
2018-01-26 10:14:00,-39.071050232
2018-01-26 10:15:00,-39.071050232
2018-01-26 10:16:00,-39.071050232
2018-01-26 10:17:00,-60.0045119195
2018-01-26 10:18:00,-60.0045119195
2018-01-26 10:19:00,-60.0045119195
2018-01-26 10:20:00,-60.0045119195
2018-01-26 10:21:00,-60.0045119195
2018-01-26 10:22:00,-60.0045119195
2018-01-26 10:23:00,-60.0045119195
2018-01-26 10:24:00,-49.5377810758
2018-01-26 10:25:00,-60.0045119195
2018-01-26 10:26:00,-39.071050232
2018-01-26 10:27:00,-49.5377810758
2018-01-26 10:28:00,-49.5377810758
2018-01-26 10:29:00,-39.071050232
2018-01-26 10:30:00,-39.071050232
2018-01-26 10:31:00,-39.071050232
2018-01-26 10:32:00,-39.071050232
2018-01-26 10:33:00,-39.071050232
2018-01-26 10:34:00,-18.1375885445
2018-01-26 10:35:00,-18.1375885445
2018-01-26 10:36:00,-18.1375885445
2018-01-26 10:37:00,-39.071050232
2018-01-26 10:38:00,-39.071050232
2018-01-26 10:39:00,-39.071050232
2018-01-26 10:40:00,-28.6043193883
2018-01-26 10:41:00,-39.071050232
2018-01-26 10:42:00,-28.6043193883
2018-01-26 10:43:00,-28.6043193883
2018-01-26 10:44:00,-39.071050232
2018-01-26 10:45:00,-28.6043193883
2018-01-26 10:46:00,-39.071050232
2018-01-26 10:47:00,-49.5377810758
2018-01-26 10:48:00,-60.0045119195
2018-01-26 10:49:00,-60.0045119195
2018-01-26 10:50:00,-60.0045119195
2018-01-26 10:51:00,-60.0045119195
2018-01-26 10:52:00,-60.0045119195
2018-01-26 10:53:00,-49.5377810758
2018-01-26 10:54:00,-49.5377810758
2018-01-26 10:55:00,-49.5377810758
2018-01-26 10:56:00,-60.0045119195
2018-01-26 10:57:00,-60.0045119195
2018-01-26 10:58:00,-60.0045119195
2018-01-26 10:59:00,-60.0045119195
2018-01-26 11:00:00,-60.0045119195
2018-01-26 11:01:00,-49.5377810758
2018-01-26 11:02:00,-49.5377810758
2018-01-26 11:03:00,-49.5377810758
2018-01-26 11:04:00,-49.5377810758
2018-01-26 11:05:00,-49.5377810758
2018-01-26 11:06:00,-49.5377810758
2018-01-26 11:07:00,-49.5377810758
2018-01-26 11:08:00,-60.0045119195
2018-01-26 11:09:00,-60.0045119195
2018-01-26 11:10:00,-60.0045119195
2018-01-26 11:11:00,-60.0045119195
2018-01-26 11:12:00,-60.0045119195
2018-01-26 11:13:00,-60.0045119195
2018-01-26 11:14:00,-60.0045119195
2018-01-26 11:15:00,-60.0045119195
2018-01-26 11:16:00,-60.0045119195
2018-01-26 11:17:00,-60.0045119195
2018-01-26 11:18:00,-60.0045119195
2018-01-26 11:19:00,-60.0045119195
2018-01-26 11:20:00,-60.0045119195
2018-01-26 11:21:00,-60.0045119195
2018-01-26 11:22:00,-60.0045119195
2018-01-26 11:23:00,-60.0045119195
2018-01-26 11:24:00,-60.0045119195
2018-01-26 11:25:00,-60.0045119195
2018-01-26 11:26:00,-49.5377810758
2018-01-26 11:27:00,-49.5377810758
2018-01-26 11:28:00,-49.5377810758
2018-01-26 11:29:00,-49.5377810758
2018-01-26 11:30:00,-49.5377810758
2018-01-26 11:31:00,-28.6043193883
2018-01-26 11:32:00,-39.071050232
2018-01-26 11:33:00,-39.071050232
2018-01-26 11:34:00,-39.071050232
2018-01-26 11:35:00,-39.071050232
2018-01-26 11:36:00,-39.071050232
2018-01-26 11:37:00,-39.071050232
2018-01-26 11:38:00,-39.071050232
2018-01-26 11:39:00,-28.6043193883
2018-01-26 11:40:00,-28.6043193883
2018-01-26 11:41:00,-28.6043193883
2018-01-26 11:42:00,-28.6043193883
2018-01-26 11:43:00,-28.6043193883
2018-01-26 11:44:00,-28.6043193883
2018-01-26 11:45:00,-28.6043193883
2018-01-26 11:46:00,-28.6043193883
2018-01-26 11:47:00,-49.5377810758
2018-01-26 11:48:00,-49.5377810758
2018-01-26 11:49:00,-39.071050232
2018-01-26 11:50:00,-49.5377810758
2018-01-26 11:51:00,-49.5377810758
2018-01-26 11:52:00,-49.5377810758
2018-01-26 11:53:00,-49.5377810758
2018-01-26 11:54:00,-49.5377810758
2018-01-26 11:55:00,-60.0045119195
2018-01-26 11:56:00,-60.0045119195
2018-01-26 11:57:00,-60.0045119195
2018-01-26 11:58:00,-60.0045119195
2018-01-26 11:59:00,-80.937973607
2018-01-29 01:29:00,-358.711679963
2018-01-29 01:30:00,-358.711679963
2018-01-29 01:31:00,-358.711679963
2018-01-29 01:32:00,-358.711679963
2018-01-29 01:33:00,-358.711679963
2018-01-29 01:34:00,-358.711679963
2018-01-29 01:35:00,-199.138523163
2018-01-29 01:36:00,-199.138523163
2018-01-29 01:37:00,-199.138523163
2018-01-29 01:38:00,-199.138523163
2018-01-29 01:39:00,-199.138523163
2018-01-29 01:40:00,-199.138523163
2018-01-29 01:41:00,-199.138523163
2018-01-29 01:42:00,-199.138523163
2018-01-29 01:43:00,-199.138523163
2018-01-29 01:44:00,-219.085167763
2018-01-29 01:45:00,-199.138523163
2018-01-29 01:46:00,-199.138523163
2018-01-29 01:47:00,-189.165200863
2018-01-29 01:48:00,-189.165200863
2018-01-29 01:49:00,-189.165200863
2018-01-29 01:50:00,-199.138523163
2018-01-29 01:51:00,-199.138523163
2018-01-29 01:52:00,-189.165200863
2018-01-29 01:53:00,-199.138523163
2018-01-29 01:54:00,-199.138523163
2018-01-29 01:55:00,-199.138523163
2018-01-29 01:56:00,-199.138523163
2018-01-29 01:57:00,-189.165200863
2018-01-29 01:58:00,-199.138523163
2018-01-29 01:59:00,-199.138523163
2018-01-29 02:00:00,-169.218556263
2018-01-29 02:01:00,-169.218556263
2018-01-29 02:02:00,-179.191878563
2018-01-29 02:03:00,-169.218556263
2018-01-29 02:04:00,-179.191878563
2018-01-29 02:05:00,-189.165200863
2018-01-29 02:06:00,-169.218556263
2018-01-29 02:07:00,-179.191878563
2018-01-29 02:08:00,-169.218556263
2018-01-29 02:09:00,-149.271911663
2018-01-29 02:10:00,-169.218556263
2018-01-29 02:11:00,-169.218556263
2018-01-29 02:12:00,-169.218556263
2018-01-29 02:13:00,-159.245233963
2018-01-29 02:14:00,-159.245233963
2018-01-29 02:15:00,-159.245233963
2018-01-29 02:16:00,-119.351944763
2018-01-29 02:17:00,-109.378622463
2018-01-29 02:18:00,-109.378622463
2018-01-29 02:19:00,-109.378622463
2018-01-29 02:20:00,-109.378622463
2018-01-29 02:21:00,-109.378622463
2018-01-29 02:22:00,-109.378622463
2018-01-29 02:23:00,-109.378622463
2018-01-29 02:24:00,-109.378622463
2018-01-29 02:25:00,-109.378622463
2018-01-29 02:26:00,-109.378622463
2018-01-29 02:27:00,-109.378622463
2018-01-29 02:28:00,-149.271911663
2018-01-29 02:29:00,-159.245233963
2018-01-29 02:30:00,-159.245233963
2018-01-29 02:31:00,-149.271911663
2018-01-29 02:32:00,-149.271911663
2018-01-29 02:33:00,-149.271911663
2018-01-29 02:34:00,-149.271911663
2018-01-29 02:35:00,-149.271911663
2018-01-29 02:36:00,-149.271911663
2018-01-29 02:37:00,-129.325267063
2018-01-29 02:38:00,-129.325267063
2018-01-29 02:39:00,-119.351944763
2018-01-29 02:40:00,-119.351944763
2018-01-29 02:41:00,-119.351944763
2018-01-29 02:42:00,-119.351944763
2018-01-29 02:43:00,-119.351944763
2018-01-29 02:44:00,-109.378622463
2018-01-29 02:45:00,-109.378622463
2018-01-29 02:46:00,-109.378622463
2018-01-29 02:47:00,-99.4053001628
2018-01-29 02:48:00,-99.4053001628
2018-01-29 02:49:00,-109.378622463
2018-01-29 02:50:00,-109.378622463
2018-01-29 02:51:00,-109.378622463
2018-01-29 02:52:00,-109.378622463
2018-01-29 02:53:00,-119.351944763
2018-01-29 02:54:00,-129.325267063
2018-01-29 02:55:00,-119.351944763
2018-01-29 02:56:00,-129.325267063
2018-01-29 02:57:00,-129.325267063
2018-01-29 02:58:00,-129.325267063
2018-01-29 02:59:00,-129.325267063
2018-01-29 03:00:00,-129.325267063
2018-01-29 03:01:00,-129.325267063
2018-01-29 03:02:00,-129.325267063
2018-01-29 03:03:00,-109.378622463
2018-01-29 03:04:00,-119.351944763
2018-01-29 03:05:00,-139.298589363
2018-01-29 03:06:00,-129.325267063
2018-01-29 03:07:00,-129.325267063
2018-01-29 03:08:00,-129.325267063
2018-01-29 03:09:00,-129.325267063
2018-01-29 03:10:00,-129.325267063
2018-01-29 03:11:00,-129.325267063
2018-01-29 03:12:00,-109.378622463
2018-01-29 03:13:00,-109.378622463
2018-01-29 03:14:00,-119.351944763
2018-01-29 03:15:00,-119.351944763
2018-01-29 03:16:00,-109.378622463
2018-01-29 03:17:00,-109.378622463
2018-01-29 03:18:00,-119.351944763
2018-01-29 03:19:00,-119.351944763
2018-01-29 03:20:00,-119.351944763
2018-01-29 03:21:00,-119.351944763
2018-01-29 03:22:00,-99.4053001628
2018-01-29 03:23:00,-89.4319778628
2018-01-29 03:24:00,-89.4319778628
2018-01-29 03:25:00,-89.4319778628
2018-01-29 03:26:00,-89.4319778628
2018-01-29 03:27:00,-69.4853332628
2018-01-29 03:28:00,-69.4853332628
2018-01-29 03:29:00,-69.4853332628
2018-01-29 03:30:00,-69.4853332628
2018-01-29 03:31:00,-69.4853332628
2018-01-29 03:32:00,-69.4853332628
2018-01-29 03:33:00,-69.4853332628
2018-01-29 03:34:00,-89.4319778628
2018-01-29 03:35:00,-89.4319778628
2018-01-29 03:36:00,-89.4319778628
2018-01-29 03:37:00,-89.4319778628
2018-01-29 03:38:00,-89.4319778628
2018-01-29 03:39:00,-89.4319778628
2018-01-29 03:40:00,-89.4319778628
2018-01-29 03:41:00,-89.4319778628
2018-01-29 03:42:00,-89.4319778628
2018-01-29 03:43:00,-89.4319778628
2018-01-29 03:44:00,-89.4319778628
2018-01-29 03:45:00,-89.4319778628
2018-01-29 03:46:00,-89.4319778628
2018-01-29 03:47:00,-89.4319778628
2018-01-29 03:48:00,-89.4319778628
2018-01-29 03:49:00,-89.4319778628
2018-01-29 03:50:00,-89.4319778628
2018-01-29 03:51:00,-89.4319778628
2018-01-29 03:52:00,-89.4319778628
2018-01-29 03:53:00,-89.4319778628
2018-01-29 03:54:00,-89.4319778628
2018-01-29 03:55:00,-89.4319778628
2018-01-29 03:56:00,-89.4319778628
2018-01-29 03:57:00,-89.4319778628
2018-01-29 03:58:00,-89.4319778628
2018-01-29 03:59:00,-99.4053001628
2018-01-29 04:00:00,-109.378622463
2018-01-29 04:01:00,-109.378622463
2018-01-29 04:02:00,-109.378622463
2018-01-29 04:03:00,-109.378622463
2018-01-29 04:04:00,-109.378622463
2018-01-29 04:05:00,-109.378622463
2018-01-29 04:06:00,-89.4319778628
2018-01-29 04:07:00,-89.4319778628
2018-01-29 04:08:00,-89.4319778628
2018-01-29 04:09:00,-109.378622463
2018-01-29 04:10:00,-109.378622463
2018-01-29 04:11:00,-109.378622463
2018-01-29 04:12:00,-109.378622463
2018-01-29 04:13:00,-99.4053001628
2018-01-29 04:14:00,-109.378622463
2018-01-29 04:15:00,-99.4053001628
2018-01-29 04:16:00,-99.4053001628
2018-01-29 04:17:00,-109.378622463
2018-01-29 04:18:00,-109.378622463
2018-01-29 04:19:00,-109.378622463
2018-01-29 04:20:00,-109.378622463
2018-01-29 04:21:00,-109.378622463
2018-01-29 04:22:00,-109.378622463
2018-01-29 04:23:00,-109.378622463
2018-01-29 04:24:00,-109.378622463
2018-01-29 04:25:00,-109.378622463
2018-01-29 04:26:00,-109.378622463
2018-01-29 04:27:00,-109.378622463
2018-01-29 04:28:00,-109.378622463
2018-01-29 04:29:00,-109.378622463
2018-01-29 04:30:00,-109.378622463
2018-01-29 04:31:00,-109.378622463
2018-01-29 04:32:00,-109.378622463
2018-01-29 04:33:00,-99.4053001628
2018-01-29 04:34:00,-99.4053001628
2018-01-29 04:35:00,-89.4319778628
2018-01-29 04:36:00,-69.4853332628
2018-01-29 04:37:00,-69.4853332628
2018-01-29 04:38:00,-69.4853332628
2018-01-29 04:39:00,-79.4586555628
2018-01-29 04:40:00,-69.4853332628
2018-01-29 04:41:00,-69.4853332628
2018-01-29 04:42:00,-79.4586555628
2018-01-29 04:43:00,-89.4319778628
2018-01-29 04:44:00,-79.4586555628
2018-01-29 04:45:00,-79.4586555628
2018-01-29 04:46:00,-79.4586555628
2018-01-29 04:47:00,-89.4319778628
2018-01-29 04:48:00,-89.4319778628
2018-01-29 04:49:00,-89.4319778628
2018-01-29 04:50:00,-89.4319778628
2018-01-29 04:51:00,-89.4319778628
2018-01-29 04:52:00,-99.4053001628
2018-01-29 04:53:00,-99.4053001628
2018-01-29 04:54:00,-99.4053001628
2018-01-29 04:55:00,-99.4053001628
2018-01-29 04:56:00,-99.4053001628
2018-01-29 04:57:00,-99.4053001628
2018-01-29 04:58:00,-89.4319778628
2018-01-29 04:59:00,-79.4586555628
2018-01-29 05:00:00,-79.4586555628
2018-01-29 05:01:00,-89.4319778628
2018-01-29 05:02:00,-89.4319778628
2018-01-29 05:03:00,-89.4319778628
2018-01-29 05:04:00,-89.4319778628
2018-01-29 05:05:00,-89.4319778628
2018-01-29 05:06:00,-89.4319778628
2018-01-29 05:07:00,-109.378622463
2018-01-29 05:08:00,-109.378622463
2018-01-29 05:09:00,-109.378622463
2018-01-29 05:10:00,-89.4319778628
2018-01-29 05:11:00,-89.4319778628
2018-01-29 05:12:00,-89.4319778628
2018-01-29 05:13:00,-89.4319778628
2018-01-29 05:14:00,-89.4319778628
2018-01-29 05:15:00,-89.4319778628
2018-01-29 05:16:00,-89.4319778628
2018-01-29 05:17:00,-89.4319778628
2018-01-29 05:18:00,-89.4319778628
2018-01-29 05:19:00,-89.4319778628
2018-01-29 05:20:00,-89.4319778628
2018-01-29 05:21:00,-89.4319778628
2018-01-29 05:22:00,-79.4586555628
2018-01-29 05:23:00,-89.4319778628
2018-01-29 05:24:00,-89.4319778628
2018-01-29 05:25:00,-89.4319778628
2018-01-29 05:26:00,-99.4053001628
2018-01-29 05:27:00,-99.4053001628
2018-01-29 05:28:00,-89.4319778628
2018-01-29 05:29:00,-89.4319778628
2018-01-29 05:30:00,-89.4319778628
2018-01-29 05:31:00,-89.4319778628
2018-01-29 05:32:00,-89.4319778628
2018-01-29 05:33:00,-89.4319778628
2018-01-29 05:34:00,-89.4319778628
2018-01-29 05:35:00,-89.4319778628
2018-01-29 05:36:00,-89.4319778628
2018-01-29 05:37:00,-89.4319778628
2018-01-29 05:38:00,-79.4586555628
2018-01-29 05:39:00,-79.4586555628
2018-01-29 05:40:00,-89.4319778628
2018-01-29 05:41:00,-89.4319778628
2018-01-29 05:42:00,-89.4319778628
2018-01-29 05:43:00,-89.4319778628
2018-01-29 05:44:00,-69.4853332628
2018-01-29 05:45:00,-69.4853332628
2018-01-29 05:46:00,-59.5120109628
2018-01-29 05:47:00,-59.5120109628
2018-01-29 05:48:00,-59.5120109628
2018-01-29 05:49:00,-49.5386886628
2018-01-29 05:50:00,-49.5386886628
2018-01-29 05:51:00,-49.5386886628
2018-01-29 05:52:00,-49.5386886628
2018-01-29 05:53:00,-49.5386886628
2018-01-29 05:54:00,-49.5386886628
2018-01-29 05:55:00,-39.5653663628
2018-01-29 05:56:00,-49.5386886628
2018-01-29 05:57:00,-49.5386886628
2018-01-29 05:58:00,-49.5386886628
2018-01-29 05:59:00,-39.5653663628
2018-01-29 06:00:00,-39.5653663628
2018-01-29 06:01:00,-39.5653663628
2018-01-29 06:02:00,-39.5653663628
2018-01-29 06:03:00,-39.5653663628
2018-01-29 06:04:00,-39.5653663628
2018-01-29 06:05:00,-39.5653663628
2018-01-29 06:06:00,-39.5653663628
2018-01-29 06:07:00,-39.5653663628
2018-01-29 06:08:00,-39.5653663628
2018-01-29 06:09:00,-39.5653663628
2018-01-29 06:10:00,-39.5653663628
2018-01-29 06:11:00,-39.5653663628
2018-01-29 06:12:00,-39.5653663628
2018-01-29 06:13:00,-39.5653663628
2018-01-29 06:14:00,-39.5653663628
2018-01-29 06:15:00,-39.5653663628
2018-01-29 06:16:00,-39.5653663628
2018-01-29 06:17:00,-39.5653663628
2018-01-29 06:18:00,-39.5653663628
2018-01-29 06:19:00,-39.5653663628
2018-01-29 06:20:00,-39.5653663628
2018-01-29 06:21:00,-49.5386886628
2018-01-29 06:22:00,-49.5386886628
2018-01-29 06:23:00,-49.5386886628
2018-01-29 06:24:00,-39.5653663628
2018-01-29 06:25:00,-39.5653663628
2018-01-29 06:26:00,-39.5653663628
2018-01-29 06:27:00,-39.5653663628
2018-01-29 06:28:00,-49.5386886628
2018-01-29 06:29:00,-49.5386886628
2018-01-29 06:30:00,-49.5386886628
2018-01-29 06:31:00,-59.5120109628
2018-01-29 06:32:00,-69.4853332628
2018-01-29 06:33:00,-79.4586555628
2018-01-29 06:34:00,-69.4853332628
2018-01-29 06:35:00,-69.4853332628
2018-01-29 06:36:00,-69.4853332628
2018-01-29 06:37:00,-69.4853332628
2018-01-29 06:38:00,-59.5120109628
2018-01-29 06:39:00,-59.5120109628
2018-01-29 06:40:00,-59.5120109628
2018-01-29 06:41:00,-59.5120109628
2018-01-29 06:42:00,-59.5120109628
2018-01-29 06:43:00,-59.5120109628
2018-01-29 06:44:00,-39.5653663628
2018-01-29 06:45:00,-49.5386886628
2018-01-29 06:46:00,-49.5386886628
2018-01-29 06:47:00,-49.5386886628
2018-01-29 06:48:00,-49.5386886628
2018-01-29 06:49:00,-59.5120109628
2018-01-29 06:50:00,-59.5120109628
2018-01-29 06:51:00,-59.5120109628
2018-01-29 06:52:00,-79.4586555628
2018-01-29 06:53:00,-79.4586555628
2018-01-29 06:54:00,-79.4586555628
2018-01-29 06:55:00,-79.4586555628
2018-01-29 06:56:00,-89.4319778628
2018-01-29 06:57:00,-79.4586555628
2018-01-29 06:58:00,-69.4853332628
2018-01-29 06:59:00,-59.5120109628
2018-01-29 07:00:00,-69.4853332628
2018-01-29 07:01:00,-69.4853332628
2018-01-29 07:02:00,-69.4853332628
2018-01-29 07:03:00,-79.4586555628
2018-01-29 07:04:00,-79.4586555628
2018-01-29 07:05:00,-69.4853332628
2018-01-29 07:06:00,-89.4319778628
2018-01-29 07:07:00,-69.4853332628
2018-01-29 07:08:00,-69.4853332628
2018-01-29 07:09:00,-69.4853332628
2018-01-29 07:10:00,-89.4319778628
2018-01-29 07:11:00,-89.4319778628
2018-01-29 07:12:00,-89.4319778628
2018-01-29 07:13:00,-89.4319778628
2018-01-29 07:14:00,-89.4319778628
2018-01-29 07:15:00,-89.4319778628
2018-01-29 07:16:00,-89.4319778628
2018-01-29 07:17:00,-89.4319778628
2018-01-29 07:18:00,-89.4319778628
2018-01-29 07:19:00,-89.4319778628
2018-01-29 07:20:00,-89.4319778628
2018-01-29 07:21:00,-89.4319778628
2018-01-29 07:22:00,-99.4053001628
2018-01-29 07:23:00,-99.4053001628
2018-01-29 07:24:00,-89.4319778628
2018-01-29 07:25:00,-89.4319778628
2018-01-29 07:26:00,-89.4319778628
2018-01-29 07:27:00,-89.4319778628
2018-01-29 07:28:00,-89.4319778628
2018-01-29 07:29:00,-89.4319778628
2018-01-29 07:30:00,-69.4853332628
2018-01-29 07:31:00,-69.4853332628
2018-01-29 07:32:00,-49.5386886628
2018-01-29 07:33:00,-69.4853332628
2018-01-29 07:34:00,-59.5120109628
2018-01-29 07:35:00,-69.4853332628
2018-01-29 07:36:00,-69.4853332628
2018-01-29 07:37:00,-49.5386886628
2018-01-29 07:38:00,-49.5386886628
2018-01-29 07:39:00,-49.5386886628
2018-01-29 07:40:00,-39.5653663628
2018-01-29 07:41:00,-49.5386886628
2018-01-29 07:42:00,-49.5386886628
2018-01-29 07:43:00,-49.5386886628
2018-01-29 07:44:00,-39.5653663628
2018-01-29 07:45:00,-39.5653663628
2018-01-29 07:46:00,-49.5386886628
2018-01-29 07:47:00,-49.5386886628
2018-01-29 07:48:00,-49.5386886628
2018-01-29 07:49:00,-49.5386886628
2018-01-29 07:50:00,-39.5653663628
2018-01-29 07:51:00,-39.5653663628
2018-01-29 07:52:00,-39.5653663628
2018-01-29 07:53:00,-59.5120109628
2018-01-29 07:54:00,-59.5120109628
2018-01-29 07:55:00,-49.5386886628
2018-01-29 07:56:00,-49.5386886628
2018-01-29 07:57:00,-49.5386886628
2018-01-29 07:58:00,-49.5386886628
2018-01-29 07:59:00,-39.5653663628
2018-01-29 08:00:00,-49.5386886628
2018-01-29 08:01:00,-49.5386886628
2018-01-29 08:02:00,-39.5653663628
2018-01-29 08:03:00,-39.5653663628
2018-01-29 08:04:00,-49.5386886628
2018-01-29 08:05:00,-49.5386886628
2018-01-29 08:06:00,-39.5653663628
2018-01-29 08:07:00,-39.5653663628
2018-01-29 08:08:00,-39.5653663628
2018-01-29 08:09:00,-39.5653663628
2018-01-29 08:10:00,-39.5653663628
2018-01-29 08:11:00,-39.5653663628
2018-01-29 08:12:00,-39.5653663628
2018-01-29 08:13:00,-49.5386886628
2018-01-29 08:14:00,-49.5386886628
2018-01-29 08:15:00,-49.5386886628
2018-01-29 08:16:00,-49.5386886628
2018-01-29 08:17:00,-39.5653663628
2018-01-29 08:18:00,-49.5386886628
2018-01-29 08:19:00,-49.5386886628
2018-01-29 08:20:00,-49.5386886628
2018-01-29 08:21:00,-49.5386886628
2018-01-29 08:22:00,-39.5653663628
2018-01-29 08:23:00,-39.5653663628
2018-01-29 08:24:00,-39.5653663628
2018-01-29 08:25:00,-39.5653663628
2018-01-29 08:26:00,-39.5653663628
2018-01-29 08:27:00,-29.5920440628
2018-01-29 08:28:00,0.327922837224
2018-01-29 08:29:00,-9.64539946278
2018-01-29 08:30:00,-29.5920440628
2018-01-29 08:31:00,-9.64539946278
2018-01-29 08:32:00,-9.64539946278
2018-01-29 08:33:00,-9.64539946278
2018-01-29 08:34:00,-9.64539946278
2018-01-29 08:35:00,-9.64539946278
2018-01-29 08:36:00,-9.64539946278
2018-01-29 08:37:00,-19.6187217628
2018-01-29 08:38:00,-19.6187217628
2018-01-29 08:39:00,-19.6187217628
2018-01-29 08:40:00,-19.6187217628
2018-01-29 08:41:00,-19.6187217628
2018-01-29 08:42:00,-19.6187217628
2018-01-29 08:43:00,-19.6187217628
2018-01-29 08:44:00,-19.6187217628
2018-01-29 08:45:00,-19.6187217628
2018-01-29 08:46:00,-19.6187217628
2018-01-29 08:47:00,-19.6187217628
2018-01-29 08:48:00,-19.6187217628
2018-01-29 08:49:00,-19.6187217628
2018-01-29 08:50:00,-19.6187217628
2018-01-29 08:51:00,-19.6187217628
2018-01-29 08:52:00,-19.6187217628
2018-01-29 08:53:00,-19.6187217628
2018-01-29 08:54:00,-19.6187217628
2018-01-29 08:55:00,-19.6187217628
2018-01-29 08:56:00,-19.6187217628
2018-01-29 08:57:00,-19.6187217628
2018-01-29 08:58:00,-19.6187217628
2018-01-29 08:59:00,-19.6187217628
2018-01-29 09:00:00,-9.64539946278
2018-01-29 09:01:00,-9.64539946278
2018-01-29 09:02:00,-9.64539946278
2018-01-29 09:03:00,-9.64539946278
2018-01-29 09:04:00,-9.64539946278
2018-01-29 09:05:00,-9.64539946278
2018-01-29 09:06:00,-19.6187217628
2018-01-29 09:07:00,-19.6187217628
2018-01-29 09:08:00,-19.6187217628
2018-01-29 09:09:00,-29.5920440628
2018-01-29 09:10:00,-29.5920440628
2018-01-29 09:11:00,-39.5653663628
2018-01-29 09:12:00,-39.5653663628
2018-01-29 09:13:00,-29.5920440628
2018-01-29 09:14:00,-29.5920440628
2018-01-29 09:15:00,-29.5920440628
2018-01-29 09:16:00,-39.5653663628
2018-01-29 09:17:00,-29.5920440628
2018-01-29 09:18:00,-29.5920440628
2018-01-29 09:19:00,-39.5653663628
2018-01-29 09:20:00,-29.5920440628
2018-01-29 09:21:00,-29.5920440628
2018-01-29 09:22:00,-29.5920440628
2018-01-29 09:23:00,-29.5920440628
2018-01-29 09:24:00,-29.5920440628
2018-01-29 09:25:00,-39.5653663628
2018-01-29 09:26:00,-59.5120109628
2018-01-29 09:27:00,-59.5120109628
2018-01-29 09:28:00,-59.5120109628
2018-01-29 09:29:00,-59.5120109628
2018-01-29 09:30:00,-39.5653663628
2018-01-29 09:31:00,-39.5653663628
2018-01-29 09:32:00,-49.5386886628
2018-01-29 09:33:00,-59.5120109628
2018-01-29 09:34:00,-69.4853332628
2018-01-29 09:35:00,-69.4853332628
2018-01-29 09:36:00,-69.4853332628
2018-01-29 09:37:00,-59.5120109628
2018-01-29 09:38:00,-49.5386886628
2018-01-29 09:39:00,-39.5653663628
2018-01-29 09:40:00,-39.5653663628
2018-01-29 09:41:00,-39.5653663628
2018-01-29 09:42:00,-39.5653663628
2018-01-29 09:43:00,-9.64539946278
2018-01-29 09:44:00,-9.64539946278
2018-01-29 09:45:00,-9.64539946278
2018-01-29 09:46:00,0.327922837224
2018-01-29 09:47:00,0.327922837224
2018-01-29 09:48:00,0.327922837224
2018-01-29 09:49:00,0.327922837224
2018-01-29 09:50:00,0.327922837224
2018-01-29 09:51:00,0.327922837224
2018-01-29 09:52:00,-9.64539946278
2018-01-29 09:53:00,-9.64539946278
2018-01-29 09:54:00,0.327922837224
2018-01-29 09:55:00,0.327922837224
2018-01-29 09:56:00,0.327922837224
2018-01-29 09:57:00,0.327922837224
2018-01-29 09:58:00,0.327922837224
2018-01-29 09:59:00,0.327922837224
2018-01-29 10:00:00,0.327922837224
2018-01-29 10:01:00,0.327922837224
2018-01-29 10:02:00,0.327922837224
2018-01-29 10:03:00,0.327922837224
2018-01-29 10:04:00,0.327922837224
2018-01-29 10:05:00,0.327922837224
2018-01-29 10:06:00,0.327922837224
2018-01-29 10:07:00,0.327922837224
2018-01-29 10:08:00,-19.6187217628
2018-01-29 10:09:00,0.327922837224
2018-01-29 10:10:00,0.327922837224
2018-01-29 10:11:00,0.327922837224
2018-01-29 10:12:00,0.327922837224
2018-01-29 10:13:00,0.327922837224
2018-01-29 10:14:00,0.327922837224
2018-01-29 10:15:00,0.327922837224
2018-01-29 10:16:00,0.327922837224
2018-01-29 10:17:00,0.327922837224
2018-01-29 10:18:00,30.2478897372
2018-01-29 10:19:00,20.2745674372
2018-01-29 10:20:00,10.3012451372
2018-01-29 10:21:00,10.3012451372
2018-01-29 10:22:00,10.3012451372
2018-01-29 10:23:00,20.2745674372
2018-01-29 10:24:00,30.2478897372
2018-01-29 10:25:00,40.2212120372
2018-01-29 10:26:00,30.2478897372
2018-01-29 10:27:00,30.2478897372
2018-01-29 10:28:00,30.2478897372
2018-01-29 10:29:00,30.2478897372
2018-01-29 10:30:00,30.2478897372
2018-01-29 10:31:00,20.2745674372
2018-01-29 10:32:00,20.2745674372
2018-01-29 10:33:00,20.2745674372
2018-01-29 10:34:00,20.2745674372
2018-01-29 10:35:00,20.2745674372
2018-01-29 10:36:00,20.2745674372
2018-01-29 10:37:00,20.2745674372
2018-01-29 10:38:00,20.2745674372
2018-01-29 10:39:00,20.2745674372
2018-01-29 10:40:00,0.327922837224
2018-01-29 10:41:00,0.327922837224
2018-01-29 10:42:00,20.2745674372
2018-01-29 10:43:00,10.3012451372
2018-01-29 10:44:00,0.327922837224
2018-01-29 10:45:00,0.327922837224
2018-01-29 10:46:00,10.3012451372
2018-01-29 10:47:00,10.3012451372
2018-01-29 10:48:00,10.3012451372
2018-01-29 10:49:00,10.3012451372
2018-01-29 10:50:00,20.2745674372
2018-01-29 10:51:00,20.2745674372
2018-01-29 10:52:00,40.2212120372
2018-01-29 10:53:00,50.1945343372
2018-01-29 10:54:00,50.1945343372
2018-01-29 10:55:00,40.2212120372
2018-01-29 10:56:00,40.2212120372
2018-01-29 10:57:00,40.2212120372
2018-01-29 10:58:00,40.2212120372
2018-01-29 10:59:00,30.2478897372
2018-01-29 11:00:00,40.2212120372
2018-01-29 11:01:00,40.2212120372
2018-01-29 11:02:00,40.2212120372
2018-01-29 11:03:00,30.2478897372
2018-01-29 11:04:00,80.1145012372
2018-01-29 11:05:00,70.1411789372
2018-01-29 11:06:00,70.1411789372
2018-01-29 11:07:00,80.1145012372
2018-01-29 11:08:00,80.1145012372
2018-01-29 11:09:00,80.1145012372
2018-01-29 11:10:00,80.1145012372
2018-01-29 11:11:00,80.1145012372
2018-01-29 11:12:00,100.061145837
2018-01-29 11:13:00,100.061145837
2018-01-29 11:14:00,100.061145837
2018-01-29 11:15:00,100.061145837
2018-01-29 11:16:00,100.061145837
2018-01-29 11:17:00,100.061145837
2018-01-29 11:18:00,100.061145837
2018-01-29 11:19:00,100.061145837
2018-01-29 11:20:00,100.061145837
2018-01-29 11:21:00,100.061145837
2018-01-29 11:22:00,100.061145837
2018-01-29 11:23:00,100.061145837
2018-01-29 11:24:00,100.061145837
2018-01-29 11:25:00,100.061145837
2018-01-29 11:26:00,100.061145837
2018-01-29 11:27:00,100.061145837
2018-01-29 11:28:00,120.007790437
2018-01-29 11:29:00,129.981112737
2018-01-29 11:30:00,129.981112737
2018-01-29 11:31:00,120.007790437
2018-01-29 11:32:00,120.007790437
2018-01-29 11:33:00,120.007790437
2018-01-29 11:34:00,120.007790437
2018-01-29 11:35:00,120.007790437
2018-01-29 11:36:00,120.007790437
2018-01-29 11:37:00,120.007790437
2018-01-29 11:38:00,120.007790437
2018-01-29 11:39:00,120.007790437
2018-01-29 11:40:00,110.034468137
2018-01-29 11:41:00,80.1145012372
2018-01-29 11:42:00,80.1145012372
2018-01-29 11:43:00,80.1145012372
2018-01-29 11:44:00,80.1145012372
2018-01-29 11:45:00,110.034468137
2018-01-29 11:46:00,110.034468137
2018-01-29 11:47:00,110.034468137
2018-01-29 11:48:00,90.0878235372
2018-01-29 11:49:00,90.0878235372
2018-01-29 11:50:00,100.061145837
2018-01-29 11:51:00,90.0878235372
2018-01-29 11:52:00,90.0878235372
2018-01-29 11:53:00,90.0878235372
2018-01-29 11:54:00,90.0878235372
2018-01-29 11:55:00,80.1145012372
2018-01-29 11:56:00,80.1145012372
2018-01-29 11:57:00,80.1145012372
2018-01-29 11:58:00,80.1145012372
2018-01-29 11:59:00,80.1145012372
2018-01-30 01:29:00,70.1411789372
2018-01-30 01:30:00,70.1411789372
2018-01-30 01:31:00,70.1411789372
2018-01-30 01:32:00,70.1411789372
2018-01-30 01:33:00,70.1411789372
2018-01-30 01:34:00,80.1145012372
2018-01-30 01:35:00,80.1145012372
2018-01-30 01:36:00,80.1145012372
2018-01-30 01:37:00,80.1145012372
2018-01-30 01:38:00,120.007790437
2018-01-30 01:39:00,120.007790437
2018-01-30 01:40:00,110.034468137
2018-01-30 01:41:00,110.034468137
2018-01-30 01:42:00,110.034468137
2018-01-30 01:43:00,120.007790437
2018-01-30 01:44:00,120.007790437
2018-01-30 01:45:00,120.007790437
2018-01-30 01:46:00,120.007790437
2018-01-30 01:47:00,120.007790437
2018-01-30 01:48:00,120.007790437
2018-01-30 01:49:00,120.007790437
2018-01-30 01:50:00,120.007790437
2018-01-30 01:51:00,120.007790437
2018-01-30 01:52:00,120.007790437
2018-01-30 01:53:00,120.007790437
2018-01-30 01:54:00,120.007790437
2018-01-30 01:55:00,120.007790437
2018-01-30 01:56:00,110.034468137
2018-01-30 01:57:00,110.034468137
2018-01-30 01:58:00,120.007790437
2018-01-30 01:59:00,120.007790437
2018-01-30 02:00:00,169.874401937
2018-01-30 02:01:00,189.821046537
2018-01-30 02:02:00,199.794368837
2018-01-30 02:03:00,199.794368837
2018-01-30 02:04:00,199.794368837
2018-01-30 02:05:00,199.794368837
2018-01-30 02:06:00,209.767691137
2018-01-30 02:07:00,209.767691137
2018-01-30 02:08:00,209.767691137
2018-01-30 02:09:00,209.767691137
2018-01-30 02:10:00,209.767691137
2018-01-30 02:11:00,269.607624937
2018-01-30 02:12:00,259.634302637
2018-01-30 02:13:00,259.634302637
2018-01-30 02:14:00,259.634302637
2018-01-30 02:15:00,249.660980337
2018-01-30 02:16:00,239.687658037
2018-01-30 02:17:00,239.687658037
2018-01-30 02:18:00,239.687658037
2018-01-30 02:19:00,219.741013437
2018-01-30 02:20:00,219.741013437
2018-01-30 02:21:00,219.741013437
2018-01-30 02:22:00,209.767691137
2018-01-30 02:23:00,219.741013437
2018-01-30 02:24:00,219.741013437
2018-01-30 02:25:00,229.714335737
2018-01-30 02:26:00,239.687658037
2018-01-30 02:27:00,219.741013437
2018-01-30 02:28:00,209.767691137
2018-01-30 02:29:00,209.767691137
2018-01-30 02:30:00,209.767691137
2018-01-30 02:31:00,209.767691137
2018-01-30 02:32:00,209.767691137
2018-01-30 02:33:00,199.794368837
2018-01-30 02:34:00,199.794368837
2018-01-30 02:35:00,209.767691137
2018-01-30 02:36:00,189.821046537
2018-01-30 02:37:00,219.741013437
2018-01-30 02:38:00,219.741013437
2018-01-30 02:39:00,219.741013437
2018-01-30 02:40:00,219.741013437
2018-01-30 02:41:00,219.741013437
2018-01-30 02:42:00,239.687658037
2018-01-30 02:43:00,249.660980337
2018-01-30 02:44:00,249.660980337
2018-01-30 02:45:00,259.634302637
2018-01-30 02:46:00,279.580947237
2018-01-30 02:47:00,259.634302637
2018-01-30 02:48:00,259.634302637
2018-01-30 02:49:00,259.634302637
2018-01-30 02:50:00,239.687658037
2018-01-30 02:51:00,249.660980337
2018-01-30 02:52:00,259.634302637
2018-01-30 02:53:00,259.634302637
2018-01-30 02:54:00,259.634302637
2018-01-30 02:55:00,259.634302637
2018-01-30 02:56:00,239.687658037
2018-01-30 02:57:00,239.687658037
2018-01-30 02:58:00,229.714335737
2018-01-30 02:59:00,229.714335737
2018-01-30 03:00:00,229.714335737
2018-01-30 03:01:00,229.714335737
2018-01-30 03:02:00,229.714335737
2018-01-30 03:03:00,229.714335737
2018-01-30 03:04:00,249.660980337
2018-01-30 03:05:00,239.687658037
2018-01-30 03:06:00,229.714335737
2018-01-30 03:07:00,229.714335737
2018-01-30 03:08:00,249.660980337
2018-01-30 03:09:00,239.687658037
2018-01-30 03:10:00,239.687658037
2018-01-30 03:11:00,239.687658037
2018-01-30 03:12:00,259.634302637
2018-01-30 03:13:00,259.634302637
2018-01-30 03:14:00,259.634302637
2018-01-30 03:15:00,279.580947237
2018-01-30 03:16:00,279.580947237
2018-01-30 03:17:00,279.580947237
2018-01-30 03:18:00,279.580947237
2018-01-30 03:19:00,279.580947237
2018-01-30 03:20:00,259.634302637
2018-01-30 03:21:00,259.634302637
2018-01-30 03:22:00,259.634302637
2018-01-30 03:23:00,249.660980337
2018-01-30 03:24:00,249.660980337
2018-01-30 03:25:00,249.660980337
2018-01-30 03:26:00,249.660980337
2018-01-30 03:27:00,249.660980337
2018-01-30 03:28:00,279.580947237
2018-01-30 03:29:00,279.580947237
2018-01-30 03:30:00,269.607624937
2018-01-30 03:31:00,269.607624937
2018-01-30 03:32:00,269.607624937
2018-01-30 03:33:00,279.580947237
2018-01-30 03:34:00,259.634302637
2018-01-30 03:35:00,259.634302637
2018-01-30 03:36:00,269.607624937
2018-01-30 03:37:00,269.607624937
2018-01-30 03:38:00,269.607624937
2018-01-30 03:39:00,269.607624937
2018-01-30 03:40:00,259.634302637
2018-01-30 03:41:00,259.634302637
2018-01-30 03:42:00,259.634302637
2018-01-30 03:43:00,259.634302637
2018-01-30 03:44:00,259.634302637
2018-01-30 03:45:00,259.634302637
2018-01-30 03:46:00,259.634302637
2018-01-30 03:47:00,249.660980337
2018-01-30 03:48:00,239.687658037
2018-01-30 03:49:00,229.714335737
2018-01-30 03:50:00,229.714335737
2018-01-30 03:51:00,229.714335737
2018-01-30 03:52:00,229.714335737
2018-01-30 03:53:00,229.714335737
2018-01-30 03:54:00,229.714335737
2018-01-30 03:55:00,229.714335737
2018-01-30 03:56:00,229.714335737
2018-01-30 03:57:00,229.714335737
2018-01-30 03:58:00,229.714335737
2018-01-30 03:59:00,229.714335737
2018-01-30 04:00:00,229.714335737
2018-01-30 04:01:00,229.714335737
2018-01-30 04:02:00,229.714335737
2018-01-30 04:03:00,219.741013437
2018-01-30 04:04:00,209.767691137
2018-01-30 04:05:00,209.767691137
2018-01-30 04:06:00,209.767691137
2018-01-30 04:07:00,219.741013437
2018-01-30 04:08:00,229.714335737
2018-01-30 04:09:00,229.714335737
2018-01-30 04:10:00,229.714335737
2018-01-30 04:11:00,229.714335737
2018-01-30 04:12:00,229.714335737
2018-01-30 04:13:00,229.714335737
2018-01-30 04:14:00,239.687658037
2018-01-30 04:15:00,239.687658037
2018-01-30 04:16:00,229.714335737
2018-01-30 04:17:00,229.714335737
2018-01-30 04:18:00,229.714335737
2018-01-30 04:19:00,229.714335737
2018-01-30 04:20:00,229.714335737
2018-01-30 04:21:00,229.714335737
2018-01-30 04:22:00,229.714335737
2018-01-30 04:23:00,229.714335737
2018-01-30 04:24:00,229.714335737
2018-01-30 04:25:00,229.714335737
2018-01-30 04:26:00,219.741013437
2018-01-30 04:27:00,219.741013437
2018-01-30 04:28:00,219.741013437
2018-01-30 04:29:00,229.714335737
2018-01-30 04:30:00,229.714335737
2018-01-30 04:31:00,229.714335737
2018-01-30 04:32:00,239.687658037
2018-01-30 04:33:00,239.687658037
2018-01-30 04:34:00,249.660980337
2018-01-30 04:35:00,249.660980337
2018-01-30 04:36:00,249.660980337
2018-01-30 04:37:00,249.660980337
2018-01-30 04:38:00,249.660980337
2018-01-30 04:39:00,249.660980337
2018-01-30 04:40:00,259.634302637
2018-01-30 04:41:00,259.634302637
2018-01-30 04:42:00,259.634302637
2018-01-30 04:43:00,259.634302637
2018-01-30 04:44:00,259.634302637
2018-01-30 04:45:00,259.634302637
2018-01-30 04:46:00,259.634302637
2018-01-30 04:47:00,269.607624937
2018-01-30 04:48:00,269.607624937
2018-01-30 04:49:00,269.607624937
2018-01-30 04:50:00,269.607624937
2018-01-30 04:51:00,269.607624937
2018-01-30 04:52:00,269.607624937
2018-01-30 04:53:00,269.607624937
2018-01-30 04:54:00,279.580947237
2018-01-30 04:55:00,269.607624937
2018-01-30 04:56:00,269.607624937
2018-01-30 04:57:00,269.607624937
2018-01-30 04:58:00,269.607624937
2018-01-30 04:59:00,259.634302637
2018-01-30 05:00:00,259.634302637
2018-01-30 05:01:00,259.634302637
2018-01-30 05:02:00,259.634302637
2018-01-30 05:03:00,259.634302637
2018-01-30 05:04:00,269.607624937
2018-01-30 05:05:00,259.634302637
2018-01-30 05:06:00,259.634302637
2018-01-30 05:07:00,269.607624937
2018-01-30 05:08:00,269.607624937
2018-01-30 05:09:00,269.607624937
2018-01-30 05:10:00,259.634302637
2018-01-30 05:11:00,259.634302637
2018-01-30 05:12:00,259.634302637
2018-01-30 05:13:00,259.634302637
2018-01-30 05:14:00,259.634302637
2018-01-30 05:15:00,239.687658037
2018-01-30 05:16:00,239.687658037
2018-01-30 05:17:00,239.687658037
2018-01-30 05:18:00,239.687658037
2018-01-30 05:19:00,239.687658037
2018-01-30 05:20:00,249.660980337
2018-01-30 05:21:00,239.687658037
2018-01-30 05:22:00,239.687658037
2018-01-30 05:23:00,219.741013437
2018-01-30 05:24:00,239.687658037
2018-01-30 05:25:00,239.687658037
2018-01-30 05:26:00,239.687658037
2018-01-30 05:27:00,239.687658037
2018-01-30 05:28:00,239.687658037
2018-01-30 05:29:00,239.687658037
2018-01-30 05:30:00,239.687658037
2018-01-30 05:31:00,229.714335737
2018-01-30 05:32:00,229.714335737
2018-01-30 05:33:00,229.714335737
2018-01-30 05:34:00,229.714335737
2018-01-30 05:35:00,219.741013437
2018-01-30 05:36:00,229.714335737
2018-01-30 05:37:00,219.741013437
2018-01-30 05:38:00,219.741013437
2018-01-30 05:39:00,219.741013437
2018-01-30 05:40:00,219.741013437
2018-01-30 05:41:00,219.741013437
2018-01-30 05:42:00,219.741013437
2018-01-30 05:43:00,219.741013437
2018-01-30 05:44:00,219.741013437
2018-01-30 05:45:00,219.741013437
2018-01-30 05:46:00,209.767691137
2018-01-30 05:47:00,219.741013437
2018-01-30 05:48:00,219.741013437
2018-01-30 05:49:00,219.741013437
2018-01-30 05:50:00,219.741013437
2018-01-30 05:51:00,219.741013437
2018-01-30 05:52:00,219.741013437
2018-01-30 05:53:00,219.741013437
2018-01-30 05:54:00,219.741013437
2018-01-30 05:55:00,219.741013437
2018-01-30 05:56:00,219.741013437
2018-01-30 05:57:00,219.741013437
2018-01-30 05:58:00,219.741013437
2018-01-30 05:59:00,219.741013437
2018-01-30 06:00:00,219.741013437
2018-01-30 06:01:00,219.741013437
2018-01-30 06:02:00,219.741013437
2018-01-30 06:03:00,209.767691137
2018-01-30 06:04:00,209.767691137
2018-01-30 06:05:00,209.767691137
2018-01-30 06:06:00,209.767691137
2018-01-30 06:07:00,209.767691137
2018-01-30 06:08:00,209.767691137
2018-01-30 06:09:00,219.741013437
2018-01-30 06:10:00,219.741013437
2018-01-30 06:11:00,219.741013437
2018-01-30 06:12:00,219.741013437
2018-01-30 06:13:00,219.741013437
2018-01-30 06:14:00,219.741013437
2018-01-30 06:15:00,219.741013437
2018-01-30 06:16:00,219.741013437
2018-01-30 06:17:00,219.741013437
2018-01-30 06:18:00,219.741013437
2018-01-30 06:19:00,219.741013437
2018-01-30 06:20:00,219.741013437
2018-01-30 06:21:00,219.741013437
2018-01-30 06:22:00,219.741013437
2018-01-30 06:23:00,219.741013437
2018-01-30 06:24:00,219.741013437
2018-01-30 06:25:00,219.741013437
2018-01-30 06:26:00,219.741013437
2018-01-30 06:27:00,219.741013437
2018-01-30 06:28:00,219.741013437
2018-01-30 06:29:00,219.741013437
2018-01-30 06:30:00,219.741013437
2018-01-30 06:31:00,219.741013437
2018-01-30 06:32:00,219.741013437
2018-01-30 06:33:00,219.741013437
2018-01-30 06:34:00,219.741013437
2018-01-30 06:35:00,219.741013437
2018-01-30 06:36:00,219.741013437
2018-01-30 06:37:00,219.741013437
2018-01-30 06:38:00,219.741013437
2018-01-30 06:39:00,219.741013437
2018-01-30 06:40:00,209.767691137
2018-01-30 06:41:00,209.767691137
2018-01-30 06:42:00,199.794368837
2018-01-30 06:43:00,199.794368837
2018-01-30 06:44:00,219.741013437
2018-01-30 06:45:00,219.741013437
2018-01-30 06:46:00,199.794368837
2018-01-30 06:47:00,199.794368837
2018-01-30 06:48:00,199.794368837
2018-01-30 06:49:00,199.794368837
2018-01-30 06:50:00,219.741013437
2018-01-30 06:51:00,219.741013437
2018-01-30 06:52:00,219.741013437
2018-01-30 06:53:00,219.741013437
2018-01-30 06:54:00,219.741013437
2018-01-30 06:55:00,219.741013437
2018-01-30 06:56:00,219.741013437
2018-01-30 06:57:00,209.767691137
2018-01-30 06:58:00,199.794368837
2018-01-30 06:59:00,199.794368837
2018-01-30 07:00:00,219.741013437
2018-01-30 07:01:00,229.714335737
2018-01-30 07:02:00,229.714335737
2018-01-30 07:03:00,229.714335737
2018-01-30 07:04:00,219.741013437
2018-01-30 07:05:00,219.741013437
2018-01-30 07:06:00,209.767691137
2018-01-30 07:07:00,209.767691137
2018-01-30 07:08:00,199.794368837
2018-01-30 07:09:00,189.821046537
2018-01-30 07:10:00,189.821046537
2018-01-30 07:11:00,189.821046537
2018-01-30 07:12:00,179.847724237
2018-01-30 07:13:00,179.847724237
2018-01-30 07:14:00,179.847724237
2018-01-30 07:15:00,199.794368837
2018-01-30 07:16:00,189.821046537
2018-01-30 07:17:00,179.847724237
2018-01-30 07:18:00,179.847724237
2018-01-30 07:19:00,179.847724237
2018-01-30 07:20:00,179.847724237
2018-01-30 07:21:00,179.847724237
2018-01-30 07:22:00,179.847724237
2018-01-30 07:23:00,179.847724237
2018-01-30 07:24:00,199.794368837
2018-01-30 07:25:00,179.847724237
2018-01-30 07:26:00,179.847724237
2018-01-30 07:27:00,179.847724237
2018-01-30 07:28:00,179.847724237
2018-01-30 07:29:00,209.767691137
2018-01-30 07:30:00,199.794368837
2018-01-30 07:31:00,199.794368837
2018-01-30 07:32:00,199.794368837
2018-01-30 07:33:00,199.794368837
2018-01-30 07:34:00,199.794368837
2018-01-30 07:35:00,199.794368837
2018-01-30 07:36:00,199.794368837
2018-01-30 07:37:00,199.794368837
2018-01-30 07:38:00,199.794368837
2018-01-30 07:39:00,199.794368837
2018-01-30 07:40:00,199.794368837
2018-01-30 07:41:00,199.794368837
2018-01-30 07:42:00,179.847724237
2018-01-30 07:43:00,179.847724237
2018-01-30 07:44:00,179.847724237
2018-01-30 07:45:00,179.847724237
2018-01-30 07:46:00,179.847724237
2018-01-30 07:47:00,179.847724237
2018-01-30 07:48:00,179.847724237
2018-01-30 07:49:00,179.847724237
2018-01-30 07:50:00,199.794368837
2018-01-30 07:51:00,199.794368837
2018-01-30 07:52:00,199.794368837
2018-01-30 07:53:00,199.794368837
2018-01-30 07:54:00,199.794368837
2018-01-30 07:55:00,199.794368837
2018-01-30 07:56:00,199.794368837
2018-01-30 07:57:00,199.794368837
2018-01-30 07:58:00,199.794368837
2018-01-30 07:59:00,189.821046537
2018-01-30 08:00:00,189.821046537
2018-01-30 08:01:00,189.821046537
2018-01-30 08:02:00,189.821046537
2018-01-30 08:03:00,199.794368837
2018-01-30 08:04:00,199.794368837
2018-01-30 08:05:00,199.794368837
2018-01-30 08:06:00,199.794368837
2018-01-30 08:07:00,199.794368837
2018-01-30 08:08:00,199.794368837
2018-01-30 08:09:00,199.794368837
2018-01-30 08:10:00,199.794368837
2018-01-30 08:11:00,199.794368837
2018-01-30 08:12:00,199.794368837
2018-01-30 08:13:00,199.794368837
2018-01-30 08:14:00,209.767691137
2018-01-30 08:15:00,209.767691137
2018-01-30 08:16:00,209.767691137
2018-01-30 08:17:00,219.741013437
2018-01-30 08:18:00,219.741013437
2018-01-30 08:19:00,229.714335737
2018-01-30 08:20:00,219.741013437
2018-01-30 08:21:00,219.741013437
2018-01-30 08:22:00,209.767691137
2018-01-30 08:23:00,209.767691137
2018-01-30 08:24:00,199.794368837
2018-01-30 08:25:00,199.794368837
2018-01-30 08:26:00,199.794368837
2018-01-30 08:27:00,199.794368837
2018-01-30 08:28:00,199.794368837
2018-01-30 08:29:00,199.794368837
2018-01-30 08:30:00,199.794368837
2018-01-30 08:31:00,199.794368837
2018-01-30 08:32:00,199.794368837
2018-01-30 08:33:00,189.821046537
2018-01-30 08:34:00,189.821046537
2018-01-30 08:35:00,179.847724237
2018-01-30 08:36:00,179.847724237
2018-01-30 08:37:00,169.874401937
2018-01-30 08:38:00,169.874401937
2018-01-30 08:39:00,169.874401937
2018-01-30 08:40:00,169.874401937
2018-01-30 08:41:00,179.847724237
2018-01-30 08:42:00,179.847724237
2018-01-30 08:43:00,179.847724237
2018-01-30 08:44:00,159.901079637
2018-01-30 08:45:00,179.847724237
2018-01-30 08:46:00,179.847724237
2018-01-30 08:47:00,179.847724237
2018-01-30 08:48:00,179.847724237
2018-01-30 08:49:00,199.794368837
2018-01-30 08:50:00,199.794368837
2018-01-30 08:51:00,199.794368837
2018-01-30 08:52:00,199.794368837
2018-01-30 08:53:00,199.794368837
2018-01-30 08:54:00,199.794368837
2018-01-30 08:55:00,189.821046537
2018-01-30 08:56:00,199.794368837
2018-01-30 08:57:00,209.767691137
2018-01-30 08:58:00,199.794368837
2018-01-30 08:59:00,199.794368837
2018-01-30 09:00:00,199.794368837
2018-01-30 09:01:00,199.794368837
2018-01-30 09:02:00,199.794368837
2018-01-30 09:03:00,199.794368837
2018-01-30 09:04:00,199.794368837
2018-01-30 09:05:00,199.794368837
2018-01-30 09:06:00,199.794368837
2018-01-30 09:07:00,199.794368837
2018-01-30 09:08:00,219.741013437
2018-01-30 09:09:00,209.767691137
2018-01-30 09:10:00,209.767691137
2018-01-30 09:11:00,199.794368837
2018-01-30 09:12:00,199.794368837
2018-01-30 09:13:00,199.794368837
2018-01-30 09:14:00,199.794368837
2018-01-30 09:15:00,199.794368837
2018-01-30 09:16:00,199.794368837
2018-01-30 09:17:00,199.794368837
2018-01-30 09:18:00,199.794368837
2018-01-30 09:19:00,199.794368837
2018-01-30 09:20:00,199.794368837
2018-01-30 09:21:00,199.794368837
2018-01-30 09:22:00,199.794368837
2018-01-30 09:23:00,209.767691137
2018-01-30 09:24:00,209.767691137
2018-01-30 09:25:00,209.767691137
2018-01-30 09:26:00,209.767691137
2018-01-30 09:27:00,209.767691137
2018-01-30 09:28:00,199.794368837
2018-01-30 09:29:00,199.794368837
2018-01-30 09:30:00,199.794368837
2018-01-30 09:31:00,199.794368837
2018-01-30 09:32:00,199.794368837
2018-01-30 09:33:00,199.794368837
2018-01-30 09:34:00,199.794368837
2018-01-30 09:35:00,209.767691137
2018-01-30 09:36:00,199.794368837
2018-01-30 09:37:00,199.794368837
2018-01-30 09:38:00,209.767691137
2018-01-30 09:39:00,199.794368837
2018-01-30 09:40:00,199.794368837
2018-01-30 09:41:00,199.794368837
2018-01-30 09:42:00,199.794368837
2018-01-30 09:43:00,199.794368837
2018-01-30 09:44:00,199.794368837
2018-01-30 09:45:00,179.847724237
2018-01-30 09:46:00,199.794368837
2018-01-30 09:47:00,199.794368837
2018-01-30 09:48:00,199.794368837
2018-01-30 09:49:00,199.794368837
2018-01-30 09:50:00,199.794368837
2018-01-30 09:51:00,199.794368837
2018-01-30 09:52:00,199.794368837
2018-01-30 09:53:00,199.794368837
2018-01-30 09:54:00,199.794368837
2018-01-30 09:55:00,199.794368837
2018-01-30 09:56:00,179.847724237
2018-01-30 09:57:00,179.847724237
2018-01-30 09:58:00,169.874401937
2018-01-30 09:59:00,179.847724237
2018-01-30 10:00:00,169.874401937
2018-01-30 10:01:00,159.901079637
2018-01-30 10:02:00,159.901079637
2018-01-30 10:03:00,159.901079637
2018-01-30 10:04:00,159.901079637
2018-01-30 10:05:00,149.927757337
2018-01-30 10:06:00,149.927757337
2018-01-30 10:07:00,149.927757337
2018-01-30 10:08:00,149.927757337
2018-01-30 10:09:00,149.927757337
2018-01-30 10:10:00,149.927757337
2018-01-30 10:11:00,159.901079637
2018-01-30 10:12:00,159.901079637
2018-01-30 10:13:00,149.927757337
2018-01-30 10:14:00,149.927757337
2018-01-30 10:15:00,149.927757337
2018-01-30 10:16:00,149.927757337
2018-01-30 10:17:00,149.927757337
2018-01-30 10:18:00,129.981112737
2018-01-30 10:19:00,129.981112737
2018-01-30 10:20:00,129.981112737
2018-01-30 10:21:00,129.981112737
2018-01-30 10:22:00,129.981112737
2018-01-30 10:23:00,129.981112737
2018-01-30 10:24:00,129.981112737
2018-01-30 10:25:00,129.981112737
2018-01-30 10:26:00,129.981112737
2018-01-30 10:27:00,129.981112737
2018-01-30 10:28:00,129.981112737
2018-01-30 10:29:00,129.981112737
2018-01-30 10:30:00,129.981112737
2018-01-30 10:31:00,129.981112737
2018-01-30 10:32:00,129.981112737
2018-01-30 10:33:00,139.954435037
2018-01-30 10:34:00,139.954435037
2018-01-30 10:35:00,139.954435037
2018-01-30 10:36:00,139.954435037
2018-01-30 10:37:00,139.954435037
2018-01-30 10:38:00,139.954435037
2018-01-30 10:39:00,139.954435037
2018-01-30 10:40:00,149.927757337
2018-01-30 10:41:00,149.927757337
2018-01-30 10:42:00,139.954435037
2018-01-30 10:43:00,129.981112737
2018-01-30 10:44:00,129.981112737
2018-01-30 10:45:00,129.981112737
2018-01-30 10:46:00,129.981112737
2018-01-30 10:47:00,129.981112737
2018-01-30 10:48:00,129.981112737
2018-01-30 10:49:00,129.981112737
2018-01-30 10:50:00,129.981112737
2018-01-30 10:51:00,129.981112737
2018-01-30 10:52:00,129.981112737
2018-01-30 10:53:00,129.981112737
2018-01-30 10:54:00,129.981112737
2018-01-30 10:55:00,129.981112737
2018-01-30 10:56:00,110.034468137
2018-01-30 10:57:00,90.0878235372
2018-01-30 10:58:00,90.0878235372
2018-01-30 10:59:00,90.0878235372
2018-01-30 11:00:00,70.1411789372
2018-01-30 11:01:00,70.1411789372
2018-01-30 11:02:00,60.1678566372
2018-01-30 11:03:00,60.1678566372
2018-01-30 11:04:00,50.1945343372
2018-01-30 11:05:00,60.1678566372
2018-01-30 11:06:00,60.1678566372
2018-01-30 11:07:00,90.0878235372
2018-01-30 11:08:00,70.1411789372
2018-01-30 11:09:00,70.1411789372
2018-01-30 11:10:00,60.1678566372
2018-01-30 11:11:00,60.1678566372
2018-01-30 11:12:00,70.1411789372
2018-01-30 11:13:00,60.1678566372
2018-01-30 11:14:00,60.1678566372
2018-01-30 11:15:00,60.1678566372
2018-01-30 11:16:00,60.1678566372
2018-01-30 11:17:00,70.1411789372
2018-01-30 11:18:00,70.1411789372
2018-01-30 11:19:00,60.1678566372
2018-01-30 11:20:00,60.1678566372
2018-01-30 11:21:00,60.1678566372
2018-01-30 11:22:00,70.1411789372
2018-01-30 11:23:00,70.1411789372
2018-01-30 11:24:00,70.1411789372
2018-01-30 11:25:00,80.1145012372
2018-01-30 11:26:00,80.1145012372
2018-01-30 11:27:00,80.1145012372
2018-01-30 11:28:00,80.1145012372
2018-01-30 11:29:00,80.1145012372
2018-01-30 11:30:00,80.1145012372
2018-01-30 11:31:00,80.1145012372
2018-01-30 11:32:00,80.1145012372
2018-01-30 11:33:00,70.1411789372
2018-01-30 11:34:00,70.1411789372
2018-01-30 11:35:00,80.1145012372
2018-01-30 11:36:00,70.1411789372
2018-01-30 11:37:00,70.1411789372
2018-01-30 11:38:00,60.1678566372
2018-01-30 11:39:00,60.1678566372
2018-01-30 11:40:00,50.1945343372
2018-01-30 11:41:00,50.1945343372
2018-01-30 11:42:00,50.1945343372
2018-01-30 11:43:00,60.1678566372
2018-01-30 11:44:00,60.1678566372
2018-01-30 11:45:00,60.1678566372
2018-01-30 11:46:00,60.1678566372
2018-01-30 11:47:00,60.1678566372
2018-01-30 11:48:00,70.1411789372
2018-01-30 11:49:00,70.1411789372
2018-01-30 11:50:00,70.1411789372
2018-01-30 11:51:00,70.1411789372
2018-01-30 11:52:00,70.1411789372
2018-01-30 11:53:00,70.1411789372
2018-01-30 11:54:00,70.1411789372
2018-01-30 11:55:00,70.1411789372
2018-01-30 11:56:00,60.1678566372
2018-01-30 11:57:00,60.1678566372
2018-01-30 11:58:00,60.1678566372
2018-01-30 11:59:00,60.1678566372
2018-01-31 01:29:00,249.660980337
2018-01-31 01:30:00,249.660980337
2018-01-31 01:31:00,249.660980337
2018-01-31 01:32:00,249.660980337
2018-01-31 01:33:00,139.954435037
2018-01-31 01:34:00,80.1145012372
2018-01-31 01:35:00,100.061145837
2018-01-31 01:36:00,100.061145837
2018-01-31 01:37:00,100.061145837
2018-01-31 01:38:00,120.007790437
2018-01-31 01:39:00,120.007790437
2018-01-31 01:40:00,129.981112737
2018-01-31 01:41:00,139.954435037
2018-01-31 01:42:00,149.927757337
2018-01-31 01:43:00,149.927757337
2018-01-31 01:44:00,149.927757337
2018-01-31 01:45:00,149.927757337
2018-01-31 01:46:00,149.927757337
2018-01-31 01:47:00,149.927757337
2018-01-31 01:48:00,169.874401937
2018-01-31 01:49:00,169.874401937
2018-01-31 01:50:00,169.874401937
2018-01-31 01:51:00,159.901079637
2018-01-31 01:52:00,169.874401937
2018-01-31 01:53:00,169.874401937
2018-01-31 01:54:00,189.821046537
2018-01-31 01:55:00,189.821046537
2018-01-31 01:56:00,189.821046537
2018-01-31 01:57:00,189.821046537
2018-01-31 01:58:00,169.874401937
2018-01-31 01:59:00,189.821046537
2018-01-31 02:00:00,169.874401937
2018-01-31 02:01:00,159.901079637
2018-01-31 02:02:00,159.901079637
2018-01-31 02:03:00,159.901079637
2018-01-31 02:04:00,139.954435037
2018-01-31 02:05:00,139.954435037
2018-01-31 02:06:00,139.954435037
2018-01-31 02:07:00,149.927757337
2018-01-31 02:08:00,149.927757337
2018-01-31 02:09:00,149.927757337
2018-01-31 02:10:00,149.927757337
2018-01-31 02:11:00,149.927757337
2018-01-31 02:12:00,149.927757337
2018-01-31 02:13:00,149.927757337
2018-01-31 02:14:00,149.927757337
2018-01-31 02:15:00,149.927757337
2018-01-31 02:16:00,159.901079637
2018-01-31 02:17:00,169.874401937
2018-01-31 02:18:00,169.874401937
2018-01-31 02:19:00,179.847724237
2018-01-31 02:20:00,179.847724237
2018-01-31 02:21:00,189.821046537
2018-01-31 02:22:00,189.821046537
2018-01-31 02:23:00,189.821046537
2018-01-31 02:24:00,159.901079637
2018-01-31 02:25:00,169.874401937
2018-01-31 02:26:00,189.821046537
2018-01-31 02:27:00,179.847724237
2018-01-31 02:28:00,179.847724237
2018-01-31 02:29:00,169.874401937
2018-01-31 02:30:00,179.847724237
2018-01-31 02:31:00,179.847724237
2018-01-31 02:32:00,179.847724237
2018-01-31 02:33:00,179.847724237
2018-01-31 02:34:00,179.847724237
2018-01-31 02:35:00,169.874401937
2018-01-31 02:36:00,169.874401937
2018-01-31 02:37:00,159.901079637
2018-01-31 02:38:00,169.874401937
2018-01-31 02:39:00,169.874401937
2018-01-31 02:40:00,169.874401937
2018-01-31 02:41:00,169.874401937
2018-01-31 02:42:00,169.874401937
2018-01-31 02:43:00,169.874401937
2018-01-31 02:44:00,169.874401937
2018-01-31 02:45:00,169.874401937
2018-01-31 02:46:00,169.874401937
2018-01-31 02:47:00,139.954435037
2018-01-31 02:48:00,139.954435037
2018-01-31 02:49:00,139.954435037
2018-01-31 02:50:00,149.927757337
2018-01-31 02:51:00,149.927757337
2018-01-31 02:52:00,149.927757337
2018-01-31 02:53:00,149.927757337
2018-01-31 02:54:00,149.927757337
2018-01-31 02:55:00,139.954435037
2018-01-31 02:56:00,139.954435037
2018-01-31 02:57:00,139.954435037
2018-01-31 02:58:00,139.954435037
2018-01-31 02:59:00,139.954435037
2018-01-31 03:00:00,139.954435037
2018-01-31 03:01:00,139.954435037
2018-01-31 03:02:00,139.954435037
2018-01-31 03:03:00,139.954435037
2018-01-31 03:04:00,139.954435037
2018-01-31 03:05:00,139.954435037
2018-01-31 03:06:00,149.927757337
2018-01-31 03:07:00,139.954435037
2018-01-31 03:08:00,139.954435037
2018-01-31 03:09:00,139.954435037
2018-01-31 03:10:00,139.954435037
2018-01-31 03:11:00,139.954435037
2018-01-31 03:12:00,139.954435037
2018-01-31 03:13:00,139.954435037
2018-01-31 03:14:00,139.954435037
2018-01-31 03:15:00,139.954435037
2018-01-31 03:16:00,139.954435037
2018-01-31 03:17:00,139.954435037
2018-01-31 03:18:00,139.954435037
2018-01-31 03:19:00,139.954435037
2018-01-31 03:20:00,149.927757337
2018-01-31 03:21:00,149.927757337
2018-01-31 03:22:00,149.927757337
2018-01-31 03:23:00,149.927757337
2018-01-31 03:24:00,129.981112737
2018-01-31 03:25:00,129.981112737
2018-01-31 03:26:00,129.981112737
2018-01-31 03:27:00,129.981112737
2018-01-31 03:28:00,129.981112737
2018-01-31 03:29:00,129.981112737
2018-01-31 03:30:00,129.981112737
2018-01-31 03:31:00,129.981112737
2018-01-31 03:32:00,129.981112737
2018-01-31 03:33:00,139.954435037
2018-01-31 03:34:00,139.954435037
2018-01-31 03:35:00,139.954435037
2018-01-31 03:36:00,149.927757337
2018-01-31 03:37:00,129.981112737
2018-01-31 03:38:00,149.927757337
2018-01-31 03:39:00,149.927757337
2018-01-31 03:40:00,139.954435037
2018-01-31 03:41:00,139.954435037
2018-01-31 03:42:00,149.927757337
2018-01-31 03:43:00,149.927757337
2018-01-31 03:44:00,149.927757337
2018-01-31 03:45:00,149.927757337
2018-01-31 03:46:00,159.901079637
2018-01-31 03:47:00,129.981112737
2018-01-31 03:48:00,129.981112737
2018-01-31 03:49:00,139.954435037
2018-01-31 03:50:00,149.927757337
2018-01-31 03:51:00,159.901079637
2018-01-31 03:52:00,169.874401937
2018-01-31 03:53:00,149.927757337
2018-01-31 03:54:00,149.927757337
2018-01-31 03:55:00,149.927757337
2018-01-31 03:56:00,149.927757337
2018-01-31 03:57:00,149.927757337
2018-01-31 03:58:00,149.927757337
2018-01-31 03:59:00,149.927757337
2018-01-31 04:00:00,139.954435037
2018-01-31 04:01:00,139.954435037
2018-01-31 04:02:00,139.954435037
2018-01-31 04:03:00,139.954435037
2018-01-31 04:04:00,139.954435037
2018-01-31 04:05:00,139.954435037
2018-01-31 04:06:00,159.901079637
2018-01-31 04:07:00,159.901079637
2018-01-31 04:08:00,149.927757337
2018-01-31 04:09:00,159.901079637
2018-01-31 04:10:00,159.901079637
2018-01-31 04:11:00,149.927757337
2018-01-31 04:12:00,149.927757337
2018-01-31 04:13:00,149.927757337
2018-01-31 04:14:00,159.901079637
2018-01-31 04:15:00,159.901079637
2018-01-31 04:16:00,139.954435037
2018-01-31 04:17:00,139.954435037
2018-01-31 04:18:00,139.954435037
2018-01-31 04:19:00,129.981112737
2018-01-31 04:20:00,129.981112737
2018-01-31 04:21:00,129.981112737
2018-01-31 04:22:00,129.981112737
2018-01-31 04:23:00,129.981112737
2018-01-31 04:24:00,129.981112737
2018-01-31 04:25:00,120.007790437
2018-01-31 04:26:00,120.007790437
2018-01-31 04:27:00,120.007790437
2018-01-31 04:28:00,139.954435037
2018-01-31 04:29:00,129.981112737
2018-01-31 04:30:00,129.981112737
2018-01-31 04:31:00,129.981112737
2018-01-31 04:32:00,129.981112737
2018-01-31 04:33:00,129.981112737
2018-01-31 04:34:00,129.981112737
2018-01-31 04:35:00,139.954435037
2018-01-31 04:36:00,139.954435037
2018-01-31 04:37:00,139.954435037
2018-01-31 04:38:00,139.954435037
2018-01-31 04:39:00,139.954435037
2018-01-31 04:40:00,139.954435037
2018-01-31 04:41:00,139.954435037
2018-01-31 04:42:00,139.954435037
2018-01-31 04:43:00,120.007790437
2018-01-31 04:44:00,120.007790437
2018-01-31 04:45:00,120.007790437
2018-01-31 04:46:00,139.954435037
2018-01-31 04:47:00,139.954435037
2018-01-31 04:48:00,120.007790437
2018-01-31 04:49:00,120.007790437
2018-01-31 04:50:00,120.007790437
2018-01-31 04:51:00,120.007790437
2018-01-31 04:52:00,120.007790437
2018-01-31 04:53:00,120.007790437
2018-01-31 04:54:00,120.007790437
2018-01-31 04:55:00,120.007790437
2018-01-31 04:56:00,120.007790437
2018-01-31 04:57:00,120.007790437
2018-01-31 04:58:00,120.007790437
2018-01-31 04:59:00,120.007790437
2018-01-31 05:00:00,120.007790437
2018-01-31 05:01:00,120.007790437
2018-01-31 05:02:00,120.007790437
2018-01-31 05:03:00,120.007790437
2018-01-31 05:04:00,120.007790437
2018-01-31 05:05:00,120.007790437
2018-01-31 05:06:00,120.007790437
2018-01-31 05:07:00,120.007790437
2018-01-31 05:08:00,120.007790437
2018-01-31 05:09:00,120.007790437
2018-01-31 05:10:00,120.007790437
2018-01-31 05:11:00,120.007790437
2018-01-31 05:12:00,120.007790437
2018-01-31 05:13:00,120.007790437
2018-01-31 05:14:00,120.007790437
2018-01-31 05:15:00,120.007790437
2018-01-31 05:16:00,120.007790437
2018-01-31 05:17:00,120.007790437
2018-01-31 05:18:00,120.007790437
2018-01-31 05:19:00,120.007790437
2018-01-31 05:20:00,120.007790437
2018-01-31 05:21:00,120.007790437
2018-01-31 05:22:00,120.007790437
2018-01-31 05:23:00,120.007790437
2018-01-31 05:24:00,120.007790437
2018-01-31 05:25:00,120.007790437
2018-01-31 05:26:00,120.007790437
2018-01-31 05:27:00,120.007790437
2018-01-31 05:28:00,120.007790437
2018-01-31 05:29:00,120.007790437
2018-01-31 05:30:00,129.981112737
2018-01-31 05:31:00,129.981112737
2018-01-31 05:32:00,129.981112737
2018-01-31 05:33:00,139.954435037
2018-01-31 05:34:00,139.954435037
2018-01-31 05:35:00,139.954435037
2018-01-31 05:36:00,139.954435037
2018-01-31 05:37:00,149.927757337
2018-01-31 05:38:00,149.927757337
2018-01-31 05:39:00,129.981112737
2018-01-31 05:40:00,129.981112737
2018-01-31 05:41:00,120.007790437
2018-01-31 05:42:00,120.007790437
2018-01-31 05:43:00,120.007790437
2018-01-31 05:44:00,120.007790437
2018-01-31 05:45:00,120.007790437
2018-01-31 05:46:00,120.007790437
2018-01-31 05:47:00,120.007790437
2018-01-31 05:48:00,120.007790437
2018-01-31 05:49:00,120.007790437
2018-01-31 05:50:00,120.007790437
2018-01-31 05:51:00,120.007790437
2018-01-31 05:52:00,110.034468137
2018-01-31 05:53:00,110.034468137
2018-01-31 05:54:00,110.034468137
2018-01-31 05:55:00,110.034468137
2018-01-31 05:56:00,120.007790437
2018-01-31 05:57:00,120.007790437
2018-01-31 05:58:00,120.007790437
2018-01-31 05:59:00,110.034468137
2018-01-31 06:00:00,110.034468137
2018-01-31 06:01:00,100.061145837
2018-01-31 06:02:00,100.061145837
2018-01-31 06:03:00,100.061145837
2018-01-31 06:04:00,110.034468137
2018-01-31 06:05:00,110.034468137
2018-01-31 06:06:00,110.034468137
2018-01-31 06:07:00,110.034468137
2018-01-31 06:08:00,110.034468137
2018-01-31 06:09:00,110.034468137
2018-01-31 06:10:00,110.034468137
2018-01-31 06:11:00,100.061145837
2018-01-31 06:12:00,110.034468137
2018-01-31 06:13:00,110.034468137
2018-01-31 06:14:00,110.034468137
2018-01-31 06:15:00,110.034468137
2018-01-31 06:16:00,110.034468137
2018-01-31 06:17:00,100.061145837
2018-01-31 06:18:00,100.061145837
2018-01-31 06:19:00,100.061145837
2018-01-31 06:20:00,100.061145837
2018-01-31 06:21:00,100.061145837
2018-01-31 06:22:00,100.061145837
2018-01-31 06:23:00,100.061145837
2018-01-31 06:24:00,100.061145837
2018-01-31 06:25:00,100.061145837
2018-01-31 06:26:00,100.061145837
2018-01-31 06:27:00,100.061145837
2018-01-31 06:28:00,120.007790437
2018-01-31 06:29:00,110.034468137
2018-01-31 06:30:00,120.007790437
2018-01-31 06:31:00,120.007790437
2018-01-31 06:32:00,100.061145837
2018-01-31 06:33:00,100.061145837
2018-01-31 06:34:00,90.0878235372
2018-01-31 06:35:00,50.1945343372
2018-01-31 06:36:00,50.1945343372
2018-01-31 06:37:00,50.1945343372
2018-01-31 06:38:00,50.1945343372
2018-01-31 06:39:00,50.1945343372
2018-01-31 06:40:00,60.1678566372
2018-01-31 06:41:00,60.1678566372
2018-01-31 06:42:00,60.1678566372
2018-01-31 06:43:00,60.1678566372
2018-01-31 06:44:00,40.2212120372
2018-01-31 06:45:00,50.1945343372
2018-01-31 06:46:00,50.1945343372
2018-01-31 06:47:00,50.1945343372
2018-01-31 06:48:00,50.1945343372
2018-01-31 06:49:00,30.2478897372
2018-01-31 06:50:00,30.2478897372
2018-01-31 06:51:00,40.2212120372
2018-01-31 06:52:00,40.2212120372
2018-01-31 06:53:00,40.2212120372
2018-01-31 06:54:00,40.2212120372
2018-01-31 06:55:00,30.2478897372
2018-01-31 06:56:00,30.2478897372
2018-01-31 06:57:00,30.2478897372
2018-01-31 06:58:00,-19.6187217628
2018-01-31 06:59:00,-9.64539946278
2018-01-31 07:00:00,-9.64539946278
2018-01-31 07:01:00,-9.64539946278
2018-01-31 07:02:00,-9.64539946278
2018-01-31 07:03:00,-9.64539946278
2018-01-31 07:04:00,0.327922837224
2018-01-31 07:05:00,0.327922837224
2018-01-31 07:06:00,10.3012451372
2018-01-31 07:07:00,0.327922837224
2018-01-31 07:08:00,10.3012451372
2018-01-31 07:09:00,10.3012451372
2018-01-31 07:10:00,-9.64539946278
2018-01-31 07:11:00,-9.64539946278
2018-01-31 07:12:00,-9.64539946278
2018-01-31 07:13:00,-9.64539946278
2018-01-31 07:14:00,-9.64539946278
2018-01-31 07:15:00,-9.64539946278
2018-01-31 07:16:00,-9.64539946278
2018-01-31 07:17:00,-9.64539946278
2018-01-31 07:18:00,10.3012451372
2018-01-31 07:19:00,0.327922837224
2018-01-31 07:20:00,0.327922837224
2018-01-31 07:21:00,0.327922837224
2018-01-31 07:22:00,-9.64539946278
2018-01-31 07:23:00,-9.64539946278
2018-01-31 07:24:00,-29.5920440628
2018-01-31 07:25:00,-29.5920440628
2018-01-31 07:26:00,-29.5920440628
2018-01-31 07:27:00,-19.6187217628
2018-01-31 07:28:00,-19.6187217628
2018-01-31 07:29:00,-19.6187217628
2018-01-31 07:30:00,-29.5920440628
2018-01-31 07:31:00,-29.5920440628
2018-01-31 07:32:00,-9.64539946278
2018-01-31 07:33:00,-9.64539946278
2018-01-31 07:34:00,-19.6187217628
2018-01-31 07:35:00,-19.6187217628
2018-01-31 07:36:00,-19.6187217628
2018-01-31 07:37:00,-19.6187217628
2018-01-31 07:38:00,-19.6187217628
2018-01-31 07:39:00,-19.6187217628
2018-01-31 07:40:00,-9.64539946278
2018-01-31 07:41:00,0.327922837224
2018-01-31 07:42:00,20.2745674372
2018-01-31 07:43:00,20.2745674372
2018-01-31 07:44:00,20.2745674372
2018-01-31 07:45:00,20.2745674372
2018-01-31 07:46:00,20.2745674372
2018-01-31 07:47:00,20.2745674372
2018-01-31 07:48:00,20.2745674372
2018-01-31 07:49:00,20.2745674372
2018-01-31 07:50:00,20.2745674372
2018-01-31 07:51:00,20.2745674372
2018-01-31 07:52:00,20.2745674372
2018-01-31 07:53:00,20.2745674372
2018-01-31 07:54:00,20.2745674372
2018-01-31 07:55:00,40.2212120372
2018-01-31 07:56:00,40.2212120372
2018-01-31 07:57:00,40.2212120372
2018-01-31 07:58:00,40.2212120372
2018-01-31 07:59:00,40.2212120372
2018-01-31 08:00:00,40.2212120372
2018-01-31 08:01:00,40.2212120372
2018-01-31 08:02:00,40.2212120372
2018-01-31 08:03:00,40.2212120372
2018-01-31 08:04:00,50.1945343372
2018-01-31 08:05:00,60.1678566372
2018-01-31 08:06:00,60.1678566372
2018-01-31 08:07:00,60.1678566372
2018-01-31 08:08:00,60.1678566372
2018-01-31 08:09:00,40.2212120372
2018-01-31 08:10:00,50.1945343372
2018-01-31 08:11:00,50.1945343372
2018-01-31 08:12:00,50.1945343372
2018-01-31 08:13:00,50.1945343372
2018-01-31 08:14:00,60.1678566372
2018-01-31 08:15:00,50.1945343372
2018-01-31 08:16:00,60.1678566372
2018-01-31 08:17:00,60.1678566372
2018-01-31 08:18:00,60.1678566372
2018-01-31 08:19:00,60.1678566372
2018-01-31 08:20:00,60.1678566372
2018-01-31 08:21:00,60.1678566372
2018-01-31 08:22:00,60.1678566372
2018-01-31 08:23:00,60.1678566372
2018-01-31 08:24:00,60.1678566372
2018-01-31 08:25:00,100.061145837
2018-01-31 08:26:00,100.061145837
2018-01-31 08:27:00,100.061145837
2018-01-31 08:28:00,80.1145012372
2018-01-31 08:29:00,90.0878235372
2018-01-31 08:30:00,90.0878235372
2018-01-31 08:31:00,80.1145012372
2018-01-31 08:32:00,90.0878235372
2018-01-31 08:33:00,70.1411789372
2018-01-31 08:34:00,70.1411789372
2018-01-31 08:35:00,80.1145012372
2018-01-31 08:36:00,80.1145012372
2018-01-31 08:37:00,60.1678566372
2018-01-31 08:38:00,50.1945343372
2018-01-31 08:39:00,50.1945343372
2018-01-31 08:40:00,50.1945343372
2018-01-31 08:41:00,50.1945343372
2018-01-31 08:42:00,40.2212120372
2018-01-31 08:43:00,40.2212120372
2018-01-31 08:44:00,40.2212120372
2018-01-31 08:45:00,0.327922837224
2018-01-31 08:46:00,20.2745674372
2018-01-31 08:47:00,20.2745674372
2018-01-31 08:48:00,20.2745674372
2018-01-31 08:49:00,30.2478897372
2018-01-31 08:50:00,20.2745674372
2018-01-31 08:51:00,0.327922837224
2018-01-31 08:52:00,0.327922837224
2018-01-31 08:53:00,10.3012451372
2018-01-31 08:54:00,0.327922837224
2018-01-31 08:55:00,0.327922837224
2018-01-31 08:56:00,0.327922837224
2018-01-31 08:57:00,10.3012451372
2018-01-31 08:58:00,0.327922837224
2018-01-31 08:59:00,0.327922837224
2018-01-31 09:00:00,0.327922837224
2018-01-31 09:01:00,0.327922837224
2018-01-31 09:02:00,0.327922837224
2018-01-31 09:03:00,0.327922837224
2018-01-31 09:04:00,-19.6187217628
2018-01-31 09:05:00,0.327922837224
2018-01-31 09:06:00,0.327922837224
2018-01-31 09:07:00,-19.6187217628
2018-01-31 09:08:00,-19.6187217628
2018-01-31 09:09:00,-19.6187217628
2018-01-31 09:10:00,-19.6187217628
2018-01-31 09:11:00,-19.6187217628
2018-01-31 09:12:00,-19.6187217628
2018-01-31 09:13:00,-19.6187217628
2018-01-31 09:14:00,-39.5653663628
2018-01-31 09:15:00,-39.5653663628
2018-01-31 09:16:00,-29.5920440628
2018-01-31 09:17:00,-29.5920440628
2018-01-31 09:18:00,-19.6187217628
2018-01-31 09:19:00,-29.5920440628
2018-01-31 09:20:00,-19.6187217628
2018-01-31 09:21:00,-29.5920440628
2018-01-31 09:22:00,-29.5920440628
2018-01-31 09:23:00,-29.5920440628
2018-01-31 09:24:00,-29.5920440628
2018-01-31 09:25:00,-29.5920440628
2018-01-31 09:26:00,-29.5920440628
2018-01-31 09:27:00,-39.5653663628
2018-01-31 09:28:00,-59.5120109628
2018-01-31 09:29:00,-59.5120109628
2018-01-31 09:30:00,-59.5120109628
2018-01-31 09:31:00,-59.5120109628
2018-01-31 09:32:00,-69.4853332628
2018-01-31 09:33:00,-69.4853332628
2018-01-31 09:34:00,-79.4586555628
2018-01-31 09:35:00,-69.4853332628
2018-01-31 09:36:00,-79.4586555628
2018-01-31 09:37:00,-69.4853332628
2018-01-31 09:38:00,-69.4853332628
2018-01-31 09:39:00,-69.4853332628
2018-01-31 09:40:00,-59.5120109628
2018-01-31 09:41:00,-69.4853332628
2018-01-31 09:42:00,-69.4853332628
2018-01-31 09:43:00,-59.5120109628
2018-01-31 09:44:00,-59.5120109628
2018-01-31 09:45:00,-59.5120109628
2018-01-31 09:46:00,-59.5120109628
2018-01-31 09:47:00,-59.5120109628
2018-01-31 09:48:00,-59.5120109628
2018-01-31 09:49:00,-59.5120109628
2018-01-31 09:50:00,-59.5120109628
2018-01-31 09:51:00,-59.5120109628
2018-01-31 09:52:00,-59.5120109628
2018-01-31 09:53:00,-59.5120109628
2018-01-31 09:54:00,-59.5120109628
2018-01-31 09:55:00,-59.5120109628
2018-01-31 09:56:00,-59.5120109628
2018-01-31 09:57:00,-89.4319778628
2018-01-31 09:58:00,-89.4319778628
2018-01-31 09:59:00,-99.4053001628
2018-01-31 10:00:00,-79.4586555628
2018-01-31 10:01:00,-79.4586555628
2018-01-31 10:02:00,-79.4586555628
2018-01-31 10:03:00,-79.4586555628
2018-01-31 10:04:00,-79.4586555628
2018-01-31 10:05:00,-69.4853332628
2018-01-31 10:06:00,-79.4586555628
2018-01-31 10:07:00,-59.5120109628
2018-01-31 10:08:00,-69.4853332628
2018-01-31 10:09:00,-69.4853332628
2018-01-31 10:10:00,-79.4586555628
2018-01-31 10:11:00,-89.4319778628
2018-01-31 10:12:00,-79.4586555628
2018-01-31 10:13:00,-89.4319778628
2018-01-31 10:14:00,-99.4053001628
2018-01-31 10:15:00,-89.4319778628
2018-01-31 10:16:00,-89.4319778628
2018-01-31 10:17:00,-119.351944763
2018-01-31 10:18:00,-109.378622463
2018-01-31 10:19:00,-119.351944763
2018-01-31 10:20:00,-169.218556263
2018-01-31 10:21:00,-149.271911663
2018-01-31 10:22:00,-149.271911663
2018-01-31 10:23:00,-159.245233963
2018-01-31 10:24:00,-169.218556263
2018-01-31 10:25:00,-179.191878563
2018-01-31 10:26:00,-189.165200863
2018-01-31 10:27:00,-189.165200863
2018-01-31 10:28:00,-189.165200863
2018-01-31 10:29:00,-199.138523163
2018-01-31 10:30:00,-179.191878563
2018-01-31 10:31:00,-179.191878563
2018-01-31 10:32:00,-159.245233963
2018-01-31 10:33:00,-159.245233963
2018-01-31 10:34:00,-179.191878563
2018-01-31 10:35:00,-199.138523163
2018-01-31 10:36:00,-199.138523163
2018-01-31 10:37:00,-199.138523163
2018-01-31 10:38:00,-199.138523163
2018-01-31 10:39:00,-199.138523163
2018-01-31 10:40:00,-199.138523163
2018-01-31 10:41:00,-209.111845463
2018-01-31 10:42:00,-209.111845463
2018-01-31 10:43:00,-209.111845463
2018-01-31 10:44:00,-209.111845463
2018-01-31 10:45:00,-258.978456963
2018-01-31 10:46:00,-278.925101563
2018-01-31 10:47:00,-278.925101563
2018-01-31 10:48:00,-278.925101563
2018-01-31 10:49:00,-268.951779263
2018-01-31 10:50:00,-278.925101563
2018-01-31 10:51:00,-278.925101563
2018-01-31 10:52:00,-278.925101563
2018-01-31 10:53:00,-278.925101563
2018-01-31 10:54:00,-288.898423863
2018-01-31 10:55:00,-288.898423863
2018-01-31 10:56:00,-278.925101563
2018-01-31 10:57:00,-268.951779263
2018-01-31 10:58:00,-268.951779263
2018-01-31 10:59:00,-268.951779263
2018-01-31 11:00:00,-268.951779263
2018-01-31 11:01:00,-249.005134663
2018-01-31 11:02:00,-258.978456963
2018-01-31 11:03:00,-258.978456963
2018-01-31 11:04:00,-258.978456963
2018-01-31 11:05:00,-258.978456963
2018-01-31 11:06:00,-268.951779263
2018-01-31 11:07:00,-268.951779263
2018-01-31 11:08:00,-258.978456963
2018-01-31 11:09:00,-249.005134663
2018-01-31 11:10:00,-249.005134663
2018-01-31 11:11:00,-249.005134663
2018-01-31 11:12:00,-249.005134663
2018-01-31 11:13:00,-249.005134663
2018-01-31 11:14:00,-249.005134663
2018-01-31 11:15:00,-258.978456963
2018-01-31 11:16:00,-258.978456963
2018-01-31 11:17:00,-258.978456963
2018-01-31 11:18:00,-258.978456963
2018-01-31 11:19:00,-258.978456963
2018-01-31 11:20:00,-258.978456963
2018-01-31 11:21:00,-258.978456963
2018-01-31 11:22:00,-258.978456963
2018-01-31 11:23:00,-258.978456963
2018-01-31 11:24:00,-298.871746163
2018-01-31 11:25:00,-318.818390763
2018-01-31 11:26:00,-298.871746163
2018-01-31 11:27:00,-298.871746163
2018-01-31 11:28:00,-298.871746163
2018-01-31 11:29:00,-298.871746163
2018-01-31 11:30:00,-288.898423863
2018-01-31 11:31:00,-288.898423863
2018-01-31 11:32:00,-288.898423863
2018-01-31 11:33:00,-278.925101563
2018-01-31 11:34:00,-278.925101563
2018-01-31 11:35:00,-278.925101563
2018-01-31 11:36:00,-278.925101563
2018-01-31 11:37:00,-278.925101563
2018-01-31 11:38:00,-268.951779263
2018-01-31 11:39:00,-268.951779263
2018-01-31 11:40:00,-268.951779263
2018-01-31 11:41:00,-268.951779263
2018-01-31 11:42:00,-268.951779263
2018-01-31 11:43:00,-278.925101563
2018-01-31 11:44:00,-298.871746163
2018-01-31 11:45:00,-298.871746163
2018-01-31 11:46:00,-288.898423863
2018-01-31 11:47:00,-278.925101563
2018-01-31 11:48:00,-288.898423863
2018-01-31 11:49:00,-288.898423863
2018-01-31 11:50:00,-288.898423863
2018-01-31 11:51:00,-278.925101563
2018-01-31 11:52:00,-278.925101563
2018-01-31 11:53:00,-278.925101563
2018-01-31 11:54:00,-278.925101563
2018-01-31 11:55:00,-278.925101563
2018-01-31 11:56:00,-278.925101563
2018-01-31 11:57:00,-278.925101563
2018-01-31 11:58:00,-278.925101563
2018-01-31 11:59:00,-278.925101563
2018-02-01 01:29:00,-488.364869863
2018-02-01 01:30:00,-488.364869863
2018-02-01 01:31:00,-488.364869863
2018-02-01 01:32:00,-488.364869863
2018-02-01 01:33:00,-488.364869863
2018-02-01 01:34:00,-488.364869863
2018-02-01 01:35:00,-318.818390763
2018-02-01 01:36:00,-338.765035363
2018-02-01 01:37:00,-338.765035363
2018-02-01 01:38:00,-338.765035363
2018-02-01 01:39:00,-338.765035363
2018-02-01 01:40:00,-338.765035363
2018-02-01 01:41:00,-338.765035363
2018-02-01 01:42:00,-338.765035363
2018-02-01 01:43:00,-338.765035363
2018-02-01 01:44:00,-338.765035363
2018-02-01 01:45:00,-328.791713063
2018-02-01 01:46:00,-318.818390763
2018-02-01 01:47:00,-328.791713063
2018-02-01 01:48:00,-328.791713063
2018-02-01 01:49:00,-328.791713063
2018-02-01 01:50:00,-328.791713063
2018-02-01 01:51:00,-328.791713063
2018-02-01 01:52:00,-338.765035363
2018-02-01 01:53:00,-338.765035363
2018-02-01 01:54:00,-338.765035363
2018-02-01 01:55:00,-338.765035363
2018-02-01 01:56:00,-338.765035363
2018-02-01 01:57:00,-338.765035363
2018-02-01 01:58:00,-338.765035363
2018-02-01 01:59:00,-338.765035363
2018-02-01 02:00:00,-368.685002263
2018-02-01 02:01:00,-358.711679963
2018-02-01 02:02:00,-368.685002263
2018-02-01 02:03:00,-368.685002263
2018-02-01 02:04:00,-378.658324563
2018-02-01 02:05:00,-378.658324563
2018-02-01 02:06:00,-368.685002263
2018-02-01 02:07:00,-368.685002263
2018-02-01 02:08:00,-368.685002263
2018-02-01 02:09:00,-368.685002263
2018-02-01 02:10:00,-358.711679963
2018-02-01 02:11:00,-378.658324563
2018-02-01 02:12:00,-378.658324563
2018-02-01 02:13:00,-378.658324563
2018-02-01 02:14:00,-378.658324563
2018-02-01 02:15:00,-378.658324563
2018-02-01 02:16:00,-418.551613763
2018-02-01 02:17:00,-418.551613763
2018-02-01 02:18:00,-418.551613763
2018-02-01 02:19:00,-418.551613763
2018-02-01 02:20:00,-418.551613763
2018-02-01 02:21:00,-418.551613763
2018-02-01 02:22:00,-418.551613763
2018-02-01 02:23:00,-408.578291463
2018-02-01 02:24:00,-418.551613763
2018-02-01 02:25:00,-418.551613763
2018-02-01 02:26:00,-418.551613763
2018-02-01 02:27:00,-408.578291463
2018-02-01 02:28:00,-388.631646863
2018-02-01 02:29:00,-378.658324563
2018-02-01 02:30:00,-378.658324563
2018-02-01 02:31:00,-378.658324563
2018-02-01 02:32:00,-378.658324563
2018-02-01 02:33:00,-368.685002263
2018-02-01 02:34:00,-358.711679963
2018-02-01 02:35:00,-348.738357663
2018-02-01 02:36:00,-348.738357663
2018-02-01 02:37:00,-358.711679963
2018-02-01 02:38:00,-338.765035363
2018-02-01 02:39:00,-338.765035363
2018-02-01 02:40:00,-318.818390763
2018-02-01 02:41:00,-318.818390763
2018-02-01 02:42:00,-318.818390763
2018-02-01 02:43:00,-318.818390763
2018-02-01 02:44:00,-318.818390763
2018-02-01 02:45:00,-318.818390763
2018-02-01 02:46:00,-338.765035363
2018-02-01 02:47:00,-348.738357663
2018-02-01 02:48:00,-348.738357663
2018-02-01 02:49:00,-348.738357663
2018-02-01 02:50:00,-348.738357663
2018-02-01 02:51:00,-358.711679963
2018-02-01 02:52:00,-358.711679963
2018-02-01 02:53:00,-358.711679963
2018-02-01 02:54:00,-348.738357663
2018-02-01 02:55:00,-338.765035363
2018-02-01 02:56:00,-338.765035363
2018-02-01 02:57:00,-338.765035363
2018-02-01 02:58:00,-318.818390763
2018-02-01 02:59:00,-318.818390763
2018-02-01 03:00:00,-338.765035363
2018-02-01 03:01:00,-338.765035363
2018-02-01 03:02:00,-338.765035363
2018-02-01 03:03:00,-338.765035363
2018-02-01 03:04:00,-338.765035363
2018-02-01 03:05:00,-348.738357663
2018-02-01 03:06:00,-338.765035363
2018-02-01 03:07:00,-338.765035363
2018-02-01 03:08:00,-338.765035363
2018-02-01 03:09:00,-338.765035363
2018-02-01 03:10:00,-338.765035363
2018-02-01 03:11:00,-338.765035363
2018-02-01 03:12:00,-338.765035363
2018-02-01 03:13:00,-338.765035363
2018-02-01 03:14:00,-338.765035363
2018-02-01 03:15:00,-338.765035363
2018-02-01 03:16:00,-338.765035363
2018-02-01 03:17:00,-338.765035363
2018-02-01 03:18:00,-328.791713063
2018-02-01 03:19:00,-308.845068463
2018-02-01 03:20:00,-318.818390763
2018-02-01 03:21:00,-318.818390763
2018-02-01 03:22:00,-318.818390763
2018-02-01 03:23:00,-318.818390763
2018-02-01 03:24:00,-328.791713063
2018-02-01 03:25:00,-318.818390763
2018-02-01 03:26:00,-328.791713063
2018-02-01 03:27:00,-338.765035363
2018-02-01 03:28:00,-338.765035363
2018-02-01 03:29:00,-308.845068463
2018-02-01 03:30:00,-298.871746163
2018-02-01 03:31:00,-308.845068463
2018-02-01 03:32:00,-308.845068463
2018-02-01 03:33:00,-308.845068463
2018-02-01 03:34:00,-298.871746163
2018-02-01 03:35:00,-288.898423863
2018-02-01 03:36:00,-288.898423863
2018-02-01 03:37:00,-278.925101563
2018-02-01 03:38:00,-288.898423863
2018-02-01 03:39:00,-288.898423863
2018-02-01 03:40:00,-288.898423863
2018-02-01 03:41:00,-268.951779263
2018-02-01 03:42:00,-278.925101563
2018-02-01 03:43:00,-268.951779263
2018-02-01 03:44:00,-278.925101563
2018-02-01 03:45:00,-278.925101563
2018-02-01 03:46:00,-278.925101563
2018-02-01 03:47:00,-278.925101563
2018-02-01 03:48:00,-278.925101563
2018-02-01 03:49:00,-298.871746163
2018-02-01 03:50:00,-288.898423863
2018-02-01 03:51:00,-288.898423863
2018-02-01 03:52:00,-278.925101563
2018-02-01 03:53:00,-278.925101563
2018-02-01 03:54:00,-308.845068463
2018-02-01 03:55:00,-298.871746163
2018-02-01 03:56:00,-298.871746163
2018-02-01 03:57:00,-298.871746163
2018-02-01 03:58:00,-298.871746163
2018-02-01 03:59:00,-308.845068463
2018-02-01 04:00:00,-298.871746163
2018-02-01 04:01:00,-318.818390763
2018-02-01 04:02:00,-328.791713063
2018-02-01 04:03:00,-318.818390763
2018-02-01 04:04:00,-318.818390763
2018-02-01 04:05:00,-328.791713063
2018-02-01 04:06:00,-318.818390763
2018-02-01 04:07:00,-318.818390763
2018-02-01 04:08:00,-318.818390763
2018-02-01 04:09:00,-328.791713063
2018-02-01 04:10:00,-358.711679963
2018-02-01 04:11:00,-348.738357663
2018-02-01 04:12:00,-348.738357663
2018-02-01 04:13:00,-348.738357663
2018-02-01 04:14:00,-348.738357663
2018-02-01 04:15:00,-338.765035363
2018-02-01 04:16:00,-328.791713063
2018-02-01 04:17:00,-328.791713063
2018-02-01 04:18:00,-338.765035363
2018-02-01 04:19:00,-328.791713063
2018-02-01 04:20:00,-328.791713063
2018-02-01 04:21:00,-328.791713063
2018-02-01 04:22:00,-318.818390763
2018-02-01 04:23:00,-318.818390763
2018-02-01 04:24:00,-318.818390763
2018-02-01 04:25:00,-298.871746163
2018-02-01 04:26:00,-298.871746163
2018-02-01 04:27:00,-298.871746163
2018-02-01 04:28:00,-298.871746163
2018-02-01 04:29:00,-298.871746163
2018-02-01 04:30:00,-298.871746163
2018-02-01 04:31:00,-298.871746163
2018-02-01 04:32:00,-328.791713063
2018-02-01 04:33:00,-328.791713063
2018-02-01 04:34:00,-338.765035363
2018-02-01 04:35:00,-338.765035363
2018-02-01 04:36:00,-328.791713063
2018-02-01 04:37:00,-318.818390763
2018-02-01 04:38:00,-308.845068463
2018-02-01 04:39:00,-308.845068463
2018-02-01 04:40:00,-308.845068463
2018-02-01 04:41:00,-318.818390763
2018-02-01 04:42:00,-308.845068463
2018-02-01 04:43:00,-308.845068463
2018-02-01 04:44:00,-308.845068463
2018-02-01 04:45:00,-308.845068463
2018-02-01 04:46:00,-298.871746163
2018-02-01 04:47:00,-298.871746163
2018-02-01 04:48:00,-298.871746163
2018-02-01 04:49:00,-298.871746163
2018-02-01 04:50:00,-298.871746163
2018-02-01 04:51:00,-298.871746163
2018-02-01 04:52:00,-298.871746163
2018-02-01 04:53:00,-308.845068463
2018-02-01 04:54:00,-308.845068463
2018-02-01 04:55:00,-318.818390763
2018-02-01 04:56:00,-318.818390763
2018-02-01 04:57:00,-318.818390763
2018-02-01 04:58:00,-318.818390763
2018-02-01 04:59:00,-318.818390763
2018-02-01 05:00:00,-318.818390763
2018-02-01 05:01:00,-328.791713063
2018-02-01 05:02:00,-338.765035363
2018-02-01 05:03:00,-338.765035363
2018-02-01 05:04:00,-328.791713063
2018-02-01 05:05:00,-318.818390763
2018-02-01 05:06:00,-338.765035363
2018-02-01 05:07:00,-338.765035363
2018-02-01 05:08:00,-338.765035363
2018-02-01 05:09:00,-338.765035363
2018-02-01 05:10:00,-348.738357663
2018-02-01 05:11:00,-348.738357663
2018-02-01 05:12:00,-348.738357663
2018-02-01 05:13:00,-348.738357663
2018-02-01 05:14:00,-348.738357663
2018-02-01 05:15:00,-348.738357663
2018-02-01 05:16:00,-358.711679963
2018-02-01 05:17:00,-358.711679963
2018-02-01 05:18:00,-338.765035363
2018-02-01 05:19:00,-348.738357663
2018-02-01 05:20:00,-348.738357663
2018-02-01 05:21:00,-348.738357663
2018-02-01 05:22:00,-348.738357663
2018-02-01 05:23:00,-348.738357663
2018-02-01 05:24:00,-348.738357663
2018-02-01 05:25:00,-348.738357663
2018-02-01 05:26:00,-348.738357663
2018-02-01 05:27:00,-348.738357663
2018-02-01 05:28:00,-358.711679963
2018-02-01 05:29:00,-358.711679963
2018-02-01 05:30:00,-358.711679963
2018-02-01 05:31:00,-358.711679963
2018-02-01 05:32:00,-368.685002263
2018-02-01 05:33:00,-358.711679963
2018-02-01 05:34:00,-358.711679963
2018-02-01 05:35:00,-388.631646863
2018-02-01 05:36:00,-388.631646863
2018-02-01 05:37:00,-388.631646863
2018-02-01 05:38:00,-388.631646863
2018-02-01 05:39:00,-388.631646863
2018-02-01 05:40:00,-388.631646863
2018-02-01 05:41:00,-388.631646863
2018-02-01 05:42:00,-388.631646863
2018-02-01 05:43:00,-388.631646863
2018-02-01 05:44:00,-378.658324563
2018-02-01 05:45:00,-388.631646863
2018-02-01 05:46:00,-388.631646863
2018-02-01 05:47:00,-378.658324563
2018-02-01 05:48:00,-378.658324563
2018-02-01 05:49:00,-378.658324563
2018-02-01 05:50:00,-378.658324563
2018-02-01 05:51:00,-378.658324563
2018-02-01 05:52:00,-378.658324563
2018-02-01 05:53:00,-378.658324563
2018-02-01 05:54:00,-378.658324563
2018-02-01 05:55:00,-388.631646863
2018-02-01 05:56:00,-398.604969163
2018-02-01 05:57:00,-398.604969163
2018-02-01 05:58:00,-398.604969163
2018-02-01 05:59:00,-398.604969163
2018-02-01 06:00:00,-398.604969163
2018-02-01 06:01:00,-398.604969163
2018-02-01 06:02:00,-398.604969163
2018-02-01 06:03:00,-398.604969163
2018-02-01 06:04:00,-398.604969163
2018-02-01 06:05:00,-398.604969163
2018-02-01 06:06:00,-398.604969163
2018-02-01 06:07:00,-378.658324563
2018-02-01 06:08:00,-378.658324563
2018-02-01 06:09:00,-378.658324563
2018-02-01 06:10:00,-378.658324563
2018-02-01 06:11:00,-378.658324563
2018-02-01 06:12:00,-378.658324563
2018-02-01 06:13:00,-378.658324563
2018-02-01 06:14:00,-378.658324563
2018-02-01 06:15:00,-398.604969163
2018-02-01 06:16:00,-398.604969163
2018-02-01 06:17:00,-398.604969163
2018-02-01 06:18:00,-398.604969163
2018-02-01 06:19:00,-398.604969163
2018-02-01 06:20:00,-398.604969163
2018-02-01 06:21:00,-388.631646863
2018-02-01 06:22:00,-388.631646863
2018-02-01 06:23:00,-388.631646863
2018-02-01 06:24:00,-398.604969163
2018-02-01 06:25:00,-398.604969163
2018-02-01 06:26:00,-398.604969163
2018-02-01 06:27:00,-398.604969163
2018-02-01 06:28:00,-398.604969163
2018-02-01 06:29:00,-388.631646863
2018-02-01 06:30:00,-398.604969163
2018-02-01 06:31:00,-398.604969163
2018-02-01 06:32:00,-398.604969163
2018-02-01 06:33:00,-398.604969163
2018-02-01 06:34:00,-388.631646863
2018-02-01 06:35:00,-388.631646863
2018-02-01 06:36:00,-388.631646863
2018-02-01 06:37:00,-378.658324563
2018-02-01 06:38:00,-378.658324563
2018-02-01 06:39:00,-378.658324563
2018-02-01 06:40:00,-378.658324563
2018-02-01 06:41:00,-378.658324563
2018-02-01 06:42:00,-368.685002263
2018-02-01 06:43:00,-368.685002263
2018-02-01 06:44:00,-368.685002263
2018-02-01 06:45:00,-368.685002263
2018-02-01 06:46:00,-358.711679963
2018-02-01 06:47:00,-358.711679963
2018-02-01 06:48:00,-348.738357663
2018-02-01 06:49:00,-348.738357663
2018-02-01 06:50:00,-348.738357663
2018-02-01 06:51:00,-338.765035363
2018-02-01 06:52:00,-318.818390763
2018-02-01 06:53:00,-318.818390763
2018-02-01 06:54:00,-318.818390763
2018-02-01 06:55:00,-308.845068463
2018-02-01 06:56:00,-318.818390763
2018-02-01 06:57:00,-318.818390763
2018-02-01 06:58:00,-318.818390763
2018-02-01 06:59:00,-318.818390763
2018-02-01 07:00:00,-338.765035363
2018-02-01 07:01:00,-338.765035363
2018-02-01 07:02:00,-338.765035363
2018-02-01 07:03:00,-358.711679963
2018-02-01 07:04:00,-358.711679963
2018-02-01 07:05:00,-358.711679963
2018-02-01 07:06:00,-358.711679963
2018-02-01 07:07:00,-358.711679963
2018-02-01 07:08:00,-358.711679963
2018-02-01 07:09:00,-358.711679963
2018-02-01 07:10:00,-358.711679963
2018-02-01 07:11:00,-358.711679963
2018-02-01 07:12:00,-358.711679963
2018-02-01 07:13:00,-358.711679963
2018-02-01 07:14:00,-358.711679963
2018-02-01 07:15:00,-358.711679963
2018-02-01 07:16:00,-358.711679963
2018-02-01 07:17:00,-358.711679963
2018-02-01 07:18:00,-358.711679963
2018-02-01 07:19:00,-358.711679963
2018-02-01 07:20:00,-358.711679963
2018-02-01 07:21:00,-358.711679963
2018-02-01 07:22:00,-358.711679963
2018-02-01 07:23:00,-358.711679963
2018-02-01 07:24:00,-358.711679963
2018-02-01 07:25:00,-358.711679963
2018-02-01 07:26:00,-358.711679963
2018-02-01 07:27:00,-358.711679963
2018-02-01 07:28:00,-358.711679963
2018-02-01 07:29:00,-358.711679963
2018-02-01 07:30:00,-358.711679963
2018-02-01 07:31:00,-358.711679963
2018-02-01 07:32:00,-358.711679963
2018-02-01 07:33:00,-358.711679963
2018-02-01 07:34:00,-358.711679963
2018-02-01 07:35:00,-358.711679963
2018-02-01 07:36:00,-338.765035363
2018-02-01 07:37:00,-348.738357663
2018-02-01 07:38:00,-358.711679963
2018-02-01 07:39:00,-358.711679963
2018-02-01 07:40:00,-358.711679963
2018-02-01 07:41:00,-358.711679963
2018-02-01 07:42:00,-358.711679963
2018-02-01 07:43:00,-358.711679963
2018-02-01 07:44:00,-358.711679963
2018-02-01 07:45:00,-348.738357663
2018-02-01 07:46:00,-348.738357663
2018-02-01 07:47:00,-338.765035363
2018-02-01 07:48:00,-338.765035363
2018-02-01 07:49:00,-318.818390763
2018-02-01 07:50:00,-308.845068463
2018-02-01 07:51:00,-318.818390763
2018-02-01 07:52:00,-338.765035363
2018-02-01 07:53:00,-338.765035363
2018-02-01 07:54:00,-328.791713063
2018-02-01 07:55:00,-338.765035363
2018-02-01 07:56:00,-338.765035363
2018-02-01 07:57:00,-338.765035363
2018-02-01 07:58:00,-338.765035363
2018-02-01 07:59:00,-338.765035363
2018-02-01 08:00:00,-338.765035363
2018-02-01 08:01:00,-338.765035363
2018-02-01 08:02:00,-338.765035363
2018-02-01 08:03:00,-338.765035363
2018-02-01 08:04:00,-338.765035363
2018-02-01 08:05:00,-308.845068463
2018-02-01 08:06:00,-308.845068463
2018-02-01 08:07:00,-308.845068463
2018-02-01 08:08:00,-308.845068463
2018-02-01 08:09:00,-318.818390763
2018-02-01 08:10:00,-318.818390763
2018-02-01 08:11:00,-308.845068463
2018-02-01 08:12:00,-288.898423863
2018-02-01 08:13:00,-288.898423863
2018-02-01 08:14:00,-288.898423863
2018-02-01 08:15:00,-288.898423863
2018-02-01 08:16:00,-288.898423863
2018-02-01 08:17:00,-298.871746163
2018-02-01 08:18:00,-288.898423863
2018-02-01 08:19:00,-278.925101563
2018-02-01 08:20:00,-278.925101563
2018-02-01 08:21:00,-278.925101563
2018-02-01 08:22:00,-278.925101563
2018-02-01 08:23:00,-278.925101563
2018-02-01 08:24:00,-278.925101563
2018-02-01 08:25:00,-278.925101563
2018-02-01 08:26:00,-278.925101563
2018-02-01 08:27:00,-258.978456963
2018-02-01 08:28:00,-258.978456963
2018-02-01 08:29:00,-258.978456963
2018-02-01 08:30:00,-268.951779263
2018-02-01 08:31:00,-258.978456963
2018-02-01 08:32:00,-258.978456963
2018-02-01 08:33:00,-268.951779263
2018-02-01 08:34:00,-278.925101563
2018-02-01 08:35:00,-288.898423863
2018-02-01 08:36:00,-288.898423863
2018-02-01 08:37:00,-298.871746163
2018-02-01 08:38:00,-298.871746163
2018-02-01 08:39:00,-288.898423863
2018-02-01 08:40:00,-298.871746163
2018-02-01 08:41:00,-298.871746163
2018-02-01 08:42:00,-298.871746163
2018-02-01 08:43:00,-278.925101563
2018-02-01 08:44:00,-278.925101563
2018-02-01 08:45:00,-278.925101563
2018-02-01 08:46:00,-258.978456963
2018-02-01 08:47:00,-258.978456963
2018-02-01 08:48:00,-249.005134663
2018-02-01 08:49:00,-258.978456963
2018-02-01 08:50:00,-258.978456963
2018-02-01 08:51:00,-268.951779263
2018-02-01 08:52:00,-268.951779263
2018-02-01 08:53:00,-268.951779263
2018-02-01 08:54:00,-268.951779263
2018-02-01 08:55:00,-268.951779263
2018-02-01 08:56:00,-268.951779263
2018-02-01 08:57:00,-268.951779263
2018-02-01 08:58:00,-268.951779263
2018-02-01 08:59:00,-278.925101563
2018-02-01 09:00:00,-298.871746163
2018-02-01 09:01:00,-288.898423863
2018-02-01 09:02:00,-298.871746163
2018-02-01 09:03:00,-298.871746163
2018-02-01 09:04:00,-298.871746163
2018-02-01 09:05:00,-298.871746163
2018-02-01 09:06:00,-278.925101563
2018-02-01 09:07:00,-288.898423863
2018-02-01 09:08:00,-278.925101563
2018-02-01 09:09:00,-278.925101563
2018-02-01 09:10:00,-278.925101563
2018-02-01 09:11:00,-278.925101563
2018-02-01 09:12:00,-278.925101563
2018-02-01 09:13:00,-258.978456963
2018-02-01 09:14:00,-249.005134663
2018-02-01 09:15:00,-249.005134663
2018-02-01 09:16:00,-249.005134663
2018-02-01 09:17:00,-249.005134663
2018-02-01 09:18:00,-258.978456963
2018-02-01 09:19:00,-258.978456963
2018-02-01 09:20:00,-258.978456963
2018-02-01 09:21:00,-258.978456963
2018-02-01 09:22:00,-229.058490063
2018-02-01 09:23:00,-239.031812363
2018-02-01 09:24:00,-239.031812363
2018-02-01 09:25:00,-239.031812363
2018-02-01 09:26:00,-239.031812363
2018-02-01 09:27:00,-219.085167763
2018-02-01 09:28:00,-229.058490063
2018-02-01 09:29:00,-229.058490063
2018-02-01 09:30:00,-229.058490063
2018-02-01 09:31:00,-229.058490063
2018-02-01 09:32:00,-229.058490063
2018-02-01 09:33:00,-229.058490063
2018-02-01 09:34:00,-219.085167763
2018-02-01 09:35:00,-219.085167763
2018-02-01 09:36:00,-219.085167763
2018-02-01 09:37:00,-209.111845463
2018-02-01 09:38:00,-219.085167763
2018-02-01 09:39:00,-219.085167763
2018-02-01 09:40:00,-219.085167763
2018-02-01 09:41:00,-219.085167763
2018-02-01 09:42:00,-219.085167763
2018-02-01 09:43:00,-219.085167763
2018-02-01 09:44:00,-229.058490063
2018-02-01 09:45:00,-249.005134663
2018-02-01 09:46:00,-249.005134663
2018-02-01 09:47:00,-249.005134663
2018-02-01 09:48:00,-239.031812363
2018-02-01 09:49:00,-249.005134663
2018-02-01 09:50:00,-249.005134663
2018-02-01 09:51:00,-249.005134663
2018-02-01 09:52:00,-249.005134663
2018-02-01 09:53:00,-249.005134663
2018-02-01 09:54:00,-249.005134663
2018-02-01 09:55:00,-258.978456963
2018-02-01 09:56:00,-278.925101563
2018-02-01 09:57:00,-278.925101563
2018-02-01 09:58:00,-268.951779263
2018-02-01 09:59:00,-268.951779263
2018-02-01 10:00:00,-268.951779263
2018-02-01 10:01:00,-278.925101563
2018-02-01 10:02:00,-278.925101563
2018-02-01 10:03:00,-268.951779263
2018-02-01 10:04:00,-278.925101563
2018-02-01 10:05:00,-268.951779263
2018-02-01 10:06:00,-278.925101563
2018-02-01 10:07:00,-268.951779263
2018-02-01 10:08:00,-268.951779263
2018-02-01 10:09:00,-268.951779263
2018-02-01 10:10:00,-268.951779263
2018-02-01 10:11:00,-268.951779263
2018-02-01 10:12:00,-268.951779263
2018-02-01 10:13:00,-249.005134663
2018-02-01 10:14:00,-258.978456963
2018-02-01 10:15:00,-258.978456963
2018-02-01 10:16:00,-268.951779263
2018-02-01 10:17:00,-268.951779263
2018-02-01 10:18:00,-268.951779263
2018-02-01 10:19:00,-258.978456963
2018-02-01 10:20:00,-258.978456963
2018-02-01 10:21:00,-258.978456963
2018-02-01 10:22:00,-258.978456963
2018-02-01 10:23:00,-268.951779263
2018-02-01 10:24:00,-278.925101563
2018-02-01 10:25:00,-278.925101563
2018-02-01 10:26:00,-278.925101563
2018-02-01 10:27:00,-258.978456963
2018-02-01 10:28:00,-258.978456963
2018-02-01 10:29:00,-258.978456963
2018-02-01 10:30:00,-258.978456963
2018-02-01 10:31:00,-268.951779263
2018-02-01 10:32:00,-278.925101563
2018-02-01 10:33:00,-278.925101563
2018-02-01 10:34:00,-278.925101563
2018-02-01 10:35:00,-268.951779263
2018-02-01 10:36:00,-268.951779263
2018-02-01 10:37:00,-268.951779263
2018-02-01 10:38:00,-268.951779263
2018-02-01 10:39:00,-268.951779263
2018-02-01 10:40:00,-268.951779263
2018-02-01 10:41:00,-268.951779263
2018-02-01 10:42:00,-268.951779263
2018-02-01 10:43:00,-258.978456963
2018-02-01 10:44:00,-258.978456963
2018-02-01 10:45:00,-258.978456963
2018-02-01 10:46:00,-258.978456963
2018-02-01 10:47:00,-258.978456963
2018-02-01 10:48:00,-258.978456963
2018-02-01 10:49:00,-258.978456963
2018-02-01 10:50:00,-258.978456963
2018-02-01 10:51:00,-258.978456963
2018-02-01 10:52:00,-249.005134663
2018-02-01 10:53:00,-249.005134663
2018-02-01 10:54:00,-249.005134663
2018-02-01 10:55:00,-249.005134663
2018-02-01 10:56:00,-258.978456963
2018-02-01 10:57:00,-249.005134663
2018-02-01 10:58:00,-258.978456963
2018-02-01 10:59:00,-258.978456963
2018-02-01 11:00:00,-258.978456963
2018-02-01 11:01:00,-258.978456963
2018-02-01 11:02:00,-268.951779263
2018-02-01 11:03:00,-258.978456963
2018-02-01 11:04:00,-258.978456963
2018-02-01 11:05:00,-258.978456963
2018-02-01 11:06:00,-258.978456963
2018-02-01 11:07:00,-258.978456963
2018-02-01 11:08:00,-258.978456963
2018-02-01 11:09:00,-249.005134663
2018-02-01 11:10:00,-258.978456963
2018-02-01 11:11:00,-239.031812363
2018-02-01 11:12:00,-239.031812363
2018-02-01 11:13:00,-239.031812363
2018-02-01 11:14:00,-239.031812363
2018-02-01 11:15:00,-239.031812363
2018-02-01 11:16:00,-239.031812363
2018-02-01 11:17:00,-239.031812363
2018-02-01 11:18:00,-239.031812363
2018-02-01 11:19:00,-239.031812363
2018-02-01 11:20:00,-239.031812363
2018-02-01 11:21:00,-239.031812363
2018-02-01 11:22:00,-239.031812363
2018-02-01 11:23:00,-239.031812363
2018-02-01 11:24:00,-239.031812363
2018-02-01 11:25:00,-239.031812363
2018-02-01 11:26:00,-239.031812363
2018-02-01 11:27:00,-258.978456963
2018-02-01 11:28:00,-258.978456963
2018-02-01 11:29:00,-258.978456963
2018-02-01 11:30:00,-239.031812363
2018-02-01 11:31:00,-239.031812363
2018-02-01 11:32:00,-249.005134663
2018-02-01 11:33:00,-249.005134663
2018-02-01 11:34:00,-249.005134663
2018-02-01 11:35:00,-249.005134663
2018-02-01 11:36:00,-249.005134663
2018-02-01 11:37:00,-249.005134663
2018-02-01 11:38:00,-239.031812363
2018-02-01 11:39:00,-239.031812363
2018-02-01 11:40:00,-239.031812363
2018-02-01 11:41:00,-239.031812363
2018-02-01 11:42:00,-249.005134663
2018-02-01 11:43:00,-249.005134663
2018-02-01 11:44:00,-249.005134663
2018-02-01 11:45:00,-268.951779263
2018-02-01 11:46:00,-268.951779263
2018-02-01 11:47:00,-268.951779263
2018-02-01 11:48:00,-278.925101563
2018-02-01 11:49:00,-278.925101563
2018-02-01 11:50:00,-278.925101563
2018-02-01 11:51:00,-278.925101563
2018-02-01 11:52:00,-278.925101563
2018-02-01 11:53:00,-278.925101563
2018-02-01 11:54:00,-278.925101563
2018-02-01 11:55:00,-278.925101563
2018-02-01 11:56:00,-278.925101563
2018-02-01 11:57:00,-268.951779263
2018-02-01 11:58:00,-268.951779263
2018-02-01 11:59:00,-268.951779263
2018-02-02 01:29:00,-448.471580663
2018-02-02 01:30:00,-448.471580663
2018-02-02 01:31:00,-448.471580663
2018-02-02 01:32:00,-448.471580663
2018-02-02 01:33:00,-448.471580663
2018-02-02 01:34:00,-448.471580663
2018-02-02 01:35:00,-448.471580663
2018-02-02 01:36:00,-258.978456963
2018-02-02 01:37:00,-278.925101563
2018-02-02 01:38:00,-278.925101563
2018-02-02 01:39:00,-278.925101563
2018-02-02 01:40:00,-278.925101563
2018-02-02 01:41:00,-278.925101563
2018-02-02 01:42:00,-278.925101563
2018-02-02 01:43:00,-278.925101563
2018-02-02 01:44:00,-278.925101563
2018-02-02 01:45:00,-288.898423863
2018-02-02 01:46:00,-288.898423863
2018-02-02 01:47:00,-288.898423863
2018-02-02 01:48:00,-288.898423863
2018-02-02 01:49:00,-288.898423863
2018-02-02 01:50:00,-278.925101563
2018-02-02 01:51:00,-288.898423863
2018-02-02 01:52:00,-288.898423863
2018-02-02 01:53:00,-288.898423863
2018-02-02 01:54:00,-288.898423863
2018-02-02 01:55:00,-298.871746163
2018-02-02 01:56:00,-298.871746163
2018-02-02 01:57:00,-288.898423863
2018-02-02 01:58:00,-298.871746163
2018-02-02 01:59:00,-298.871746163
2018-02-02 02:00:00,-308.845068463
2018-02-02 02:01:00,-278.925101563
2018-02-02 02:02:00,-298.871746163
2018-02-02 02:03:00,-298.871746163
2018-02-02 02:04:00,-298.871746163
2018-02-02 02:05:00,-298.871746163
2018-02-02 02:06:00,-308.845068463
2018-02-02 02:07:00,-308.845068463
2018-02-02 02:08:00,-328.791713063
2018-02-02 02:09:00,-318.818390763
2018-02-02 02:10:00,-328.791713063
2018-02-02 02:11:00,-328.791713063
2018-02-02 02:12:00,-318.818390763
2018-02-02 02:13:00,-328.791713063
2018-02-02 02:14:00,-318.818390763
2018-02-02 02:15:00,-328.791713063
2018-02-02 02:16:00,-328.791713063
2018-02-02 02:17:00,-318.818390763
2018-02-02 02:18:00,-328.791713063
2018-02-02 02:19:00,-328.791713063
2018-02-02 02:20:00,-328.791713063
2018-02-02 02:21:00,-328.791713063
2018-02-02 02:22:00,-328.791713063
2018-02-02 02:23:00,-328.791713063
2018-02-02 02:24:00,-328.791713063
2018-02-02 02:25:00,-338.765035363
2018-02-02 02:26:00,-338.765035363
2018-02-02 02:27:00,-338.765035363
2018-02-02 02:28:00,-318.818390763
2018-02-02 02:29:00,-318.818390763
2018-02-02 02:30:00,-318.818390763
2018-02-02 02:31:00,-318.818390763
2018-02-02 02:32:00,-328.791713063
2018-02-02 02:33:00,-328.791713063
2018-02-02 02:34:00,-318.818390763
2018-02-02 02:35:00,-328.791713063
2018-02-02 02:36:00,-318.818390763
2018-02-02 02:37:00,-318.818390763
2018-02-02 02:38:00,-318.818390763
2018-02-02 02:39:00,-318.818390763
2018-02-02 02:40:00,-328.791713063
2018-02-02 02:41:00,-348.738357663
2018-02-02 02:42:00,-348.738357663
2018-02-02 02:43:00,-348.738357663
2018-02-02 02:44:00,-348.738357663
2018-02-02 02:45:00,-338.765035363
2018-02-02 02:46:00,-338.765035363
2018-02-02 02:47:00,-338.765035363
2018-02-02 02:48:00,-348.738357663
2018-02-02 02:49:00,-348.738357663
2018-02-02 02:50:00,-348.738357663
2018-02-02 02:51:00,-348.738357663
2018-02-02 02:52:00,-348.738357663
2018-02-02 02:53:00,-348.738357663
2018-02-02 02:54:00,-338.765035363
2018-02-02 02:55:00,-338.765035363
2018-02-02 02:56:00,-338.765035363
2018-02-02 02:57:00,-338.765035363
2018-02-02 02:58:00,-338.765035363
2018-02-02 02:59:00,-358.711679963
2018-02-02 03:00:00,-348.738357663
2018-02-02 03:01:00,-358.711679963
2018-02-02 03:02:00,-368.685002263
2018-02-02 03:03:00,-348.738357663
2018-02-02 03:04:00,-358.711679963
2018-02-02 03:05:00,-388.631646863
2018-02-02 03:06:00,-388.631646863
2018-02-02 03:07:00,-388.631646863
2018-02-02 03:08:00,-398.604969163
2018-02-02 03:09:00,-398.604969163
2018-02-02 03:10:00,-398.604969163
2018-02-02 03:11:00,-398.604969163
2018-02-02 03:12:00,-398.604969163
2018-02-02 03:13:00,-398.604969163
2018-02-02 03:14:00,-398.604969163
2018-02-02 03:15:00,-398.604969163
2018-02-02 03:16:00,-388.631646863
2018-02-02 03:17:00,-408.578291463
2018-02-02 03:18:00,-408.578291463
2018-02-02 03:19:00,-408.578291463
2018-02-02 03:20:00,-408.578291463
2018-02-02 03:21:00,-398.604969163
2018-02-02 03:22:00,-388.631646863
2018-02-02 03:23:00,-388.631646863
2018-02-02 03:24:00,-398.604969163
2018-02-02 03:25:00,-398.604969163
2018-02-02 03:26:00,-408.578291463
2018-02-02 03:27:00,-398.604969163
2018-02-02 03:28:00,-398.604969163
2018-02-02 03:29:00,-398.604969163
2018-02-02 03:30:00,-388.631646863
2018-02-02 03:31:00,-388.631646863
2018-02-02 03:32:00,-398.604969163
2018-02-02 03:33:00,-398.604969163
2018-02-02 03:34:00,-398.604969163
2018-02-02 03:35:00,-398.604969163
2018-02-02 03:36:00,-398.604969163
2018-02-02 03:37:00,-398.604969163
2018-02-02 03:38:00,-398.604969163
2018-02-02 03:39:00,-408.578291463
2018-02-02 03:40:00,-408.578291463
2018-02-02 03:41:00,-408.578291463
2018-02-02 03:42:00,-408.578291463
2018-02-02 03:43:00,-438.498258363
2018-02-02 03:44:00,-428.524936063
2018-02-02 03:45:00,-418.551613763
2018-02-02 03:46:00,-418.551613763
2018-02-02 03:47:00,-418.551613763
2018-02-02 03:48:00,-418.551613763
2018-02-02 03:49:00,-418.551613763
2018-02-02 03:50:00,-418.551613763
2018-02-02 03:51:00,-428.524936063
2018-02-02 03:52:00,-418.551613763
2018-02-02 03:53:00,-418.551613763
2018-02-02 03:54:00,-418.551613763
2018-02-02 03:55:00,-418.551613763
2018-02-02 03:56:00,-428.524936063
2018-02-02 03:57:00,-418.551613763
2018-02-02 03:58:00,-418.551613763
2018-02-02 03:59:00,-418.551613763
2018-02-02 04:00:00,-418.551613763
2018-02-02 04:01:00,-408.578291463
2018-02-02 04:02:00,-398.604969163
2018-02-02 04:03:00,-398.604969163
2018-02-02 04:04:00,-398.604969163
2018-02-02 04:05:00,-398.604969163
2018-02-02 04:06:00,-398.604969163
2018-02-02 04:07:00,-398.604969163
2018-02-02 04:08:00,-408.578291463
2018-02-02 04:09:00,-418.551613763
2018-02-02 04:10:00,-418.551613763
2018-02-02 04:11:00,-418.551613763
2018-02-02 04:12:00,-458.444902963
2018-02-02 04:13:00,-438.498258363
2018-02-02 04:14:00,-438.498258363
2018-02-02 04:15:00,-438.498258363
2018-02-02 04:16:00,-438.498258363
2018-02-02 04:17:00,-438.498258363
2018-02-02 04:18:00,-438.498258363
2018-02-02 04:19:00,-418.551613763
2018-02-02 04:20:00,-438.498258363
2018-02-02 04:21:00,-438.498258363
2018-02-02 04:22:00,-438.498258363
2018-02-02 04:23:00,-438.498258363
2018-02-02 04:24:00,-438.498258363
2018-02-02 04:25:00,-438.498258363
2018-02-02 04:26:00,-438.498258363
2018-02-02 04:27:00,-438.498258363
2018-02-02 04:28:00,-438.498258363
2018-02-02 04:29:00,-418.551613763
2018-02-02 04:30:00,-418.551613763
2018-02-02 04:31:00,-418.551613763
2018-02-02 04:32:00,-418.551613763
2018-02-02 04:33:00,-418.551613763
2018-02-02 04:34:00,-418.551613763
2018-02-02 04:35:00,-418.551613763
2018-02-02 04:36:00,-418.551613763
2018-02-02 04:37:00,-418.551613763
2018-02-02 04:38:00,-418.551613763
2018-02-02 04:39:00,-418.551613763
2018-02-02 04:40:00,-418.551613763
2018-02-02 04:41:00,-418.551613763
2018-02-02 04:42:00,-418.551613763
2018-02-02 04:43:00,-418.551613763
2018-02-02 04:44:00,-418.551613763
2018-02-02 04:45:00,-418.551613763
2018-02-02 04:46:00,-418.551613763
2018-02-02 04:47:00,-418.551613763
2018-02-02 04:48:00,-418.551613763
2018-02-02 04:49:00,-418.551613763
2018-02-02 04:50:00,-418.551613763
2018-02-02 04:51:00,-418.551613763
2018-02-02 04:52:00,-408.578291463
2018-02-02 04:53:00,-408.578291463
2018-02-02 04:54:00,-408.578291463
2018-02-02 04:55:00,-408.578291463
2018-02-02 04:56:00,-418.551613763
2018-02-02 04:57:00,-418.551613763
2018-02-02 04:58:00,-408.578291463
2018-02-02 04:59:00,-418.551613763
2018-02-02 05:00:00,-428.524936063
2018-02-02 05:01:00,-428.524936063
2018-02-02 05:02:00,-438.498258363
2018-02-02 05:03:00,-428.524936063
2018-02-02 05:04:00,-418.551613763
2018-02-02 05:05:00,-418.551613763
2018-02-02 05:06:00,-428.524936063
2018-02-02 05:07:00,-428.524936063
2018-02-02 05:08:00,-428.524936063
2018-02-02 05:09:00,-418.551613763
2018-02-02 05:10:00,-418.551613763
2018-02-02 05:11:00,-418.551613763
2018-02-02 05:12:00,-418.551613763
2018-02-02 05:13:00,-418.551613763
2018-02-02 05:14:00,-418.551613763
2018-02-02 05:15:00,-418.551613763
2018-02-02 05:16:00,-418.551613763
2018-02-02 05:17:00,-428.524936063
2018-02-02 05:18:00,-428.524936063
2018-02-02 05:19:00,-418.551613763
2018-02-02 05:20:00,-428.524936063
2018-02-02 05:21:00,-438.498258363
2018-02-02 05:22:00,-438.498258363
2018-02-02 05:23:00,-438.498258363
2018-02-02 05:24:00,-438.498258363
2018-02-02 05:25:00,-438.498258363
2018-02-02 05:26:00,-438.498258363
2018-02-02 05:27:00,-438.498258363
2018-02-02 05:28:00,-438.498258363
2018-02-02 05:29:00,-438.498258363
2018-02-02 05:30:00,-438.498258363
2018-02-02 05:31:00,-438.498258363
2018-02-02 05:32:00,-438.498258363
2018-02-02 05:33:00,-438.498258363
2018-02-02 05:34:00,-438.498258363
2018-02-02 05:35:00,-438.498258363
2018-02-02 05:36:00,-418.551613763
2018-02-02 05:37:00,-418.551613763
2018-02-02 05:38:00,-418.551613763
2018-02-02 05:39:00,-418.551613763
2018-02-02 05:40:00,-418.551613763
2018-02-02 05:41:00,-398.604969163
2018-02-02 05:42:00,-398.604969163
2018-02-02 05:43:00,-378.658324563
2018-02-02 05:44:00,-398.604969163
2018-02-02 05:45:00,-398.604969163
2018-02-02 05:46:00,-398.604969163
2018-02-02 05:47:00,-388.631646863
2018-02-02 05:48:00,-398.604969163
2018-02-02 05:49:00,-398.604969163
2018-02-02 05:50:00,-398.604969163
2018-02-02 05:51:00,-398.604969163
2018-02-02 05:52:00,-398.604969163
2018-02-02 05:53:00,-378.658324563
2018-02-02 05:54:00,-378.658324563
2018-02-02 05:55:00,-378.658324563
2018-02-02 05:56:00,-398.604969163
2018-02-02 05:57:00,-398.604969163
2018-02-02 05:58:00,-398.604969163
2018-02-02 05:59:00,-398.604969163
2018-02-02 06:00:00,-398.604969163
2018-02-02 06:01:00,-398.604969163
2018-02-02 06:02:00,-398.604969163
2018-02-02 06:03:00,-398.604969163
2018-02-02 06:04:00,-398.604969163
2018-02-02 06:05:00,-398.604969163
2018-02-02 06:06:00,-398.604969163
2018-02-02 06:07:00,-398.604969163
2018-02-02 06:08:00,-398.604969163
2018-02-02 06:09:00,-398.604969163
2018-02-02 06:10:00,-388.631646863
2018-02-02 06:11:00,-398.604969163
2018-02-02 06:12:00,-398.604969163
2018-02-02 06:13:00,-388.631646863
2018-02-02 06:14:00,-388.631646863
2018-02-02 06:15:00,-388.631646863
2018-02-02 06:16:00,-388.631646863
2018-02-02 06:17:00,-388.631646863
2018-02-02 06:18:00,-388.631646863
2018-02-02 06:19:00,-388.631646863
2018-02-02 06:20:00,-388.631646863
2018-02-02 06:21:00,-398.604969163
2018-02-02 06:22:00,-398.604969163
2018-02-02 06:23:00,-398.604969163
2018-02-02 06:24:00,-398.604969163
2018-02-02 06:25:00,-398.604969163
2018-02-02 06:26:00,-398.604969163
2018-02-02 06:27:00,-398.604969163
2018-02-02 06:28:00,-398.604969163
2018-02-02 06:29:00,-398.604969163
2018-02-02 06:30:00,-398.604969163
2018-02-02 06:31:00,-398.604969163
2018-02-02 06:32:00,-398.604969163
2018-02-02 06:33:00,-398.604969163
2018-02-02 06:34:00,-398.604969163
2018-02-02 06:35:00,-398.604969163
2018-02-02 06:36:00,-398.604969163
2018-02-02 06:37:00,-398.604969163
2018-02-02 06:38:00,-388.631646863
2018-02-02 06:39:00,-388.631646863
2018-02-02 06:40:00,-388.631646863
2018-02-02 06:41:00,-398.604969163
2018-02-02 06:42:00,-408.578291463
2018-02-02 06:43:00,-418.551613763
2018-02-02 06:44:00,-418.551613763
2018-02-02 06:45:00,-418.551613763
2018-02-02 06:46:00,-418.551613763
2018-02-02 06:47:00,-408.578291463
2018-02-02 06:48:00,-398.604969163
2018-02-02 06:49:00,-398.604969163
2018-02-02 06:50:00,-398.604969163
2018-02-02 06:51:00,-398.604969163
2018-02-02 06:52:00,-398.604969163
2018-02-02 06:53:00,-398.604969163
2018-02-02 06:54:00,-398.604969163
2018-02-02 06:55:00,-388.631646863
2018-02-02 06:56:00,-388.631646863
2018-02-02 06:57:00,-388.631646863
2018-02-02 06:58:00,-378.658324563
2018-02-02 06:59:00,-378.658324563
2018-02-02 07:00:00,-388.631646863
2018-02-02 07:01:00,-378.658324563
2018-02-02 07:02:00,-358.711679963
2018-02-02 07:03:00,-358.711679963
2018-02-02 07:04:00,-348.738357663
2018-02-02 07:05:00,-348.738357663
2018-02-02 07:06:00,-348.738357663
2018-02-02 07:07:00,-348.738357663
2018-02-02 07:08:00,-378.658324563
2018-02-02 07:09:00,-348.738357663
2018-02-02 07:10:00,-358.711679963
2018-02-02 07:11:00,-348.738357663
2018-02-02 07:12:00,-348.738357663
2018-02-02 07:13:00,-348.738357663
2018-02-02 07:14:00,-348.738357663
2018-02-02 07:15:00,-348.738357663
2018-02-02 07:16:00,-348.738357663
2018-02-02 07:17:00,-348.738357663
2018-02-02 07:18:00,-338.765035363
2018-02-02 07:19:00,-338.765035363
2018-02-02 07:20:00,-338.765035363
2018-02-02 07:21:00,-338.765035363
2018-02-02 07:22:00,-338.765035363
2018-02-02 07:23:00,-338.765035363
2018-02-02 07:24:00,-348.738357663
2018-02-02 07:25:00,-348.738357663
2018-02-02 07:26:00,-348.738357663
2018-02-02 07:27:00,-348.738357663
2018-02-02 07:28:00,-318.818390763
2018-02-02 07:29:00,-308.845068463
2018-02-02 07:30:00,-308.845068463
2018-02-02 07:31:00,-428.524936063
2018-02-02 07:32:00,-488.364869863
2018-02-02 07:33:00,-488.364869863
2018-02-02 07:34:00,-508.311514463
2018-02-02 07:35:00,-498.338192163
2018-02-02 07:36:00,-478.391547563
2018-02-02 07:37:00,-478.391547563
2018-02-02 07:38:00,-458.444902963
2018-02-02 07:39:00,-468.418225263
2018-02-02 07:40:00,-488.364869863
2018-02-02 07:41:00,-468.418225263
2018-02-02 07:42:00,-488.364869863
2018-02-02 07:43:00,-468.418225263
2018-02-02 07:44:00,-468.418225263
2018-02-02 07:45:00,-468.418225263
2018-02-02 07:46:00,-468.418225263
2018-02-02 07:47:00,-478.391547563
2018-02-02 07:48:00,-468.418225263
2018-02-02 07:49:00,-458.444902963
2018-02-02 07:50:00,-458.444902963
2018-02-02 07:51:00,-458.444902963
2018-02-02 07:52:00,-448.471580663
2018-02-02 07:53:00,-448.471580663
2018-02-02 07:54:00,-438.498258363
2018-02-02 07:55:00,-438.498258363
2018-02-02 07:56:00,-438.498258363
2018-02-02 07:57:00,-438.498258363
2018-02-02 07:58:00,-438.498258363
2018-02-02 07:59:00,-448.471580663
2018-02-02 08:00:00,-438.498258363
2018-02-02 08:01:00,-448.471580663
2018-02-02 08:02:00,-448.471580663
2018-02-02 08:03:00,-448.471580663
2018-02-02 08:04:00,-458.444902963
2018-02-02 08:05:00,-468.418225263
2018-02-02 08:06:00,-468.418225263
2018-02-02 08:07:00,-448.471580663
2018-02-02 08:08:00,-448.471580663
2018-02-02 08:09:00,-448.471580663
2018-02-02 08:10:00,-448.471580663
2018-02-02 08:11:00,-448.471580663
2018-02-02 08:12:00,-438.498258363
2018-02-02 08:13:00,-458.444902963
2018-02-02 08:14:00,-448.471580663
2018-02-02 08:15:00,-468.418225263
2018-02-02 08:16:00,-468.418225263
2018-02-02 08:17:00,-458.444902963
2018-02-02 08:18:00,-428.524936063
2018-02-02 08:19:00,-428.524936063
2018-02-02 08:20:00,-428.524936063
2018-02-02 08:21:00,-428.524936063
2018-02-02 08:22:00,-428.524936063
2018-02-02 08:23:00,-418.551613763
2018-02-02 08:24:00,-408.578291463
2018-02-02 08:25:00,-408.578291463
2018-02-02 08:26:00,-418.551613763
2018-02-02 08:27:00,-418.551613763
2018-02-02 08:28:00,-418.551613763
2018-02-02 08:29:00,-408.578291463
2018-02-02 08:30:00,-408.578291463
2018-02-02 08:31:00,-408.578291463
2018-02-02 08:32:00,-398.604969163
2018-02-02 08:33:00,-408.578291463
2018-02-02 08:34:00,-408.578291463
2018-02-02 08:35:00,-408.578291463
2018-02-02 08:36:00,-418.551613763
2018-02-02 08:37:00,-418.551613763
2018-02-02 08:38:00,-428.524936063
2018-02-02 08:39:00,-428.524936063
2018-02-02 08:40:00,-418.551613763
2018-02-02 08:41:00,-408.578291463
2018-02-02 08:42:00,-408.578291463
2018-02-02 08:43:00,-388.631646863
2018-02-02 08:44:00,-388.631646863
2018-02-02 08:45:00,-388.631646863
2018-02-02 08:46:00,-388.631646863
2018-02-02 08:47:00,-388.631646863
2018-02-02 08:48:00,-388.631646863
2018-02-02 08:49:00,-398.604969163
2018-02-02 08:50:00,-408.578291463
2018-02-02 08:51:00,-418.551613763
2018-02-02 08:52:00,-408.578291463
2018-02-02 08:53:00,-398.604969163
2018-02-02 08:54:00,-398.604969163
2018-02-02 08:55:00,-398.604969163
2018-02-02 08:56:00,-418.551613763
2018-02-02 08:57:00,-418.551613763
2018-02-02 08:58:00,-418.551613763
2018-02-02 08:59:00,-418.551613763
2018-02-02 09:00:00,-418.551613763
2018-02-02 09:01:00,-428.524936063
2018-02-02 09:02:00,-428.524936063
2018-02-02 09:03:00,-438.498258363
2018-02-02 09:04:00,-448.471580663
2018-02-02 09:05:00,-448.471580663
2018-02-02 09:06:00,-448.471580663
2018-02-02 09:07:00,-428.524936063
2018-02-02 09:08:00,-428.524936063
2018-02-02 09:09:00,-428.524936063
2018-02-02 09:10:00,-428.524936063
2018-02-02 09:11:00,-428.524936063
2018-02-02 09:12:00,-418.551613763
2018-02-02 09:13:00,-418.551613763
2018-02-02 09:14:00,-418.551613763
2018-02-02 09:15:00,-418.551613763
2018-02-02 09:16:00,-418.551613763
2018-02-02 09:17:00,-428.524936063
2018-02-02 09:18:00,-428.524936063
2018-02-02 09:19:00,-418.551613763
2018-02-02 09:20:00,-418.551613763
2018-02-02 09:21:00,-408.578291463
2018-02-02 09:22:00,-408.578291463
2018-02-02 09:23:00,-408.578291463
2018-02-02 09:24:00,-408.578291463
2018-02-02 09:25:00,-408.578291463
2018-02-02 09:26:00,-408.578291463
2018-02-02 09:27:00,-388.631646863
2018-02-02 09:28:00,-368.685002263
2018-02-02 09:29:00,-368.685002263
2018-02-02 09:30:00,-388.631646863
2018-02-02 09:31:00,-358.711679963
2018-02-02 09:32:00,-358.711679963
2018-02-02 09:33:00,-368.685002263
2018-02-02 09:34:00,-368.685002263
2018-02-02 09:35:00,-378.658324563
2018-02-02 09:36:00,-368.685002263
2018-02-02 09:37:00,-368.685002263
2018-02-02 09:38:00,-368.685002263
2018-02-02 09:39:00,-368.685002263
2018-02-02 09:40:00,-368.685002263
2018-02-02 09:41:00,-368.685002263
2018-02-02 09:42:00,-368.685002263
2018-02-02 09:43:00,-378.658324563
2018-02-02 09:44:00,-378.658324563
2018-02-02 09:45:00,-368.685002263
2018-02-02 09:46:00,-378.658324563
2018-02-02 09:47:00,-378.658324563
2018-02-02 09:48:00,-378.658324563
2018-02-02 09:49:00,-368.685002263
2018-02-02 09:50:00,-368.685002263
2018-02-02 09:51:00,-378.658324563
2018-02-02 09:52:00,-378.658324563
2018-02-02 09:53:00,-378.658324563
2018-02-02 09:54:00,-378.658324563
2018-02-02 09:55:00,-378.658324563
2018-02-02 09:56:00,-378.658324563
2018-02-02 09:57:00,-378.658324563
2018-02-02 09:58:00,-378.658324563
2018-02-02 09:59:00,-368.685002263
2018-02-02 10:00:00,-368.685002263
2018-02-02 10:01:00,-368.685002263
2018-02-02 10:02:00,-358.711679963
2018-02-02 10:03:00,-358.711679963
2018-02-02 10:04:00,-358.711679963
2018-02-02 10:05:00,-368.685002263
2018-02-02 10:06:00,-348.738357663
2018-02-02 10:07:00,-348.738357663
2018-02-02 10:08:00,-348.738357663
2018-02-02 10:09:00,-368.685002263
2018-02-02 10:10:00,-368.685002263
2018-02-02 10:11:00,-348.738357663
2018-02-02 10:12:00,-348.738357663
2018-02-02 10:13:00,-348.738357663
2018-02-02 10:14:00,-368.685002263
2018-02-02 10:15:00,-368.685002263
2018-02-02 10:16:00,-368.685002263
2018-02-02 10:17:00,-358.711679963
2018-02-02 10:18:00,-358.711679963
2018-02-02 10:19:00,-368.685002263
2018-02-02 10:20:00,-368.685002263
2018-02-02 10:21:00,-368.685002263
2018-02-02 10:22:00,-348.738357663
2018-02-02 10:23:00,-358.711679963
2018-02-02 10:24:00,-358.711679963
2018-02-02 10:25:00,-358.711679963
2018-02-02 10:26:00,-348.738357663
2018-02-02 10:27:00,-348.738357663
2018-02-02 10:28:00,-358.711679963
2018-02-02 10:29:00,-358.711679963
2018-02-02 10:30:00,-358.711679963
2018-02-02 10:31:00,-368.685002263
2018-02-02 10:32:00,-368.685002263
2018-02-02 10:33:00,-368.685002263
2018-02-02 10:34:00,-368.685002263
2018-02-02 10:35:00,-378.658324563
2018-02-02 10:36:00,-378.658324563
2018-02-02 10:37:00,-378.658324563
2018-02-02 10:38:00,-368.685002263
2018-02-02 10:39:00,-368.685002263
2018-02-02 10:40:00,-368.685002263
2018-02-02 10:41:00,-358.711679963
2018-02-02 10:42:00,-358.711679963
2018-02-02 10:43:00,-358.711679963
2018-02-02 10:44:00,-358.711679963
2018-02-02 10:45:00,-378.658324563
2018-02-02 10:46:00,-368.685002263
2018-02-02 10:47:00,-368.685002263
2018-02-02 10:48:00,-368.685002263
2018-02-02 10:49:00,-368.685002263
2018-02-02 10:50:00,-388.631646863
2018-02-02 10:51:00,-378.658324563
2018-02-02 10:52:00,-378.658324563
2018-02-02 10:53:00,-358.711679963
2018-02-02 10:54:00,-368.685002263
2018-02-02 10:55:00,-378.658324563
2018-02-02 10:56:00,-378.658324563
2018-02-02 10:57:00,-378.658324563
2018-02-02 10:58:00,-378.658324563
2018-02-02 10:59:00,-368.685002263
2018-02-02 11:00:00,-358.711679963
2018-02-02 11:01:00,-358.711679963
2018-02-02 11:02:00,-358.711679963
2018-02-02 11:03:00,-358.711679963
2018-02-02 11:04:00,-358.711679963
2018-02-02 11:05:00,-358.711679963
2018-02-02 11:06:00,-358.711679963
2018-02-02 11:07:00,-358.711679963
2018-02-02 11:08:00,-358.711679963
2018-02-02 11:09:00,-348.738357663
2018-02-02 11:10:00,-338.765035363
2018-02-02 11:11:00,-358.711679963
2018-02-02 11:12:00,-358.711679963
2018-02-02 11:13:00,-358.711679963
2018-02-02 11:14:00,-358.711679963
2018-02-02 11:15:00,-358.711679963
2018-02-02 11:16:00,-358.711679963
2018-02-02 11:17:00,-358.711679963
2018-02-02 11:18:00,-358.711679963
2018-02-02 11:19:00,-348.738357663
2018-02-02 11:20:00,-348.738357663
2018-02-02 11:21:00,-348.738357663
2018-02-02 11:22:00,-348.738357663
2018-02-02 11:23:00,-318.818390763
2018-02-02 11:24:00,-318.818390763
2018-02-02 11:25:00,-318.818390763
2018-02-02 11:26:00,-318.818390763
2018-02-02 11:27:00,-298.871746163
2018-02-02 11:28:00,-318.818390763
2018-02-02 11:29:00,-318.818390763
2018-02-02 11:30:00,-338.765035363
2018-02-02 11:31:00,-318.818390763
2018-02-02 11:32:00,-308.845068463
2018-02-02 11:33:00,-308.845068463
2018-02-02 11:34:00,-298.871746163
2018-02-02 11:35:00,-298.871746163
2018-02-02 11:36:00,-308.845068463
2018-02-02 11:37:00,-278.925101563
2018-02-02 11:38:00,-278.925101563
2018-02-02 11:39:00,-278.925101563
2018-02-02 11:40:00,-278.925101563
2018-02-02 11:41:00,-278.925101563
2018-02-02 11:42:00,-278.925101563
2018-02-02 11:43:00,-278.925101563
2018-02-02 11:44:00,-308.845068463
2018-02-02 11:45:00,-298.871746163
2018-02-02 11:46:00,-308.845068463
2018-02-02 11:47:00,-308.845068463
2018-02-02 11:48:00,-298.871746163
2018-02-02 11:49:00,-288.898423863
2018-02-02 11:50:00,-288.898423863
2018-02-02 11:51:00,-288.898423863
2018-02-02 11:52:00,-298.871746163
2018-02-02 11:53:00,-298.871746163
2018-02-02 11:54:00,-298.871746163
2018-02-02 11:55:00,-298.871746163
2018-02-02 11:56:00,-298.871746163
2018-02-02 11:57:00,-298.871746163
2018-02-02 11:58:00,-298.871746163
2018-02-02 11:59:00,-288.898423863
2018-02-05 01:36:00,-338.848527322
2018-02-05 01:37:00,-338.848527322
2018-02-05 01:38:00,-338.848527322
2018-02-05 01:39:00,-318.846371122
2018-02-05 01:40:00,-318.846371122
2018-02-05 01:41:00,-318.846371122
2018-02-05 01:42:00,-318.846371122
2018-02-05 01:43:00,-338.848527322
2018-02-05 01:44:00,-318.846371122
2018-02-05 01:45:00,-318.846371122
2018-02-05 01:46:00,-318.846371122
2018-02-05 01:47:00,-318.846371122
2018-02-05 01:48:00,-318.846371122
2018-02-05 01:49:00,-308.845293022
2018-02-05 01:50:00,-308.845293022
2018-02-05 01:51:00,-318.846371122
2018-02-05 01:52:00,-318.846371122
2018-02-05 01:53:00,-308.845293022
2018-02-05 01:54:00,-298.844214922
2018-02-05 01:55:00,-298.844214922
2018-02-05 01:56:00,-298.844214922
2018-02-05 01:57:00,-298.844214922
2018-02-05 01:58:00,-298.844214922
2018-02-05 01:59:00,-288.843136822
2018-02-05 02:00:00,-298.844214922
2018-02-05 02:01:00,-288.843136822
2018-02-05 02:02:00,-288.843136822
2018-02-05 02:03:00,-298.844214922
2018-02-05 02:04:00,-308.845293022
2018-02-05 02:05:00,-308.845293022
2018-02-05 02:06:00,-308.845293022
2018-02-05 02:07:00,-318.846371122
2018-02-05 02:08:00,-318.846371122
2018-02-05 02:09:00,-348.849605422
2018-02-05 02:10:00,-338.848527322
2018-02-05 02:11:00,-368.851761622
2018-02-05 02:12:00,-358.850683522
2018-02-05 02:13:00,-348.849605422
2018-02-05 02:14:00,-348.849605422
2018-02-05 02:15:00,-348.849605422
2018-02-05 02:16:00,-348.849605422
2018-02-05 02:17:00,-348.849605422
2018-02-05 02:18:00,-348.849605422
2018-02-05 02:19:00,-348.849605422
2018-02-05 02:20:00,-348.849605422
2018-02-05 02:21:00,-348.849605422
2018-02-05 02:22:00,-328.847449222
2018-02-05 02:23:00,-328.847449222
2018-02-05 02:24:00,-328.847449222
2018-02-05 02:25:00,-328.847449222
2018-02-05 02:26:00,-328.847449222
2018-02-05 02:27:00,-328.847449222
2018-02-05 02:28:00,-338.848527322
2018-02-05 02:29:00,-338.848527322
2018-02-05 02:30:00,-338.848527322
2018-02-05 02:31:00,-338.848527322
2018-02-05 02:32:00,-338.848527322
2018-02-05 02:33:00,-338.848527322
2018-02-05 02:34:00,-328.847449222
2018-02-05 02:35:00,-328.847449222
2018-02-05 02:36:00,-308.845293022
2018-02-05 02:37:00,-318.846371122
2018-02-05 02:38:00,-318.846371122
2018-02-05 02:39:00,-318.846371122
2018-02-05 02:40:00,-318.846371122
2018-02-05 02:41:00,-318.846371122
2018-02-05 02:42:00,-308.845293022
2018-02-05 02:43:00,-288.843136822
2018-02-05 02:44:00,-288.843136822
2018-02-05 02:45:00,-298.844214922
2018-02-05 02:46:00,-298.844214922
2018-02-05 02:47:00,-308.845293022
2018-02-05 02:48:00,-298.844214922
2018-02-05 02:49:00,-298.844214922
2018-02-05 02:50:00,-298.844214922
2018-02-05 02:51:00,-298.844214922
2018-02-05 02:52:00,-298.844214922
2018-02-05 02:53:00,-298.844214922
2018-02-05 02:54:00,-298.844214922
2018-02-05 02:55:00,-298.844214922
2018-02-05 02:56:00,-298.844214922
2018-02-05 02:57:00,-298.844214922
2018-02-05 02:58:00,-298.844214922
2018-02-05 02:59:00,-298.844214922
2018-02-05 03:00:00,-298.844214922
2018-02-05 03:01:00,-298.844214922
2018-02-05 03:02:00,-298.844214922
2018-02-05 03:03:00,-298.844214922
2018-02-05 03:04:00,-288.843136822
2018-02-05 03:05:00,-298.844214922
2018-02-05 03:06:00,-288.843136822
2018-02-05 03:07:00,-288.843136822
2018-02-05 03:08:00,-288.843136822
2018-02-05 03:09:00,-288.843136822
2018-02-05 03:10:00,-288.843136822
2018-02-05 03:11:00,-288.843136822
2018-02-05 03:12:00,-288.843136822
2018-02-05 03:13:00,-288.843136822
2018-02-05 03:14:00,-288.843136822
2018-02-05 03:15:00,-298.844214922
2018-02-05 03:16:00,-298.844214922
2018-02-05 03:17:00,-298.844214922
2018-02-05 03:18:00,-298.844214922
2018-02-05 03:19:00,-298.844214922
2018-02-05 03:20:00,-298.844214922
2018-02-05 03:21:00,-298.844214922
2018-02-05 03:22:00,-298.844214922
2018-02-05 03:23:00,-298.844214922
2018-02-05 03:24:00,-298.844214922
2018-02-05 03:25:00,-288.843136822
2018-02-05 03:26:00,-288.843136822
2018-02-05 03:27:00,-278.842058722
2018-02-05 03:28:00,-288.843136822
2018-02-05 03:29:00,-298.844214922
2018-02-05 03:30:00,-238.837746322
2018-02-05 03:31:00,-228.836668222
2018-02-05 03:32:00,-238.837746322
2018-02-05 03:33:00,-208.834512022
2018-02-05 03:34:00,-198.833433922
2018-02-05 03:35:00,-188.832355822
2018-02-05 03:36:00,-178.831277722
2018-02-05 03:37:00,-188.832355822
2018-02-05 03:38:00,-178.831277722
2018-02-05 03:39:00,-188.832355822
2018-02-05 03:40:00,-188.832355822
2018-02-05 03:41:00,-188.832355822
2018-02-05 03:42:00,-188.832355822
2018-02-05 03:43:00,-188.832355822
2018-02-05 03:44:00,-168.830199622
2018-02-05 03:45:00,-188.832355822
2018-02-05 03:46:00,-188.832355822
2018-02-05 03:47:00,-188.832355822
2018-02-05 03:48:00,-188.832355822
2018-02-05 03:49:00,-188.832355822
2018-02-05 03:50:00,-188.832355822
2018-02-05 03:51:00,-208.834512022
2018-02-05 03:52:00,-208.834512022
2018-02-05 03:53:00,-208.834512022
2018-02-05 03:54:00,-208.834512022
2018-02-05 03:55:00,-208.834512022
2018-02-05 03:56:00,-218.835590122
2018-02-05 03:57:00,-218.835590122
2018-02-05 03:58:00,-218.835590122
2018-02-05 03:59:00,-218.835590122
2018-02-05 04:00:00,-218.835590122
2018-02-05 04:01:00,-228.836668222
2018-02-05 04:02:00,-218.835590122
2018-02-05 04:03:00,-208.834512022
2018-02-05 04:04:00,-208.834512022
2018-02-05 04:05:00,-208.834512022
2018-02-05 04:06:00,-208.834512022
2018-02-05 04:07:00,-208.834512022
2018-02-05 04:08:00,-208.834512022
2018-02-05 04:09:00,-218.835590122
2018-02-05 04:10:00,-218.835590122
2018-02-05 04:11:00,-218.835590122
2018-02-05 04:12:00,-218.835590122
2018-02-05 04:13:00,-218.835590122
2018-02-05 04:14:00,-218.835590122
2018-02-05 04:15:00,-218.835590122
2018-02-05 04:16:00,-218.835590122
2018-02-05 04:17:00,-218.835590122
2018-02-05 04:18:00,-218.835590122
2018-02-05 04:19:00,-218.835590122
2018-02-05 04:20:00,-228.836668222
2018-02-05 04:21:00,-228.836668222
2018-02-05 04:22:00,-228.836668222
2018-02-05 04:23:00,-228.836668222
2018-02-05 04:24:00,-228.836668222
2018-02-05 04:25:00,-228.836668222
2018-02-05 04:26:00,-218.835590122
2018-02-05 04:27:00,-218.835590122
2018-02-05 04:28:00,-218.835590122
2018-02-05 04:29:00,-218.835590122
2018-02-05 04:30:00,-218.835590122
2018-02-05 04:31:00,-218.835590122
2018-02-05 04:32:00,-218.835590122
2018-02-05 04:33:00,-218.835590122
2018-02-05 04:34:00,-218.835590122
2018-02-05 04:35:00,-218.835590122
2018-02-05 04:36:00,-218.835590122
2018-02-05 04:37:00,-218.835590122
2018-02-05 04:38:00,-218.835590122
2018-02-05 04:39:00,-228.836668222
2018-02-05 04:40:00,-238.837746322
2018-02-05 04:41:00,-238.837746322
2018-02-05 04:42:00,-238.837746322
2018-02-05 04:43:00,-218.835590122
2018-02-05 04:44:00,-218.835590122
2018-02-05 04:45:00,-218.835590122
2018-02-05 04:46:00,-228.836668222
2018-02-05 04:47:00,-218.835590122
2018-02-05 04:48:00,-228.836668222
2018-02-05 04:49:00,-228.836668222
2018-02-05 04:50:00,-228.836668222
2018-02-05 04:51:00,-228.836668222
2018-02-05 04:52:00,-228.836668222
2018-02-05 04:53:00,-238.837746322
2018-02-05 04:54:00,-238.837746322
2018-02-05 04:55:00,-238.837746322
2018-02-05 04:56:00,-228.836668222
2018-02-05 04:57:00,-228.836668222
2018-02-05 04:58:00,-228.836668222
2018-02-05 04:59:00,-228.836668222
2018-02-05 05:00:00,-218.835590122
2018-02-05 05:01:00,-218.835590122
2018-02-05 05:02:00,-228.836668222
2018-02-05 05:03:00,-218.835590122
2018-02-05 05:04:00,-238.837746322
2018-02-05 05:05:00,-238.837746322
2018-02-05 05:06:00,-238.837746322
2018-02-05 05:07:00,-238.837746322
2018-02-05 05:08:00,-238.837746322
2018-02-05 05:09:00,-238.837746322
2018-02-05 05:10:00,-238.837746322
2018-02-05 05:11:00,-238.837746322
2018-02-05 05:12:00,-218.835590122
2018-02-05 05:13:00,-218.835590122
2018-02-05 05:14:00,-218.835590122
2018-02-05 05:15:00,-218.835590122
2018-02-05 05:16:00,-218.835590122
2018-02-05 05:17:00,-228.836668222
2018-02-05 05:18:00,-218.835590122
2018-02-05 05:19:00,-218.835590122
2018-02-05 05:20:00,-218.835590122
2018-02-05 05:21:00,-218.835590122
2018-02-05 05:22:00,-238.837746322
2018-02-05 05:23:00,-238.837746322
2018-02-05 05:24:00,-238.837746322
2018-02-05 05:25:00,-238.837746322
2018-02-05 05:26:00,-238.837746322
2018-02-05 05:27:00,-238.837746322
2018-02-05 05:28:00,-238.837746322
2018-02-05 05:29:00,-238.837746322
2018-02-05 05:30:00,-238.837746322
2018-02-05 05:31:00,-238.837746322
2018-02-05 05:32:00,-238.837746322
2018-02-05 05:33:00,-238.837746322
2018-02-05 05:34:00,-218.835590122
2018-02-05 05:35:00,-218.835590122
2018-02-05 05:36:00,-218.835590122
2018-02-05 05:37:00,-198.833433922
2018-02-05 05:38:00,-198.833433922
2018-02-05 05:39:00,-198.833433922
2018-02-05 05:40:00,-198.833433922
2018-02-05 05:41:00,-198.833433922
2018-02-05 05:42:00,-198.833433922
2018-02-05 05:43:00,-198.833433922
2018-02-05 05:44:00,-198.833433922
2018-02-05 05:45:00,-198.833433922
2018-02-05 05:46:00,-198.833433922
2018-02-05 05:47:00,-198.833433922
2018-02-05 05:48:00,-198.833433922
2018-02-05 05:49:00,-198.833433922
2018-02-05 05:50:00,-208.834512022
2018-02-05 05:51:00,-198.833433922
2018-02-05 05:52:00,-198.833433922
2018-02-05 05:53:00,-198.833433922
2018-02-05 05:54:00,-218.835590122
2018-02-05 05:55:00,-218.835590122
2018-02-05 05:56:00,-218.835590122
2018-02-05 05:57:00,-218.835590122
2018-02-05 05:58:00,-198.833433922
2018-02-05 05:59:00,-198.833433922
2018-02-05 06:00:00,-198.833433922
2018-02-05 06:01:00,-198.833433922
2018-02-05 06:02:00,-198.833433922
2018-02-05 06:03:00,-198.833433922
2018-02-05 06:04:00,-198.833433922
2018-02-05 06:05:00,-198.833433922
2018-02-05 06:06:00,-198.833433922
2018-02-05 06:07:00,-198.833433922
2018-02-05 06:08:00,-198.833433922
2018-02-05 06:09:00,-198.833433922
2018-02-05 06:10:00,-198.833433922
2018-02-05 06:11:00,-198.833433922
2018-02-05 06:12:00,-198.833433922
2018-02-05 06:13:00,-198.833433922
2018-02-05 06:14:00,-198.833433922
2018-02-05 06:15:00,-198.833433922
2018-02-05 06:16:00,-198.833433922
2018-02-05 06:17:00,-198.833433922
2018-02-05 06:18:00,-198.833433922
2018-02-05 06:19:00,-198.833433922
2018-02-05 06:20:00,-198.833433922
2018-02-05 06:21:00,-168.830199622
2018-02-05 06:22:00,-168.830199622
2018-02-05 06:23:00,-138.826965322
2018-02-05 06:24:00,-128.825887222
2018-02-05 06:25:00,-148.828043422
2018-02-05 06:26:00,-128.825887222
2018-02-05 06:27:00,-138.826965322
2018-02-05 06:28:00,-128.825887222
2018-02-05 06:29:00,-128.825887222
2018-02-05 06:30:00,-138.826965322
2018-02-05 06:31:00,-138.826965322
2018-02-05 06:32:00,-138.826965322
2018-02-05 06:33:00,-138.826965322
2018-02-05 06:34:00,-138.826965322
2018-02-05 06:35:00,-138.826965322
2018-02-05 06:36:00,-148.828043422
2018-02-05 06:37:00,-138.826965322
2018-02-05 06:38:00,-138.826965322
2018-02-05 06:39:00,-138.826965322
2018-02-05 06:40:00,-158.829121522
2018-02-05 06:41:00,-158.829121522
2018-02-05 06:42:00,-158.829121522
2018-02-05 06:43:00,-158.829121522
2018-02-05 06:44:00,-168.830199622
2018-02-05 06:45:00,-168.830199622
2018-02-05 06:46:00,-128.825887222
2018-02-05 06:47:00,-128.825887222
2018-02-05 06:48:00,-128.825887222
2018-02-05 06:49:00,-118.824809122
2018-02-05 06:50:00,-118.824809122
2018-02-05 06:51:00,-118.824809122
2018-02-05 06:52:00,-108.823731022
2018-02-05 06:53:00,-108.823731022
2018-02-05 06:54:00,-108.823731022
2018-02-05 06:55:00,-98.8226529217
2018-02-05 06:56:00,-98.8226529217
2018-02-05 06:57:00,-118.824809122
2018-02-05 06:58:00,-118.824809122
2018-02-05 06:59:00,-118.824809122
2018-02-05 07:00:00,-118.824809122
2018-02-05 07:01:00,-118.824809122
2018-02-05 07:02:00,-98.8226529217
2018-02-05 07:03:00,-118.824809122
2018-02-05 07:04:00,-108.823731022
2018-02-05 07:05:00,-118.824809122
2018-02-05 07:06:00,-98.8226529217
2018-02-05 07:07:00,-118.824809122
2018-02-05 07:08:00,-98.8226529217
2018-02-05 07:09:00,-98.8226529217
2018-02-05 07:10:00,-98.8226529217
2018-02-05 07:11:00,-98.8226529217
2018-02-05 07:12:00,-98.8226529217
2018-02-05 07:13:00,-108.823731022
2018-02-05 07:14:00,-98.8226529217
2018-02-05 07:15:00,-98.8226529217
2018-02-05 07:16:00,-98.8226529217
2018-02-05 07:17:00,-98.8226529217
2018-02-05 07:18:00,-98.8226529217
2018-02-05 07:19:00,-98.8226529217
2018-02-05 07:20:00,-98.8226529217
2018-02-05 07:21:00,-118.824809122
2018-02-05 07:22:00,-108.823731022
2018-02-05 07:23:00,-118.824809122
2018-02-05 07:24:00,-118.824809122
2018-02-05 07:25:00,-118.824809122
2018-02-05 07:26:00,-118.824809122
2018-02-05 07:27:00,-118.824809122
2018-02-05 07:28:00,-118.824809122
2018-02-05 07:29:00,-118.824809122
2018-02-05 07:30:00,-118.824809122
2018-02-05 07:31:00,-118.824809122
2018-02-05 07:32:00,-118.824809122
2018-02-05 07:33:00,-118.824809122
2018-02-05 07:34:00,-118.824809122
2018-02-05 07:35:00,-118.824809122
2018-02-05 07:36:00,-118.824809122
2018-02-05 07:37:00,-118.824809122
2018-02-05 07:38:00,-118.824809122
2018-02-05 07:39:00,-118.824809122
2018-02-05 07:40:00,-118.824809122
2018-02-05 07:41:00,-118.824809122
2018-02-05 07:42:00,-118.824809122
2018-02-05 07:43:00,-118.824809122
2018-02-05 07:44:00,-118.824809122
2018-02-05 07:45:00,-108.823731022
2018-02-05 07:46:00,-78.8204967217
2018-02-05 07:47:00,-78.8204967217
2018-02-05 07:48:00,-78.8204967217
2018-02-05 07:49:00,-58.8183405217
2018-02-05 07:50:00,-58.8183405217
2018-02-05 07:51:00,-58.8183405217
2018-02-05 07:52:00,-58.8183405217
2018-02-05 07:53:00,-58.8183405217
2018-02-05 07:54:00,-58.8183405217
2018-02-05 07:55:00,-58.8183405217
2018-02-05 07:56:00,-58.8183405217
2018-02-05 07:57:00,-58.8183405217
2018-02-05 07:58:00,-58.8183405217
2018-02-05 07:59:00,-58.8183405217
2018-02-05 08:00:00,-58.8183405217
2018-02-05 08:01:00,-58.8183405217
2018-02-05 08:02:00,-58.8183405217
2018-02-05 08:03:00,-38.8161843217
2018-02-05 08:04:00,-18.8140281217
2018-02-05 08:05:00,-28.8151062217
2018-02-05 08:06:00,-38.8161843217
2018-02-05 08:07:00,-38.8161843217
2018-02-05 08:08:00,-58.8183405217
2018-02-05 08:09:00,-38.8161843217
2018-02-05 08:10:00,-38.8161843217
2018-02-05 08:11:00,-38.8161843217
2018-02-05 08:12:00,-38.8161843217
2018-02-05 08:13:00,-38.8161843217
2018-02-05 08:14:00,-38.8161843217
2018-02-05 08:15:00,-38.8161843217
2018-02-05 08:16:00,-38.8161843217
2018-02-05 08:17:00,-38.8161843217
2018-02-05 08:18:00,-38.8161843217
2018-02-05 08:19:00,-38.8161843217
2018-02-05 08:20:00,-38.8161843217
2018-02-05 08:21:00,-38.8161843217
2018-02-05 08:22:00,-48.8172624217
2018-02-05 08:23:00,-48.8172624217
2018-02-05 08:24:00,-48.8172624217
2018-02-05 08:25:00,-58.8183405217
2018-02-05 08:26:00,-38.8161843217
2018-02-05 08:27:00,-38.8161843217
2018-02-05 08:28:00,-38.8161843217
2018-02-05 08:29:00,-38.8161843217
2018-02-05 08:30:00,-38.8161843217
2018-02-05 08:31:00,-28.8151062217
2018-02-05 08:32:00,-28.8151062217
2018-02-05 08:33:00,-28.8151062217
2018-02-05 08:34:00,-48.8172624217
2018-02-05 08:35:00,-48.8172624217
2018-02-05 08:36:00,-48.8172624217
2018-02-05 08:37:00,-48.8172624217
2018-02-05 08:38:00,-48.8172624217
2018-02-05 08:39:00,-38.8161843217
2018-02-05 08:40:00,-38.8161843217
2018-02-05 08:41:00,-38.8161843217
2018-02-05 08:42:00,-38.8161843217
2018-02-05 08:43:00,-18.8140281217
2018-02-05 08:44:00,-38.8161843217
2018-02-05 08:45:00,-38.8161843217
2018-02-05 08:46:00,-38.8161843217
2018-02-05 08:47:00,-38.8161843217
2018-02-05 08:48:00,-38.8161843217
2018-02-05 08:49:00,-38.8161843217
2018-02-05 08:50:00,-38.8161843217
2018-02-05 08:51:00,-58.8183405217
2018-02-05 08:52:00,-58.8183405217
2018-02-05 08:53:00,-58.8183405217
2018-02-05 08:54:00,-58.8183405217
2018-02-05 08:55:00,-58.8183405217
2018-02-05 08:56:00,-58.8183405217
2018-02-05 08:57:00,-58.8183405217
2018-02-05 08:58:00,-48.8172624217
2018-02-05 08:59:00,-48.8172624217
2018-02-05 09:00:00,-78.8204967217
2018-02-05 09:01:00,-88.8215748217
2018-02-05 09:02:00,-88.8215748217
2018-02-05 09:03:00,-98.8226529217
2018-02-05 09:04:00,-108.823731022
2018-02-05 09:05:00,-98.8226529217
2018-02-05 09:06:00,-108.823731022
2018-02-05 09:07:00,-118.824809122
2018-02-05 09:08:00,-118.824809122
2018-02-05 09:09:00,-118.824809122
2018-02-05 09:10:00,-118.824809122
2018-02-05 09:11:00,-118.824809122
2018-02-05 09:12:00,-118.824809122
2018-02-05 09:13:00,-118.824809122
2018-02-05 09:14:00,-98.8226529217
2018-02-05 09:15:00,-98.8226529217
2018-02-05 09:16:00,-98.8226529217
2018-02-05 09:17:00,-98.8226529217
2018-02-05 09:18:00,-98.8226529217
2018-02-05 09:19:00,-98.8226529217
2018-02-05 09:20:00,-98.8226529217
2018-02-05 09:21:00,-98.8226529217
2018-02-05 09:22:00,-108.823731022
2018-02-05 09:23:00,-98.8226529217
2018-02-05 09:24:00,-108.823731022
2018-02-05 09:25:00,-98.8226529217
2018-02-05 09:26:00,-98.8226529217
2018-02-05 09:27:00,-98.8226529217
2018-02-05 09:28:00,-98.8226529217
2018-02-05 09:29:00,-98.8226529217
2018-02-05 09:30:00,-98.8226529217
2018-02-05 09:31:00,-98.8226529217
2018-02-05 09:32:00,-108.823731022
2018-02-05 09:33:00,-108.823731022
2018-02-05 09:34:00,-108.823731022
2018-02-05 09:35:00,-108.823731022
2018-02-05 09:36:00,-98.8226529217
2018-02-05 09:37:00,-98.8226529217
2018-02-05 09:38:00,-108.823731022
2018-02-05 09:39:00,-108.823731022
2018-02-05 09:40:00,-108.823731022
2018-02-05 09:41:00,-108.823731022
2018-02-05 09:42:00,-108.823731022
2018-02-05 09:43:00,-108.823731022
2018-02-05 09:44:00,-108.823731022
2018-02-05 09:45:00,-108.823731022
2018-02-05 09:46:00,-108.823731022
2018-02-05 09:47:00,-108.823731022
2018-02-05 09:48:00,-108.823731022
2018-02-05 09:49:00,-108.823731022
2018-02-05 09:50:00,-118.824809122
2018-02-05 09:51:00,-118.824809122
2018-02-05 09:52:00,-108.823731022
2018-02-05 09:53:00,-108.823731022
2018-02-05 09:54:00,-108.823731022
2018-02-05 09:55:00,-128.825887222
2018-02-05 09:56:00,-128.825887222
2018-02-05 09:57:00,-128.825887222
2018-02-05 09:58:00,-118.824809122
2018-02-05 09:59:00,-118.824809122
2018-02-05 10:00:00,-118.824809122
2018-02-05 10:01:00,-118.824809122
2018-02-05 10:02:00,-118.824809122
2018-02-05 10:03:00,-118.824809122
2018-02-05 10:04:00,-118.824809122
2018-02-05 10:05:00,-118.824809122
2018-02-05 10:06:00,-118.824809122
2018-02-05 10:07:00,-98.8226529217
2018-02-05 10:08:00,-98.8226529217
2018-02-05 10:09:00,-98.8226529217
2018-02-05 10:10:00,-98.8226529217
2018-02-05 10:11:00,-98.8226529217
2018-02-05 10:12:00,-98.8226529217
2018-02-05 10:13:00,-98.8226529217
2018-02-05 10:14:00,-108.823731022
2018-02-05 10:15:00,-108.823731022
2018-02-05 10:16:00,-98.8226529217
2018-02-05 10:17:00,-98.8226529217
2018-02-05 10:18:00,-98.8226529217
2018-02-05 10:19:00,-108.823731022
2018-02-05 10:20:00,-108.823731022
2018-02-05 10:21:00,-108.823731022
2018-02-05 10:22:00,-108.823731022
2018-02-05 10:23:00,-108.823731022
2018-02-05 10:24:00,-108.823731022
2018-02-05 10:25:00,-108.823731022
2018-02-05 10:26:00,-108.823731022
2018-02-05 10:27:00,-118.824809122
2018-02-05 10:28:00,-118.824809122
2018-02-05 10:29:00,-108.823731022
2018-02-05 10:30:00,-98.8226529217
2018-02-05 10:31:00,-98.8226529217
2018-02-05 10:32:00,-98.8226529217
2018-02-05 10:33:00,-98.8226529217
2018-02-05 10:34:00,-98.8226529217
2018-02-05 10:35:00,-98.8226529217
2018-02-05 10:36:00,-98.8226529217
2018-02-05 10:37:00,-98.8226529217
2018-02-05 10:38:00,-108.823731022
2018-02-05 10:39:00,-108.823731022
2018-02-05 10:40:00,-108.823731022
2018-02-05 10:41:00,-108.823731022
2018-02-05 10:42:00,-98.8226529217
2018-02-05 10:43:00,-98.8226529217
2018-02-05 10:44:00,-98.8226529217
2018-02-05 10:45:00,-98.8226529217
2018-02-05 10:46:00,-98.8226529217
2018-02-05 10:47:00,-98.8226529217
2018-02-05 10:48:00,-98.8226529217
2018-02-05 10:49:00,-98.8226529217
2018-02-05 10:50:00,-98.8226529217
2018-02-05 10:51:00,-98.8226529217
2018-02-05 10:52:00,-98.8226529217
2018-02-05 10:53:00,-108.823731022
2018-02-05 10:54:00,-108.823731022
2018-02-05 10:55:00,-108.823731022
2018-02-05 10:56:00,-108.823731022
2018-02-05 10:57:00,-108.823731022
2018-02-05 10:58:00,-118.824809122
2018-02-05 10:59:00,-118.824809122
2018-02-05 11:00:00,-108.823731022
2018-02-05 11:01:00,-108.823731022
2018-02-05 11:02:00,-108.823731022
2018-02-05 11:03:00,-108.823731022
2018-02-05 11:04:00,-108.823731022
2018-02-05 11:05:00,-108.823731022
2018-02-05 11:06:00,-78.8204967217
2018-02-05 11:07:00,-78.8204967217
2018-02-05 11:08:00,-78.8204967217
2018-02-05 11:09:00,-78.8204967217
2018-02-05 11:10:00,-58.8183405217
2018-02-05 11:11:00,-58.8183405217
2018-02-05 11:12:00,-58.8183405217
2018-02-05 11:13:00,-58.8183405217
2018-02-05 11:14:00,-58.8183405217
2018-02-05 11:15:00,-58.8183405217
2018-02-05 11:16:00,-48.8172624217
2018-02-05 11:17:00,-48.8172624217
2018-02-05 11:18:00,-58.8183405217
2018-02-05 11:19:00,-58.8183405217
2018-02-05 11:20:00,-48.8172624217
2018-02-05 11:21:00,-48.8172624217
2018-02-05 11:22:00,-68.8194186217
2018-02-05 11:23:00,-68.8194186217
2018-02-05 11:24:00,-68.8194186217
2018-02-05 11:25:00,-68.8194186217
2018-02-05 11:26:00,-68.8194186217
2018-02-05 11:27:00,-68.8194186217
2018-02-05 11:28:00,-68.8194186217
2018-02-05 11:29:00,-68.8194186217
2018-02-05 11:30:00,-68.8194186217
2018-02-05 11:31:00,-68.8194186217
2018-02-05 11:32:00,-68.8194186217
2018-02-05 11:33:00,-68.8194186217
2018-02-05 11:34:00,-68.8194186217
2018-02-05 11:35:00,-58.8183405217
2018-02-05 11:36:00,-68.8194186217
2018-02-05 11:37:00,-68.8194186217
2018-02-05 11:38:00,-68.8194186217
2018-02-05 11:39:00,-68.8194186217
2018-02-05 11:40:00,-68.8194186217
2018-02-05 11:41:00,-68.8194186217
2018-02-05 11:42:00,-68.8194186217
2018-02-05 11:43:00,-78.8204967217
2018-02-05 11:44:00,-78.8204967217
2018-02-05 11:45:00,-58.8183405217
2018-02-05 11:46:00,-78.8204967217
2018-02-05 11:47:00,-78.8204967217
2018-02-05 11:48:00,-58.8183405217
2018-02-05 11:49:00,-68.8194186217
2018-02-05 11:50:00,-68.8194186217
2018-02-05 11:51:00,-58.8183405217
2018-02-05 11:52:00,-58.8183405217
2018-02-05 11:53:00,-58.8183405217
2018-02-05 11:54:00,-58.8183405217
2018-02-05 11:55:00,-58.8183405217
2018-02-05 11:56:00,-58.8183405217
2018-02-05 11:57:00,-58.8183405217
2018-02-05 11:58:00,-58.8183405217
2018-02-05 11:59:00,-58.8183405217
2018-02-06 01:29:00,121.201865365
2018-02-06 01:30:00,121.201865365
2018-02-06 01:31:00,121.201865365
2018-02-06 01:32:00,121.201865365
2018-02-06 01:33:00,121.201865365
2018-02-06 01:34:00,121.201865365
2018-02-06 01:35:00,61.1953967645
2018-02-06 01:36:00,61.1953967645
2018-02-06 01:37:00,101.199709165
2018-02-06 01:38:00,121.201865365
2018-02-06 01:39:00,111.200787265
2018-02-06 01:40:00,101.199709165
2018-02-06 01:41:00,121.201865365
2018-02-06 01:42:00,121.201865365
2018-02-06 01:43:00,121.201865365
2018-02-06 01:44:00,141.204021565
2018-02-06 01:45:00,181.208333965
2018-02-06 01:46:00,181.208333965
2018-02-06 01:47:00,181.208333965
2018-02-06 01:48:00,181.208333965
2018-02-06 01:49:00,181.208333965
2018-02-06 01:50:00,201.210490165
2018-02-06 01:51:00,201.210490165
2018-02-06 01:52:00,201.210490165
2018-02-06 01:53:00,191.209412065
2018-02-06 01:54:00,201.210490165
2018-02-06 01:55:00,201.210490165
2018-02-06 01:56:00,201.210490165
2018-02-06 01:57:00,201.210490165
2018-02-06 01:58:00,201.210490165
2018-02-06 01:59:00,201.210490165
2018-02-06 02:00:00,191.209412065
2018-02-06 02:01:00,131.202943465
2018-02-06 02:02:00,111.200787265
2018-02-06 02:03:00,131.202943465
2018-02-06 02:04:00,141.204021565
2018-02-06 02:05:00,141.204021565
2018-02-06 02:06:00,141.204021565
2018-02-06 02:07:00,141.204021565
2018-02-06 02:08:00,141.204021565
2018-02-06 02:09:00,141.204021565
2018-02-06 02:10:00,141.204021565
2018-02-06 02:11:00,141.204021565
2018-02-06 02:12:00,141.204021565
2018-02-06 02:13:00,141.204021565
2018-02-06 02:14:00,141.204021565
2018-02-06 02:15:00,121.201865365
2018-02-06 02:16:00,101.199709165
2018-02-06 02:17:00,101.199709165
2018-02-06 02:18:00,101.199709165
2018-02-06 02:19:00,81.1975529645
2018-02-06 02:20:00,81.1975529645
2018-02-06 02:21:00,121.201865365
2018-02-06 02:22:00,121.201865365
2018-02-06 02:23:00,101.199709165
2018-02-06 02:24:00,101.199709165
2018-02-06 02:25:00,101.199709165
2018-02-06 02:26:00,101.199709165
2018-02-06 02:27:00,121.201865365
2018-02-06 02:28:00,131.202943465
2018-02-06 02:29:00,141.204021565
2018-02-06 02:30:00,121.201865365
2018-02-06 02:31:00,121.201865365
2018-02-06 02:32:00,121.201865365
2018-02-06 02:33:00,161.206177765
2018-02-06 02:34:00,141.204021565
2018-02-06 02:35:00,141.204021565
2018-02-06 02:36:00,121.201865365
2018-02-06 02:37:00,141.204021565
2018-02-06 02:38:00,121.201865365
2018-02-06 02:39:00,121.201865365
2018-02-06 02:40:00,121.201865365
2018-02-06 02:41:00,131.202943465
2018-02-06 02:42:00,131.202943465
2018-02-06 02:43:00,131.202943465
2018-02-06 02:44:00,141.204021565
2018-02-06 02:45:00,161.206177765
2018-02-06 02:46:00,161.206177765
2018-02-06 02:47:00,141.204021565
2018-02-06 02:48:00,141.204021565
2018-02-06 02:49:00,141.204021565
2018-02-06 02:50:00,161.206177765
2018-02-06 02:51:00,161.206177765
2018-02-06 02:52:00,141.204021565
2018-02-06 02:53:00,141.204021565
2018-02-06 02:54:00,161.206177765
2018-02-06 02:55:00,141.204021565
2018-02-06 02:56:00,141.204021565
2018-02-06 02:57:00,141.204021565
2018-02-06 02:58:00,121.201865365
2018-02-06 02:59:00,121.201865365
2018-02-06 03:00:00,121.201865365
2018-02-06 03:01:00,131.202943465
2018-02-06 03:02:00,151.205099665
2018-02-06 03:03:00,151.205099665
2018-02-06 03:04:00,151.205099665
2018-02-06 03:05:00,151.205099665
2018-02-06 03:06:00,151.205099665
2018-02-06 03:07:00,181.208333965
2018-02-06 03:08:00,161.206177765
2018-02-06 03:09:00,171.207255865
2018-02-06 03:10:00,181.208333965
2018-02-06 03:11:00,171.207255865
2018-02-06 03:12:00,181.208333965
2018-02-06 03:13:00,181.208333965
2018-02-06 03:14:00,181.208333965
2018-02-06 03:15:00,161.206177765
2018-02-06 03:16:00,161.206177765
2018-02-06 03:17:00,161.206177765
2018-02-06 03:18:00,161.206177765
2018-02-06 03:19:00,161.206177765
2018-02-06 03:20:00,161.206177765
2018-02-06 03:21:00,161.206177765
2018-02-06 03:22:00,161.206177765
2018-02-06 03:23:00,161.206177765
2018-02-06 03:24:00,171.207255865
2018-02-06 03:25:00,171.207255865
2018-02-06 03:26:00,201.210490165
2018-02-06 03:27:00,201.210490165
2018-02-06 03:28:00,201.210490165
2018-02-06 03:29:00,211.211568265
2018-02-06 03:30:00,211.211568265
2018-02-06 03:31:00,211.211568265
2018-02-06 03:32:00,221.212646365
2018-02-06 03:33:00,231.213724465
2018-02-06 03:34:00,221.212646365
2018-02-06 03:35:00,231.213724465
2018-02-06 03:36:00,231.213724465
2018-02-06 03:37:00,251.215880665
2018-02-06 03:38:00,281.219114965
2018-02-06 03:39:00,261.216958765
2018-02-06 03:40:00,261.216958765
2018-02-06 03:41:00,271.218036865
2018-02-06 03:42:00,261.216958765
2018-02-06 03:43:00,281.219114965
2018-02-06 03:44:00,261.216958765
2018-02-06 03:45:00,261.216958765
2018-02-06 03:46:00,261.216958765
2018-02-06 03:47:00,261.216958765
2018-02-06 03:48:00,261.216958765
2018-02-06 03:49:00,261.216958765
2018-02-06 03:50:00,261.216958765
2018-02-06 03:51:00,261.216958765
2018-02-06 03:52:00,261.216958765
2018-02-06 03:53:00,241.214802565
2018-02-06 03:54:00,241.214802565
2018-02-06 03:55:00,241.214802565
2018-02-06 03:56:00,231.213724465
2018-02-06 03:57:00,241.214802565
2018-02-06 03:58:00,241.214802565
2018-02-06 03:59:00,241.214802565
2018-02-06 04:00:00,251.215880665
2018-02-06 04:01:00,271.218036865
2018-02-06 04:02:00,271.218036865
2018-02-06 04:03:00,261.216958765
2018-02-06 04:04:00,261.216958765
2018-02-06 04:05:00,281.219114965
2018-02-06 04:06:00,281.219114965
2018-02-06 04:07:00,281.219114965
2018-02-06 04:08:00,281.219114965
2018-02-06 04:09:00,281.219114965
2018-02-06 04:10:00,271.218036865
2018-02-06 04:11:00,281.219114965
2018-02-06 04:12:00,291.220193065
2018-02-06 04:13:00,301.221271165
2018-02-06 04:14:00,301.221271165
2018-02-06 04:15:00,301.221271165
2018-02-06 04:16:00,301.221271165
2018-02-06 04:17:00,301.221271165
2018-02-06 04:18:00,311.222349265
2018-02-06 04:19:00,311.222349265
2018-02-06 04:20:00,311.222349265
2018-02-06 04:21:00,311.222349265
2018-02-06 04:22:00,291.220193065
2018-02-06 04:23:00,301.221271165
2018-02-06 04:24:00,321.223427365
2018-02-06 04:25:00,341.225583565
2018-02-06 04:26:00,341.225583565
2018-02-06 04:27:00,351.226661665
2018-02-06 04:28:00,351.226661665
2018-02-06 04:29:00,341.225583565
2018-02-06 04:30:00,351.226661665
2018-02-06 04:31:00,351.226661665
2018-02-06 04:32:00,351.226661665
2018-02-06 04:33:00,341.225583565
2018-02-06 04:34:00,331.224505465
2018-02-06 04:35:00,321.223427365
2018-02-06 04:36:00,321.223427365
2018-02-06 04:37:00,321.223427365
2018-02-06 04:38:00,321.223427365
2018-02-06 04:39:00,321.223427365
2018-02-06 04:40:00,321.223427365
2018-02-06 04:41:00,301.221271165
2018-02-06 04:42:00,281.219114965
2018-02-06 04:43:00,291.220193065
2018-02-06 04:44:00,291.220193065
2018-02-06 04:45:00,281.219114965
2018-02-06 04:46:00,281.219114965
2018-02-06 04:47:00,281.219114965
2018-02-06 04:48:00,281.219114965
2018-02-06 04:49:00,281.219114965
2018-02-06 04:50:00,281.219114965
2018-02-06 04:51:00,281.219114965
2018-02-06 04:52:00,281.219114965
2018-02-06 04:53:00,281.219114965
2018-02-06 04:54:00,281.219114965
2018-02-06 04:55:00,271.218036865
2018-02-06 04:56:00,271.218036865
2018-02-06 04:57:00,261.216958765
2018-02-06 04:58:00,241.214802565
2018-02-06 04:59:00,251.215880665
2018-02-06 05:00:00,251.215880665
2018-02-06 05:01:00,261.216958765
2018-02-06 05:02:00,261.216958765
2018-02-06 05:03:00,261.216958765
2018-02-06 05:04:00,261.216958765
2018-02-06 05:05:00,261.216958765
2018-02-06 05:06:00,261.216958765
2018-02-06 05:07:00,261.216958765
2018-02-06 05:08:00,261.216958765
2018-02-06 05:09:00,261.216958765
2018-02-06 05:10:00,261.216958765
2018-02-06 05:11:00,261.216958765
2018-02-06 05:12:00,261.216958765
2018-02-06 05:13:00,251.215880665
2018-02-06 05:14:00,261.216958765
2018-02-06 05:15:00,251.215880665
2018-02-06 05:16:00,261.216958765
2018-02-06 05:17:00,251.215880665
2018-02-06 05:18:00,241.214802565
2018-02-06 05:19:00,231.213724465
2018-02-06 05:20:00,241.214802565
2018-02-06 05:21:00,251.215880665
2018-02-06 05:22:00,251.215880665
2018-02-06 05:23:00,251.215880665
2018-02-06 05:24:00,251.215880665
2018-02-06 05:25:00,251.215880665
2018-02-06 05:26:00,261.216958765
2018-02-06 05:27:00,251.215880665
2018-02-06 05:28:00,251.215880665
2018-02-06 05:29:00,261.216958765
2018-02-06 05:30:00,261.216958765
2018-02-06 05:31:00,251.215880665
2018-02-06 05:32:00,251.215880665
2018-02-06 05:33:00,261.216958765
2018-02-06 05:34:00,261.216958765
2018-02-06 05:35:00,251.215880665
2018-02-06 05:36:00,261.216958765
2018-02-06 05:37:00,261.216958765
2018-02-06 05:38:00,261.216958765
2018-02-06 05:39:00,261.216958765
2018-02-06 05:40:00,251.215880665
2018-02-06 05:41:00,231.213724465
2018-02-06 05:42:00,221.212646365
2018-02-06 05:43:00,231.213724465
2018-02-06 05:44:00,251.215880665
2018-02-06 05:45:00,251.215880665
2018-02-06 05:46:00,261.216958765
2018-02-06 05:47:00,261.216958765
2018-02-06 05:48:00,261.216958765
2018-02-06 05:49:00,261.216958765
2018-02-06 05:50:00,271.218036865
2018-02-06 05:51:00,271.218036865
2018-02-06 05:52:00,271.218036865
2018-02-06 05:53:00,281.219114965
2018-02-06 05:54:00,291.220193065
2018-02-06 05:55:00,281.219114965
2018-02-06 05:56:00,291.220193065
2018-02-06 05:57:00,281.219114965
2018-02-06 05:58:00,281.219114965
2018-02-06 05:59:00,281.219114965
2018-02-06 06:00:00,291.220193065
2018-02-06 06:01:00,281.219114965
2018-02-06 06:02:00,291.220193065
2018-02-06 06:03:00,291.220193065
2018-02-06 06:04:00,291.220193065
2018-02-06 06:05:00,291.220193065
2018-02-06 06:06:00,291.220193065
2018-02-06 06:07:00,291.220193065
2018-02-06 06:08:00,281.219114965
2018-02-06 06:09:00,301.221271165
2018-02-06 06:10:00,301.221271165
2018-02-06 06:11:00,301.221271165
2018-02-06 06:12:00,301.221271165
2018-02-06 06:13:00,281.219114965
2018-02-06 06:14:00,301.221271165
2018-02-06 06:15:00,301.221271165
2018-02-06 06:16:00,301.221271165
2018-02-06 06:17:00,301.221271165
2018-02-06 06:18:00,301.221271165
2018-02-06 06:19:00,301.221271165
2018-02-06 06:20:00,291.220193065
2018-02-06 06:21:00,281.219114965
2018-02-06 06:22:00,271.218036865
2018-02-06 06:23:00,261.216958765
2018-02-06 06:24:00,271.218036865
2018-02-06 06:25:00,261.216958765
2018-02-06 06:26:00,261.216958765
2018-02-06 06:27:00,261.216958765
2018-02-06 06:28:00,271.218036865
2018-02-06 06:29:00,271.218036865
2018-02-06 06:30:00,271.218036865
2018-02-06 06:31:00,271.218036865
2018-02-06 06:32:00,281.219114965
2018-02-06 06:33:00,271.218036865
2018-02-06 06:34:00,261.216958765
2018-02-06 06:35:00,261.216958765
2018-02-06 06:36:00,261.216958765
2018-02-06 06:37:00,261.216958765
2018-02-06 06:38:00,251.215880665
2018-02-06 06:39:00,251.215880665
2018-02-06 06:40:00,251.215880665
2018-02-06 06:41:00,251.215880665
2018-02-06 06:42:00,261.216958765
2018-02-06 06:43:00,261.216958765
2018-02-06 06:44:00,261.216958765
2018-02-06 06:45:00,251.215880665
2018-02-06 06:46:00,251.215880665
2018-02-06 06:47:00,261.216958765
2018-02-06 06:48:00,271.218036865
2018-02-06 06:49:00,281.219114965
2018-02-06 06:50:00,271.218036865
2018-02-06 06:51:00,281.219114965
2018-02-06 06:52:00,281.219114965
2018-02-06 06:53:00,281.219114965
2018-02-06 06:54:00,281.219114965
2018-02-06 06:55:00,281.219114965
2018-02-06 06:56:00,271.218036865
2018-02-06 06:57:00,251.215880665
2018-02-06 06:58:00,251.215880665
2018-02-06 06:59:00,231.213724465
2018-02-06 07:00:00,231.213724465
2018-02-06 07:01:00,221.212646365
2018-02-06 07:02:00,211.211568265
2018-02-06 07:03:00,231.213724465
2018-02-06 07:04:00,231.213724465
2018-02-06 07:05:00,221.212646365
2018-02-06 07:06:00,221.212646365
2018-02-06 07:07:00,211.211568265
2018-02-06 07:08:00,211.211568265
2018-02-06 07:09:00,201.210490165
2018-02-06 07:10:00,201.210490165
2018-02-06 07:11:00,201.210490165
2018-02-06 07:12:00,191.209412065
2018-02-06 07:13:00,171.207255865
2018-02-06 07:14:00,161.206177765
2018-02-06 07:15:00,161.206177765
2018-02-06 07:16:00,171.207255865
2018-02-06 07:17:00,211.211568265
2018-02-06 07:18:00,201.210490165
2018-02-06 07:19:00,181.208333965
2018-02-06 07:20:00,171.207255865
2018-02-06 07:21:00,171.207255865
2018-02-06 07:22:00,171.207255865
2018-02-06 07:23:00,101.199709165
2018-02-06 07:24:00,111.200787265
2018-02-06 07:25:00,151.205099665
2018-02-06 07:26:00,131.202943465
2018-02-06 07:27:00,131.202943465
2018-02-06 07:28:00,131.202943465
2018-02-06 07:29:00,131.202943465
2018-02-06 07:30:00,121.201865365
2018-02-06 07:31:00,121.201865365
2018-02-06 07:32:00,121.201865365
2018-02-06 07:33:00,121.201865365
2018-02-06 07:34:00,141.204021565
2018-02-06 07:35:00,141.204021565
2018-02-06 07:36:00,141.204021565
2018-02-06 07:37:00,121.201865365
2018-02-06 07:38:00,121.201865365
2018-02-06 07:39:00,121.201865365
2018-02-06 07:40:00,111.200787265
2018-02-06 07:41:00,121.201865365
2018-02-06 07:42:00,121.201865365
2018-02-06 07:43:00,121.201865365
2018-02-06 07:44:00,121.201865365
2018-02-06 07:45:00,111.200787265
2018-02-06 07:46:00,111.200787265
2018-02-06 07:47:00,111.200787265
2018-02-06 07:48:00,111.200787265
2018-02-06 07:49:00,111.200787265
2018-02-06 07:50:00,111.200787265
2018-02-06 07:51:00,101.199709165
2018-02-06 07:52:00,101.199709165
2018-02-06 07:53:00,111.200787265
2018-02-06 07:54:00,111.200787265
2018-02-06 07:55:00,91.1986310645
2018-02-06 07:56:00,71.1964748645
2018-02-06 07:57:00,91.1986310645
2018-02-06 07:58:00,71.1964748645
2018-02-06 07:59:00,71.1964748645
2018-02-06 08:00:00,71.1964748645
2018-02-06 08:01:00,81.1975529645
2018-02-06 08:02:00,61.1953967645
2018-02-06 08:03:00,61.1953967645
2018-02-06 08:04:00,41.1932405645
2018-02-06 08:05:00,41.1932405645
2018-02-06 08:06:00,21.1910843645
2018-02-06 08:07:00,21.1910843645
2018-02-06 08:08:00,41.1932405645
2018-02-06 08:09:00,41.1932405645
2018-02-06 08:10:00,41.1932405645
2018-02-06 08:11:00,51.1943186645
2018-02-06 08:12:00,51.1943186645
2018-02-06 08:13:00,51.1943186645
2018-02-06 08:14:00,51.1943186645
2018-02-06 08:15:00,71.1964748645
2018-02-06 08:16:00,71.1964748645
2018-02-06 08:17:00,71.1964748645
2018-02-06 08:18:00,71.1964748645
2018-02-06 08:19:00,61.1953967645
2018-02-06 08:20:00,61.1953967645
2018-02-06 08:21:00,71.1964748645
2018-02-06 08:22:00,61.1953967645
2018-02-06 08:23:00,71.1964748645
2018-02-06 08:24:00,81.1975529645
2018-02-06 08:25:00,91.1986310645
2018-02-06 08:26:00,91.1986310645
2018-02-06 08:27:00,91.1986310645
2018-02-06 08:28:00,91.1986310645
2018-02-06 08:29:00,81.1975529645
2018-02-06 08:30:00,81.1975529645
2018-02-06 08:31:00,71.1964748645
2018-02-06 08:32:00,61.1953967645
2018-02-06 08:33:00,31.1921624645
2018-02-06 08:34:00,31.1921624645
2018-02-06 08:35:00,21.1910843645
2018-02-06 08:36:00,1.18892816453
2018-02-06 08:37:00,11.1900062645
2018-02-06 08:38:00,1.18892816453
2018-02-06 08:39:00,1.18892816453
2018-02-06 08:40:00,1.18892816453
2018-02-06 08:41:00,1.18892816453
2018-02-06 08:42:00,31.1921624645
2018-02-06 08:43:00,21.1910843645
2018-02-06 08:44:00,31.1921624645
2018-02-06 08:45:00,21.1910843645
2018-02-06 08:46:00,21.1910843645
2018-02-06 08:47:00,21.1910843645
2018-02-06 08:48:00,21.1910843645
2018-02-06 08:49:00,21.1910843645
2018-02-06 08:50:00,21.1910843645
2018-02-06 08:51:00,61.1953967645
2018-02-06 08:52:00,71.1964748645
2018-02-06 08:53:00,41.1932405645
2018-02-06 08:54:00,41.1932405645
2018-02-06 08:55:00,41.1932405645
2018-02-06 08:56:00,51.1943186645
2018-02-06 08:57:00,51.1943186645
2018-02-06 08:58:00,71.1964748645
2018-02-06 08:59:00,71.1964748645
2018-02-06 09:00:00,61.1953967645
2018-02-06 09:01:00,61.1953967645
2018-02-06 09:02:00,71.1964748645
2018-02-06 09:03:00,71.1964748645
2018-02-06 09:04:00,81.1975529645
2018-02-06 09:05:00,71.1964748645
2018-02-06 09:06:00,91.1986310645
2018-02-06 09:07:00,91.1986310645
2018-02-06 09:08:00,101.199709165
2018-02-06 09:09:00,91.1986310645
2018-02-06 09:10:00,91.1986310645
2018-02-06 09:11:00,91.1986310645
2018-02-06 09:12:00,101.199709165
2018-02-06 09:13:00,111.200787265
2018-02-06 09:14:00,111.200787265
2018-02-06 09:15:00,111.200787265
2018-02-06 09:16:00,131.202943465
2018-02-06 09:17:00,141.204021565
2018-02-06 09:18:00,151.205099665
2018-02-06 09:19:00,151.205099665
2018-02-06 09:20:00,151.205099665
2018-02-06 09:21:00,141.204021565
2018-02-06 09:22:00,151.205099665
2018-02-06 09:23:00,161.206177765
2018-02-06 09:24:00,161.206177765
2018-02-06 09:25:00,161.206177765
2018-02-06 09:26:00,151.205099665
2018-02-06 09:27:00,161.206177765
2018-02-06 09:28:00,181.208333965
2018-02-06 09:29:00,181.208333965
2018-02-06 09:30:00,191.209412065
2018-02-06 09:31:00,201.210490165
2018-02-06 09:32:00,211.211568265
2018-02-06 09:33:00,201.210490165
2018-02-06 09:34:00,201.210490165
2018-02-06 09:35:00,201.210490165
2018-02-06 09:36:00,211.211568265
2018-02-06 09:37:00,201.210490165
2018-02-06 09:38:00,201.210490165
2018-02-06 09:39:00,171.207255865
2018-02-06 09:40:00,171.207255865
2018-02-06 09:41:00,191.209412065
2018-02-06 09:42:00,191.209412065
2018-02-06 09:43:00,191.209412065
2018-02-06 09:44:00,191.209412065
2018-02-06 09:45:00,151.205099665
2018-02-06 09:46:00,171.207255865
2018-02-06 09:47:00,171.207255865
2018-02-06 09:48:00,171.207255865
2018-02-06 09:49:00,171.207255865
2018-02-06 09:50:00,181.208333965
2018-02-06 09:51:00,191.209412065
2018-02-06 09:52:00,171.207255865
2018-02-06 09:53:00,171.207255865
2018-02-06 09:54:00,171.207255865
2018-02-06 09:55:00,161.206177765
2018-02-06 09:56:00,171.207255865
2018-02-06 09:57:00,171.207255865
2018-02-06 09:58:00,171.207255865
2018-02-06 09:59:00,171.207255865
2018-02-06 10:00:00,191.209412065
2018-02-06 10:01:00,201.210490165
2018-02-06 10:02:00,191.209412065
2018-02-06 10:03:00,191.209412065
2018-02-06 10:04:00,191.209412065
2018-02-06 10:05:00,191.209412065
2018-02-06 10:06:00,191.209412065
2018-02-06 10:07:00,191.209412065
2018-02-06 10:08:00,191.209412065
2018-02-06 10:09:00,191.209412065
2018-02-06 10:10:00,201.210490165
2018-02-06 10:11:00,191.209412065
2018-02-06 10:12:00,191.209412065
2018-02-06 10:13:00,191.209412065
2018-02-06 10:14:00,191.209412065
2018-02-06 10:15:00,181.208333965
2018-02-06 10:16:00,171.207255865
2018-02-06 10:17:00,171.207255865
2018-02-06 10:18:00,171.207255865
2018-02-06 10:19:00,171.207255865
2018-02-06 10:20:00,171.207255865
2018-02-06 10:21:00,171.207255865
2018-02-06 10:22:00,181.208333965
2018-02-06 10:23:00,181.208333965
2018-02-06 10:24:00,171.207255865
2018-02-06 10:25:00,181.208333965
2018-02-06 10:26:00,181.208333965
2018-02-06 10:27:00,181.208333965
2018-02-06 10:28:00,181.208333965
2018-02-06 10:29:00,161.206177765
2018-02-06 10:30:00,131.202943465
2018-02-06 10:31:00,141.204021565
2018-02-06 10:32:00,141.204021565
2018-02-06 10:33:00,141.204021565
2018-02-06 10:34:00,141.204021565
2018-02-06 10:35:00,141.204021565
2018-02-06 10:36:00,141.204021565
2018-02-06 10:37:00,151.205099665
2018-02-06 10:38:00,141.204021565
2018-02-06 10:39:00,141.204021565
2018-02-06 10:40:00,141.204021565
2018-02-06 10:41:00,141.204021565
2018-02-06 10:42:00,141.204021565
2018-02-06 10:43:00,141.204021565
2018-02-06 10:44:00,151.205099665
2018-02-06 10:45:00,141.204021565
2018-02-06 10:46:00,151.205099665
2018-02-06 10:47:00,141.204021565
2018-02-06 10:48:00,151.205099665
2018-02-06 10:49:00,161.206177765
2018-02-06 10:50:00,141.204021565
2018-02-06 10:51:00,141.204021565
2018-02-06 10:52:00,141.204021565
2018-02-06 10:53:00,141.204021565
2018-02-06 10:54:00,131.202943465
2018-02-06 10:55:00,131.202943465
2018-02-06 10:56:00,131.202943465
2018-02-06 10:57:00,141.204021565
2018-02-06 10:58:00,141.204021565
2018-02-06 10:59:00,141.204021565
2018-02-06 11:00:00,141.204021565
2018-02-06 11:01:00,141.204021565
2018-02-06 11:02:00,141.204021565
2018-02-06 11:03:00,171.207255865
2018-02-06 11:04:00,171.207255865
2018-02-06 11:05:00,181.208333965
2018-02-06 11:06:00,171.207255865
2018-02-06 11:07:00,181.208333965
2018-02-06 11:08:00,181.208333965
2018-02-06 11:09:00,191.209412065
2018-02-06 11:10:00,191.209412065
2018-02-06 11:11:00,191.209412065
2018-02-06 11:12:00,191.209412065
2018-02-06 11:13:00,191.209412065
2018-02-06 11:14:00,201.210490165
2018-02-06 11:15:00,191.209412065
2018-02-06 11:16:00,171.207255865
2018-02-06 11:17:00,171.207255865
2018-02-06 11:18:00,171.207255865
2018-02-06 11:19:00,191.209412065
2018-02-06 11:20:00,191.209412065
2018-02-06 11:21:00,191.209412065
2018-02-06 11:22:00,171.207255865
2018-02-06 11:23:00,171.207255865
2018-02-06 11:24:00,191.209412065
2018-02-06 11:25:00,171.207255865
2018-02-06 11:26:00,171.207255865
2018-02-06 11:27:00,171.207255865
2018-02-06 11:28:00,171.207255865
2018-02-06 11:29:00,171.207255865
2018-02-06 11:30:00,171.207255865
2018-02-06 11:31:00,171.207255865
2018-02-06 11:32:00,171.207255865
2018-02-06 11:33:00,171.207255865
2018-02-06 11:34:00,171.207255865
2018-02-06 11:35:00,171.207255865
2018-02-06 11:36:00,171.207255865
2018-02-06 11:37:00,171.207255865
2018-02-06 11:38:00,181.208333965
2018-02-06 11:39:00,181.208333965
2018-02-06 11:40:00,181.208333965
2018-02-06 11:41:00,181.208333965
2018-02-06 11:42:00,181.208333965
2018-02-06 11:43:00,181.208333965
2018-02-06 11:44:00,181.208333965
2018-02-06 11:45:00,181.208333965
2018-02-06 11:46:00,181.208333965
2018-02-06 11:47:00,181.208333965
2018-02-06 11:48:00,161.206177765
2018-02-06 11:49:00,161.206177765
2018-02-06 11:50:00,161.206177765
2018-02-06 11:51:00,171.207255865
2018-02-06 11:52:00,171.207255865
2018-02-06 11:53:00,171.207255865
2018-02-06 11:54:00,171.207255865
2018-02-06 11:55:00,161.206177765
2018-02-06 11:56:00,161.206177765
2018-02-06 11:57:00,161.206177765
2018-02-06 11:58:00,161.206177765
2018-02-06 11:59:00,161.206177765
2018-02-07 01:29:00,481.240676965
2018-02-07 01:30:00,481.240676965
2018-02-07 01:31:00,481.240676965
2018-02-07 01:32:00,481.240676965
2018-02-07 01:33:00,481.240676965
2018-02-07 01:34:00,481.240676965
2018-02-07 01:35:00,101.199709165
2018-02-07 01:36:00,101.199709165
2018-02-07 01:37:00,101.199709165
2018-02-07 01:38:00,101.199709165
2018-02-07 01:39:00,101.199709165
2018-02-07 01:40:00,101.199709165
2018-02-07 01:41:00,101.199709165
2018-02-07 01:42:00,101.199709165
2018-02-07 01:43:00,101.199709165
2018-02-07 01:44:00,101.199709165
2018-02-07 01:45:00,101.199709165
2018-02-07 01:46:00,101.199709165
2018-02-07 01:47:00,101.199709165
2018-02-07 01:48:00,101.199709165
2018-02-07 01:49:00,111.200787265
2018-02-07 01:50:00,101.199709165
2018-02-07 01:51:00,101.199709165
2018-02-07 01:52:00,111.200787265
2018-02-07 01:53:00,111.200787265
2018-02-07 01:54:00,111.200787265
2018-02-07 01:55:00,111.200787265
2018-02-07 01:56:00,111.200787265
2018-02-07 01:57:00,111.200787265
2018-02-07 01:58:00,111.200787265
2018-02-07 01:59:00,111.200787265
2018-02-07 02:00:00,121.201865365
2018-02-07 02:01:00,121.201865365
2018-02-07 02:02:00,121.201865365
2018-02-07 02:03:00,111.200787265
2018-02-07 02:04:00,121.201865365
2018-02-07 02:05:00,121.201865365
2018-02-07 02:06:00,101.199709165
2018-02-07 02:07:00,121.201865365
2018-02-07 02:08:00,101.199709165
2018-02-07 02:09:00,111.200787265
2018-02-07 02:10:00,101.199709165
2018-02-07 02:11:00,101.199709165
2018-02-07 02:12:00,101.199709165
2018-02-07 02:13:00,111.200787265
2018-02-07 02:14:00,121.201865365
2018-02-07 02:15:00,121.201865365
2018-02-07 02:16:00,121.201865365
2018-02-07 02:17:00,131.202943465
2018-02-07 02:18:00,131.202943465
2018-02-07 02:19:00,131.202943465
2018-02-07 02:20:00,121.201865365
2018-02-07 02:21:00,121.201865365
2018-02-07 02:22:00,151.205099665
2018-02-07 02:23:00,151.205099665
2018-02-07 02:24:00,151.205099665
2018-02-07 02:25:00,151.205099665
2018-02-07 02:26:00,161.206177765
2018-02-07 02:27:00,171.207255865
2018-02-07 02:28:00,161.206177765
2018-02-07 02:29:00,171.207255865
2018-02-07 02:30:00,171.207255865
2018-02-07 02:31:00,171.207255865
2018-02-07 02:32:00,161.206177765
2018-02-07 02:33:00,171.207255865
2018-02-07 02:34:00,171.207255865
2018-02-07 02:35:00,171.207255865
2018-02-07 02:36:00,171.207255865
2018-02-07 02:37:00,171.207255865
2018-02-07 02:38:00,171.207255865
2018-02-07 02:39:00,171.207255865
2018-02-07 02:40:00,191.209412065
2018-02-07 02:41:00,191.209412065
2018-02-07 02:42:00,191.209412065
2018-02-07 02:43:00,191.209412065
2018-02-07 02:44:00,171.207255865
2018-02-07 02:45:00,171.207255865
2018-02-07 02:46:00,171.207255865
2018-02-07 02:47:00,171.207255865
2018-02-07 02:48:00,171.207255865
2018-02-07 02:49:00,171.207255865
2018-02-07 02:50:00,181.208333965
2018-02-07 02:51:00,181.208333965
2018-02-07 02:52:00,171.207255865
2018-02-07 02:53:00,181.208333965
2018-02-07 02:54:00,181.208333965
2018-02-07 02:55:00,191.209412065
2018-02-07 02:56:00,181.208333965
2018-02-07 02:57:00,181.208333965
2018-02-07 02:58:00,181.208333965
2018-02-07 02:59:00,181.208333965
2018-02-07 03:00:00,181.208333965
2018-02-07 03:01:00,191.209412065
2018-02-07 03:02:00,191.209412065
2018-02-07 03:03:00,191.209412065
2018-02-07 03:04:00,191.209412065
2018-02-07 03:05:00,191.209412065
2018-02-07 03:06:00,191.209412065
2018-02-07 03:07:00,191.209412065
2018-02-07 03:08:00,201.210490165
2018-02-07 03:09:00,191.209412065
2018-02-07 03:10:00,201.210490165
2018-02-07 03:11:00,201.210490165
2018-02-07 03:12:00,201.210490165
2018-02-07 03:13:00,201.210490165
2018-02-07 03:14:00,161.206177765
2018-02-07 03:15:00,161.206177765
2018-02-07 03:16:00,191.209412065
2018-02-07 03:17:00,191.209412065
2018-02-07 03:18:00,191.209412065
2018-02-07 03:19:00,191.209412065
2018-02-07 03:20:00,191.209412065
2018-02-07 03:21:00,191.209412065
2018-02-07 03:22:00,191.209412065
2018-02-07 03:23:00,191.209412065
2018-02-07 03:24:00,211.211568265
2018-02-07 03:25:00,191.209412065
2018-02-07 03:26:00,191.209412065
2018-02-07 03:27:00,191.209412065
2018-02-07 03:28:00,191.209412065
2018-02-07 03:29:00,181.208333965
2018-02-07 03:30:00,181.208333965
2018-02-07 03:31:00,191.209412065
2018-02-07 03:32:00,191.209412065
2018-02-07 03:33:00,191.209412065
2018-02-07 03:34:00,191.209412065
2018-02-07 03:35:00,191.209412065
2018-02-07 03:36:00,181.208333965
2018-02-07 03:37:00,191.209412065
2018-02-07 03:38:00,191.209412065
2018-02-07 03:39:00,191.209412065
2018-02-07 03:40:00,191.209412065
2018-02-07 03:41:00,191.209412065
2018-02-07 03:42:00,191.209412065
2018-02-07 03:43:00,191.209412065
2018-02-07 03:44:00,191.209412065
2018-02-07 03:45:00,201.210490165
2018-02-07 03:46:00,201.210490165
2018-02-07 03:47:00,201.210490165
2018-02-07 03:48:00,201.210490165
2018-02-07 03:49:00,201.210490165
2018-02-07 03:50:00,201.210490165
2018-02-07 03:51:00,201.210490165
2018-02-07 03:52:00,201.210490165
2018-02-07 03:53:00,201.210490165
2018-02-07 03:54:00,211.211568265
2018-02-07 03:55:00,211.211568265
2018-02-07 03:56:00,211.211568265
2018-02-07 03:57:00,211.211568265
2018-02-07 03:58:00,201.210490165
2018-02-07 03:59:00,201.210490165
2018-02-07 04:00:00,201.210490165
2018-02-07 04:01:00,201.210490165
2018-02-07 04:02:00,201.210490165
2018-02-07 04:03:00,201.210490165
2018-02-07 04:04:00,201.210490165
2018-02-07 04:05:00,201.210490165
2018-02-07 04:06:00,201.210490165
2018-02-07 04:07:00,211.211568265
2018-02-07 04:08:00,211.211568265
2018-02-07 04:09:00,211.211568265
2018-02-07 04:10:00,211.211568265
2018-02-07 04:11:00,211.211568265
2018-02-07 04:12:00,211.211568265
2018-02-07 04:13:00,211.211568265
2018-02-07 04:14:00,211.211568265
2018-02-07 04:15:00,211.211568265
2018-02-07 04:16:00,211.211568265
2018-02-07 04:17:00,211.211568265
2018-02-07 04:18:00,211.211568265
2018-02-07 04:19:00,211.211568265
2018-02-07 04:20:00,211.211568265
2018-02-07 04:21:00,211.211568265
2018-02-07 04:22:00,211.211568265
2018-02-07 04:23:00,211.211568265
2018-02-07 04:24:00,211.211568265
2018-02-07 04:25:00,211.211568265
2018-02-07 04:26:00,211.211568265
2018-02-07 04:27:00,221.212646365
2018-02-07 04:28:00,221.212646365
2018-02-07 04:29:00,211.211568265
2018-02-07 04:30:00,211.211568265
2018-02-07 04:31:00,241.214802565
2018-02-07 04:32:00,231.213724465
2018-02-07 04:33:00,231.213724465
2018-02-07 04:34:00,231.213724465
2018-02-07 04:35:00,231.213724465
2018-02-07 04:36:00,231.213724465
2018-02-07 04:37:00,231.213724465
2018-02-07 04:38:00,231.213724465
2018-02-07 04:39:00,231.213724465
2018-02-07 04:40:00,231.213724465
2018-02-07 04:41:00,231.213724465
2018-02-07 04:42:00,251.215880665
2018-02-07 04:43:00,251.215880665
2018-02-07 04:44:00,251.215880665
2018-02-07 04:45:00,251.215880665
2018-02-07 04:46:00,251.215880665
2018-02-07 04:47:00,251.215880665
2018-02-07 04:48:00,251.215880665
2018-02-07 04:49:00,251.215880665
2018-02-07 04:50:00,251.215880665
2018-02-07 04:51:00,251.215880665
2018-02-07 04:52:00,251.215880665
2018-02-07 04:53:00,251.215880665
2018-02-07 04:54:00,251.215880665
2018-02-07 04:55:00,241.214802565
2018-02-07 04:56:00,241.214802565
2018-02-07 04:57:00,241.214802565
2018-02-07 04:58:00,251.215880665
2018-02-07 04:59:00,251.215880665
2018-02-07 05:00:00,241.214802565
2018-02-07 05:01:00,241.214802565
2018-02-07 05:02:00,241.214802565
2018-02-07 05:03:00,261.216958765
2018-02-07 05:04:00,261.216958765
2018-02-07 05:05:00,261.216958765
2018-02-07 05:06:00,261.216958765
2018-02-07 05:07:00,271.218036865
2018-02-07 05:08:00,271.218036865
2018-02-07 05:09:00,251.215880665
2018-02-07 05:10:00,241.214802565
2018-02-07 05:11:00,271.218036865
2018-02-07 05:12:00,271.218036865
2018-02-07 05:13:00,261.216958765
2018-02-07 05:14:00,251.215880665
2018-02-07 05:15:00,251.215880665
2018-02-07 05:16:00,251.215880665
2018-02-07 05:17:00,251.215880665
2018-02-07 05:18:00,251.215880665
2018-02-07 05:19:00,251.215880665
2018-02-07 05:20:00,251.215880665
2018-02-07 05:21:00,261.216958765
2018-02-07 05:22:00,261.216958765
2018-02-07 05:23:00,261.216958765
2018-02-07 05:24:00,261.216958765
2018-02-07 05:25:00,261.216958765
2018-02-07 05:26:00,261.216958765
2018-02-07 05:27:00,251.215880665
2018-02-07 05:28:00,251.215880665
2018-02-07 05:29:00,251.215880665
2018-02-07 05:30:00,251.215880665
2018-02-07 05:31:00,251.215880665
2018-02-07 05:32:00,231.213724465
2018-02-07 05:33:00,211.211568265
2018-02-07 05:34:00,211.211568265
2018-02-07 05:35:00,211.211568265
2018-02-07 05:36:00,211.211568265
2018-02-07 05:37:00,211.211568265
2018-02-07 05:38:00,211.211568265
2018-02-07 05:39:00,211.211568265
2018-02-07 05:40:00,211.211568265
2018-02-07 05:41:00,211.211568265
2018-02-07 05:42:00,211.211568265
2018-02-07 05:43:00,211.211568265
2018-02-07 05:44:00,211.211568265
2018-02-07 05:45:00,211.211568265
2018-02-07 05:46:00,211.211568265
2018-02-07 05:47:00,211.211568265
2018-02-07 05:48:00,211.211568265
2018-02-07 05:49:00,211.211568265
2018-02-07 05:50:00,211.211568265
2018-02-07 05:51:00,211.211568265
2018-02-07 05:52:00,211.211568265
2018-02-07 05:53:00,221.212646365
2018-02-07 05:54:00,231.213724465
2018-02-07 05:55:00,231.213724465
2018-02-07 05:56:00,261.216958765
2018-02-07 05:57:00,251.215880665
2018-02-07 05:58:00,251.215880665
2018-02-07 05:59:00,251.215880665
2018-02-07 06:00:00,221.212646365
2018-02-07 06:01:00,221.212646365
2018-02-07 06:02:00,221.212646365
2018-02-07 06:03:00,211.211568265
2018-02-07 06:04:00,221.212646365
2018-02-07 06:05:00,221.212646365
2018-02-07 06:06:00,221.212646365
2018-02-07 06:07:00,231.213724465
2018-02-07 06:08:00,231.213724465
2018-02-07 06:09:00,211.211568265
2018-02-07 06:10:00,211.211568265
2018-02-07 06:11:00,211.211568265
2018-02-07 06:12:00,211.211568265
2018-02-07 06:13:00,191.209412065
2018-02-07 06:14:00,191.209412065
2018-02-07 06:15:00,191.209412065
2018-02-07 06:16:00,191.209412065
2018-02-07 06:17:00,201.210490165
2018-02-07 06:18:00,191.209412065
2018-02-07 06:19:00,191.209412065
2018-02-07 06:20:00,201.210490165
2018-02-07 06:21:00,191.209412065
2018-02-07 06:22:00,191.209412065
2018-02-07 06:23:00,181.208333965
2018-02-07 06:24:00,171.207255865
2018-02-07 06:25:00,161.206177765
2018-02-07 06:26:00,151.205099665
2018-02-07 06:27:00,151.205099665
2018-02-07 06:28:00,151.205099665
2018-02-07 06:29:00,151.205099665
2018-02-07 06:30:00,151.205099665
2018-02-07 06:31:00,151.205099665
2018-02-07 06:32:00,151.205099665
2018-02-07 06:33:00,151.205099665
2018-02-07 06:34:00,151.205099665
2018-02-07 06:35:00,181.208333965
2018-02-07 06:36:00,191.209412065
2018-02-07 06:37:00,191.209412065
2018-02-07 06:38:00,161.206177765
2018-02-07 06:39:00,141.204021565
2018-02-07 06:40:00,131.202943465
2018-02-07 06:41:00,131.202943465
2018-02-07 06:42:00,131.202943465
2018-02-07 06:43:00,131.202943465
2018-02-07 06:44:00,121.201865365
2018-02-07 06:45:00,111.200787265
2018-02-07 06:46:00,111.200787265
2018-02-07 06:47:00,111.200787265
2018-02-07 06:48:00,121.201865365
2018-02-07 06:49:00,121.201865365
2018-02-07 06:50:00,121.201865365
2018-02-07 06:51:00,121.201865365
2018-02-07 06:52:00,121.201865365
2018-02-07 06:53:00,121.201865365
2018-02-07 06:54:00,121.201865365
2018-02-07 06:55:00,111.200787265
2018-02-07 06:56:00,131.202943465
2018-02-07 06:57:00,121.201865365
2018-02-07 06:58:00,121.201865365
2018-02-07 06:59:00,111.200787265
2018-02-07 07:00:00,121.201865365
2018-02-07 07:01:00,121.201865365
2018-02-07 07:02:00,151.205099665
2018-02-07 07:03:00,151.205099665
2018-02-07 07:04:00,151.205099665
2018-02-07 07:05:00,141.204021565
2018-02-07 07:06:00,141.204021565
2018-02-07 07:07:00,141.204021565
2018-02-07 07:08:00,141.204021565
2018-02-07 07:09:00,141.204021565
2018-02-07 07:10:00,121.201865365
2018-02-07 07:11:00,121.201865365
2018-02-07 07:12:00,121.201865365
2018-02-07 07:13:00,121.201865365
2018-02-07 07:14:00,121.201865365
2018-02-07 07:15:00,121.201865365
2018-02-07 07:16:00,121.201865365
2018-02-07 07:17:00,111.200787265
2018-02-07 07:18:00,101.199709165
2018-02-07 07:19:00,111.200787265
2018-02-07 07:20:00,121.201865365
2018-02-07 07:21:00,121.201865365
2018-02-07 07:22:00,151.205099665
2018-02-07 07:23:00,141.204021565
2018-02-07 07:24:00,141.204021565
2018-02-07 07:25:00,141.204021565
2018-02-07 07:26:00,141.204021565
2018-02-07 07:27:00,151.205099665
2018-02-07 07:28:00,141.204021565
2018-02-07 07:29:00,141.204021565
2018-02-07 07:30:00,151.205099665
2018-02-07 07:31:00,141.204021565
2018-02-07 07:32:00,131.202943465
2018-02-07 07:33:00,151.205099665
2018-02-07 07:34:00,141.204021565
2018-02-07 07:35:00,141.204021565
2018-02-07 07:36:00,131.202943465
2018-02-07 07:37:00,141.204021565
2018-02-07 07:38:00,141.204021565
2018-02-07 07:39:00,151.205099665
2018-02-07 07:40:00,151.205099665
2018-02-07 07:41:00,151.205099665
2018-02-07 07:42:00,151.205099665
2018-02-07 07:43:00,151.205099665
2018-02-07 07:44:00,161.206177765
2018-02-07 07:45:00,161.206177765
2018-02-07 07:46:00,161.206177765
2018-02-07 07:47:00,161.206177765
2018-02-07 07:48:00,161.206177765
2018-02-07 07:49:00,171.207255865
2018-02-07 07:50:00,181.208333965
2018-02-07 07:51:00,181.208333965
2018-02-07 07:52:00,181.208333965
2018-02-07 07:53:00,181.208333965
2018-02-07 07:54:00,181.208333965
2018-02-07 07:55:00,181.208333965
2018-02-07 07:56:00,181.208333965
2018-02-07 07:57:00,181.208333965
2018-02-07 07:58:00,141.204021565
2018-02-07 07:59:00,141.204021565
2018-02-07 08:00:00,141.204021565
2018-02-07 08:01:00,141.204021565
2018-02-07 08:02:00,141.204021565
2018-02-07 08:03:00,141.204021565
2018-02-07 08:04:00,141.204021565
2018-02-07 08:05:00,141.204021565
2018-02-07 08:06:00,141.204021565
2018-02-07 08:07:00,151.205099665
2018-02-07 08:08:00,151.205099665
2018-02-07 08:09:00,151.205099665
2018-02-07 08:10:00,151.205099665
2018-02-07 08:11:00,141.204021565
2018-02-07 08:12:00,141.204021565
2018-02-07 08:13:00,141.204021565
2018-02-07 08:14:00,151.205099665
2018-02-07 08:15:00,151.205099665
2018-02-07 08:16:00,151.205099665
2018-02-07 08:17:00,151.205099665
2018-02-07 08:18:00,151.205099665
2018-02-07 08:19:00,151.205099665
2018-02-07 08:20:00,151.205099665
2018-02-07 08:21:00,151.205099665
2018-02-07 08:22:00,151.205099665
2018-02-07 08:23:00,131.202943465
2018-02-07 08:24:00,141.204021565
2018-02-07 08:25:00,151.205099665
2018-02-07 08:26:00,151.205099665
2018-02-07 08:27:00,151.205099665
2018-02-07 08:28:00,151.205099665
2018-02-07 08:29:00,151.205099665
2018-02-07 08:30:00,151.205099665
2018-02-07 08:31:00,151.205099665
2018-02-07 08:32:00,151.205099665
2018-02-07 08:33:00,151.205099665
2018-02-07 08:34:00,151.205099665
2018-02-07 08:35:00,151.205099665
2018-02-07 08:36:00,141.204021565
2018-02-07 08:37:00,151.205099665
2018-02-07 08:38:00,141.204021565
2018-02-07 08:39:00,141.204021565
2018-02-07 08:40:00,141.204021565
2018-02-07 08:41:00,151.205099665
2018-02-07 08:42:00,151.205099665
2018-02-07 08:43:00,171.207255865
2018-02-07 08:44:00,171.207255865
2018-02-07 08:45:00,171.207255865
2018-02-07 08:46:00,171.207255865
2018-02-07 08:47:00,171.207255865
2018-02-07 08:48:00,171.207255865
2018-02-07 08:49:00,151.205099665
2018-02-07 08:50:00,151.205099665
2018-02-07 08:51:00,151.205099665
2018-02-07 08:52:00,141.204021565
2018-02-07 08:53:00,151.205099665
2018-02-07 08:54:00,151.205099665
2018-02-07 08:55:00,141.204021565
2018-02-07 08:56:00,141.204021565
2018-02-07 08:57:00,131.202943465
2018-02-07 08:58:00,141.204021565
2018-02-07 08:59:00,131.202943465
2018-02-07 09:00:00,141.204021565
2018-02-07 09:01:00,151.205099665
2018-02-07 09:02:00,151.205099665
2018-02-07 09:03:00,151.205099665
2018-02-07 09:04:00,131.202943465
2018-02-07 09:05:00,131.202943465
2018-02-07 09:06:00,141.204021565
2018-02-07 09:07:00,141.204021565
2018-02-07 09:08:00,111.200787265
2018-02-07 09:09:00,121.201865365
2018-02-07 09:10:00,111.200787265
2018-02-07 09:11:00,111.200787265
2018-02-07 09:12:00,111.200787265
2018-02-07 09:13:00,111.200787265
2018-02-07 09:14:00,111.200787265
2018-02-07 09:15:00,121.201865365
2018-02-07 09:16:00,131.202943465
2018-02-07 09:17:00,111.200787265
2018-02-07 09:18:00,121.201865365
2018-02-07 09:19:00,121.201865365
2018-02-07 09:20:00,121.201865365
2018-02-07 09:21:00,141.204021565
2018-02-07 09:22:00,141.204021565
2018-02-07 09:23:00,151.205099665
2018-02-07 09:24:00,131.202943465
2018-02-07 09:25:00,131.202943465
2018-02-07 09:26:00,141.204021565
2018-02-07 09:27:00,151.205099665
2018-02-07 09:28:00,151.205099665
2018-02-07 09:29:00,161.206177765
2018-02-07 09:30:00,161.206177765
2018-02-07 09:31:00,151.205099665
2018-02-07 09:32:00,151.205099665
2018-02-07 09:33:00,151.205099665
2018-02-07 09:34:00,161.206177765
2018-02-07 09:35:00,131.202943465
2018-02-07 09:36:00,121.201865365
2018-02-07 09:37:00,131.202943465
2018-02-07 09:38:00,131.202943465
2018-02-07 09:39:00,131.202943465
2018-02-07 09:40:00,151.205099665
2018-02-07 09:41:00,151.205099665
2018-02-07 09:42:00,151.205099665
2018-02-07 09:43:00,141.204021565
2018-02-07 09:44:00,151.205099665
2018-02-07 09:45:00,151.205099665
2018-02-07 09:46:00,151.205099665
2018-02-07 09:47:00,141.204021565
2018-02-07 09:48:00,141.204021565
2018-02-07 09:49:00,141.204021565
2018-02-07 09:50:00,121.201865365
2018-02-07 09:51:00,131.202943465
2018-02-07 09:52:00,131.202943465
2018-02-07 09:53:00,141.204021565
2018-02-07 09:54:00,141.204021565
2018-02-07 09:55:00,141.204021565
2018-02-07 09:56:00,141.204021565
2018-02-07 09:57:00,141.204021565
2018-02-07 09:58:00,151.205099665
2018-02-07 09:59:00,131.202943465
2018-02-07 10:00:00,141.204021565
2018-02-07 10:01:00,141.204021565
2018-02-07 10:02:00,151.205099665
2018-02-07 10:03:00,141.204021565
2018-02-07 10:04:00,141.204021565
2018-02-07 10:05:00,141.204021565
2018-02-07 10:06:00,151.205099665
2018-02-07 10:07:00,141.204021565
2018-02-07 10:08:00,141.204021565
2018-02-07 10:09:00,141.204021565
2018-02-07 10:10:00,141.204021565
2018-02-07 10:11:00,141.204021565
2018-02-07 10:12:00,131.202943465
2018-02-07 10:13:00,131.202943465
2018-02-07 10:14:00,121.201865365
2018-02-07 10:15:00,121.201865365
2018-02-07 10:16:00,111.200787265
2018-02-07 10:17:00,101.199709165
2018-02-07 10:18:00,101.199709165
2018-02-07 10:19:00,101.199709165
2018-02-07 10:20:00,111.200787265
2018-02-07 10:21:00,111.200787265
2018-02-07 10:22:00,91.1986310645
2018-02-07 10:23:00,91.1986310645
2018-02-07 10:24:00,91.1986310645
2018-02-07 10:25:00,91.1986310645
2018-02-07 10:26:00,91.1986310645
2018-02-07 10:27:00,91.1986310645
2018-02-07 10:28:00,91.1986310645
2018-02-07 10:29:00,91.1986310645
2018-02-07 10:30:00,131.202943465
2018-02-07 10:31:00,161.206177765
2018-02-07 10:32:00,151.205099665
2018-02-07 10:33:00,151.205099665
2018-02-07 10:34:00,151.205099665
2018-02-07 10:35:00,141.204021565
2018-02-07 10:36:00,131.202943465
2018-02-07 10:37:00,131.202943465
2018-02-07 10:38:00,131.202943465
2018-02-07 10:39:00,121.201865365
2018-02-07 10:40:00,121.201865365
2018-02-07 10:41:00,121.201865365
2018-02-07 10:42:00,121.201865365
2018-02-07 10:43:00,121.201865365
2018-02-07 10:44:00,121.201865365
2018-02-07 10:45:00,111.200787265
2018-02-07 10:46:00,111.200787265
2018-02-07 10:47:00,111.200787265
2018-02-07 10:48:00,111.200787265
2018-02-07 10:49:00,111.200787265
2018-02-07 10:50:00,101.199709165
2018-02-07 10:51:00,91.1986310645
2018-02-07 10:52:00,91.1986310645
2018-02-07 10:53:00,71.1964748645
2018-02-07 10:54:00,61.1953967645
2018-02-07 10:55:00,71.1964748645
2018-02-07 10:56:00,71.1964748645
2018-02-07 10:57:00,101.199709165
2018-02-07 10:58:00,91.1986310645
2018-02-07 10:59:00,91.1986310645
2018-02-07 11:00:00,91.1986310645
2018-02-07 11:01:00,91.1986310645
2018-02-07 11:02:00,81.1975529645
2018-02-07 11:03:00,91.1986310645
2018-02-07 11:04:00,91.1986310645
2018-02-07 11:05:00,91.1986310645
2018-02-07 11:06:00,91.1986310645
2018-02-07 11:07:00,91.1986310645
2018-02-07 11:08:00,91.1986310645
2018-02-07 11:09:00,91.1986310645
2018-02-07 11:10:00,91.1986310645
2018-02-07 11:11:00,91.1986310645
2018-02-07 11:12:00,91.1986310645
2018-02-07 11:13:00,91.1986310645
2018-02-07 11:14:00,101.199709165
2018-02-07 11:15:00,101.199709165
2018-02-07 11:16:00,91.1986310645
2018-02-07 11:17:00,91.1986310645
2018-02-07 11:18:00,101.199709165
2018-02-07 11:19:00,101.199709165
2018-02-07 11:20:00,71.1964748645
2018-02-07 11:21:00,71.1964748645
2018-02-07 11:22:00,71.1964748645
2018-02-07 11:23:00,71.1964748645
2018-02-07 11:24:00,71.1964748645
2018-02-07 11:25:00,101.199709165
2018-02-07 11:26:00,91.1986310645
2018-02-07 11:27:00,91.1986310645
2018-02-07 11:28:00,91.1986310645
2018-02-07 11:29:00,91.1986310645
2018-02-07 11:30:00,71.1964748645
2018-02-07 11:31:00,71.1964748645
2018-02-07 11:32:00,71.1964748645
2018-02-07 11:33:00,71.1964748645
2018-02-07 11:34:00,71.1964748645
2018-02-07 11:35:00,71.1964748645
2018-02-07 11:36:00,71.1964748645
2018-02-07 11:37:00,91.1986310645
2018-02-07 11:38:00,91.1986310645
2018-02-07 11:39:00,91.1986310645
2018-02-07 11:40:00,91.1986310645
2018-02-07 11:41:00,91.1986310645
2018-02-07 11:42:00,81.1975529645
2018-02-07 11:43:00,81.1975529645
2018-02-07 11:44:00,101.199709165
2018-02-07 11:45:00,101.199709165
2018-02-07 11:46:00,91.1986310645
2018-02-07 11:47:00,91.1986310645
2018-02-07 11:48:00,71.1964748645
2018-02-07 11:49:00,71.1964748645
2018-02-07 11:50:00,71.1964748645
2018-02-07 11:51:00,71.1964748645
2018-02-07 11:52:00,71.1964748645
2018-02-07 11:53:00,71.1964748645
2018-02-07 11:54:00,71.1964748645
2018-02-07 11:55:00,71.1964748645
2018-02-07 11:56:00,71.1964748645
2018-02-07 11:57:00,71.1964748645
2018-02-07 11:58:00,71.1964748645
2018-02-07 11:59:00,71.1964748645
2018-02-08 01:29:00,71.1964748645
2018-02-08 01:30:00,71.1964748645
2018-02-08 01:31:00,71.1964748645
2018-02-08 01:32:00,71.1964748645
2018-02-08 01:33:00,71.1964748645
2018-02-08 01:34:00,101.199709165
2018-02-08 01:35:00,121.201865365
2018-02-08 01:36:00,101.199709165
2018-02-08 01:37:00,111.200787265
2018-02-08 01:38:00,111.200787265
2018-02-08 01:39:00,121.201865365
2018-02-08 01:40:00,111.200787265
2018-02-08 01:41:00,111.200787265
2018-02-08 01:42:00,101.199709165
2018-02-08 01:43:00,101.199709165
2018-02-08 01:44:00,111.200787265
2018-02-08 01:45:00,111.200787265
2018-02-08 01:46:00,111.200787265
2018-02-08 01:47:00,111.200787265
2018-02-08 01:48:00,111.200787265
2018-02-08 01:49:00,101.199709165
2018-02-08 01:50:00,111.200787265
2018-02-08 01:51:00,111.200787265
2018-02-08 01:52:00,111.200787265
2018-02-08 01:53:00,111.200787265
2018-02-08 01:54:00,111.200787265
2018-02-08 01:55:00,121.201865365
2018-02-08 01:56:00,121.201865365
2018-02-08 01:57:00,121.201865365
2018-02-08 01:58:00,121.201865365
2018-02-08 01:59:00,121.201865365
2018-02-08 02:00:00,121.201865365
2018-02-08 02:01:00,121.201865365
2018-02-08 02:02:00,121.201865365
2018-02-08 02:03:00,121.201865365
2018-02-08 02:04:00,121.201865365
2018-02-08 02:05:00,111.200787265
2018-02-08 02:06:00,111.200787265
2018-02-08 02:07:00,111.200787265
2018-02-08 02:08:00,111.200787265
2018-02-08 02:09:00,111.200787265
2018-02-08 02:10:00,111.200787265
2018-02-08 02:11:00,131.202943465
2018-02-08 02:12:00,141.204021565
2018-02-08 02:13:00,131.202943465
2018-02-08 02:14:00,131.202943465
2018-02-08 02:15:00,131.202943465
2018-02-08 02:16:00,131.202943465
2018-02-08 02:17:00,131.202943465
2018-02-08 02:18:00,131.202943465
2018-02-08 02:19:00,111.200787265
2018-02-08 02:20:00,121.201865365
2018-02-08 02:21:00,121.201865365
2018-02-08 02:22:00,121.201865365
2018-02-08 02:23:00,121.201865365
2018-02-08 02:24:00,121.201865365
2018-02-08 02:25:00,111.200787265
2018-02-08 02:26:00,111.200787265
2018-02-08 02:27:00,121.201865365
2018-02-08 02:28:00,121.201865365
2018-02-08 02:29:00,111.200787265
2018-02-08 02:30:00,71.1964748645
2018-02-08 02:31:00,71.1964748645
2018-02-08 02:32:00,91.1986310645
2018-02-08 02:33:00,71.1964748645
2018-02-08 02:34:00,71.1964748645
2018-02-08 02:35:00,91.1986310645
2018-02-08 02:36:00,91.1986310645
2018-02-08 02:37:00,91.1986310645
2018-02-08 02:38:00,91.1986310645
2018-02-08 02:39:00,91.1986310645
2018-02-08 02:40:00,91.1986310645
2018-02-08 02:41:00,91.1986310645
2018-02-08 02:42:00,81.1975529645
2018-02-08 02:43:00,81.1975529645
2018-02-08 02:44:00,61.1953967645
2018-02-08 02:45:00,61.1953967645
2018-02-08 02:46:00,61.1953967645
2018-02-08 02:47:00,71.1964748645
2018-02-08 02:48:00,91.1986310645
2018-02-08 02:49:00,91.1986310645
2018-02-08 02:50:00,91.1986310645
2018-02-08 02:51:00,91.1986310645
2018-02-08 02:52:00,91.1986310645
2018-02-08 02:53:00,91.1986310645
2018-02-08 02:54:00,91.1986310645
2018-02-08 02:55:00,91.1986310645
2018-02-08 02:56:00,101.199709165
2018-02-08 02:57:00,91.1986310645
2018-02-08 02:58:00,101.199709165
2018-02-08 02:59:00,101.199709165
2018-02-08 03:00:00,101.199709165
2018-02-08 03:01:00,111.200787265
2018-02-08 03:02:00,111.200787265
2018-02-08 03:03:00,81.1975529645
2018-02-08 03:04:00,91.1986310645
2018-02-08 03:05:00,81.1975529645
2018-02-08 03:06:00,91.1986310645
2018-02-08 03:07:00,71.1964748645
2018-02-08 03:08:00,61.1953967645
2018-02-08 03:09:00,71.1964748645
2018-02-08 03:10:00,71.1964748645
2018-02-08 03:11:00,91.1986310645
2018-02-08 03:12:00,81.1975529645
2018-02-08 03:13:00,81.1975529645
2018-02-08 03:14:00,81.1975529645
2018-02-08 03:15:00,81.1975529645
2018-02-08 03:16:00,81.1975529645
2018-02-08 03:17:00,81.1975529645
2018-02-08 03:18:00,81.1975529645
2018-02-08 03:19:00,71.1964748645
2018-02-08 03:20:00,61.1953967645
2018-02-08 03:21:00,71.1964748645
2018-02-08 03:22:00,71.1964748645
2018-02-08 03:23:00,81.1975529645
2018-02-08 03:24:00,81.1975529645
2018-02-08 03:25:00,71.1964748645
2018-02-08 03:26:00,91.1986310645
2018-02-08 03:27:00,91.1986310645
2018-02-08 03:28:00,91.1986310645
2018-02-08 03:29:00,61.1953967645
2018-02-08 03:30:00,61.1953967645
2018-02-08 03:31:00,61.1953967645
2018-02-08 03:32:00,61.1953967645
2018-02-08 03:33:00,61.1953967645
2018-02-08 03:34:00,71.1964748645
2018-02-08 03:35:00,81.1975529645
2018-02-08 03:36:00,71.1964748645
2018-02-08 03:37:00,71.1964748645
2018-02-08 03:38:00,91.1986310645
2018-02-08 03:39:00,91.1986310645
2018-02-08 03:40:00,91.1986310645
2018-02-08 03:41:00,91.1986310645
2018-02-08 03:42:00,91.1986310645
2018-02-08 03:43:00,91.1986310645
2018-02-08 03:44:00,91.1986310645
2018-02-08 03:45:00,91.1986310645
2018-02-08 03:46:00,81.1975529645
2018-02-08 03:47:00,81.1975529645
2018-02-08 03:48:00,81.1975529645
2018-02-08 03:49:00,91.1986310645
2018-02-08 03:50:00,101.199709165
2018-02-08 03:51:00,101.199709165
2018-02-08 03:52:00,101.199709165
2018-02-08 03:53:00,101.199709165
2018-02-08 03:54:00,101.199709165
2018-02-08 03:55:00,111.200787265
2018-02-08 03:56:00,111.200787265
2018-02-08 03:57:00,101.199709165
2018-02-08 03:58:00,91.1986310645
2018-02-08 03:59:00,91.1986310645
2018-02-08 04:00:00,91.1986310645
2018-02-08 04:01:00,91.1986310645
2018-02-08 04:02:00,91.1986310645
2018-02-08 04:03:00,91.1986310645
2018-02-08 04:04:00,111.200787265
2018-02-08 04:05:00,111.200787265
2018-02-08 04:06:00,111.200787265
2018-02-08 04:07:00,111.200787265
2018-02-08 04:08:00,111.200787265
2018-02-08 04:09:00,111.200787265
2018-02-08 04:10:00,111.200787265
2018-02-08 04:11:00,111.200787265
2018-02-08 04:12:00,101.199709165
2018-02-08 04:13:00,101.199709165
2018-02-08 04:14:00,101.199709165
2018-02-08 04:15:00,111.200787265
2018-02-08 04:16:00,131.202943465
2018-02-08 04:17:00,131.202943465
2018-02-08 04:18:00,121.201865365
2018-02-08 04:19:00,131.202943465
2018-02-08 04:20:00,131.202943465
2018-02-08 04:21:00,101.199709165
2018-02-08 04:22:00,101.199709165
2018-02-08 04:23:00,111.200787265
2018-02-08 04:24:00,111.200787265
2018-02-08 04:25:00,111.200787265
2018-02-08 04:26:00,111.200787265
2018-02-08 04:27:00,111.200787265
2018-02-08 04:28:00,111.200787265
2018-02-08 04:29:00,111.200787265
2018-02-08 04:30:00,111.200787265
2018-02-08 04:31:00,91.1986310645
2018-02-08 04:32:00,131.202943465
2018-02-08 04:33:00,121.201865365
2018-02-08 04:34:00,121.201865365
2018-02-08 04:35:00,121.201865365
2018-02-08 04:36:00,121.201865365
2018-02-08 04:37:00,121.201865365
2018-02-08 04:38:00,121.201865365
2018-02-08 04:39:00,121.201865365
2018-02-08 04:40:00,151.205099665
2018-02-08 04:41:00,141.204021565
2018-02-08 04:42:00,141.204021565
2018-02-08 04:43:00,151.205099665
2018-02-08 04:44:00,151.205099665
2018-02-08 04:45:00,111.200787265
2018-02-08 04:46:00,131.202943465
2018-02-08 04:47:00,111.200787265
2018-02-08 04:48:00,111.200787265
2018-02-08 04:49:00,111.200787265
2018-02-08 04:50:00,101.199709165
2018-02-08 04:51:00,101.199709165
2018-02-08 04:52:00,91.1986310645
2018-02-08 04:53:00,91.1986310645
2018-02-08 04:54:00,91.1986310645
2018-02-08 04:55:00,91.1986310645
2018-02-08 04:56:00,91.1986310645
2018-02-08 04:57:00,91.1986310645
2018-02-08 04:58:00,111.200787265
2018-02-08 04:59:00,111.200787265
2018-02-08 05:00:00,111.200787265
2018-02-08 05:01:00,111.200787265
2018-02-08 05:02:00,111.200787265
2018-02-08 05:03:00,111.200787265
2018-02-08 05:04:00,111.200787265
2018-02-08 05:05:00,91.1986310645
2018-02-08 05:06:00,91.1986310645
2018-02-08 05:07:00,91.1986310645
2018-02-08 05:08:00,91.1986310645
2018-02-08 05:09:00,81.1975529645
2018-02-08 05:10:00,111.200787265
2018-02-08 05:11:00,111.200787265
2018-02-08 05:12:00,111.200787265
2018-02-08 05:13:00,111.200787265
2018-02-08 05:14:00,111.200787265
2018-02-08 05:15:00,111.200787265
2018-02-08 05:16:00,111.200787265
2018-02-08 05:17:00,111.200787265
2018-02-08 05:18:00,81.1975529645
2018-02-08 05:19:00,81.1975529645
2018-02-08 05:20:00,81.1975529645
2018-02-08 05:21:00,81.1975529645
2018-02-08 05:22:00,81.1975529645
2018-02-08 05:23:00,81.1975529645
2018-02-08 05:24:00,71.1964748645
2018-02-08 05:25:00,71.1964748645
2018-02-08 05:26:00,81.1975529645
2018-02-08 05:27:00,81.1975529645
2018-02-08 05:28:00,91.1986310645
2018-02-08 05:29:00,91.1986310645
2018-02-08 05:30:00,61.1953967645
2018-02-08 05:31:00,61.1953967645
2018-02-08 05:32:00,81.1975529645
2018-02-08 05:33:00,81.1975529645
2018-02-08 05:34:00,81.1975529645
2018-02-08 05:35:00,71.1964748645
2018-02-08 05:36:00,81.1975529645
2018-02-08 05:37:00,111.200787265
2018-02-08 05:38:00,111.200787265
2018-02-08 05:39:00,111.200787265
2018-02-08 05:40:00,121.201865365
2018-02-08 05:41:00,131.202943465
2018-02-08 05:42:00,121.201865365
2018-02-08 05:43:00,121.201865365
2018-02-08 05:44:00,121.201865365
2018-02-08 05:45:00,111.200787265
2018-02-08 05:46:00,111.200787265
2018-02-08 05:47:00,111.200787265
2018-02-08 05:48:00,81.1975529645
2018-02-08 05:49:00,61.1953967645
2018-02-08 05:50:00,61.1953967645
2018-02-08 05:51:00,51.1943186645
2018-02-08 05:52:00,41.1932405645
2018-02-08 05:53:00,1.18892816453
2018-02-08 05:54:00,21.1910843645
2018-02-08 05:55:00,21.1910843645
2018-02-08 05:56:00,21.1910843645
2018-02-08 05:57:00,101.199709165
2018-02-08 05:58:00,81.1975529645
2018-02-08 05:59:00,81.1975529645
2018-02-08 06:00:00,81.1975529645
2018-02-08 06:01:00,81.1975529645
2018-02-08 06:02:00,81.1975529645
2018-02-08 06:03:00,81.1975529645
2018-02-08 06:04:00,81.1975529645
2018-02-08 06:05:00,-308.844492935
2018-02-08 06:06:00,-308.844492935
2018-02-08 06:07:00,-658.882226435
2018-02-08 06:08:00,-668.883304535
2018-02-08 06:09:00,-668.883304535
2018-02-08 06:10:00,-668.883304535
2018-02-08 06:11:00,-668.883304535
2018-02-08 06:12:00,-668.883304535
2018-02-08 06:13:00,-668.883304535
2018-02-08 06:14:00,-668.883304535
2018-02-08 06:15:00,-668.883304535
2018-02-08 06:16:00,-668.883304535
2018-02-08 06:17:00,-668.883304535
2018-02-08 06:18:00,-668.883304535
2018-02-08 06:19:00,-668.883304535
2018-02-08 06:20:00,-668.883304535
2018-02-08 06:21:00,-668.883304535
2018-02-08 06:22:00,-668.883304535
2018-02-08 06:23:00,-668.883304535
2018-02-08 06:24:00,-668.883304535
2018-02-08 06:25:00,-668.883304535
2018-02-08 06:26:00,-668.883304535
2018-02-08 06:27:00,-668.883304535
2018-02-08 06:28:00,-668.883304535
2018-02-08 06:29:00,-668.883304535
2018-02-08 06:30:00,-668.883304535
2018-02-08 06:31:00,-668.883304535
2018-02-08 06:32:00,-668.883304535
2018-02-08 06:33:00,-668.883304535
2018-02-08 06:34:00,-668.883304535
2018-02-08 06:35:00,-668.883304535
2018-02-08 06:36:00,-668.883304535
2018-02-08 06:37:00,-668.883304535
2018-02-08 06:38:00,-668.883304535
2018-02-08 06:39:00,-668.883304535
2018-02-08 06:40:00,-668.883304535
2018-02-08 06:41:00,-668.883304535
2018-02-08 06:42:00,-668.883304535
2018-02-08 06:43:00,-668.883304535
2018-02-08 06:44:00,-668.883304535
2018-02-08 06:45:00,-668.883304535
2018-02-08 06:46:00,-668.883304535
2018-02-08 06:47:00,-668.883304535
2018-02-08 06:48:00,-668.883304535
2018-02-08 06:49:00,-668.883304535
2018-02-08 06:50:00,-668.883304535
2018-02-08 06:51:00,-668.883304535
2018-02-08 06:52:00,-668.883304535
2018-02-08 06:53:00,-668.883304535
2018-02-08 06:54:00,-668.883304535
2018-02-08 06:55:00,-668.883304535
2018-02-08 06:56:00,-668.883304535
2018-02-08 06:57:00,-668.883304535
2018-02-08 06:58:00,-668.883304535
2018-02-08 06:59:00,-668.883304535
2018-02-08 07:00:00,-668.883304535
2018-02-08 07:01:00,-668.883304535
2018-02-08 07:02:00,-668.883304535
2018-02-08 07:03:00,-668.883304535
2018-02-08 07:04:00,-478.862820635
2018-02-08 07:05:00,-478.862820635
2018-02-08 07:06:00,-498.864976835
2018-02-08 07:07:00,-528.868211135
2018-02-08 07:08:00,-538.869289235
2018-02-08 07:09:00,-518.867133035
2018-02-08 07:10:00,-508.866054935
2018-02-08 07:11:00,-508.866054935
2018-02-08 07:12:00,-518.867133035
2018-02-08 07:13:00,-518.867133035
2018-02-08 07:14:00,-518.867133035
2018-02-08 07:15:00,-538.869289235
2018-02-08 07:16:00,-538.869289235
2018-02-08 07:17:00,-538.869289235
2018-02-08 07:18:00,-538.869289235
2018-02-08 07:19:00,-558.871445435
2018-02-08 07:20:00,-548.870367335
2018-02-08 07:21:00,-538.869289235
2018-02-08 07:22:00,-538.869289235
2018-02-08 07:23:00,-558.871445435
2018-02-08 07:24:00,-558.871445435
2018-02-08 07:25:00,-568.872523535
2018-02-08 07:26:00,-558.871445435
2018-02-08 07:27:00,-558.871445435
2018-02-08 07:28:00,-558.871445435
2018-02-08 07:29:00,-558.871445435
2018-02-08 07:30:00,-558.871445435
2018-02-08 07:31:00,-558.871445435
2018-02-08 07:32:00,-518.867133035
2018-02-08 07:33:00,-528.868211135
2018-02-08 07:34:00,-528.868211135
2018-02-08 07:35:00,-538.869289235
2018-02-08 07:36:00,-538.869289235
2018-02-08 07:37:00,-538.869289235
2018-02-08 07:38:00,-538.869289235
2018-02-08 07:39:00,-558.871445435
2018-02-08 07:40:00,-568.872523535
2018-02-08 07:41:00,-608.876835935
2018-02-08 07:42:00,-598.875757835
2018-02-08 07:43:00,-618.877914035
2018-02-08 07:44:00,-608.876835935
2018-02-08 07:45:00,-578.873601635
2018-02-08 07:46:00,-588.874679735
2018-02-08 07:47:00,-588.874679735
2018-02-08 07:48:00,-578.873601635
2018-02-08 07:49:00,-588.874679735
2018-02-08 07:50:00,-598.875757835
2018-02-08 07:51:00,-608.876835935
2018-02-08 07:52:00,-598.875757835
2018-02-08 07:53:00,-598.875757835
2018-02-08 07:54:00,-598.875757835
2018-02-08 07:55:00,-628.878992135
2018-02-08 07:56:00,-628.878992135
2018-02-08 07:57:00,-668.883304535
2018-02-08 07:58:00,-678.884382635
2018-02-08 07:59:00,-668.883304535
2018-02-08 08:00:00,-668.883304535
2018-02-08 08:01:00,-668.883304535
2018-02-08 08:02:00,-658.882226435
2018-02-08 08:03:00,-658.882226435
2018-02-08 08:04:00,-658.882226435
2018-02-08 08:05:00,-678.884382635
2018-02-08 08:06:00,-668.883304535
2018-02-08 08:07:00,-668.883304535
2018-02-08 08:08:00,-668.883304535
2018-02-08 08:09:00,-678.884382635
2018-02-08 08:10:00,-688.885460735
2018-02-08 08:11:00,-678.884382635
2018-02-08 08:12:00,-678.884382635
2018-02-08 08:13:00,-688.885460735
2018-02-08 08:14:00,-678.884382635
2018-02-08 08:15:00,-708.887616935
2018-02-08 08:16:00,-698.886538835
2018-02-08 08:17:00,-648.881148335
2018-02-08 08:18:00,-648.881148335
2018-02-08 08:19:00,-678.884382635
2018-02-08 08:20:00,-688.885460735
2018-02-08 08:21:00,-688.885460735
2018-02-08 08:22:00,-688.885460735
2018-02-08 08:23:00,-698.886538835
2018-02-08 08:24:00,-698.886538835
2018-02-08 08:25:00,-698.886538835
2018-02-08 08:26:00,-698.886538835
2018-02-08 08:27:00,-698.886538835
2018-02-08 08:28:00,-698.886538835
2018-02-08 08:29:00,-678.884382635
2018-02-08 08:30:00,-648.881148335
2018-02-08 08:31:00,-658.882226435
2018-02-08 08:32:00,-658.882226435
2018-02-08 08:33:00,-658.882226435
2018-02-08 08:34:00,-658.882226435
2018-02-08 08:35:00,-658.882226435
2018-02-08 08:36:00,-658.882226435
2018-02-08 08:37:00,-658.882226435
2018-02-08 08:38:00,-658.882226435
2018-02-08 08:39:00,-658.882226435
2018-02-08 08:40:00,-668.883304535
2018-02-08 08:41:00,-668.883304535
2018-02-08 08:42:00,-668.883304535
2018-02-08 08:43:00,-678.884382635
2018-02-08 08:44:00,-688.885460735
2018-02-08 08:45:00,-698.886538835
2018-02-08 08:46:00,-698.886538835
2018-02-08 08:47:00,-698.886538835
2018-02-08 08:48:00,-688.885460735
2018-02-08 08:49:00,-658.882226435
2018-02-08 08:50:00,-668.883304535
2018-02-08 08:51:00,-668.883304535
2018-02-08 08:52:00,-668.883304535
2018-02-08 08:53:00,-678.884382635
2018-02-08 08:54:00,-678.884382635
2018-02-08 08:55:00,-688.885460735
2018-02-08 08:56:00,-688.885460735
2018-02-08 08:57:00,-688.885460735
2018-02-08 08:58:00,-728.889773135
2018-02-08 08:59:00,-748.891929335
2018-02-08 09:00:00,-738.890851235
2018-02-08 09:01:00,-708.887616935
2018-02-08 09:02:00,-708.887616935
2018-02-08 09:03:00,-738.890851235
2018-02-08 09:04:00,-728.889773135
2018-02-08 09:05:00,-748.891929335
2018-02-08 09:06:00,-728.889773135
2018-02-08 09:07:00,-728.889773135
2018-02-08 09:08:00,-728.889773135
2018-02-08 09:09:00,-728.889773135
2018-02-08 09:10:00,-738.890851235
2018-02-08 09:11:00,-738.890851235
2018-02-08 09:12:00,-728.889773135
2018-02-08 09:13:00,-738.890851235
2018-02-08 09:14:00,-728.889773135
2018-02-08 09:15:00,-758.893007435
2018-02-08 09:16:00,-728.889773135
2018-02-08 09:17:00,-738.890851235
2018-02-08 09:18:00,-718.888695035
2018-02-08 09:19:00,-728.889773135
2018-02-08 09:20:00,-728.889773135
2018-02-08 09:21:00,-728.889773135
2018-02-08 09:22:00,-728.889773135
2018-02-08 09:23:00,-728.889773135
2018-02-08 09:24:00,-718.888695035
2018-02-08 09:25:00,-738.890851235
2018-02-08 09:26:00,-708.887616935
2018-02-08 09:27:00,-718.888695035
2018-02-08 09:28:00,-708.887616935
2018-02-08 09:29:00,-698.886538835
2018-02-08 09:30:00,-678.884382635
2018-02-08 09:31:00,-688.885460735
2018-02-08 09:32:00,-688.885460735
2018-02-08 09:33:00,-698.886538835
2018-02-08 09:34:00,-688.885460735
2018-02-08 09:35:00,-688.885460735
2018-02-08 09:36:00,-688.885460735
2018-02-08 09:37:00,-688.885460735
2018-02-08 09:38:00,-658.882226435
2018-02-08 09:39:00,-648.881148335
2018-02-08 09:40:00,-648.881148335
2018-02-08 09:41:00,-668.883304535
2018-02-08 09:42:00,-668.883304535
2018-02-08 09:43:00,-668.883304535
2018-02-08 09:44:00,-668.883304535
2018-02-08 09:45:00,-658.882226435
2018-02-08 09:46:00,-658.882226435
2018-02-08 09:47:00,-668.883304535
2018-02-08 09:48:00,-678.884382635
2018-02-08 09:49:00,-678.884382635
2018-02-08 09:50:00,-678.884382635
2018-02-08 09:51:00,-668.883304535
2018-02-08 09:52:00,-668.883304535
2018-02-08 09:53:00,-668.883304535
2018-02-08 09:54:00,-648.881148335
2018-02-08 09:55:00,-618.877914035
2018-02-08 09:56:00,-618.877914035
2018-02-08 09:57:00,-628.878992135
2018-02-08 09:58:00,-628.878992135
2018-02-08 09:59:00,-628.878992135
2018-02-08 10:00:00,-608.876835935
2018-02-08 10:01:00,-618.877914035
2018-02-08 10:02:00,-628.878992135
2018-02-08 10:03:00,-618.877914035
2018-02-08 10:04:00,-638.880070235
2018-02-08 10:05:00,-628.878992135
2018-02-08 10:06:00,-628.878992135
2018-02-08 10:07:00,-608.876835935
2018-02-08 10:08:00,-598.875757835
2018-02-08 10:09:00,-598.875757835
2018-02-08 10:10:00,-598.875757835
2018-02-08 10:11:00,-598.875757835
2018-02-08 10:12:00,-608.876835935
2018-02-08 10:13:00,-608.876835935
2018-02-08 10:14:00,-608.876835935
2018-02-08 10:15:00,-608.876835935
2018-02-08 10:16:00,-548.870367335
2018-02-08 10:17:00,-558.871445435
2018-02-08 10:18:00,-548.870367335
2018-02-08 10:19:00,-548.870367335
2018-02-08 10:20:00,-548.870367335
2018-02-08 10:21:00,-548.870367335
2018-02-08 10:22:00,-548.870367335
2018-02-08 10:23:00,-548.870367335
2018-02-08 10:24:00,-508.866054935
2018-02-08 10:25:00,-508.866054935
2018-02-08 10:26:00,-458.860664435
2018-02-08 10:27:00,-458.860664435
2018-02-08 10:28:00,-398.854195835
2018-02-08 10:29:00,-398.854195835
2018-02-08 10:30:00,-408.855273935
2018-02-08 10:31:00,-408.855273935
2018-02-08 10:32:00,-418.856352035
2018-02-08 10:33:00,-408.855273935
2018-02-08 10:34:00,-428.857430135
2018-02-08 10:35:00,-468.861742535
2018-02-08 10:36:00,-478.862820635
2018-02-08 10:37:00,-488.863898735
2018-02-08 10:38:00,-488.863898735
2018-02-08 10:39:00,-488.863898735
2018-02-08 10:40:00,-488.863898735
2018-02-08 10:41:00,-488.863898735
2018-02-08 10:42:00,-478.862820635
2018-02-08 10:43:00,-478.862820635
2018-02-08 10:44:00,-468.861742535
2018-02-08 10:45:00,-488.863898735
2018-02-08 10:46:00,-488.863898735
2018-02-08 10:47:00,-488.863898735
2018-02-08 10:48:00,-478.862820635
2018-02-08 10:49:00,-478.862820635
2018-02-08 10:50:00,-488.863898735
2018-02-08 10:51:00,-488.863898735
2018-02-08 10:52:00,-488.863898735
2018-02-08 10:53:00,-508.866054935
2018-02-08 10:54:00,-508.866054935
2018-02-08 10:55:00,-518.867133035
2018-02-08 10:56:00,-518.867133035
2018-02-08 10:57:00,-518.867133035
2018-02-08 10:58:00,-518.867133035
2018-02-08 10:59:00,-498.864976835
2018-02-08 11:00:00,-478.862820635
2018-02-08 11:01:00,-498.864976835
2018-02-08 11:02:00,-498.864976835
2018-02-08 11:03:00,-498.864976835
2018-02-08 11:04:00,-498.864976835
2018-02-08 11:05:00,-498.864976835
2018-02-08 11:06:00,-498.864976835
2018-02-08 11:07:00,-498.864976835
2018-02-08 11:08:00,-468.861742535
2018-02-08 11:09:00,-438.858508235
2018-02-08 11:10:00,-438.858508235
2018-02-08 11:11:00,-398.854195835
2018-02-08 11:12:00,-398.854195835
2018-02-08 11:13:00,-428.857430135
2018-02-08 11:14:00,-428.857430135
2018-02-08 11:15:00,-448.859586335
2018-02-08 11:16:00,-448.859586335
2018-02-08 11:17:00,-448.859586335
2018-02-08 11:18:00,-448.859586335
2018-02-08 11:19:00,-448.859586335
2018-02-08 11:20:00,-438.858508235
2018-02-08 11:21:00,-428.857430135
2018-02-08 11:22:00,-388.853117735
2018-02-08 11:23:00,-398.854195835
2018-02-08 11:24:00,-398.854195835
2018-02-08 11:25:00,-418.856352035
2018-02-08 11:26:00,-408.855273935
2018-02-08 11:27:00,-388.853117735
2018-02-08 11:28:00,-388.853117735
2018-02-08 11:29:00,-408.855273935
2018-02-08 11:30:00,-418.856352035
2018-02-08 11:31:00,-398.854195835
2018-02-08 11:32:00,-398.854195835
2018-02-08 11:33:00,-398.854195835
2018-02-08 11:34:00,-398.854195835
2018-02-08 11:35:00,-428.857430135
2018-02-08 11:36:00,-428.857430135
2018-02-08 11:37:00,-418.856352035
2018-02-08 11:38:00,-398.854195835
2018-02-08 11:39:00,-428.857430135
2018-02-08 11:40:00,-428.857430135
2018-02-08 11:41:00,-438.858508235
2018-02-08 11:42:00,-448.859586335
2018-02-08 11:43:00,-458.860664435
2018-02-08 11:44:00,-458.860664435
2018-02-08 11:45:00,-438.858508235
2018-02-08 11:46:00,-438.858508235
2018-02-08 11:47:00,-428.857430135
2018-02-08 11:48:00,-438.858508235
2018-02-08 11:49:00,-438.858508235
2018-02-08 11:50:00,-428.857430135
2018-02-08 11:51:00,-418.856352035
2018-02-08 11:52:00,-398.854195835
2018-02-08 11:53:00,-398.854195835
2018-02-08 11:54:00,-398.854195835
2018-02-08 11:55:00,-398.854195835
2018-02-08 11:56:00,-388.853117735
2018-02-08 11:57:00,-378.852039635
2018-02-08 11:58:00,-378.852039635
2018-02-08 11:59:00,-398.854195835
2018-02-09 01:29:00,-1198.94044384
2018-02-09 01:30:00,-1198.94044384
2018-02-09 01:31:00,-1198.94044384
2018-02-09 01:32:00,-1198.94044384
2018-02-09 01:33:00,-938.912413235
2018-02-09 01:34:00,-838.901632235
2018-02-09 01:35:00,-508.866054935
2018-02-09 01:36:00,-508.866054935
2018-02-09 01:37:00,-508.866054935
2018-02-09 01:38:00,-508.866054935
2018-02-09 01:39:00,-508.866054935
2018-02-09 01:40:00,-478.862820635
2018-02-09 01:41:00,-488.863898735
2018-02-09 01:42:00,-478.862820635
2018-02-09 01:43:00,-478.862820635
2018-02-09 01:44:00,-478.862820635
2018-02-09 01:45:00,-458.860664435
2018-02-09 01:46:00,-458.860664435
2018-02-09 01:47:00,-448.859586335
2018-02-09 01:48:00,-448.859586335
2018-02-09 01:49:00,-458.860664435
2018-02-09 01:50:00,-458.860664435
2018-02-09 01:51:00,-458.860664435
2018-02-09 01:52:00,-458.860664435
2018-02-09 01:53:00,-468.861742535
2018-02-09 01:54:00,-458.860664435
2018-02-09 01:55:00,-448.859586335
2018-02-09 01:56:00,-468.861742535
2018-02-09 01:57:00,-468.861742535
2018-02-09 01:58:00,-468.861742535
2018-02-09 01:59:00,-468.861742535
2018-02-09 02:00:00,-468.861742535
2018-02-09 02:01:00,-508.866054935
2018-02-09 02:02:00,-478.862820635
2018-02-09 02:03:00,-478.862820635
2018-02-09 02:04:00,-478.862820635
2018-02-09 02:05:00,-478.862820635
2018-02-09 02:06:00,-478.862820635
2018-02-09 02:07:00,-478.862820635
2018-02-09 02:08:00,-478.862820635
2018-02-09 02:09:00,-468.861742535
2018-02-09 02:10:00,-458.860664435
2018-02-09 02:11:00,-458.860664435
2018-02-09 02:12:00,-458.860664435
2018-02-09 02:13:00,-458.860664435
2018-02-09 02:14:00,-458.860664435
2018-02-09 02:15:00,-458.860664435
2018-02-09 02:16:00,-458.860664435
2018-02-09 02:17:00,-458.860664435
2018-02-09 02:18:00,-458.860664435
2018-02-09 02:19:00,-478.862820635
2018-02-09 02:20:00,-478.862820635
2018-02-09 02:21:00,-468.861742535
2018-02-09 02:22:00,-468.861742535
2018-02-09 02:23:00,-478.862820635
2018-02-09 02:24:00,-478.862820635
2018-02-09 02:25:00,-478.862820635
2018-02-09 02:26:00,-478.862820635
2018-02-09 02:27:00,-488.863898735
2018-02-09 02:28:00,-508.866054935
2018-02-09 02:29:00,-488.863898735
2018-02-09 02:30:00,-488.863898735
2018-02-09 02:31:00,-488.863898735
2018-02-09 02:32:00,-508.866054935
2018-02-09 02:33:00,-518.867133035
2018-02-09 02:34:00,-538.869289235
2018-02-09 02:35:00,-548.870367335
2018-02-09 02:36:00,-558.871445435
2018-02-09 02:37:00,-558.871445435
2018-02-09 02:38:00,-558.871445435
2018-02-09 02:39:00,-548.870367335
2018-02-09 02:40:00,-528.868211135
2018-02-09 02:41:00,-528.868211135
2018-02-09 02:42:00,-518.867133035
2018-02-09 02:43:00,-518.867133035
2018-02-09 02:44:00,-528.868211135
2018-02-09 02:45:00,-528.868211135
2018-02-09 02:46:00,-528.868211135
2018-02-09 02:47:00,-558.871445435
2018-02-09 02:48:00,-528.868211135
2018-02-09 02:49:00,-528.868211135
2018-02-09 02:50:00,-528.868211135
2018-02-09 02:51:00,-508.866054935
2018-02-09 02:52:00,-508.866054935
2018-02-09 02:53:00,-488.863898735
2018-02-09 02:54:00,-488.863898735
2018-02-09 02:55:00,-488.863898735
2018-02-09 02:56:00,-488.863898735
2018-02-09 02:57:00,-498.864976835
2018-02-09 02:58:00,-498.864976835
2018-02-09 02:59:00,-508.866054935
2018-02-09 03:00:00,-488.863898735
2018-02-09 03:01:00,-488.863898735
2018-02-09 03:02:00,-498.864976835
2018-02-09 03:03:00,-488.863898735
2018-02-09 03:04:00,-488.863898735
2018-02-09 03:05:00,-478.862820635
2018-02-09 03:06:00,-478.862820635
2018-02-09 03:07:00,-478.862820635
2018-02-09 03:08:00,-478.862820635
2018-02-09 03:09:00,-478.862820635
2018-02-09 03:10:00,-478.862820635
2018-02-09 03:11:00,-478.862820635
2018-02-09 03:12:00,-478.862820635
2018-02-09 03:13:00,-478.862820635
2018-02-09 03:14:00,-478.862820635
2018-02-09 03:15:00,-478.862820635
2018-02-09 03:16:00,-478.862820635
2018-02-09 03:17:00,-478.862820635
2018-02-09 03:18:00,-478.862820635
2018-02-09 03:19:00,-478.862820635
2018-02-09 03:20:00,-478.862820635
2018-02-09 03:21:00,-478.862820635
2018-02-09 03:22:00,-478.862820635
2018-02-09 03:23:00,-478.862820635
2018-02-09 03:24:00,-478.862820635
2018-02-09 03:25:00,-478.862820635
2018-02-09 03:26:00,-478.862820635
2018-02-09 03:27:00,-478.862820635
2018-02-09 03:28:00,-478.862820635
2018-02-09 03:29:00,-478.862820635
2018-02-09 03:30:00,-468.861742535
2018-02-09 03:31:00,-468.861742535
2018-02-09 03:32:00,-458.860664435
2018-02-09 03:33:00,-448.859586335
2018-02-09 03:34:00,-458.860664435
2018-02-09 03:35:00,-458.860664435
2018-02-09 03:36:00,-458.860664435
2018-02-09 03:37:00,-458.860664435
2018-02-09 03:38:00,-458.860664435
2018-02-09 03:39:00,-458.860664435
2018-02-09 03:40:00,-458.860664435
2018-02-09 03:41:00,-448.859586335
2018-02-09 03:42:00,-448.859586335
2018-02-09 03:43:00,-428.857430135
2018-02-09 03:44:00,-408.855273935
2018-02-09 03:45:00,-408.855273935
2018-02-09 03:46:00,-418.856352035
2018-02-09 03:47:00,-428.857430135
2018-02-09 03:48:00,-428.857430135
2018-02-09 03:49:00,-408.855273935
2018-02-09 03:50:00,-408.855273935
2018-02-09 03:51:00,-408.855273935
2018-02-09 03:52:00,-408.855273935
2018-02-09 03:53:00,-398.854195835
2018-02-09 03:54:00,-408.855273935
2018-02-09 03:55:00,-408.855273935
2018-02-09 03:56:00,-408.855273935
2018-02-09 03:57:00,-408.855273935
2018-02-09 03:58:00,-408.855273935
2018-02-09 03:59:00,-398.854195835
2018-02-09 04:00:00,-398.854195835
2018-02-09 04:01:00,-398.854195835
2018-02-09 04:02:00,-408.855273935
2018-02-09 04:03:00,-408.855273935
2018-02-09 04:04:00,-408.855273935
2018-02-09 04:05:00,-398.854195835
2018-02-09 04:06:00,-398.854195835
2018-02-09 04:07:00,-398.854195835
2018-02-09 04:08:00,-398.854195835
2018-02-09 04:09:00,-398.854195835
2018-02-09 04:10:00,-388.853117735
2018-02-09 04:11:00,-388.853117735
2018-02-09 04:12:00,-388.853117735
2018-02-09 04:13:00,-398.854195835
2018-02-09 04:14:00,-398.854195835
2018-02-09 04:15:00,-408.855273935
2018-02-09 04:16:00,-408.855273935
2018-02-09 04:17:00,-408.855273935
2018-02-09 04:18:00,-408.855273935
2018-02-09 04:19:00,-408.855273935
2018-02-09 04:20:00,-408.855273935
2018-02-09 04:21:00,-398.854195835
2018-02-09 04:22:00,-398.854195835
2018-02-09 04:23:00,-368.850961535
2018-02-09 04:24:00,-378.852039635
2018-02-09 04:25:00,-398.854195835
2018-02-09 04:26:00,-388.853117735
2018-02-09 04:27:00,-378.852039635
2018-02-09 04:28:00,-388.853117735
2018-02-09 04:29:00,-378.852039635
2018-02-09 04:30:00,-378.852039635
2018-02-09 04:31:00,-378.852039635
2018-02-09 04:32:00,-378.852039635
2018-02-09 04:33:00,-388.853117735
2018-02-09 04:34:00,-388.853117735
2018-02-09 04:35:00,-388.853117735
2018-02-09 04:36:00,-388.853117735
2018-02-09 04:37:00,-388.853117735
2018-02-09 04:38:00,-388.853117735
2018-02-09 04:39:00,-408.855273935
2018-02-09 04:40:00,-408.855273935
2018-02-09 04:41:00,-408.855273935
2018-02-09 04:42:00,-408.855273935
2018-02-09 04:43:00,-408.855273935
2018-02-09 04:44:00,-408.855273935
2018-02-09 04:45:00,-408.855273935
2018-02-09 04:46:00,-428.857430135
2018-02-09 04:47:00,-428.857430135
2018-02-09 04:48:00,-428.857430135
2018-02-09 04:49:00,-428.857430135
2018-02-09 04:50:00,-428.857430135
2018-02-09 04:51:00,-418.856352035
2018-02-09 04:52:00,-428.857430135
2018-02-09 04:53:00,-428.857430135
2018-02-09 04:54:00,-418.856352035
2018-02-09 04:55:00,-418.856352035
2018-02-09 04:56:00,-418.856352035
2018-02-09 04:57:00,-418.856352035
2018-02-09 04:58:00,-418.856352035
2018-02-09 04:59:00,-418.856352035
2018-02-09 05:00:00,-428.857430135
2018-02-09 05:01:00,-428.857430135
2018-02-09 05:02:00,-428.857430135
2018-02-09 05:03:00,-418.856352035
2018-02-09 05:04:00,-418.856352035
2018-02-09 05:05:00,-418.856352035
2018-02-09 05:06:00,-418.856352035
2018-02-09 05:07:00,-428.857430135
2018-02-09 05:08:00,-428.857430135
2018-02-09 05:09:00,-428.857430135
2018-02-09 05:10:00,-418.856352035
2018-02-09 05:11:00,-418.856352035
2018-02-09 05:12:00,-418.856352035
2018-02-09 05:13:00,-428.857430135
2018-02-09 05:14:00,-428.857430135
2018-02-09 05:15:00,-428.857430135
2018-02-09 05:16:00,-408.855273935
2018-02-09 05:17:00,-438.858508235
2018-02-09 05:18:00,-438.858508235
2018-02-09 05:19:00,-438.858508235
2018-02-09 05:20:00,-438.858508235
2018-02-09 05:21:00,-438.858508235
2018-02-09 05:22:00,-398.854195835
2018-02-09 05:23:00,-368.850961535
2018-02-09 05:24:00,-368.850961535
2018-02-09 05:25:00,-368.850961535
2018-02-09 05:26:00,-368.850961535
2018-02-09 05:27:00,-368.850961535
2018-02-09 05:28:00,-368.850961535
2018-02-09 05:29:00,-368.850961535
2018-02-09 05:30:00,-368.850961535
2018-02-09 05:31:00,-348.848805335
2018-02-09 05:32:00,-348.848805335
2018-02-09 05:33:00,-358.849883435
2018-02-09 05:34:00,-408.855273935
2018-02-09 05:35:00,-388.853117735
2018-02-09 05:36:00,-388.853117735
2018-02-09 05:37:00,-368.850961535
2018-02-09 05:38:00,-358.849883435
2018-02-09 05:39:00,-358.849883435
2018-02-09 05:40:00,-358.849883435
2018-02-09 05:41:00,-378.852039635
2018-02-09 05:42:00,-378.852039635
2018-02-09 05:43:00,-368.850961535
2018-02-09 05:44:00,-368.850961535
2018-02-09 05:45:00,-368.850961535
2018-02-09 05:46:00,-368.850961535
2018-02-09 05:47:00,-358.849883435
2018-02-09 05:48:00,-348.848805335
2018-02-09 05:49:00,-328.846649135
2018-02-09 05:50:00,-288.842336735
2018-02-09 05:51:00,-268.840180535
2018-02-09 05:52:00,-288.842336735
2018-02-09 05:53:00,-248.838024335
2018-02-09 05:54:00,-238.836946235
2018-02-09 05:55:00,-278.841258635
2018-02-09 05:56:00,-278.841258635
2018-02-09 05:57:00,-278.841258635
2018-02-09 05:58:00,-278.841258635
2018-02-09 05:59:00,-278.841258635
2018-02-09 06:00:00,-298.843414835
2018-02-09 06:01:00,-288.842336735
2018-02-09 06:02:00,-288.842336735
2018-02-09 06:03:00,-288.842336735
2018-02-09 06:04:00,-288.842336735
2018-02-09 06:05:00,-268.840180535
2018-02-09 06:06:00,-268.840180535
2018-02-09 06:07:00,-268.840180535
2018-02-09 06:08:00,-268.840180535
2018-02-09 06:09:00,-268.840180535
2018-02-09 06:10:00,-278.841258635
2018-02-09 06:11:00,-278.841258635
2018-02-09 06:12:00,-278.841258635
2018-02-09 06:13:00,-248.838024335
2018-02-09 06:14:00,-268.840180535
2018-02-09 06:15:00,-238.836946235
2018-02-09 06:16:00,-228.835868135
2018-02-09 06:17:00,-228.835868135
2018-02-09 06:18:00,-228.835868135
2018-02-09 06:19:00,-248.838024335
2018-02-09 06:20:00,-248.838024335
2018-02-09 06:21:00,-248.838024335
2018-02-09 06:22:00,-218.834790035
2018-02-09 06:23:00,-228.835868135
2018-02-09 06:24:00,-228.835868135
2018-02-09 06:25:00,-228.835868135
2018-02-09 06:26:00,-248.838024335
2018-02-09 06:27:00,-228.835868135
2018-02-09 06:28:00,-228.835868135
2018-02-09 06:29:00,-228.835868135
2018-02-09 06:30:00,-218.834790035
2018-02-09 06:31:00,-168.829399535
2018-02-09 06:32:00,-188.831555735
2018-02-09 06:33:00,-178.830477635
2018-02-09 06:34:00,-108.822930935
2018-02-09 06:35:00,-88.8207747355
2018-02-09 06:36:00,-88.8207747355
2018-02-09 06:37:00,-158.828321435
2018-02-09 06:38:00,-148.827243335
2018-02-09 06:39:00,-148.827243335
2018-02-09 06:40:00,-88.8207747355
2018-02-09 06:41:00,-88.8207747355
2018-02-09 06:42:00,-88.8207747355
2018-02-09 06:43:00,-88.8207747355
2018-02-09 06:44:00,-88.8207747355
2018-02-09 06:45:00,-108.822930935
2018-02-09 06:46:00,-118.824009035
2018-02-09 06:47:00,-138.826165235
2018-02-09 06:48:00,-108.822930935
2018-02-09 06:49:00,-138.826165235
2018-02-09 06:50:00,-138.826165235
2018-02-09 06:51:00,-138.826165235
2018-02-09 06:52:00,-138.826165235
2018-02-09 06:53:00,-138.826165235
2018-02-09 06:54:00,-138.826165235
2018-02-09 06:55:00,-138.826165235
2018-02-09 06:56:00,-128.825087135
2018-02-09 06:57:00,-118.824009035
2018-02-09 06:58:00,-128.825087135
2018-02-09 06:59:00,-128.825087135
2018-02-09 07:00:00,-118.824009035
2018-02-09 07:01:00,-118.824009035
2018-02-09 07:02:00,-118.824009035
2018-02-09 07:03:00,-88.8207747355
2018-02-09 07:04:00,-118.824009035
2018-02-09 07:05:00,-118.824009035
2018-02-09 07:06:00,-138.826165235
2018-02-09 07:07:00,-138.826165235
2018-02-09 07:08:00,-138.826165235
2018-02-09 07:09:00,-158.828321435
2018-02-09 07:10:00,-158.828321435
2018-02-09 07:11:00,-158.828321435
2018-02-09 07:12:00,-138.826165235
2018-02-09 07:13:00,-138.826165235
2018-02-09 07:14:00,-158.828321435
2018-02-09 07:15:00,-168.829399535
2018-02-09 07:16:00,-168.829399535
2018-02-09 07:17:00,-168.829399535
2018-02-09 07:18:00,-148.827243335
2018-02-09 07:19:00,-188.831555735
2018-02-09 07:20:00,-208.833711935
2018-02-09 07:21:00,-198.832633835
2018-02-09 07:22:00,-198.832633835
2018-02-09 07:23:00,-198.832633835
2018-02-09 07:24:00,-198.832633835
2018-02-09 07:25:00,-188.831555735
2018-02-09 07:26:00,-188.831555735
2018-02-09 07:27:00,-188.831555735
2018-02-09 07:28:00,-208.833711935
2018-02-09 07:29:00,-238.836946235
2018-02-09 07:30:00,-208.833711935
2018-02-09 07:31:00,-188.831555735
2018-02-09 07:32:00,-198.832633835
2018-02-09 07:33:00,-198.832633835
2018-02-09 07:34:00,-198.832633835
2018-02-09 07:35:00,-228.835868135
2018-02-09 07:36:00,-228.835868135
2018-02-09 07:37:00,-238.836946235
2018-02-09 07:38:00,-238.836946235
2018-02-09 07:39:00,-238.836946235
2018-02-09 07:40:00,-238.836946235
2018-02-09 07:41:00,-248.838024335
2018-02-09 07:42:00,-248.838024335
2018-02-09 07:43:00,-248.838024335
2018-02-09 07:44:00,-268.840180535
2018-02-09 07:45:00,-308.844492935
2018-02-09 07:46:00,-278.841258635
2018-02-09 07:47:00,-308.844492935
2018-02-09 07:48:00,-288.842336735
2018-02-09 07:49:00,-308.844492935
2018-02-09 07:50:00,-288.842336735
2018-02-09 07:51:00,-288.842336735
2018-02-09 07:52:00,-308.844492935
2018-02-09 07:53:00,-298.843414835
2018-02-09 07:54:00,-298.843414835
2018-02-09 07:55:00,-278.841258635
2018-02-09 07:56:00,-268.840180535
2018-02-09 07:57:00,-268.840180535
2018-02-09 07:58:00,-258.839102435
2018-02-09 07:59:00,-258.839102435
2018-02-09 08:00:00,-258.839102435
2018-02-09 08:01:00,-268.840180535
2018-02-09 08:02:00,-268.840180535
2018-02-09 08:03:00,-308.844492935
2018-02-09 08:04:00,-308.844492935
2018-02-09 08:05:00,-318.845571035
2018-02-09 08:06:00,-318.845571035
2018-02-09 08:07:00,-318.845571035
2018-02-09 08:08:00,-308.844492935
2018-02-09 08:09:00,-308.844492935
2018-02-09 08:10:00,-308.844492935
2018-02-09 08:11:00,-318.845571035
2018-02-09 08:12:00,-318.845571035
2018-02-09 08:13:00,-318.845571035
2018-02-09 08:14:00,-328.846649135
2018-02-09 08:15:00,-328.846649135
2018-02-09 08:16:00,-328.846649135
2018-02-09 08:17:00,-318.845571035
2018-02-09 08:18:00,-318.845571035
2018-02-09 08:19:00,-308.844492935
2018-02-09 08:20:00,-318.845571035
2018-02-09 08:21:00,-328.846649135
2018-02-09 08:22:00,-328.846649135
2018-02-09 08:23:00,-328.846649135
2018-02-09 08:24:00,-328.846649135
2018-02-09 08:25:00,-338.847727235
2018-02-09 08:26:00,-328.846649135
2018-02-09 08:27:00,-328.846649135
2018-02-09 08:28:00,-328.846649135
2018-02-09 08:29:00,-328.846649135
2018-02-09 08:30:00,-308.844492935
2018-02-09 08:31:00,-328.846649135
2018-02-09 08:32:00,-328.846649135
2018-02-09 08:33:00,-328.846649135
2018-02-09 08:34:00,-328.846649135
2018-02-09 08:35:00,-328.846649135
2018-02-09 08:36:00,-328.846649135
2018-02-09 08:37:00,-328.846649135
2018-02-09 08:38:00,-318.845571035
2018-02-09 08:39:00,-318.845571035
2018-02-09 08:40:00,-308.844492935
2018-02-09 08:41:00,-298.843414835
2018-02-09 08:42:00,-288.842336735
2018-02-09 08:43:00,-288.842336735
2018-02-09 08:44:00,-288.842336735
2018-02-09 08:45:00,-288.842336735
2018-02-09 08:46:00,-298.843414835
2018-02-09 08:47:00,-338.847727235
2018-02-09 08:48:00,-338.847727235
2018-02-09 08:49:00,-318.845571035
2018-02-09 08:50:00,-308.844492935
2018-02-09 08:51:00,-308.844492935
2018-02-09 08:52:00,-328.846649135
2018-02-09 08:53:00,-328.846649135
2018-02-09 08:54:00,-328.846649135
2018-02-09 08:55:00,-328.846649135
2018-02-09 08:56:00,-348.848805335
2018-02-09 08:57:00,-328.846649135
2018-02-09 08:58:00,-328.846649135
2018-02-09 08:59:00,-328.846649135
2018-02-09 09:00:00,-318.845571035
2018-02-09 09:01:00,-328.846649135
2018-02-09 09:02:00,-338.847727235
2018-02-09 09:03:00,-338.847727235
2018-02-09 09:04:00,-338.847727235
2018-02-09 09:05:00,-338.847727235
2018-02-09 09:06:00,-338.847727235
2018-02-09 09:07:00,-338.847727235
2018-02-09 09:08:00,-338.847727235
2018-02-09 09:09:00,-338.847727235
2018-02-09 09:10:00,-338.847727235
2018-02-09 09:11:00,-338.847727235
2018-02-09 09:12:00,-338.847727235
2018-02-09 09:13:00,-338.847727235
2018-02-09 09:14:00,-338.847727235
2018-02-09 09:15:00,-338.847727235
2018-02-09 09:16:00,-348.848805335
2018-02-09 09:17:00,-348.848805335
2018-02-09 09:18:00,-358.849883435
2018-02-09 09:19:00,-368.850961535
2018-02-09 09:20:00,-368.850961535
2018-02-09 09:21:00,-368.850961535
2018-02-09 09:22:00,-358.849883435
2018-02-09 09:23:00,-358.849883435
2018-02-09 09:24:00,-358.849883435
2018-02-09 09:25:00,-358.849883435
2018-02-09 09:26:00,-368.850961535
2018-02-09 09:27:00,-368.850961535
2018-02-09 09:28:00,-348.848805335
2018-02-09 09:29:00,-348.848805335
2018-02-09 09:30:00,-368.850961535
2018-02-09 09:31:00,-368.850961535
2018-02-09 09:32:00,-368.850961535
2018-02-09 09:33:00,-368.850961535
2018-02-09 09:34:00,-368.850961535
2018-02-09 09:35:00,-368.850961535
2018-02-09 09:36:00,-358.849883435
2018-02-09 09:37:00,-368.850961535
2018-02-09 09:38:00,-348.848805335
2018-02-09 09:39:00,-348.848805335
2018-02-09 09:40:00,-338.847727235
2018-02-09 09:41:00,-328.846649135
2018-02-09 09:42:00,-328.846649135
2018-02-09 09:43:00,-328.846649135
2018-02-09 09:44:00,-328.846649135
2018-02-09 09:45:00,-308.844492935
2018-02-09 09:46:00,-288.842336735
2018-02-09 09:47:00,-268.840180535
2018-02-09 09:48:00,-248.838024335
2018-02-09 09:49:00,-248.838024335
2018-02-09 09:50:00,-228.835868135
2018-02-09 09:51:00,-268.840180535
2018-02-09 09:52:00,-308.844492935
2018-02-09 09:53:00,-308.844492935
2018-02-09 09:54:00,-308.844492935
2018-02-09 09:55:00,-308.844492935
2018-02-09 09:56:00,-308.844492935
2018-02-09 09:57:00,-318.845571035
2018-02-09 09:58:00,-318.845571035
2018-02-09 09:59:00,-318.845571035
2018-02-09 10:00:00,-328.846649135
2018-02-09 10:01:00,-338.847727235
2018-02-09 10:02:00,-328.846649135
2018-02-09 10:03:00,-338.847727235
2018-02-09 10:04:00,-338.847727235
2018-02-09 10:05:00,-338.847727235
2018-02-09 10:06:00,-328.846649135
2018-02-09 10:07:00,-328.846649135
2018-02-09 10:08:00,-328.846649135
2018-02-09 10:09:00,-328.846649135
2018-02-09 10:10:00,-348.848805335
2018-02-09 10:11:00,-328.846649135
2018-02-09 10:12:00,-328.846649135
2018-02-09 10:13:00,-348.848805335
2018-02-09 10:14:00,-328.846649135
2018-02-09 10:15:00,-328.846649135
2018-02-09 10:16:00,-318.845571035
2018-02-09 10:17:00,-318.845571035
2018-02-09 10:18:00,-328.846649135
2018-02-09 10:19:00,-328.846649135
2018-02-09 10:20:00,-318.845571035
2018-02-09 10:21:00,-318.845571035
2018-02-09 10:22:00,-318.845571035
2018-02-09 10:23:00,-318.845571035
2018-02-09 10:24:00,-318.845571035
2018-02-09 10:25:00,-318.845571035
2018-02-09 10:26:00,-308.844492935
2018-02-09 10:27:00,-318.845571035
2018-02-09 10:28:00,-318.845571035
2018-02-09 10:29:00,-328.846649135
2018-02-09 10:30:00,-318.845571035
2018-02-09 10:31:00,-318.845571035
2018-02-09 10:32:00,-318.845571035
2018-02-09 10:33:00,-328.846649135
2018-02-09 10:34:00,-328.846649135
2018-02-09 10:35:00,-348.848805335
2018-02-09 10:36:00,-368.850961535
2018-02-09 10:37:00,-368.850961535
2018-02-09 10:38:00,-368.850961535
2018-02-09 10:39:00,-368.850961535
2018-02-09 10:40:00,-358.849883435
2018-02-09 10:41:00,-338.847727235
2018-02-09 10:42:00,-348.848805335
2018-02-09 10:43:00,-358.849883435
2018-02-09 10:44:00,-358.849883435
2018-02-09 10:45:00,-328.846649135
2018-02-09 10:46:00,-328.846649135
2018-02-09 10:47:00,-328.846649135
2018-02-09 10:48:00,-328.846649135
2018-02-09 10:49:00,-328.846649135
2018-02-09 10:50:00,-318.845571035
2018-02-09 10:51:00,-328.846649135
2018-02-09 10:52:00,-318.845571035
2018-02-09 10:53:00,-328.846649135
2018-02-09 10:54:00,-328.846649135
2018-02-09 10:55:00,-328.846649135
2018-02-09 10:56:00,-278.841258635
2018-02-09 10:57:00,-278.841258635
2018-02-09 10:58:00,-278.841258635
2018-02-09 10:59:00,-258.839102435
2018-02-09 11:00:00,-258.839102435
2018-02-09 11:01:00,-258.839102435
2018-02-09 11:02:00,-278.841258635
2018-02-09 11:03:00,-278.841258635
2018-02-09 11:04:00,-268.840180535
2018-02-09 11:05:00,-258.839102435
2018-02-09 11:06:00,-238.836946235
2018-02-09 11:07:00,-238.836946235
2018-02-09 11:08:00,-238.836946235
2018-02-09 11:09:00,-218.834790035
2018-02-09 11:10:00,-228.835868135
2018-02-09 11:11:00,-238.836946235
2018-02-09 11:12:00,-278.841258635
2018-02-09 11:13:00,-278.841258635
2018-02-09 11:14:00,-238.836946235
2018-02-09 11:15:00,-238.836946235
2018-02-09 11:16:00,-238.836946235
2018-02-09 11:17:00,-238.836946235
2018-02-09 11:18:00,-218.834790035
2018-02-09 11:19:00,-238.836946235
2018-02-09 11:20:00,-238.836946235
2018-02-09 11:21:00,-278.841258635
2018-02-09 11:22:00,-278.841258635
2018-02-09 11:23:00,-278.841258635
2018-02-09 11:24:00,-278.841258635
2018-02-09 11:25:00,-278.841258635
2018-02-09 11:26:00,-258.839102435
2018-02-09 11:27:00,-258.839102435
2018-02-09 11:28:00,-258.839102435
2018-02-09 11:29:00,-218.834790035
2018-02-09 11:30:00,-218.834790035
2018-02-09 11:31:00,-228.835868135
2018-02-09 11:32:00,-228.835868135
2018-02-09 11:33:00,-228.835868135
2018-02-09 11:34:00,-228.835868135
2018-02-09 11:35:00,-218.834790035
2018-02-09 11:36:00,-218.834790035
2018-02-09 11:37:00,-218.834790035
2018-02-09 11:38:00,-218.834790035
2018-02-09 11:39:00,-218.834790035
2018-02-09 11:40:00,-208.833711935
2018-02-09 11:41:00,-208.833711935
2018-02-09 11:42:00,-198.832633835
2018-02-09 11:43:00,-168.829399535
2018-02-09 11:44:00,-158.828321435
2018-02-09 11:45:00,-158.828321435
2018-02-09 11:46:00,-158.828321435
2018-02-09 11:47:00,-178.830477635
2018-02-09 11:48:00,-158.828321435
2018-02-09 11:49:00,-158.828321435
2018-02-09 11:50:00,-148.827243335
2018-02-09 11:51:00,-158.828321435
2018-02-09 11:52:00,-158.828321435
2018-02-09 11:53:00,-168.829399535
2018-02-09 11:54:00,-168.829399535
2018-02-09 11:55:00,-178.830477635
2018-02-09 11:56:00,-178.830477635
2018-02-09 11:57:00,-198.832633835
2018-02-09 11:58:00,-198.832633835
2018-02-09 11:59:00,-198.832633835
2018-02-12 01:29:00,223.003111917
2018-02-12 01:30:00,223.003111917
2018-02-12 01:31:00,223.003111917
2018-02-12 01:32:00,-387.589598083
2018-02-12 01:33:00,-387.589598083
2018-02-12 01:34:00,-387.589598083
2018-02-12 01:35:00,-387.589598083
2018-02-12 01:36:00,-387.589598083
2018-02-12 01:37:00,-387.589598083
2018-02-12 01:38:00,-387.589598083
2018-02-12 01:39:00,-387.589598083
2018-02-12 01:40:00,-399.801452283
2018-02-12 01:41:00,-399.801452283
2018-02-12 01:42:00,-363.165889683
2018-02-12 01:43:00,-363.165889683
2018-02-12 01:44:00,-363.165889683
2018-02-12 01:45:00,-375.377743883
2018-02-12 01:46:00,-375.377743883
2018-02-12 01:47:00,-399.801452283
2018-02-12 01:48:00,-399.801452283
2018-02-12 01:49:00,-399.801452283
2018-02-12 01:50:00,-399.801452283
2018-02-12 01:51:00,-399.801452283
2018-02-12 01:52:00,-399.801452283
2018-02-12 01:53:00,-399.801452283
2018-02-12 01:54:00,-399.801452283
2018-02-12 01:55:00,-399.801452283
2018-02-12 01:56:00,-399.801452283
2018-02-12 01:57:00,-399.801452283
2018-02-12 01:58:00,-412.013306483
2018-02-12 01:59:00,-412.013306483
2018-02-12 02:00:00,-338.742181283
2018-02-12 02:01:00,-350.954035483
2018-02-12 02:02:00,-363.165889683
2018-02-12 02:03:00,-363.165889683
2018-02-12 02:04:00,-350.954035483
2018-02-12 02:05:00,-326.530327083
2018-02-12 02:06:00,-350.954035483
2018-02-12 02:07:00,-350.954035483
2018-02-12 02:08:00,-350.954035483
2018-02-12 02:09:00,-338.742181283
2018-02-12 02:10:00,-350.954035483
2018-02-12 02:11:00,-399.801452283
2018-02-12 02:12:00,-387.589598083
2018-02-12 02:13:00,-387.589598083
2018-02-12 02:14:00,-387.589598083
2018-02-12 02:15:00,-412.013306483
2018-02-12 02:16:00,-412.013306483
2018-02-12 02:17:00,-412.013306483
2018-02-12 02:18:00,-424.225160683
2018-02-12 02:19:00,-412.013306483
2018-02-12 02:20:00,-412.013306483
2018-02-12 02:21:00,-436.437014883
2018-02-12 02:22:00,-436.437014883
2018-02-12 02:23:00,-436.437014883
2018-02-12 02:24:00,-436.437014883
2018-02-12 02:25:00,-436.437014883
2018-02-12 02:26:00,-436.437014883
2018-02-12 02:27:00,-436.437014883
2018-02-12 02:28:00,-412.013306483
2018-02-12 02:29:00,-412.013306483
2018-02-12 02:30:00,-412.013306483
2018-02-12 02:31:00,-412.013306483
2018-02-12 02:32:00,-412.013306483
2018-02-12 02:33:00,-387.589598083
2018-02-12 02:34:00,-387.589598083
2018-02-12 02:35:00,-375.377743883
2018-02-12 02:36:00,-375.377743883
2018-02-12 02:37:00,-375.377743883
2018-02-12 02:38:00,-375.377743883
2018-02-12 02:39:00,-387.589598083
2018-02-12 02:40:00,-448.648869083
2018-02-12 02:41:00,-460.860723283
2018-02-12 02:42:00,-497.496285883
2018-02-12 02:43:00,-497.496285883
2018-02-12 02:44:00,-497.496285883
2018-02-12 02:45:00,-497.496285883
2018-02-12 02:46:00,-497.496285883
2018-02-12 02:47:00,-485.284431683
2018-02-12 02:48:00,-485.284431683
2018-02-12 02:49:00,-497.496285883
2018-02-12 02:50:00,-497.496285883
2018-02-12 02:51:00,-497.496285883
2018-02-12 02:52:00,-460.860723283
2018-02-12 02:53:00,-436.437014883
2018-02-12 02:54:00,-436.437014883
2018-02-12 02:55:00,-436.437014883
2018-02-12 02:56:00,-436.437014883
2018-02-12 02:57:00,-448.648869083
2018-02-12 02:58:00,-448.648869083
2018-02-12 02:59:00,-460.860723283
2018-02-12 03:00:00,-497.496285883
2018-02-12 03:01:00,-497.496285883
2018-02-12 03:02:00,-497.496285883
2018-02-12 03:03:00,-497.496285883
2018-02-12 03:04:00,-497.496285883
2018-02-12 03:05:00,-497.496285883
2018-02-12 03:06:00,-497.496285883
2018-02-12 03:07:00,-485.284431683
2018-02-12 03:08:00,-448.648869083
2018-02-12 03:09:00,-448.648869083
2018-02-12 03:10:00,-448.648869083
2018-02-12 03:11:00,-448.648869083
2018-02-12 03:12:00,-448.648869083
2018-02-12 03:13:00,-448.648869083
2018-02-12 03:14:00,-448.648869083
2018-02-12 03:15:00,-497.496285883
2018-02-12 03:16:00,-497.496285883
2018-02-12 03:17:00,-521.919994283
2018-02-12 03:18:00,-521.919994283
2018-02-12 03:19:00,-509.708140083
2018-02-12 03:20:00,-521.919994283
2018-02-12 03:21:00,-509.708140083
2018-02-12 03:22:00,-509.708140083
2018-02-12 03:23:00,-509.708140083
2018-02-12 03:24:00,-509.708140083
2018-02-12 03:25:00,-509.708140083
2018-02-12 03:26:00,-509.708140083
2018-02-12 03:27:00,-497.496285883
2018-02-12 03:28:00,-497.496285883
2018-02-12 03:29:00,-485.284431683
2018-02-12 03:30:00,-473.072577483
2018-02-12 03:31:00,-485.284431683
2018-02-12 03:32:00,-473.072577483
2018-02-12 03:33:00,-473.072577483
2018-02-12 03:34:00,-485.284431683
2018-02-12 03:35:00,-485.284431683
2018-02-12 03:36:00,-485.284431683
2018-02-12 03:37:00,-485.284431683
2018-02-12 03:38:00,-485.284431683
2018-02-12 03:39:00,-497.496285883
2018-02-12 03:40:00,-497.496285883
2018-02-12 03:41:00,-509.708140083
2018-02-12 03:42:00,-473.072577483
2018-02-12 03:43:00,-473.072577483
2018-02-12 03:44:00,-473.072577483
2018-02-12 03:45:00,-473.072577483
2018-02-12 03:46:00,-473.072577483
2018-02-12 03:47:00,-473.072577483
2018-02-12 03:48:00,-473.072577483
2018-02-12 03:49:00,-473.072577483
2018-02-12 03:50:00,-473.072577483
2018-02-12 03:51:00,-473.072577483
2018-02-12 03:52:00,-473.072577483
2018-02-12 03:53:00,-473.072577483
2018-02-12 03:54:00,-473.072577483
2018-02-12 03:55:00,-473.072577483
2018-02-12 03:56:00,-473.072577483
2018-02-12 03:57:00,-473.072577483
2018-02-12 03:58:00,-521.919994283
2018-02-12 03:59:00,-497.496285883
2018-02-12 04:00:00,-497.496285883
2018-02-12 04:01:00,-497.496285883
2018-02-12 04:02:00,-497.496285883
2018-02-12 04:03:00,-497.496285883
2018-02-12 04:04:00,-497.496285883
2018-02-12 04:05:00,-497.496285883
2018-02-12 04:06:00,-497.496285883
2018-02-12 04:07:00,-497.496285883
2018-02-12 04:08:00,-497.496285883
2018-02-12 04:09:00,-497.496285883
2018-02-12 04:10:00,-497.496285883
2018-02-12 04:11:00,-497.496285883
2018-02-12 04:12:00,-497.496285883
2018-02-12 04:13:00,-497.496285883
2018-02-12 04:14:00,-497.496285883
2018-02-12 04:15:00,-497.496285883
2018-02-12 04:16:00,-497.496285883
2018-02-12 04:17:00,-497.496285883
2018-02-12 04:18:00,-497.496285883
2018-02-12 04:19:00,-497.496285883
2018-02-12 04:20:00,-497.496285883
2018-02-12 04:21:00,-497.496285883
2018-02-12 04:22:00,-485.284431683
2018-02-12 04:23:00,-473.072577483
2018-02-12 04:24:00,-473.072577483
2018-02-12 04:25:00,-473.072577483
2018-02-12 04:26:00,-473.072577483
2018-02-12 04:27:00,-473.072577483
2018-02-12 04:28:00,-473.072577483
2018-02-12 04:29:00,-473.072577483
2018-02-12 04:30:00,-473.072577483
2018-02-12 04:31:00,-473.072577483
2018-02-12 04:32:00,-485.284431683
2018-02-12 04:33:00,-485.284431683
2018-02-12 04:34:00,-485.284431683
2018-02-12 04:35:00,-485.284431683
2018-02-12 04:36:00,-485.284431683
2018-02-12 04:37:00,-485.284431683
2018-02-12 04:38:00,-485.284431683
2018-02-12 04:39:00,-485.284431683
2018-02-12 04:40:00,-485.284431683
2018-02-12 04:41:00,-485.284431683
2018-02-12 04:42:00,-485.284431683
2018-02-12 04:43:00,-497.496285883
2018-02-12 04:44:00,-497.496285883
2018-02-12 04:45:00,-497.496285883
2018-02-12 04:46:00,-497.496285883
2018-02-12 04:47:00,-497.496285883
2018-02-12 04:48:00,-497.496285883
2018-02-12 04:49:00,-521.919994283
2018-02-12 04:50:00,-521.919994283
2018-02-12 04:51:00,-521.919994283
2018-02-12 04:52:00,-521.919994283
2018-02-12 04:53:00,-558.555556883
2018-02-12 04:54:00,-570.767411083
2018-02-12 04:55:00,-582.979265283
2018-02-12 04:56:00,-570.767411083
2018-02-12 04:57:00,-570.767411083
2018-02-12 04:58:00,-558.555556883
2018-02-12 04:59:00,-558.555556883
2018-02-12 05:00:00,-558.555556883
2018-02-12 05:01:00,-558.555556883
2018-02-12 05:02:00,-558.555556883
2018-02-12 05:03:00,-570.767411083
2018-02-12 05:04:00,-558.555556883
2018-02-12 05:05:00,-558.555556883
2018-02-12 05:06:00,-558.555556883
2018-02-12 05:07:00,-546.343702683
2018-02-12 05:08:00,-546.343702683
2018-02-12 05:09:00,-546.343702683
2018-02-12 05:10:00,-558.555556883
2018-02-12 05:11:00,-558.555556883
2018-02-12 05:12:00,-558.555556883
2018-02-12 05:13:00,-558.555556883
2018-02-12 05:14:00,-558.555556883
2018-02-12 05:15:00,-558.555556883
2018-02-12 05:16:00,-558.555556883
2018-02-12 05:17:00,-558.555556883
2018-02-12 05:18:00,-558.555556883
2018-02-12 05:19:00,-558.555556883
2018-02-12 05:20:00,-558.555556883
2018-02-12 05:21:00,-546.343702683
2018-02-12 05:22:00,-558.555556883
2018-02-12 05:23:00,-558.555556883
2018-02-12 05:24:00,-558.555556883
2018-02-12 05:25:00,-558.555556883
2018-02-12 05:26:00,-558.555556883
2018-02-12 05:27:00,-558.555556883
2018-02-12 05:28:00,-558.555556883
2018-02-12 05:29:00,-558.555556883
2018-02-12 05:30:00,-558.555556883
2018-02-12 05:31:00,-558.555556883
2018-02-12 05:32:00,-570.767411083
2018-02-12 05:33:00,-570.767411083
2018-02-12 05:34:00,-570.767411083
2018-02-12 05:35:00,-570.767411083
2018-02-12 05:36:00,-570.767411083
2018-02-12 05:37:00,-570.767411083
2018-02-12 05:38:00,-570.767411083
2018-02-12 05:39:00,-570.767411083
2018-02-12 05:40:00,-570.767411083
2018-02-12 05:41:00,-570.767411083
2018-02-12 05:42:00,-558.555556883
2018-02-12 05:43:00,-558.555556883
2018-02-12 05:44:00,-558.555556883
2018-02-12 05:45:00,-570.767411083
2018-02-12 05:46:00,-570.767411083
2018-02-12 05:47:00,-570.767411083
2018-02-12 05:48:00,-570.767411083
2018-02-12 05:49:00,-570.767411083
2018-02-12 05:50:00,-570.767411083
2018-02-12 05:51:00,-570.767411083
2018-02-12 05:52:00,-570.767411083
2018-02-12 05:53:00,-570.767411083
2018-02-12 05:54:00,-570.767411083
2018-02-12 05:55:00,-570.767411083
2018-02-12 05:56:00,-570.767411083
2018-02-12 05:57:00,-570.767411083
2018-02-12 05:58:00,-570.767411083
2018-02-12 05:59:00,-570.767411083
2018-02-12 06:00:00,-570.767411083
2018-02-12 06:01:00,-558.555556883
2018-02-12 06:02:00,-570.767411083
2018-02-12 06:03:00,-582.979265283
2018-02-12 06:04:00,-582.979265283
2018-02-12 06:05:00,-582.979265283
2018-02-12 06:06:00,-582.979265283
2018-02-12 06:07:00,-582.979265283
2018-02-12 06:08:00,-582.979265283
2018-02-12 06:09:00,-582.979265283
2018-02-12 06:10:00,-582.979265283
2018-02-12 06:11:00,-582.979265283
2018-02-12 06:12:00,-582.979265283
2018-02-12 06:13:00,-582.979265283
2018-02-12 06:14:00,-582.979265283
2018-02-12 06:15:00,-595.191119483
2018-02-12 06:16:00,-595.191119483
2018-02-12 06:17:00,-595.191119483
2018-02-12 06:18:00,-595.191119483
2018-02-12 06:19:00,-607.402973683
2018-02-12 06:20:00,-607.402973683
2018-02-12 06:21:00,-607.402973683
2018-02-12 06:22:00,-607.402973683
2018-02-12 06:23:00,-607.402973683
2018-02-12 06:24:00,-607.402973683
2018-02-12 06:25:00,-607.402973683
2018-02-12 06:26:00,-607.402973683
2018-02-12 06:27:00,-607.402973683
2018-02-12 06:28:00,-595.191119483
2018-02-12 06:29:00,-595.191119483
2018-02-12 06:30:00,-582.979265283
2018-02-12 06:31:00,-582.979265283
2018-02-12 06:32:00,-582.979265283
2018-02-12 06:33:00,-582.979265283
2018-02-12 06:34:00,-582.979265283
2018-02-12 06:35:00,-570.767411083
2018-02-12 06:36:00,-582.979265283
2018-02-12 06:37:00,-582.979265283
2018-02-12 06:38:00,-582.979265283
2018-02-12 06:39:00,-582.979265283
2018-02-12 06:40:00,-582.979265283
2018-02-12 06:41:00,-582.979265283
2018-02-12 06:42:00,-582.979265283
2018-02-12 06:43:00,-582.979265283
2018-02-12 06:44:00,-582.979265283
2018-02-12 06:45:00,-582.979265283
2018-02-12 06:46:00,-582.979265283
2018-02-12 06:47:00,-582.979265283
2018-02-12 06:48:00,-582.979265283
2018-02-12 06:49:00,-582.979265283
2018-02-12 06:50:00,-582.979265283
2018-02-12 06:51:00,-582.979265283
2018-02-12 06:52:00,-582.979265283
2018-02-12 06:53:00,-582.979265283
2018-02-12 06:54:00,-582.979265283
2018-02-12 06:55:00,-595.191119483
2018-02-12 06:56:00,-595.191119483
2018-02-12 06:57:00,-582.979265283
2018-02-12 06:58:00,-582.979265283
2018-02-12 06:59:00,-582.979265283
2018-02-12 07:00:00,-582.979265283
2018-02-12 07:01:00,-582.979265283
2018-02-12 07:02:00,-570.767411083
2018-02-12 07:03:00,-558.555556883
2018-02-12 07:04:00,-546.343702683
2018-02-12 07:05:00,-546.343702683
2018-02-12 07:06:00,-546.343702683
2018-02-12 07:07:00,-534.131848483
2018-02-12 07:08:00,-534.131848483
2018-02-12 07:09:00,-534.131848483
2018-02-12 07:10:00,-534.131848483
2018-02-12 07:11:00,-534.131848483
2018-02-12 07:12:00,-534.131848483
2018-02-12 07:13:00,-534.131848483
2018-02-12 07:14:00,-521.919994283
2018-02-12 07:15:00,-521.919994283
2018-02-12 07:16:00,-521.919994283
2018-02-12 07:17:00,-558.555556883
2018-02-12 07:18:00,-558.555556883
2018-02-12 07:19:00,-558.555556883
2018-02-12 07:20:00,-546.343702683
2018-02-12 07:21:00,-534.131848483
2018-02-12 07:22:00,-546.343702683
2018-02-12 07:23:00,-546.343702683
2018-02-12 07:24:00,-546.343702683
2018-02-12 07:25:00,-534.131848483
2018-02-12 07:26:00,-534.131848483
2018-02-12 07:27:00,-534.131848483
2018-02-12 07:28:00,-546.343702683
2018-02-12 07:29:00,-546.343702683
2018-02-12 07:30:00,-546.343702683
2018-02-12 07:31:00,-546.343702683
2018-02-12 07:32:00,-558.555556883
2018-02-12 07:33:00,-546.343702683
2018-02-12 07:34:00,-546.343702683
2018-02-12 07:35:00,-546.343702683
2018-02-12 07:36:00,-546.343702683
2018-02-12 07:37:00,-546.343702683
2018-02-12 07:38:00,-546.343702683
2018-02-12 07:39:00,-546.343702683
2018-02-12 07:40:00,-521.919994283
2018-02-12 07:41:00,-521.919994283
2018-02-12 07:42:00,-521.919994283
2018-02-12 07:43:00,-521.919994283
2018-02-12 07:44:00,-521.919994283
2018-02-12 07:45:00,-521.919994283
2018-02-12 07:46:00,-521.919994283
2018-02-12 07:47:00,-521.919994283
2018-02-12 07:48:00,-521.919994283
2018-02-12 07:49:00,-521.919994283
2018-02-12 07:50:00,-521.919994283
2018-02-12 07:51:00,-521.919994283
2018-02-12 07:52:00,-521.919994283
2018-02-12 07:53:00,-521.919994283
2018-02-12 07:54:00,-521.919994283
2018-02-12 07:55:00,-521.919994283
2018-02-12 07:56:00,-509.708140083
2018-02-12 07:57:00,-509.708140083
2018-02-12 07:58:00,-497.496285883
2018-02-12 07:59:00,-448.648869083
2018-02-12 08:00:00,-448.648869083
2018-02-12 08:01:00,-448.648869083
2018-02-12 08:02:00,-521.919994283
2018-02-12 08:03:00,-521.919994283
2018-02-12 08:04:00,-521.919994283
2018-02-12 08:05:00,-521.919994283
2018-02-12 08:06:00,-485.284431683
2018-02-12 08:07:00,-485.284431683
2018-02-12 08:08:00,-485.284431683
2018-02-12 08:09:00,-473.072577483
2018-02-12 08:10:00,-497.496285883
2018-02-12 08:11:00,-509.708140083
2018-02-12 08:12:00,-473.072577483
2018-02-12 08:13:00,-473.072577483
2018-02-12 08:14:00,-473.072577483
2018-02-12 08:15:00,-473.072577483
2018-02-12 08:16:00,-485.284431683
2018-02-12 08:17:00,-473.072577483
2018-02-12 08:18:00,-473.072577483
2018-02-12 08:19:00,-460.860723283
2018-02-12 08:20:00,-460.860723283
2018-02-12 08:21:00,-473.072577483
2018-02-12 08:22:00,-473.072577483
2018-02-12 08:23:00,-473.072577483
2018-02-12 08:24:00,-424.225160683
2018-02-12 08:25:00,-424.225160683
2018-02-12 08:26:00,-424.225160683
2018-02-12 08:27:00,-412.013306483
2018-02-12 08:28:00,-424.225160683
2018-02-12 08:29:00,-424.225160683
2018-02-12 08:30:00,-448.648869083
2018-02-12 08:31:00,-497.496285883
2018-02-12 08:32:00,-497.496285883
2018-02-12 08:33:00,-497.496285883
2018-02-12 08:34:00,-497.496285883
2018-02-12 08:35:00,-497.496285883
2018-02-12 08:36:00,-473.072577483
2018-02-12 08:37:00,-460.860723283
2018-02-12 08:38:00,-448.648869083
2018-02-12 08:39:00,-448.648869083
2018-02-12 08:40:00,-473.072577483
2018-02-12 08:41:00,-473.072577483
2018-02-12 08:42:00,-473.072577483
2018-02-12 08:43:00,-473.072577483
2018-02-12 08:44:00,-473.072577483
2018-02-12 08:45:00,-473.072577483
2018-02-12 08:46:00,-448.648869083
2018-02-12 08:47:00,-448.648869083
2018-02-12 08:48:00,-448.648869083
2018-02-12 08:49:00,-436.437014883
2018-02-12 08:50:00,-436.437014883
2018-02-12 08:51:00,-436.437014883
2018-02-12 08:52:00,-436.437014883
2018-02-12 08:53:00,-436.437014883
2018-02-12 08:54:00,-412.013306483
2018-02-12 08:55:00,-412.013306483
2018-02-12 08:56:00,-424.225160683
2018-02-12 08:57:00,-424.225160683
2018-02-12 08:58:00,-412.013306483
2018-02-12 08:59:00,-424.225160683
2018-02-12 09:00:00,-424.225160683
2018-02-12 09:01:00,-424.225160683
2018-02-12 09:02:00,-424.225160683
2018-02-12 09:03:00,-424.225160683
2018-02-12 09:04:00,-424.225160683
2018-02-12 09:05:00,-436.437014883
2018-02-12 09:06:00,-424.225160683
2018-02-12 09:07:00,-424.225160683
2018-02-12 09:08:00,-424.225160683
2018-02-12 09:09:00,-424.225160683
2018-02-12 09:10:00,-424.225160683
2018-02-12 09:11:00,-436.437014883
2018-02-12 09:12:00,-424.225160683
2018-02-12 09:13:00,-424.225160683
2018-02-12 09:14:00,-424.225160683
2018-02-12 09:15:00,-375.377743883
2018-02-12 09:16:00,-399.801452283
2018-02-12 09:17:00,-399.801452283
2018-02-12 09:18:00,-387.589598083
2018-02-12 09:19:00,-387.589598083
2018-02-12 09:20:00,-375.377743883
2018-02-12 09:21:00,-375.377743883
2018-02-12 09:22:00,-399.801452283
2018-02-12 09:23:00,-375.377743883
2018-02-12 09:24:00,-375.377743883
2018-02-12 09:25:00,-399.801452283
2018-02-12 09:26:00,-375.377743883
2018-02-12 09:27:00,-375.377743883
2018-02-12 09:28:00,-375.377743883
2018-02-12 09:29:00,-375.377743883
2018-02-12 09:30:00,-375.377743883
2018-02-12 09:31:00,-363.165889683
2018-02-12 09:32:00,-375.377743883
2018-02-12 09:33:00,-375.377743883
2018-02-12 09:34:00,-399.801452283
2018-02-12 09:35:00,-448.648869083
2018-02-12 09:36:00,-436.437014883
2018-02-12 09:37:00,-424.225160683
2018-02-12 09:38:00,-412.013306483
2018-02-12 09:39:00,-412.013306483
2018-02-12 09:40:00,-412.013306483
2018-02-12 09:41:00,-412.013306483
2018-02-12 09:42:00,-412.013306483
2018-02-12 09:43:00,-412.013306483
2018-02-12 09:44:00,-412.013306483
2018-02-12 09:45:00,-412.013306483
2018-02-12 09:46:00,-412.013306483
2018-02-12 09:47:00,-424.225160683
2018-02-12 09:48:00,-424.225160683
2018-02-12 09:49:00,-424.225160683
2018-02-12 09:50:00,-436.437014883
2018-02-12 09:51:00,-436.437014883
2018-02-12 09:52:00,-436.437014883
2018-02-12 09:53:00,-436.437014883
2018-02-12 09:54:00,-436.437014883
2018-02-12 09:55:00,-436.437014883
2018-02-12 09:56:00,-436.437014883
2018-02-12 09:57:00,-436.437014883
2018-02-12 09:58:00,-436.437014883
2018-02-12 09:59:00,-436.437014883
2018-02-12 10:00:00,-436.437014883
2018-02-12 10:01:00,-436.437014883
2018-02-12 10:02:00,-436.437014883
2018-02-12 10:03:00,-436.437014883
2018-02-12 10:04:00,-473.072577483
2018-02-12 10:05:00,-497.496285883
2018-02-12 10:06:00,-497.496285883
2018-02-12 10:07:00,-497.496285883
2018-02-12 10:08:00,-497.496285883
2018-02-12 10:09:00,-521.919994283
2018-02-12 10:10:00,-509.708140083
2018-02-12 10:11:00,-497.496285883
2018-02-12 10:12:00,-509.708140083
2018-02-12 10:13:00,-509.708140083
2018-02-12 10:14:00,-546.343702683
2018-02-12 10:15:00,-546.343702683
2018-02-12 10:16:00,-546.343702683
2018-02-12 10:17:00,-546.343702683
2018-02-12 10:18:00,-546.343702683
2018-02-12 10:19:00,-546.343702683
2018-02-12 10:20:00,-546.343702683
2018-02-12 10:21:00,-546.343702683
2018-02-12 10:22:00,-570.767411083
2018-02-12 10:23:00,-570.767411083
2018-02-12 10:24:00,-570.767411083
2018-02-12 10:25:00,-570.767411083
2018-02-12 10:26:00,-570.767411083
2018-02-12 10:27:00,-570.767411083
2018-02-12 10:28:00,-570.767411083
2018-02-12 10:29:00,-570.767411083
2018-02-12 10:30:00,-570.767411083
2018-02-12 10:31:00,-558.555556883
2018-02-12 10:32:00,-534.131848483
2018-02-12 10:33:00,-546.343702683
2018-02-12 10:34:00,-546.343702683
2018-02-12 10:35:00,-546.343702683
2018-02-12 10:36:00,-546.343702683
2018-02-12 10:37:00,-546.343702683
2018-02-12 10:38:00,-546.343702683
2018-02-12 10:39:00,-546.343702683
2018-02-12 10:40:00,-546.343702683
2018-02-12 10:41:00,-546.343702683
2018-02-12 10:42:00,-546.343702683
2018-02-12 10:43:00,-570.767411083
2018-02-12 10:44:00,-595.191119483
2018-02-12 10:45:00,-582.979265283
2018-02-12 10:46:00,-570.767411083
2018-02-12 10:47:00,-570.767411083
2018-02-12 10:48:00,-546.343702683
2018-02-12 10:49:00,-546.343702683
2018-02-12 10:50:00,-558.555556883
2018-02-12 10:51:00,-546.343702683
2018-02-12 10:52:00,-546.343702683
2018-02-12 10:53:00,-546.343702683
2018-02-12 10:54:00,-558.555556883
2018-02-12 10:55:00,-534.131848483
2018-02-12 10:56:00,-534.131848483
2018-02-12 10:57:00,-534.131848483
2018-02-12 10:58:00,-595.191119483
2018-02-12 10:59:00,-570.767411083
2018-02-12 11:00:00,-558.555556883
2018-02-12 11:01:00,-558.555556883
2018-02-12 11:02:00,-558.555556883
2018-02-12 11:03:00,-558.555556883
2018-02-12 11:04:00,-570.767411083
2018-02-12 11:05:00,-570.767411083
2018-02-12 11:06:00,-570.767411083
2018-02-12 11:07:00,-570.767411083
2018-02-12 11:08:00,-570.767411083
2018-02-12 11:09:00,-582.979265283
2018-02-12 11:10:00,-582.979265283
2018-02-12 11:11:00,-582.979265283
2018-02-12 11:12:00,-582.979265283
2018-02-12 11:13:00,-582.979265283
2018-02-12 11:14:00,-582.979265283
2018-02-12 11:15:00,-582.979265283
2018-02-12 11:16:00,-607.402973683
2018-02-12 11:17:00,-582.979265283
2018-02-12 11:18:00,-619.614827883
2018-02-12 11:19:00,-582.979265283
2018-02-12 11:20:00,-582.979265283
2018-02-12 11:21:00,-582.979265283
2018-02-12 11:22:00,-582.979265283
2018-02-12 11:23:00,-582.979265283
2018-02-12 11:24:00,-582.979265283
2018-02-12 11:25:00,-534.131848483
2018-02-12 11:26:00,-534.131848483
2018-02-12 11:27:00,-546.343702683
2018-02-12 11:28:00,-546.343702683
2018-02-12 11:29:00,-546.343702683
2018-02-12 11:30:00,-534.131848483
2018-02-12 11:31:00,-534.131848483
2018-02-12 11:32:00,-534.131848483
2018-02-12 11:33:00,-546.343702683
2018-02-12 11:34:00,-546.343702683
2018-02-12 11:35:00,-546.343702683
2018-02-12 11:36:00,-546.343702683
2018-02-12 11:37:00,-546.343702683
2018-02-12 11:38:00,-546.343702683
2018-02-12 11:39:00,-546.343702683
2018-02-12 11:40:00,-546.343702683
2018-02-12 11:41:00,-546.343702683
2018-02-12 11:42:00,-546.343702683
2018-02-12 11:43:00,-546.343702683
2018-02-12 11:44:00,-546.343702683
2018-02-12 11:45:00,-546.343702683
2018-02-12 11:46:00,-546.343702683
2018-02-12 11:47:00,-546.343702683
2018-02-12 11:48:00,-546.343702683
2018-02-12 11:49:00,-546.343702683
2018-02-12 11:50:00,-546.343702683
2018-02-12 11:51:00,-546.343702683
2018-02-12 11:52:00,-546.343702683
2018-02-12 11:53:00,-546.343702683
2018-02-12 11:54:00,-582.979265283
2018-02-12 11:55:00,-595.191119483
2018-02-12 11:56:00,-582.979265283
2018-02-12 11:57:00,-595.191119483
2018-02-12 11:58:00,-582.979265283
2018-02-12 11:59:00,-582.979265283
2018-02-13 01:29:00,-753.944247135
2018-02-13 01:30:00,-753.944247135
2018-02-13 01:31:00,-753.944247135
2018-02-13 01:32:00,-753.944247135
2018-02-13 01:33:00,-753.944247135
2018-02-13 01:34:00,-753.944247135
2018-02-13 01:35:00,-558.554579935
2018-02-13 01:36:00,-534.130871535
2018-02-13 01:37:00,-534.130871535
2018-02-13 01:38:00,-534.130871535
2018-02-13 01:39:00,-509.707163135
2018-02-13 01:40:00,-509.707163135
2018-02-13 01:41:00,-509.707163135
2018-02-13 01:42:00,-509.707163135
2018-02-13 01:43:00,-509.707163135
2018-02-13 01:44:00,-509.707163135
2018-02-13 01:45:00,-509.707163135
2018-02-13 01:46:00,-509.707163135
2018-02-13 01:47:00,-509.707163135
2018-02-13 01:48:00,-509.707163135
2018-02-13 01:49:00,-509.707163135
2018-02-13 01:50:00,-497.495308935
2018-02-13 01:51:00,-497.495308935
2018-02-13 01:52:00,-497.495308935
2018-02-13 01:53:00,-509.707163135
2018-02-13 01:54:00,-509.707163135
2018-02-13 01:55:00,-509.707163135
2018-02-13 01:56:00,-509.707163135
2018-02-13 01:57:00,-509.707163135
2018-02-13 01:58:00,-497.495308935
2018-02-13 01:59:00,-497.495308935
2018-02-13 02:00:00,-485.283454735
2018-02-13 02:01:00,-509.707163135
2018-02-13 02:02:00,-521.919017335
2018-02-13 02:03:00,-521.919017335
2018-02-13 02:04:00,-521.919017335
2018-02-13 02:05:00,-521.919017335
2018-02-13 02:06:00,-521.919017335
2018-02-13 02:07:00,-473.071600535
2018-02-13 02:08:00,-473.071600535
2018-02-13 02:09:00,-473.071600535
2018-02-13 02:10:00,-497.495308935
2018-02-13 02:11:00,-497.495308935
2018-02-13 02:12:00,-497.495308935
2018-02-13 02:13:00,-497.495308935
2018-02-13 02:14:00,-497.495308935
2018-02-13 02:15:00,-497.495308935
2018-02-13 02:16:00,-521.919017335
2018-02-13 02:17:00,-521.919017335
2018-02-13 02:18:00,-521.919017335
2018-02-13 02:19:00,-521.919017335
2018-02-13 02:20:00,-509.707163135
2018-02-13 02:21:00,-509.707163135
2018-02-13 02:22:00,-509.707163135
2018-02-13 02:23:00,-521.919017335
2018-02-13 02:24:00,-509.707163135
2018-02-13 02:25:00,-521.919017335
2018-02-13 02:26:00,-509.707163135
2018-02-13 02:27:00,-509.707163135
2018-02-13 02:28:00,-460.859746335
2018-02-13 02:29:00,-436.436037935
2018-02-13 02:30:00,-436.436037935
2018-02-13 02:31:00,-436.436037935
2018-02-13 02:32:00,-436.436037935
2018-02-13 02:33:00,-436.436037935
2018-02-13 02:34:00,-448.647892135
2018-02-13 02:35:00,-448.647892135
2018-02-13 02:36:00,-448.647892135
2018-02-13 02:37:00,-448.647892135
2018-02-13 02:38:00,-448.647892135
2018-02-13 02:39:00,-448.647892135
2018-02-13 02:40:00,-448.647892135
2018-02-13 02:41:00,-436.436037935
2018-02-13 02:42:00,-436.436037935
2018-02-13 02:43:00,-448.647892135
2018-02-13 02:44:00,-448.647892135
2018-02-13 02:45:00,-436.436037935
2018-02-13 02:46:00,-448.647892135
2018-02-13 02:47:00,-448.647892135
2018-02-13 02:48:00,-424.224183735
2018-02-13 02:49:00,-424.224183735
2018-02-13 02:50:00,-424.224183735
2018-02-13 02:51:00,-424.224183735
2018-02-13 02:52:00,-412.012329535
2018-02-13 02:53:00,-412.012329535
2018-02-13 02:54:00,-412.012329535
2018-02-13 02:55:00,-412.012329535
2018-02-13 02:56:00,-412.012329535
2018-02-13 02:57:00,-412.012329535
2018-02-13 02:58:00,-412.012329535
2018-02-13 02:59:00,-412.012329535
2018-02-13 03:00:00,-412.012329535
2018-02-13 03:01:00,-412.012329535
2018-02-13 03:02:00,-412.012329535
2018-02-13 03:03:00,-412.012329535
2018-02-13 03:04:00,-448.647892135
2018-02-13 03:05:00,-448.647892135
2018-02-13 03:06:00,-436.436037935
2018-02-13 03:07:00,-424.224183735
2018-02-13 03:08:00,-436.436037935
2018-02-13 03:09:00,-436.436037935
2018-02-13 03:10:00,-436.436037935
2018-02-13 03:11:00,-448.647892135
2018-02-13 03:12:00,-448.647892135
2018-02-13 03:13:00,-436.436037935
2018-02-13 03:14:00,-436.436037935
2018-02-13 03:15:00,-436.436037935
2018-02-13 03:16:00,-436.436037935
2018-02-13 03:17:00,-436.436037935
2018-02-13 03:18:00,-436.436037935
2018-02-13 03:19:00,-436.436037935
2018-02-13 03:20:00,-436.436037935
2018-02-13 03:21:00,-436.436037935
2018-02-13 03:22:00,-436.436037935
2018-02-13 03:23:00,-460.859746335
2018-02-13 03:24:00,-436.436037935
2018-02-13 03:25:00,-460.859746335
2018-02-13 03:26:00,-448.647892135
2018-02-13 03:27:00,-448.647892135
2018-02-13 03:28:00,-460.859746335
2018-02-13 03:29:00,-460.859746335
2018-02-13 03:30:00,-509.707163135
2018-02-13 03:31:00,-546.342725735
2018-02-13 03:32:00,-631.825705135
2018-02-13 03:33:00,-631.825705135
2018-02-13 03:34:00,-631.825705135
2018-02-13 03:35:00,-631.825705135
2018-02-13 03:36:00,-631.825705135
2018-02-13 03:37:00,-692.884976135
2018-02-13 03:38:00,-717.308684535
2018-02-13 03:39:00,-692.884976135
2018-02-13 03:40:00,-692.884976135
2018-02-13 03:41:00,-692.884976135
2018-02-13 03:42:00,-692.884976135
2018-02-13 03:43:00,-692.884976135
2018-02-13 03:44:00,-729.520538735
2018-02-13 03:45:00,-717.308684535
2018-02-13 03:46:00,-668.461267735
2018-02-13 03:47:00,-668.461267735
2018-02-13 03:48:00,-668.461267735
2018-02-13 03:49:00,-668.461267735
2018-02-13 03:50:00,-717.308684535
2018-02-13 03:51:00,-729.520538735
2018-02-13 03:52:00,-705.096830335
2018-02-13 03:53:00,-705.096830335
2018-02-13 03:54:00,-717.308684535
2018-02-13 03:55:00,-705.096830335
2018-02-13 03:56:00,-705.096830335
2018-02-13 03:57:00,-705.096830335
2018-02-13 03:58:00,-705.096830335
2018-02-13 03:59:00,-680.673121935
2018-02-13 04:00:00,-680.673121935
2018-02-13 04:01:00,-680.673121935
2018-02-13 04:02:00,-680.673121935
2018-02-13 04:03:00,-680.673121935
2018-02-13 04:04:00,-668.461267735
2018-02-13 04:05:00,-644.037559335
2018-02-13 04:06:00,-631.825705135
2018-02-13 04:07:00,-619.613850935
2018-02-13 04:08:00,-631.825705135
2018-02-13 04:09:00,-619.613850935
2018-02-13 04:10:00,-644.037559335
2018-02-13 04:11:00,-631.825705135
2018-02-13 04:12:00,-631.825705135
2018-02-13 04:13:00,-656.249413535
2018-02-13 04:14:00,-644.037559335
2018-02-13 04:15:00,-644.037559335
2018-02-13 04:16:00,-656.249413535
2018-02-13 04:17:00,-656.249413535
2018-02-13 04:18:00,-619.613850935
2018-02-13 04:19:00,-619.613850935
2018-02-13 04:20:00,-619.613850935
2018-02-13 04:21:00,-619.613850935
2018-02-13 04:22:00,-619.613850935
2018-02-13 04:23:00,-619.613850935
2018-02-13 04:24:00,-619.613850935
2018-02-13 04:25:00,-619.613850935
2018-02-13 04:26:00,-619.613850935
2018-02-13 04:27:00,-619.613850935
2018-02-13 04:28:00,-619.613850935
2018-02-13 04:29:00,-619.613850935
2018-02-13 04:30:00,-619.613850935
2018-02-13 04:31:00,-644.037559335
2018-02-13 04:32:00,-644.037559335
2018-02-13 04:33:00,-644.037559335
2018-02-13 04:34:00,-644.037559335
2018-02-13 04:35:00,-644.037559335
2018-02-13 04:36:00,-644.037559335
2018-02-13 04:37:00,-631.825705135
2018-02-13 04:38:00,-644.037559335
2018-02-13 04:39:00,-644.037559335
2018-02-13 04:40:00,-644.037559335
2018-02-13 04:41:00,-644.037559335
2018-02-13 04:42:00,-644.037559335
2018-02-13 04:43:00,-644.037559335
2018-02-13 04:44:00,-680.673121935
2018-02-13 04:45:00,-680.673121935
2018-02-13 04:46:00,-680.673121935
2018-02-13 04:47:00,-680.673121935
2018-02-13 04:48:00,-619.613850935
2018-02-13 04:49:00,-644.037559335
2018-02-13 04:50:00,-595.190142535
2018-02-13 04:51:00,-570.766434135
2018-02-13 04:52:00,-582.978288335
2018-02-13 04:53:00,-582.978288335
2018-02-13 04:54:00,-607.401996735
2018-02-13 04:55:00,-582.978288335
2018-02-13 04:56:00,-595.190142535
2018-02-13 04:57:00,-595.190142535
2018-02-13 04:58:00,-595.190142535
2018-02-13 04:59:00,-619.613850935
2018-02-13 05:00:00,-607.401996735
2018-02-13 05:01:00,-607.401996735
2018-02-13 05:02:00,-607.401996735
2018-02-13 05:03:00,-595.190142535
2018-02-13 05:04:00,-595.190142535
2018-02-13 05:05:00,-595.190142535
2018-02-13 05:06:00,-619.613850935
2018-02-13 05:07:00,-619.613850935
2018-02-13 05:08:00,-619.613850935
2018-02-13 05:09:00,-619.613850935
2018-02-13 05:10:00,-619.613850935
2018-02-13 05:11:00,-619.613850935
2018-02-13 05:12:00,-619.613850935
2018-02-13 05:13:00,-619.613850935
2018-02-13 05:14:00,-619.613850935
2018-02-13 05:15:00,-619.613850935
2018-02-13 05:16:00,-619.613850935
2018-02-13 05:17:00,-619.613850935
2018-02-13 05:18:00,-607.401996735
2018-02-13 05:19:00,-607.401996735
2018-02-13 05:20:00,-607.401996735
2018-02-13 05:21:00,-607.401996735
2018-02-13 05:22:00,-607.401996735
2018-02-13 05:23:00,-607.401996735
2018-02-13 05:24:00,-607.401996735
2018-02-13 05:25:00,-607.401996735
2018-02-13 05:26:00,-607.401996735
2018-02-13 05:27:00,-607.401996735
2018-02-13 05:28:00,-607.401996735
2018-02-13 05:29:00,-607.401996735
2018-02-13 05:30:00,-607.401996735
2018-02-13 05:31:00,-607.401996735
2018-02-13 05:32:00,-607.401996735
2018-02-13 05:33:00,-607.401996735
2018-02-13 05:34:00,-607.401996735
2018-02-13 05:35:00,-607.401996735
2018-02-13 05:36:00,-607.401996735
2018-02-13 05:37:00,-607.401996735
2018-02-13 05:38:00,-607.401996735
2018-02-13 05:39:00,-607.401996735
2018-02-13 05:40:00,-607.401996735
2018-02-13 05:41:00,-607.401996735
2018-02-13 05:42:00,-607.401996735
2018-02-13 05:43:00,-607.401996735
2018-02-13 05:44:00,-607.401996735
2018-02-13 05:45:00,-607.401996735
2018-02-13 05:46:00,-607.401996735
2018-02-13 05:47:00,-607.401996735
2018-02-13 05:48:00,-607.401996735
2018-02-13 05:49:00,-607.401996735
2018-02-13 05:50:00,-607.401996735
2018-02-13 05:51:00,-607.401996735
2018-02-13 05:52:00,-607.401996735
2018-02-13 05:53:00,-607.401996735
2018-02-13 05:54:00,-607.401996735
2018-02-13 05:55:00,-619.613850935
2018-02-13 05:56:00,-631.825705135
2018-02-13 05:57:00,-619.613850935
2018-02-13 05:58:00,-619.613850935
2018-02-13 05:59:00,-619.613850935
2018-02-13 06:00:00,-631.825705135
2018-02-13 06:01:00,-619.613850935
2018-02-13 06:02:00,-631.825705135
2018-02-13 06:03:00,-619.613850935
2018-02-13 06:04:00,-631.825705135
2018-02-13 06:05:00,-631.825705135
2018-02-13 06:06:00,-631.825705135
2018-02-13 06:07:00,-631.825705135
2018-02-13 06:08:00,-631.825705135
2018-02-13 06:09:00,-631.825705135
2018-02-13 06:10:00,-631.825705135
2018-02-13 06:11:00,-631.825705135
2018-02-13 06:12:00,-607.401996735
2018-02-13 06:13:00,-607.401996735
2018-02-13 06:14:00,-619.613850935
2018-02-13 06:15:00,-619.613850935
2018-02-13 06:16:00,-619.613850935
2018-02-13 06:17:00,-619.613850935
2018-02-13 06:18:00,-619.613850935
2018-02-13 06:19:00,-619.613850935
2018-02-13 06:20:00,-619.613850935
2018-02-13 06:21:00,-619.613850935
2018-02-13 06:22:00,-619.613850935
2018-02-13 06:23:00,-631.825705135
2018-02-13 06:24:00,-619.613850935
2018-02-13 06:25:00,-619.613850935
2018-02-13 06:26:00,-619.613850935
2018-02-13 06:27:00,-619.613850935
2018-02-13 06:28:00,-631.825705135
2018-02-13 06:29:00,-619.613850935
2018-02-13 06:30:00,-619.613850935
2018-02-13 06:31:00,-619.613850935
2018-02-13 06:32:00,-619.613850935
2018-02-13 06:33:00,-631.825705135
2018-02-13 06:34:00,-631.825705135
2018-02-13 06:35:00,-631.825705135
2018-02-13 06:36:00,-631.825705135
2018-02-13 06:37:00,-631.825705135
2018-02-13 06:38:00,-619.613850935
2018-02-13 06:39:00,-619.613850935
2018-02-13 06:40:00,-619.613850935
2018-02-13 06:41:00,-644.037559335
2018-02-13 06:42:00,-644.037559335
2018-02-13 06:43:00,-644.037559335
2018-02-13 06:44:00,-644.037559335
2018-02-13 06:45:00,-644.037559335
2018-02-13 06:46:00,-644.037559335
2018-02-13 06:47:00,-644.037559335
2018-02-13 06:48:00,-644.037559335
2018-02-13 06:49:00,-644.037559335
2018-02-13 06:50:00,-644.037559335
2018-02-13 06:51:00,-644.037559335
2018-02-13 06:52:00,-644.037559335
2018-02-13 06:53:00,-631.825705135
2018-02-13 06:54:00,-619.613850935
2018-02-13 06:55:00,-595.190142535
2018-02-13 06:56:00,-582.978288335
2018-02-13 06:57:00,-570.766434135
2018-02-13 06:58:00,-570.766434135
2018-02-13 06:59:00,-570.766434135
2018-02-13 07:00:00,-570.766434135
2018-02-13 07:01:00,-619.613850935
2018-02-13 07:02:00,-619.613850935
2018-02-13 07:03:00,-619.613850935
2018-02-13 07:04:00,-619.613850935
2018-02-13 07:05:00,-631.825705135
2018-02-13 07:06:00,-619.613850935
2018-02-13 07:07:00,-619.613850935
2018-02-13 07:08:00,-631.825705135
2018-02-13 07:09:00,-668.461267735
2018-02-13 07:10:00,-668.461267735
2018-02-13 07:11:00,-668.461267735
2018-02-13 07:12:00,-656.249413535
2018-02-13 07:13:00,-656.249413535
2018-02-13 07:14:00,-656.249413535
2018-02-13 07:15:00,-644.037559335
2018-02-13 07:16:00,-668.461267735
2018-02-13 07:17:00,-656.249413535
2018-02-13 07:18:00,-656.249413535
2018-02-13 07:19:00,-644.037559335
2018-02-13 07:20:00,-656.249413535
2018-02-13 07:21:00,-644.037559335
2018-02-13 07:22:00,-644.037559335
2018-02-13 07:23:00,-644.037559335
2018-02-13 07:24:00,-644.037559335
2018-02-13 07:25:00,-656.249413535
2018-02-13 07:26:00,-656.249413535
2018-02-13 07:27:00,-644.037559335
2018-02-13 07:28:00,-644.037559335
2018-02-13 07:29:00,-644.037559335
2018-02-13 07:30:00,-644.037559335
2018-02-13 07:31:00,-644.037559335
2018-02-13 07:32:00,-644.037559335
2018-02-13 07:33:00,-644.037559335
2018-02-13 07:34:00,-656.249413535
2018-02-13 07:35:00,-656.249413535
2018-02-13 07:36:00,-656.249413535
2018-02-13 07:37:00,-656.249413535
2018-02-13 07:38:00,-656.249413535
2018-02-13 07:39:00,-656.249413535
2018-02-13 07:40:00,-656.249413535
2018-02-13 07:41:00,-668.461267735
2018-02-13 07:42:00,-668.461267735
2018-02-13 07:43:00,-668.461267735
2018-02-13 07:44:00,-680.673121935
2018-02-13 07:45:00,-680.673121935
2018-02-13 07:46:00,-680.673121935
2018-02-13 07:47:00,-680.673121935
2018-02-13 07:48:00,-680.673121935
2018-02-13 07:49:00,-680.673121935
2018-02-13 07:50:00,-680.673121935
2018-02-13 07:51:00,-680.673121935
2018-02-13 07:52:00,-680.673121935
2018-02-13 07:53:00,-680.673121935
2018-02-13 07:54:00,-680.673121935
2018-02-13 07:55:00,-680.673121935
2018-02-13 07:56:00,-680.673121935
2018-02-13 07:57:00,-692.884976135
2018-02-13 07:58:00,-692.884976135
2018-02-13 07:59:00,-705.096830335
2018-02-13 08:00:00,-705.096830335
2018-02-13 08:01:00,-717.308684535
2018-02-13 08:02:00,-717.308684535
2018-02-13 08:03:00,-680.673121935
2018-02-13 08:04:00,-680.673121935
2018-02-13 08:05:00,-680.673121935
2018-02-13 08:06:00,-680.673121935
2018-02-13 08:07:00,-680.673121935
2018-02-13 08:08:00,-680.673121935
2018-02-13 08:09:00,-680.673121935
2018-02-13 08:10:00,-680.673121935
2018-02-13 08:11:00,-680.673121935
2018-02-13 08:12:00,-680.673121935
2018-02-13 08:13:00,-680.673121935
2018-02-13 08:14:00,-680.673121935
2018-02-13 08:15:00,-680.673121935
2018-02-13 08:16:00,-680.673121935
2018-02-13 08:17:00,-680.673121935
2018-02-13 08:18:00,-705.096830335
2018-02-13 08:19:00,-692.884976135
2018-02-13 08:20:00,-705.096830335
2018-02-13 08:21:00,-692.884976135
2018-02-13 08:22:00,-692.884976135
2018-02-13 08:23:00,-692.884976135
2018-02-13 08:24:00,-705.096830335
2018-02-13 08:25:00,-729.520538735
2018-02-13 08:26:00,-729.520538735
2018-02-13 08:27:00,-729.520538735
2018-02-13 08:28:00,-729.520538735
2018-02-13 08:29:00,-729.520538735
2018-02-13 08:30:00,-717.308684535
2018-02-13 08:31:00,-729.520538735
2018-02-13 08:32:00,-729.520538735
2018-02-13 08:33:00,-729.520538735
2018-02-13 08:34:00,-717.308684535
2018-02-13 08:35:00,-692.884976135
2018-02-13 08:36:00,-717.308684535
2018-02-13 08:37:00,-729.520538735
2018-02-13 08:38:00,-729.520538735
2018-02-13 08:39:00,-729.520538735
2018-02-13 08:40:00,-729.520538735
2018-02-13 08:41:00,-729.520538735
2018-02-13 08:42:00,-717.308684535
2018-02-13 08:43:00,-717.308684535
2018-02-13 08:44:00,-717.308684535
2018-02-13 08:45:00,-717.308684535
2018-02-13 08:46:00,-692.884976135
2018-02-13 08:47:00,-692.884976135
2018-02-13 08:48:00,-668.461267735
2018-02-13 08:49:00,-668.461267735
2018-02-13 08:50:00,-644.037559335
2018-02-13 08:51:00,-656.249413535
2018-02-13 08:52:00,-668.461267735
2018-02-13 08:53:00,-668.461267735
2018-02-13 08:54:00,-668.461267735
2018-02-13 08:55:00,-680.673121935
2018-02-13 08:56:00,-668.461267735
2018-02-13 08:57:00,-680.673121935
2018-02-13 08:58:00,-668.461267735
2018-02-13 08:59:00,-692.884976135
2018-02-13 09:00:00,-729.520538735
2018-02-13 09:01:00,-717.308684535
2018-02-13 09:02:00,-717.308684535
2018-02-13 09:03:00,-729.520538735
2018-02-13 09:04:00,-729.520538735
2018-02-13 09:05:00,-729.520538735
2018-02-13 09:06:00,-705.096830335
2018-02-13 09:07:00,-692.884976135
2018-02-13 09:08:00,-692.884976135
2018-02-13 09:09:00,-692.884976135
2018-02-13 09:10:00,-717.308684535
2018-02-13 09:11:00,-717.308684535
2018-02-13 09:12:00,-717.308684535
2018-02-13 09:13:00,-717.308684535
2018-02-13 09:14:00,-729.520538735
2018-02-13 09:15:00,-717.308684535
2018-02-13 09:16:00,-729.520538735
2018-02-13 09:17:00,-729.520538735
2018-02-13 09:18:00,-729.520538735
2018-02-13 09:19:00,-729.520538735
2018-02-13 09:20:00,-729.520538735
2018-02-13 09:21:00,-729.520538735
2018-02-13 09:22:00,-729.520538735
2018-02-13 09:23:00,-729.520538735
2018-02-13 09:24:00,-729.520538735
2018-02-13 09:25:00,-741.732392935
2018-02-13 09:26:00,-729.520538735
2018-02-13 09:27:00,-729.520538735
2018-02-13 09:28:00,-729.520538735
2018-02-13 09:29:00,-692.884976135
2018-02-13 09:30:00,-692.884976135
2018-02-13 09:31:00,-692.884976135
2018-02-13 09:32:00,-692.884976135
2018-02-13 09:33:00,-680.673121935
2018-02-13 09:34:00,-680.673121935
2018-02-13 09:35:00,-692.884976135
2018-02-13 09:36:00,-692.884976135
2018-02-13 09:37:00,-680.673121935
2018-02-13 09:38:00,-680.673121935
2018-02-13 09:39:00,-680.673121935
2018-02-13 09:40:00,-680.673121935
2018-02-13 09:41:00,-680.673121935
2018-02-13 09:42:00,-680.673121935
2018-02-13 09:43:00,-680.673121935
2018-02-13 09:44:00,-680.673121935
2018-02-13 09:45:00,-692.884976135
2018-02-13 09:46:00,-692.884976135
2018-02-13 09:47:00,-705.096830335
2018-02-13 09:48:00,-705.096830335
2018-02-13 09:49:00,-668.461267735
2018-02-13 09:50:00,-668.461267735
2018-02-13 09:51:00,-680.673121935
2018-02-13 09:52:00,-680.673121935
2018-02-13 09:53:00,-692.884976135
2018-02-13 09:54:00,-680.673121935
2018-02-13 09:55:00,-680.673121935
2018-02-13 09:56:00,-668.461267735
2018-02-13 09:57:00,-668.461267735
2018-02-13 09:58:00,-680.673121935
2018-02-13 09:59:00,-680.673121935
2018-02-13 10:00:00,-680.673121935
2018-02-13 10:01:00,-680.673121935
2018-02-13 10:02:00,-680.673121935
2018-02-13 10:03:00,-680.673121935
2018-02-13 10:04:00,-680.673121935
2018-02-13 10:05:00,-680.673121935
2018-02-13 10:06:00,-668.461267735
2018-02-13 10:07:00,-680.673121935
2018-02-13 10:08:00,-680.673121935
2018-02-13 10:09:00,-680.673121935
2018-02-13 10:10:00,-680.673121935
2018-02-13 10:11:00,-680.673121935
2018-02-13 10:12:00,-668.461267735
2018-02-13 10:13:00,-680.673121935
2018-02-13 10:14:00,-680.673121935
2018-02-13 10:15:00,-680.673121935
2018-02-13 10:16:00,-692.884976135
2018-02-13 10:17:00,-680.673121935
2018-02-13 10:18:00,-692.884976135
2018-02-13 10:19:00,-680.673121935
2018-02-13 10:20:00,-680.673121935
2018-02-13 10:21:00,-680.673121935
2018-02-13 10:22:00,-680.673121935
2018-02-13 10:23:00,-680.673121935
2018-02-13 10:24:00,-680.673121935
2018-02-13 10:25:00,-680.673121935
2018-02-13 10:26:00,-680.673121935
2018-02-13 10:27:00,-680.673121935
2018-02-13 10:28:00,-680.673121935
2018-02-13 10:29:00,-680.673121935
2018-02-13 10:30:00,-680.673121935
2018-02-13 10:31:00,-668.461267735
2018-02-13 10:32:00,-668.461267735
2018-02-13 10:33:00,-668.461267735
2018-02-13 10:34:00,-668.461267735
2018-02-13 10:35:00,-668.461267735
2018-02-13 10:36:00,-668.461267735
2018-02-13 10:37:00,-668.461267735
2018-02-13 10:38:00,-668.461267735
2018-02-13 10:39:00,-668.461267735
2018-02-13 10:40:00,-668.461267735
2018-02-13 10:41:00,-680.673121935
2018-02-13 10:42:00,-668.461267735
2018-02-13 10:43:00,-668.461267735
2018-02-13 10:44:00,-668.461267735
2018-02-13 10:45:00,-668.461267735
2018-02-13 10:46:00,-668.461267735
2018-02-13 10:47:00,-668.461267735
2018-02-13 10:48:00,-668.461267735
2018-02-13 10:49:00,-668.461267735
2018-02-13 10:50:00,-668.461267735
2018-02-13 10:51:00,-668.461267735
2018-02-13 10:52:00,-668.461267735
2018-02-13 10:53:00,-680.673121935
2018-02-13 10:54:00,-680.673121935
2018-02-13 10:55:00,-680.673121935
2018-02-13 10:56:00,-680.673121935
2018-02-13 10:57:00,-680.673121935
2018-02-13 10:58:00,-680.673121935
2018-02-13 10:59:00,-680.673121935
2018-02-13 11:00:00,-680.673121935
2018-02-13 11:01:00,-680.673121935
2018-02-13 11:02:00,-680.673121935
2018-02-13 11:03:00,-680.673121935
2018-02-13 11:04:00,-680.673121935
2018-02-13 11:05:00,-680.673121935
2018-02-13 11:06:00,-680.673121935
2018-02-13 11:07:00,-680.673121935
2018-02-13 11:08:00,-680.673121935
2018-02-13 11:09:00,-680.673121935
2018-02-13 11:10:00,-680.673121935
2018-02-13 11:11:00,-680.673121935
2018-02-13 11:12:00,-680.673121935
2018-02-13 11:13:00,-680.673121935
2018-02-13 11:14:00,-680.673121935
2018-02-13 11:15:00,-680.673121935
2018-02-13 11:16:00,-680.673121935
2018-02-13 11:17:00,-680.673121935
2018-02-13 11:18:00,-680.673121935
2018-02-13 11:19:00,-680.673121935
2018-02-13 11:20:00,-680.673121935
2018-02-13 11:21:00,-680.673121935
2018-02-13 11:22:00,-680.673121935
2018-02-13 11:23:00,-656.249413535
2018-02-13 11:24:00,-656.249413535
2018-02-13 11:25:00,-656.249413535
2018-02-13 11:26:00,-656.249413535
2018-02-13 11:27:00,-656.249413535
2018-02-13 11:28:00,-668.461267735
2018-02-13 11:29:00,-656.249413535
2018-02-13 11:30:00,-656.249413535
2018-02-13 11:31:00,-668.461267735
2018-02-13 11:32:00,-668.461267735
2018-02-13 11:33:00,-680.673121935
2018-02-13 11:34:00,-680.673121935
2018-02-13 11:35:00,-680.673121935
2018-02-13 11:36:00,-680.673121935
2018-02-13 11:37:00,-631.825705135
2018-02-13 11:38:00,-631.825705135
2018-02-13 11:39:00,-631.825705135
2018-02-13 11:40:00,-631.825705135
2018-02-13 11:41:00,-631.825705135
2018-02-13 11:42:00,-656.249413535
2018-02-13 11:43:00,-680.673121935
2018-02-13 11:44:00,-680.673121935
2018-02-13 11:45:00,-680.673121935
2018-02-13 11:46:00,-668.461267735
2018-02-13 11:47:00,-668.461267735
2018-02-13 11:48:00,-680.673121935
2018-02-13 11:49:00,-656.249413535
2018-02-13 11:50:00,-656.249413535
2018-02-13 11:51:00,-680.673121935
2018-02-13 11:52:00,-680.673121935
2018-02-13 11:53:00,-680.673121935
2018-02-13 11:54:00,-680.673121935
2018-02-13 11:55:00,-680.673121935
2018-02-13 11:56:00,-680.673121935
2018-02-13 11:57:00,-680.673121935
2018-02-13 11:58:00,-680.673121935
2018-02-13 11:59:00,-656.249413535
2018-02-14 01:29:00,-851.639080735
2018-02-14 01:30:00,-851.639080735
2018-02-14 01:31:00,-692.884976135
2018-02-14 01:32:00,-692.884976135
2018-02-14 01:33:00,-692.884976135
2018-02-14 01:34:00,-607.401996735
2018-02-14 01:35:00,-607.401996735
2018-02-14 01:36:00,-607.401996735
2018-02-14 01:37:00,-607.401996735
2018-02-14 01:38:00,-607.401996735
2018-02-14 01:39:00,-607.401996735
2018-02-14 01:40:00,-607.401996735
2018-02-14 01:41:00,-607.401996735
2018-02-14 01:42:00,-607.401996735
2018-02-14 01:43:00,-619.613850935
2018-02-14 01:44:00,-619.613850935
2018-02-14 01:45:00,-607.401996735
2018-02-14 01:46:00,-607.401996735
2018-02-14 01:47:00,-607.401996735
2018-02-14 01:48:00,-607.401996735
2018-02-14 01:49:00,-595.190142535
2018-02-14 01:50:00,-570.766434135
2018-02-14 01:51:00,-570.766434135
2018-02-14 01:52:00,-558.554579935
2018-02-14 01:53:00,-570.766434135
2018-02-14 01:54:00,-570.766434135
2018-02-14 01:55:00,-570.766434135
2018-02-14 01:56:00,-570.766434135
2018-02-14 01:57:00,-570.766434135
2018-02-14 01:58:00,-582.978288335
2018-02-14 01:59:00,-582.978288335
2018-02-14 02:00:00,-570.766434135
2018-02-14 02:01:00,-546.342725735
2018-02-14 02:02:00,-546.342725735
2018-02-14 02:03:00,-521.919017335
2018-02-14 02:04:00,-546.342725735
2018-02-14 02:05:00,-546.342725735
2018-02-14 02:06:00,-558.554579935
2018-02-14 02:07:00,-582.978288335
2018-02-14 02:08:00,-558.554579935
2018-02-14 02:09:00,-546.342725735
2018-02-14 02:10:00,-546.342725735
2018-02-14 02:11:00,-558.554579935
2018-02-14 02:12:00,-570.766434135
2018-02-14 02:13:00,-570.766434135
2018-02-14 02:14:00,-546.342725735
2018-02-14 02:15:00,-521.919017335
2018-02-14 02:16:00,-534.130871535
2018-02-14 02:17:00,-534.130871535
2018-02-14 02:18:00,-534.130871535
2018-02-14 02:19:00,-534.130871535
2018-02-14 02:20:00,-534.130871535
2018-02-14 02:21:00,-534.130871535
2018-02-14 02:22:00,-534.130871535
2018-02-14 02:23:00,-534.130871535
2018-02-14 02:24:00,-534.130871535
2018-02-14 02:25:00,-534.130871535
2018-02-14 02:26:00,-534.130871535
2018-02-14 02:27:00,-534.130871535
2018-02-14 02:28:00,-534.130871535
2018-02-14 02:29:00,-534.130871535
2018-02-14 02:30:00,-509.707163135
2018-02-14 02:31:00,-497.495308935
2018-02-14 02:32:00,-497.495308935
2018-02-14 02:33:00,-485.283454735
2018-02-14 02:34:00,-497.495308935
2018-02-14 02:35:00,-509.707163135
2018-02-14 02:36:00,-497.495308935
2018-02-14 02:37:00,-509.707163135
2018-02-14 02:38:00,-509.707163135
2018-02-14 02:39:00,-509.707163135
2018-02-14 02:40:00,-509.707163135
2018-02-14 02:41:00,-521.919017335
2018-02-14 02:42:00,-509.707163135
2018-02-14 02:43:00,-509.707163135
2018-02-14 02:44:00,-509.707163135
2018-02-14 02:45:00,-509.707163135
2018-02-14 02:46:00,-509.707163135
2018-02-14 02:47:00,-509.707163135
2018-02-14 02:48:00,-509.707163135
2018-02-14 02:49:00,-509.707163135
2018-02-14 02:50:00,-509.707163135
2018-02-14 02:51:00,-534.130871535
2018-02-14 02:52:00,-534.130871535
2018-02-14 02:53:00,-534.130871535
2018-02-14 02:54:00,-534.130871535
2018-02-14 02:55:00,-534.130871535
2018-02-14 02:56:00,-534.130871535
2018-02-14 02:57:00,-534.130871535
2018-02-14 02:58:00,-534.130871535
2018-02-14 02:59:00,-534.130871535
2018-02-14 03:00:00,-534.130871535
2018-02-14 03:01:00,-534.130871535
2018-02-14 03:02:00,-534.130871535
2018-02-14 03:03:00,-534.130871535
2018-02-14 03:04:00,-521.919017335
2018-02-14 03:05:00,-521.919017335
2018-02-14 03:06:00,-521.919017335
2018-02-14 03:07:00,-497.495308935
2018-02-14 03:08:00,-460.859746335
2018-02-14 03:09:00,-448.647892135
2018-02-14 03:10:00,-448.647892135
2018-02-14 03:11:00,-448.647892135
2018-02-14 03:12:00,-460.859746335
2018-02-14 03:13:00,-460.859746335
2018-02-14 03:14:00,-448.647892135
2018-02-14 03:15:00,-448.647892135
2018-02-14 03:16:00,-448.647892135
2018-02-14 03:17:00,-448.647892135
2018-02-14 03:18:00,-448.647892135
2018-02-14 03:19:00,-448.647892135
2018-02-14 03:20:00,-448.647892135
2018-02-14 03:21:00,-448.647892135
2018-02-14 03:22:00,-448.647892135
2018-02-14 03:23:00,-448.647892135
2018-02-14 03:24:00,-448.647892135
2018-02-14 03:25:00,-448.647892135
2018-02-14 03:26:00,-448.647892135
2018-02-14 03:27:00,-448.647892135
2018-02-14 03:28:00,-448.647892135
2018-02-14 03:29:00,-460.859746335
2018-02-14 03:30:00,-485.283454735
2018-02-14 03:31:00,-485.283454735
2018-02-14 03:32:00,-485.283454735
2018-02-14 03:33:00,-497.495308935
2018-02-14 03:34:00,-521.919017335
2018-02-14 03:35:00,-497.495308935
2018-02-14 03:36:00,-497.495308935
2018-02-14 03:37:00,-497.495308935
2018-02-14 03:38:00,-497.495308935
2018-02-14 03:39:00,-497.495308935
2018-02-14 03:40:00,-497.495308935
2018-02-14 03:41:00,-509.707163135
2018-02-14 03:42:00,-521.919017335
2018-02-14 03:43:00,-521.919017335
2018-02-14 03:44:00,-509.707163135
2018-02-14 03:45:00,-497.495308935
2018-02-14 03:46:00,-473.071600535
2018-02-14 03:47:00,-473.071600535
2018-02-14 03:48:00,-485.283454735
2018-02-14 03:49:00,-485.283454735
2018-02-14 03:50:00,-473.071600535
2018-02-14 03:51:00,-460.859746335
2018-02-14 03:52:00,-448.647892135
2018-02-14 03:53:00,-448.647892135
2018-02-14 03:54:00,-448.647892135
2018-02-14 03:55:00,-448.647892135
2018-02-14 03:56:00,-460.859746335
2018-02-14 03:57:00,-448.647892135
2018-02-14 03:58:00,-460.859746335
2018-02-14 03:59:00,-448.647892135
2018-02-14 04:00:00,-448.647892135
2018-02-14 04:01:00,-448.647892135
2018-02-14 04:02:00,-448.647892135
2018-02-14 04:03:00,-473.071600535
2018-02-14 04:04:00,-473.071600535
2018-02-14 04:05:00,-448.647892135
2018-02-14 04:06:00,-448.647892135
2018-02-14 04:07:00,-473.071600535
2018-02-14 04:08:00,-473.071600535
2018-02-14 04:09:00,-460.859746335
2018-02-14 04:10:00,-485.283454735
2018-02-14 04:11:00,-485.283454735
2018-02-14 04:12:00,-485.283454735
2018-02-14 04:13:00,-485.283454735
2018-02-14 04:14:00,-485.283454735
2018-02-14 04:15:00,-485.283454735
2018-02-14 04:16:00,-497.495308935
2018-02-14 04:17:00,-497.495308935
2018-02-14 04:18:00,-485.283454735
2018-02-14 04:19:00,-485.283454735
2018-02-14 04:20:00,-485.283454735
2018-02-14 04:21:00,-485.283454735
2018-02-14 04:22:00,-485.283454735
2018-02-14 04:23:00,-485.283454735
2018-02-14 04:24:00,-485.283454735
2018-02-14 04:25:00,-485.283454735
2018-02-14 04:26:00,-485.283454735
2018-02-14 04:27:00,-509.707163135
2018-02-14 04:28:00,-509.707163135
2018-02-14 04:29:00,-521.919017335
2018-02-14 04:30:00,-509.707163135
2018-02-14 04:31:00,-497.495308935
2018-02-14 04:32:00,-485.283454735
2018-02-14 04:33:00,-485.283454735
2018-02-14 04:34:00,-460.859746335
2018-02-14 04:35:00,-460.859746335
2018-02-14 04:36:00,-473.071600535
2018-02-14 04:37:00,-473.071600535
2018-02-14 04:38:00,-473.071600535
2018-02-14 04:39:00,-473.071600535
2018-02-14 04:40:00,-473.071600535
2018-02-14 04:41:00,-473.071600535
2018-02-14 04:42:00,-473.071600535
2018-02-14 04:43:00,-473.071600535
2018-02-14 04:44:00,-473.071600535
2018-02-14 04:45:00,-473.071600535
2018-02-14 04:46:00,-473.071600535
2018-02-14 04:47:00,-473.071600535
2018-02-14 04:48:00,-473.071600535
2018-02-14 04:49:00,-473.071600535
2018-02-14 04:50:00,-485.283454735
2018-02-14 04:51:00,-497.495308935
2018-02-14 04:52:00,-497.495308935
2018-02-14 04:53:00,-497.495308935
2018-02-14 04:54:00,-497.495308935
2018-02-14 04:55:00,-485.283454735
2018-02-14 04:56:00,-485.283454735
2018-02-14 04:57:00,-521.919017335
2018-02-14 04:58:00,-521.919017335
2018-02-14 04:59:00,-497.495308935
2018-02-14 05:00:00,-521.919017335
2018-02-14 05:01:00,-534.130871535
2018-02-14 05:02:00,-534.130871535
2018-02-14 05:03:00,-534.130871535
2018-02-14 05:04:00,-534.130871535
2018-02-14 05:05:00,-534.130871535
2018-02-14 05:06:00,-534.130871535
2018-02-14 05:07:00,-534.130871535
2018-02-14 05:08:00,-521.919017335
2018-02-14 05:09:00,-521.919017335
2018-02-14 05:10:00,-521.919017335
2018-02-14 05:11:00,-521.919017335
2018-02-14 05:12:00,-509.707163135
2018-02-14 05:13:00,-509.707163135
2018-02-14 05:14:00,-521.919017335
2018-02-14 05:15:00,-521.919017335
2018-02-14 05:16:00,-509.707163135
2018-02-14 05:17:00,-509.707163135
2018-02-14 05:18:00,-509.707163135
2018-02-14 05:19:00,-521.919017335
2018-02-14 05:20:00,-521.919017335
2018-02-14 05:21:00,-521.919017335
2018-02-14 05:22:00,-521.919017335
2018-02-14 05:23:00,-521.919017335
2018-02-14 05:24:00,-521.919017335
2018-02-14 05:25:00,-509.707163135
2018-02-14 05:26:00,-509.707163135
2018-02-14 05:27:00,-509.707163135
2018-02-14 05:28:00,-509.707163135
2018-02-14 05:29:00,-509.707163135
2018-02-14 05:30:00,-509.707163135
2018-02-14 05:31:00,-509.707163135
2018-02-14 05:32:00,-534.130871535
2018-02-14 05:33:00,-534.130871535
2018-02-14 05:34:00,-521.919017335
2018-02-14 05:35:00,-521.919017335
2018-02-14 05:36:00,-521.919017335
2018-02-14 05:37:00,-521.919017335
2018-02-14 05:38:00,-521.919017335
2018-02-14 05:39:00,-521.919017335
2018-02-14 05:40:00,-509.707163135
2018-02-14 05:41:00,-509.707163135
2018-02-14 05:42:00,-509.707163135
2018-02-14 05:43:00,-509.707163135
2018-02-14 05:44:00,-509.707163135
2018-02-14 05:45:00,-509.707163135
2018-02-14 05:46:00,-509.707163135
2018-02-14 05:47:00,-509.707163135
2018-02-14 05:48:00,-509.707163135
2018-02-14 05:49:00,-534.130871535
2018-02-14 05:50:00,-521.919017335
2018-02-14 05:51:00,-521.919017335
2018-02-14 05:52:00,-534.130871535
2018-02-14 05:53:00,-509.707163135
2018-02-14 05:54:00,-509.707163135
2018-02-14 05:55:00,-521.919017335
2018-02-14 05:56:00,-521.919017335
2018-02-14 05:57:00,-521.919017335
2018-02-14 05:58:00,-521.919017335
2018-02-14 05:59:00,-521.919017335
2018-02-14 06:00:00,-534.130871535
2018-02-14 06:01:00,-521.919017335
2018-02-14 06:02:00,-521.919017335
2018-02-14 06:03:00,-521.919017335
2018-02-14 06:04:00,-521.919017335
2018-02-14 06:05:00,-521.919017335
2018-02-14 06:06:00,-521.919017335
2018-02-14 06:07:00,-521.919017335
2018-02-14 06:08:00,-521.919017335
2018-02-14 06:09:00,-521.919017335
2018-02-14 06:10:00,-521.919017335
2018-02-14 06:11:00,-521.919017335
2018-02-14 06:12:00,-521.919017335
2018-02-14 06:13:00,-521.919017335
2018-02-14 06:14:00,-521.919017335
2018-02-14 06:15:00,-521.919017335
2018-02-14 06:16:00,-534.130871535
2018-02-14 06:17:00,-521.919017335
2018-02-14 06:18:00,-521.919017335
2018-02-14 06:19:00,-521.919017335
2018-02-14 06:20:00,-521.919017335
2018-02-14 06:21:00,-509.707163135
2018-02-14 06:22:00,-509.707163135
2018-02-14 06:23:00,-521.919017335
2018-02-14 06:24:00,-521.919017335
2018-02-14 06:25:00,-521.919017335
2018-02-14 06:26:00,-509.707163135
2018-02-14 06:27:00,-509.707163135
2018-02-14 06:28:00,-509.707163135
2018-02-14 06:29:00,-509.707163135
2018-02-14 06:30:00,-521.919017335
2018-02-14 06:31:00,-509.707163135
2018-02-14 06:32:00,-521.919017335
2018-02-14 06:33:00,-521.919017335
2018-02-14 06:34:00,-521.919017335
2018-02-14 06:35:00,-521.919017335
2018-02-14 06:36:00,-521.919017335
2018-02-14 06:37:00,-521.919017335
2018-02-14 06:38:00,-521.919017335
2018-02-14 06:39:00,-521.919017335
2018-02-14 06:40:00,-534.130871535
2018-02-14 06:41:00,-546.342725735
2018-02-14 06:42:00,-534.130871535
2018-02-14 06:43:00,-534.130871535
2018-02-14 06:44:00,-534.130871535
2018-02-14 06:45:00,-534.130871535
2018-02-14 06:46:00,-534.130871535
2018-02-14 06:47:00,-534.130871535
2018-02-14 06:48:00,-534.130871535
2018-02-14 06:49:00,-521.919017335
2018-02-14 06:50:00,-521.919017335
2018-02-14 06:51:00,-521.919017335
2018-02-14 06:52:00,-521.919017335
2018-02-14 06:53:00,-534.130871535
2018-02-14 06:54:00,-534.130871535
2018-02-14 06:55:00,-534.130871535
2018-02-14 06:56:00,-521.919017335
2018-02-14 06:57:00,-521.919017335
2018-02-14 06:58:00,-521.919017335
2018-02-14 06:59:00,-521.919017335
2018-02-14 07:00:00,-521.919017335
2018-02-14 07:01:00,-521.919017335
2018-02-14 07:02:00,-497.495308935
2018-02-14 07:03:00,-497.495308935
2018-02-14 07:04:00,-485.283454735
2018-02-14 07:05:00,-497.495308935
2018-02-14 07:06:00,-497.495308935
2018-02-14 07:07:00,-485.283454735
2018-02-14 07:08:00,-485.283454735
2018-02-14 07:09:00,-497.495308935
2018-02-14 07:10:00,-497.495308935
2018-02-14 07:11:00,-497.495308935
2018-02-14 07:12:00,-521.919017335
2018-02-14 07:13:00,-521.919017335
2018-02-14 07:14:00,-509.707163135
2018-02-14 07:15:00,-509.707163135
2018-02-14 07:16:00,-509.707163135
2018-02-14 07:17:00,-485.283454735
2018-02-14 07:18:00,-509.707163135
2018-02-14 07:19:00,-497.495308935
2018-02-14 07:20:00,-485.283454735
2018-02-14 07:21:00,-509.707163135
2018-02-14 07:22:00,-509.707163135
2018-02-14 07:23:00,-521.919017335
2018-02-14 07:24:00,-534.130871535
2018-02-14 07:25:00,-534.130871535
2018-02-14 07:26:00,-485.283454735
2018-02-14 07:27:00,-473.071600535
2018-02-14 07:28:00,-460.859746335
2018-02-14 07:29:00,-473.071600535
2018-02-14 07:30:00,-631.825705135
2018-02-14 07:31:00,-619.613850935
2018-02-14 07:32:00,-619.613850935
2018-02-14 07:33:00,-631.825705135
2018-02-14 07:34:00,-644.037559335
2018-02-14 07:35:00,-668.461267735
2018-02-14 07:36:00,-680.673121935
2018-02-14 07:37:00,-680.673121935
2018-02-14 07:38:00,-692.884976135
2018-02-14 07:39:00,-680.673121935
2018-02-14 07:40:00,-705.096830335
2018-02-14 07:41:00,-717.308684535
2018-02-14 07:42:00,-741.732392935
2018-02-14 07:43:00,-717.308684535
2018-02-14 07:44:00,-729.520538735
2018-02-14 07:45:00,-717.308684535
2018-02-14 07:46:00,-741.732392935
2018-02-14 07:47:00,-741.732392935
2018-02-14 07:48:00,-729.520538735
2018-02-14 07:49:00,-717.308684535
2018-02-14 07:50:00,-705.096830335
2018-02-14 07:51:00,-705.096830335
2018-02-14 07:52:00,-717.308684535
2018-02-14 07:53:00,-729.520538735
2018-02-14 07:54:00,-717.308684535
2018-02-14 07:55:00,-717.308684535
2018-02-14 07:56:00,-717.308684535
2018-02-14 07:57:00,-717.308684535
2018-02-14 07:58:00,-717.308684535
2018-02-14 07:59:00,-692.884976135
2018-02-14 08:00:00,-668.461267735
2018-02-14 08:01:00,-692.884976135
2018-02-14 08:02:00,-705.096830335
2018-02-14 08:03:00,-692.884976135
2018-02-14 08:04:00,-668.461267735
2018-02-14 08:05:00,-668.461267735
2018-02-14 08:06:00,-644.037559335
2018-02-14 08:07:00,-644.037559335
2018-02-14 08:08:00,-644.037559335
2018-02-14 08:09:00,-644.037559335
2018-02-14 08:10:00,-644.037559335
2018-02-14 08:11:00,-644.037559335
2018-02-14 08:12:00,-644.037559335
2018-02-14 08:13:00,-668.461267735
2018-02-14 08:14:00,-668.461267735
2018-02-14 08:15:00,-668.461267735
2018-02-14 08:16:00,-668.461267735
2018-02-14 08:17:00,-692.884976135
2018-02-14 08:18:00,-692.884976135
2018-02-14 08:19:00,-717.308684535
2018-02-14 08:20:00,-717.308684535
2018-02-14 08:21:00,-717.308684535
2018-02-14 08:22:00,-717.308684535
2018-02-14 08:23:00,-717.308684535
2018-02-14 08:24:00,-717.308684535
2018-02-14 08:25:00,-705.096830335
2018-02-14 08:26:00,-692.884976135
2018-02-14 08:27:00,-680.673121935
2018-02-14 08:28:00,-680.673121935
2018-02-14 08:29:00,-680.673121935
2018-02-14 08:30:00,-692.884976135
2018-02-14 08:31:00,-717.308684535
2018-02-14 08:32:00,-717.308684535
2018-02-14 08:33:00,-729.520538735
2018-02-14 08:34:00,-717.308684535
2018-02-14 08:35:00,-717.308684535
2018-02-14 08:36:00,-717.308684535
2018-02-14 08:37:00,-717.308684535
2018-02-14 08:38:00,-717.308684535
2018-02-14 08:39:00,-692.884976135
2018-02-14 08:40:00,-705.096830335
2018-02-14 08:41:00,-692.884976135
2018-02-14 08:42:00,-705.096830335
2018-02-14 08:43:00,-717.308684535
2018-02-14 08:44:00,-729.520538735
2018-02-14 08:45:00,-729.520538735
2018-02-14 08:46:00,-729.520538735
2018-02-14 08:47:00,-729.520538735
2018-02-14 08:48:00,-729.520538735
2018-02-14 08:49:00,-717.308684535
2018-02-14 08:50:00,-717.308684535
2018-02-14 08:51:00,-717.308684535
2018-02-14 08:52:00,-717.308684535
2018-02-14 08:53:00,-705.096830335
2018-02-14 08:54:00,-705.096830335
2018-02-14 08:55:00,-741.732392935
2018-02-14 08:56:00,-729.520538735
2018-02-14 08:57:00,-729.520538735
2018-02-14 08:58:00,-753.944247135
2018-02-14 08:59:00,-766.156101335
2018-02-14 09:00:00,-766.156101335
2018-02-14 09:01:00,-778.367955535
2018-02-14 09:02:00,-778.367955535
2018-02-14 09:03:00,-778.367955535
2018-02-14 09:04:00,-753.944247135
2018-02-14 09:05:00,-753.944247135
2018-02-14 09:06:00,-753.944247135
2018-02-14 09:07:00,-753.944247135
2018-02-14 09:08:00,-753.944247135
2018-02-14 09:09:00,-729.520538735
2018-02-14 09:10:00,-729.520538735
2018-02-14 09:11:00,-729.520538735
2018-02-14 09:12:00,-729.520538735
2018-02-14 09:13:00,-741.732392935
2018-02-14 09:14:00,-766.156101335
2018-02-14 09:15:00,-753.944247135
2018-02-14 09:16:00,-741.732392935
2018-02-14 09:17:00,-741.732392935
2018-02-14 09:18:00,-741.732392935
2018-02-14 09:19:00,-741.732392935
2018-02-14 09:20:00,-741.732392935
2018-02-14 09:21:00,-741.732392935
2018-02-14 09:22:00,-741.732392935
2018-02-14 09:23:00,-741.732392935
2018-02-14 09:24:00,-741.732392935
2018-02-14 09:25:00,-741.732392935
2018-02-14 09:26:00,-741.732392935
2018-02-14 09:27:00,-741.732392935
2018-02-14 09:28:00,-741.732392935
2018-02-14 09:29:00,-753.944247135
2018-02-14 09:30:00,-753.944247135
2018-02-14 09:31:00,-753.944247135
2018-02-14 09:32:00,-753.944247135
2018-02-14 09:33:00,-753.944247135
2018-02-14 09:34:00,-753.944247135
2018-02-14 09:35:00,-753.944247135
2018-02-14 09:36:00,-753.944247135
2018-02-14 09:37:00,-729.520538735
2018-02-14 09:38:00,-753.944247135
2018-02-14 09:39:00,-717.308684535
2018-02-14 09:40:00,-741.732392935
2018-02-14 09:41:00,-741.732392935
2018-02-14 09:42:00,-753.944247135
2018-02-14 09:43:00,-753.944247135
2018-02-14 09:44:00,-753.944247135
2018-02-14 09:45:00,-753.944247135
2018-02-14 09:46:00,-753.944247135
2018-02-14 09:47:00,-766.156101335
2018-02-14 09:48:00,-778.367955535
2018-02-14 09:49:00,-778.367955535
2018-02-14 09:50:00,-778.367955535
2018-02-14 09:51:00,-778.367955535
2018-02-14 09:52:00,-778.367955535
2018-02-14 09:53:00,-778.367955535
2018-02-14 09:54:00,-778.367955535
2018-02-14 09:55:00,-778.367955535
2018-02-14 09:56:00,-778.367955535
2018-02-14 09:57:00,-778.367955535
2018-02-14 09:58:00,-778.367955535
2018-02-14 09:59:00,-778.367955535
2018-02-14 10:00:00,-753.944247135
2018-02-14 10:01:00,-741.732392935
2018-02-14 10:02:00,-766.156101335
2018-02-14 10:03:00,-753.944247135
2018-02-14 10:04:00,-753.944247135
2018-02-14 10:05:00,-753.944247135
2018-02-14 10:06:00,-753.944247135
2018-02-14 10:07:00,-753.944247135
2018-02-14 10:08:00,-753.944247135
2018-02-14 10:09:00,-753.944247135
2018-02-14 10:10:00,-766.156101335
2018-02-14 10:11:00,-766.156101335
2018-02-14 10:12:00,-766.156101335
2018-02-14 10:13:00,-753.944247135
2018-02-14 10:14:00,-741.732392935
2018-02-14 10:15:00,-741.732392935
2018-02-14 10:16:00,-741.732392935
2018-02-14 10:17:00,-741.732392935
2018-02-14 10:18:00,-741.732392935
2018-02-14 10:19:00,-741.732392935
2018-02-14 10:20:00,-766.156101335
2018-02-14 10:21:00,-766.156101335
2018-02-14 10:22:00,-753.944247135
2018-02-14 10:23:00,-753.944247135
2018-02-14 10:24:00,-753.944247135
2018-02-14 10:25:00,-753.944247135
2018-02-14 10:26:00,-753.944247135
2018-02-14 10:27:00,-753.944247135
2018-02-14 10:28:00,-753.944247135
2018-02-14 10:29:00,-766.156101335
2018-02-14 10:30:00,-766.156101335
2018-02-14 10:31:00,-766.156101335
2018-02-14 10:32:00,-778.367955535
2018-02-14 10:33:00,-778.367955535
2018-02-14 10:34:00,-778.367955535
2018-02-14 10:35:00,-778.367955535
2018-02-14 10:36:00,-778.367955535
2018-02-14 10:37:00,-778.367955535
2018-02-14 10:38:00,-778.367955535
2018-02-14 10:39:00,-790.579809735
2018-02-14 10:40:00,-790.579809735
2018-02-14 10:41:00,-778.367955535
2018-02-14 10:42:00,-778.367955535
2018-02-14 10:43:00,-778.367955535
2018-02-14 10:44:00,-778.367955535
2018-02-14 10:45:00,-790.579809735
2018-02-14 10:46:00,-790.579809735
2018-02-14 10:47:00,-802.791663935
2018-02-14 10:48:00,-802.791663935
2018-02-14 10:49:00,-802.791663935
2018-02-14 10:50:00,-802.791663935
2018-02-14 10:51:00,-802.791663935
2018-02-14 10:52:00,-802.791663935
2018-02-14 10:53:00,-790.579809735
2018-02-14 10:54:00,-778.367955535
2018-02-14 10:55:00,-827.215372335
2018-02-14 10:56:00,-827.215372335
2018-02-14 10:57:00,-827.215372335
2018-02-14 10:58:00,-827.215372335
2018-02-14 10:59:00,-851.639080735
2018-02-14 11:00:00,-851.639080735
2018-02-14 11:01:00,-851.639080735
2018-02-14 11:02:00,-876.062789135
2018-02-14 11:03:00,-876.062789135
2018-02-14 11:04:00,-851.639080735
2018-02-14 11:05:00,-863.850934935
2018-02-14 11:06:00,-863.850934935
2018-02-14 11:07:00,-863.850934935
2018-02-14 11:08:00,-876.062789135
2018-02-14 11:09:00,-876.062789135
2018-02-14 11:10:00,-876.062789135
2018-02-14 11:11:00,-876.062789135
2018-02-14 11:12:00,-876.062789135
2018-02-14 11:13:00,-876.062789135
2018-02-14 11:14:00,-876.062789135
2018-02-14 11:15:00,-876.062789135
2018-02-14 11:16:00,-876.062789135
2018-02-14 11:17:00,-876.062789135
2018-02-14 11:18:00,-876.062789135
2018-02-14 11:19:00,-876.062789135
2018-02-14 11:20:00,-876.062789135
2018-02-14 11:21:00,-876.062789135
2018-02-14 11:22:00,-876.062789135
2018-02-14 11:23:00,-876.062789135
2018-02-14 11:24:00,-876.062789135
2018-02-14 11:25:00,-876.062789135
2018-02-14 11:26:00,-876.062789135
2018-02-14 11:27:00,-876.062789135
2018-02-14 11:28:00,-876.062789135
2018-02-14 11:29:00,-876.062789135
2018-02-14 11:30:00,-876.062789135
2018-02-14 11:31:00,-876.062789135
2018-02-14 11:32:00,-876.062789135
2018-02-14 11:33:00,-876.062789135
2018-02-14 11:34:00,-876.062789135
2018-02-14 11:35:00,-876.062789135
2018-02-14 11:36:00,-876.062789135
2018-02-14 11:37:00,-876.062789135
2018-02-14 11:38:00,-876.062789135
2018-02-14 11:39:00,-876.062789135
2018-02-14 11:40:00,-876.062789135
2018-02-14 11:41:00,-876.062789135
2018-02-14 11:42:00,-876.062789135
2018-02-14 11:43:00,-876.062789135
2018-02-14 11:44:00,-876.062789135
2018-02-14 11:45:00,-876.062789135
2018-02-14 11:46:00,-876.062789135
2018-02-14 11:47:00,-876.062789135
2018-02-14 11:48:00,-888.274643335
2018-02-14 11:49:00,-888.274643335
2018-02-14 11:50:00,-888.274643335
2018-02-14 11:51:00,-888.274643335
2018-02-14 11:52:00,-888.274643335
2018-02-14 11:53:00,-888.274643335
2018-02-14 11:54:00,-876.062789135
2018-02-14 11:55:00,-876.062789135
2018-02-14 11:56:00,-876.062789135
2018-02-14 11:57:00,-876.062789135
2018-02-14 11:58:00,-876.062789135
2018-02-14 11:59:00,-876.062789135
2018-02-15 01:29:00,-973.756645786
2018-02-15 01:30:00,-973.756645786
2018-02-15 01:31:00,-973.756645786
2018-02-15 01:32:00,-973.756645786
2018-02-15 01:33:00,-973.756645786
2018-02-15 01:34:00,-973.756645786
2018-02-15 01:35:00,-973.756645786
2018-02-15 01:36:00,-949.332937386
2018-02-15 01:37:00,-949.332937386
2018-02-15 01:38:00,-937.121083186
2018-02-15 01:39:00,-949.332937386
2018-02-15 01:40:00,-949.332937386
2018-02-15 01:41:00,-949.332937386
2018-02-15 01:42:00,-949.332937386
2018-02-15 01:43:00,-949.332937386
2018-02-15 01:44:00,-949.332937386
2018-02-15 01:45:00,-937.121083186
2018-02-15 01:46:00,-937.121083186
2018-02-15 01:47:00,-937.121083186
2018-02-15 01:48:00,-937.121083186
2018-02-15 01:49:00,-949.332937386
2018-02-15 01:50:00,-937.121083186
2018-02-15 01:51:00,-937.121083186
2018-02-15 01:52:00,-937.121083186
2018-02-15 01:53:00,-937.121083186
2018-02-15 01:54:00,-961.544791586
2018-02-15 01:55:00,-961.544791586
2018-02-15 01:56:00,-949.332937386
2018-02-15 01:57:00,-949.332937386
2018-02-15 01:58:00,-949.332937386
2018-02-15 01:59:00,-949.332937386
2018-02-15 02:00:00,-924.909228986
2018-02-15 02:01:00,-912.697374786
2018-02-15 02:02:00,-912.697374786
2018-02-15 02:03:00,-863.849957986
2018-02-15 02:04:00,-863.849957986
2018-02-15 02:05:00,-888.273666386
2018-02-15 02:06:00,-937.121083186
2018-02-15 02:07:00,-924.909228986
2018-02-15 02:08:00,-912.697374786
2018-02-15 02:09:00,-912.697374786
2018-02-15 02:10:00,-949.332937386
2018-02-15 02:11:00,-912.697374786
2018-02-15 02:12:00,-924.909228986
2018-02-15 02:13:00,-912.697374786
2018-02-15 02:14:00,-912.697374786
2018-02-15 02:15:00,-912.697374786
2018-02-15 02:16:00,-900.485520586
2018-02-15 02:17:00,-790.578832786
2018-02-15 02:18:00,-802.790686986
2018-02-15 02:19:00,-802.790686986
2018-02-15 02:20:00,-790.578832786
2018-02-15 02:21:00,-790.578832786
2018-02-15 02:22:00,-790.578832786
2018-02-15 02:23:00,-802.790686986
2018-02-15 02:24:00,-802.790686986
2018-02-15 02:25:00,-815.002541186
2018-02-15 02:26:00,-827.214395386
2018-02-15 02:27:00,-827.214395386
2018-02-15 02:28:00,-827.214395386
2018-02-15 02:29:00,-827.214395386
2018-02-15 02:30:00,-827.214395386
2018-02-15 02:31:00,-827.214395386
2018-02-15 02:32:00,-827.214395386
2018-02-15 02:33:00,-839.426249586
2018-02-15 02:34:00,-839.426249586
2018-02-15 02:35:00,-839.426249586
2018-02-15 02:36:00,-839.426249586
2018-02-15 02:37:00,-827.214395386
2018-02-15 02:38:00,-839.426249586
2018-02-15 02:39:00,-851.638103786
2018-02-15 02:40:00,-851.638103786
2018-02-15 02:41:00,-851.638103786
2018-02-15 02:42:00,-851.638103786
2018-02-15 02:43:00,-851.638103786
2018-02-15 02:44:00,-851.638103786
2018-02-15 02:45:00,-851.638103786
2018-02-15 02:46:00,-851.638103786
2018-02-15 02:47:00,-839.426249586
2018-02-15 02:48:00,-839.426249586
2018-02-15 02:49:00,-815.002541186
2018-02-15 02:50:00,-802.790686986
2018-02-15 02:51:00,-827.214395386
2018-02-15 02:52:00,-827.214395386
2018-02-15 02:53:00,-827.214395386
2018-02-15 02:54:00,-827.214395386
2018-02-15 02:55:00,-827.214395386
2018-02-15 02:56:00,-827.214395386
2018-02-15 02:57:00,-827.214395386
2018-02-15 02:58:00,-827.214395386
2018-02-15 02:59:00,-827.214395386
2018-02-15 03:00:00,-827.214395386
2018-02-15 03:01:00,-827.214395386
2018-02-15 03:02:00,-839.426249586
2018-02-15 03:03:00,-839.426249586
2018-02-15 03:04:00,-839.426249586
2018-02-15 03:05:00,-839.426249586
2018-02-15 03:06:00,-839.426249586
2018-02-15 03:07:00,-839.426249586
2018-02-15 03:08:00,-827.214395386
2018-02-15 03:09:00,-827.214395386
2018-02-15 03:10:00,-827.214395386
2018-02-15 03:11:00,-827.214395386
2018-02-15 03:12:00,-827.214395386
2018-02-15 03:13:00,-839.426249586
2018-02-15 03:14:00,-839.426249586
2018-02-15 03:15:00,-839.426249586
2018-02-15 03:16:00,-851.638103786
2018-02-15 03:17:00,-851.638103786
2018-02-15 03:18:00,-851.638103786
2018-02-15 03:19:00,-851.638103786
2018-02-15 03:20:00,-851.638103786
2018-02-15 03:21:00,-851.638103786
2018-02-15 03:22:00,-851.638103786
2018-02-15 03:23:00,-851.638103786
2018-02-15 03:24:00,-851.638103786
2018-02-15 03:25:00,-851.638103786
2018-02-15 03:26:00,-851.638103786
2018-02-15 03:27:00,-851.638103786
2018-02-15 03:28:00,-851.638103786
2018-02-15 03:29:00,-851.638103786
2018-02-15 03:30:00,-851.638103786
2018-02-15 03:31:00,-851.638103786
2018-02-15 03:32:00,-851.638103786
2018-02-15 03:33:00,-851.638103786
2018-02-15 03:34:00,-839.426249586
2018-02-15 03:35:00,-839.426249586
2018-02-15 03:36:00,-839.426249586
2018-02-15 03:37:00,-839.426249586
2018-02-15 03:38:00,-839.426249586
2018-02-15 03:39:00,-839.426249586
2018-02-15 03:40:00,-827.214395386
2018-02-15 03:41:00,-827.214395386
2018-02-15 03:42:00,-827.214395386
2018-02-15 03:43:00,-839.426249586
2018-02-15 03:44:00,-839.426249586
2018-02-15 03:45:00,-839.426249586
2018-02-15 03:46:00,-839.426249586
2018-02-15 03:47:00,-839.426249586
2018-02-15 03:48:00,-827.214395386
2018-02-15 03:49:00,-851.638103786
2018-02-15 03:50:00,-851.638103786
2018-02-15 03:51:00,-851.638103786
2018-02-15 03:52:00,-851.638103786
2018-02-15 03:53:00,-839.426249586
2018-02-15 03:54:00,-839.426249586
2018-02-15 03:55:00,-839.426249586
2018-02-15 03:56:00,-827.214395386
2018-02-15 03:57:00,-827.214395386
2018-02-15 03:58:00,-827.214395386
2018-02-15 03:59:00,-827.214395386
2018-02-15 04:00:00,-827.214395386
2018-02-15 04:01:00,-827.214395386
2018-02-15 04:02:00,-827.214395386
2018-02-15 04:03:00,-827.214395386
2018-02-15 04:04:00,-827.214395386
2018-02-15 04:05:00,-827.214395386
2018-02-15 04:06:00,-827.214395386
2018-02-15 04:07:00,-827.214395386
2018-02-15 04:08:00,-851.638103786
2018-02-15 04:09:00,-851.638103786
2018-02-15 04:10:00,-851.638103786
2018-02-15 04:11:00,-851.638103786
2018-02-15 04:12:00,-851.638103786
2018-02-15 04:13:00,-851.638103786
2018-02-15 04:14:00,-851.638103786
2018-02-15 04:15:00,-851.638103786
2018-02-15 04:16:00,-851.638103786
2018-02-15 04:17:00,-851.638103786
2018-02-15 04:18:00,-851.638103786
2018-02-15 04:19:00,-851.638103786
2018-02-15 04:20:00,-876.061812186
2018-02-15 04:21:00,-888.273666386
2018-02-15 04:22:00,-876.061812186
2018-02-15 04:23:00,-876.061812186
2018-02-15 04:24:00,-888.273666386
2018-02-15 04:25:00,-876.061812186
2018-02-15 04:26:00,-900.485520586
2018-02-15 04:27:00,-900.485520586
2018-02-15 04:28:00,-912.697374786
2018-02-15 04:29:00,-912.697374786
2018-02-15 04:30:00,-876.061812186
2018-02-15 04:31:00,-888.273666386
2018-02-15 04:32:00,-888.273666386
2018-02-15 04:33:00,-876.061812186
2018-02-15 04:34:00,-876.061812186
2018-02-15 04:35:00,-888.273666386
2018-02-15 04:36:00,-888.273666386
2018-02-15 04:37:00,-912.697374786
2018-02-15 04:38:00,-912.697374786
2018-02-15 04:39:00,-912.697374786
2018-02-15 04:40:00,-900.485520586
2018-02-15 04:41:00,-888.273666386
2018-02-15 04:42:00,-888.273666386
2018-02-15 04:43:00,-912.697374786
2018-02-15 04:44:00,-912.697374786
2018-02-15 04:45:00,-912.697374786
2018-02-15 04:46:00,-912.697374786
2018-02-15 04:47:00,-912.697374786
2018-02-15 04:48:00,-912.697374786
2018-02-15 04:49:00,-912.697374786
2018-02-15 04:50:00,-912.697374786
2018-02-15 04:51:00,-912.697374786
2018-02-15 04:52:00,-912.697374786
2018-02-15 04:53:00,-912.697374786
2018-02-15 04:54:00,-912.697374786
2018-02-15 04:55:00,-912.697374786
2018-02-15 04:56:00,-912.697374786
2018-02-15 04:57:00,-912.697374786
2018-02-15 04:58:00,-912.697374786
2018-02-15 04:59:00,-912.697374786
2018-02-15 05:00:00,-912.697374786
2018-02-15 05:01:00,-912.697374786
2018-02-15 05:02:00,-912.697374786
2018-02-15 05:03:00,-912.697374786
2018-02-15 05:04:00,-912.697374786
2018-02-15 05:05:00,-888.273666386
2018-02-15 05:06:00,-912.697374786
2018-02-15 05:07:00,-912.697374786
2018-02-15 05:08:00,-912.697374786
2018-02-15 05:09:00,-912.697374786
2018-02-15 05:10:00,-912.697374786
2018-02-15 05:11:00,-912.697374786
2018-02-15 05:12:00,-912.697374786
2018-02-15 05:13:00,-924.909228986
2018-02-15 05:14:00,-937.121083186
2018-02-15 05:15:00,-937.121083186
2018-02-15 05:16:00,-949.332937386
2018-02-15 05:17:00,-924.909228986
2018-02-15 05:18:00,-937.121083186
2018-02-15 05:19:00,-949.332937386
2018-02-15 05:20:00,-937.121083186
2018-02-15 05:21:00,-937.121083186
2018-02-15 05:22:00,-937.121083186
2018-02-15 05:23:00,-949.332937386
2018-02-15 05:24:00,-961.544791586
2018-02-15 05:25:00,-961.544791586
2018-02-15 05:26:00,-961.544791586
2018-02-15 05:27:00,-961.544791586
2018-02-15 05:28:00,-961.544791586
2018-02-15 05:29:00,-937.121083186
2018-02-15 05:30:00,-961.544791586
2018-02-15 05:31:00,-949.332937386
2018-02-15 05:32:00,-949.332937386
2018-02-15 05:33:00,-949.332937386
2018-02-15 05:34:00,-949.332937386
2018-02-15 05:35:00,-949.332937386
2018-02-15 05:36:00,-949.332937386
2018-02-15 05:37:00,-949.332937386
2018-02-15 05:38:00,-949.332937386
2018-02-15 05:39:00,-949.332937386
2018-02-15 05:40:00,-949.332937386
2018-02-15 05:41:00,-949.332937386
2018-02-15 05:42:00,-949.332937386
2018-02-15 05:43:00,-949.332937386
2018-02-15 05:44:00,-949.332937386
2018-02-15 05:45:00,-949.332937386
2018-02-15 05:46:00,-949.332937386
2018-02-15 05:47:00,-949.332937386
2018-02-15 05:48:00,-961.544791586
2018-02-15 05:49:00,-961.544791586
2018-02-15 05:50:00,-961.544791586
2018-02-15 05:51:00,-961.544791586
2018-02-15 05:52:00,-961.544791586
2018-02-15 05:53:00,-961.544791586
2018-02-15 05:54:00,-961.544791586
2018-02-15 05:55:00,-985.968499986
2018-02-15 05:56:00,-985.968499986
2018-02-15 05:57:00,-973.756645786
2018-02-15 05:58:00,-973.756645786
2018-02-15 05:59:00,-985.968499986
2018-02-15 06:00:00,-985.968499986
2018-02-15 06:01:00,-985.968499986
2018-02-15 06:02:00,-985.968499986
2018-02-15 06:03:00,-985.968499986
2018-02-15 06:04:00,-985.968499986
2018-02-15 06:05:00,-985.968499986
2018-02-15 06:06:00,-985.968499986
2018-02-15 06:07:00,-973.756645786
2018-02-15 06:08:00,-961.544791586
2018-02-15 06:09:00,-973.756645786
2018-02-15 06:10:00,-973.756645786
2018-02-15 06:11:00,-973.756645786
2018-02-15 06:12:00,-973.756645786
2018-02-15 06:13:00,-973.756645786
2018-02-15 06:14:00,-912.697374786
2018-02-15 06:15:00,-924.909228986
2018-02-15 06:16:00,-924.909228986
2018-02-15 06:17:00,-924.909228986
2018-02-15 06:18:00,-924.909228986
2018-02-15 06:19:00,-924.909228986
2018-02-15 06:20:00,-924.909228986
2018-02-15 06:21:00,-924.909228986
2018-02-15 06:22:00,-924.909228986
2018-02-15 06:23:00,-949.332937386
2018-02-15 06:24:00,-949.332937386
2018-02-15 06:25:00,-949.332937386
2018-02-15 06:26:00,-961.544791586
2018-02-15 06:27:00,-961.544791586
2018-02-15 06:28:00,-985.968499986
2018-02-15 06:29:00,-998.180354186
2018-02-15 06:30:00,-998.180354186
2018-02-15 06:31:00,-998.180354186
2018-02-15 06:32:00,-998.180354186
2018-02-15 06:33:00,-998.180354186
2018-02-15 06:34:00,-998.180354186
2018-02-15 06:35:00,-1010.39220839
2018-02-15 06:36:00,-1034.81591679
2018-02-15 06:37:00,-1010.39220839
2018-02-15 06:38:00,-1010.39220839
2018-02-15 06:39:00,-1010.39220839
2018-02-15 06:40:00,-985.968499986
2018-02-15 06:41:00,-985.968499986
2018-02-15 06:42:00,-973.756645786
2018-02-15 06:43:00,-973.756645786
2018-02-15 06:44:00,-937.121083186
2018-02-15 06:45:00,-937.121083186
2018-02-15 06:46:00,-912.697374786
2018-02-15 06:47:00,-912.697374786
2018-02-15 06:48:00,-949.332937386
2018-02-15 06:49:00,-949.332937386
2018-02-15 06:50:00,-924.909228986
2018-02-15 06:51:00,-924.909228986
2018-02-15 06:52:00,-924.909228986
2018-02-15 06:53:00,-924.909228986
2018-02-15 06:54:00,-924.909228986
2018-02-15 06:55:00,-924.909228986
2018-02-15 06:56:00,-924.909228986
2018-02-15 06:57:00,-900.485520586
2018-02-15 06:58:00,-924.909228986
2018-02-15 06:59:00,-924.909228986
2018-02-15 07:00:00,-924.909228986
2018-02-15 07:01:00,-924.909228986
2018-02-15 07:02:00,-924.909228986
2018-02-15 07:03:00,-888.273666386
2018-02-15 07:04:00,-900.485520586
2018-02-15 07:05:00,-900.485520586
2018-02-15 07:06:00,-900.485520586
2018-02-15 07:07:00,-900.485520586
2018-02-15 07:08:00,-863.849957986
2018-02-15 07:09:00,-863.849957986
2018-02-15 07:10:00,-876.061812186
2018-02-15 07:11:00,-863.849957986
2018-02-15 07:12:00,-876.061812186
2018-02-15 07:13:00,-876.061812186
2018-02-15 07:14:00,-888.273666386
2018-02-15 07:15:00,-888.273666386
2018-02-15 07:16:00,-888.273666386
2018-02-15 07:17:00,-876.061812186
2018-02-15 07:18:00,-876.061812186
2018-02-15 07:19:00,-876.061812186
2018-02-15 07:20:00,-876.061812186
2018-02-15 07:21:00,-863.849957986
2018-02-15 07:22:00,-876.061812186
2018-02-15 07:23:00,-876.061812186
2018-02-15 07:24:00,-876.061812186
2018-02-15 07:25:00,-888.273666386
2018-02-15 07:26:00,-888.273666386
2018-02-15 07:27:00,-888.273666386
2018-02-15 07:28:00,-900.485520586
2018-02-15 07:29:00,-912.697374786
2018-02-15 07:30:00,-912.697374786
2018-02-15 07:31:00,-900.485520586
2018-02-15 07:32:00,-876.061812186
2018-02-15 07:33:00,-876.061812186
2018-02-15 07:34:00,-888.273666386
2018-02-15 07:35:00,-900.485520586
2018-02-15 07:36:00,-888.273666386
2018-02-15 07:37:00,-888.273666386
2018-02-15 07:38:00,-888.273666386
2018-02-15 07:39:00,-888.273666386
2018-02-15 07:40:00,-888.273666386
2018-02-15 07:41:00,-863.849957986
2018-02-15 07:42:00,-888.273666386
2018-02-15 07:43:00,-888.273666386
2018-02-15 07:44:00,-863.849957986
2018-02-15 07:45:00,-876.061812186
2018-02-15 07:46:00,-863.849957986
2018-02-15 07:47:00,-900.485520586
2018-02-15 07:48:00,-900.485520586
2018-02-15 07:49:00,-949.332937386
2018-02-15 07:50:00,-949.332937386
2018-02-15 07:51:00,-949.332937386
2018-02-15 07:52:00,-949.332937386
2018-02-15 07:53:00,-949.332937386
2018-02-15 07:54:00,-949.332937386
2018-02-15 07:55:00,-912.697374786
2018-02-15 07:56:00,-924.909228986
2018-02-15 07:57:00,-937.121083186
2018-02-15 07:58:00,-924.909228986
2018-02-15 07:59:00,-912.697374786
2018-02-15 08:00:00,-912.697374786
2018-02-15 08:01:00,-888.273666386
2018-02-15 08:02:00,-888.273666386
2018-02-15 08:03:00,-888.273666386
2018-02-15 08:04:00,-888.273666386
2018-02-15 08:05:00,-888.273666386
2018-02-15 08:06:00,-888.273666386
2018-02-15 08:07:00,-888.273666386
2018-02-15 08:08:00,-863.849957986
2018-02-15 08:09:00,-863.849957986
2018-02-15 08:10:00,-863.849957986
2018-02-15 08:11:00,-863.849957986
2018-02-15 08:12:00,-851.638103786
2018-02-15 08:13:00,-863.849957986
2018-02-15 08:14:00,-863.849957986
2018-02-15 08:15:00,-863.849957986
2018-02-15 08:16:00,-863.849957986
2018-02-15 08:17:00,-839.426249586
2018-02-15 08:18:00,-851.638103786
2018-02-15 08:19:00,-839.426249586
2018-02-15 08:20:00,-827.214395386
2018-02-15 08:21:00,-839.426249586
2018-02-15 08:22:00,-839.426249586
2018-02-15 08:23:00,-827.214395386
2018-02-15 08:24:00,-827.214395386
2018-02-15 08:25:00,-827.214395386
2018-02-15 08:26:00,-839.426249586
2018-02-15 08:27:00,-839.426249586
2018-02-15 08:28:00,-827.214395386
2018-02-15 08:29:00,-851.638103786
2018-02-15 08:30:00,-839.426249586
2018-02-15 08:31:00,-839.426249586
2018-02-15 08:32:00,-839.426249586
2018-02-15 08:33:00,-839.426249586
2018-02-15 08:34:00,-851.638103786
2018-02-15 08:35:00,-839.426249586
2018-02-15 08:36:00,-839.426249586
2018-02-15 08:37:00,-839.426249586
2018-02-15 08:38:00,-876.061812186
2018-02-15 08:39:00,-876.061812186
2018-02-15 08:40:00,-876.061812186
2018-02-15 08:41:00,-876.061812186
2018-02-15 08:42:00,-839.426249586
2018-02-15 08:43:00,-839.426249586
2018-02-15 08:44:00,-863.849957986
2018-02-15 08:45:00,-863.849957986
2018-02-15 08:46:00,-876.061812186
2018-02-15 08:47:00,-876.061812186
2018-02-15 08:48:00,-876.061812186
2018-02-15 08:49:00,-876.061812186
2018-02-15 08:50:00,-863.849957986
2018-02-15 08:51:00,-839.426249586
2018-02-15 08:52:00,-839.426249586
2018-02-15 08:53:00,-839.426249586
2018-02-15 08:54:00,-851.638103786
2018-02-15 08:55:00,-876.061812186
2018-02-15 08:56:00,-863.849957986
2018-02-15 08:57:00,-863.849957986
2018-02-15 08:58:00,-876.061812186
2018-02-15 08:59:00,-876.061812186
2018-02-15 09:00:00,-839.426249586
2018-02-15 09:01:00,-839.426249586
2018-02-15 09:02:00,-851.638103786
2018-02-15 09:03:00,-863.849957986
2018-02-15 09:04:00,-876.061812186
2018-02-15 09:05:00,-851.638103786
2018-02-15 09:06:00,-851.638103786
2018-02-15 09:07:00,-815.002541186
2018-02-15 09:08:00,-815.002541186
2018-02-15 09:09:00,-827.214395386
2018-02-15 09:10:00,-815.002541186
2018-02-15 09:11:00,-827.214395386
2018-02-15 09:12:00,-839.426249586
2018-02-15 09:13:00,-827.214395386
2018-02-15 09:14:00,-827.214395386
2018-02-15 09:15:00,-827.214395386
2018-02-15 09:16:00,-851.638103786
2018-02-15 09:17:00,-851.638103786
2018-02-15 09:18:00,-851.638103786
2018-02-15 09:19:00,-851.638103786
2018-02-15 09:20:00,-851.638103786
2018-02-15 09:21:00,-863.849957986
2018-02-15 09:22:00,-851.638103786
2018-02-15 09:23:00,-851.638103786
2018-02-15 09:24:00,-851.638103786
2018-02-15 09:25:00,-851.638103786
2018-02-15 09:26:00,-851.638103786
2018-02-15 09:27:00,-839.426249586
2018-02-15 09:28:00,-851.638103786
2018-02-15 09:29:00,-851.638103786
2018-02-15 09:30:00,-802.790686986
2018-02-15 09:31:00,-802.790686986
2018-02-15 09:32:00,-790.578832786
2018-02-15 09:33:00,-790.578832786
2018-02-15 09:34:00,-790.578832786
2018-02-15 09:35:00,-790.578832786
2018-02-15 09:36:00,-802.790686986
2018-02-15 09:37:00,-802.790686986
2018-02-15 09:38:00,-802.790686986
2018-02-15 09:39:00,-802.790686986
2018-02-15 09:40:00,-802.790686986
2018-02-15 09:41:00,-790.578832786
2018-02-15 09:42:00,-802.790686986
2018-02-15 09:43:00,-815.002541186
2018-02-15 09:44:00,-815.002541186
2018-02-15 09:45:00,-815.002541186
2018-02-15 09:46:00,-815.002541186
2018-02-15 09:47:00,-815.002541186
2018-02-15 09:48:00,-815.002541186
2018-02-15 09:49:00,-815.002541186
2018-02-15 09:50:00,-790.578832786
2018-02-15 09:51:00,-790.578832786
2018-02-15 09:52:00,-790.578832786
2018-02-15 09:53:00,-790.578832786
2018-02-15 09:54:00,-790.578832786
2018-02-15 09:55:00,-778.366978586
2018-02-15 09:56:00,-802.790686986
2018-02-15 09:57:00,-790.578832786
2018-02-15 09:58:00,-778.366978586
2018-02-15 09:59:00,-778.366978586
2018-02-15 10:00:00,-778.366978586
2018-02-15 10:01:00,-790.578832786
2018-02-15 10:02:00,-790.578832786
2018-02-15 10:03:00,-778.366978586
2018-02-15 10:04:00,-741.731415986
2018-02-15 10:05:00,-753.943270186
2018-02-15 10:06:00,-766.155124386
2018-02-15 10:07:00,-766.155124386
2018-02-15 10:08:00,-802.790686986
2018-02-15 10:09:00,-827.214395386
2018-02-15 10:10:00,-827.214395386
2018-02-15 10:11:00,-790.578832786
2018-02-15 10:12:00,-790.578832786
2018-02-15 10:13:00,-790.578832786
2018-02-15 10:14:00,-802.790686986
2018-02-15 10:15:00,-815.002541186
2018-02-15 10:16:00,-815.002541186
2018-02-15 10:17:00,-815.002541186
2018-02-15 10:18:00,-802.790686986
2018-02-15 10:19:00,-802.790686986
2018-02-15 10:20:00,-802.790686986
2018-02-15 10:21:00,-802.790686986
2018-02-15 10:22:00,-802.790686986
2018-02-15 10:23:00,-802.790686986
2018-02-15 10:24:00,-802.790686986
2018-02-15 10:25:00,-815.002541186
2018-02-15 10:26:00,-815.002541186
2018-02-15 10:27:00,-815.002541186
2018-02-15 10:28:00,-815.002541186
2018-02-15 10:29:00,-815.002541186
2018-02-15 10:30:00,-815.002541186
2018-02-15 10:31:00,-790.578832786
2018-02-15 10:32:00,-790.578832786
2018-02-15 10:33:00,-790.578832786
2018-02-15 10:34:00,-790.578832786
2018-02-15 10:35:00,-802.790686986
2018-02-15 10:36:00,-802.790686986
2018-02-15 10:37:00,-802.790686986
2018-02-15 10:38:00,-802.790686986
2018-02-15 10:39:00,-802.790686986
2018-02-15 10:40:00,-802.790686986
2018-02-15 10:41:00,-815.002541186
2018-02-15 10:42:00,-827.214395386
2018-02-15 10:43:00,-827.214395386
2018-02-15 10:44:00,-815.002541186
2018-02-15 10:45:00,-827.214395386
2018-02-15 10:46:00,-827.214395386
2018-02-15 10:47:00,-827.214395386
2018-02-15 10:48:00,-827.214395386
2018-02-15 10:49:00,-827.214395386
2018-02-15 10:50:00,-827.214395386
2018-02-15 10:51:00,-827.214395386
2018-02-15 10:52:00,-827.214395386
2018-02-15 10:53:00,-827.214395386
2018-02-15 10:54:00,-827.214395386
2018-02-15 10:55:00,-778.366978586
2018-02-15 10:56:00,-778.366978586
2018-02-15 10:57:00,-778.366978586
2018-02-15 10:58:00,-766.155124386
2018-02-15 10:59:00,-766.155124386
2018-02-15 11:00:00,-766.155124386
2018-02-15 11:01:00,-766.155124386
2018-02-15 11:02:00,-778.366978586
2018-02-15 11:03:00,-778.366978586
2018-02-15 11:04:00,-790.578832786
2018-02-15 11:05:00,-778.366978586
2018-02-15 11:06:00,-753.943270186
2018-02-15 11:07:00,-753.943270186
2018-02-15 11:08:00,-753.943270186
2018-02-15 11:09:00,-753.943270186
2018-02-15 11:10:00,-753.943270186
2018-02-15 11:11:00,-753.943270186
2018-02-15 11:12:00,-753.943270186
2018-02-15 11:13:00,-753.943270186
2018-02-15 11:14:00,-753.943270186
2018-02-15 11:15:00,-766.155124386
2018-02-15 11:16:00,-753.943270186
2018-02-15 11:17:00,-778.366978586
2018-02-15 11:18:00,-778.366978586
2018-02-15 11:19:00,-778.366978586
2018-02-15 11:20:00,-778.366978586
2018-02-15 11:21:00,-778.366978586
2018-02-15 11:22:00,-778.366978586
2018-02-15 11:23:00,-778.366978586
2018-02-15 11:24:00,-778.366978586
2018-02-15 11:25:00,-802.790686986
2018-02-15 11:26:00,-802.790686986
2018-02-15 11:27:00,-802.790686986
2018-02-15 11:28:00,-802.790686986
2018-02-15 11:29:00,-815.002541186
2018-02-15 11:30:00,-802.790686986
2018-02-15 11:31:00,-802.790686986
2018-02-15 11:32:00,-802.790686986
2018-02-15 11:33:00,-802.790686986
2018-02-15 11:34:00,-802.790686986
2018-02-15 11:35:00,-802.790686986
2018-02-15 11:36:00,-802.790686986
2018-02-15 11:37:00,-802.790686986
2018-02-15 11:38:00,-802.790686986
2018-02-15 11:39:00,-802.790686986
2018-02-15 11:40:00,-802.790686986
2018-02-15 11:41:00,-802.790686986
2018-02-15 11:42:00,-802.790686986
2018-02-15 11:43:00,-802.790686986
2018-02-15 11:44:00,-802.790686986
2018-02-15 11:45:00,-802.790686986
2018-02-15 11:46:00,-802.790686986
2018-02-15 11:47:00,-790.578832786
2018-02-15 11:48:00,-802.790686986
2018-02-15 11:49:00,-802.790686986
2018-02-15 11:50:00,-802.790686986
2018-02-15 11:51:00,-790.578832786
2018-02-15 11:52:00,-778.366978586
2018-02-15 11:53:00,-778.366978586
2018-02-15 11:54:00,-778.366978586
2018-02-15 11:55:00,-778.366978586
2018-02-15 11:56:00,-778.366978586
2018-02-15 11:57:00,-778.366978586
2018-02-15 11:58:00,-778.366978586
2018-02-15 11:59:00,-790.578832786
2018-02-16 01:29:00,-766.155124386
2018-02-16 01:30:00,-766.155124386
2018-02-16 01:31:00,-766.155124386
2018-02-16 01:32:00,-766.155124386
2018-02-16 01:33:00,-766.155124386
2018-02-16 01:34:00,-851.638103786
2018-02-16 01:35:00,-851.638103786
2018-02-16 01:36:00,-851.638103786
2018-02-16 01:37:00,-851.638103786
2018-02-16 01:38:00,-827.214395386
2018-02-16 01:39:00,-827.214395386
2018-02-16 01:40:00,-851.638103786
2018-02-16 01:41:00,-851.638103786
2018-02-16 01:42:00,-827.214395386
2018-02-16 01:43:00,-827.214395386
2018-02-16 01:44:00,-827.214395386
2018-02-16 01:45:00,-827.214395386
2018-02-16 01:46:00,-827.214395386
2018-02-16 01:47:00,-827.214395386
2018-02-16 01:48:00,-827.214395386
2018-02-16 01:49:00,-827.214395386
2018-02-16 01:50:00,-827.214395386
2018-02-16 01:51:00,-827.214395386
2018-02-16 01:52:00,-827.214395386
2018-02-16 01:53:00,-827.214395386
2018-02-16 01:54:00,-827.214395386
2018-02-16 01:55:00,-827.214395386
2018-02-16 01:56:00,-827.214395386
2018-02-16 01:57:00,-827.214395386
2018-02-16 01:58:00,-827.214395386
2018-02-16 01:59:00,-827.214395386
2018-02-16 02:00:00,-827.214395386
2018-02-16 02:01:00,-802.790686986
2018-02-16 02:02:00,-802.790686986
2018-02-16 02:03:00,-802.790686986
2018-02-16 02:04:00,-778.366978586
2018-02-16 02:05:00,-790.578832786
2018-02-16 02:06:00,-790.578832786
2018-02-16 02:07:00,-753.943270186
2018-02-16 02:08:00,-766.155124386
2018-02-16 02:09:00,-766.155124386
2018-02-16 02:10:00,-790.578832786
2018-02-16 02:11:00,-815.002541186
2018-02-16 02:12:00,-778.366978586
2018-02-16 02:13:00,-790.578832786
2018-02-16 02:14:00,-778.366978586
2018-02-16 02:15:00,-778.366978586
2018-02-16 02:16:00,-778.366978586
2018-02-16 02:17:00,-778.366978586
2018-02-16 02:18:00,-815.002541186
2018-02-16 02:19:00,-815.002541186
2018-02-16 02:20:00,-815.002541186
2018-02-16 02:21:00,-815.002541186
2018-02-16 02:22:00,-815.002541186
2018-02-16 02:23:00,-815.002541186
2018-02-16 02:24:00,-815.002541186
2018-02-16 02:25:00,-815.002541186
2018-02-16 02:26:00,-815.002541186
2018-02-16 02:27:00,-778.366978586
2018-02-16 02:28:00,-766.155124386
2018-02-16 02:29:00,-766.155124386
2018-02-16 02:30:00,-753.943270186
2018-02-16 02:31:00,-753.943270186
2018-02-16 02:32:00,-753.943270186
2018-02-16 02:33:00,-753.943270186
2018-02-16 02:34:00,-753.943270186
2018-02-16 02:35:00,-729.519561786
2018-02-16 02:36:00,-729.519561786
2018-02-16 02:37:00,-729.519561786
2018-02-16 02:38:00,-729.519561786
2018-02-16 02:39:00,-729.519561786
2018-02-16 02:40:00,-741.731415986
2018-02-16 02:41:00,-729.519561786
2018-02-16 02:42:00,-741.731415986
2018-02-16 02:43:00,-741.731415986
2018-02-16 02:44:00,-717.307707586
2018-02-16 02:45:00,-729.519561786
2018-02-16 02:46:00,-729.519561786
2018-02-16 02:47:00,-729.519561786
2018-02-16 02:48:00,-705.095853386
2018-02-16 02:49:00,-705.095853386
2018-02-16 02:50:00,-705.095853386
2018-02-16 02:51:00,-705.095853386
2018-02-16 02:52:00,-680.672144986
2018-02-16 02:53:00,-680.672144986
2018-02-16 02:54:00,-680.672144986
2018-02-16 02:55:00,-692.883999186
2018-02-16 02:56:00,-705.095853386
2018-02-16 02:57:00,-668.460290786
2018-02-16 02:58:00,-680.672144986
2018-02-16 02:59:00,-668.460290786
2018-02-16 03:00:00,-680.672144986
2018-02-16 03:01:00,-692.883999186
2018-02-16 03:02:00,-705.095853386
2018-02-16 03:03:00,-692.883999186
2018-02-16 03:04:00,-692.883999186
2018-02-16 03:05:00,-705.095853386
2018-02-16 03:06:00,-705.095853386
2018-02-16 03:07:00,-705.095853386
2018-02-16 03:08:00,-705.095853386
2018-02-16 03:09:00,-705.095853386
2018-02-16 03:10:00,-705.095853386
2018-02-16 03:11:00,-717.307707586
2018-02-16 03:12:00,-729.519561786
2018-02-16 03:13:00,-717.307707586
2018-02-16 03:14:00,-717.307707586
2018-02-16 03:15:00,-717.307707586
2018-02-16 03:16:00,-692.883999186
2018-02-16 03:17:00,-692.883999186
2018-02-16 03:18:00,-656.248436586
2018-02-16 03:19:00,-668.460290786
2018-02-16 03:20:00,-668.460290786
2018-02-16 03:21:00,-656.248436586
2018-02-16 03:22:00,-668.460290786
2018-02-16 03:23:00,-680.672144986
2018-02-16 03:24:00,-668.460290786
2018-02-16 03:25:00,-680.672144986
2018-02-16 03:26:00,-644.036582386
2018-02-16 03:27:00,-668.460290786
2018-02-16 03:28:00,-668.460290786
2018-02-16 03:29:00,-656.248436586
2018-02-16 03:30:00,-656.248436586
2018-02-16 03:31:00,-656.248436586
2018-02-16 03:32:00,-631.824728186
2018-02-16 03:33:00,-607.401019786
2018-02-16 03:34:00,-631.824728186
2018-02-16 03:35:00,-631.824728186
2018-02-16 03:36:00,-631.824728186
2018-02-16 03:37:00,-644.036582386
2018-02-16 03:38:00,-644.036582386
2018-02-16 03:39:00,-619.612873986
2018-02-16 03:40:00,-644.036582386
2018-02-16 03:41:00,-644.036582386
2018-02-16 03:42:00,-644.036582386
2018-02-16 03:43:00,-644.036582386
2018-02-16 03:44:00,-644.036582386
2018-02-16 03:45:00,-644.036582386
2018-02-16 03:46:00,-644.036582386
2018-02-16 03:47:00,-644.036582386
2018-02-16 03:48:00,-644.036582386
2018-02-16 03:49:00,-644.036582386
2018-02-16 03:50:00,-619.612873986
2018-02-16 03:51:00,-619.612873986
2018-02-16 03:52:00,-619.612873986
2018-02-16 03:53:00,-619.612873986
2018-02-16 03:54:00,-631.824728186
2018-02-16 03:55:00,-631.824728186
2018-02-16 03:56:00,-656.248436586
2018-02-16 03:57:00,-644.036582386
2018-02-16 03:58:00,-656.248436586
2018-02-16 03:59:00,-656.248436586
2018-02-16 04:00:00,-680.672144986
2018-02-16 04:01:00,-668.460290786
2018-02-16 04:02:00,-668.460290786
2018-02-16 04:03:00,-668.460290786
2018-02-16 04:04:00,-668.460290786
2018-02-16 04:05:00,-668.460290786
2018-02-16 04:06:00,-668.460290786
2018-02-16 04:07:00,-668.460290786
2018-02-16 04:08:00,-668.460290786
2018-02-16 04:09:00,-668.460290786
2018-02-16 04:10:00,-644.036582386
2018-02-16 04:11:00,-644.036582386
2018-02-16 04:12:00,-644.036582386
2018-02-16 04:13:00,-644.036582386
2018-02-16 04:14:00,-644.036582386
2018-02-16 04:15:00,-644.036582386
2018-02-16 04:16:00,-644.036582386
2018-02-16 04:17:00,-644.036582386
2018-02-16 04:18:00,-644.036582386
2018-02-16 04:19:00,-644.036582386
2018-02-16 04:20:00,-656.248436586
2018-02-16 04:21:00,-656.248436586
2018-02-16 04:22:00,-656.248436586
2018-02-16 04:23:00,-644.036582386
2018-02-16 04:24:00,-644.036582386
2018-02-16 04:25:00,-668.460290786
2018-02-16 04:26:00,-668.460290786
2018-02-16 04:27:00,-668.460290786
2018-02-16 04:28:00,-668.460290786
2018-02-16 04:29:00,-668.460290786
2018-02-16 04:30:00,-668.460290786
2018-02-16 04:31:00,-680.672144986
2018-02-16 04:32:00,-705.095853386
2018-02-16 04:33:00,-705.095853386
2018-02-16 04:34:00,-705.095853386
2018-02-16 04:35:00,-705.095853386
2018-02-16 04:36:00,-705.095853386
2018-02-16 04:37:00,-680.672144986
2018-02-16 04:38:00,-692.883999186
2018-02-16 04:39:00,-692.883999186
2018-02-16 04:40:00,-680.672144986
2018-02-16 04:41:00,-692.883999186
2018-02-16 04:42:00,-680.672144986
2018-02-16 04:43:00,-692.883999186
2018-02-16 04:44:00,-680.672144986
2018-02-16 04:45:00,-680.672144986
2018-02-16 04:46:00,-680.672144986
2018-02-16 04:47:00,-680.672144986
2018-02-16 04:48:00,-668.460290786
2018-02-16 04:49:00,-668.460290786
2018-02-16 04:50:00,-668.460290786
2018-02-16 04:51:00,-668.460290786
2018-02-16 04:52:00,-668.460290786
2018-02-16 04:53:00,-668.460290786
2018-02-16 04:54:00,-668.460290786
2018-02-16 04:55:00,-668.460290786
2018-02-16 04:56:00,-680.672144986
2018-02-16 04:57:00,-680.672144986
2018-02-16 04:58:00,-680.672144986
2018-02-16 04:59:00,-680.672144986
2018-02-16 05:00:00,-680.672144986
2018-02-16 05:01:00,-680.672144986
2018-02-16 05:02:00,-680.672144986
2018-02-16 05:03:00,-680.672144986
2018-02-16 05:04:00,-680.672144986
2018-02-16 05:05:00,-680.672144986
2018-02-16 05:06:00,-680.672144986
2018-02-16 05:07:00,-656.248436586
2018-02-16 05:08:00,-656.248436586
2018-02-16 05:09:00,-656.248436586
2018-02-16 05:10:00,-656.248436586
2018-02-16 05:11:00,-656.248436586
2018-02-16 05:12:00,-656.248436586
2018-02-16 05:13:00,-656.248436586
2018-02-16 05:14:00,-619.612873986
2018-02-16 05:15:00,-619.612873986
2018-02-16 05:16:00,-631.824728186
2018-02-16 05:17:00,-644.036582386
2018-02-16 05:18:00,-644.036582386
2018-02-16 05:19:00,-644.036582386
2018-02-16 05:20:00,-644.036582386
2018-02-16 05:21:00,-656.248436586
2018-02-16 05:22:00,-656.248436586
2018-02-16 05:23:00,-644.036582386
2018-02-16 05:24:00,-644.036582386
2018-02-16 05:25:00,-644.036582386
2018-02-16 05:26:00,-656.248436586
2018-02-16 05:27:00,-656.248436586
2018-02-16 05:28:00,-656.248436586
2018-02-16 05:29:00,-692.883999186
2018-02-16 05:30:00,-692.883999186
2018-02-16 05:31:00,-692.883999186
2018-02-16 05:32:00,-692.883999186
2018-02-16 05:33:00,-692.883999186
2018-02-16 05:34:00,-680.672144986
2018-02-16 05:35:00,-680.672144986
2018-02-16 05:36:00,-656.248436586
2018-02-16 05:37:00,-656.248436586
2018-02-16 05:38:00,-656.248436586
2018-02-16 05:39:00,-656.248436586
2018-02-16 05:40:00,-656.248436586
2018-02-16 05:41:00,-656.248436586
2018-02-16 05:42:00,-680.672144986
2018-02-16 05:43:00,-680.672144986
2018-02-16 05:44:00,-680.672144986
2018-02-16 05:45:00,-644.036582386
2018-02-16 05:46:00,-644.036582386
2018-02-16 05:47:00,-644.036582386
2018-02-16 05:48:00,-631.824728186
2018-02-16 05:49:00,-631.824728186
2018-02-16 05:50:00,-644.036582386
2018-02-16 05:51:00,-644.036582386
2018-02-16 05:52:00,-656.248436586
2018-02-16 05:53:00,-644.036582386
2018-02-16 05:54:00,-692.883999186
2018-02-16 05:55:00,-668.460290786
2018-02-16 05:56:00,-668.460290786
2018-02-16 05:57:00,-705.095853386
2018-02-16 05:58:00,-705.095853386
2018-02-16 05:59:00,-705.095853386
2018-02-16 06:00:00,-705.095853386
2018-02-16 06:01:00,-705.095853386
2018-02-16 06:02:00,-705.095853386
2018-02-16 06:03:00,-705.095853386
2018-02-16 06:04:00,-705.095853386
2018-02-16 06:05:00,-705.095853386
2018-02-16 06:06:00,-705.095853386
2018-02-16 06:07:00,-705.095853386
2018-02-16 06:08:00,-705.095853386
2018-02-16 06:09:00,-705.095853386
2018-02-16 06:10:00,-705.095853386
2018-02-16 06:11:00,-680.672144986
2018-02-16 06:12:00,-680.672144986
2018-02-16 06:13:00,-680.672144986
2018-02-16 06:14:00,-717.307707586
2018-02-16 06:15:00,-717.307707586
2018-02-16 06:16:00,-717.307707586
2018-02-16 06:17:00,-705.095853386
2018-02-16 06:18:00,-692.883999186
2018-02-16 06:19:00,-644.036582386
2018-02-16 06:20:00,-668.460290786
2018-02-16 06:21:00,-668.460290786
2018-02-16 06:22:00,-668.460290786
2018-02-16 06:23:00,-705.095853386
2018-02-16 06:24:00,-705.095853386
2018-02-16 06:25:00,-705.095853386
2018-02-16 06:26:00,-705.095853386
2018-02-16 06:27:00,-705.095853386
2018-02-16 06:28:00,-705.095853386
2018-02-16 06:29:00,-705.095853386
2018-02-16 06:30:00,-705.095853386
2018-02-16 06:31:00,-705.095853386
2018-02-16 06:32:00,-705.095853386
2018-02-16 06:33:00,-705.095853386
2018-02-16 06:34:00,-705.095853386
2018-02-16 06:35:00,-705.095853386
2018-02-16 06:36:00,-705.095853386
2018-02-16 06:37:00,-705.095853386
2018-02-16 06:38:00,-705.095853386
2018-02-16 06:39:00,-668.460290786
2018-02-16 06:40:00,-644.036582386
2018-02-16 06:41:00,-644.036582386
2018-02-16 06:42:00,-644.036582386
2018-02-16 06:43:00,-644.036582386
2018-02-16 06:44:00,-619.612873986
2018-02-16 06:45:00,-619.612873986
2018-02-16 06:46:00,-631.824728186
2018-02-16 06:47:00,-631.824728186
2018-02-16 06:48:00,-644.036582386
2018-02-16 06:49:00,-644.036582386
2018-02-16 06:50:00,-631.824728186
2018-02-16 06:51:00,-631.824728186
2018-02-16 06:52:00,-619.612873986
2018-02-16 06:53:00,-619.612873986
2018-02-16 06:54:00,-619.612873986
2018-02-16 06:55:00,-619.612873986
2018-02-16 06:56:00,-619.612873986
2018-02-16 06:57:00,-607.401019786
2018-02-16 06:58:00,-607.401019786
2018-02-16 06:59:00,-607.401019786
2018-02-16 07:00:00,-607.401019786
2018-02-16 07:01:00,-595.189165586
2018-02-16 07:02:00,-595.189165586
2018-02-16 07:03:00,-595.189165586
2018-02-16 07:04:00,-595.189165586
2018-02-16 07:05:00,-595.189165586
2018-02-16 07:06:00,-582.977311386
2018-02-16 07:07:00,-570.765457186
2018-02-16 07:08:00,-570.765457186
2018-02-16 07:09:00,-570.765457186
2018-02-16 07:10:00,-582.977311386
2018-02-16 07:11:00,-582.977311386
2018-02-16 07:12:00,-570.765457186
2018-02-16 07:13:00,-570.765457186
2018-02-16 07:14:00,-570.765457186
2018-02-16 07:15:00,-582.977311386
2018-02-16 07:16:00,-595.189165586
2018-02-16 07:17:00,-595.189165586
2018-02-16 07:18:00,-595.189165586
2018-02-16 07:19:00,-607.401019786
2018-02-16 07:20:00,-595.189165586
2018-02-16 07:21:00,-595.189165586
2018-02-16 07:22:00,-595.189165586
2018-02-16 07:23:00,-607.401019786
2018-02-16 07:24:00,-619.612873986
2018-02-16 07:25:00,-619.612873986
2018-02-16 07:26:00,-607.401019786
2018-02-16 07:27:00,-607.401019786
2018-02-16 07:28:00,-607.401019786
2018-02-16 07:29:00,-619.612873986
2018-02-16 07:30:00,-631.824728186
2018-02-16 07:31:00,-619.612873986
2018-02-16 07:32:00,-619.612873986
2018-02-16 07:33:00,-619.612873986
2018-02-16 07:34:00,-631.824728186
2018-02-16 07:35:00,-631.824728186
2018-02-16 07:36:00,-619.612873986
2018-02-16 07:37:00,-607.401019786
2018-02-16 07:38:00,-607.401019786
2018-02-16 07:39:00,-607.401019786
2018-02-16 07:40:00,-607.401019786
2018-02-16 07:41:00,-607.401019786
2018-02-16 07:42:00,-607.401019786
2018-02-16 07:43:00,-607.401019786
2018-02-16 07:44:00,-607.401019786
2018-02-16 07:45:00,-607.401019786
2018-02-16 07:46:00,-595.189165586
2018-02-16 07:47:00,-595.189165586
2018-02-16 07:48:00,-595.189165586
2018-02-16 07:49:00,-582.977311386
2018-02-16 07:50:00,-582.977311386
2018-02-16 07:51:00,-521.918040386
2018-02-16 07:52:00,-546.341748786
2018-02-16 07:53:00,-521.918040386
2018-02-16 07:54:00,-521.918040386
2018-02-16 07:55:00,-509.706186186
2018-02-16 07:56:00,-497.494331986
2018-02-16 07:57:00,-509.706186186
2018-02-16 07:58:00,-521.918040386
2018-02-16 07:59:00,-521.918040386
2018-02-16 08:00:00,-509.706186186
2018-02-16 08:01:00,-521.918040386
2018-02-16 08:02:00,-497.494331986
2018-02-16 08:03:00,-497.494331986
2018-02-16 08:04:00,-497.494331986
2018-02-16 08:05:00,-473.070623586
2018-02-16 08:06:00,-485.282477786
2018-02-16 08:07:00,-509.706186186
2018-02-16 08:08:00,-521.918040386
2018-02-16 08:09:00,-521.918040386
2018-02-16 08:10:00,-521.918040386
2018-02-16 08:11:00,-521.918040386
2018-02-16 08:12:00,-534.129894586
2018-02-16 08:13:00,-546.341748786
2018-02-16 08:14:00,-546.341748786
2018-02-16 08:15:00,-546.341748786
2018-02-16 08:16:00,-509.706186186
2018-02-16 08:17:00,-509.706186186
2018-02-16 08:18:00,-509.706186186
2018-02-16 08:19:00,-509.706186186
2018-02-16 08:20:00,-521.918040386
2018-02-16 08:21:00,-436.435060986
2018-02-16 08:22:00,-436.435060986
2018-02-16 08:23:00,-473.070623586
2018-02-16 08:24:00,-497.494331986
2018-02-16 08:25:00,-485.282477786
2018-02-16 08:26:00,-460.858769386
2018-02-16 08:27:00,-460.858769386
2018-02-16 08:28:00,-460.858769386
2018-02-16 08:29:00,-460.858769386
2018-02-16 08:30:00,-460.858769386
2018-02-16 08:31:00,-473.070623586
2018-02-16 08:32:00,-485.282477786
2018-02-16 08:33:00,-485.282477786
2018-02-16 08:34:00,-485.282477786
2018-02-16 08:35:00,-509.706186186
2018-02-16 08:36:00,-509.706186186
2018-02-16 08:37:00,-509.706186186
2018-02-16 08:38:00,-497.494331986
2018-02-16 08:39:00,-485.282477786
2018-02-16 08:40:00,-485.282477786
2018-02-16 08:41:00,-473.070623586
2018-02-16 08:42:00,-473.070623586
2018-02-16 08:43:00,-473.070623586
2018-02-16 08:44:00,-485.282477786
2018-02-16 08:45:00,-485.282477786
2018-02-16 08:46:00,-448.646915186
2018-02-16 08:47:00,-448.646915186
2018-02-16 08:48:00,-473.070623586
2018-02-16 08:49:00,-473.070623586
2018-02-16 08:50:00,-473.070623586
2018-02-16 08:51:00,-473.070623586
2018-02-16 08:52:00,-436.435060986
2018-02-16 08:53:00,-460.858769386
2018-02-16 08:54:00,-473.070623586
2018-02-16 08:55:00,-473.070623586
2018-02-16 08:56:00,-473.070623586
2018-02-16 08:57:00,-473.070623586
2018-02-16 08:58:00,-448.646915186
2018-02-16 08:59:00,-460.858769386
2018-02-16 09:00:00,-460.858769386
2018-02-16 09:01:00,-460.858769386
2018-02-16 09:02:00,-460.858769386
2018-02-16 09:03:00,-460.858769386
2018-02-16 09:04:00,-460.858769386
2018-02-16 09:05:00,-460.858769386
2018-02-16 09:06:00,-460.858769386
2018-02-16 09:07:00,-460.858769386
2018-02-16 09:08:00,-460.858769386
2018-02-16 09:09:00,-460.858769386
2018-02-16 09:10:00,-448.646915186
2018-02-16 09:11:00,-436.435060986
2018-02-16 09:12:00,-424.223206786
2018-02-16 09:13:00,-424.223206786
2018-02-16 09:14:00,-436.435060986
2018-02-16 09:15:00,-448.646915186
2018-02-16 09:16:00,-448.646915186
2018-02-16 09:17:00,-436.435060986
2018-02-16 09:18:00,-436.435060986
2018-02-16 09:19:00,-436.435060986
2018-02-16 09:20:00,-436.435060986
2018-02-16 09:21:00,-436.435060986
2018-02-16 09:22:00,-436.435060986
2018-02-16 09:23:00,-460.858769386
2018-02-16 09:24:00,-460.858769386
2018-02-16 09:25:00,-460.858769386
2018-02-16 09:26:00,-460.858769386
2018-02-16 09:27:00,-460.858769386
2018-02-16 09:28:00,-460.858769386
2018-02-16 09:29:00,-448.646915186
2018-02-16 09:30:00,-424.223206786
2018-02-16 09:31:00,-436.435060986
2018-02-16 09:32:00,-436.435060986
2018-02-16 09:33:00,-436.435060986
2018-02-16 09:34:00,-436.435060986
2018-02-16 09:35:00,-436.435060986
2018-02-16 09:36:00,-436.435060986
2018-02-16 09:37:00,-460.858769386
2018-02-16 09:38:00,-424.223206786
2018-02-16 09:39:00,-424.223206786
2018-02-16 09:40:00,-436.435060986
2018-02-16 09:41:00,-436.435060986
2018-02-16 09:42:00,-424.223206786
2018-02-16 09:43:00,-448.646915186
2018-02-16 09:44:00,-448.646915186
2018-02-16 09:45:00,-448.646915186
2018-02-16 09:46:00,-448.646915186
2018-02-16 09:47:00,-448.646915186
2018-02-16 09:48:00,-448.646915186
2018-02-16 09:49:00,-448.646915186
2018-02-16 09:50:00,-448.646915186
2018-02-16 09:51:00,-448.646915186
2018-02-16 09:52:00,-448.646915186
2018-02-16 09:53:00,-448.646915186
2018-02-16 09:54:00,-448.646915186
2018-02-16 09:55:00,-485.282477786
2018-02-16 09:56:00,-460.858769386
2018-02-16 09:57:00,-460.858769386
2018-02-16 09:58:00,-460.858769386
2018-02-16 09:59:00,-460.858769386
2018-02-16 10:00:00,-460.858769386
2018-02-16 10:01:00,-460.858769386
2018-02-16 10:02:00,-485.282477786
2018-02-16 10:03:00,-485.282477786
2018-02-16 10:04:00,-485.282477786
2018-02-16 10:05:00,-485.282477786
2018-02-16 10:06:00,-485.282477786
2018-02-16 10:07:00,-509.706186186
2018-02-16 10:08:00,-521.918040386
2018-02-16 10:09:00,-521.918040386
2018-02-16 10:10:00,-521.918040386
2018-02-16 10:11:00,-521.918040386
2018-02-16 10:12:00,-521.918040386
2018-02-16 10:13:00,-521.918040386
2018-02-16 10:14:00,-521.918040386
2018-02-16 10:15:00,-521.918040386
2018-02-16 10:16:00,-521.918040386
2018-02-16 10:17:00,-497.494331986
2018-02-16 10:18:00,-485.282477786
2018-02-16 10:19:00,-509.706186186
2018-02-16 10:20:00,-509.706186186
2018-02-16 10:21:00,-485.282477786
2018-02-16 10:22:00,-485.282477786
2018-02-16 10:23:00,-485.282477786
2018-02-16 10:24:00,-485.282477786
2018-02-16 10:25:00,-485.282477786
2018-02-16 10:26:00,-485.282477786
2018-02-16 10:27:00,-485.282477786
2018-02-16 10:28:00,-473.070623586
2018-02-16 10:29:00,-473.070623586
2018-02-16 10:30:00,-448.646915186
2018-02-16 10:31:00,-473.070623586
2018-02-16 10:32:00,-473.070623586
2018-02-16 10:33:00,-473.070623586
2018-02-16 10:34:00,-485.282477786
2018-02-16 10:35:00,-485.282477786
2018-02-16 10:36:00,-485.282477786
2018-02-16 10:37:00,-485.282477786
2018-02-16 10:38:00,-485.282477786
2018-02-16 10:39:00,-485.282477786
2018-02-16 10:40:00,-485.282477786
2018-02-16 10:41:00,-497.494331986
2018-02-16 10:42:00,-497.494331986
2018-02-16 10:43:00,-509.706186186
2018-02-16 10:44:00,-509.706186186
2018-02-16 10:45:00,-509.706186186
2018-02-16 10:46:00,-509.706186186
2018-02-16 10:47:00,-509.706186186
2018-02-16 10:48:00,-497.494331986
2018-02-16 10:49:00,-497.494331986
2018-02-16 10:50:00,-509.706186186
2018-02-16 10:51:00,-509.706186186
2018-02-16 10:52:00,-509.706186186
2018-02-16 10:53:00,-497.494331986
2018-02-16 10:54:00,-509.706186186
2018-02-16 10:55:00,-509.706186186
2018-02-16 10:56:00,-534.129894586
2018-02-16 10:57:00,-534.129894586
2018-02-16 10:58:00,-534.129894586
2018-02-16 10:59:00,-534.129894586
2018-02-16 11:00:00,-521.918040386
2018-02-16 11:01:00,-521.918040386
2018-02-16 11:02:00,-521.918040386
2018-02-16 11:03:00,-521.918040386
2018-02-16 11:04:00,-521.918040386
2018-02-16 11:05:00,-509.706186186
2018-02-16 11:06:00,-509.706186186
2018-02-16 11:07:00,-509.706186186
2018-02-16 11:08:00,-509.706186186
2018-02-16 11:09:00,-509.706186186
2018-02-16 11:10:00,-509.706186186
2018-02-16 11:11:00,-509.706186186
2018-02-16 11:12:00,-509.706186186
2018-02-16 11:13:00,-509.706186186
2018-02-16 11:14:00,-509.706186186
2018-02-16 11:15:00,-509.706186186
2018-02-16 11:16:00,-521.918040386
2018-02-16 11:17:00,-521.918040386
2018-02-16 11:18:00,-521.918040386
2018-02-16 11:19:00,-521.918040386
2018-02-16 11:20:00,-521.918040386
2018-02-16 11:21:00,-521.918040386
2018-02-16 11:22:00,-521.918040386
2018-02-16 11:23:00,-509.706186186
2018-02-16 11:24:00,-521.918040386
2018-02-16 11:25:00,-521.918040386
2018-02-16 11:26:00,-521.918040386
2018-02-16 11:27:00,-521.918040386
2018-02-16 11:28:00,-509.706186186
2018-02-16 11:29:00,-509.706186186
2018-02-16 11:30:00,-509.706186186
2018-02-16 11:31:00,-546.341748786
2018-02-16 11:32:00,-534.129894586
2018-02-16 11:33:00,-534.129894586
2018-02-16 11:34:00,-534.129894586
2018-02-16 11:35:00,-534.129894586
2018-02-16 11:36:00,-534.129894586
2018-02-16 11:37:00,-534.129894586
2018-02-16 11:38:00,-534.129894586
2018-02-16 11:39:00,-534.129894586
2018-02-16 11:40:00,-534.129894586
2018-02-16 11:41:00,-534.129894586
2018-02-16 11:42:00,-534.129894586
2018-02-16 11:43:00,-534.129894586
2018-02-16 11:44:00,-534.129894586
2018-02-16 11:45:00,-534.129894586
2018-02-16 11:46:00,-534.129894586
2018-02-16 11:47:00,-534.129894586
2018-02-16 11:48:00,-509.706186186
2018-02-16 11:49:00,-509.706186186
2018-02-16 11:50:00,-509.706186186
2018-02-16 11:51:00,-509.706186186
2018-02-16 11:52:00,-509.706186186
2018-02-16 11:53:00,-509.706186186
2018-02-16 11:54:00,-509.706186186
2018-02-16 11:55:00,-509.706186186
2018-02-16 11:56:00,-509.706186186
2018-02-16 11:57:00,-509.706186186
2018-02-16 11:58:00,-509.706186186
2018-02-16 11:59:00,-509.706186186
2018-02-19 01:32:00,-590.878024046
2018-02-19 01:33:00,-590.878024046
2018-02-19 01:34:00,-590.878024046
2018-02-19 01:35:00,-590.878024046
2018-02-19 01:36:00,-590.878024046
2018-02-19 01:37:00,-590.878024046
2018-02-19 01:38:00,-605.064989321
2018-02-19 01:39:00,-605.064989321
2018-02-19 01:40:00,-605.064989321
2018-02-19 01:41:00,-605.064989321
2018-02-19 01:42:00,-605.064989321
2018-02-19 01:43:00,-562.504093496
2018-02-19 01:44:00,-562.504093496
2018-02-19 01:45:00,-576.691058771
2018-02-19 01:46:00,-576.691058771
2018-02-19 01:47:00,-576.691058771
2018-02-19 01:48:00,-576.691058771
2018-02-19 01:49:00,-590.878024046
2018-02-19 01:50:00,-590.878024046
2018-02-19 01:51:00,-590.878024046
2018-02-19 01:52:00,-605.064989321
2018-02-19 01:53:00,-590.878024046
2018-02-19 01:54:00,-590.878024046
2018-02-19 01:55:00,-605.064989321
2018-02-19 01:56:00,-605.064989321
2018-02-19 01:57:00,-605.064989321
2018-02-19 01:58:00,-605.064989321
2018-02-19 01:59:00,-605.064989321
2018-02-19 02:00:00,-619.251954596
2018-02-19 02:01:00,-633.438919871
2018-02-19 02:02:00,-619.251954596
2018-02-19 02:03:00,-633.438919871
2018-02-19 02:04:00,-619.251954596
2018-02-19 02:05:00,-633.438919871
2018-02-19 02:06:00,-619.251954596
2018-02-19 02:07:00,-619.251954596
2018-02-19 02:08:00,-619.251954596
2018-02-19 02:09:00,-633.438919871
2018-02-19 02:10:00,-633.438919871
2018-02-19 02:11:00,-633.438919871
2018-02-19 02:12:00,-633.438919871
2018-02-19 02:13:00,-633.438919871
2018-02-19 02:14:00,-633.438919871
2018-02-19 02:15:00,-633.438919871
2018-02-19 02:16:00,-619.251954596
2018-02-19 02:17:00,-605.064989321
2018-02-19 02:18:00,-619.251954596
2018-02-19 02:19:00,-619.251954596
2018-02-19 02:20:00,-619.251954596
2018-02-19 02:21:00,-619.251954596
2018-02-19 02:22:00,-619.251954596
2018-02-19 02:23:00,-619.251954596
2018-02-19 02:24:00,-619.251954596
2018-02-19 02:25:00,-619.251954596
2018-02-19 02:26:00,-619.251954596
2018-02-19 02:27:00,-619.251954596
2018-02-19 02:28:00,-619.251954596
2018-02-19 02:29:00,-619.251954596
2018-02-19 02:30:00,-605.064989321
2018-02-19 02:31:00,-605.064989321
2018-02-19 02:32:00,-605.064989321
2018-02-19 02:33:00,-605.064989321
2018-02-19 02:34:00,-605.064989321
2018-02-19 02:35:00,-605.064989321
2018-02-19 02:36:00,-605.064989321
2018-02-19 02:37:00,-605.064989321
2018-02-19 02:38:00,-605.064989321
2018-02-19 02:39:00,-576.691058771
2018-02-19 02:40:00,-590.878024046
2018-02-19 02:41:00,-590.878024046
2018-02-19 02:42:00,-590.878024046
2018-02-19 02:43:00,-590.878024046
2018-02-19 02:44:00,-590.878024046
2018-02-19 02:45:00,-590.878024046
2018-02-19 02:46:00,-576.691058771
2018-02-19 02:47:00,-576.691058771
2018-02-19 02:48:00,-576.691058771
2018-02-19 02:49:00,-576.691058771
2018-02-19 02:50:00,-576.691058771
2018-02-19 02:51:00,-576.691058771
2018-02-19 02:52:00,-576.691058771
2018-02-19 02:53:00,-576.691058771
2018-02-19 02:54:00,-576.691058771
2018-02-19 02:55:00,-619.251954596
2018-02-19 02:56:00,-619.251954596
2018-02-19 02:57:00,-619.251954596
2018-02-19 02:58:00,-605.064989321
2018-02-19 02:59:00,-605.064989321
2018-02-19 03:00:00,-619.251954596
2018-02-19 03:01:00,-619.251954596
2018-02-19 03:02:00,-633.438919871
2018-02-19 03:03:00,-633.438919871
2018-02-19 03:04:00,-633.438919871
2018-02-19 03:05:00,-633.438919871
2018-02-19 03:06:00,-647.625885146
2018-02-19 03:07:00,-633.438919871
2018-02-19 03:08:00,-633.438919871
2018-02-19 03:09:00,-633.438919871
2018-02-19 03:10:00,-647.625885146
2018-02-19 03:11:00,-647.625885146
2018-02-19 03:12:00,-633.438919871
2018-02-19 03:13:00,-633.438919871
2018-02-19 03:14:00,-633.438919871
2018-02-19 03:15:00,-633.438919871
2018-02-19 03:16:00,-633.438919871
2018-02-19 03:17:00,-633.438919871
2018-02-19 03:18:00,-633.438919871
2018-02-19 03:19:00,-633.438919871
2018-02-19 03:20:00,-633.438919871
2018-02-19 03:21:00,-633.438919871
2018-02-19 03:22:00,-633.438919871
2018-02-19 03:23:00,-647.625885146
2018-02-19 03:24:00,-647.625885146
2018-02-19 03:25:00,-647.625885146
2018-02-19 03:26:00,-647.625885146
2018-02-19 03:27:00,-675.999815696
2018-02-19 03:28:00,-661.812850421
2018-02-19 03:29:00,-633.438919871
2018-02-19 03:30:00,-647.625885146
2018-02-19 03:31:00,-661.812850421
2018-02-19 03:32:00,-661.812850421
2018-02-19 03:33:00,-661.812850421
2018-02-19 03:34:00,-661.812850421
2018-02-19 03:35:00,-661.812850421
2018-02-19 03:36:00,-647.625885146
2018-02-19 03:37:00,-647.625885146
2018-02-19 03:38:00,-675.999815696
2018-02-19 03:39:00,-661.812850421
2018-02-19 03:40:00,-675.999815696
2018-02-19 03:41:00,-690.186780971
2018-02-19 03:42:00,-718.560711521
2018-02-19 03:43:00,-704.373746246
2018-02-19 03:44:00,-704.373746246
2018-02-19 03:45:00,-704.373746246
2018-02-19 03:46:00,-718.560711521
2018-02-19 03:47:00,-718.560711521
2018-02-19 03:48:00,-718.560711521
2018-02-19 03:49:00,-718.560711521
2018-02-19 03:50:00,-718.560711521
2018-02-19 03:51:00,-718.560711521
2018-02-19 03:52:00,-718.560711521
2018-02-19 03:53:00,-718.560711521
2018-02-19 03:54:00,-718.560711521
2018-02-19 03:55:00,-718.560711521
2018-02-19 03:56:00,-718.560711521
2018-02-19 03:57:00,-718.560711521
2018-02-19 03:58:00,-690.186780971
2018-02-19 03:59:00,-690.186780971
2018-02-19 04:00:00,-690.186780971
2018-02-19 04:01:00,-690.186780971
2018-02-19 04:02:00,-690.186780971
2018-02-19 04:03:00,-690.186780971
2018-02-19 04:04:00,-690.186780971
2018-02-19 04:05:00,-690.186780971
2018-02-19 04:06:00,-690.186780971
2018-02-19 04:07:00,-690.186780971
2018-02-19 04:08:00,-690.186780971
2018-02-19 04:09:00,-690.186780971
2018-02-19 04:10:00,-718.560711521
2018-02-19 04:11:00,-704.373746246
2018-02-19 04:12:00,-704.373746246
2018-02-19 04:13:00,-718.560711521
2018-02-19 04:14:00,-718.560711521
2018-02-19 04:15:00,-718.560711521
2018-02-19 04:16:00,-704.373746246
2018-02-19 04:17:00,-704.373746246
2018-02-19 04:18:00,-704.373746246
2018-02-19 04:19:00,-704.373746246
2018-02-19 04:20:00,-704.373746246
2018-02-19 04:21:00,-704.373746246
2018-02-19 04:22:00,-704.373746246
2018-02-19 04:23:00,-704.373746246
2018-02-19 04:24:00,-704.373746246
2018-02-19 04:25:00,-704.373746246
2018-02-19 04:26:00,-704.373746246
2018-02-19 04:27:00,-704.373746246
2018-02-19 04:28:00,-704.373746246
2018-02-19 04:29:00,-690.186780971
2018-02-19 04:30:00,-690.186780971
2018-02-19 04:31:00,-690.186780971
2018-02-19 04:32:00,-690.186780971
2018-02-19 04:33:00,-704.373746246
2018-02-19 04:34:00,-704.373746246
2018-02-19 04:35:00,-704.373746246
2018-02-19 04:36:00,-690.186780971
2018-02-19 04:37:00,-704.373746246
2018-02-19 04:38:00,-704.373746246
2018-02-19 04:39:00,-704.373746246
2018-02-19 04:40:00,-690.186780971
2018-02-19 04:41:00,-690.186780971
2018-02-19 04:42:00,-690.186780971
2018-02-19 04:43:00,-690.186780971
2018-02-19 04:44:00,-690.186780971
2018-02-19 04:45:00,-704.373746246
2018-02-19 04:46:00,-704.373746246
2018-02-19 04:47:00,-704.373746246
2018-02-19 04:48:00,-704.373746246
2018-02-19 04:49:00,-704.373746246
2018-02-19 04:50:00,-718.560711521
2018-02-19 04:51:00,-718.560711521
2018-02-19 04:52:00,-718.560711521
2018-02-19 04:53:00,-718.560711521
2018-02-19 04:54:00,-718.560711521
2018-02-19 04:55:00,-718.560711521
2018-02-19 04:56:00,-718.560711521
2018-02-19 04:57:00,-718.560711521
2018-02-19 04:58:00,-718.560711521
2018-02-19 04:59:00,-718.560711521
2018-02-19 05:00:00,-718.560711521
2018-02-19 05:01:00,-718.560711521
2018-02-19 05:02:00,-718.560711521
2018-02-19 05:03:00,-718.560711521
2018-02-19 05:04:00,-718.560711521
2018-02-19 05:05:00,-718.560711521
2018-02-19 05:06:00,-718.560711521
2018-02-19 05:07:00,-718.560711521
2018-02-19 05:08:00,-718.560711521
2018-02-19 05:09:00,-718.560711521
2018-02-19 05:10:00,-718.560711521
2018-02-19 05:11:00,-718.560711521
2018-02-19 05:12:00,-718.560711521
2018-02-19 05:13:00,-718.560711521
2018-02-19 05:14:00,-718.560711521
2018-02-19 05:15:00,-718.560711521
2018-02-19 05:16:00,-718.560711521
2018-02-19 05:17:00,-718.560711521
2018-02-19 05:18:00,-718.560711521
2018-02-19 05:19:00,-718.560711521
2018-02-19 05:20:00,-718.560711521
2018-02-19 05:21:00,-718.560711521
2018-02-19 05:22:00,-718.560711521
2018-02-19 05:23:00,-718.560711521
2018-02-19 05:24:00,-718.560711521
2018-02-19 05:25:00,-718.560711521
2018-02-19 05:26:00,-718.560711521
2018-02-19 05:27:00,-718.560711521
2018-02-19 05:28:00,-718.560711521
2018-02-19 05:29:00,-718.560711521
2018-02-19 05:30:00,-718.560711521
2018-02-19 05:31:00,-718.560711521
2018-02-19 05:32:00,-718.560711521
2018-02-19 05:33:00,-718.560711521
2018-02-19 05:34:00,-690.186780971
2018-02-19 05:35:00,-690.186780971
2018-02-19 05:36:00,-690.186780971
2018-02-19 05:37:00,-690.186780971
2018-02-19 05:38:00,-690.186780971
2018-02-19 05:39:00,-690.186780971
2018-02-19 05:40:00,-690.186780971
2018-02-19 05:41:00,-704.373746246
2018-02-19 05:42:00,-704.373746246
2018-02-19 05:43:00,-704.373746246
2018-02-19 05:44:00,-675.999815696
2018-02-19 05:45:00,-675.999815696
2018-02-19 05:46:00,-690.186780971
2018-02-19 05:47:00,-690.186780971
2018-02-19 05:48:00,-690.186780971
2018-02-19 05:49:00,-690.186780971
2018-02-19 05:50:00,-690.186780971
2018-02-19 05:51:00,-661.812850421
2018-02-19 05:52:00,-661.812850421
2018-02-19 05:53:00,-661.812850421
2018-02-19 05:54:00,-661.812850421
2018-02-19 05:55:00,-690.186780971
2018-02-19 05:56:00,-690.186780971
2018-02-19 05:57:00,-690.186780971
2018-02-19 05:58:00,-675.999815696
2018-02-19 05:59:00,-675.999815696
2018-02-19 06:00:00,-675.999815696
2018-02-19 06:01:00,-675.999815696
2018-02-19 06:02:00,-690.186780971
2018-02-19 06:03:00,-690.186780971
2018-02-19 06:04:00,-704.373746246
2018-02-19 06:05:00,-704.373746246
2018-02-19 06:06:00,-704.373746246
2018-02-19 06:07:00,-690.186780971
2018-02-19 06:08:00,-704.373746246
2018-02-19 06:09:00,-704.373746246
2018-02-19 06:10:00,-718.560711521
2018-02-19 06:11:00,-718.560711521
2018-02-19 06:12:00,-704.373746246
2018-02-19 06:13:00,-704.373746246
2018-02-19 06:14:00,-704.373746246
2018-02-19 06:15:00,-704.373746246
2018-02-19 06:16:00,-704.373746246
2018-02-19 06:17:00,-704.373746246
2018-02-19 06:18:00,-704.373746246
2018-02-19 06:19:00,-718.560711521
2018-02-19 06:20:00,-718.560711521
2018-02-19 06:21:00,-718.560711521
2018-02-19 06:22:00,-718.560711521
2018-02-19 06:23:00,-718.560711521
2018-02-19 06:24:00,-732.747676796
2018-02-19 06:25:00,-718.560711521
2018-02-19 06:26:00,-718.560711521
2018-02-19 06:27:00,-718.560711521
2018-02-19 06:28:00,-718.560711521
2018-02-19 06:29:00,-718.560711521
2018-02-19 06:30:00,-718.560711521
2018-02-19 06:31:00,-718.560711521
2018-02-19 06:32:00,-718.560711521
2018-02-19 06:33:00,-718.560711521
2018-02-19 06:34:00,-718.560711521
2018-02-19 06:35:00,-718.560711521
2018-02-19 06:36:00,-718.560711521
2018-02-19 06:37:00,-732.747676796
2018-02-19 06:38:00,-732.747676796
2018-02-19 06:39:00,-732.747676796
2018-02-19 06:40:00,-732.747676796
2018-02-19 06:41:00,-732.747676796
2018-02-19 06:42:00,-732.747676796
2018-02-19 06:43:00,-732.747676796
2018-02-19 06:44:00,-732.747676796
2018-02-19 06:45:00,-732.747676796
2018-02-19 06:46:00,-675.999815696
2018-02-19 06:47:00,-675.999815696
2018-02-19 06:48:00,-661.812850421
2018-02-19 06:49:00,-661.812850421
2018-02-19 06:50:00,-661.812850421
2018-02-19 06:51:00,-661.812850421
2018-02-19 06:52:00,-661.812850421
2018-02-19 06:53:00,-661.812850421
2018-02-19 06:54:00,-661.812850421
2018-02-19 06:55:00,-661.812850421
2018-02-19 06:56:00,-661.812850421
2018-02-19 06:57:00,-661.812850421
2018-02-19 06:58:00,-661.812850421
2018-02-19 06:59:00,-661.812850421
2018-02-19 07:00:00,-690.186780971
2018-02-19 07:01:00,-704.373746246
2018-02-19 07:02:00,-718.560711521
2018-02-19 07:03:00,-718.560711521
2018-02-19 07:04:00,-718.560711521
2018-02-19 07:05:00,-718.560711521
2018-02-19 07:06:00,-718.560711521
2018-02-19 07:07:00,-732.747676796
2018-02-19 07:08:00,-732.747676796
2018-02-19 07:09:00,-718.560711521
2018-02-19 07:10:00,-718.560711521
2018-02-19 07:11:00,-718.560711521
2018-02-19 07:12:00,-718.560711521
2018-02-19 07:13:00,-718.560711521
2018-02-19 07:14:00,-718.560711521
2018-02-19 07:15:00,-718.560711521
2018-02-19 07:16:00,-718.560711521
2018-02-19 07:17:00,-718.560711521
2018-02-19 07:18:00,-718.560711521
2018-02-19 07:19:00,-718.560711521
2018-02-19 07:20:00,-718.560711521
2018-02-19 07:21:00,-718.560711521
2018-02-19 07:22:00,-718.560711521
2018-02-19 07:23:00,-732.747676796
2018-02-19 07:24:00,-732.747676796
2018-02-19 07:25:00,-732.747676796
2018-02-19 07:26:00,-732.747676796
2018-02-19 07:27:00,-732.747676796
2018-02-19 07:28:00,-718.560711521
2018-02-19 07:29:00,-718.560711521
2018-02-19 07:30:00,-718.560711521
2018-02-19 07:31:00,-732.747676796
2018-02-19 07:32:00,-732.747676796
2018-02-19 07:33:00,-732.747676796
2018-02-19 07:34:00,-732.747676796
2018-02-19 07:35:00,-732.747676796
2018-02-19 07:36:00,-732.747676796
2018-02-19 07:37:00,-732.747676796
2018-02-19 07:38:00,-732.747676796
2018-02-19 07:39:00,-732.747676796
2018-02-19 07:40:00,-732.747676796
2018-02-19 07:41:00,-732.747676796
2018-02-19 07:42:00,-732.747676796
2018-02-19 07:43:00,-732.747676796
2018-02-19 07:44:00,-718.560711521
2018-02-19 07:45:00,-718.560711521
2018-02-19 07:46:00,-718.560711521
2018-02-19 07:47:00,-718.560711521
2018-02-19 07:48:00,-718.560711521
2018-02-19 07:49:00,-718.560711521
2018-02-19 07:50:00,-718.560711521
2018-02-19 07:51:00,-718.560711521
2018-02-19 07:52:00,-718.560711521
2018-02-19 07:53:00,-718.560711521
2018-02-19 07:54:00,-690.186780971
2018-02-19 07:55:00,-690.186780971
2018-02-19 07:56:00,-690.186780971
2018-02-19 07:57:00,-704.373746246
2018-02-19 07:58:00,-704.373746246
2018-02-19 07:59:00,-704.373746246
2018-02-19 08:00:00,-704.373746246
2018-02-19 08:01:00,-704.373746246
2018-02-19 08:02:00,-704.373746246
2018-02-19 08:03:00,-718.560711521
2018-02-19 08:04:00,-718.560711521
2018-02-19 08:05:00,-704.373746246
2018-02-19 08:06:00,-704.373746246
2018-02-19 08:07:00,-704.373746246
2018-02-19 08:08:00,-704.373746246
2018-02-19 08:09:00,-704.373746246
2018-02-19 08:10:00,-704.373746246
2018-02-19 08:11:00,-704.373746246
2018-02-19 08:12:00,-704.373746246
2018-02-19 08:13:00,-704.373746246
2018-02-19 08:14:00,-704.373746246
2018-02-19 08:15:00,-704.373746246
2018-02-19 08:16:00,-718.560711521
2018-02-19 08:17:00,-718.560711521
2018-02-19 08:18:00,-746.934642071
2018-02-19 08:19:00,-746.934642071
2018-02-19 08:20:00,-746.934642071
2018-02-19 08:21:00,-746.934642071
2018-02-19 08:22:00,-746.934642071
2018-02-19 08:23:00,-732.747676796
2018-02-19 08:24:00,-732.747676796
2018-02-19 08:25:00,-732.747676796
2018-02-19 08:26:00,-732.747676796
2018-02-19 08:27:00,-732.747676796
2018-02-19 08:28:00,-732.747676796
2018-02-19 08:29:00,-732.747676796
2018-02-19 08:30:00,-718.560711521
2018-02-19 08:31:00,-732.747676796
2018-02-19 08:32:00,-732.747676796
2018-02-19 08:33:00,-718.560711521
2018-02-19 08:34:00,-732.747676796
2018-02-19 08:35:00,-718.560711521
2018-02-19 08:36:00,-718.560711521
2018-02-19 08:37:00,-732.747676796
2018-02-19 08:38:00,-732.747676796
2018-02-19 08:39:00,-732.747676796
2018-02-19 08:40:00,-732.747676796
2018-02-19 08:41:00,-732.747676796
2018-02-19 08:42:00,-732.747676796
2018-02-19 08:43:00,-732.747676796
2018-02-19 08:44:00,-732.747676796
2018-02-19 08:45:00,-732.747676796
2018-02-19 08:46:00,-732.747676796
2018-02-19 08:47:00,-732.747676796
2018-02-19 08:48:00,-732.747676796
2018-02-19 08:49:00,-732.747676796
2018-02-19 08:50:00,-732.747676796
2018-02-19 08:51:00,-718.560711521
2018-02-19 08:52:00,-732.747676796
2018-02-19 08:53:00,-732.747676796
2018-02-19 08:54:00,-732.747676796
2018-02-19 08:55:00,-732.747676796
2018-02-19 08:56:00,-732.747676796
2018-02-19 08:57:00,-732.747676796
2018-02-19 08:58:00,-732.747676796
2018-02-19 08:59:00,-732.747676796
2018-02-19 09:00:00,-732.747676796
2018-02-19 09:01:00,-732.747676796
2018-02-19 09:02:00,-732.747676796
2018-02-19 09:03:00,-690.186780971
2018-02-19 09:04:00,-675.999815696
2018-02-19 09:05:00,-704.373746246
2018-02-19 09:06:00,-690.186780971
2018-02-19 09:07:00,-690.186780971
2018-02-19 09:08:00,-704.373746246
2018-02-19 09:09:00,-704.373746246
2018-02-19 09:10:00,-718.560711521
2018-02-19 09:11:00,-718.560711521
2018-02-19 09:12:00,-718.560711521
2018-02-19 09:13:00,-704.373746246
2018-02-19 09:14:00,-704.373746246
2018-02-19 09:15:00,-704.373746246
2018-02-19 09:16:00,-718.560711521
2018-02-19 09:17:00,-718.560711521
2018-02-19 09:18:00,-718.560711521
2018-02-19 09:19:00,-718.560711521
2018-02-19 09:20:00,-718.560711521
2018-02-19 09:21:00,-718.560711521
2018-02-19 09:22:00,-718.560711521
2018-02-19 09:23:00,-718.560711521
2018-02-19 09:24:00,-718.560711521
2018-02-19 09:25:00,-704.373746246
2018-02-19 09:26:00,-704.373746246
2018-02-19 09:27:00,-704.373746246
2018-02-19 09:28:00,-690.186780971
2018-02-19 09:29:00,-704.373746246
2018-02-19 09:30:00,-704.373746246
2018-02-19 09:31:00,-704.373746246
2018-02-19 09:32:00,-690.186780971
2018-02-19 09:33:00,-690.186780971
2018-02-19 09:34:00,-690.186780971
2018-02-19 09:35:00,-690.186780971
2018-02-19 09:36:00,-690.186780971
2018-02-19 09:37:00,-690.186780971
2018-02-19 09:38:00,-690.186780971
2018-02-19 09:39:00,-690.186780971
2018-02-19 09:40:00,-690.186780971
2018-02-19 09:41:00,-690.186780971
2018-02-19 09:42:00,-690.186780971
2018-02-19 09:43:00,-690.186780971
2018-02-19 09:44:00,-690.186780971
2018-02-19 09:45:00,-690.186780971
2018-02-19 09:46:00,-690.186780971
2018-02-19 09:47:00,-690.186780971
2018-02-19 09:48:00,-690.186780971
2018-02-19 09:49:00,-690.186780971
2018-02-19 09:50:00,-690.186780971
2018-02-19 09:51:00,-690.186780971
2018-02-19 09:52:00,-690.186780971
2018-02-19 09:53:00,-690.186780971
2018-02-19 09:54:00,-690.186780971
2018-02-19 09:55:00,-690.186780971
2018-02-19 09:56:00,-675.999815696
2018-02-19 09:57:00,-675.999815696
2018-02-19 09:58:00,-661.812850421
2018-02-19 09:59:00,-661.812850421
2018-02-19 10:00:00,-690.186780971
2018-02-19 10:01:00,-690.186780971
2018-02-19 10:02:00,-690.186780971
2018-02-19 10:03:00,-690.186780971
2018-02-19 10:04:00,-690.186780971
2018-02-19 10:05:00,-690.186780971
2018-02-19 10:06:00,-690.186780971
2018-02-19 10:07:00,-690.186780971
2018-02-19 10:08:00,-690.186780971
2018-02-19 10:09:00,-690.186780971
2018-02-19 10:10:00,-690.186780971
2018-02-19 10:11:00,-690.186780971
2018-02-19 10:12:00,-690.186780971
2018-02-19 10:13:00,-690.186780971
2018-02-19 10:14:00,-690.186780971
2018-02-19 10:15:00,-704.373746246
2018-02-19 10:16:00,-718.560711521
2018-02-19 10:17:00,-718.560711521
2018-02-19 10:18:00,-718.560711521
2018-02-19 10:19:00,-718.560711521
2018-02-19 10:20:00,-718.560711521
2018-02-19 10:21:00,-718.560711521
2018-02-19 10:22:00,-718.560711521
2018-02-19 10:23:00,-718.560711521
2018-02-19 10:24:00,-718.560711521
2018-02-19 10:25:00,-718.560711521
2018-02-19 10:26:00,-718.560711521
2018-02-19 10:27:00,-718.560711521
2018-02-19 10:28:00,-718.560711521
2018-02-19 10:29:00,-718.560711521
2018-02-19 10:30:00,-718.560711521
2018-02-19 10:31:00,-718.560711521
2018-02-19 10:32:00,-718.560711521
2018-02-19 10:33:00,-718.560711521
2018-02-19 10:34:00,-718.560711521
2018-02-19 10:35:00,-718.560711521
2018-02-19 10:36:00,-718.560711521
2018-02-19 10:37:00,-718.560711521
2018-02-19 10:38:00,-718.560711521
2018-02-19 10:39:00,-718.560711521
2018-02-19 10:40:00,-718.560711521
2018-02-19 10:41:00,-718.560711521
2018-02-19 10:42:00,-718.560711521
2018-02-19 10:43:00,-718.560711521
2018-02-19 10:44:00,-718.560711521
2018-02-19 10:45:00,-718.560711521
2018-02-19 10:46:00,-718.560711521
2018-02-19 10:47:00,-718.560711521
2018-02-19 10:48:00,-718.560711521
2018-02-19 10:49:00,-718.560711521
2018-02-19 10:50:00,-718.560711521
2018-02-19 10:51:00,-718.560711521
2018-02-19 10:52:00,-718.560711521
2018-02-19 10:53:00,-704.373746246
2018-02-19 10:54:00,-704.373746246
2018-02-19 10:55:00,-704.373746246
2018-02-19 10:56:00,-732.747676796
2018-02-19 10:57:00,-732.747676796
2018-02-19 10:58:00,-732.747676796
2018-02-19 10:59:00,-732.747676796
2018-02-19 11:00:00,-732.747676796
2018-02-19 11:01:00,-732.747676796
2018-02-19 11:02:00,-732.747676796
2018-02-19 11:03:00,-732.747676796
2018-02-19 11:04:00,-732.747676796
2018-02-19 11:05:00,-732.747676796
2018-02-19 11:06:00,-732.747676796
2018-02-19 11:07:00,-732.747676796
2018-02-19 11:08:00,-732.747676796
2018-02-19 11:09:00,-732.747676796
2018-02-19 11:10:00,-732.747676796
2018-02-19 11:11:00,-746.934642071
2018-02-19 11:12:00,-746.934642071
2018-02-19 11:13:00,-746.934642071
2018-02-19 11:14:00,-746.934642071
2018-02-19 11:15:00,-746.934642071
2018-02-19 11:16:00,-746.934642071
2018-02-19 11:17:00,-746.934642071
2018-02-19 11:18:00,-746.934642071
2018-02-19 11:19:00,-746.934642071
2018-02-19 11:20:00,-746.934642071
2018-02-19 11:21:00,-746.934642071
2018-02-19 11:22:00,-761.121607346
2018-02-19 11:23:00,-761.121607346
2018-02-19 11:24:00,-761.121607346
2018-02-19 11:25:00,-761.121607346
2018-02-19 11:26:00,-761.121607346
2018-02-19 11:27:00,-761.121607346
2018-02-19 11:28:00,-761.121607346
2018-02-19 11:29:00,-761.121607346
2018-02-19 11:30:00,-761.121607346
2018-02-19 11:31:00,-761.121607346
2018-02-19 11:32:00,-761.121607346
2018-02-19 11:33:00,-761.121607346
2018-02-19 11:34:00,-761.121607346
2018-02-19 11:35:00,-761.121607346
2018-02-19 11:36:00,-746.934642071
2018-02-19 11:37:00,-746.934642071
2018-02-19 11:38:00,-675.999815696
2018-02-19 11:39:00,-675.999815696
2018-02-19 11:40:00,-675.999815696
2018-02-19 11:41:00,-675.999815696
2018-02-19 11:42:00,-675.999815696
2018-02-19 11:43:00,-675.999815696
2018-02-19 11:44:00,-732.747676796
2018-02-19 11:45:00,-718.560711521
2018-02-19 11:46:00,-718.560711521
2018-02-19 11:47:00,-718.560711521
2018-02-19 11:48:00,-718.560711521
2018-02-19 11:49:00,-718.560711521
2018-02-19 11:50:00,-718.560711521
2018-02-19 11:51:00,-718.560711521
2018-02-19 11:52:00,-718.560711521
2018-02-19 11:53:00,-718.560711521
2018-02-19 11:54:00,-718.560711521
2018-02-19 11:55:00,-718.560711521
2018-02-19 11:56:00,-718.560711521
2018-02-19 11:57:00,-718.560711521
2018-02-19 11:58:00,-718.560711521
2018-02-19 11:59:00,-718.560711521
2018-02-20 01:29:00,-945.551020964
2018-02-20 01:30:00,-945.551020964
2018-02-20 01:31:00,-945.551020964
2018-02-20 01:32:00,-945.551020964
2018-02-20 01:33:00,-945.551020964
2018-02-20 01:34:00,-945.551020964
2018-02-20 01:35:00,-945.551020964
2018-02-20 01:36:00,-945.551020964
2018-02-20 01:37:00,-945.551020964
2018-02-20 01:38:00,-945.551020964
2018-02-20 01:39:00,-945.551020964
2018-02-20 01:40:00,-945.551020964
2018-02-20 01:41:00,-817.868333489
2018-02-20 01:42:00,-817.868333489
2018-02-20 01:43:00,-846.242264039
2018-02-20 01:44:00,-846.242264039
2018-02-20 01:45:00,-817.868333489
2018-02-20 01:46:00,-832.055298764
2018-02-20 01:47:00,-832.055298764
2018-02-20 01:48:00,-832.055298764
2018-02-20 01:49:00,-832.055298764
2018-02-20 01:50:00,-817.868333489
2018-02-20 01:51:00,-817.868333489
2018-02-20 01:52:00,-817.868333489
2018-02-20 01:53:00,-817.868333489
2018-02-20 01:54:00,-817.868333489
2018-02-20 01:55:00,-860.429229314
2018-02-20 01:56:00,-860.429229314
2018-02-20 01:57:00,-846.242264039
2018-02-20 01:58:00,-846.242264039
2018-02-20 01:59:00,-846.242264039
2018-02-20 02:00:00,-846.242264039
2018-02-20 02:01:00,-846.242264039
2018-02-20 02:02:00,-846.242264039
2018-02-20 02:03:00,-846.242264039
2018-02-20 02:04:00,-846.242264039
2018-02-20 02:05:00,-846.242264039
2018-02-20 02:06:00,-832.055298764
2018-02-20 02:07:00,-860.429229314
2018-02-20 02:08:00,-860.429229314
2018-02-20 02:09:00,-846.242264039
2018-02-20 02:10:00,-846.242264039
2018-02-20 02:11:00,-832.055298764
2018-02-20 02:12:00,-832.055298764
2018-02-20 02:13:00,-832.055298764
2018-02-20 02:14:00,-832.055298764
2018-02-20 02:15:00,-832.055298764
2018-02-20 02:16:00,-832.055298764
2018-02-20 02:17:00,-832.055298764
2018-02-20 02:18:00,-832.055298764
2018-02-20 02:19:00,-846.242264039
2018-02-20 02:20:00,-860.429229314
2018-02-20 02:21:00,-846.242264039
2018-02-20 02:22:00,-846.242264039
2018-02-20 02:23:00,-846.242264039
2018-02-20 02:24:00,-846.242264039
2018-02-20 02:25:00,-846.242264039
2018-02-20 02:26:00,-846.242264039
2018-02-20 02:27:00,-846.242264039
2018-02-20 02:28:00,-874.616194589
2018-02-20 02:29:00,-860.429229314
2018-02-20 02:30:00,-860.429229314
2018-02-20 02:31:00,-860.429229314
2018-02-20 02:32:00,-874.616194589
2018-02-20 02:33:00,-832.055298764
2018-02-20 02:34:00,-803.681368214
2018-02-20 02:35:00,-803.681368214
2018-02-20 02:36:00,-803.681368214
2018-02-20 02:37:00,-803.681368214
2018-02-20 02:38:00,-832.055298764
2018-02-20 02:39:00,-832.055298764
2018-02-20 02:40:00,-832.055298764
2018-02-20 02:41:00,-832.055298764
2018-02-20 02:42:00,-832.055298764
2018-02-20 02:43:00,-817.868333489
2018-02-20 02:44:00,-817.868333489
2018-02-20 02:45:00,-803.681368214
2018-02-20 02:46:00,-803.681368214
2018-02-20 02:47:00,-803.681368214
2018-02-20 02:48:00,-803.681368214
2018-02-20 02:49:00,-817.868333489
2018-02-20 02:50:00,-803.681368214
2018-02-20 02:51:00,-803.681368214
2018-02-20 02:52:00,-803.681368214
2018-02-20 02:53:00,-817.868333489
2018-02-20 02:54:00,-817.868333489
2018-02-20 02:55:00,-817.868333489
2018-02-20 02:56:00,-817.868333489
2018-02-20 02:57:00,-817.868333489
2018-02-20 02:58:00,-832.055298764
2018-02-20 02:59:00,-832.055298764
2018-02-20 03:00:00,-817.868333489
2018-02-20 03:01:00,-832.055298764
2018-02-20 03:02:00,-803.681368214
2018-02-20 03:03:00,-803.681368214
2018-02-20 03:04:00,-803.681368214
2018-02-20 03:05:00,-803.681368214
2018-02-20 03:06:00,-817.868333489
2018-02-20 03:07:00,-817.868333489
2018-02-20 03:08:00,-817.868333489
2018-02-20 03:09:00,-817.868333489
2018-02-20 03:10:00,-817.868333489
2018-02-20 03:11:00,-817.868333489
2018-02-20 03:12:00,-817.868333489
2018-02-20 03:13:00,-803.681368214
2018-02-20 03:14:00,-817.868333489
2018-02-20 03:15:00,-817.868333489
2018-02-20 03:16:00,-817.868333489
2018-02-20 03:17:00,-832.055298764
2018-02-20 03:18:00,-832.055298764
2018-02-20 03:19:00,-832.055298764
2018-02-20 03:20:00,-832.055298764
2018-02-20 03:21:00,-860.429229314
2018-02-20 03:22:00,-860.429229314
2018-02-20 03:23:00,-860.429229314
2018-02-20 03:24:00,-860.429229314
2018-02-20 03:25:00,-860.429229314
2018-02-20 03:26:00,-832.055298764
2018-02-20 03:27:00,-832.055298764
2018-02-20 03:28:00,-832.055298764
2018-02-20 03:29:00,-832.055298764
2018-02-20 03:30:00,-832.055298764
2018-02-20 03:31:00,-832.055298764
2018-02-20 03:32:00,-832.055298764
2018-02-20 03:33:00,-832.055298764
2018-02-20 03:34:00,-860.429229314
2018-02-20 03:35:00,-860.429229314
2018-02-20 03:36:00,-846.242264039
2018-02-20 03:37:00,-860.429229314
2018-02-20 03:38:00,-860.429229314
2018-02-20 03:39:00,-860.429229314
2018-02-20 03:40:00,-846.242264039
2018-02-20 03:41:00,-846.242264039
2018-02-20 03:42:00,-832.055298764
2018-02-20 03:43:00,-832.055298764
2018-02-20 03:44:00,-832.055298764
2018-02-20 03:45:00,-832.055298764
2018-02-20 03:46:00,-832.055298764
2018-02-20 03:47:00,-832.055298764
2018-02-20 03:48:00,-832.055298764
2018-02-20 03:49:00,-832.055298764
2018-02-20 03:50:00,-832.055298764
2018-02-20 03:51:00,-832.055298764
2018-02-20 03:52:00,-846.242264039
2018-02-20 03:53:00,-846.242264039
2018-02-20 03:54:00,-874.616194589
2018-02-20 03:55:00,-860.429229314
2018-02-20 03:56:00,-860.429229314
2018-02-20 03:57:00,-860.429229314
2018-02-20 03:58:00,-874.616194589
2018-02-20 03:59:00,-874.616194589
2018-02-20 04:00:00,-888.803159864
2018-02-20 04:01:00,-888.803159864
2018-02-20 04:02:00,-888.803159864
2018-02-20 04:03:00,-874.616194589
2018-02-20 04:04:00,-860.429229314
2018-02-20 04:05:00,-874.616194589
2018-02-20 04:06:00,-874.616194589
2018-02-20 04:07:00,-874.616194589
2018-02-20 04:08:00,-874.616194589
2018-02-20 04:09:00,-874.616194589
2018-02-20 04:10:00,-860.429229314
2018-02-20 04:11:00,-860.429229314
2018-02-20 04:12:00,-860.429229314
2018-02-20 04:13:00,-846.242264039
2018-02-20 04:14:00,-832.055298764
2018-02-20 04:15:00,-832.055298764
2018-02-20 04:16:00,-832.055298764
2018-02-20 04:17:00,-832.055298764
2018-02-20 04:18:00,-832.055298764
2018-02-20 04:19:00,-832.055298764
2018-02-20 04:20:00,-832.055298764
2018-02-20 04:21:00,-832.055298764
2018-02-20 04:22:00,-832.055298764
2018-02-20 04:23:00,-832.055298764
2018-02-20 04:24:00,-832.055298764
2018-02-20 04:25:00,-832.055298764
2018-02-20 04:26:00,-803.681368214
2018-02-20 04:27:00,-803.681368214
2018-02-20 04:28:00,-803.681368214
2018-02-20 04:29:00,-832.055298764
2018-02-20 04:30:00,-817.868333489
2018-02-20 04:31:00,-803.681368214
2018-02-20 04:32:00,-803.681368214
2018-02-20 04:33:00,-803.681368214
2018-02-20 04:34:00,-803.681368214
2018-02-20 04:35:00,-817.868333489
2018-02-20 04:36:00,-817.868333489
2018-02-20 04:37:00,-817.868333489
2018-02-20 04:38:00,-803.681368214
2018-02-20 04:39:00,-817.868333489
2018-02-20 04:40:00,-832.055298764
2018-02-20 04:41:00,-846.242264039
2018-02-20 04:42:00,-846.242264039
2018-02-20 04:43:00,-832.055298764
2018-02-20 04:44:00,-832.055298764
2018-02-20 04:45:00,-803.681368214
2018-02-20 04:46:00,-803.681368214
2018-02-20 04:47:00,-803.681368214
2018-02-20 04:48:00,-789.494402939
2018-02-20 04:49:00,-789.494402939
2018-02-20 04:50:00,-789.494402939
2018-02-20 04:51:00,-789.494402939
2018-02-20 04:52:00,-789.494402939
2018-02-20 04:53:00,-789.494402939
2018-02-20 04:54:00,-789.494402939
2018-02-20 04:55:00,-789.494402939
2018-02-20 04:56:00,-789.494402939
2018-02-20 04:57:00,-789.494402939
2018-02-20 04:58:00,-789.494402939
2018-02-20 04:59:00,-775.307437664
2018-02-20 05:00:00,-775.307437664
2018-02-20 05:01:00,-775.307437664
2018-02-20 05:02:00,-775.307437664
2018-02-20 05:03:00,-775.307437664
2018-02-20 05:04:00,-775.307437664
2018-02-20 05:05:00,-775.307437664
2018-02-20 05:06:00,-775.307437664
2018-02-20 05:07:00,-775.307437664
2018-02-20 05:08:00,-775.307437664
2018-02-20 05:09:00,-775.307437664
2018-02-20 05:10:00,-775.307437664
2018-02-20 05:11:00,-775.307437664
2018-02-20 05:12:00,-775.307437664
2018-02-20 05:13:00,-775.307437664
2018-02-20 05:14:00,-775.307437664
2018-02-20 05:15:00,-761.120472389
2018-02-20 05:16:00,-761.120472389
2018-02-20 05:17:00,-761.120472389
2018-02-20 05:18:00,-761.120472389
2018-02-20 05:19:00,-775.307437664
2018-02-20 05:20:00,-789.494402939
2018-02-20 05:21:00,-789.494402939
2018-02-20 05:22:00,-789.494402939
2018-02-20 05:23:00,-789.494402939
2018-02-20 05:24:00,-789.494402939
2018-02-20 05:25:00,-789.494402939
2018-02-20 05:26:00,-789.494402939
2018-02-20 05:27:00,-789.494402939
2018-02-20 05:28:00,-775.307437664
2018-02-20 05:29:00,-761.120472389
2018-02-20 05:30:00,-761.120472389
2018-02-20 05:31:00,-761.120472389
2018-02-20 05:32:00,-761.120472389
2018-02-20 05:33:00,-761.120472389
2018-02-20 05:34:00,-761.120472389
2018-02-20 05:35:00,-775.307437664
2018-02-20 05:36:00,-775.307437664
2018-02-20 05:37:00,-775.307437664
2018-02-20 05:38:00,-789.494402939
2018-02-20 05:39:00,-789.494402939
2018-02-20 05:40:00,-775.307437664
2018-02-20 05:41:00,-775.307437664
2018-02-20 05:42:00,-789.494402939
2018-02-20 05:43:00,-789.494402939
2018-02-20 05:44:00,-817.868333489
2018-02-20 05:45:00,-817.868333489
2018-02-20 05:46:00,-817.868333489
2018-02-20 05:47:00,-817.868333489
2018-02-20 05:48:00,-803.681368214
2018-02-20 05:49:00,-803.681368214
2018-02-20 05:50:00,-803.681368214
2018-02-20 05:51:00,-803.681368214
2018-02-20 05:52:00,-789.494402939
2018-02-20 05:53:00,-789.494402939
2018-02-20 05:54:00,-803.681368214
2018-02-20 05:55:00,-803.681368214
2018-02-20 05:56:00,-789.494402939
2018-02-20 05:57:00,-775.307437664
2018-02-20 05:58:00,-775.307437664
2018-02-20 05:59:00,-775.307437664
2018-02-20 06:00:00,-775.307437664
2018-02-20 06:01:00,-775.307437664
2018-02-20 06:02:00,-775.307437664
2018-02-20 06:03:00,-789.494402939
2018-02-20 06:04:00,-789.494402939
2018-02-20 06:05:00,-803.681368214
2018-02-20 06:06:00,-803.681368214
2018-02-20 06:07:00,-803.681368214
2018-02-20 06:08:00,-803.681368214
2018-02-20 06:09:00,-803.681368214
2018-02-20 06:10:00,-803.681368214
2018-02-20 06:11:00,-803.681368214
2018-02-20 06:12:00,-803.681368214
2018-02-20 06:13:00,-803.681368214
2018-02-20 06:14:00,-803.681368214
2018-02-20 06:15:00,-803.681368214
2018-02-20 06:16:00,-803.681368214
2018-02-20 06:17:00,-789.494402939
2018-02-20 06:18:00,-789.494402939
2018-02-20 06:19:00,-789.494402939
2018-02-20 06:20:00,-789.494402939
2018-02-20 06:21:00,-775.307437664
2018-02-20 06:22:00,-775.307437664
2018-02-20 06:23:00,-789.494402939
2018-02-20 06:24:00,-775.307437664
2018-02-20 06:25:00,-775.307437664
2018-02-20 06:26:00,-789.494402939
2018-02-20 06:27:00,-789.494402939
2018-02-20 06:28:00,-789.494402939
2018-02-20 06:29:00,-789.494402939
2018-02-20 06:30:00,-775.307437664
2018-02-20 06:31:00,-775.307437664
2018-02-20 06:32:00,-775.307437664
2018-02-20 06:33:00,-775.307437664
2018-02-20 06:34:00,-775.307437664
2018-02-20 06:35:00,-775.307437664
2018-02-20 06:36:00,-775.307437664
2018-02-20 06:37:00,-775.307437664
2018-02-20 06:38:00,-775.307437664
2018-02-20 06:39:00,-775.307437664
2018-02-20 06:40:00,-775.307437664
2018-02-20 06:41:00,-775.307437664
2018-02-20 06:42:00,-775.307437664
2018-02-20 06:43:00,-775.307437664
2018-02-20 06:44:00,-775.307437664
2018-02-20 06:45:00,-775.307437664
2018-02-20 06:46:00,-775.307437664
2018-02-20 06:47:00,-803.681368214
2018-02-20 06:48:00,-775.307437664
2018-02-20 06:49:00,-775.307437664
2018-02-20 06:50:00,-775.307437664
2018-02-20 06:51:00,-775.307437664
2018-02-20 06:52:00,-761.120472389
2018-02-20 06:53:00,-761.120472389
2018-02-20 06:54:00,-775.307437664
2018-02-20 06:55:00,-761.120472389
2018-02-20 06:56:00,-761.120472389
2018-02-20 06:57:00,-775.307437664
2018-02-20 06:58:00,-775.307437664
2018-02-20 06:59:00,-775.307437664
2018-02-20 07:00:00,-761.120472389
2018-02-20 07:01:00,-761.120472389
2018-02-20 07:02:00,-761.120472389
2018-02-20 07:03:00,-761.120472389
2018-02-20 07:04:00,-775.307437664
2018-02-20 07:05:00,-761.120472389
2018-02-20 07:06:00,-761.120472389
2018-02-20 07:07:00,-761.120472389
2018-02-20 07:08:00,-761.120472389
2018-02-20 07:09:00,-761.120472389
2018-02-20 07:10:00,-761.120472389
2018-02-20 07:11:00,-761.120472389
2018-02-20 07:12:00,-761.120472389
2018-02-20 07:13:00,-761.120472389
2018-02-20 07:14:00,-761.120472389
2018-02-20 07:15:00,-775.307437664
2018-02-20 07:16:00,-761.120472389
2018-02-20 07:17:00,-761.120472389
2018-02-20 07:18:00,-761.120472389
2018-02-20 07:19:00,-761.120472389
2018-02-20 07:20:00,-746.933507114
2018-02-20 07:21:00,-761.120472389
2018-02-20 07:22:00,-761.120472389
2018-02-20 07:23:00,-761.120472389
2018-02-20 07:24:00,-761.120472389
2018-02-20 07:25:00,-761.120472389
2018-02-20 07:26:00,-761.120472389
2018-02-20 07:27:00,-761.120472389
2018-02-20 07:28:00,-746.933507114
2018-02-20 07:29:00,-746.933507114
2018-02-20 07:30:00,-732.746541839
2018-02-20 07:31:00,-732.746541839
2018-02-20 07:32:00,-746.933507114
2018-02-20 07:33:00,-746.933507114
2018-02-20 07:34:00,-746.933507114
2018-02-20 07:35:00,-746.933507114
2018-02-20 07:36:00,-746.933507114
2018-02-20 07:37:00,-761.120472389
2018-02-20 07:38:00,-775.307437664
2018-02-20 07:39:00,-775.307437664
2018-02-20 07:40:00,-761.120472389
2018-02-20 07:41:00,-761.120472389
2018-02-20 07:42:00,-761.120472389
2018-02-20 07:43:00,-761.120472389
2018-02-20 07:44:00,-746.933507114
2018-02-20 07:45:00,-746.933507114
2018-02-20 07:46:00,-746.933507114
2018-02-20 07:47:00,-746.933507114
2018-02-20 07:48:00,-746.933507114
2018-02-20 07:49:00,-746.933507114
2018-02-20 07:50:00,-732.746541839
2018-02-20 07:51:00,-732.746541839
2018-02-20 07:52:00,-761.120472389
2018-02-20 07:53:00,-761.120472389
2018-02-20 07:54:00,-761.120472389
2018-02-20 07:55:00,-761.120472389
2018-02-20 07:56:00,-761.120472389
2018-02-20 07:57:00,-761.120472389
2018-02-20 07:58:00,-761.120472389
2018-02-20 07:59:00,-746.933507114
2018-02-20 08:00:00,-746.933507114
2018-02-20 08:01:00,-746.933507114
2018-02-20 08:02:00,-746.933507114
2018-02-20 08:03:00,-746.933507114
2018-02-20 08:04:00,-732.746541839
2018-02-20 08:05:00,-704.372611289
2018-02-20 08:06:00,-718.559576564
2018-02-20 08:07:00,-718.559576564
2018-02-20 08:08:00,-718.559576564
2018-02-20 08:09:00,-704.372611289
2018-02-20 08:10:00,-704.372611289
2018-02-20 08:11:00,-704.372611289
2018-02-20 08:12:00,-704.372611289
2018-02-20 08:13:00,-718.559576564
2018-02-20 08:14:00,-690.185646014
2018-02-20 08:15:00,-690.185646014
2018-02-20 08:16:00,-690.185646014
2018-02-20 08:17:00,-690.185646014
2018-02-20 08:18:00,-690.185646014
2018-02-20 08:19:00,-690.185646014
2018-02-20 08:20:00,-690.185646014
2018-02-20 08:21:00,-675.998680739
2018-02-20 08:22:00,-675.998680739
2018-02-20 08:23:00,-661.811715464
2018-02-20 08:24:00,-661.811715464
2018-02-20 08:25:00,-661.811715464
2018-02-20 08:26:00,-661.811715464
2018-02-20 08:27:00,-619.250819639
2018-02-20 08:28:00,-661.811715464
2018-02-20 08:29:00,-661.811715464
2018-02-20 08:30:00,-661.811715464
2018-02-20 08:31:00,-675.998680739
2018-02-20 08:32:00,-675.998680739
2018-02-20 08:33:00,-661.811715464
2018-02-20 08:34:00,-661.811715464
2018-02-20 08:35:00,-661.811715464
2018-02-20 08:36:00,-661.811715464
2018-02-20 08:37:00,-661.811715464
2018-02-20 08:38:00,-661.811715464
2018-02-20 08:39:00,-661.811715464
2018-02-20 08:40:00,-661.811715464
2018-02-20 08:41:00,-661.811715464
2018-02-20 08:42:00,-661.811715464
2018-02-20 08:43:00,-661.811715464
2018-02-20 08:44:00,-661.811715464
2018-02-20 08:45:00,-661.811715464
2018-02-20 08:46:00,-661.811715464
2018-02-20 08:47:00,-661.811715464
2018-02-20 08:48:00,-661.811715464
2018-02-20 08:49:00,-661.811715464
2018-02-20 08:50:00,-647.624750189
2018-02-20 08:51:00,-647.624750189
2018-02-20 08:52:00,-647.624750189
2018-02-20 08:53:00,-647.624750189
2018-02-20 08:54:00,-633.437784914
2018-02-20 08:55:00,-647.624750189
2018-02-20 08:56:00,-633.437784914
2018-02-20 08:57:00,-647.624750189
2018-02-20 08:58:00,-633.437784914
2018-02-20 08:59:00,-647.624750189
2018-02-20 09:00:00,-647.624750189
2018-02-20 09:01:00,-633.437784914
2018-02-20 09:02:00,-647.624750189
2018-02-20 09:03:00,-647.624750189
2018-02-20 09:04:00,-647.624750189
2018-02-20 09:05:00,-647.624750189
2018-02-20 09:06:00,-633.437784914
2018-02-20 09:07:00,-633.437784914
2018-02-20 09:08:00,-633.437784914
2018-02-20 09:09:00,-633.437784914
2018-02-20 09:10:00,-633.437784914
2018-02-20 09:11:00,-647.624750189
2018-02-20 09:12:00,-633.437784914
2018-02-20 09:13:00,-633.437784914
2018-02-20 09:14:00,-633.437784914
2018-02-20 09:15:00,-633.437784914
2018-02-20 09:16:00,-633.437784914
2018-02-20 09:17:00,-633.437784914
2018-02-20 09:18:00,-647.624750189
2018-02-20 09:19:00,-647.624750189
2018-02-20 09:20:00,-647.624750189
2018-02-20 09:21:00,-647.624750189
2018-02-20 09:22:00,-661.811715464
2018-02-20 09:23:00,-661.811715464
2018-02-20 09:24:00,-661.811715464
2018-02-20 09:25:00,-661.811715464
2018-02-20 09:26:00,-661.811715464
2018-02-20 09:27:00,-661.811715464
2018-02-20 09:28:00,-661.811715464
2018-02-20 09:29:00,-647.624750189
2018-02-20 09:30:00,-647.624750189
2018-02-20 09:31:00,-647.624750189
2018-02-20 09:32:00,-647.624750189
2018-02-20 09:33:00,-647.624750189
2018-02-20 09:34:00,-647.624750189
2018-02-20 09:35:00,-647.624750189
2018-02-20 09:36:00,-661.811715464
2018-02-20 09:37:00,-661.811715464
2018-02-20 09:38:00,-661.811715464
2018-02-20 09:39:00,-661.811715464
2018-02-20 09:40:00,-633.437784914
2018-02-20 09:41:00,-647.624750189
2018-02-20 09:42:00,-647.624750189
2018-02-20 09:43:00,-647.624750189
2018-02-20 09:44:00,-647.624750189
2018-02-20 09:45:00,-661.811715464
2018-02-20 09:46:00,-661.811715464
2018-02-20 09:47:00,-661.811715464
2018-02-20 09:48:00,-661.811715464
2018-02-20 09:49:00,-661.811715464
2018-02-20 09:50:00,-647.624750189
2018-02-20 09:51:00,-647.624750189
2018-02-20 09:52:00,-647.624750189
2018-02-20 09:53:00,-661.811715464
2018-02-20 09:54:00,-661.811715464
2018-02-20 09:55:00,-675.998680739
2018-02-20 09:56:00,-661.811715464
2018-02-20 09:57:00,-661.811715464
2018-02-20 09:58:00,-661.811715464
2018-02-20 09:59:00,-661.811715464
2018-02-20 10:00:00,-647.624750189
2018-02-20 10:01:00,-647.624750189
2018-02-20 10:02:00,-633.437784914
2018-02-20 10:03:00,-633.437784914
2018-02-20 10:04:00,-633.437784914
2018-02-20 10:05:00,-633.437784914
2018-02-20 10:06:00,-633.437784914
2018-02-20 10:07:00,-633.437784914
2018-02-20 10:08:00,-633.437784914
2018-02-20 10:09:00,-633.437784914
2018-02-20 10:10:00,-633.437784914
2018-02-20 10:11:00,-633.437784914
2018-02-20 10:12:00,-661.811715464
2018-02-20 10:13:00,-661.811715464
2018-02-20 10:14:00,-690.185646014
2018-02-20 10:15:00,-690.185646014
2018-02-20 10:16:00,-690.185646014
2018-02-20 10:17:00,-690.185646014
2018-02-20 10:18:00,-690.185646014
2018-02-20 10:19:00,-746.933507114
2018-02-20 10:20:00,-746.933507114
2018-02-20 10:21:00,-746.933507114
2018-02-20 10:22:00,-761.120472389
2018-02-20 10:23:00,-761.120472389
2018-02-20 10:24:00,-761.120472389
2018-02-20 10:25:00,-761.120472389
2018-02-20 10:26:00,-761.120472389
2018-02-20 10:27:00,-775.307437664
2018-02-20 10:28:00,-775.307437664
2018-02-20 10:29:00,-775.307437664
2018-02-20 10:30:00,-775.307437664
2018-02-20 10:31:00,-775.307437664
2018-02-20 10:32:00,-775.307437664
2018-02-20 10:33:00,-775.307437664
2018-02-20 10:34:00,-775.307437664
2018-02-20 10:35:00,-775.307437664
2018-02-20 10:36:00,-775.307437664
2018-02-20 10:37:00,-775.307437664
2018-02-20 10:38:00,-775.307437664
2018-02-20 10:39:00,-775.307437664
2018-02-20 10:40:00,-775.307437664
2018-02-20 10:41:00,-775.307437664
2018-02-20 10:42:00,-775.307437664
2018-02-20 10:43:00,-775.307437664
2018-02-20 10:44:00,-775.307437664
2018-02-20 10:45:00,-775.307437664
2018-02-20 10:46:00,-789.494402939
2018-02-20 10:47:00,-789.494402939
2018-02-20 10:48:00,-789.494402939
2018-02-20 10:49:00,-789.494402939
2018-02-20 10:50:00,-789.494402939
2018-02-20 10:51:00,-803.681368214
2018-02-20 10:52:00,-803.681368214
2018-02-20 10:53:00,-846.242264039
2018-02-20 10:54:00,-860.429229314
2018-02-20 10:55:00,-860.429229314
2018-02-20 10:56:00,-860.429229314
2018-02-20 10:57:00,-874.616194589
2018-02-20 10:58:00,-846.242264039
2018-02-20 10:59:00,-846.242264039
2018-02-20 11:00:00,-846.242264039
2018-02-20 11:01:00,-846.242264039
2018-02-20 11:02:00,-860.429229314
2018-02-20 11:03:00,-860.429229314
2018-02-20 11:04:00,-860.429229314
2018-02-20 11:05:00,-860.429229314
2018-02-20 11:06:00,-860.429229314
2018-02-20 11:07:00,-860.429229314
2018-02-20 11:08:00,-860.429229314
2018-02-20 11:09:00,-860.429229314
2018-02-20 11:10:00,-860.429229314
2018-02-20 11:11:00,-860.429229314
2018-02-20 11:12:00,-860.429229314
2018-02-20 11:13:00,-860.429229314
2018-02-20 11:14:00,-846.242264039
2018-02-20 11:15:00,-846.242264039
2018-02-20 11:16:00,-846.242264039
2018-02-20 11:17:00,-860.429229314
2018-02-20 11:18:00,-860.429229314
2018-02-20 11:19:00,-860.429229314
2018-02-20 11:20:00,-860.429229314
2018-02-20 11:21:00,-860.429229314
2018-02-20 11:22:00,-860.429229314
2018-02-20 11:23:00,-860.429229314
2018-02-20 11:24:00,-874.616194589
2018-02-20 11:25:00,-874.616194589
2018-02-20 11:26:00,-874.616194589
2018-02-20 11:27:00,-874.616194589
2018-02-20 11:28:00,-874.616194589
2018-02-20 11:29:00,-874.616194589
2018-02-20 11:30:00,-874.616194589
2018-02-20 11:31:00,-860.429229314
2018-02-20 11:32:00,-860.429229314
2018-02-20 11:33:00,-860.429229314
2018-02-20 11:34:00,-860.429229314
2018-02-20 11:35:00,-860.429229314
2018-02-20 11:36:00,-860.429229314
2018-02-20 11:37:00,-860.429229314
2018-02-20 11:38:00,-874.616194589
2018-02-20 11:39:00,-874.616194589
2018-02-20 11:40:00,-874.616194589
2018-02-20 11:41:00,-874.616194589
2018-02-20 11:42:00,-874.616194589
2018-02-20 11:43:00,-874.616194589
2018-02-20 11:44:00,-874.616194589
2018-02-20 11:45:00,-860.429229314
2018-02-20 11:46:00,-860.429229314
2018-02-20 11:47:00,-860.429229314
2018-02-20 11:48:00,-874.616194589
2018-02-20 11:49:00,-874.616194589
2018-02-20 11:50:00,-888.803159864
2018-02-20 11:51:00,-874.616194589
2018-02-20 11:52:00,-874.616194589
2018-02-20 11:53:00,-874.616194589
2018-02-20 11:54:00,-860.429229314
2018-02-20 11:55:00,-860.429229314
2018-02-20 11:56:00,-860.429229314
2018-02-20 11:57:00,-860.429229314
2018-02-20 11:58:00,-860.429229314
2018-02-20 11:59:00,-860.429229314
2018-02-21 01:29:00,-874.615059632
2018-02-21 01:30:00,-874.615059632
2018-02-21 01:31:00,-874.615059632
2018-02-21 01:32:00,-874.615059632
2018-02-21 01:33:00,-874.615059632
2018-02-21 01:34:00,-803.680233257
2018-02-21 01:35:00,-803.680233257
2018-02-21 01:36:00,-803.680233257
2018-02-21 01:37:00,-817.867198532
2018-02-21 01:38:00,-789.493267982
2018-02-21 01:39:00,-789.493267982
2018-02-21 01:40:00,-789.493267982
2018-02-21 01:41:00,-803.680233257
2018-02-21 01:42:00,-803.680233257
2018-02-21 01:43:00,-817.867198532
2018-02-21 01:44:00,-817.867198532
2018-02-21 01:45:00,-817.867198532
2018-02-21 01:46:00,-817.867198532
2018-02-21 01:47:00,-817.867198532
2018-02-21 01:48:00,-817.867198532
2018-02-21 01:49:00,-817.867198532
2018-02-21 01:50:00,-817.867198532
2018-02-21 01:51:00,-817.867198532
2018-02-21 01:52:00,-817.867198532
2018-02-21 01:53:00,-817.867198532
2018-02-21 01:54:00,-817.867198532
2018-02-21 01:55:00,-817.867198532
2018-02-21 01:56:00,-817.867198532
2018-02-21 01:57:00,-817.867198532
2018-02-21 01:58:00,-817.867198532
2018-02-21 01:59:00,-817.867198532
2018-02-21 02:00:00,-761.119337432
2018-02-21 02:01:00,-775.306302707
2018-02-21 02:02:00,-775.306302707
2018-02-21 02:03:00,-746.932372157
2018-02-21 02:04:00,-732.745406882
2018-02-21 02:05:00,-732.745406882
2018-02-21 02:06:00,-732.745406882
2018-02-21 02:07:00,-718.558441607
2018-02-21 02:08:00,-718.558441607
2018-02-21 02:09:00,-732.745406882
2018-02-21 02:10:00,-746.932372157
2018-02-21 02:11:00,-746.932372157
2018-02-21 02:12:00,-775.306302707
2018-02-21 02:13:00,-775.306302707
2018-02-21 02:14:00,-761.119337432
2018-02-21 02:15:00,-746.932372157
2018-02-21 02:16:00,-718.558441607
2018-02-21 02:17:00,-718.558441607
2018-02-21 02:18:00,-718.558441607
2018-02-21 02:19:00,-718.558441607
2018-02-21 02:20:00,-718.558441607
2018-02-21 02:21:00,-718.558441607
2018-02-21 02:22:00,-718.558441607
2018-02-21 02:23:00,-690.184511057
2018-02-21 02:24:00,-661.810580507
2018-02-21 02:25:00,-661.810580507
2018-02-21 02:26:00,-661.810580507
2018-02-21 02:27:00,-661.810580507
2018-02-21 02:28:00,-661.810580507
2018-02-21 02:29:00,-661.810580507
2018-02-21 02:30:00,-661.810580507
2018-02-21 02:31:00,-633.436649957
2018-02-21 02:32:00,-647.623615232
2018-02-21 02:33:00,-647.623615232
2018-02-21 02:34:00,-647.623615232
2018-02-21 02:35:00,-647.623615232
2018-02-21 02:36:00,-647.623615232
2018-02-21 02:37:00,-647.623615232
2018-02-21 02:38:00,-633.436649957
2018-02-21 02:39:00,-633.436649957
2018-02-21 02:40:00,-605.062719407
2018-02-21 02:41:00,-605.062719407
2018-02-21 02:42:00,-633.436649957
2018-02-21 02:43:00,-605.062719407
2018-02-21 02:44:00,-605.062719407
2018-02-21 02:45:00,-576.688788857
2018-02-21 02:46:00,-576.688788857
2018-02-21 02:47:00,-576.688788857
2018-02-21 02:48:00,-576.688788857
2018-02-21 02:49:00,-576.688788857
2018-02-21 02:50:00,-576.688788857
2018-02-21 02:51:00,-576.688788857
2018-02-21 02:52:00,-576.688788857
2018-02-21 02:53:00,-576.688788857
2018-02-21 02:54:00,-576.688788857
2018-02-21 02:55:00,-576.688788857
2018-02-21 02:56:00,-576.688788857
2018-02-21 02:57:00,-576.688788857
2018-02-21 02:58:00,-576.688788857
2018-02-21 02:59:00,-605.062719407
2018-02-21 03:00:00,-605.062719407
2018-02-21 03:01:00,-605.062719407
2018-02-21 03:02:00,-605.062719407
2018-02-21 03:03:00,-619.249684682
2018-02-21 03:04:00,-619.249684682
2018-02-21 03:05:00,-633.436649957
2018-02-21 03:06:00,-661.810580507
2018-02-21 03:07:00,-661.810580507
2018-02-21 03:08:00,-661.810580507
2018-02-21 03:09:00,-661.810580507
2018-02-21 03:10:00,-661.810580507
2018-02-21 03:11:00,-661.810580507
2018-02-21 03:12:00,-661.810580507
2018-02-21 03:13:00,-661.810580507
2018-02-21 03:14:00,-661.810580507
2018-02-21 03:15:00,-661.810580507
2018-02-21 03:16:00,-661.810580507
2018-02-21 03:17:00,-661.810580507
2018-02-21 03:18:00,-661.810580507
2018-02-21 03:19:00,-661.810580507
2018-02-21 03:20:00,-661.810580507
2018-02-21 03:21:00,-633.436649957
2018-02-21 03:22:00,-633.436649957
2018-02-21 03:23:00,-647.623615232
2018-02-21 03:24:00,-647.623615232
2018-02-21 03:25:00,-619.249684682
2018-02-21 03:26:00,-605.062719407
2018-02-21 03:27:00,-619.249684682
2018-02-21 03:28:00,-647.623615232
2018-02-21 03:29:00,-633.436649957
2018-02-21 03:30:00,-534.127893032
2018-02-21 03:31:00,-491.566997207
2018-02-21 03:32:00,-449.006101382
2018-02-21 03:33:00,-449.006101382
2018-02-21 03:34:00,-449.006101382
2018-02-21 03:35:00,-477.380031932
2018-02-21 03:36:00,-477.380031932
2018-02-21 03:37:00,-505.753962482
2018-02-21 03:38:00,-548.314858307
2018-02-21 03:39:00,-534.127893032
2018-02-21 03:40:00,-534.127893032
2018-02-21 03:41:00,-548.314858307
2018-02-21 03:42:00,-534.127893032
2018-02-21 03:43:00,-534.127893032
2018-02-21 03:44:00,-534.127893032
2018-02-21 03:45:00,-548.314858307
2018-02-21 03:46:00,-548.314858307
2018-02-21 03:47:00,-548.314858307
2018-02-21 03:48:00,-519.940927757
2018-02-21 03:49:00,-519.940927757
2018-02-21 03:50:00,-505.753962482
2018-02-21 03:51:00,-491.566997207
2018-02-21 03:52:00,-491.566997207
2018-02-21 03:53:00,-491.566997207
2018-02-21 03:54:00,-477.380031932
2018-02-21 03:55:00,-491.566997207
2018-02-21 03:56:00,-477.380031932
2018-02-21 03:57:00,-463.193066657
2018-02-21 03:58:00,-477.380031932
2018-02-21 03:59:00,-477.380031932
2018-02-21 04:00:00,-477.380031932
2018-02-21 04:01:00,-463.193066657
2018-02-21 04:02:00,-463.193066657
2018-02-21 04:03:00,-463.193066657
2018-02-21 04:04:00,-434.819136107
2018-02-21 04:05:00,-434.819136107
2018-02-21 04:06:00,-406.445205557
2018-02-21 04:07:00,-406.445205557
2018-02-21 04:08:00,-434.819136107
2018-02-21 04:09:00,-420.632170832
2018-02-21 04:10:00,-434.819136107
2018-02-21 04:11:00,-434.819136107
2018-02-21 04:12:00,-420.632170832
2018-02-21 04:13:00,-406.445205557
2018-02-21 04:14:00,-406.445205557
2018-02-21 04:15:00,-420.632170832
2018-02-21 04:16:00,-420.632170832
2018-02-21 04:17:00,-392.258240282
2018-02-21 04:18:00,-392.258240282
2018-02-21 04:19:00,-420.632170832
2018-02-21 04:20:00,-420.632170832
2018-02-21 04:21:00,-420.632170832
2018-02-21 04:22:00,-406.445205557
2018-02-21 04:23:00,-420.632170832
2018-02-21 04:24:00,-420.632170832
2018-02-21 04:25:00,-420.632170832
2018-02-21 04:26:00,-420.632170832
2018-02-21 04:27:00,-420.632170832
2018-02-21 04:28:00,-406.445205557
2018-02-21 04:29:00,-463.193066657
2018-02-21 04:30:00,-463.193066657
2018-02-21 04:31:00,-449.006101382
2018-02-21 04:32:00,-463.193066657
2018-02-21 04:33:00,-463.193066657
2018-02-21 04:34:00,-463.193066657
2018-02-21 04:35:00,-463.193066657
2018-02-21 04:36:00,-463.193066657
2018-02-21 04:37:00,-463.193066657
2018-02-21 04:38:00,-434.819136107
2018-02-21 04:39:00,-449.006101382
2018-02-21 04:40:00,-463.193066657
2018-02-21 04:41:00,-477.380031932
2018-02-21 04:42:00,-477.380031932
2018-02-21 04:43:00,-477.380031932
2018-02-21 04:44:00,-463.193066657
2018-02-21 04:45:00,-463.193066657
2018-02-21 04:46:00,-463.193066657
2018-02-21 04:47:00,-463.193066657
2018-02-21 04:48:00,-477.380031932
2018-02-21 04:49:00,-463.193066657
2018-02-21 04:50:00,-463.193066657
2018-02-21 04:51:00,-477.380031932
2018-02-21 04:52:00,-463.193066657
2018-02-21 04:53:00,-491.566997207
2018-02-21 04:54:00,-491.566997207
2018-02-21 04:55:00,-477.380031932
2018-02-21 04:56:00,-491.566997207
2018-02-21 04:57:00,-491.566997207
2018-02-21 04:58:00,-491.566997207
2018-02-21 04:59:00,-491.566997207
2018-02-21 05:00:00,-491.566997207
2018-02-21 05:01:00,-491.566997207
2018-02-21 05:02:00,-491.566997207
2018-02-21 05:03:00,-477.380031932
2018-02-21 05:04:00,-477.380031932
2018-02-21 05:05:00,-477.380031932
2018-02-21 05:06:00,-477.380031932
2018-02-21 05:07:00,-477.380031932
2018-02-21 05:08:00,-477.380031932
2018-02-21 05:09:00,-477.380031932
2018-02-21 05:10:00,-477.380031932
2018-02-21 05:11:00,-477.380031932
2018-02-21 05:12:00,-477.380031932
2018-02-21 05:13:00,-491.566997207
2018-02-21 05:14:00,-477.380031932
2018-02-21 05:15:00,-477.380031932
2018-02-21 05:16:00,-463.193066657
2018-02-21 05:17:00,-463.193066657
2018-02-21 05:18:00,-463.193066657
2018-02-21 05:19:00,-463.193066657
2018-02-21 05:20:00,-463.193066657
2018-02-21 05:21:00,-463.193066657
2018-02-21 05:22:00,-463.193066657
2018-02-21 05:23:00,-491.566997207
2018-02-21 05:24:00,-491.566997207
2018-02-21 05:25:00,-463.193066657
2018-02-21 05:26:00,-463.193066657
2018-02-21 05:27:00,-463.193066657
2018-02-21 05:28:00,-463.193066657
2018-02-21 05:29:00,-491.566997207
2018-02-21 05:30:00,-491.566997207
2018-02-21 05:31:00,-477.380031932
2018-02-21 05:32:00,-477.380031932
2018-02-21 05:33:00,-463.193066657
2018-02-21 05:34:00,-463.193066657
2018-02-21 05:35:00,-463.193066657
2018-02-21 05:36:00,-491.566997207
2018-02-21 05:37:00,-491.566997207
2018-02-21 05:38:00,-491.566997207
2018-02-21 05:39:00,-491.566997207
2018-02-21 05:40:00,-477.380031932
2018-02-21 05:41:00,-477.380031932
2018-02-21 05:42:00,-477.380031932
2018-02-21 05:43:00,-491.566997207
2018-02-21 05:44:00,-491.566997207
2018-02-21 05:45:00,-491.566997207
2018-02-21 05:46:00,-491.566997207
2018-02-21 05:47:00,-491.566997207
2018-02-21 05:48:00,-491.566997207
2018-02-21 05:49:00,-491.566997207
2018-02-21 05:50:00,-491.566997207
2018-02-21 05:51:00,-491.566997207
2018-02-21 05:52:00,-491.566997207
2018-02-21 05:53:00,-491.566997207
2018-02-21 05:54:00,-491.566997207
2018-02-21 05:55:00,-491.566997207
2018-02-21 05:56:00,-491.566997207
2018-02-21 05:57:00,-491.566997207
2018-02-21 05:58:00,-491.566997207
2018-02-21 05:59:00,-491.566997207
2018-02-21 06:00:00,-491.566997207
2018-02-21 06:01:00,-491.566997207
2018-02-21 06:02:00,-477.380031932
2018-02-21 06:03:00,-477.380031932
2018-02-21 06:04:00,-477.380031932
2018-02-21 06:05:00,-491.566997207
2018-02-21 06:06:00,-491.566997207
2018-02-21 06:07:00,-491.566997207
2018-02-21 06:08:00,-491.566997207
2018-02-21 06:09:00,-491.566997207
2018-02-21 06:10:00,-491.566997207
2018-02-21 06:11:00,-491.566997207
2018-02-21 06:12:00,-491.566997207
2018-02-21 06:13:00,-491.566997207
2018-02-21 06:14:00,-491.566997207
2018-02-21 06:15:00,-491.566997207
2018-02-21 06:16:00,-491.566997207
2018-02-21 06:17:00,-491.566997207
2018-02-21 06:18:00,-491.566997207
2018-02-21 06:19:00,-505.753962482
2018-02-21 06:20:00,-505.753962482
2018-02-21 06:21:00,-505.753962482
2018-02-21 06:22:00,-519.940927757
2018-02-21 06:23:00,-519.940927757
2018-02-21 06:24:00,-519.940927757
2018-02-21 06:25:00,-519.940927757
2018-02-21 06:26:00,-548.314858307
2018-02-21 06:27:00,-548.314858307
2018-02-21 06:28:00,-519.940927757
2018-02-21 06:29:00,-519.940927757
2018-02-21 06:30:00,-519.940927757
2018-02-21 06:31:00,-519.940927757
2018-02-21 06:32:00,-548.314858307
2018-02-21 06:33:00,-548.314858307
2018-02-21 06:34:00,-548.314858307
2018-02-21 06:35:00,-519.940927757
2018-02-21 06:36:00,-519.940927757
2018-02-21 06:37:00,-548.314858307
2018-02-21 06:38:00,-534.127893032
2018-02-21 06:39:00,-534.127893032
2018-02-21 06:40:00,-519.940927757
2018-02-21 06:41:00,-519.940927757
2018-02-21 06:42:00,-505.753962482
2018-02-21 06:43:00,-505.753962482
2018-02-21 06:44:00,-505.753962482
2018-02-21 06:45:00,-505.753962482
2018-02-21 06:46:00,-477.380031932
2018-02-21 06:47:00,-477.380031932
2018-02-21 06:48:00,-477.380031932
2018-02-21 06:49:00,-463.193066657
2018-02-21 06:50:00,-463.193066657
2018-02-21 06:51:00,-477.380031932
2018-02-21 06:52:00,-491.566997207
2018-02-21 06:53:00,-463.193066657
2018-02-21 06:54:00,-477.380031932
2018-02-21 06:55:00,-505.753962482
2018-02-21 06:56:00,-505.753962482
2018-02-21 06:57:00,-491.566997207
2018-02-21 06:58:00,-505.753962482
2018-02-21 06:59:00,-505.753962482
2018-02-21 07:00:00,-505.753962482
2018-02-21 07:01:00,-505.753962482
2018-02-21 07:02:00,-519.940927757
2018-02-21 07:03:00,-519.940927757
2018-02-21 07:04:00,-519.940927757
2018-02-21 07:05:00,-519.940927757
2018-02-21 07:06:00,-505.753962482
2018-02-21 07:07:00,-505.753962482
2018-02-21 07:08:00,-505.753962482
2018-02-21 07:09:00,-505.753962482
2018-02-21 07:10:00,-505.753962482
2018-02-21 07:11:00,-505.753962482
2018-02-21 07:12:00,-505.753962482
2018-02-21 07:13:00,-491.566997207
2018-02-21 07:14:00,-491.566997207
2018-02-21 07:15:00,-505.753962482
2018-02-21 07:16:00,-505.753962482
2018-02-21 07:17:00,-505.753962482
2018-02-21 07:18:00,-505.753962482
2018-02-21 07:19:00,-491.566997207
2018-02-21 07:20:00,-519.940927757
2018-02-21 07:21:00,-519.940927757
2018-02-21 07:22:00,-534.127893032
2018-02-21 07:23:00,-519.940927757
2018-02-21 07:24:00,-534.127893032
2018-02-21 07:25:00,-534.127893032
2018-02-21 07:26:00,-534.127893032
2018-02-21 07:27:00,-505.753962482
2018-02-21 07:28:00,-505.753962482
2018-02-21 07:29:00,-505.753962482
2018-02-21 07:30:00,-491.566997207
2018-02-21 07:31:00,-519.940927757
2018-02-21 07:32:00,-548.314858307
2018-02-21 07:33:00,-548.314858307
2018-02-21 07:34:00,-534.127893032
2018-02-21 07:35:00,-548.314858307
2018-02-21 07:36:00,-548.314858307
2018-02-21 07:37:00,-548.314858307
2018-02-21 07:38:00,-548.314858307
2018-02-21 07:39:00,-548.314858307
2018-02-21 07:40:00,-548.314858307
2018-02-21 07:41:00,-548.314858307
2018-02-21 07:42:00,-562.501823582
2018-02-21 07:43:00,-562.501823582
2018-02-21 07:44:00,-562.501823582
2018-02-21 07:45:00,-562.501823582
2018-02-21 07:46:00,-562.501823582
2018-02-21 07:47:00,-562.501823582
2018-02-21 07:48:00,-562.501823582
2018-02-21 07:49:00,-562.501823582
2018-02-21 07:50:00,-576.688788857
2018-02-21 07:51:00,-576.688788857
2018-02-21 07:52:00,-576.688788857
2018-02-21 07:53:00,-562.501823582
2018-02-21 07:54:00,-562.501823582
2018-02-21 07:55:00,-576.688788857
2018-02-21 07:56:00,-576.688788857
2018-02-21 07:57:00,-576.688788857
2018-02-21 07:58:00,-576.688788857
2018-02-21 07:59:00,-576.688788857
2018-02-21 08:00:00,-576.688788857
2018-02-21 08:01:00,-576.688788857
2018-02-21 08:02:00,-576.688788857
2018-02-21 08:03:00,-548.314858307
2018-02-21 08:04:00,-548.314858307
2018-02-21 08:05:00,-548.314858307
2018-02-21 08:06:00,-576.688788857
2018-02-21 08:07:00,-576.688788857
2018-02-21 08:08:00,-576.688788857
2018-02-21 08:09:00,-576.688788857
2018-02-21 08:10:00,-576.688788857
2018-02-21 08:11:00,-576.688788857
2018-02-21 08:12:00,-562.501823582
2018-02-21 08:13:00,-562.501823582
2018-02-21 08:14:00,-548.314858307
2018-02-21 08:15:00,-519.940927757
2018-02-21 08:16:00,-519.940927757
2018-02-21 08:17:00,-534.127893032
2018-02-21 08:18:00,-534.127893032
2018-02-21 08:19:00,-534.127893032
2018-02-21 08:20:00,-562.501823582
2018-02-21 08:21:00,-562.501823582
2018-02-21 08:22:00,-548.314858307
2018-02-21 08:23:00,-548.314858307
2018-02-21 08:24:00,-633.436649957
2018-02-21 08:25:00,-633.436649957
2018-02-21 08:26:00,-647.623615232
2018-02-21 08:27:00,-661.810580507
2018-02-21 08:28:00,-732.745406882
2018-02-21 08:29:00,-803.680233257
2018-02-21 08:30:00,-775.306302707
2018-02-21 08:31:00,-732.745406882
2018-02-21 08:32:00,-732.745406882
2018-02-21 08:33:00,-761.119337432
2018-02-21 08:34:00,-761.119337432
2018-02-21 08:35:00,-860.428094357
2018-02-21 08:36:00,-860.428094357
2018-02-21 08:37:00,-846.241129082
2018-02-21 08:38:00,-817.867198532
2018-02-21 08:39:00,-846.241129082
2018-02-21 08:40:00,-846.241129082
2018-02-21 08:41:00,-846.241129082
2018-02-21 08:42:00,-817.867198532
2018-02-21 08:43:00,-803.680233257
2018-02-21 08:44:00,-817.867198532
2018-02-21 08:45:00,-832.054163807
2018-02-21 08:46:00,-817.867198532
2018-02-21 08:47:00,-803.680233257
2018-02-21 08:48:00,-789.493267982
2018-02-21 08:49:00,-789.493267982
2018-02-21 08:50:00,-789.493267982
2018-02-21 08:51:00,-789.493267982
2018-02-21 08:52:00,-789.493267982
2018-02-21 08:53:00,-846.241129082
2018-02-21 08:54:00,-846.241129082
2018-02-21 08:55:00,-761.119337432
2018-02-21 08:56:00,-746.932372157
2018-02-21 08:57:00,-789.493267982
2018-02-21 08:58:00,-775.306302707
2018-02-21 08:59:00,-761.119337432
2018-02-21 09:00:00,-775.306302707
2018-02-21 09:01:00,-775.306302707
2018-02-21 09:02:00,-761.119337432
2018-02-21 09:03:00,-775.306302707
2018-02-21 09:04:00,-803.680233257
2018-02-21 09:05:00,-746.932372157
2018-02-21 09:06:00,-761.119337432
2018-02-21 09:07:00,-761.119337432
2018-02-21 09:08:00,-761.119337432
2018-02-21 09:09:00,-817.867198532
2018-02-21 09:10:00,-817.867198532
2018-02-21 09:11:00,-817.867198532
2018-02-21 09:12:00,-817.867198532
2018-02-21 09:13:00,-817.867198532
2018-02-21 09:14:00,-817.867198532
2018-02-21 09:15:00,-817.867198532
2018-02-21 09:16:00,-846.241129082
2018-02-21 09:17:00,-832.054163807
2018-02-21 09:18:00,-817.867198532
2018-02-21 09:19:00,-817.867198532
2018-02-21 09:20:00,-817.867198532
2018-02-21 09:21:00,-817.867198532
2018-02-21 09:22:00,-817.867198532
2018-02-21 09:23:00,-775.306302707
2018-02-21 09:24:00,-761.119337432
2018-02-21 09:25:00,-761.119337432
2018-02-21 09:26:00,-746.932372157
2018-02-21 09:27:00,-746.932372157
2018-02-21 09:28:00,-746.932372157
2018-02-21 09:29:00,-746.932372157
2018-02-21 09:30:00,-761.119337432
2018-02-21 09:31:00,-761.119337432
2018-02-21 09:32:00,-761.119337432
2018-02-21 09:33:00,-775.306302707
2018-02-21 09:34:00,-775.306302707
2018-02-21 09:35:00,-775.306302707
2018-02-21 09:36:00,-775.306302707
2018-02-21 09:37:00,-789.493267982
2018-02-21 09:38:00,-761.119337432
2018-02-21 09:39:00,-761.119337432
2018-02-21 09:40:00,-761.119337432
2018-02-21 09:41:00,-761.119337432
2018-02-21 09:42:00,-746.932372157
2018-02-21 09:43:00,-761.119337432
2018-02-21 09:44:00,-761.119337432
2018-02-21 09:45:00,-789.493267982
2018-02-21 09:46:00,-789.493267982
2018-02-21 09:47:00,-789.493267982
2018-02-21 09:48:00,-789.493267982
2018-02-21 09:49:00,-789.493267982
2018-02-21 09:50:00,-817.867198532
2018-02-21 09:51:00,-789.493267982
2018-02-21 09:52:00,-803.680233257
2018-02-21 09:53:00,-775.306302707
2018-02-21 09:54:00,-775.306302707
2018-02-21 09:55:00,-775.306302707
2018-02-21 09:56:00,-775.306302707
2018-02-21 09:57:00,-803.680233257
2018-02-21 09:58:00,-803.680233257
2018-02-21 09:59:00,-803.680233257
2018-02-21 10:00:00,-803.680233257
2018-02-21 10:01:00,-803.680233257
2018-02-21 10:02:00,-817.867198532
2018-02-21 10:03:00,-803.680233257
2018-02-21 10:04:00,-803.680233257
2018-02-21 10:05:00,-775.306302707
2018-02-21 10:06:00,-775.306302707
2018-02-21 10:07:00,-775.306302707
2018-02-21 10:08:00,-775.306302707
2018-02-21 10:09:00,-761.119337432
2018-02-21 10:10:00,-761.119337432
2018-02-21 10:11:00,-732.745406882
2018-02-21 10:12:00,-746.932372157
2018-02-21 10:13:00,-746.932372157
2018-02-21 10:14:00,-732.745406882
2018-02-21 10:15:00,-746.932372157
2018-02-21 10:16:00,-746.932372157
2018-02-21 10:17:00,-746.932372157
2018-02-21 10:18:00,-746.932372157
2018-02-21 10:19:00,-746.932372157
2018-02-21 10:20:00,-746.932372157
2018-02-21 10:21:00,-761.119337432
2018-02-21 10:22:00,-761.119337432
2018-02-21 10:23:00,-775.306302707
2018-02-21 10:24:00,-775.306302707
2018-02-21 10:25:00,-775.306302707
2018-02-21 10:26:00,-803.680233257
2018-02-21 10:27:00,-846.241129082
2018-02-21 10:28:00,-860.428094357
2018-02-21 10:29:00,-860.428094357
2018-02-21 10:30:00,-860.428094357
2018-02-21 10:31:00,-860.428094357
2018-02-21 10:32:00,-860.428094357
2018-02-21 10:33:00,-888.802024907
2018-02-21 10:34:00,-888.802024907
2018-02-21 10:35:00,-888.802024907
2018-02-21 10:36:00,-888.802024907
2018-02-21 10:37:00,-888.802024907
2018-02-21 10:38:00,-888.802024907
2018-02-21 10:39:00,-888.802024907
2018-02-21 10:40:00,-888.802024907
2018-02-21 10:41:00,-888.802024907
2018-02-21 10:42:00,-888.802024907
2018-02-21 10:43:00,-888.802024907
2018-02-21 10:44:00,-874.615059632
2018-02-21 10:45:00,-888.802024907
2018-02-21 10:46:00,-917.175955457
2018-02-21 10:47:00,-917.175955457
2018-02-21 10:48:00,-917.175955457
2018-02-21 10:49:00,-917.175955457
2018-02-21 10:50:00,-917.175955457
2018-02-21 10:51:00,-917.175955457
2018-02-21 10:52:00,-917.175955457
2018-02-21 10:53:00,-917.175955457
2018-02-21 10:54:00,-888.802024907
2018-02-21 10:55:00,-917.175955457
2018-02-21 10:56:00,-917.175955457
2018-02-21 10:57:00,-917.175955457
2018-02-21 10:58:00,-917.175955457
2018-02-21 10:59:00,-917.175955457
2018-02-21 11:00:00,-931.362920732
2018-02-21 11:01:00,-931.362920732
2018-02-21 11:02:00,-959.736851282
2018-02-21 11:03:00,-973.923816557
2018-02-21 11:04:00,-959.736851282
2018-02-21 11:05:00,-959.736851282
2018-02-21 11:06:00,-959.736851282
2018-02-21 11:07:00,-959.736851282
2018-02-21 11:08:00,-959.736851282
2018-02-21 11:09:00,-931.362920732
2018-02-21 11:10:00,-945.549886007
2018-02-21 11:11:00,-945.549886007
2018-02-21 11:12:00,-945.549886007
2018-02-21 11:13:00,-945.549886007
2018-02-21 11:14:00,-931.362920732
2018-02-21 11:15:00,-959.736851282
2018-02-21 11:16:00,-945.549886007
2018-02-21 11:17:00,-902.988990182
2018-02-21 11:18:00,-945.549886007
2018-02-21 11:19:00,-945.549886007
2018-02-21 11:20:00,-945.549886007
2018-02-21 11:21:00,-945.549886007
2018-02-21 11:22:00,-945.549886007
2018-02-21 11:23:00,-931.362920732
2018-02-21 11:24:00,-931.362920732
2018-02-21 11:25:00,-931.362920732
2018-02-21 11:26:00,-931.362920732
2018-02-21 11:27:00,-931.362920732
2018-02-21 11:28:00,-945.549886007
2018-02-21 11:29:00,-931.362920732
2018-02-21 11:30:00,-931.362920732
2018-02-21 11:31:00,-931.362920732
2018-02-21 11:32:00,-945.549886007
2018-02-21 11:33:00,-931.362920732
2018-02-21 11:34:00,-931.362920732
2018-02-21 11:35:00,-931.362920732
2018-02-21 11:36:00,-931.362920732
2018-02-21 11:37:00,-931.362920732
2018-02-21 11:38:00,-931.362920732
2018-02-21 11:39:00,-931.362920732
2018-02-21 11:40:00,-931.362920732
2018-02-21 11:41:00,-917.175955457
2018-02-21 11:42:00,-917.175955457
2018-02-21 11:43:00,-945.549886007
2018-02-21 11:44:00,-945.549886007
2018-02-21 11:45:00,-945.549886007
2018-02-21 11:46:00,-945.549886007
2018-02-21 11:47:00,-959.736851282
2018-02-21 11:48:00,-945.549886007
2018-02-21 11:49:00,-945.549886007
2018-02-21 11:50:00,-945.549886007
2018-02-21 11:51:00,-959.736851282
2018-02-21 11:52:00,-945.549886007
2018-02-21 11:53:00,-945.549886007
2018-02-21 11:54:00,-945.549886007
2018-02-21 11:55:00,-959.736851282
2018-02-21 11:56:00,-959.736851282
2018-02-21 11:57:00,-959.736851282
2018-02-21 11:58:00,-959.736851282
2018-02-21 11:59:00,-959.736851282
2018-02-22 01:29:00,-1016.48471238
2018-02-22 01:30:00,-1016.48471238
2018-02-22 01:31:00,-1016.48471238
2018-02-22 01:32:00,-1016.48471238
2018-02-22 01:33:00,-1016.48471238
2018-02-22 01:34:00,-1030.67167766
2018-02-22 01:35:00,-1030.67167766
2018-02-22 01:36:00,-1030.67167766
2018-02-22 01:37:00,-1030.67167766
2018-02-22 01:38:00,-1030.67167766
2018-02-22 01:39:00,-1030.67167766
2018-02-22 01:40:00,-1030.67167766
2018-02-22 01:41:00,-1030.67167766
2018-02-22 01:42:00,-1030.67167766
2018-02-22 01:43:00,-1030.67167766
2018-02-22 01:44:00,-1030.67167766
2018-02-22 01:45:00,-1030.67167766
2018-02-22 01:46:00,-1030.67167766
2018-02-22 01:47:00,-1030.67167766
2018-02-22 01:48:00,-1030.67167766
2018-02-22 01:49:00,-1044.85864293
2018-02-22 01:50:00,-1016.48471238
2018-02-22 01:51:00,-1016.48471238
2018-02-22 01:52:00,-1002.29774711
2018-02-22 01:53:00,-1016.48471238
2018-02-22 01:54:00,-1030.67167766
2018-02-22 01:55:00,-1016.48471238
2018-02-22 01:56:00,-1016.48471238
2018-02-22 01:57:00,-1002.29774711
2018-02-22 01:58:00,-1002.29774711
2018-02-22 01:59:00,-1016.48471238
2018-02-22 02:00:00,-1044.85864293
2018-02-22 02:01:00,-1059.04560821
2018-02-22 02:02:00,-1087.41953876
2018-02-22 02:03:00,-1073.23257348
2018-02-22 02:04:00,-1073.23257348
2018-02-22 02:05:00,-1073.23257348
2018-02-22 02:06:00,-1059.04560821
2018-02-22 02:07:00,-1059.04560821
2018-02-22 02:08:00,-1059.04560821
2018-02-22 02:09:00,-1030.67167766
2018-02-22 02:10:00,-1030.67167766
2018-02-22 02:11:00,-1030.67167766
2018-02-22 02:12:00,-1002.29774711
2018-02-22 02:13:00,-988.110781832
2018-02-22 02:14:00,-988.110781832
2018-02-22 02:15:00,-1002.29774711
2018-02-22 02:16:00,-1059.04560821
2018-02-22 02:17:00,-1059.04560821
2018-02-22 02:18:00,-1059.04560821
2018-02-22 02:19:00,-1059.04560821
2018-02-22 02:20:00,-1059.04560821
2018-02-22 02:21:00,-1016.48471238
2018-02-22 02:22:00,-1030.67167766
2018-02-22 02:23:00,-1030.67167766
2018-02-22 02:24:00,-988.110781832
2018-02-22 02:25:00,-988.110781832
2018-02-22 02:26:00,-988.110781832
2018-02-22 02:27:00,-988.110781832
2018-02-22 02:28:00,-988.110781832
2018-02-22 02:29:00,-988.110781832
2018-02-22 02:30:00,-988.110781832
2018-02-22 02:31:00,-988.110781832
2018-02-22 02:32:00,-973.923816557
2018-02-22 02:33:00,-973.923816557
2018-02-22 02:34:00,-973.923816557
2018-02-22 02:35:00,-973.923816557
2018-02-22 02:36:00,-988.110781832
2018-02-22 02:37:00,-1002.29774711
2018-02-22 02:38:00,-1002.29774711
2018-02-22 02:39:00,-1002.29774711
2018-02-22 02:40:00,-1030.67167766
2018-02-22 02:41:00,-1073.23257348
2018-02-22 02:42:00,-1101.60650403
2018-02-22 02:43:00,-1002.29774711
2018-02-22 02:44:00,-888.802024907
2018-02-22 02:45:00,-945.549886007
2018-02-22 02:46:00,-931.362920732
2018-02-22 02:47:00,-931.362920732
2018-02-22 02:48:00,-931.362920732
2018-02-22 02:49:00,-931.362920732
2018-02-22 02:50:00,-917.175955457
2018-02-22 02:51:00,-888.802024907
2018-02-22 02:52:00,-888.802024907
2018-02-22 02:53:00,-888.802024907
2018-02-22 02:54:00,-888.802024907
2018-02-22 02:55:00,-888.802024907
2018-02-22 02:56:00,-874.615059632
2018-02-22 02:57:00,-917.175955457
2018-02-22 02:58:00,-888.802024907
2018-02-22 02:59:00,-888.802024907
2018-02-22 03:00:00,-888.802024907
2018-02-22 03:01:00,-874.615059632
2018-02-22 03:02:00,-789.493267982
2018-02-22 03:03:00,-803.680233257
2018-02-22 03:04:00,-789.493267982
2018-02-22 03:05:00,-761.119337432
2018-02-22 03:06:00,-775.306302707
2018-02-22 03:07:00,-761.119337432
2018-02-22 03:08:00,-775.306302707
2018-02-22 03:09:00,-775.306302707
2018-02-22 03:10:00,-775.306302707
2018-02-22 03:11:00,-860.428094357
2018-02-22 03:12:00,-860.428094357
2018-02-22 03:13:00,-860.428094357
2018-02-22 03:14:00,-860.428094357
2018-02-22 03:15:00,-860.428094357
2018-02-22 03:16:00,-860.428094357
2018-02-22 03:17:00,-860.428094357
2018-02-22 03:18:00,-860.428094357
2018-02-22 03:19:00,-817.867198532
2018-02-22 03:20:00,-803.680233257
2018-02-22 03:21:00,-803.680233257
2018-02-22 03:22:00,-817.867198532
2018-02-22 03:23:00,-832.054163807
2018-02-22 03:24:00,-832.054163807
2018-02-22 03:25:00,-846.241129082
2018-02-22 03:26:00,-846.241129082
2018-02-22 03:27:00,-846.241129082
2018-02-22 03:28:00,-832.054163807
2018-02-22 03:29:00,-832.054163807
2018-02-22 03:30:00,-761.119337432
2018-02-22 03:31:00,-718.558441607
2018-02-22 03:32:00,-732.745406882
2018-02-22 03:33:00,-746.932372157
2018-02-22 03:34:00,-761.119337432
2018-02-22 03:35:00,-746.932372157
2018-02-22 03:36:00,-746.932372157
2018-02-22 03:37:00,-746.932372157
2018-02-22 03:38:00,-718.558441607
2018-02-22 03:39:00,-732.745406882
2018-02-22 03:40:00,-732.745406882
2018-02-22 03:41:00,-732.745406882
2018-02-22 03:42:00,-732.745406882
2018-02-22 03:43:00,-732.745406882
2018-02-22 03:44:00,-732.745406882
2018-02-22 03:45:00,-732.745406882
2018-02-22 03:46:00,-732.745406882
2018-02-22 03:47:00,-732.745406882
2018-02-22 03:48:00,-732.745406882
2018-02-22 03:49:00,-732.745406882
2018-02-22 03:50:00,-732.745406882
2018-02-22 03:51:00,-690.184511057
2018-02-22 03:52:00,-718.558441607
2018-02-22 03:53:00,-718.558441607
2018-02-22 03:54:00,-704.371476332
2018-02-22 03:55:00,-690.184511057
2018-02-22 03:56:00,-690.184511057
2018-02-22 03:57:00,-690.184511057
2018-02-22 03:58:00,-690.184511057
2018-02-22 03:59:00,-690.184511057
2018-02-22 04:00:00,-690.184511057
2018-02-22 04:01:00,-690.184511057
2018-02-22 04:02:00,-690.184511057
2018-02-22 04:03:00,-704.371476332
2018-02-22 04:04:00,-718.558441607
2018-02-22 04:05:00,-718.558441607
2018-02-22 04:06:00,-718.558441607
2018-02-22 04:07:00,-746.932372157
2018-02-22 04:08:00,-746.932372157
2018-02-22 04:09:00,-746.932372157
2018-02-22 04:10:00,-746.932372157
2018-02-22 04:11:00,-746.932372157
2018-02-22 04:12:00,-746.932372157
2018-02-22 04:13:00,-704.371476332
2018-02-22 04:14:00,-704.371476332
2018-02-22 04:15:00,-690.184511057
2018-02-22 04:16:00,-675.997545782
2018-02-22 04:17:00,-661.810580507
2018-02-22 04:18:00,-661.810580507
2018-02-22 04:19:00,-661.810580507
2018-02-22 04:20:00,-661.810580507
2018-02-22 04:21:00,-661.810580507
2018-02-22 04:22:00,-661.810580507
2018-02-22 04:23:00,-661.810580507
2018-02-22 04:24:00,-690.184511057
2018-02-22 04:25:00,-690.184511057
2018-02-22 04:26:00,-690.184511057
2018-02-22 04:27:00,-690.184511057
2018-02-22 04:28:00,-690.184511057
2018-02-22 04:29:00,-732.745406882
2018-02-22 04:30:00,-732.745406882
2018-02-22 04:31:00,-732.745406882
2018-02-22 04:32:00,-746.932372157
2018-02-22 04:33:00,-746.932372157
2018-02-22 04:34:00,-746.932372157
2018-02-22 04:35:00,-746.932372157
2018-02-22 04:36:00,-746.932372157
2018-02-22 04:37:00,-746.932372157
2018-02-22 04:38:00,-761.119337432
2018-02-22 04:39:00,-761.119337432
2018-02-22 04:40:00,-761.119337432
2018-02-22 04:41:00,-746.932372157
2018-02-22 04:42:00,-746.932372157
2018-02-22 04:43:00,-761.119337432
2018-02-22 04:44:00,-761.119337432
2018-02-22 04:45:00,-746.932372157
2018-02-22 04:46:00,-761.119337432
2018-02-22 04:47:00,-746.932372157
2018-02-22 04:48:00,-718.558441607
2018-02-22 04:49:00,-746.932372157
2018-02-22 04:50:00,-732.745406882
2018-02-22 04:51:00,-718.558441607
2018-02-22 04:52:00,-732.745406882
2018-02-22 04:53:00,-732.745406882
2018-02-22 04:54:00,-718.558441607
2018-02-22 04:55:00,-746.932372157
2018-02-22 04:56:00,-746.932372157
2018-02-22 04:57:00,-746.932372157
2018-02-22 04:58:00,-746.932372157
2018-02-22 04:59:00,-775.306302707
2018-02-22 05:00:00,-775.306302707
2018-02-22 05:01:00,-789.493267982
2018-02-22 05:02:00,-789.493267982
2018-02-22 05:03:00,-789.493267982
2018-02-22 05:04:00,-789.493267982
2018-02-22 05:05:00,-789.493267982
2018-02-22 05:06:00,-789.493267982
2018-02-22 05:07:00,-789.493267982
2018-02-22 05:08:00,-817.867198532
2018-02-22 05:09:00,-817.867198532
2018-02-22 05:10:00,-817.867198532
2018-02-22 05:11:00,-803.680233257
2018-02-22 05:12:00,-803.680233257
2018-02-22 05:13:00,-803.680233257
2018-02-22 05:14:00,-803.680233257
2018-02-22 05:15:00,-803.680233257
2018-02-22 05:16:00,-803.680233257
2018-02-22 05:17:00,-803.680233257
2018-02-22 05:18:00,-803.680233257
2018-02-22 05:19:00,-803.680233257
2018-02-22 05:20:00,-817.867198532
2018-02-22 05:21:00,-846.241129082
2018-02-22 05:22:00,-846.241129082
2018-02-22 05:23:00,-846.241129082
2018-02-22 05:24:00,-860.428094357
2018-02-22 05:25:00,-860.428094357
2018-02-22 05:26:00,-860.428094357
2018-02-22 05:27:00,-860.428094357
2018-02-22 05:28:00,-860.428094357
2018-02-22 05:29:00,-860.428094357
2018-02-22 05:30:00,-860.428094357
2018-02-22 05:31:00,-846.241129082
2018-02-22 05:32:00,-846.241129082
2018-02-22 05:33:00,-846.241129082
2018-02-22 05:34:00,-846.241129082
2018-02-22 05:35:00,-846.241129082
2018-02-22 05:36:00,-846.241129082
2018-02-22 05:37:00,-860.428094357
2018-02-22 05:38:00,-860.428094357
2018-02-22 05:39:00,-860.428094357
2018-02-22 05:40:00,-846.241129082
2018-02-22 05:41:00,-846.241129082
2018-02-22 05:42:00,-860.428094357
2018-02-22 05:43:00,-860.428094357
2018-02-22 05:44:00,-860.428094357
2018-02-22 05:45:00,-860.428094357
2018-02-22 05:46:00,-860.428094357
2018-02-22 05:47:00,-860.428094357
2018-02-22 05:48:00,-846.241129082
2018-02-22 05:49:00,-846.241129082
2018-02-22 05:50:00,-846.241129082
2018-02-22 05:51:00,-846.241129082
2018-02-22 05:52:00,-846.241129082
2018-02-22 05:53:00,-860.428094357
2018-02-22 05:54:00,-846.241129082
2018-02-22 05:55:00,-860.428094357
2018-02-22 05:56:00,-888.802024907
2018-02-22 05:57:00,-888.802024907
2018-02-22 05:58:00,-902.988990182
2018-02-22 05:59:00,-888.802024907
2018-02-22 06:00:00,-888.802024907
2018-02-22 06:01:00,-888.802024907
2018-02-22 06:02:00,-902.988990182
2018-02-22 06:03:00,-888.802024907
2018-02-22 06:04:00,-888.802024907
2018-02-22 06:05:00,-888.802024907
2018-02-22 06:06:00,-902.988990182
2018-02-22 06:07:00,-973.923816557
2018-02-22 06:08:00,-945.549886007
2018-02-22 06:09:00,-945.549886007
2018-02-22 06:10:00,-945.549886007
2018-02-22 06:11:00,-945.549886007
2018-02-22 06:12:00,-945.549886007
2018-02-22 06:13:00,-973.923816557
2018-02-22 06:14:00,-959.736851282
2018-02-22 06:15:00,-945.549886007
2018-02-22 06:16:00,-988.110781832
2018-02-22 06:17:00,-988.110781832
2018-02-22 06:18:00,-988.110781832
2018-02-22 06:19:00,-988.110781832
2018-02-22 06:20:00,-945.549886007
2018-02-22 06:21:00,-945.549886007
2018-02-22 06:22:00,-945.549886007
2018-02-22 06:23:00,-945.549886007
2018-02-22 06:24:00,-931.362920732
2018-02-22 06:25:00,-917.175955457
2018-02-22 06:26:00,-917.175955457
2018-02-22 06:27:00,-917.175955457
2018-02-22 06:28:00,-931.362920732
2018-02-22 06:29:00,-917.175955457
2018-02-22 06:30:00,-888.802024907
2018-02-22 06:31:00,-931.362920732
2018-02-22 06:32:00,-917.175955457
2018-02-22 06:33:00,-902.988990182
2018-02-22 06:34:00,-902.988990182
2018-02-22 06:35:00,-874.615059632
2018-02-22 06:36:00,-874.615059632
2018-02-22 06:37:00,-888.802024907
2018-02-22 06:38:00,-888.802024907
2018-02-22 06:39:00,-888.802024907
2018-02-22 06:40:00,-888.802024907
2018-02-22 06:41:00,-888.802024907
2018-02-22 06:42:00,-902.988990182
2018-02-22 06:43:00,-988.110781832
2018-02-22 06:44:00,-1002.29774711
2018-02-22 06:45:00,-988.110781832
2018-02-22 06:46:00,-988.110781832
2018-02-22 06:47:00,-973.923816557
2018-02-22 06:48:00,-959.736851282
2018-02-22 06:49:00,-959.736851282
2018-02-22 06:50:00,-945.549886007
2018-02-22 06:51:00,-945.549886007
2018-02-22 06:52:00,-945.549886007
2018-02-22 06:53:00,-945.549886007
2018-02-22 06:54:00,-945.549886007
2018-02-22 06:55:00,-945.549886007
2018-02-22 06:56:00,-931.362920732
2018-02-22 06:57:00,-931.362920732
2018-02-22 06:58:00,-917.175955457
2018-02-22 06:59:00,-931.362920732
2018-02-22 07:00:00,-931.362920732
2018-02-22 07:01:00,-931.362920732
2018-02-22 07:02:00,-959.736851282
2018-02-22 07:03:00,-973.923816557
2018-02-22 07:04:00,-1002.29774711
2018-02-22 07:05:00,-1002.29774711
2018-02-22 07:06:00,-959.736851282
2018-02-22 07:07:00,-973.923816557
2018-02-22 07:08:00,-973.923816557
2018-02-22 07:09:00,-973.923816557
2018-02-22 07:10:00,-973.923816557
2018-02-22 07:11:00,-973.923816557
2018-02-22 07:12:00,-973.923816557
2018-02-22 07:13:00,-973.923816557
2018-02-22 07:14:00,-973.923816557
2018-02-22 07:15:00,-988.110781832
2018-02-22 07:16:00,-988.110781832
2018-02-22 07:17:00,-988.110781832
2018-02-22 07:18:00,-973.923816557
2018-02-22 07:19:00,-973.923816557
2018-02-22 07:20:00,-959.736851282
2018-02-22 07:21:00,-988.110781832
2018-02-22 07:22:00,-973.923816557
2018-02-22 07:23:00,-973.923816557
2018-02-22 07:24:00,-945.549886007
2018-02-22 07:25:00,-959.736851282
2018-02-22 07:26:00,-959.736851282
2018-02-22 07:27:00,-973.923816557
2018-02-22 07:28:00,-988.110781832
2018-02-22 07:29:00,-959.736851282
2018-02-22 07:30:00,-1002.29774711
2018-02-22 07:31:00,-1016.48471238
2018-02-22 07:32:00,-1016.48471238
2018-02-22 07:33:00,-1016.48471238
2018-02-22 07:34:00,-1016.48471238
2018-02-22 07:35:00,-1016.48471238
2018-02-22 07:36:00,-1016.48471238
2018-02-22 07:37:00,-1016.48471238
2018-02-22 07:38:00,-1016.48471238
2018-02-22 07:39:00,-1016.48471238
2018-02-22 07:40:00,-988.110781832
2018-02-22 07:41:00,-973.923816557
2018-02-22 07:42:00,-988.110781832
2018-02-22 07:43:00,-1016.48471238
2018-02-22 07:44:00,-1016.48471238
2018-02-22 07:45:00,-1030.67167766
2018-02-22 07:46:00,-1016.48471238
2018-02-22 07:47:00,-1016.48471238
2018-02-22 07:48:00,-1016.48471238
2018-02-22 07:49:00,-1016.48471238
2018-02-22 07:50:00,-1016.48471238
2018-02-22 07:51:00,-1016.48471238
2018-02-22 07:52:00,-1030.67167766
2018-02-22 07:53:00,-1016.48471238
2018-02-22 07:54:00,-1002.29774711
2018-02-22 07:55:00,-1016.48471238
2018-02-22 07:56:00,-1016.48471238
2018-02-22 07:57:00,-1016.48471238
2018-02-22 07:58:00,-1016.48471238
2018-02-22 07:59:00,-1016.48471238
2018-02-22 08:00:00,-1002.29774711
2018-02-22 08:01:00,-1002.29774711
2018-02-22 08:02:00,-1002.29774711
2018-02-22 08:03:00,-917.175955457
2018-02-22 08:04:00,-917.175955457
2018-02-22 08:05:00,-945.549886007
2018-02-22 08:06:00,-945.549886007
2018-02-22 08:07:00,-945.549886007
2018-02-22 08:08:00,-945.549886007
2018-02-22 08:09:00,-959.736851282
2018-02-22 08:10:00,-959.736851282
2018-02-22 08:11:00,-945.549886007
2018-02-22 08:12:00,-959.736851282
2018-02-22 08:13:00,-959.736851282
2018-02-22 08:14:00,-959.736851282
2018-02-22 08:15:00,-945.549886007
2018-02-22 08:16:00,-945.549886007
2018-02-22 08:17:00,-945.549886007
2018-02-22 08:18:00,-959.736851282
2018-02-22 08:19:00,-959.736851282
2018-02-22 08:20:00,-959.736851282
2018-02-22 08:21:00,-959.736851282
2018-02-22 08:22:00,-959.736851282
2018-02-22 08:23:00,-959.736851282
2018-02-22 08:24:00,-959.736851282
2018-02-22 08:25:00,-959.736851282
2018-02-22 08:26:00,-959.736851282
2018-02-22 08:27:00,-959.736851282
2018-02-22 08:28:00,-959.736851282
2018-02-22 08:29:00,-959.736851282
2018-02-22 08:30:00,-959.736851282
2018-02-22 08:31:00,-959.736851282
2018-02-22 08:32:00,-988.110781832
2018-02-22 08:33:00,-988.110781832
2018-02-22 08:34:00,-988.110781832
2018-02-22 08:35:00,-959.736851282
2018-02-22 08:36:00,-959.736851282
2018-02-22 08:37:00,-959.736851282
2018-02-22 08:38:00,-959.736851282
2018-02-22 08:39:00,-959.736851282
2018-02-22 08:40:00,-959.736851282
2018-02-22 08:41:00,-959.736851282
2018-02-22 08:42:00,-959.736851282
2018-02-22 08:43:00,-959.736851282
2018-02-22 08:44:00,-959.736851282
2018-02-22 08:45:00,-959.736851282
2018-02-22 08:46:00,-888.802024907
2018-02-22 08:47:00,-888.802024907
2018-02-22 08:48:00,-902.988990182
2018-02-22 08:49:00,-888.802024907
2018-02-22 08:50:00,-888.802024907
2018-02-22 08:51:00,-888.802024907
2018-02-22 08:52:00,-860.428094357
2018-02-22 08:53:00,-874.615059632
2018-02-22 08:54:00,-874.615059632
2018-02-22 08:55:00,-874.615059632
2018-02-22 08:56:00,-860.428094357
2018-02-22 08:57:00,-860.428094357
2018-02-22 08:58:00,-860.428094357
2018-02-22 08:59:00,-860.428094357
2018-02-22 09:00:00,-817.867198532
2018-02-22 09:01:00,-817.867198532
2018-02-22 09:02:00,-846.241129082
2018-02-22 09:03:00,-832.054163807
2018-02-22 09:04:00,-817.867198532
2018-02-22 09:05:00,-803.680233257
2018-02-22 09:06:00,-789.493267982
2018-02-22 09:07:00,-789.493267982
2018-02-22 09:08:00,-789.493267982
2018-02-22 09:09:00,-789.493267982
2018-02-22 09:10:00,-775.306302707
2018-02-22 09:11:00,-761.119337432
2018-02-22 09:12:00,-761.119337432
2018-02-22 09:13:00,-746.932372157
2018-02-22 09:14:00,-761.119337432
2018-02-22 09:15:00,-761.119337432
2018-02-22 09:16:00,-761.119337432
2018-02-22 09:17:00,-746.932372157
2018-02-22 09:18:00,-746.932372157
2018-02-22 09:19:00,-746.932372157
2018-02-22 09:20:00,-746.932372157
2018-02-22 09:21:00,-732.745406882
2018-02-22 09:22:00,-718.558441607
2018-02-22 09:23:00,-704.371476332
2018-02-22 09:24:00,-704.371476332
2018-02-22 09:25:00,-704.371476332
2018-02-22 09:26:00,-718.558441607
2018-02-22 09:27:00,-732.745406882
2018-02-22 09:28:00,-732.745406882
2018-02-22 09:29:00,-718.558441607
2018-02-22 09:30:00,-732.745406882
2018-02-22 09:31:00,-732.745406882
2018-02-22 09:32:00,-746.932372157
2018-02-22 09:33:00,-746.932372157
2018-02-22 09:34:00,-746.932372157
2018-02-22 09:35:00,-746.932372157
2018-02-22 09:36:00,-732.745406882
2018-02-22 09:37:00,-746.932372157
2018-02-22 09:38:00,-746.932372157
2018-02-22 09:39:00,-775.306302707
2018-02-22 09:40:00,-789.493267982
2018-02-22 09:41:00,-803.680233257
2018-02-22 09:42:00,-817.867198532
2018-02-22 09:43:00,-803.680233257
2018-02-22 09:44:00,-803.680233257
2018-02-22 09:45:00,-775.306302707
2018-02-22 09:46:00,-775.306302707
2018-02-22 09:47:00,-775.306302707
2018-02-22 09:48:00,-775.306302707
2018-02-22 09:49:00,-775.306302707
2018-02-22 09:50:00,-775.306302707
2018-02-22 09:51:00,-775.306302707
2018-02-22 09:52:00,-761.119337432
2018-02-22 09:53:00,-761.119337432
2018-02-22 09:54:00,-761.119337432
2018-02-22 09:55:00,-718.558441607
2018-02-22 09:56:00,-718.558441607
2018-02-22 09:57:00,-718.558441607
2018-02-22 09:58:00,-718.558441607
2018-02-22 09:59:00,-718.558441607
2018-02-22 10:00:00,-718.558441607
2018-02-22 10:01:00,-718.558441607
2018-02-22 10:02:00,-704.371476332
2018-02-22 10:03:00,-704.371476332
2018-02-22 10:04:00,-718.558441607
2018-02-22 10:05:00,-718.558441607
2018-02-22 10:06:00,-718.558441607
2018-02-22 10:07:00,-718.558441607
2018-02-22 10:08:00,-718.558441607
2018-02-22 10:09:00,-718.558441607
2018-02-22 10:10:00,-718.558441607
2018-02-22 10:11:00,-746.932372157
2018-02-22 10:12:00,-775.306302707
2018-02-22 10:13:00,-746.932372157
2018-02-22 10:14:00,-732.745406882
2018-02-22 10:15:00,-746.932372157
2018-02-22 10:16:00,-761.119337432
2018-02-22 10:17:00,-746.932372157
2018-02-22 10:18:00,-746.932372157
2018-02-22 10:19:00,-746.932372157
2018-02-22 10:20:00,-746.932372157
2018-02-22 10:21:00,-761.119337432
2018-02-22 10:22:00,-761.119337432
2018-02-22 10:23:00,-761.119337432
2018-02-22 10:24:00,-775.306302707
2018-02-22 10:25:00,-789.493267982
2018-02-22 10:26:00,-775.306302707
2018-02-22 10:27:00,-775.306302707
2018-02-22 10:28:00,-775.306302707
2018-02-22 10:29:00,-789.493267982
2018-02-22 10:30:00,-746.932372157
2018-02-22 10:31:00,-746.932372157
2018-02-22 10:32:00,-746.932372157
2018-02-22 10:33:00,-718.558441607
2018-02-22 10:34:00,-718.558441607
2018-02-22 10:35:00,-718.558441607
2018-02-22 10:36:00,-718.558441607
2018-02-22 10:37:00,-718.558441607
2018-02-22 10:38:00,-718.558441607
2018-02-22 10:39:00,-718.558441607
2018-02-22 10:40:00,-718.558441607
2018-02-22 10:41:00,-718.558441607
2018-02-22 10:42:00,-732.745406882
2018-02-22 10:43:00,-732.745406882
2018-02-22 10:44:00,-732.745406882
2018-02-22 10:45:00,-746.932372157
2018-02-22 10:46:00,-761.119337432
2018-02-22 10:47:00,-775.306302707
2018-02-22 10:48:00,-775.306302707
2018-02-22 10:49:00,-775.306302707
2018-02-22 10:50:00,-775.306302707
2018-02-22 10:51:00,-775.306302707
2018-02-22 10:52:00,-775.306302707
2018-02-22 10:53:00,-761.119337432
2018-02-22 10:54:00,-789.493267982
2018-02-22 10:55:00,-789.493267982
2018-02-22 10:56:00,-789.493267982
2018-02-22 10:57:00,-789.493267982
2018-02-22 10:58:00,-789.493267982
2018-02-22 10:59:00,-789.493267982
2018-02-22 11:00:00,-789.493267982
2018-02-22 11:01:00,-789.493267982
2018-02-22 11:02:00,-817.867198532
2018-02-22 11:03:00,-817.867198532
2018-02-22 11:04:00,-817.867198532
2018-02-22 11:05:00,-803.680233257
2018-02-22 11:06:00,-803.680233257
2018-02-22 11:07:00,-761.119337432
2018-02-22 11:08:00,-761.119337432
2018-02-22 11:09:00,-761.119337432
2018-02-22 11:10:00,-761.119337432
2018-02-22 11:11:00,-761.119337432
2018-02-22 11:12:00,-761.119337432
2018-02-22 11:13:00,-761.119337432
2018-02-22 11:14:00,-761.119337432
2018-02-22 11:15:00,-761.119337432
2018-02-22 11:16:00,-761.119337432
2018-02-22 11:17:00,-761.119337432
2018-02-22 11:18:00,-761.119337432
2018-02-22 11:19:00,-732.745406882
2018-02-22 11:20:00,-732.745406882
2018-02-22 11:21:00,-746.932372157
2018-02-22 11:22:00,-746.932372157
2018-02-22 11:23:00,-746.932372157
2018-02-22 11:24:00,-746.932372157
2018-02-22 11:25:00,-746.932372157
2018-02-22 11:26:00,-746.932372157
2018-02-22 11:27:00,-746.932372157
2018-02-22 11:28:00,-746.932372157
2018-02-22 11:29:00,-746.932372157
2018-02-22 11:30:00,-718.558441607
2018-02-22 11:31:00,-704.371476332
2018-02-22 11:32:00,-704.371476332
2018-02-22 11:33:00,-704.371476332
2018-02-22 11:34:00,-718.558441607
2018-02-22 11:35:00,-704.371476332
2018-02-22 11:36:00,-704.371476332
2018-02-22 11:37:00,-704.371476332
2018-02-22 11:38:00,-704.371476332
2018-02-22 11:39:00,-704.371476332
2018-02-22 11:40:00,-704.371476332
2018-02-22 11:41:00,-704.371476332
2018-02-22 11:42:00,-704.371476332
2018-02-22 11:43:00,-704.371476332
2018-02-22 11:44:00,-704.371476332
2018-02-22 11:45:00,-704.371476332
2018-02-22 11:46:00,-718.558441607
2018-02-22 11:47:00,-718.558441607
2018-02-22 11:48:00,-732.745406882
2018-02-22 11:49:00,-718.558441607
2018-02-22 11:50:00,-718.558441607
2018-02-22 11:51:00,-718.558441607
2018-02-22 11:52:00,-718.558441607
2018-02-22 11:53:00,-718.558441607
2018-02-22 11:54:00,-718.558441607
2018-02-22 11:55:00,-718.558441607
2018-02-22 11:56:00,-732.745406882
2018-02-22 11:57:00,-732.745406882
2018-02-22 11:58:00,-732.745406882
2018-02-22 11:59:00,-732.745406882
2018-02-23 01:29:00,-718.557306649
2018-02-23 01:30:00,-718.557306649
2018-02-23 01:31:00,-718.557306649
2018-02-23 01:32:00,-718.557306649
2018-02-23 01:33:00,-718.557306649
2018-02-23 01:34:00,-732.744271924
2018-02-23 01:35:00,-732.744271924
2018-02-23 01:36:00,-732.744271924
2018-02-23 01:37:00,-732.744271924
2018-02-23 01:38:00,-732.744271924
2018-02-23 01:39:00,-732.744271924
2018-02-23 01:40:00,-761.118202474
2018-02-23 01:41:00,-761.118202474
2018-02-23 01:42:00,-761.118202474
2018-02-23 01:43:00,-761.118202474
2018-02-23 01:44:00,-761.118202474
2018-02-23 01:45:00,-761.118202474
2018-02-23 01:46:00,-761.118202474
2018-02-23 01:47:00,-761.118202474
2018-02-23 01:48:00,-761.118202474
2018-02-23 01:49:00,-761.118202474
2018-02-23 01:50:00,-761.118202474
2018-02-23 01:51:00,-732.744271924
2018-02-23 01:52:00,-732.744271924
2018-02-23 01:53:00,-732.744271924
2018-02-23 01:54:00,-732.744271924
2018-02-23 01:55:00,-718.557306649
2018-02-23 01:56:00,-718.557306649
2018-02-23 01:57:00,-704.370341374
2018-02-23 01:58:00,-704.370341374
2018-02-23 01:59:00,-704.370341374
2018-02-23 02:00:00,-675.996410824
2018-02-23 02:01:00,-633.435514999
2018-02-23 02:02:00,-633.435514999
2018-02-23 02:03:00,-576.687653899
2018-02-23 02:04:00,-576.687653899
2018-02-23 02:05:00,-576.687653899
2018-02-23 02:06:00,-548.313723349
2018-02-23 02:07:00,-534.126758074
2018-02-23 02:08:00,-548.313723349
2018-02-23 02:09:00,-534.126758074
2018-02-23 02:10:00,-576.687653899
2018-02-23 02:11:00,-605.061584449
2018-02-23 02:12:00,-605.061584449
2018-02-23 02:13:00,-605.061584449
2018-02-23 02:14:00,-605.061584449
2018-02-23 02:15:00,-605.061584449
2018-02-23 02:16:00,-605.061584449
2018-02-23 02:17:00,-605.061584449
2018-02-23 02:18:00,-605.061584449
2018-02-23 02:19:00,-605.061584449
2018-02-23 02:20:00,-605.061584449
2018-02-23 02:21:00,-576.687653899
2018-02-23 02:22:00,-562.500688624
2018-02-23 02:23:00,-562.500688624
2018-02-23 02:24:00,-590.874619174
2018-02-23 02:25:00,-590.874619174
2018-02-23 02:26:00,-590.874619174
2018-02-23 02:27:00,-605.061584449
2018-02-23 02:28:00,-605.061584449
2018-02-23 02:29:00,-605.061584449
2018-02-23 02:30:00,-605.061584449
2018-02-23 02:31:00,-605.061584449
2018-02-23 02:32:00,-576.687653899
2018-02-23 02:33:00,-576.687653899
2018-02-23 02:34:00,-605.061584449
2018-02-23 02:35:00,-562.500688624
2018-02-23 02:36:00,-576.687653899
2018-02-23 02:37:00,-590.874619174
2018-02-23 02:38:00,-590.874619174
2018-02-23 02:39:00,-590.874619174
2018-02-23 02:40:00,-605.061584449
2018-02-23 02:41:00,-605.061584449
2018-02-23 02:42:00,-605.061584449
2018-02-23 02:43:00,-605.061584449
2018-02-23 02:44:00,-605.061584449
2018-02-23 02:45:00,-619.248549724
2018-02-23 02:46:00,-619.248549724
2018-02-23 02:47:00,-605.061584449
2018-02-23 02:48:00,-590.874619174
2018-02-23 02:49:00,-590.874619174
2018-02-23 02:50:00,-590.874619174
2018-02-23 02:51:00,-605.061584449
2018-02-23 02:52:00,-605.061584449
2018-02-23 02:53:00,-605.061584449
2018-02-23 02:54:00,-605.061584449
2018-02-23 02:55:00,-675.996410824
2018-02-23 02:56:00,-704.370341374
2018-02-23 02:57:00,-718.557306649
2018-02-23 02:58:00,-718.557306649
2018-02-23 02:59:00,-718.557306649
2018-02-23 03:00:00,-704.370341374
2018-02-23 03:01:00,-704.370341374
2018-02-23 03:02:00,-675.996410824
2018-02-23 03:03:00,-690.183376099
2018-02-23 03:04:00,-690.183376099
2018-02-23 03:05:00,-690.183376099
2018-02-23 03:06:00,-690.183376099
2018-02-23 03:07:00,-690.183376099
2018-02-23 03:08:00,-690.183376099
2018-02-23 03:09:00,-704.370341374
2018-02-23 03:10:00,-633.435514999
2018-02-23 03:11:00,-633.435514999
2018-02-23 03:12:00,-633.435514999
2018-02-23 03:13:00,-633.435514999
2018-02-23 03:14:00,-647.622480274
2018-02-23 03:15:00,-647.622480274
2018-02-23 03:16:00,-647.622480274
2018-02-23 03:17:00,-647.622480274
2018-02-23 03:18:00,-661.809445549
2018-02-23 03:19:00,-690.183376099
2018-02-23 03:20:00,-690.183376099
2018-02-23 03:21:00,-704.370341374
2018-02-23 03:22:00,-704.370341374
2018-02-23 03:23:00,-704.370341374
2018-02-23 03:24:00,-675.996410824
2018-02-23 03:25:00,-704.370341374
2018-02-23 03:26:00,-704.370341374
2018-02-23 03:27:00,-704.370341374
2018-02-23 03:28:00,-704.370341374
2018-02-23 03:29:00,-704.370341374
2018-02-23 03:30:00,-690.183376099
2018-02-23 03:31:00,-690.183376099
2018-02-23 03:32:00,-675.996410824
2018-02-23 03:33:00,-690.183376099
2018-02-23 03:34:00,-718.557306649
2018-02-23 03:35:00,-718.557306649
2018-02-23 03:36:00,-732.744271924
2018-02-23 03:37:00,-732.744271924
2018-02-23 03:38:00,-732.744271924
2018-02-23 03:39:00,-746.931237199
2018-02-23 03:40:00,-746.931237199
2018-02-23 03:41:00,-746.931237199
2018-02-23 03:42:00,-746.931237199
2018-02-23 03:43:00,-746.931237199
2018-02-23 03:44:00,-746.931237199
2018-02-23 03:45:00,-746.931237199
2018-02-23 03:46:00,-746.931237199
2018-02-23 03:47:00,-732.744271924
2018-02-23 03:48:00,-732.744271924
2018-02-23 03:49:00,-746.931237199
2018-02-23 03:50:00,-732.744271924
2018-02-23 03:51:00,-690.183376099
2018-02-23 03:52:00,-718.557306649
2018-02-23 03:53:00,-732.744271924
2018-02-23 03:54:00,-732.744271924
2018-02-23 03:55:00,-732.744271924
2018-02-23 03:56:00,-732.744271924
2018-02-23 03:57:00,-718.557306649
2018-02-23 03:58:00,-704.370341374
2018-02-23 03:59:00,-718.557306649
2018-02-23 04:00:00,-704.370341374
2018-02-23 04:01:00,-704.370341374
2018-02-23 04:02:00,-675.996410824
2018-02-23 04:03:00,-647.622480274
2018-02-23 04:04:00,-647.622480274
2018-02-23 04:05:00,-647.622480274
2018-02-23 04:06:00,-661.809445549
2018-02-23 04:07:00,-675.996410824
2018-02-23 04:08:00,-675.996410824
2018-02-23 04:09:00,-690.183376099
2018-02-23 04:10:00,-690.183376099
2018-02-23 04:11:00,-704.370341374
2018-02-23 04:12:00,-704.370341374
2018-02-23 04:13:00,-704.370341374
2018-02-23 04:14:00,-704.370341374
2018-02-23 04:15:00,-704.370341374
2018-02-23 04:16:00,-718.557306649
2018-02-23 04:17:00,-718.557306649
2018-02-23 04:18:00,-718.557306649
2018-02-23 04:19:00,-718.557306649
2018-02-23 04:20:00,-718.557306649
2018-02-23 04:21:00,-718.557306649
2018-02-23 04:22:00,-718.557306649
2018-02-23 04:23:00,-718.557306649
2018-02-23 04:24:00,-718.557306649
2018-02-23 04:25:00,-718.557306649
2018-02-23 04:26:00,-718.557306649
2018-02-23 04:27:00,-704.370341374
2018-02-23 04:28:00,-704.370341374
2018-02-23 04:29:00,-675.996410824
2018-02-23 04:30:00,-675.996410824
2018-02-23 04:31:00,-675.996410824
2018-02-23 04:32:00,-704.370341374
2018-02-23 04:33:00,-690.183376099
2018-02-23 04:34:00,-704.370341374
2018-02-23 04:35:00,-718.557306649
2018-02-23 04:36:00,-718.557306649
2018-02-23 04:37:00,-675.996410824
2018-02-23 04:38:00,-704.370341374
2018-02-23 04:39:00,-718.557306649
2018-02-23 04:40:00,-718.557306649
2018-02-23 04:41:00,-718.557306649
2018-02-23 04:42:00,-718.557306649
2018-02-23 04:43:00,-718.557306649
2018-02-23 04:44:00,-718.557306649
2018-02-23 04:45:00,-718.557306649
2018-02-23 04:46:00,-718.557306649
2018-02-23 04:47:00,-718.557306649
2018-02-23 04:48:00,-718.557306649
2018-02-23 04:49:00,-718.557306649
2018-02-23 04:50:00,-718.557306649
2018-02-23 04:51:00,-718.557306649
2018-02-23 04:52:00,-746.931237199
2018-02-23 04:53:00,-746.931237199
2018-02-23 04:54:00,-761.118202474
2018-02-23 04:55:00,-761.118202474
2018-02-23 04:56:00,-775.305167749
2018-02-23 04:57:00,-789.492133024
2018-02-23 04:58:00,-789.492133024
2018-02-23 04:59:00,-775.305167749
2018-02-23 05:00:00,-789.492133024
2018-02-23 05:01:00,-789.492133024
2018-02-23 05:02:00,-775.305167749
2018-02-23 05:03:00,-775.305167749
2018-02-23 05:04:00,-775.305167749
2018-02-23 05:05:00,-775.305167749
2018-02-23 05:06:00,-718.557306649
2018-02-23 05:07:00,-732.744271924
2018-02-23 05:08:00,-690.183376099
2018-02-23 05:09:00,-690.183376099
2018-02-23 05:10:00,-718.557306649
2018-02-23 05:11:00,-746.931237199
2018-02-23 05:12:00,-746.931237199
2018-02-23 05:13:00,-718.557306649
2018-02-23 05:14:00,-704.370341374
2018-02-23 05:15:00,-718.557306649
2018-02-23 05:16:00,-718.557306649
2018-02-23 05:17:00,-718.557306649
2018-02-23 05:18:00,-718.557306649
2018-02-23 05:19:00,-661.809445549
2018-02-23 05:20:00,-661.809445549
2018-02-23 05:21:00,-661.809445549
2018-02-23 05:22:00,-661.809445549
2018-02-23 05:23:00,-661.809445549
2018-02-23 05:24:00,-619.248549724
2018-02-23 05:25:00,-619.248549724
2018-02-23 05:26:00,-605.061584449
2018-02-23 05:27:00,-605.061584449
2018-02-23 05:28:00,-590.874619174
2018-02-23 05:29:00,-590.874619174
2018-02-23 05:30:00,-562.500688624
2018-02-23 05:31:00,-576.687653899
2018-02-23 05:32:00,-576.687653899
2018-02-23 05:33:00,-590.874619174
2018-02-23 05:34:00,-576.687653899
2018-02-23 05:35:00,-590.874619174
2018-02-23 05:36:00,-576.687653899
2018-02-23 05:37:00,-590.874619174
2018-02-23 05:38:00,-576.687653899
2018-02-23 05:39:00,-605.061584449
2018-02-23 05:40:00,-590.874619174
2018-02-23 05:41:00,-590.874619174
2018-02-23 05:42:00,-590.874619174
2018-02-23 05:43:00,-590.874619174
2018-02-23 05:44:00,-619.248549724
2018-02-23 05:45:00,-590.874619174
2018-02-23 05:46:00,-576.687653899
2018-02-23 05:47:00,-562.500688624
2018-02-23 05:48:00,-562.500688624
2018-02-23 05:49:00,-562.500688624
2018-02-23 05:50:00,-562.500688624
2018-02-23 05:51:00,-562.500688624
2018-02-23 05:52:00,-562.500688624
2018-02-23 05:53:00,-562.500688624
2018-02-23 05:54:00,-562.500688624
2018-02-23 05:55:00,-704.370341374
2018-02-23 05:56:00,-661.809445549
2018-02-23 05:57:00,-661.809445549
2018-02-23 05:58:00,-661.809445549
2018-02-23 05:59:00,-647.622480274
2018-02-23 06:00:00,-675.996410824
2018-02-23 06:01:00,-675.996410824
2018-02-23 06:02:00,-746.931237199
2018-02-23 06:03:00,-761.118202474
2018-02-23 06:04:00,-761.118202474
2018-02-23 06:05:00,-761.118202474
2018-02-23 06:06:00,-746.931237199
2018-02-23 06:07:00,-718.557306649
2018-02-23 06:08:00,-732.744271924
2018-02-23 06:09:00,-732.744271924
2018-02-23 06:10:00,-732.744271924
2018-02-23 06:11:00,-732.744271924
2018-02-23 06:12:00,-746.931237199
2018-02-23 06:13:00,-732.744271924
2018-02-23 06:14:00,-732.744271924
2018-02-23 06:15:00,-732.744271924
2018-02-23 06:16:00,-761.118202474
2018-02-23 06:17:00,-718.557306649
2018-02-23 06:18:00,-761.118202474
2018-02-23 06:19:00,-761.118202474
2018-02-23 06:20:00,-761.118202474
2018-02-23 06:21:00,-718.557306649
2018-02-23 06:22:00,-718.557306649
2018-02-23 06:23:00,-746.931237199
2018-02-23 06:24:00,-746.931237199
2018-02-23 06:25:00,-775.305167749
2018-02-23 06:26:00,-746.931237199
2018-02-23 06:27:00,-746.931237199
2018-02-23 06:28:00,-746.931237199
2018-02-23 06:29:00,-746.931237199
2018-02-23 06:30:00,-718.557306649
2018-02-23 06:31:00,-732.744271924
2018-02-23 06:32:00,-746.931237199
2018-02-23 06:33:00,-718.557306649
2018-02-23 06:34:00,-746.931237199
2018-02-23 06:35:00,-746.931237199
2018-02-23 06:36:00,-746.931237199
2018-02-23 06:37:00,-732.744271924
2018-02-23 06:38:00,-718.557306649
2018-02-23 06:39:00,-718.557306649
2018-02-23 06:40:00,-704.370341374
2018-02-23 06:41:00,-718.557306649
2018-02-23 06:42:00,-718.557306649
2018-02-23 06:43:00,-718.557306649
2018-02-23 06:44:00,-718.557306649
2018-02-23 06:45:00,-718.557306649
2018-02-23 06:46:00,-718.557306649
2018-02-23 06:47:00,-718.557306649
2018-02-23 06:48:00,-718.557306649
2018-02-23 06:49:00,-718.557306649
2018-02-23 06:50:00,-718.557306649
2018-02-23 06:51:00,-718.557306649
2018-02-23 06:52:00,-718.557306649
2018-02-23 06:53:00,-718.557306649
2018-02-23 06:54:00,-718.557306649
2018-02-23 06:55:00,-718.557306649
2018-02-23 06:56:00,-718.557306649
2018-02-23 06:57:00,-746.931237199
2018-02-23 06:58:00,-775.305167749
2018-02-23 06:59:00,-761.118202474
2018-02-23 07:00:00,-746.931237199
2018-02-23 07:01:00,-761.118202474
2018-02-23 07:02:00,-761.118202474
2018-02-23 07:03:00,-746.931237199
2018-02-23 07:04:00,-746.931237199
2018-02-23 07:05:00,-746.931237199
2018-02-23 07:06:00,-746.931237199
2018-02-23 07:07:00,-746.931237199
2018-02-23 07:08:00,-746.931237199
2018-02-23 07:09:00,-775.305167749
2018-02-23 07:10:00,-775.305167749
2018-02-23 07:11:00,-775.305167749
2018-02-23 07:12:00,-775.305167749
2018-02-23 07:13:00,-803.679098299
2018-02-23 07:14:00,-789.492133024
2018-02-23 07:15:00,-789.492133024
2018-02-23 07:16:00,-803.679098299
2018-02-23 07:17:00,-803.679098299
2018-02-23 07:18:00,-803.679098299
2018-02-23 07:19:00,-803.679098299
2018-02-23 07:20:00,-803.679098299
2018-02-23 07:21:00,-803.679098299
2018-02-23 07:22:00,-803.679098299
2018-02-23 07:23:00,-789.492133024
2018-02-23 07:24:00,-789.492133024
2018-02-23 07:25:00,-803.679098299
2018-02-23 07:26:00,-803.679098299
2018-02-23 07:27:00,-803.679098299
2018-02-23 07:28:00,-803.679098299
2018-02-23 07:29:00,-832.053028849
2018-02-23 07:30:00,-846.239994124
2018-02-23 07:31:00,-832.053028849
2018-02-23 07:32:00,-832.053028849
2018-02-23 07:33:00,-817.866063574
2018-02-23 07:34:00,-832.053028849
2018-02-23 07:35:00,-832.053028849
2018-02-23 07:36:00,-846.239994124
2018-02-23 07:37:00,-832.053028849
2018-02-23 07:38:00,-832.053028849
2018-02-23 07:39:00,-832.053028849
2018-02-23 07:40:00,-832.053028849
2018-02-23 07:41:00,-832.053028849
2018-02-23 07:42:00,-832.053028849
2018-02-23 07:43:00,-832.053028849
2018-02-23 07:44:00,-832.053028849
2018-02-23 07:45:00,-817.866063574
2018-02-23 07:46:00,-817.866063574
2018-02-23 07:47:00,-817.866063574
2018-02-23 07:48:00,-832.053028849
2018-02-23 07:49:00,-817.866063574
2018-02-23 07:50:00,-817.866063574
2018-02-23 07:51:00,-817.866063574
2018-02-23 07:52:00,-817.866063574
2018-02-23 07:53:00,-832.053028849
2018-02-23 07:54:00,-832.053028849
2018-02-23 07:55:00,-832.053028849
2018-02-23 07:56:00,-832.053028849
2018-02-23 07:57:00,-832.053028849
2018-02-23 07:58:00,-832.053028849
2018-02-23 07:59:00,-832.053028849
2018-02-23 08:00:00,-832.053028849
2018-02-23 08:01:00,-832.053028849
2018-02-23 08:02:00,-832.053028849
2018-02-23 08:03:00,-832.053028849
2018-02-23 08:04:00,-832.053028849
2018-02-23 08:05:00,-832.053028849
2018-02-23 08:06:00,-832.053028849
2018-02-23 08:07:00,-832.053028849
2018-02-23 08:08:00,-832.053028849
2018-02-23 08:09:00,-832.053028849
2018-02-23 08:10:00,-832.053028849
2018-02-23 08:11:00,-832.053028849
2018-02-23 08:12:00,-846.239994124
2018-02-23 08:13:00,-832.053028849
2018-02-23 08:14:00,-832.053028849
2018-02-23 08:15:00,-803.679098299
2018-02-23 08:16:00,-817.866063574
2018-02-23 08:17:00,-817.866063574
2018-02-23 08:18:00,-817.866063574
2018-02-23 08:19:00,-789.492133024
2018-02-23 08:20:00,-832.053028849
2018-02-23 08:21:00,-832.053028849
2018-02-23 08:22:00,-832.053028849
2018-02-23 08:23:00,-803.679098299
2018-02-23 08:24:00,-817.866063574
2018-02-23 08:25:00,-832.053028849
2018-02-23 08:26:00,-832.053028849
2018-02-23 08:27:00,-832.053028849
2018-02-23 08:28:00,-832.053028849
2018-02-23 08:29:00,-803.679098299
2018-02-23 08:30:00,-803.679098299
2018-02-23 08:31:00,-803.679098299
2018-02-23 08:32:00,-803.679098299
2018-02-23 08:33:00,-803.679098299
2018-02-23 08:34:00,-803.679098299
2018-02-23 08:35:00,-803.679098299
2018-02-23 08:36:00,-803.679098299
2018-02-23 08:37:00,-803.679098299
2018-02-23 08:38:00,-803.679098299
2018-02-23 08:39:00,-817.866063574
2018-02-23 08:40:00,-817.866063574
2018-02-23 08:41:00,-803.679098299
2018-02-23 08:42:00,-817.866063574
2018-02-23 08:43:00,-817.866063574
2018-02-23 08:44:00,-832.053028849
2018-02-23 08:45:00,-775.305167749
2018-02-23 08:46:00,-746.931237199
2018-02-23 08:47:00,-746.931237199
2018-02-23 08:48:00,-746.931237199
2018-02-23 08:49:00,-775.305167749
2018-02-23 08:50:00,-761.118202474
2018-02-23 08:51:00,-775.305167749
2018-02-23 08:52:00,-775.305167749
2018-02-23 08:53:00,-775.305167749
2018-02-23 08:54:00,-775.305167749
2018-02-23 08:55:00,-775.305167749
2018-02-23 08:56:00,-775.305167749
2018-02-23 08:57:00,-775.305167749
2018-02-23 08:58:00,-746.931237199
2018-02-23 08:59:00,-761.118202474
2018-02-23 09:00:00,-817.866063574
2018-02-23 09:01:00,-832.053028849
2018-02-23 09:02:00,-817.866063574
2018-02-23 09:03:00,-832.053028849
2018-02-23 09:04:00,-846.239994124
2018-02-23 09:05:00,-803.679098299
2018-02-23 09:06:00,-803.679098299
2018-02-23 09:07:00,-817.866063574
2018-02-23 09:08:00,-817.866063574
2018-02-23 09:09:00,-817.866063574
2018-02-23 09:10:00,-775.305167749
2018-02-23 09:11:00,-803.679098299
2018-02-23 09:12:00,-789.492133024
2018-02-23 09:13:00,-803.679098299
2018-02-23 09:14:00,-846.239994124
2018-02-23 09:15:00,-846.239994124
2018-02-23 09:16:00,-846.239994124
2018-02-23 09:17:00,-832.053028849
2018-02-23 09:18:00,-832.053028849
2018-02-23 09:19:00,-832.053028849
2018-02-23 09:20:00,-817.866063574
2018-02-23 09:21:00,-817.866063574
2018-02-23 09:22:00,-789.492133024
2018-02-23 09:23:00,-803.679098299
2018-02-23 09:24:00,-803.679098299
2018-02-23 09:25:00,-803.679098299
2018-02-23 09:26:00,-817.866063574
2018-02-23 09:27:00,-817.866063574
2018-02-23 09:28:00,-817.866063574
2018-02-23 09:29:00,-817.866063574
2018-02-23 09:30:00,-789.492133024
2018-02-23 09:31:00,-803.679098299
2018-02-23 09:32:00,-803.679098299
2018-02-23 09:33:00,-817.866063574
2018-02-23 09:34:00,-817.866063574
2018-02-23 09:35:00,-817.866063574
2018-02-23 09:36:00,-817.866063574
2018-02-23 09:37:00,-817.866063574
2018-02-23 09:38:00,-817.866063574
2018-02-23 09:39:00,-817.866063574
2018-02-23 09:40:00,-775.305167749
2018-02-23 09:41:00,-789.492133024
2018-02-23 09:42:00,-789.492133024
2018-02-23 09:43:00,-789.492133024
2018-02-23 09:44:00,-789.492133024
2018-02-23 09:45:00,-789.492133024
2018-02-23 09:46:00,-789.492133024
2018-02-23 09:47:00,-789.492133024
2018-02-23 09:48:00,-789.492133024
2018-02-23 09:49:00,-789.492133024
2018-02-23 09:50:00,-789.492133024
2018-02-23 09:51:00,-803.679098299
2018-02-23 09:52:00,-803.679098299
2018-02-23 09:53:00,-789.492133024
2018-02-23 09:54:00,-789.492133024
2018-02-23 09:55:00,-789.492133024
2018-02-23 09:56:00,-803.679098299
2018-02-23 09:57:00,-803.679098299
2018-02-23 09:58:00,-803.679098299
2018-02-23 09:59:00,-803.679098299
2018-02-23 10:00:00,-817.866063574
2018-02-23 10:01:00,-817.866063574
2018-02-23 10:02:00,-817.866063574
2018-02-23 10:03:00,-832.053028849
2018-02-23 10:04:00,-832.053028849
2018-02-23 10:05:00,-832.053028849
2018-02-23 10:06:00,-832.053028849
2018-02-23 10:07:00,-846.239994124
2018-02-23 10:08:00,-846.239994124
2018-02-23 10:09:00,-846.239994124
2018-02-23 10:10:00,-846.239994124
2018-02-23 10:11:00,-846.239994124
2018-02-23 10:12:00,-846.239994124
2018-02-23 10:13:00,-846.239994124
2018-02-23 10:14:00,-846.239994124
2018-02-23 10:15:00,-846.239994124
2018-02-23 10:16:00,-846.239994124
2018-02-23 10:17:00,-846.239994124
2018-02-23 10:18:00,-846.239994124
2018-02-23 10:19:00,-846.239994124
2018-02-23 10:20:00,-846.239994124
2018-02-23 10:21:00,-846.239994124
2018-02-23 10:22:00,-846.239994124
2018-02-23 10:23:00,-846.239994124
2018-02-23 10:24:00,-803.679098299
2018-02-23 10:25:00,-817.866063574
2018-02-23 10:26:00,-817.866063574
2018-02-23 10:27:00,-789.492133024
2018-02-23 10:28:00,-789.492133024
2018-02-23 10:29:00,-775.305167749
2018-02-23 10:30:00,-775.305167749
2018-02-23 10:31:00,-775.305167749
2018-02-23 10:32:00,-775.305167749
2018-02-23 10:33:00,-775.305167749
2018-02-23 10:34:00,-775.305167749
2018-02-23 10:35:00,-775.305167749
2018-02-23 10:36:00,-775.305167749
2018-02-23 10:37:00,-803.679098299
2018-02-23 10:38:00,-803.679098299
2018-02-23 10:39:00,-803.679098299
2018-02-23 10:40:00,-803.679098299
2018-02-23 10:41:00,-817.866063574
2018-02-23 10:42:00,-817.866063574
2018-02-23 10:43:00,-817.866063574
2018-02-23 10:44:00,-789.492133024
2018-02-23 10:45:00,-789.492133024
2018-02-23 10:46:00,-789.492133024
2018-02-23 10:47:00,-775.305167749
2018-02-23 10:48:00,-775.305167749
2018-02-23 10:49:00,-775.305167749
2018-02-23 10:50:00,-775.305167749
2018-02-23 10:51:00,-775.305167749
2018-02-23 10:52:00,-775.305167749
2018-02-23 10:53:00,-789.492133024
2018-02-23 10:54:00,-789.492133024
2018-02-23 10:55:00,-789.492133024
2018-02-23 10:56:00,-789.492133024
2018-02-23 10:57:00,-789.492133024
2018-02-23 10:58:00,-789.492133024
2018-02-23 10:59:00,-817.866063574
2018-02-23 11:00:00,-874.613924674
2018-02-23 11:01:00,-832.053028849
2018-02-23 11:02:00,-874.613924674
2018-02-23 11:03:00,-874.613924674
2018-02-23 11:04:00,-874.613924674
2018-02-23 11:05:00,-874.613924674
2018-02-23 11:06:00,-874.613924674
2018-02-23 11:07:00,-874.613924674
2018-02-23 11:08:00,-874.613924674
2018-02-23 11:09:00,-860.426959399
2018-02-23 11:10:00,-860.426959399
2018-02-23 11:11:00,-860.426959399
2018-02-23 11:12:00,-874.613924674
2018-02-23 11:13:00,-874.613924674
2018-02-23 11:14:00,-846.239994124
2018-02-23 11:15:00,-860.426959399
2018-02-23 11:16:00,-860.426959399
2018-02-23 11:17:00,-860.426959399
2018-02-23 11:18:00,-860.426959399
2018-02-23 11:19:00,-860.426959399
2018-02-23 11:20:00,-846.239994124
2018-02-23 11:21:00,-846.239994124
2018-02-23 11:22:00,-846.239994124
2018-02-23 11:23:00,-846.239994124
2018-02-23 11:24:00,-846.239994124
2018-02-23 11:25:00,-846.239994124
2018-02-23 11:26:00,-846.239994124
2018-02-23 11:27:00,-846.239994124
2018-02-23 11:28:00,-846.239994124
2018-02-23 11:29:00,-846.239994124
2018-02-23 11:30:00,-832.053028849
2018-02-23 11:31:00,-846.239994124
2018-02-23 11:32:00,-846.239994124
2018-02-23 11:33:00,-846.239994124
2018-02-23 11:34:00,-846.239994124
2018-02-23 11:35:00,-832.053028849
2018-02-23 11:36:00,-817.866063574
2018-02-23 11:37:00,-817.866063574
2018-02-23 11:38:00,-817.866063574
2018-02-23 11:39:00,-817.866063574
2018-02-23 11:40:00,-817.866063574
2018-02-23 11:41:00,-817.866063574
2018-02-23 11:42:00,-803.679098299
2018-02-23 11:43:00,-789.492133024
2018-02-23 11:44:00,-789.492133024
2018-02-23 11:45:00,-803.679098299
2018-02-23 11:46:00,-803.679098299
2018-02-23 11:47:00,-803.679098299
2018-02-23 11:48:00,-789.492133024
2018-02-23 11:49:00,-789.492133024
2018-02-23 11:50:00,-775.305167749
2018-02-23 11:51:00,-775.305167749
2018-02-23 11:52:00,-789.492133024
2018-02-23 11:53:00,-803.679098299
2018-02-23 11:54:00,-803.679098299
2018-02-23 11:55:00,-817.866063574
2018-02-23 11:56:00,-803.679098299
2018-02-23 11:57:00,-817.866063574
2018-02-23 11:58:00,-803.679098299
2018-02-23 11:59:00,-817.866063574
2018-02-26 01:29:00,-897.509617779
2018-02-26 01:30:00,-897.509617779
2018-02-26 01:31:00,-897.509617779
2018-02-26 01:32:00,-897.509617779
2018-02-26 01:33:00,-897.509617779
2018-02-26 01:34:00,-1275.57077153
2018-02-26 01:35:00,-1316.07732372
2018-02-26 01:36:00,-1275.57077153
2018-02-26 01:37:00,-1235.06421934
2018-02-26 01:38:00,-1275.57077153
2018-02-26 01:39:00,-1221.56203528
2018-02-26 01:40:00,-1221.56203528
2018-02-26 01:41:00,-1248.5664034
2018-02-26 01:42:00,-1262.06858747
2018-02-26 01:43:00,-1275.57077153
2018-02-26 01:44:00,-1289.07295559
2018-02-26 01:45:00,-1248.5664034
2018-02-26 01:46:00,-1235.06421934
2018-02-26 01:47:00,-1208.05985122
2018-02-26 01:48:00,-1194.55766715
2018-02-26 01:49:00,-1181.05548309
2018-02-26 01:50:00,-1181.05548309
2018-02-26 01:51:00,-1181.05548309
2018-02-26 01:52:00,-1167.55329903
2018-02-26 01:53:00,-1073.03801059
2018-02-26 01:54:00,-1046.03364247
2018-02-26 01:55:00,-1046.03364247
2018-02-26 01:56:00,-1046.03364247
2018-02-26 01:57:00,-1046.03364247
2018-02-26 01:58:00,-1046.03364247
2018-02-26 01:59:00,-1059.53582653
2018-02-26 02:00:00,-1046.03364247
2018-02-26 02:01:00,-1032.5314584
2018-02-26 02:02:00,-1046.03364247
2018-02-26 02:03:00,-1046.03364247
2018-02-26 02:04:00,-1059.53582653
2018-02-26 02:05:00,-1073.03801059
2018-02-26 02:06:00,-1059.53582653
2018-02-26 02:07:00,-1059.53582653
2018-02-26 02:08:00,-1086.54019465
2018-02-26 02:09:00,-1100.04237872
2018-02-26 02:10:00,-1100.04237872
2018-02-26 02:11:00,-1100.04237872
2018-02-26 02:12:00,-1100.04237872
2018-02-26 02:13:00,-1086.54019465
2018-02-26 02:14:00,-1032.5314584
2018-02-26 02:15:00,-1019.02927434
2018-02-26 02:16:00,-1019.02927434
2018-02-26 02:17:00,-992.024906217
2018-02-26 02:18:00,-1005.52709028
2018-02-26 02:19:00,-1005.52709028
2018-02-26 02:20:00,-1005.52709028
2018-02-26 02:21:00,-1005.52709028
2018-02-26 02:22:00,-1005.52709028
2018-02-26 02:23:00,-1005.52709028
2018-02-26 02:24:00,-992.024906217
2018-02-26 02:25:00,-992.024906217
2018-02-26 02:26:00,-992.024906217
2018-02-26 02:27:00,-1005.52709028
2018-02-26 02:28:00,-1005.52709028
2018-02-26 02:29:00,-1005.52709028
2018-02-26 02:30:00,-992.024906217
2018-02-26 02:31:00,-992.024906217
2018-02-26 02:32:00,-992.024906217
2018-02-26 02:33:00,-965.020538092
2018-02-26 02:34:00,-965.020538092
2018-02-26 02:35:00,-965.020538092
2018-02-26 02:36:00,-965.020538092
2018-02-26 02:37:00,-965.020538092
2018-02-26 02:38:00,-938.016169967
2018-02-26 02:39:00,-938.016169967
2018-02-26 02:40:00,-938.016169967
2018-02-26 02:41:00,-938.016169967
2018-02-26 02:42:00,-938.016169967
2018-02-26 02:43:00,-938.016169967
2018-02-26 02:44:00,-924.513985904
2018-02-26 02:45:00,-924.513985904
2018-02-26 02:46:00,-965.020538092
2018-02-26 02:47:00,-965.020538092
2018-02-26 02:48:00,-965.020538092
2018-02-26 02:49:00,-965.020538092
2018-02-26 02:50:00,-978.522722154
2018-02-26 02:51:00,-978.522722154
2018-02-26 02:52:00,-1005.52709028
2018-02-26 02:53:00,-1019.02927434
2018-02-26 02:54:00,-1019.02927434
2018-02-26 02:55:00,-1019.02927434
2018-02-26 02:56:00,-1019.02927434
2018-02-26 02:57:00,-1019.02927434
2018-02-26 02:58:00,-1019.02927434
2018-02-26 02:59:00,-1019.02927434
2018-02-26 03:00:00,-1032.5314584
2018-02-26 03:01:00,-1019.02927434
2018-02-26 03:02:00,-1019.02927434
2018-02-26 03:03:00,-1005.52709028
2018-02-26 03:04:00,-992.024906217
2018-02-26 03:05:00,-992.024906217
2018-02-26 03:06:00,-1019.02927434
2018-02-26 03:07:00,-1019.02927434
2018-02-26 03:08:00,-965.020538092
2018-02-26 03:09:00,-1005.52709028
2018-02-26 03:10:00,-992.024906217
2018-02-26 03:11:00,-992.024906217
2018-02-26 03:12:00,-992.024906217
2018-02-26 03:13:00,-992.024906217
2018-02-26 03:14:00,-965.020538092
2018-02-26 03:15:00,-965.020538092
2018-02-26 03:16:00,-965.020538092
2018-02-26 03:17:00,-965.020538092
2018-02-26 03:18:00,-978.522722154
2018-02-26 03:19:00,-992.024906217
2018-02-26 03:20:00,-992.024906217
2018-02-26 03:21:00,-992.024906217
2018-02-26 03:22:00,-1019.02927434
2018-02-26 03:23:00,-1019.02927434
2018-02-26 03:24:00,-1019.02927434
2018-02-26 03:25:00,-1019.02927434
2018-02-26 03:26:00,-1005.52709028
2018-02-26 03:27:00,-1019.02927434
2018-02-26 03:28:00,-1005.52709028
2018-02-26 03:29:00,-1005.52709028
2018-02-26 03:30:00,-992.024906217
2018-02-26 03:31:00,-992.024906217
2018-02-26 03:32:00,-992.024906217
2018-02-26 03:33:00,-978.522722154
2018-02-26 03:34:00,-978.522722154
2018-02-26 03:35:00,-992.024906217
2018-02-26 03:36:00,-992.024906217
2018-02-26 03:37:00,-992.024906217
2018-02-26 03:38:00,-992.024906217
2018-02-26 03:39:00,-992.024906217
2018-02-26 03:40:00,-992.024906217
2018-02-26 03:41:00,-965.020538092
2018-02-26 03:42:00,-965.020538092
2018-02-26 03:43:00,-965.020538092
2018-02-26 03:44:00,-965.020538092
2018-02-26 03:45:00,-978.522722154
2018-02-26 03:46:00,-978.522722154
2018-02-26 03:47:00,-978.522722154
2018-02-26 03:48:00,-978.522722154
2018-02-26 03:49:00,-978.522722154
2018-02-26 03:50:00,-965.020538092
2018-02-26 03:51:00,-978.522722154
2018-02-26 03:52:00,-1019.02927434
2018-02-26 03:53:00,-1019.02927434
2018-02-26 03:54:00,-1005.52709028
2018-02-26 03:55:00,-1005.52709028
2018-02-26 03:56:00,-1005.52709028
2018-02-26 03:57:00,-1005.52709028
2018-02-26 03:58:00,-1019.02927434
2018-02-26 03:59:00,-1019.02927434
2018-02-26 04:00:00,-1032.5314584
2018-02-26 04:01:00,-1032.5314584
2018-02-26 04:02:00,-1019.02927434
2018-02-26 04:03:00,-1032.5314584
2018-02-26 04:04:00,-1019.02927434
2018-02-26 04:05:00,-1019.02927434
2018-02-26 04:06:00,-1046.03364247
2018-02-26 04:07:00,-1073.03801059
2018-02-26 04:08:00,-1073.03801059
2018-02-26 04:09:00,-1073.03801059
2018-02-26 04:10:00,-1073.03801059
2018-02-26 04:11:00,-1100.04237872
2018-02-26 04:12:00,-1086.54019465
2018-02-26 04:13:00,-1100.04237872
2018-02-26 04:14:00,-1100.04237872
2018-02-26 04:15:00,-1100.04237872
2018-02-26 04:16:00,-1100.04237872
2018-02-26 04:17:00,-1086.54019465
2018-02-26 04:18:00,-1100.04237872
2018-02-26 04:19:00,-1100.04237872
2018-02-26 04:20:00,-1100.04237872
2018-02-26 04:21:00,-1100.04237872
2018-02-26 04:22:00,-1100.04237872
2018-02-26 04:23:00,-1100.04237872
2018-02-26 04:24:00,-1100.04237872
2018-02-26 04:25:00,-1086.54019465
2018-02-26 04:26:00,-1073.03801059
2018-02-26 04:27:00,-1073.03801059
2018-02-26 04:28:00,-1086.54019465
2018-02-26 04:29:00,-1100.04237872
2018-02-26 04:30:00,-1100.04237872
2018-02-26 04:31:00,-1086.54019465
2018-02-26 04:32:00,-1086.54019465
2018-02-26 04:33:00,-1086.54019465
2018-02-26 04:34:00,-1073.03801059
2018-02-26 04:35:00,-1073.03801059
2018-02-26 04:36:00,-1073.03801059
2018-02-26 04:37:00,-1073.03801059
2018-02-26 04:38:00,-1073.03801059
2018-02-26 04:39:00,-1073.03801059
2018-02-26 04:40:00,-1059.53582653
2018-02-26 04:41:00,-1059.53582653
2018-02-26 04:42:00,-1059.53582653
2018-02-26 04:43:00,-1059.53582653
2018-02-26 04:44:00,-1059.53582653
2018-02-26 04:45:00,-1046.03364247
2018-02-26 04:46:00,-1046.03364247
2018-02-26 04:47:00,-1046.03364247
2018-02-26 04:48:00,-1059.53582653
2018-02-26 04:49:00,-1019.02927434
2018-02-26 04:50:00,-1019.02927434
2018-02-26 04:51:00,-1032.5314584
2018-02-26 04:52:00,-1032.5314584
2018-02-26 04:53:00,-1032.5314584
2018-02-26 04:54:00,-1032.5314584
2018-02-26 04:55:00,-1032.5314584
2018-02-26 04:56:00,-1032.5314584
2018-02-26 04:57:00,-1032.5314584
2018-02-26 04:58:00,-1032.5314584
2018-02-26 04:59:00,-1032.5314584
2018-02-26 05:00:00,-1005.52709028
2018-02-26 05:01:00,-1005.52709028
2018-02-26 05:02:00,-1005.52709028
2018-02-26 05:03:00,-1005.52709028
2018-02-26 05:04:00,-1005.52709028
2018-02-26 05:05:00,-1005.52709028
2018-02-26 05:06:00,-1005.52709028
2018-02-26 05:07:00,-1005.52709028
2018-02-26 05:08:00,-1005.52709028
2018-02-26 05:09:00,-1005.52709028
2018-02-26 05:10:00,-1005.52709028
2018-02-26 05:11:00,-1005.52709028
2018-02-26 05:12:00,-1005.52709028
2018-02-26 05:13:00,-1005.52709028
2018-02-26 05:14:00,-992.024906217
2018-02-26 05:15:00,-1005.52709028
2018-02-26 05:16:00,-1005.52709028
2018-02-26 05:17:00,-978.522722154
2018-02-26 05:18:00,-965.020538092
2018-02-26 05:19:00,-938.016169967
2018-02-26 05:20:00,-992.024906217
2018-02-26 05:21:00,-992.024906217
2018-02-26 05:22:00,-992.024906217
2018-02-26 05:23:00,-965.020538092
2018-02-26 05:24:00,-965.020538092
2018-02-26 05:25:00,-992.024906217
2018-02-26 05:26:00,-992.024906217
2018-02-26 05:27:00,-992.024906217
2018-02-26 05:28:00,-965.020538092
2018-02-26 05:29:00,-978.522722154
2018-02-26 05:30:00,-951.518354029
2018-02-26 05:31:00,-951.518354029
2018-02-26 05:32:00,-938.016169967
2018-02-26 05:33:00,-924.513985904
2018-02-26 05:34:00,-924.513985904
2018-02-26 05:35:00,-924.513985904
2018-02-26 05:36:00,-978.522722154
2018-02-26 05:37:00,-978.522722154
2018-02-26 05:38:00,-992.024906217
2018-02-26 05:39:00,-992.024906217
2018-02-26 05:40:00,-978.522722154
2018-02-26 05:41:00,-978.522722154
2018-02-26 05:42:00,-978.522722154
2018-02-26 05:43:00,-978.522722154
2018-02-26 05:44:00,-978.522722154
2018-02-26 05:45:00,-978.522722154
2018-02-26 05:46:00,-978.522722154
2018-02-26 05:47:00,-965.020538092
2018-02-26 05:48:00,-965.020538092
2018-02-26 05:49:00,-965.020538092
2018-02-26 05:50:00,-965.020538092
2018-02-26 05:51:00,-965.020538092
2018-02-26 05:52:00,-965.020538092
2018-02-26 05:53:00,-965.020538092
2018-02-26 05:54:00,-978.522722154
2018-02-26 05:55:00,-965.020538092
2018-02-26 05:56:00,-924.513985904
2018-02-26 05:57:00,-924.513985904
2018-02-26 05:58:00,-911.011801842
2018-02-26 05:59:00,-911.011801842
2018-02-26 06:00:00,-911.011801842
2018-02-26 06:01:00,-911.011801842
2018-02-26 06:02:00,-911.011801842
2018-02-26 06:03:00,-924.513985904
2018-02-26 06:04:00,-924.513985904
2018-02-26 06:05:00,-924.513985904
2018-02-26 06:06:00,-911.011801842
2018-02-26 06:07:00,-911.011801842
2018-02-26 06:08:00,-911.011801842
2018-02-26 06:09:00,-911.011801842
2018-02-26 06:10:00,-911.011801842
2018-02-26 06:11:00,-911.011801842
2018-02-26 06:12:00,-924.513985904
2018-02-26 06:13:00,-938.016169967
2018-02-26 06:14:00,-938.016169967
2018-02-26 06:15:00,-911.011801842
2018-02-26 06:16:00,-884.007433717
2018-02-26 06:17:00,-884.007433717
2018-02-26 06:18:00,-911.011801842
2018-02-26 06:19:00,-911.011801842
2018-02-26 06:20:00,-911.011801842
2018-02-26 06:21:00,-911.011801842
2018-02-26 06:22:00,-911.011801842
2018-02-26 06:23:00,-911.011801842
2018-02-26 06:24:00,-911.011801842
2018-02-26 06:25:00,-911.011801842
2018-02-26 06:26:00,-911.011801842
2018-02-26 06:27:00,-911.011801842
2018-02-26 06:28:00,-911.011801842
2018-02-26 06:29:00,-911.011801842
2018-02-26 06:30:00,-911.011801842
2018-02-26 06:31:00,-911.011801842
2018-02-26 06:32:00,-911.011801842
2018-02-26 06:33:00,-911.011801842
2018-02-26 06:34:00,-924.513985904
2018-02-26 06:35:00,-938.016169967
2018-02-26 06:36:00,-938.016169967
2018-02-26 06:37:00,-938.016169967
2018-02-26 06:38:00,-938.016169967
2018-02-26 06:39:00,-938.016169967
2018-02-26 06:40:00,-938.016169967
2018-02-26 06:41:00,-938.016169967
2018-02-26 06:42:00,-938.016169967
2018-02-26 06:43:00,-938.016169967
2018-02-26 06:44:00,-938.016169967
2018-02-26 06:45:00,-938.016169967
2018-02-26 06:46:00,-938.016169967
2018-02-26 06:47:00,-938.016169967
2018-02-26 06:48:00,-938.016169967
2018-02-26 06:49:00,-938.016169967
2018-02-26 06:50:00,-911.011801842
2018-02-26 06:51:00,-911.011801842
2018-02-26 06:52:00,-911.011801842
2018-02-26 06:53:00,-911.011801842
2018-02-26 06:54:00,-911.011801842
2018-02-26 06:55:00,-938.016169967
2018-02-26 06:56:00,-938.016169967
2018-02-26 06:57:00,-938.016169967
2018-02-26 06:58:00,-938.016169967
2018-02-26 06:59:00,-938.016169967
2018-02-26 07:00:00,-938.016169967
2018-02-26 07:01:00,-938.016169967
2018-02-26 07:02:00,-938.016169967
2018-02-26 07:03:00,-938.016169967
2018-02-26 07:04:00,-938.016169967
2018-02-26 07:05:00,-938.016169967
2018-02-26 07:06:00,-965.020538092
2018-02-26 07:07:00,-965.020538092
2018-02-26 07:08:00,-965.020538092
2018-02-26 07:09:00,-1019.02927434
2018-02-26 07:10:00,-1005.52709028
2018-02-26 07:11:00,-938.016169967
2018-02-26 07:12:00,-978.522722154
2018-02-26 07:13:00,-1019.02927434
2018-02-26 07:14:00,-992.024906217
2018-02-26 07:15:00,-992.024906217
2018-02-26 07:16:00,-992.024906217
2018-02-26 07:17:00,-978.522722154
2018-02-26 07:18:00,-978.522722154
2018-02-26 07:19:00,-992.024906217
2018-02-26 07:20:00,-1019.02927434
2018-02-26 07:21:00,-1019.02927434
2018-02-26 07:22:00,-1032.5314584
2018-02-26 07:23:00,-1032.5314584
2018-02-26 07:24:00,-1019.02927434
2018-02-26 07:25:00,-978.522722154
2018-02-26 07:26:00,-965.020538092
2018-02-26 07:27:00,-965.020538092
2018-02-26 07:28:00,-951.518354029
2018-02-26 07:29:00,-951.518354029
2018-02-26 07:30:00,-924.513985904
2018-02-26 07:31:00,-897.509617779
2018-02-26 07:32:00,-897.509617779
2018-02-26 07:33:00,-897.509617779
2018-02-26 07:34:00,-911.011801842
2018-02-26 07:35:00,-924.513985904
2018-02-26 07:36:00,-978.522722154
2018-02-26 07:37:00,-1019.02927434
2018-02-26 07:38:00,-1019.02927434
2018-02-26 07:39:00,-978.522722154
2018-02-26 07:40:00,-1005.52709028
2018-02-26 07:41:00,-992.024906217
2018-02-26 07:42:00,-1032.5314584
2018-02-26 07:43:00,-1032.5314584
2018-02-26 07:44:00,-1032.5314584
2018-02-26 07:45:00,-1032.5314584
2018-02-26 07:46:00,-1032.5314584
2018-02-26 07:47:00,-1032.5314584
2018-02-26 07:48:00,-1032.5314584
2018-02-26 07:49:00,-1032.5314584
2018-02-26 07:50:00,-1032.5314584
2018-02-26 07:51:00,-1032.5314584
2018-02-26 07:52:00,-1032.5314584
2018-02-26 07:53:00,-1032.5314584
2018-02-26 07:54:00,-1032.5314584
2018-02-26 07:55:00,-965.020538092
2018-02-26 07:56:00,-965.020538092
2018-02-26 07:57:00,-965.020538092
2018-02-26 07:58:00,-965.020538092
2018-02-26 07:59:00,-951.518354029
2018-02-26 08:00:00,-938.016169967
2018-02-26 08:01:00,-938.016169967
2018-02-26 08:02:00,-938.016169967
2018-02-26 08:03:00,-911.011801842
2018-02-26 08:04:00,-884.007433717
2018-02-26 08:05:00,-884.007433717
2018-02-26 08:06:00,-857.003065592
2018-02-26 08:07:00,-857.003065592
2018-02-26 08:08:00,-870.505249654
2018-02-26 08:09:00,-897.509617779
2018-02-26 08:10:00,-938.016169967
2018-02-26 08:11:00,-951.518354029
2018-02-26 08:12:00,-965.020538092
2018-02-26 08:13:00,-965.020538092
2018-02-26 08:14:00,-965.020538092
2018-02-26 08:15:00,-965.020538092
2018-02-26 08:16:00,-992.024906217
2018-02-26 08:17:00,-1005.52709028
2018-02-26 08:18:00,-978.522722154
2018-02-26 08:19:00,-978.522722154
2018-02-26 08:20:00,-978.522722154
2018-02-26 08:21:00,-978.522722154
2018-02-26 08:22:00,-965.020538092
2018-02-26 08:23:00,-965.020538092
2018-02-26 08:24:00,-938.016169967
2018-02-26 08:25:00,-938.016169967
2018-02-26 08:26:00,-951.518354029
2018-02-26 08:27:00,-951.518354029
2018-02-26 08:28:00,-951.518354029
2018-02-26 08:29:00,-938.016169967
2018-02-26 08:30:00,-938.016169967
2018-02-26 08:31:00,-938.016169967
2018-02-26 08:32:00,-938.016169967
2018-02-26 08:33:00,-911.011801842
2018-02-26 08:34:00,-911.011801842
2018-02-26 08:35:00,-911.011801842
2018-02-26 08:36:00,-870.505249654
2018-02-26 08:37:00,-884.007433717
2018-02-26 08:38:00,-884.007433717
2018-02-26 08:39:00,-884.007433717
2018-02-26 08:40:00,-911.011801842
2018-02-26 08:41:00,-924.513985904
2018-02-26 08:42:00,-924.513985904
2018-02-26 08:43:00,-924.513985904
2018-02-26 08:44:00,-924.513985904
2018-02-26 08:45:00,-924.513985904
2018-02-26 08:46:00,-924.513985904
2018-02-26 08:47:00,-911.011801842
2018-02-26 08:48:00,-924.513985904
2018-02-26 08:49:00,-938.016169967
2018-02-26 08:50:00,-938.016169967
2018-02-26 08:51:00,-951.518354029
2018-02-26 08:52:00,-965.020538092
2018-02-26 08:53:00,-924.513985904
2018-02-26 08:54:00,-924.513985904
2018-02-26 08:55:00,-924.513985904
2018-02-26 08:56:00,-924.513985904
2018-02-26 08:57:00,-924.513985904
2018-02-26 08:58:00,-938.016169967
2018-02-26 08:59:00,-965.020538092
2018-02-26 09:00:00,-951.518354029
2018-02-26 09:01:00,-951.518354029
2018-02-26 09:02:00,-951.518354029
2018-02-26 09:03:00,-951.518354029
2018-02-26 09:04:00,-951.518354029
2018-02-26 09:05:00,-938.016169967
2018-02-26 09:06:00,-938.016169967
2018-02-26 09:07:00,-938.016169967
2018-02-26 09:08:00,-938.016169967
2018-02-26 09:09:00,-938.016169967
2018-02-26 09:10:00,-924.513985904
2018-02-26 09:11:00,-911.011801842
2018-02-26 09:12:00,-911.011801842
2018-02-26 09:13:00,-884.007433717
2018-02-26 09:14:00,-897.509617779
2018-02-26 09:15:00,-897.509617779
2018-02-26 09:16:00,-911.011801842
2018-02-26 09:17:00,-911.011801842
2018-02-26 09:18:00,-911.011801842
2018-02-26 09:19:00,-924.513985904
2018-02-26 09:20:00,-911.011801842
2018-02-26 09:21:00,-911.011801842
2018-02-26 09:22:00,-911.011801842
2018-02-26 09:23:00,-911.011801842
2018-02-26 09:24:00,-911.011801842
2018-02-26 09:25:00,-911.011801842
2018-02-26 09:26:00,-911.011801842
2018-02-26 09:27:00,-924.513985904
2018-02-26 09:28:00,-924.513985904
2018-02-26 09:29:00,-924.513985904
2018-02-26 09:30:00,-924.513985904
2018-02-26 09:31:00,-924.513985904
2018-02-26 09:32:00,-924.513985904
2018-02-26 09:33:00,-938.016169967
2018-02-26 09:34:00,-924.513985904
2018-02-26 09:35:00,-924.513985904
2018-02-26 09:36:00,-924.513985904
2018-02-26 09:37:00,-938.016169967
2018-02-26 09:38:00,-924.513985904
2018-02-26 09:39:00,-924.513985904
2018-02-26 09:40:00,-884.007433717
2018-02-26 09:41:00,-911.011801842
2018-02-26 09:42:00,-897.509617779
2018-02-26 09:43:00,-897.509617779
2018-02-26 09:44:00,-911.011801842
2018-02-26 09:45:00,-911.011801842
2018-02-26 09:46:00,-911.011801842
2018-02-26 09:47:00,-911.011801842
2018-02-26 09:48:00,-924.513985904
2018-02-26 09:49:00,-924.513985904
2018-02-26 09:50:00,-924.513985904
2018-02-26 09:51:00,-924.513985904
2018-02-26 09:52:00,-924.513985904
2018-02-26 09:53:00,-924.513985904
2018-02-26 09:54:00,-924.513985904
2018-02-26 09:55:00,-924.513985904
2018-02-26 09:56:00,-924.513985904
2018-02-26 09:57:00,-924.513985904
2018-02-26 09:58:00,-924.513985904
2018-02-26 09:59:00,-884.007433717
2018-02-26 10:00:00,-884.007433717
2018-02-26 10:01:00,-884.007433717
2018-02-26 10:02:00,-884.007433717
2018-02-26 10:03:00,-884.007433717
2018-02-26 10:04:00,-884.007433717
2018-02-26 10:05:00,-884.007433717
2018-02-26 10:06:00,-884.007433717
2018-02-26 10:07:00,-884.007433717
2018-02-26 10:08:00,-884.007433717
2018-02-26 10:09:00,-884.007433717
2018-02-26 10:10:00,-884.007433717
2018-02-26 10:11:00,-884.007433717
2018-02-26 10:12:00,-884.007433717
2018-02-26 10:13:00,-884.007433717
2018-02-26 10:14:00,-884.007433717
2018-02-26 10:15:00,-884.007433717
2018-02-26 10:16:00,-884.007433717
2018-02-26 10:17:00,-884.007433717
2018-02-26 10:18:00,-884.007433717
2018-02-26 10:19:00,-911.011801842
2018-02-26 10:20:00,-911.011801842
2018-02-26 10:21:00,-911.011801842
2018-02-26 10:22:00,-911.011801842
2018-02-26 10:23:00,-911.011801842
2018-02-26 10:24:00,-911.011801842
2018-02-26 10:25:00,-911.011801842
2018-02-26 10:26:00,-911.011801842
2018-02-26 10:27:00,-911.011801842
2018-02-26 10:28:00,-911.011801842
2018-02-26 10:29:00,-911.011801842
2018-02-26 10:30:00,-911.011801842
2018-02-26 10:31:00,-938.016169967
2018-02-26 10:32:00,-924.513985904
2018-02-26 10:33:00,-938.016169967
2018-02-26 10:34:00,-938.016169967
2018-02-26 10:35:00,-938.016169967
2018-02-26 10:36:00,-938.016169967
2018-02-26 10:37:00,-938.016169967
2018-02-26 10:38:00,-938.016169967
2018-02-26 10:39:00,-938.016169967
2018-02-26 10:40:00,-938.016169967
2018-02-26 10:41:00,-938.016169967
2018-02-26 10:42:00,-938.016169967
2018-02-26 10:43:00,-938.016169967
2018-02-26 10:44:00,-965.020538092
2018-02-26 10:45:00,-938.016169967
2018-02-26 10:46:00,-938.016169967
2018-02-26 10:47:00,-938.016169967
2018-02-26 10:48:00,-938.016169967
2018-02-26 10:49:00,-938.016169967
2018-02-26 10:50:00,-965.020538092
2018-02-26 10:51:00,-965.020538092
2018-02-26 10:52:00,-965.020538092
2018-02-26 10:53:00,-992.024906217
2018-02-26 10:54:00,-992.024906217
2018-02-26 10:55:00,-992.024906217
2018-02-26 10:56:00,-951.518354029
2018-02-26 10:57:00,-951.518354029
2018-02-26 10:58:00,-951.518354029
2018-02-26 10:59:00,-951.518354029
2018-02-26 11:00:00,-1005.52709028
2018-02-26 11:01:00,-1005.52709028
2018-02-26 11:02:00,-1005.52709028
2018-02-26 11:03:00,-1005.52709028
2018-02-26 11:04:00,-1005.52709028
2018-02-26 11:05:00,-992.024906217
2018-02-26 11:06:00,-992.024906217
2018-02-26 11:07:00,-992.024906217
2018-02-26 11:08:00,-992.024906217
2018-02-26 11:09:00,-992.024906217
2018-02-26 11:10:00,-992.024906217
2018-02-26 11:11:00,-992.024906217
2018-02-26 11:12:00,-992.024906217
2018-02-26 11:13:00,-992.024906217
2018-02-26 11:14:00,-992.024906217
2018-02-26 11:15:00,-992.024906217
2018-02-26 11:16:00,-992.024906217
2018-02-26 11:17:00,-992.024906217
2018-02-26 11:18:00,-992.024906217
2018-02-26 11:19:00,-992.024906217
2018-02-26 11:20:00,-992.024906217
2018-02-26 11:21:00,-992.024906217
2018-02-26 11:22:00,-978.522722154
2018-02-26 11:23:00,-951.518354029
2018-02-26 11:24:00,-951.518354029
2018-02-26 11:25:00,-951.518354029
2018-02-26 11:26:00,-978.522722154
2018-02-26 11:27:00,-951.518354029
2018-02-26 11:28:00,-951.518354029
2018-02-26 11:29:00,-951.518354029
2018-02-26 11:30:00,-1005.52709028
2018-02-26 11:31:00,-1005.52709028
2018-02-26 11:32:00,-1005.52709028
2018-02-26 11:33:00,-1005.52709028
2018-02-26 11:34:00,-1005.52709028
2018-02-26 11:35:00,-1005.52709028
2018-02-26 11:36:00,-1005.52709028
2018-02-26 11:37:00,-1005.52709028
2018-02-26 11:38:00,-1005.52709028
2018-02-26 11:39:00,-1005.52709028
2018-02-26 11:40:00,-1005.52709028
2018-02-26 11:41:00,-1005.52709028
2018-02-26 11:42:00,-1005.52709028
2018-02-26 11:43:00,-1005.52709028
2018-02-26 11:44:00,-1005.52709028
2018-02-26 11:45:00,-1005.52709028
2018-02-26 11:46:00,-1005.52709028
2018-02-26 11:47:00,-1005.52709028
2018-02-26 11:48:00,-992.024906217
2018-02-26 11:49:00,-992.024906217
2018-02-26 11:50:00,-992.024906217
2018-02-26 11:51:00,-992.024906217
2018-02-26 11:52:00,-992.024906217
2018-02-26 11:53:00,-992.024906217
2018-02-26 11:54:00,-1005.52709028
2018-02-26 11:55:00,-1005.52709028
2018-02-26 11:56:00,-1005.52709028
2018-02-26 11:57:00,-1005.52709028
2018-02-26 11:58:00,-1005.52709028
2018-02-26 11:59:00,-1005.52709028
2018-02-27 01:29:00,-1059.53582653
2018-02-27 01:30:00,-1059.53582653
2018-02-27 01:31:00,-1059.53582653
2018-02-27 01:32:00,-1059.53582653
2018-02-27 01:33:00,-1059.53582653
2018-02-27 01:34:00,-1005.52709028
2018-02-27 01:35:00,-1005.52709028
2018-02-27 01:36:00,-1005.52709028
2018-02-27 01:37:00,-1005.52709028
2018-02-27 01:38:00,-992.024906217
2018-02-27 01:39:00,-992.024906217
2018-02-27 01:40:00,-978.522722154
2018-02-27 01:41:00,-978.522722154
2018-02-27 01:42:00,-992.024906217
2018-02-27 01:43:00,-992.024906217
2018-02-27 01:44:00,-1019.02927434
2018-02-27 01:45:00,-1019.02927434
2018-02-27 01:46:00,-1046.03364247
2018-02-27 01:47:00,-1046.03364247
2018-02-27 01:48:00,-1046.03364247
2018-02-27 01:49:00,-1046.03364247
2018-02-27 01:50:00,-1046.03364247
2018-02-27 01:51:00,-1046.03364247
2018-02-27 01:52:00,-1046.03364247
2018-02-27 01:53:00,-1046.03364247
2018-02-27 01:54:00,-1046.03364247
2018-02-27 01:55:00,-1046.03364247
2018-02-27 01:56:00,-1046.03364247
2018-02-27 01:57:00,-1032.5314584
2018-02-27 01:58:00,-1032.5314584
2018-02-27 01:59:00,-1032.5314584
2018-02-27 02:00:00,-978.522722154
2018-02-27 02:01:00,-992.024906217
2018-02-27 02:02:00,-992.024906217
2018-02-27 02:03:00,-978.522722154
2018-02-27 02:04:00,-992.024906217
2018-02-27 02:05:00,-965.020538092
2018-02-27 02:06:00,-965.020538092
2018-02-27 02:07:00,-938.016169967
2018-02-27 02:08:00,-938.016169967
2018-02-27 02:09:00,-951.518354029
2018-02-27 02:10:00,-938.016169967
2018-02-27 02:11:00,-938.016169967
2018-02-27 02:12:00,-938.016169967
2018-02-27 02:13:00,-951.518354029
2018-02-27 02:14:00,-978.522722154
2018-02-27 02:15:00,-978.522722154
2018-02-27 02:16:00,-978.522722154
2018-02-27 02:17:00,-978.522722154
2018-02-27 02:18:00,-992.024906217
2018-02-27 02:19:00,-992.024906217
2018-02-27 02:20:00,-1019.02927434
2018-02-27 02:21:00,-1019.02927434
2018-02-27 02:22:00,-1005.52709028
2018-02-27 02:23:00,-1019.02927434
2018-02-27 02:24:00,-1005.52709028
2018-02-27 02:25:00,-1005.52709028
2018-02-27 02:26:00,-1005.52709028
2018-02-27 02:27:00,-1019.02927434
2018-02-27 02:28:00,-1019.02927434
2018-02-27 02:29:00,-1019.02927434
2018-02-27 02:30:00,-1046.03364247
2018-02-27 02:31:00,-1046.03364247
2018-02-27 02:32:00,-1032.5314584
2018-02-27 02:33:00,-1032.5314584
2018-02-27 02:34:00,-1005.52709028
2018-02-27 02:35:00,-992.024906217
2018-02-27 02:36:00,-992.024906217
2018-02-27 02:37:00,-1019.02927434
2018-02-27 02:38:00,-1019.02927434
2018-02-27 02:39:00,-1019.02927434
2018-02-27 02:40:00,-1019.02927434
2018-02-27 02:41:00,-1046.03364247
2018-02-27 02:42:00,-1046.03364247
2018-02-27 02:43:00,-1019.02927434
2018-02-27 02:44:00,-1019.02927434
2018-02-27 02:45:00,-992.024906217
2018-02-27 02:46:00,-992.024906217
2018-02-27 02:47:00,-1019.02927434
2018-02-27 02:48:00,-1032.5314584
2018-02-27 02:49:00,-1032.5314584
2018-02-27 02:50:00,-1032.5314584
2018-02-27 02:51:00,-1032.5314584
2018-02-27 02:52:00,-1032.5314584
2018-02-27 02:53:00,-1032.5314584
2018-02-27 02:54:00,-1019.02927434
2018-02-27 02:55:00,-1032.5314584
2018-02-27 02:56:00,-1032.5314584
2018-02-27 02:57:00,-1019.02927434
2018-02-27 02:58:00,-1032.5314584
2018-02-27 02:59:00,-1032.5314584
2018-02-27 03:00:00,-1019.02927434
2018-02-27 03:01:00,-1005.52709028
2018-02-27 03:02:00,-1032.5314584
2018-02-27 03:03:00,-1032.5314584
2018-02-27 03:04:00,-1032.5314584
2018-02-27 03:05:00,-1059.53582653
2018-02-27 03:06:00,-1073.03801059
2018-02-27 03:07:00,-1059.53582653
2018-02-27 03:08:00,-1059.53582653
2018-02-27 03:09:00,-1059.53582653
2018-02-27 03:10:00,-1059.53582653
2018-02-27 03:11:00,-1059.53582653
2018-02-27 03:12:00,-1059.53582653
2018-02-27 03:13:00,-1046.03364247
2018-02-27 03:14:00,-1032.5314584
2018-02-27 03:15:00,-1032.5314584
2018-02-27 03:16:00,-1005.52709028
2018-02-27 03:17:00,-1032.5314584
2018-02-27 03:18:00,-1032.5314584
2018-02-27 03:19:00,-1032.5314584
2018-02-27 03:20:00,-1019.02927434
2018-02-27 03:21:00,-1019.02927434
2018-02-27 03:22:00,-992.024906217
2018-02-27 03:23:00,-978.522722154
2018-02-27 03:24:00,-978.522722154
2018-02-27 03:25:00,-978.522722154
2018-02-27 03:26:00,-938.016169967
2018-02-27 03:27:00,-938.016169967
2018-02-27 03:28:00,-938.016169967
2018-02-27 03:29:00,-938.016169967
2018-02-27 03:30:00,-938.016169967
2018-02-27 03:31:00,-938.016169967
2018-02-27 03:32:00,-938.016169967
2018-02-27 03:33:00,-911.011801842
2018-02-27 03:34:00,-911.011801842
2018-02-27 03:35:00,-938.016169967
2018-02-27 03:36:00,-911.011801842
2018-02-27 03:37:00,-924.513985904
2018-02-27 03:38:00,-911.011801842
2018-02-27 03:39:00,-911.011801842
2018-02-27 03:40:00,-911.011801842
2018-02-27 03:41:00,-924.513985904
2018-02-27 03:42:00,-938.016169967
2018-02-27 03:43:00,-938.016169967
2018-02-27 03:44:00,-924.513985904
2018-02-27 03:45:00,-938.016169967
2018-02-27 03:46:00,-938.016169967
2018-02-27 03:47:00,-911.011801842
2018-02-27 03:48:00,-924.513985904
2018-02-27 03:49:00,-924.513985904
2018-02-27 03:50:00,-924.513985904
2018-02-27 03:51:00,-938.016169967
2018-02-27 03:52:00,-938.016169967
2018-02-27 03:53:00,-911.011801842
2018-02-27 03:54:00,-924.513985904
2018-02-27 03:55:00,-911.011801842
2018-02-27 03:56:00,-924.513985904
2018-02-27 03:57:00,-911.011801842
2018-02-27 03:58:00,-965.020538092
2018-02-27 03:59:00,-978.522722154
2018-02-27 04:00:00,-965.020538092
2018-02-27 04:01:00,-938.016169967
2018-02-27 04:02:00,-978.522722154
2018-02-27 04:03:00,-965.020538092
2018-02-27 04:04:00,-965.020538092
2018-02-27 04:05:00,-965.020538092
2018-02-27 04:06:00,-951.518354029
2018-02-27 04:07:00,-938.016169967
2018-02-27 04:08:00,-938.016169967
2018-02-27 04:09:00,-951.518354029
2018-02-27 04:10:00,-938.016169967
2018-02-27 04:11:00,-924.513985904
2018-02-27 04:12:00,-924.513985904
2018-02-27 04:13:00,-924.513985904
2018-02-27 04:14:00,-911.011801842
2018-02-27 04:15:00,-911.011801842
2018-02-27 04:16:00,-911.011801842
2018-02-27 04:17:00,-911.011801842
2018-02-27 04:18:00,-911.011801842
2018-02-27 04:19:00,-938.016169967
2018-02-27 04:20:00,-938.016169967
2018-02-27 04:21:00,-938.016169967
2018-02-27 04:22:00,-965.020538092
2018-02-27 04:23:00,-965.020538092
2018-02-27 04:24:00,-965.020538092
2018-02-27 04:25:00,-978.522722154
2018-02-27 04:26:00,-978.522722154
2018-02-27 04:27:00,-978.522722154
2018-02-27 04:28:00,-978.522722154
2018-02-27 04:29:00,-992.024906217
2018-02-27 04:30:00,-992.024906217
2018-02-27 04:31:00,-992.024906217
2018-02-27 04:32:00,-992.024906217
2018-02-27 04:33:00,-992.024906217
2018-02-27 04:34:00,-965.020538092
2018-02-27 04:35:00,-978.522722154
2018-02-27 04:36:00,-978.522722154
2018-02-27 04:37:00,-965.020538092
2018-02-27 04:38:00,-978.522722154
2018-02-27 04:39:00,-965.020538092
2018-02-27 04:40:00,-978.522722154
2018-02-27 04:41:00,-978.522722154
2018-02-27 04:42:00,-978.522722154
2018-02-27 04:43:00,-965.020538092
2018-02-27 04:44:00,-978.522722154
2018-02-27 04:45:00,-992.024906217
2018-02-27 04:46:00,-992.024906217
2018-02-27 04:47:00,-992.024906217
2018-02-27 04:48:00,-992.024906217
2018-02-27 04:49:00,-951.518354029
2018-02-27 04:50:00,-951.518354029
2018-02-27 04:51:00,-951.518354029
2018-02-27 04:52:00,-965.020538092
2018-02-27 04:53:00,-965.020538092
2018-02-27 04:54:00,-965.020538092
2018-02-27 04:55:00,-965.020538092
2018-02-27 04:56:00,-965.020538092
2018-02-27 04:57:00,-965.020538092
2018-02-27 04:58:00,-965.020538092
2018-02-27 04:59:00,-965.020538092
2018-02-27 05:00:00,-965.020538092
2018-02-27 05:01:00,-965.020538092
2018-02-27 05:02:00,-965.020538092
2018-02-27 05:03:00,-965.020538092
2018-02-27 05:04:00,-951.518354029
2018-02-27 05:05:00,-951.518354029
2018-02-27 05:06:00,-938.016169967
2018-02-27 05:07:00,-965.020538092
2018-02-27 05:08:00,-965.020538092
2018-02-27 05:09:00,-965.020538092
2018-02-27 05:10:00,-965.020538092
2018-02-27 05:11:00,-965.020538092
2018-02-27 05:12:00,-965.020538092
2018-02-27 05:13:00,-938.016169967
2018-02-27 05:14:00,-965.020538092
2018-02-27 05:15:00,-965.020538092
2018-02-27 05:16:00,-951.518354029
2018-02-27 05:17:00,-965.020538092
2018-02-27 05:18:00,-965.020538092
2018-02-27 05:19:00,-965.020538092
2018-02-27 05:20:00,-965.020538092
2018-02-27 05:21:00,-965.020538092
2018-02-27 05:22:00,-978.522722154
2018-02-27 05:23:00,-978.522722154
2018-02-27 05:24:00,-978.522722154
2018-02-27 05:25:00,-978.522722154
2018-02-27 05:26:00,-978.522722154
2018-02-27 05:27:00,-992.024906217
2018-02-27 05:28:00,-992.024906217
2018-02-27 05:29:00,-965.020538092
2018-02-27 05:30:00,-965.020538092
2018-02-27 05:31:00,-965.020538092
2018-02-27 05:32:00,-965.020538092
2018-02-27 05:33:00,-965.020538092
2018-02-27 05:34:00,-965.020538092
2018-02-27 05:35:00,-965.020538092
2018-02-27 05:36:00,-965.020538092
2018-02-27 05:37:00,-965.020538092
2018-02-27 05:38:00,-978.522722154
2018-02-27 05:39:00,-978.522722154
2018-02-27 05:40:00,-978.522722154
2018-02-27 05:41:00,-1005.52709028
2018-02-27 05:42:00,-1005.52709028
2018-02-27 05:43:00,-1005.52709028
2018-02-27 05:44:00,-1019.02927434
2018-02-27 05:45:00,-1005.52709028
2018-02-27 05:46:00,-1005.52709028
2018-02-27 05:47:00,-1005.52709028
2018-02-27 05:48:00,-1005.52709028
2018-02-27 05:49:00,-992.024906217
2018-02-27 05:50:00,-992.024906217
2018-02-27 05:51:00,-992.024906217
2018-02-27 05:52:00,-992.024906217
2018-02-27 05:53:00,-992.024906217
2018-02-27 05:54:00,-992.024906217
2018-02-27 05:55:00,-965.020538092
2018-02-27 05:56:00,-938.016169967
2018-02-27 05:57:00,-951.518354029
2018-02-27 05:58:00,-911.011801842
2018-02-27 05:59:00,-897.509617779
2018-02-27 06:00:00,-897.509617779
2018-02-27 06:01:00,-897.509617779
2018-02-27 06:02:00,-897.509617779
2018-02-27 06:03:00,-897.509617779
2018-02-27 06:04:00,-897.509617779
2018-02-27 06:05:00,-911.011801842
2018-02-27 06:06:00,-911.011801842
2018-02-27 06:07:00,-911.011801842
2018-02-27 06:08:00,-911.011801842
2018-02-27 06:09:00,-911.011801842
2018-02-27 06:10:00,-897.509617779
2018-02-27 06:11:00,-897.509617779
2018-02-27 06:12:00,-897.509617779
2018-02-27 06:13:00,-897.509617779
2018-02-27 06:14:00,-884.007433717
2018-02-27 06:15:00,-884.007433717
2018-02-27 06:16:00,-897.509617779
2018-02-27 06:17:00,-897.509617779
2018-02-27 06:18:00,-897.509617779
2018-02-27 06:19:00,-911.011801842
2018-02-27 06:20:00,-897.509617779
2018-02-27 06:21:00,-897.509617779
2018-02-27 06:22:00,-897.509617779
2018-02-27 06:23:00,-897.509617779
2018-02-27 06:24:00,-897.509617779
2018-02-27 06:25:00,-897.509617779
2018-02-27 06:26:00,-897.509617779
2018-02-27 06:27:00,-897.509617779
2018-02-27 06:28:00,-897.509617779
2018-02-27 06:29:00,-897.509617779
2018-02-27 06:30:00,-897.509617779
2018-02-27 06:31:00,-911.011801842
2018-02-27 06:32:00,-924.513985904
2018-02-27 06:33:00,-938.016169967
2018-02-27 06:34:00,-924.513985904
2018-02-27 06:35:00,-911.011801842
2018-02-27 06:36:00,-897.509617779
2018-02-27 06:37:00,-857.003065592
2018-02-27 06:38:00,-857.003065592
2018-02-27 06:39:00,-857.003065592
2018-02-27 06:40:00,-857.003065592
2018-02-27 06:41:00,-857.003065592
2018-02-27 06:42:00,-857.003065592
2018-02-27 06:43:00,-857.003065592
2018-02-27 06:44:00,-857.003065592
2018-02-27 06:45:00,-857.003065592
2018-02-27 06:46:00,-857.003065592
2018-02-27 06:47:00,-857.003065592
2018-02-27 06:48:00,-857.003065592
2018-02-27 06:49:00,-857.003065592
2018-02-27 06:50:00,-857.003065592
2018-02-27 06:51:00,-857.003065592
2018-02-27 06:52:00,-884.007433717
2018-02-27 06:53:00,-870.505249654
2018-02-27 06:54:00,-870.505249654
2018-02-27 06:55:00,-870.505249654
2018-02-27 06:56:00,-884.007433717
2018-02-27 06:57:00,-870.505249654
2018-02-27 06:58:00,-870.505249654
2018-02-27 06:59:00,-870.505249654
2018-02-27 07:00:00,-870.505249654
2018-02-27 07:01:00,-857.003065592
2018-02-27 07:02:00,-857.003065592
2018-02-27 07:03:00,-857.003065592
2018-02-27 07:04:00,-857.003065592
2018-02-27 07:05:00,-843.500881529
2018-02-27 07:06:00,-843.500881529
2018-02-27 07:07:00,-843.500881529
2018-02-27 07:08:00,-843.500881529
2018-02-27 07:09:00,-843.500881529
2018-02-27 07:10:00,-857.003065592
2018-02-27 07:11:00,-857.003065592
2018-02-27 07:12:00,-857.003065592
2018-02-27 07:13:00,-829.998697467
2018-02-27 07:14:00,-857.003065592
2018-02-27 07:15:00,-857.003065592
2018-02-27 07:16:00,-857.003065592
2018-02-27 07:17:00,-857.003065592
2018-02-27 07:18:00,-857.003065592
2018-02-27 07:19:00,-857.003065592
2018-02-27 07:20:00,-857.003065592
2018-02-27 07:21:00,-857.003065592
2018-02-27 07:22:00,-857.003065592
2018-02-27 07:23:00,-857.003065592
2018-02-27 07:24:00,-857.003065592
2018-02-27 07:25:00,-843.500881529
2018-02-27 07:26:00,-857.003065592
2018-02-27 07:27:00,-857.003065592
2018-02-27 07:28:00,-884.007433717
2018-02-27 07:29:00,-911.011801842
2018-02-27 07:30:00,-911.011801842
2018-02-27 07:31:00,-965.020538092
2018-02-27 07:32:00,-992.024906217
2018-02-27 07:33:00,-965.020538092
2018-02-27 07:34:00,-951.518354029
2018-02-27 07:35:00,-951.518354029
2018-02-27 07:36:00,-951.518354029
2018-02-27 07:37:00,-884.007433717
2018-02-27 07:38:00,-911.011801842
2018-02-27 07:39:00,-924.513985904
2018-02-27 07:40:00,-924.513985904
2018-02-27 07:41:00,-897.509617779
2018-02-27 07:42:00,-965.020538092
2018-02-27 07:43:00,-965.020538092
2018-02-27 07:44:00,-965.020538092
2018-02-27 07:45:00,-951.518354029
2018-02-27 07:46:00,-951.518354029
2018-02-27 07:47:00,-911.011801842
2018-02-27 07:48:00,-924.513985904
2018-02-27 07:49:00,-924.513985904
2018-02-27 07:50:00,-911.011801842
2018-02-27 07:51:00,-911.011801842
2018-02-27 07:52:00,-911.011801842
2018-02-27 07:53:00,-911.011801842
2018-02-27 07:54:00,-897.509617779
2018-02-27 07:55:00,-870.505249654
2018-02-27 07:56:00,-870.505249654
2018-02-27 07:57:00,-870.505249654
2018-02-27 07:58:00,-897.509617779
2018-02-27 07:59:00,-884.007433717
2018-02-27 08:00:00,-897.509617779
2018-02-27 08:01:00,-897.509617779
2018-02-27 08:02:00,-911.011801842
2018-02-27 08:03:00,-897.509617779
2018-02-27 08:04:00,-857.003065592
2018-02-27 08:05:00,-857.003065592
2018-02-27 08:06:00,-884.007433717
2018-02-27 08:07:00,-870.505249654
2018-02-27 08:08:00,-884.007433717
2018-02-27 08:09:00,-884.007433717
2018-02-27 08:10:00,-870.505249654
2018-02-27 08:11:00,-884.007433717
2018-02-27 08:12:00,-884.007433717
2018-02-27 08:13:00,-884.007433717
2018-02-27 08:14:00,-911.011801842
2018-02-27 08:15:00,-897.509617779
2018-02-27 08:16:00,-897.509617779
2018-02-27 08:17:00,-897.509617779
2018-02-27 08:18:00,-897.509617779
2018-02-27 08:19:00,-897.509617779
2018-02-27 08:20:00,-911.011801842
2018-02-27 08:21:00,-897.509617779
2018-02-27 08:22:00,-911.011801842
2018-02-27 08:23:00,-911.011801842
2018-02-27 08:24:00,-911.011801842
2018-02-27 08:25:00,-911.011801842
2018-02-27 08:26:00,-911.011801842
2018-02-27 08:27:00,-911.011801842
2018-02-27 08:28:00,-911.011801842
2018-02-27 08:29:00,-911.011801842
2018-02-27 08:30:00,-897.509617779
2018-02-27 08:31:00,-911.011801842
2018-02-27 08:32:00,-911.011801842
2018-02-27 08:33:00,-897.509617779
2018-02-27 08:34:00,-911.011801842
2018-02-27 08:35:00,-911.011801842
2018-02-27 08:36:00,-911.011801842
2018-02-27 08:37:00,-911.011801842
2018-02-27 08:38:00,-911.011801842
2018-02-27 08:39:00,-911.011801842
2018-02-27 08:40:00,-911.011801842
2018-02-27 08:41:00,-911.011801842
2018-02-27 08:42:00,-911.011801842
2018-02-27 08:43:00,-911.011801842
2018-02-27 08:44:00,-911.011801842
2018-02-27 08:45:00,-911.011801842
2018-02-27 08:46:00,-911.011801842
2018-02-27 08:47:00,-911.011801842
2018-02-27 08:48:00,-911.011801842
2018-02-27 08:49:00,-911.011801842
2018-02-27 08:50:00,-911.011801842
2018-02-27 08:51:00,-911.011801842
2018-02-27 08:52:00,-911.011801842
2018-02-27 08:53:00,-924.513985904
2018-02-27 08:54:00,-924.513985904
2018-02-27 08:55:00,-924.513985904
2018-02-27 08:56:00,-938.016169967
2018-02-27 08:57:00,-938.016169967
2018-02-27 08:58:00,-938.016169967
2018-02-27 08:59:00,-965.020538092
2018-02-27 09:00:00,-965.020538092
2018-02-27 09:01:00,-978.522722154
2018-02-27 09:02:00,-965.020538092
2018-02-27 09:03:00,-884.007433717
2018-02-27 09:04:00,-897.509617779
2018-02-27 09:05:00,-911.011801842
2018-02-27 09:06:00,-897.509617779
2018-02-27 09:07:00,-911.011801842
2018-02-27 09:08:00,-911.011801842
2018-02-27 09:09:00,-911.011801842
2018-02-27 09:10:00,-884.007433717
2018-02-27 09:11:00,-897.509617779
2018-02-27 09:12:00,-897.509617779
2018-02-27 09:13:00,-911.011801842
2018-02-27 09:14:00,-911.011801842
2018-02-27 09:15:00,-911.011801842
2018-02-27 09:16:00,-911.011801842
2018-02-27 09:17:00,-911.011801842
2018-02-27 09:18:00,-911.011801842
2018-02-27 09:19:00,-911.011801842
2018-02-27 09:20:00,-911.011801842
2018-02-27 09:21:00,-911.011801842
2018-02-27 09:22:00,-911.011801842
2018-02-27 09:23:00,-911.011801842
2018-02-27 09:24:00,-911.011801842
2018-02-27 09:25:00,-911.011801842
2018-02-27 09:26:00,-911.011801842
2018-02-27 09:27:00,-938.016169967
2018-02-27 09:28:00,-951.518354029
2018-02-27 09:29:00,-938.016169967
2018-02-27 09:30:00,-938.016169967
2018-02-27 09:31:00,-965.020538092
2018-02-27 09:32:00,-965.020538092
2018-02-27 09:33:00,-965.020538092
2018-02-27 09:34:00,-965.020538092
2018-02-27 09:35:00,-911.011801842
2018-02-27 09:36:00,-911.011801842
2018-02-27 09:37:00,-911.011801842
2018-02-27 09:38:00,-911.011801842
2018-02-27 09:39:00,-857.003065592
2018-02-27 09:40:00,-857.003065592
2018-02-27 09:41:00,-884.007433717
2018-02-27 09:42:00,-1005.52709028
2018-02-27 09:43:00,-978.522722154
2018-02-27 09:44:00,-1032.5314584
2018-02-27 09:45:00,-1046.03364247
2018-02-27 09:46:00,-1073.03801059
2018-02-27 09:47:00,-1059.53582653
2018-02-27 09:48:00,-1073.03801059
2018-02-27 09:49:00,-1073.03801059
2018-02-27 09:50:00,-1100.04237872
2018-02-27 09:51:00,-1127.04674684
2018-02-27 09:52:00,-1127.04674684
2018-02-27 09:53:00,-1127.04674684
2018-02-27 09:54:00,-1154.05111497
2018-02-27 09:55:00,-1154.05111497
2018-02-27 09:56:00,-1154.05111497
2018-02-27 09:57:00,-1154.05111497
2018-02-27 09:58:00,-1181.05548309
2018-02-27 09:59:00,-1194.55766715
2018-02-27 10:00:00,-1181.05548309
2018-02-27 10:01:00,-1181.05548309
2018-02-27 10:02:00,-1181.05548309
2018-02-27 10:03:00,-1194.55766715
2018-02-27 10:04:00,-1181.05548309
2018-02-27 10:05:00,-1194.55766715
2018-02-27 10:06:00,-1181.05548309
2018-02-27 10:07:00,-1181.05548309
2018-02-27 10:08:00,-1167.55329903
2018-02-27 10:09:00,-1154.05111497
2018-02-27 10:10:00,-1154.05111497
2018-02-27 10:11:00,-1154.05111497
2018-02-27 10:12:00,-1154.05111497
2018-02-27 10:13:00,-1127.04674684
2018-02-27 10:14:00,-1127.04674684
2018-02-27 10:15:00,-1127.04674684
2018-02-27 10:16:00,-1127.04674684
2018-02-27 10:17:00,-1127.04674684
2018-02-27 10:18:00,-1154.05111497
2018-02-27 10:19:00,-1154.05111497
2018-02-27 10:20:00,-1154.05111497
2018-02-27 10:21:00,-1167.55329903
2018-02-27 10:22:00,-1181.05548309
2018-02-27 10:23:00,-1154.05111497
2018-02-27 10:24:00,-1154.05111497
2018-02-27 10:25:00,-1154.05111497
2018-02-27 10:26:00,-1154.05111497
2018-02-27 10:27:00,-1154.05111497
2018-02-27 10:28:00,-1154.05111497
2018-02-27 10:29:00,-1127.04674684
2018-02-27 10:30:00,-1127.04674684
2018-02-27 10:31:00,-1127.04674684
2018-02-27 10:32:00,-1100.04237872
2018-02-27 10:33:00,-1100.04237872
2018-02-27 10:34:00,-1113.54456278
2018-02-27 10:35:00,-1127.04674684
2018-02-27 10:36:00,-1100.04237872
2018-02-27 10:37:00,-1100.04237872
2018-02-27 10:38:00,-1100.04237872
2018-02-27 10:39:00,-1100.04237872
2018-02-27 10:40:00,-1100.04237872
2018-02-27 10:41:00,-1100.04237872
2018-02-27 10:42:00,-1100.04237872
2018-02-27 10:43:00,-1100.04237872
2018-02-27 10:44:00,-1127.04674684
2018-02-27 10:45:00,-1127.04674684
2018-02-27 10:46:00,-1127.04674684
2018-02-27 10:47:00,-1127.04674684
2018-02-27 10:48:00,-1127.04674684
2018-02-27 10:49:00,-1154.05111497
2018-02-27 10:50:00,-1127.04674684
2018-02-27 10:51:00,-1127.04674684
2018-02-27 10:52:00,-1154.05111497
2018-02-27 10:53:00,-1181.05548309
2018-02-27 10:54:00,-1194.55766715
2018-02-27 10:55:00,-1194.55766715
2018-02-27 10:56:00,-1194.55766715
2018-02-27 10:57:00,-1194.55766715
2018-02-27 10:58:00,-1194.55766715
2018-02-27 10:59:00,-1194.55766715
2018-02-27 11:00:00,-1181.05548309
2018-02-27 11:01:00,-1194.55766715
2018-02-27 11:02:00,-1194.55766715
2018-02-27 11:03:00,-1194.55766715
2018-02-27 11:04:00,-1194.55766715
2018-02-27 11:05:00,-1154.05111497
2018-02-27 11:06:00,-1154.05111497
2018-02-27 11:07:00,-1181.05548309
2018-02-27 11:08:00,-1181.05548309
2018-02-27 11:09:00,-1181.05548309
2018-02-27 11:10:00,-1208.05985122
2018-02-27 11:11:00,-1208.05985122
2018-02-27 11:12:00,-1154.05111497
2018-02-27 11:13:00,-1194.55766715
2018-02-27 11:14:00,-1194.55766715
2018-02-27 11:15:00,-1154.05111497
2018-02-27 11:16:00,-1154.05111497
2018-02-27 11:17:00,-1167.55329903
2018-02-27 11:18:00,-1194.55766715
2018-02-27 11:19:00,-1194.55766715
2018-02-27 11:20:00,-1194.55766715
2018-02-27 11:21:00,-1194.55766715
2018-02-27 11:22:00,-1194.55766715
2018-02-27 11:23:00,-1194.55766715
2018-02-27 11:24:00,-1194.55766715
2018-02-27 11:25:00,-1167.55329903
2018-02-27 11:26:00,-1154.05111497
2018-02-27 11:27:00,-1140.5489309
2018-02-27 11:28:00,-1140.5489309
2018-02-27 11:29:00,-1140.5489309
2018-02-27 11:30:00,-1181.05548309
2018-02-27 11:31:00,-1167.55329903
2018-02-27 11:32:00,-1167.55329903
2018-02-27 11:33:00,-1181.05548309
2018-02-27 11:34:00,-1194.55766715
2018-02-27 11:35:00,-1194.55766715
2018-02-27 11:36:00,-1194.55766715
2018-02-27 11:37:00,-1167.55329903
2018-02-27 11:38:00,-1167.55329903
2018-02-27 11:39:00,-1167.55329903
2018-02-27 11:40:00,-1167.55329903
2018-02-27 11:41:00,-1167.55329903
2018-02-27 11:42:00,-1167.55329903
2018-02-27 11:43:00,-1167.55329903
2018-02-27 11:44:00,-1167.55329903
2018-02-27 11:45:00,-1167.55329903
2018-02-27 11:46:00,-1167.55329903
2018-02-27 11:47:00,-1167.55329903
2018-02-27 11:48:00,-1194.55766715
2018-02-27 11:49:00,-1167.55329903
2018-02-27 11:50:00,-1167.55329903
2018-02-27 11:51:00,-1167.55329903
2018-02-27 11:52:00,-1167.55329903
2018-02-27 11:53:00,-1167.55329903
2018-02-27 11:54:00,-1167.55329903
2018-02-27 11:55:00,-1167.55329903
2018-02-27 11:56:00,-1167.55329903
2018-02-27 11:57:00,-1167.55329903
2018-02-27 11:58:00,-1167.55329903
2018-02-27 11:59:00,-1167.55329903
2018-02-28 01:29:00,-1437.59698028
2018-02-28 01:30:00,-1437.59698028
2018-02-28 01:31:00,-1437.59698028
2018-02-28 01:32:00,-1437.59698028
2018-02-28 01:33:00,-1437.59698028
2018-02-28 01:34:00,-1208.05985122
2018-02-28 01:35:00,-1208.05985122
2018-02-28 01:36:00,-1194.55766715
2018-02-28 01:37:00,-1194.55766715
2018-02-28 01:38:00,-1194.55766715
2018-02-28 01:39:00,-1194.55766715
2018-02-28 01:40:00,-1221.56203528
2018-02-28 01:41:00,-1194.55766715
2018-02-28 01:42:00,-1194.55766715
2018-02-28 01:43:00,-1194.55766715
2018-02-28 01:44:00,-1235.06421934
2018-02-28 01:45:00,-1221.56203528
2018-02-28 01:46:00,-1208.05985122
2018-02-28 01:47:00,-1208.05985122
2018-02-28 01:48:00,-1208.05985122
2018-02-28 01:49:00,-1208.05985122
2018-02-28 01:50:00,-1208.05985122
2018-02-28 01:51:00,-1208.05985122
2018-02-28 01:52:00,-1208.05985122
2018-02-28 01:53:00,-1208.05985122
2018-02-28 01:54:00,-1208.05985122
2018-02-28 01:55:00,-1208.05985122
2018-02-28 01:56:00,-1208.05985122
2018-02-28 01:57:00,-1208.05985122
2018-02-28 01:58:00,-1208.05985122
2018-02-28 01:59:00,-1208.05985122
2018-02-28 02:00:00,-1140.5489309
2018-02-28 02:01:00,-1154.05111497
2018-02-28 02:02:00,-1127.04674684
2018-02-28 02:03:00,-1154.05111497
2018-02-28 02:04:00,-1154.05111497
2018-02-28 02:05:00,-1181.05548309
2018-02-28 02:06:00,-1194.55766715
2018-02-28 02:07:00,-1194.55766715
2018-02-28 02:08:00,-1181.05548309
2018-02-28 02:09:00,-1181.05548309
2018-02-28 02:10:00,-1181.05548309
2018-02-28 02:11:00,-1181.05548309
2018-02-28 02:12:00,-1181.05548309
2018-02-28 02:13:00,-1181.05548309
2018-02-28 02:14:00,-1140.5489309
2018-02-28 02:15:00,-1127.04674684
2018-02-28 02:16:00,-1140.5489309
2018-02-28 02:17:00,-1140.5489309
2018-02-28 02:18:00,-1140.5489309
2018-02-28 02:19:00,-1154.05111497
2018-02-28 02:20:00,-1140.5489309
2018-02-28 02:21:00,-1154.05111497
2018-02-28 02:22:00,-1140.5489309
2018-02-28 02:23:00,-1140.5489309
2018-02-28 02:24:00,-1127.04674684
2018-02-28 02:25:00,-1113.54456278
2018-02-28 02:26:00,-1127.04674684
2018-02-28 02:27:00,-1127.04674684
2018-02-28 02:28:00,-1127.04674684
2018-02-28 02:29:00,-1113.54456278
2018-02-28 02:30:00,-1113.54456278
2018-02-28 02:31:00,-1113.54456278
2018-02-28 02:32:00,-1113.54456278
2018-02-28 02:33:00,-1113.54456278
2018-02-28 02:34:00,-1113.54456278
2018-02-28 02:35:00,-1113.54456278
2018-02-28 02:36:00,-1113.54456278
2018-02-28 02:37:00,-1113.54456278
2018-02-28 02:38:00,-1127.04674684
2018-02-28 02:39:00,-1140.5489309
2018-02-28 02:40:00,-1140.5489309
2018-02-28 02:41:00,-1140.5489309
2018-02-28 02:42:00,-1140.5489309
2018-02-28 02:43:00,-1140.5489309
2018-02-28 02:44:00,-1140.5489309
2018-02-28 02:45:00,-1154.05111497
2018-02-28 02:46:00,-1154.05111497
2018-02-28 02:47:00,-1154.05111497
2018-02-28 02:48:00,-1154.05111497
2018-02-28 02:49:00,-1154.05111497
2018-02-28 02:50:00,-1154.05111497
2018-02-28 02:51:00,-1167.55329903
2018-02-28 02:52:00,-1167.55329903
2018-02-28 02:53:00,-1167.55329903
2018-02-28 02:54:00,-1181.05548309
2018-02-28 02:55:00,-1208.05985122
2018-02-28 02:56:00,-1208.05985122
2018-02-28 02:57:00,-1208.05985122
2018-02-28 02:58:00,-1208.05985122
2018-02-28 02:59:00,-1221.56203528
2018-02-28 03:00:00,-1208.05985122
2018-02-28 03:01:00,-1194.55766715
2018-02-28 03:02:00,-1194.55766715
2018-02-28 03:03:00,-1194.55766715
2018-02-28 03:04:00,-1167.55329903
2018-02-28 03:05:00,-1167.55329903
2018-02-28 03:06:00,-1194.55766715
2018-02-28 03:07:00,-1194.55766715
2018-02-28 03:08:00,-1167.55329903
2018-02-28 03:09:00,-1140.5489309
2018-02-28 03:10:00,-1127.04674684
2018-02-28 03:11:00,-1127.04674684
2018-02-28 03:12:00,-1113.54456278
2018-02-28 03:13:00,-1140.5489309
2018-02-28 03:14:00,-1140.5489309
2018-02-28 03:15:00,-1140.5489309
2018-02-28 03:16:00,-1140.5489309
2018-02-28 03:17:00,-1140.5489309
2018-02-28 03:18:00,-1140.5489309
2018-02-28 03:19:00,-1167.55329903
2018-02-28 03:20:00,-1167.55329903
2018-02-28 03:21:00,-1167.55329903
2018-02-28 03:22:00,-1167.55329903
2018-02-28 03:23:00,-1167.55329903
2018-02-28 03:24:00,-1154.05111497
2018-02-28 03:25:00,-1154.05111497
2018-02-28 03:26:00,-1154.05111497
2018-02-28 03:27:00,-1154.05111497
2018-02-28 03:28:00,-1140.5489309
2018-02-28 03:29:00,-1154.05111497
2018-02-28 03:30:00,-1154.05111497
2018-02-28 03:31:00,-1154.05111497
2018-02-28 03:32:00,-1154.05111497
2018-02-28 03:33:00,-1154.05111497
2018-02-28 03:34:00,-1154.05111497
2018-02-28 03:35:00,-1167.55329903
2018-02-28 03:36:00,-1167.55329903
2018-02-28 03:37:00,-1167.55329903
2018-02-28 03:38:00,-1167.55329903
2018-02-28 03:39:00,-1167.55329903
2018-02-28 03:40:00,-1154.05111497
2018-02-28 03:41:00,-1167.55329903
2018-02-28 03:42:00,-1181.05548309
2018-02-28 03:43:00,-1167.55329903
2018-02-28 03:44:00,-1154.05111497
2018-02-28 03:45:00,-1154.05111497
2018-02-28 03:46:00,-1140.5489309
2018-02-28 03:47:00,-1140.5489309
2018-02-28 03:48:00,-1140.5489309
2018-02-28 03:49:00,-1140.5489309
2018-02-28 03:50:00,-1113.54456278
2018-02-28 03:51:00,-1113.54456278
2018-02-28 03:52:00,-1113.54456278
2018-02-28 03:53:00,-1113.54456278
2018-02-28 03:54:00,-1127.04674684
2018-02-28 03:55:00,-1127.04674684
2018-02-28 03:56:00,-1127.04674684
2018-02-28 03:57:00,-1154.05111497
2018-02-28 03:58:00,-1154.05111497
2018-02-28 03:59:00,-1140.5489309
2018-02-28 04:00:00,-1140.5489309
2018-02-28 04:01:00,-1140.5489309
2018-02-28 04:02:00,-1140.5489309
2018-02-28 04:03:00,-1140.5489309
2018-02-28 04:04:00,-1167.55329903
2018-02-28 04:05:00,-1167.55329903
2018-02-28 04:06:00,-1167.55329903
2018-02-28 04:07:00,-1181.05548309
2018-02-28 04:08:00,-1181.05548309
2018-02-28 04:09:00,-1181.05548309
2018-02-28 04:10:00,-1181.05548309
2018-02-28 04:11:00,-1181.05548309
2018-02-28 04:12:00,-1181.05548309
2018-02-28 04:13:00,-1181.05548309
2018-02-28 04:14:00,-1181.05548309
2018-02-28 04:15:00,-1181.05548309
2018-02-28 04:16:00,-1181.05548309
2018-02-28 04:17:00,-1181.05548309
2018-02-28 04:18:00,-1181.05548309
2018-02-28 04:19:00,-1181.05548309
2018-02-28 04:20:00,-1181.05548309
2018-02-28 04:21:00,-1181.05548309
2018-02-28 04:22:00,-1167.55329903
2018-02-28 04:23:00,-1167.55329903
2018-02-28 04:24:00,-1167.55329903
2018-02-28 04:25:00,-1154.05111497
2018-02-28 04:26:00,-1154.05111497
2018-02-28 04:27:00,-1154.05111497
2018-02-28 04:28:00,-1154.05111497
2018-02-28 04:29:00,-1154.05111497
2018-02-28 04:30:00,-1154.05111497
2018-02-28 04:31:00,-1154.05111497
2018-02-28 04:32:00,-1154.05111497
2018-02-28 04:33:00,-1154.05111497
2018-02-28 04:34:00,-1127.04674684
2018-02-28 04:35:00,-1127.04674684
2018-02-28 04:36:00,-1127.04674684
2018-02-28 04:37:00,-1127.04674684
2018-02-28 04:38:00,-1127.04674684
2018-02-28 04:39:00,-1127.04674684
2018-02-28 04:40:00,-1127.04674684
2018-02-28 04:41:00,-1127.04674684
2018-02-28 04:42:00,-1127.04674684
2018-02-28 04:43:00,-1100.04237872
2018-02-28 04:44:00,-1100.04237872
2018-02-28 04:45:00,-1073.03801059
2018-02-28 04:46:00,-1073.03801059
2018-02-28 04:47:00,-1073.03801059
2018-02-28 04:48:00,-1073.03801059
2018-02-28 04:49:00,-1046.03364247
2018-02-28 04:50:00,-1046.03364247
2018-02-28 04:51:00,-1046.03364247
2018-02-28 04:52:00,-1059.53582653
2018-02-28 04:53:00,-1073.03801059
2018-02-28 04:54:00,-1073.03801059
2018-02-28 04:55:00,-1059.53582653
2018-02-28 04:56:00,-1073.03801059
2018-02-28 04:57:00,-1046.03364247
2018-02-28 04:58:00,-1046.03364247
2018-02-28 04:59:00,-1046.03364247
2018-02-28 05:00:00,-1046.03364247
2018-02-28 05:01:00,-1046.03364247
2018-02-28 05:02:00,-1073.03801059
2018-02-28 05:03:00,-1046.03364247
2018-02-28 05:04:00,-1046.03364247
2018-02-28 05:05:00,-1046.03364247
2018-02-28 05:06:00,-1046.03364247
2018-02-28 05:07:00,-1046.03364247
2018-02-28 05:08:00,-1046.03364247
2018-02-28 05:09:00,-1046.03364247
2018-02-28 05:10:00,-1046.03364247
2018-02-28 05:11:00,-1046.03364247
2018-02-28 05:12:00,-1059.53582653
2018-02-28 05:13:00,-1059.53582653
2018-02-28 05:14:00,-1059.53582653
2018-02-28 05:15:00,-1059.53582653
2018-02-28 05:16:00,-1073.03801059
2018-02-28 05:17:00,-1046.03364247
2018-02-28 05:18:00,-1046.03364247
2018-02-28 05:19:00,-1046.03364247
2018-02-28 05:20:00,-1046.03364247
2018-02-28 05:21:00,-1046.03364247
2018-02-28 05:22:00,-1046.03364247
2018-02-28 05:23:00,-1046.03364247
2018-02-28 05:24:00,-1046.03364247
2018-02-28 05:25:00,-1046.03364247
2018-02-28 05:26:00,-1046.03364247
2018-02-28 05:27:00,-1046.03364247
2018-02-28 05:28:00,-1046.03364247
2018-02-28 05:29:00,-1046.03364247
2018-02-28 05:30:00,-1046.03364247
2018-02-28 05:31:00,-1005.52709028
2018-02-28 05:32:00,-1005.52709028
2018-02-28 05:33:00,-1005.52709028
2018-02-28 05:34:00,-1005.52709028
2018-02-28 05:35:00,-1005.52709028
2018-02-28 05:36:00,-992.024906217
2018-02-28 05:37:00,-992.024906217
2018-02-28 05:38:00,-978.522722154
2018-02-28 05:39:00,-938.016169967
2018-02-28 05:40:00,-924.513985904
2018-02-28 05:41:00,-911.011801842
2018-02-28 05:42:00,-884.007433717
2018-02-28 05:43:00,-884.007433717
2018-02-28 05:44:00,-884.007433717
2018-02-28 05:45:00,-829.998697467
2018-02-28 05:46:00,-829.998697467
2018-02-28 05:47:00,-816.496513404
2018-02-28 05:48:00,-829.998697467
2018-02-28 05:49:00,-829.998697467
2018-02-28 05:50:00,-829.998697467
2018-02-28 05:51:00,-829.998697467
2018-02-28 05:52:00,-829.998697467
2018-02-28 05:53:00,-911.011801842
2018-02-28 05:54:00,-911.011801842
2018-02-28 05:55:00,-924.513985904
2018-02-28 05:56:00,-911.011801842
2018-02-28 05:57:00,-884.007433717
2018-02-28 05:58:00,-884.007433717
2018-02-28 05:59:00,-897.509617779
2018-02-28 06:00:00,-897.509617779
2018-02-28 06:01:00,-897.509617779
2018-02-28 06:02:00,-911.011801842
2018-02-28 06:03:00,-870.505249654
2018-02-28 06:04:00,-857.003065592
2018-02-28 06:05:00,-884.007433717
2018-02-28 06:06:00,-829.998697467
2018-02-28 06:07:00,-816.496513404
2018-02-28 06:08:00,-816.496513404
2018-02-28 06:09:00,-870.505249654
2018-02-28 06:10:00,-870.505249654
2018-02-28 06:11:00,-870.505249654
2018-02-28 06:12:00,-870.505249654
2018-02-28 06:13:00,-870.505249654
2018-02-28 06:14:00,-829.998697467
2018-02-28 06:15:00,-843.500881529
2018-02-28 06:16:00,-843.500881529
2018-02-28 06:17:00,-775.989961217
2018-02-28 06:18:00,-775.989961217
2018-02-28 06:19:00,-762.487777154
2018-02-28 06:20:00,-775.989961217
2018-02-28 06:21:00,-775.989961217
2018-02-28 06:22:00,-802.994329342
2018-02-28 06:23:00,-802.994329342
2018-02-28 06:24:00,-829.998697467
2018-02-28 06:25:00,-829.998697467
2018-02-28 06:26:00,-829.998697467
2018-02-28 06:27:00,-857.003065592
2018-02-28 06:28:00,-857.003065592
2018-02-28 06:29:00,-857.003065592
2018-02-28 06:30:00,-857.003065592
2018-02-28 06:31:00,-857.003065592
2018-02-28 06:32:00,-857.003065592
2018-02-28 06:33:00,-857.003065592
2018-02-28 06:34:00,-857.003065592
2018-02-28 06:35:00,-857.003065592
2018-02-28 06:36:00,-857.003065592
2018-02-28 06:37:00,-843.500881529
2018-02-28 06:38:00,-857.003065592
2018-02-28 06:39:00,-857.003065592
2018-02-28 06:40:00,-857.003065592
2018-02-28 06:41:00,-857.003065592
2018-02-28 06:42:00,-857.003065592
2018-02-28 06:43:00,-802.994329342
2018-02-28 06:44:00,-802.994329342
2018-02-28 06:45:00,-802.994329342
2018-02-28 06:46:00,-802.994329342
2018-02-28 06:47:00,-775.989961217
2018-02-28 06:48:00,-775.989961217
2018-02-28 06:49:00,-775.989961217
2018-02-28 06:50:00,-802.994329342
2018-02-28 06:51:00,-816.496513404
2018-02-28 06:52:00,-802.994329342
2018-02-28 06:53:00,-816.496513404
2018-02-28 06:54:00,-816.496513404
2018-02-28 06:55:00,-816.496513404
2018-02-28 06:56:00,-816.496513404
2018-02-28 06:57:00,-816.496513404
2018-02-28 06:58:00,-857.003065592
2018-02-28 06:59:00,-843.500881529
2018-02-28 07:00:00,-843.500881529
2018-02-28 07:01:00,-843.500881529
2018-02-28 07:02:00,-843.500881529
2018-02-28 07:03:00,-843.500881529
2018-02-28 07:04:00,-884.007433717
2018-02-28 07:05:00,-843.500881529
2018-02-28 07:06:00,-857.003065592
2018-02-28 07:07:00,-843.500881529
2018-02-28 07:08:00,-843.500881529
2018-02-28 07:09:00,-843.500881529
2018-02-28 07:10:00,-843.500881529
2018-02-28 07:11:00,-870.505249654
2018-02-28 07:12:00,-870.505249654
2018-02-28 07:13:00,-870.505249654
2018-02-28 07:14:00,-870.505249654
2018-02-28 07:15:00,-870.505249654
2018-02-28 07:16:00,-857.003065592
2018-02-28 07:17:00,-816.496513404
2018-02-28 07:18:00,-816.496513404
2018-02-28 07:19:00,-816.496513404
2018-02-28 07:20:00,-802.994329342
2018-02-28 07:21:00,-829.998697467
2018-02-28 07:22:00,-829.998697467
2018-02-28 07:23:00,-816.496513404
2018-02-28 07:24:00,-816.496513404
2018-02-28 07:25:00,-789.492145279
2018-02-28 07:26:00,-802.994329342
2018-02-28 07:27:00,-789.492145279
2018-02-28 07:28:00,-762.487777154
2018-02-28 07:29:00,-762.487777154
2018-02-28 07:30:00,-775.989961217
2018-02-28 07:31:00,-775.989961217
2018-02-28 07:32:00,-775.989961217
2018-02-28 07:33:00,-775.989961217
2018-02-28 07:34:00,-775.989961217
2018-02-28 07:35:00,-789.492145279
2018-02-28 07:36:00,-789.492145279
2018-02-28 07:37:00,-802.994329342
2018-02-28 07:38:00,-802.994329342
2018-02-28 07:39:00,-829.998697467
2018-02-28 07:40:00,-802.994329342
2018-02-28 07:41:00,-802.994329342
2018-02-28 07:42:00,-843.500881529
2018-02-28 07:43:00,-857.003065592
2018-02-28 07:44:00,-857.003065592
2018-02-28 07:45:00,-857.003065592
2018-02-28 07:46:00,-884.007433717
2018-02-28 07:47:00,-884.007433717
2018-02-28 07:48:00,-897.509617779
2018-02-28 07:49:00,-870.505249654
2018-02-28 07:50:00,-870.505249654
2018-02-28 07:51:00,-884.007433717
2018-02-28 07:52:00,-884.007433717
2018-02-28 07:53:00,-884.007433717
2018-02-28 07:54:00,-884.007433717
2018-02-28 07:55:00,-884.007433717
2018-02-28 07:56:00,-884.007433717
2018-02-28 07:57:00,-897.509617779
2018-02-28 07:58:00,-884.007433717
2018-02-28 07:59:00,-870.505249654
2018-02-28 08:00:00,-870.505249654
2018-02-28 08:01:00,-870.505249654
2018-02-28 08:02:00,-870.505249654
2018-02-28 08:03:00,-857.003065592
2018-02-28 08:04:00,-857.003065592
2018-02-28 08:05:00,-857.003065592
2018-02-28 08:06:00,-857.003065592
2018-02-28 08:07:00,-857.003065592
2018-02-28 08:08:00,-857.003065592
2018-02-28 08:09:00,-857.003065592
2018-02-28 08:10:00,-843.500881529
2018-02-28 08:11:00,-843.500881529
2018-02-28 08:12:00,-843.500881529
2018-02-28 08:13:00,-843.500881529
2018-02-28 08:14:00,-843.500881529
2018-02-28 08:15:00,-843.500881529
2018-02-28 08:16:00,-802.994329342
2018-02-28 08:17:00,-802.994329342
2018-02-28 08:18:00,-789.492145279
2018-02-28 08:19:00,-789.492145279
2018-02-28 08:20:00,-802.994329342
2018-02-28 08:21:00,-802.994329342
2018-02-28 08:22:00,-802.994329342
2018-02-28 08:23:00,-802.994329342
2018-02-28 08:24:00,-775.989961217
2018-02-28 08:25:00,-775.989961217
2018-02-28 08:26:00,-748.985593092
2018-02-28 08:27:00,-762.487777154
2018-02-28 08:28:00,-748.985593092
2018-02-28 08:29:00,-762.487777154
2018-02-28 08:30:00,-775.989961217
2018-02-28 08:31:00,-775.989961217
2018-02-28 08:32:00,-775.989961217
2018-02-28 08:33:00,-802.994329342
2018-02-28 08:34:00,-802.994329342
2018-02-28 08:35:00,-775.989961217
2018-02-28 08:36:00,-775.989961217
2018-02-28 08:37:00,-775.989961217
2018-02-28 08:38:00,-775.989961217
2018-02-28 08:39:00,-775.989961217
2018-02-28 08:40:00,-775.989961217
2018-02-28 08:41:00,-775.989961217
2018-02-28 08:42:00,-775.989961217
2018-02-28 08:43:00,-775.989961217
2018-02-28 08:44:00,-775.989961217
2018-02-28 08:45:00,-775.989961217
2018-02-28 08:46:00,-721.981224967
2018-02-28 08:47:00,-721.981224967
2018-02-28 08:48:00,-721.981224967
2018-02-28 08:49:00,-694.976856842
2018-02-28 08:50:00,-681.474672779
2018-02-28 08:51:00,-667.972488717
2018-02-28 08:52:00,-681.474672779
2018-02-28 08:53:00,-694.976856842
2018-02-28 08:54:00,-667.972488717
2018-02-28 08:55:00,-681.474672779
2018-02-28 08:56:00,-694.976856842
2018-02-28 08:57:00,-694.976856842
2018-02-28 08:58:00,-694.976856842
2018-02-28 08:59:00,-708.479040904
2018-02-28 09:00:00,-708.479040904
2018-02-28 09:01:00,-694.976856842
2018-02-28 09:02:00,-708.479040904
2018-02-28 09:03:00,-748.985593092
2018-02-28 09:04:00,-775.989961217
2018-02-28 09:05:00,-789.492145279
2018-02-28 09:06:00,-789.492145279
2018-02-28 09:07:00,-775.989961217
2018-02-28 09:08:00,-789.492145279
2018-02-28 09:09:00,-802.994329342
2018-02-28 09:10:00,-802.994329342
2018-02-28 09:11:00,-802.994329342
2018-02-28 09:12:00,-802.994329342
2018-02-28 09:13:00,-802.994329342
2018-02-28 09:14:00,-802.994329342
2018-02-28 09:15:00,-802.994329342
2018-02-28 09:16:00,-802.994329342
2018-02-28 09:17:00,-802.994329342
2018-02-28 09:18:00,-802.994329342
2018-02-28 09:19:00,-802.994329342
2018-02-28 09:20:00,-816.496513404
2018-02-28 09:21:00,-802.994329342
2018-02-28 09:22:00,-802.994329342
2018-02-28 09:23:00,-802.994329342
2018-02-28 09:24:00,-802.994329342
2018-02-28 09:25:00,-802.994329342
2018-02-28 09:26:00,-802.994329342
2018-02-28 09:27:00,-748.985593092
2018-02-28 09:28:00,-775.989961217
2018-02-28 09:29:00,-775.989961217
2018-02-28 09:30:00,-789.492145279
2018-02-28 09:31:00,-802.994329342
2018-02-28 09:32:00,-789.492145279
2018-02-28 09:33:00,-802.994329342
2018-02-28 09:34:00,-802.994329342
2018-02-28 09:35:00,-789.492145279
2018-02-28 09:36:00,-775.989961217
2018-02-28 09:37:00,-789.492145279
2018-02-28 09:38:00,-802.994329342
2018-02-28 09:39:00,-802.994329342
2018-02-28 09:40:00,-802.994329342
2018-02-28 09:41:00,-789.492145279
2018-02-28 09:42:00,-789.492145279
2018-02-28 09:43:00,-789.492145279
2018-02-28 09:44:00,-789.492145279
2018-02-28 09:45:00,-789.492145279
2018-02-28 09:46:00,-789.492145279
2018-02-28 09:47:00,-802.994329342
2018-02-28 09:48:00,-802.994329342
2018-02-28 09:49:00,-775.989961217
2018-02-28 09:50:00,-775.989961217
2018-02-28 09:51:00,-802.994329342
2018-02-28 09:52:00,-802.994329342
2018-02-28 09:53:00,-802.994329342
2018-02-28 09:54:00,-802.994329342
2018-02-28 09:55:00,-802.994329342
2018-02-28 09:56:00,-802.994329342
2018-02-28 09:57:00,-775.989961217
2018-02-28 09:58:00,-802.994329342
2018-02-28 09:59:00,-802.994329342
2018-02-28 10:00:00,-802.994329342
2018-02-28 10:01:00,-789.492145279
2018-02-28 10:02:00,-816.496513404
2018-02-28 10:03:00,-816.496513404
2018-02-28 10:04:00,-802.994329342
2018-02-28 10:05:00,-802.994329342
2018-02-28 10:06:00,-802.994329342
2018-02-28 10:07:00,-802.994329342
2018-02-28 10:08:00,-802.994329342
2018-02-28 10:09:00,-802.994329342
2018-02-28 10:10:00,-802.994329342
2018-02-28 10:11:00,-802.994329342
2018-02-28 10:12:00,-802.994329342
2018-02-28 10:13:00,-816.496513404
2018-02-28 10:14:00,-789.492145279
2018-02-28 10:15:00,-789.492145279
2018-02-28 10:16:00,-802.994329342
2018-02-28 10:17:00,-802.994329342
2018-02-28 10:18:00,-802.994329342
2018-02-28 10:19:00,-802.994329342
2018-02-28 10:20:00,-775.989961217
2018-02-28 10:21:00,-748.985593092
2018-02-28 10:22:00,-775.989961217
2018-02-28 10:23:00,-775.989961217
2018-02-28 10:24:00,-748.985593092
2018-02-28 10:25:00,-748.985593092
2018-02-28 10:26:00,-748.985593092
2018-02-28 10:27:00,-748.985593092
2018-02-28 10:28:00,-748.985593092
2018-02-28 10:29:00,-748.985593092
2018-02-28 10:30:00,-775.989961217
2018-02-28 10:31:00,-775.989961217
2018-02-28 10:32:00,-775.989961217
2018-02-28 10:33:00,-762.487777154
2018-02-28 10:34:00,-775.989961217
2018-02-28 10:35:00,-775.989961217
2018-02-28 10:36:00,-775.989961217
2018-02-28 10:37:00,-775.989961217
2018-02-28 10:38:00,-775.989961217
2018-02-28 10:39:00,-748.985593092
2018-02-28 10:40:00,-748.985593092
2018-02-28 10:41:00,-748.985593092
2018-02-28 10:42:00,-748.985593092
2018-02-28 10:43:00,-748.985593092
2018-02-28 10:44:00,-721.981224967
2018-02-28 10:45:00,-694.976856842
2018-02-28 10:46:00,-694.976856842
2018-02-28 10:47:00,-694.976856842
2018-02-28 10:48:00,-694.976856842
2018-02-28 10:49:00,-721.981224967
2018-02-28 10:50:00,-721.981224967
2018-02-28 10:51:00,-721.981224967
2018-02-28 10:52:00,-721.981224967
2018-02-28 10:53:00,-721.981224967
2018-02-28 10:54:00,-735.483409029
2018-02-28 10:55:00,-735.483409029
2018-02-28 10:56:00,-735.483409029
2018-02-28 10:57:00,-735.483409029
2018-02-28 10:58:00,-735.483409029
2018-02-28 10:59:00,-748.985593092
2018-02-28 11:00:00,-735.483409029
2018-02-28 11:01:00,-721.981224967
2018-02-28 11:02:00,-721.981224967
2018-02-28 11:03:00,-721.981224967
2018-02-28 11:04:00,-721.981224967
2018-02-28 11:05:00,-721.981224967
2018-02-28 11:06:00,-721.981224967
2018-02-28 11:07:00,-735.483409029
2018-02-28 11:08:00,-735.483409029
2018-02-28 11:09:00,-735.483409029
2018-02-28 11:10:00,-735.483409029
2018-02-28 11:11:00,-735.483409029
2018-02-28 11:12:00,-735.483409029
2018-02-28 11:13:00,-748.985593092
2018-02-28 11:14:00,-775.989961217
2018-02-28 11:15:00,-789.492145279
2018-02-28 11:16:00,-789.492145279
2018-02-28 11:17:00,-762.487777154
2018-02-28 11:18:00,-748.985593092
2018-02-28 11:19:00,-748.985593092
2018-02-28 11:20:00,-748.985593092
2018-02-28 11:21:00,-721.981224967
2018-02-28 11:22:00,-721.981224967
2018-02-28 11:23:00,-708.479040904
2018-02-28 11:24:00,-708.479040904
2018-02-28 11:25:00,-708.479040904
2018-02-28 11:26:00,-708.479040904
2018-02-28 11:27:00,-708.479040904
2018-02-28 11:28:00,-735.483409029
2018-02-28 11:29:00,-708.479040904
2018-02-28 11:30:00,-721.981224967
2018-02-28 11:31:00,-721.981224967
2018-02-28 11:32:00,-721.981224967
2018-02-28 11:33:00,-721.981224967
2018-02-28 11:34:00,-721.981224967
2018-02-28 11:35:00,-721.981224967
2018-02-28 11:36:00,-721.981224967
2018-02-28 11:37:00,-735.483409029
2018-02-28 11:38:00,-735.483409029
2018-02-28 11:39:00,-735.483409029
2018-02-28 11:40:00,-721.981224967
2018-02-28 11:41:00,-721.981224967
2018-02-28 11:42:00,-708.479040904
2018-02-28 11:43:00,-708.479040904
2018-02-28 11:44:00,-708.479040904
2018-02-28 11:45:00,-735.483409029
2018-02-28 11:46:00,-735.483409029
2018-02-28 11:47:00,-735.483409029
2018-02-28 11:48:00,-735.483409029
2018-02-28 11:49:00,-735.483409029
2018-02-28 11:50:00,-735.483409029
2018-02-28 11:51:00,-735.483409029
2018-02-28 11:52:00,-735.483409029
2018-02-28 11:53:00,-735.483409029
2018-02-28 11:54:00,-735.483409029
2018-02-28 11:55:00,-735.483409029
2018-02-28 11:56:00,-735.483409029
2018-02-28 11:57:00,-735.483409029
2018-02-28 11:58:00,-735.483409029
2018-02-28 11:59:00,-735.483409029
2018-03-01 01:29:00,-357.421175105
2018-03-01 01:30:00,-357.421175105
2018-03-01 01:31:00,-357.421175105
2018-03-01 01:32:00,-357.421175105
2018-03-01 01:33:00,-357.421175105
2018-03-01 01:34:00,-681.473592605
2018-03-01 01:35:00,-654.46922448
2018-03-01 01:36:00,-654.46922448
2018-03-01 01:37:00,-654.46922448
2018-03-01 01:38:00,-654.46922448
2018-03-01 01:39:00,-654.46922448
2018-03-01 01:40:00,-654.46922448
2018-03-01 01:41:00,-654.46922448
2018-03-01 01:42:00,-654.46922448
2018-03-01 01:43:00,-654.46922448
2018-03-01 01:44:00,-654.46922448
2018-03-01 01:45:00,-654.46922448
2018-03-01 01:46:00,-654.46922448
2018-03-01 01:47:00,-654.46922448
2018-03-01 01:48:00,-640.967040417
2018-03-01 01:49:00,-640.967040417
2018-03-01 01:50:00,-640.967040417
2018-03-01 01:51:00,-640.967040417
2018-03-01 01:52:00,-640.967040417
2018-03-01 01:53:00,-640.967040417
2018-03-01 01:54:00,-640.967040417
2018-03-01 01:55:00,-654.46922448
2018-03-01 01:56:00,-654.46922448
2018-03-01 01:57:00,-654.46922448
2018-03-01 01:58:00,-654.46922448
2018-03-01 01:59:00,-654.46922448
2018-03-01 02:00:00,-654.46922448
2018-03-01 02:01:00,-681.473592605
2018-03-01 02:02:00,-681.473592605
2018-03-01 02:03:00,-667.971408542
2018-03-01 02:04:00,-667.971408542
2018-03-01 02:05:00,-667.971408542
2018-03-01 02:06:00,-654.46922448
2018-03-01 02:07:00,-654.46922448
2018-03-01 02:08:00,-654.46922448
2018-03-01 02:09:00,-654.46922448
2018-03-01 02:10:00,-640.967040417
2018-03-01 02:11:00,-654.46922448
2018-03-01 02:12:00,-654.46922448
2018-03-01 02:13:00,-654.46922448
2018-03-01 02:14:00,-654.46922448
2018-03-01 02:15:00,-667.971408542
2018-03-01 02:16:00,-667.971408542
2018-03-01 02:17:00,-654.46922448
2018-03-01 02:18:00,-667.971408542
2018-03-01 02:19:00,-667.971408542
2018-03-01 02:20:00,-667.971408542
2018-03-01 02:21:00,-667.971408542
2018-03-01 02:22:00,-667.971408542
2018-03-01 02:23:00,-667.971408542
2018-03-01 02:24:00,-654.46922448
2018-03-01 02:25:00,-654.46922448
2018-03-01 02:26:00,-640.967040417
2018-03-01 02:27:00,-654.46922448
2018-03-01 02:28:00,-640.967040417
2018-03-01 02:29:00,-640.967040417
2018-03-01 02:30:00,-640.967040417
2018-03-01 02:31:00,-640.967040417
2018-03-01 02:32:00,-640.967040417
2018-03-01 02:33:00,-640.967040417
2018-03-01 02:34:00,-640.967040417
2018-03-01 02:35:00,-640.967040417
2018-03-01 02:36:00,-613.962672292
2018-03-01 02:37:00,-613.962672292
2018-03-01 02:38:00,-586.958304167
2018-03-01 02:39:00,-586.958304167
2018-03-01 02:40:00,-586.958304167
2018-03-01 02:41:00,-586.958304167
2018-03-01 02:42:00,-586.958304167
2018-03-01 02:43:00,-586.958304167
2018-03-01 02:44:00,-586.958304167
2018-03-01 02:45:00,-586.958304167
2018-03-01 02:46:00,-613.962672292
2018-03-01 02:47:00,-613.962672292
2018-03-01 02:48:00,-640.967040417
2018-03-01 02:49:00,-667.971408542
2018-03-01 02:50:00,-640.967040417
2018-03-01 02:51:00,-640.967040417
2018-03-01 02:52:00,-640.967040417
2018-03-01 02:53:00,-640.967040417
2018-03-01 02:54:00,-627.464856355
2018-03-01 02:55:00,-640.967040417
2018-03-01 02:56:00,-586.958304167
2018-03-01 02:57:00,-586.958304167
2018-03-01 02:58:00,-559.953936042
2018-03-01 02:59:00,-532.949567917
2018-03-01 03:00:00,-559.953936042
2018-03-01 03:01:00,-559.953936042
2018-03-01 03:02:00,-559.953936042
2018-03-01 03:03:00,-559.953936042
2018-03-01 03:04:00,-478.940831667
2018-03-01 03:05:00,-465.438647605
2018-03-01 03:06:00,-465.438647605
2018-03-01 03:07:00,-451.936463542
2018-03-01 03:08:00,-451.936463542
2018-03-01 03:09:00,-451.936463542
2018-03-01 03:10:00,-451.936463542
2018-03-01 03:11:00,-465.438647605
2018-03-01 03:12:00,-451.936463542
2018-03-01 03:13:00,-451.936463542
2018-03-01 03:14:00,-465.438647605
2018-03-01 03:15:00,-465.438647605
2018-03-01 03:16:00,-465.438647605
2018-03-01 03:17:00,-478.940831667
2018-03-01 03:18:00,-478.940831667
2018-03-01 03:19:00,-478.940831667
2018-03-01 03:20:00,-478.940831667
2018-03-01 03:21:00,-478.940831667
2018-03-01 03:22:00,-478.940831667
2018-03-01 03:23:00,-465.438647605
2018-03-01 03:24:00,-465.438647605
2018-03-01 03:25:00,-465.438647605
2018-03-01 03:26:00,-478.940831667
2018-03-01 03:27:00,-492.44301573
2018-03-01 03:28:00,-532.949567917
2018-03-01 03:29:00,-546.45175198
2018-03-01 03:30:00,-586.958304167
2018-03-01 03:31:00,-654.46922448
2018-03-01 03:32:00,-654.46922448
2018-03-01 03:33:00,-613.962672292
2018-03-01 03:34:00,-640.967040417
2018-03-01 03:35:00,-613.962672292
2018-03-01 03:36:00,-613.962672292
2018-03-01 03:37:00,-586.958304167
2018-03-01 03:38:00,-532.949567917
2018-03-01 03:39:00,-532.949567917
2018-03-01 03:40:00,-546.45175198
2018-03-01 03:41:00,-546.45175198
2018-03-01 03:42:00,-546.45175198
2018-03-01 03:43:00,-532.949567917
2018-03-01 03:44:00,-532.949567917
2018-03-01 03:45:00,-532.949567917
2018-03-01 03:46:00,-532.949567917
2018-03-01 03:47:00,-546.45175198
2018-03-01 03:48:00,-559.953936042
2018-03-01 03:49:00,-559.953936042
2018-03-01 03:50:00,-559.953936042
2018-03-01 03:51:00,-532.949567917
2018-03-01 03:52:00,-532.949567917
2018-03-01 03:53:00,-532.949567917
2018-03-01 03:54:00,-532.949567917
2018-03-01 03:55:00,-532.949567917
2018-03-01 03:56:00,-532.949567917
2018-03-01 03:57:00,-532.949567917
2018-03-01 03:58:00,-532.949567917
2018-03-01 03:59:00,-532.949567917
2018-03-01 04:00:00,-532.949567917
2018-03-01 04:01:00,-492.44301573
2018-03-01 04:02:00,-505.945199792
2018-03-01 04:03:00,-505.945199792
2018-03-01 04:04:00,-505.945199792
2018-03-01 04:05:00,-505.945199792
2018-03-01 04:06:00,-519.447383855
2018-03-01 04:07:00,-532.949567917
2018-03-01 04:08:00,-532.949567917
2018-03-01 04:09:00,-519.447383855
2018-03-01 04:10:00,-519.447383855
2018-03-01 04:11:00,-519.447383855
2018-03-01 04:12:00,-519.447383855
2018-03-01 04:13:00,-519.447383855
2018-03-01 04:14:00,-519.447383855
2018-03-01 04:15:00,-519.447383855
2018-03-01 04:16:00,-519.447383855
2018-03-01 04:17:00,-559.953936042
2018-03-01 04:18:00,-559.953936042
2018-03-01 04:19:00,-559.953936042
2018-03-01 04:20:00,-559.953936042
2018-03-01 04:21:00,-559.953936042
2018-03-01 04:22:00,-559.953936042
2018-03-01 04:23:00,-559.953936042
2018-03-01 04:24:00,-546.45175198
2018-03-01 04:25:00,-546.45175198
2018-03-01 04:26:00,-546.45175198
2018-03-01 04:27:00,-546.45175198
2018-03-01 04:28:00,-559.953936042
2018-03-01 04:29:00,-559.953936042
2018-03-01 04:30:00,-573.456120105
2018-03-01 04:31:00,-573.456120105
2018-03-01 04:32:00,-573.456120105
2018-03-01 04:33:00,-559.953936042
2018-03-01 04:34:00,-559.953936042
2018-03-01 04:35:00,-559.953936042
2018-03-01 04:36:00,-559.953936042
2018-03-01 04:37:00,-559.953936042
2018-03-01 04:38:00,-559.953936042
2018-03-01 04:39:00,-559.953936042
2018-03-01 04:40:00,-559.953936042
2018-03-01 04:41:00,-559.953936042
2018-03-01 04:42:00,-573.456120105
2018-03-01 04:43:00,-573.456120105
2018-03-01 04:44:00,-573.456120105
2018-03-01 04:45:00,-573.456120105
2018-03-01 04:46:00,-573.456120105
2018-03-01 04:47:00,-573.456120105
2018-03-01 04:48:00,-573.456120105
2018-03-01 04:49:00,-573.456120105
2018-03-01 04:50:00,-573.456120105
2018-03-01 04:51:00,-573.456120105
2018-03-01 04:52:00,-573.456120105
2018-03-01 04:53:00,-573.456120105
2018-03-01 04:54:00,-559.953936042
2018-03-01 04:55:00,-559.953936042
2018-03-01 04:56:00,-546.45175198
2018-03-01 04:57:00,-532.949567917
2018-03-01 04:58:00,-532.949567917
2018-03-01 04:59:00,-505.945199792
2018-03-01 05:00:00,-505.945199792
2018-03-01 05:01:00,-505.945199792
2018-03-01 05:02:00,-505.945199792
2018-03-01 05:03:00,-505.945199792
2018-03-01 05:04:00,-519.447383855
2018-03-01 05:05:00,-532.949567917
2018-03-01 05:06:00,-532.949567917
2018-03-01 05:07:00,-505.945199792
2018-03-01 05:08:00,-505.945199792
2018-03-01 05:09:00,-505.945199792
2018-03-01 05:10:00,-505.945199792
2018-03-01 05:11:00,-505.945199792
2018-03-01 05:12:00,-505.945199792
2018-03-01 05:13:00,-505.945199792
2018-03-01 05:14:00,-505.945199792
2018-03-01 05:15:00,-505.945199792
2018-03-01 05:16:00,-519.447383855
2018-03-01 05:17:00,-505.945199792
2018-03-01 05:18:00,-505.945199792
2018-03-01 05:19:00,-505.945199792
2018-03-01 05:20:00,-505.945199792
2018-03-01 05:21:00,-505.945199792
2018-03-01 05:22:00,-505.945199792
2018-03-01 05:23:00,-505.945199792
2018-03-01 05:24:00,-505.945199792
2018-03-01 05:25:00,-505.945199792
2018-03-01 05:26:00,-505.945199792
2018-03-01 05:27:00,-505.945199792
2018-03-01 05:28:00,-505.945199792
2018-03-01 05:29:00,-505.945199792
2018-03-01 05:30:00,-505.945199792
2018-03-01 05:31:00,-505.945199792
2018-03-01 05:32:00,-505.945199792
2018-03-01 05:33:00,-505.945199792
2018-03-01 05:34:00,-505.945199792
2018-03-01 05:35:00,-478.940831667
2018-03-01 05:36:00,-478.940831667
2018-03-01 05:37:00,-478.940831667
2018-03-01 05:38:00,-478.940831667
2018-03-01 05:39:00,-451.936463542
2018-03-01 05:40:00,-451.936463542
2018-03-01 05:41:00,-451.936463542
2018-03-01 05:42:00,-451.936463542
2018-03-01 05:43:00,-465.438647605
2018-03-01 05:44:00,-465.438647605
2018-03-01 05:45:00,-465.438647605
2018-03-01 05:46:00,-465.438647605
2018-03-01 05:47:00,-465.438647605
2018-03-01 05:48:00,-465.438647605
2018-03-01 05:49:00,-465.438647605
2018-03-01 05:50:00,-465.438647605
2018-03-01 05:51:00,-465.438647605
2018-03-01 05:52:00,-465.438647605
2018-03-01 05:53:00,-478.940831667
2018-03-01 05:54:00,-478.940831667
2018-03-01 05:55:00,-451.936463542
2018-03-01 05:56:00,-451.936463542
2018-03-01 05:57:00,-451.936463542
2018-03-01 05:58:00,-411.429911355
2018-03-01 05:59:00,-370.923359167
2018-03-01 06:00:00,-370.923359167
2018-03-01 06:01:00,-370.923359167
2018-03-01 06:02:00,-357.421175105
2018-03-01 06:03:00,-357.421175105
2018-03-01 06:04:00,-411.429911355
2018-03-01 06:05:00,-411.429911355
2018-03-01 06:06:00,-424.932095417
2018-03-01 06:07:00,-438.43427948
2018-03-01 06:08:00,-424.932095417
2018-03-01 06:09:00,-411.429911355
2018-03-01 06:10:00,-397.927727292
2018-03-01 06:11:00,-384.42554323
2018-03-01 06:12:00,-384.42554323
2018-03-01 06:13:00,-384.42554323
2018-03-01 06:14:00,-370.923359167
2018-03-01 06:15:00,-330.41680698
2018-03-01 06:16:00,-316.914622917
2018-03-01 06:17:00,-316.914622917
2018-03-01 06:18:00,-289.910254792
2018-03-01 06:19:00,-262.905886667
2018-03-01 06:20:00,-316.914622917
2018-03-01 06:21:00,-343.918991042
2018-03-01 06:22:00,-370.923359167
2018-03-01 06:23:00,-370.923359167
2018-03-01 06:24:00,-397.927727292
2018-03-01 06:25:00,-397.927727292
2018-03-01 06:26:00,-397.927727292
2018-03-01 06:27:00,-397.927727292
2018-03-01 06:28:00,-397.927727292
2018-03-01 06:29:00,-411.429911355
2018-03-01 06:30:00,-411.429911355
2018-03-01 06:31:00,-411.429911355
2018-03-01 06:32:00,-411.429911355
2018-03-01 06:33:00,-411.429911355
2018-03-01 06:34:00,-397.927727292
2018-03-01 06:35:00,-411.429911355
2018-03-01 06:36:00,-411.429911355
2018-03-01 06:37:00,-411.429911355
2018-03-01 06:38:00,-411.429911355
2018-03-01 06:39:00,-411.429911355
2018-03-01 06:40:00,-424.932095417
2018-03-01 06:41:00,-424.932095417
2018-03-01 06:42:00,-397.927727292
2018-03-01 06:43:00,-397.927727292
2018-03-01 06:44:00,-397.927727292
2018-03-01 06:45:00,-411.429911355
2018-03-01 06:46:00,-411.429911355
2018-03-01 06:47:00,-411.429911355
2018-03-01 06:48:00,-438.43427948
2018-03-01 06:49:00,-478.940831667
2018-03-01 06:50:00,-478.940831667
2018-03-01 06:51:00,-478.940831667
2018-03-01 06:52:00,-478.940831667
2018-03-01 06:53:00,-478.940831667
2018-03-01 06:54:00,-478.940831667
2018-03-01 06:55:00,-492.44301573
2018-03-01 06:56:00,-505.945199792
2018-03-01 06:57:00,-505.945199792
2018-03-01 06:58:00,-505.945199792
2018-03-01 06:59:00,-492.44301573
2018-03-01 07:00:00,-492.44301573
2018-03-01 07:01:00,-505.945199792
2018-03-01 07:02:00,-505.945199792
2018-03-01 07:03:00,-505.945199792
2018-03-01 07:04:00,-478.940831667
2018-03-01 07:05:00,-478.940831667
2018-03-01 07:06:00,-478.940831667
2018-03-01 07:07:00,-478.940831667
2018-03-01 07:08:00,-478.940831667
2018-03-01 07:09:00,-478.940831667
2018-03-01 07:10:00,-478.940831667
2018-03-01 07:11:00,-492.44301573
2018-03-01 07:12:00,-492.44301573
2018-03-01 07:13:00,-492.44301573
2018-03-01 07:14:00,-505.945199792
2018-03-01 07:15:00,-505.945199792
2018-03-01 07:16:00,-492.44301573
2018-03-01 07:17:00,-492.44301573
2018-03-01 07:18:00,-465.438647605
2018-03-01 07:19:00,-451.936463542
2018-03-01 07:20:00,-424.932095417
2018-03-01 07:21:00,-424.932095417
2018-03-01 07:22:00,-424.932095417
2018-03-01 07:23:00,-424.932095417
2018-03-01 07:24:00,-424.932095417
2018-03-01 07:25:00,-424.932095417
2018-03-01 07:26:00,-424.932095417
2018-03-01 07:27:00,-478.940831667
2018-03-01 07:28:00,-478.940831667
2018-03-01 07:29:00,-478.940831667
2018-03-01 07:30:00,-492.44301573
2018-03-01 07:31:00,-505.945199792
2018-03-01 07:32:00,-532.949567917
2018-03-01 07:33:00,-519.447383855
2018-03-01 07:34:00,-532.949567917
2018-03-01 07:35:00,-519.447383855
2018-03-01 07:36:00,-519.447383855
2018-03-01 07:37:00,-519.447383855
2018-03-01 07:38:00,-532.949567917
2018-03-01 07:39:00,-532.949567917
2018-03-01 07:40:00,-532.949567917
2018-03-01 07:41:00,-519.447383855
2018-03-01 07:42:00,-505.945199792
2018-03-01 07:43:00,-519.447383855
2018-03-01 07:44:00,-532.949567917
2018-03-01 07:45:00,-532.949567917
2018-03-01 07:46:00,-505.945199792
2018-03-01 07:47:00,-532.949567917
2018-03-01 07:48:00,-532.949567917
2018-03-01 07:49:00,-559.953936042
2018-03-01 07:50:00,-559.953936042
2018-03-01 07:51:00,-559.953936042
2018-03-01 07:52:00,-573.456120105
2018-03-01 07:53:00,-573.456120105
2018-03-01 07:54:00,-573.456120105
2018-03-01 07:55:00,-573.456120105
2018-03-01 07:56:00,-573.456120105
2018-03-01 07:57:00,-586.958304167
2018-03-01 07:58:00,-546.45175198
2018-03-01 07:59:00,-546.45175198
2018-03-01 08:00:00,-546.45175198
2018-03-01 08:01:00,-559.953936042
2018-03-01 08:02:00,-559.953936042
2018-03-01 08:03:00,-586.958304167
2018-03-01 08:04:00,-586.958304167
2018-03-01 08:05:00,-586.958304167
2018-03-01 08:06:00,-559.953936042
2018-03-01 08:07:00,-586.958304167
2018-03-01 08:08:00,-586.958304167
2018-03-01 08:09:00,-586.958304167
2018-03-01 08:10:00,-586.958304167
2018-03-01 08:11:00,-600.46048823
2018-03-01 08:12:00,-600.46048823
2018-03-01 08:13:00,-573.456120105
2018-03-01 08:14:00,-573.456120105
2018-03-01 08:15:00,-573.456120105
2018-03-01 08:16:00,-559.953936042
2018-03-01 08:17:00,-559.953936042
2018-03-01 08:18:00,-559.953936042
2018-03-01 08:19:00,-559.953936042
2018-03-01 08:20:00,-573.456120105
2018-03-01 08:21:00,-573.456120105
2018-03-01 08:22:00,-613.962672292
2018-03-01 08:23:00,-600.46048823
2018-03-01 08:24:00,-586.958304167
2018-03-01 08:25:00,-586.958304167
2018-03-01 08:26:00,-586.958304167
2018-03-01 08:27:00,-586.958304167
2018-03-01 08:28:00,-586.958304167
2018-03-01 08:29:00,-586.958304167
2018-03-01 08:30:00,-586.958304167
2018-03-01 08:31:00,-613.962672292
2018-03-01 08:32:00,-613.962672292
2018-03-01 08:33:00,-627.464856355
2018-03-01 08:34:00,-627.464856355
2018-03-01 08:35:00,-627.464856355
2018-03-01 08:36:00,-627.464856355
2018-03-01 08:37:00,-613.962672292
2018-03-01 08:38:00,-600.46048823
2018-03-01 08:39:00,-600.46048823
2018-03-01 08:40:00,-586.958304167
2018-03-01 08:41:00,-573.456120105
2018-03-01 08:42:00,-573.456120105
2018-03-01 08:43:00,-559.953936042
2018-03-01 08:44:00,-559.953936042
2018-03-01 08:45:00,-559.953936042
2018-03-01 08:46:00,-559.953936042
2018-03-01 08:47:00,-559.953936042
2018-03-01 08:48:00,-559.953936042
2018-03-01 08:49:00,-546.45175198
2018-03-01 08:50:00,-505.945199792
2018-03-01 08:51:00,-492.44301573
2018-03-01 08:52:00,-478.940831667
2018-03-01 08:53:00,-492.44301573
2018-03-01 08:54:00,-478.940831667
2018-03-01 08:55:00,-492.44301573
2018-03-01 08:56:00,-492.44301573
2018-03-01 08:57:00,-492.44301573
2018-03-01 08:58:00,-505.945199792
2018-03-01 08:59:00,-465.438647605
2018-03-01 09:00:00,-546.45175198
2018-03-01 09:01:00,-546.45175198
2018-03-01 09:02:00,-546.45175198
2018-03-01 09:03:00,-546.45175198
2018-03-01 09:04:00,-559.953936042
2018-03-01 09:05:00,-559.953936042
2018-03-01 09:06:00,-573.456120105
2018-03-01 09:07:00,-586.958304167
2018-03-01 09:08:00,-586.958304167
2018-03-01 09:09:00,-586.958304167
2018-03-01 09:10:00,-559.953936042
2018-03-01 09:11:00,-532.949567917
2018-03-01 09:12:00,-532.949567917
2018-03-01 09:13:00,-532.949567917
2018-03-01 09:14:00,-532.949567917
2018-03-01 09:15:00,-532.949567917
2018-03-01 09:16:00,-532.949567917
2018-03-01 09:17:00,-532.949567917
2018-03-01 09:18:00,-532.949567917
2018-03-01 09:19:00,-532.949567917
2018-03-01 09:20:00,-519.447383855
2018-03-01 09:21:00,-519.447383855
2018-03-01 09:22:00,-505.945199792
2018-03-01 09:23:00,-532.949567917
2018-03-01 09:24:00,-546.45175198
2018-03-01 09:25:00,-546.45175198
2018-03-01 09:26:00,-546.45175198
2018-03-01 09:27:00,-546.45175198
2018-03-01 09:28:00,-559.953936042
2018-03-01 09:29:00,-559.953936042
2018-03-01 09:30:00,-573.456120105
2018-03-01 09:31:00,-573.456120105
2018-03-01 09:32:00,-586.958304167
2018-03-01 09:33:00,-573.456120105
2018-03-01 09:34:00,-600.46048823
2018-03-01 09:35:00,-613.962672292
2018-03-01 09:36:00,-613.962672292
2018-03-01 09:37:00,-613.962672292
2018-03-01 09:38:00,-559.953936042
2018-03-01 09:39:00,-573.456120105
2018-03-01 09:40:00,-573.456120105
2018-03-01 09:41:00,-573.456120105
2018-03-01 09:42:00,-559.953936042
2018-03-01 09:43:00,-559.953936042
2018-03-01 09:44:00,-559.953936042
2018-03-01 09:45:00,-573.456120105
2018-03-01 09:46:00,-573.456120105
2018-03-01 09:47:00,-573.456120105
2018-03-01 09:48:00,-573.456120105
2018-03-01 09:49:00,-573.456120105
2018-03-01 09:50:00,-559.953936042
2018-03-01 09:51:00,-559.953936042
2018-03-01 09:52:00,-546.45175198
2018-03-01 09:53:00,-559.953936042
2018-03-01 09:54:00,-546.45175198
2018-03-01 09:55:00,-546.45175198
2018-03-01 09:56:00,-532.949567917
2018-03-01 09:57:00,-532.949567917
2018-03-01 09:58:00,-532.949567917
2018-03-01 09:59:00,-505.945199792
2018-03-01 10:00:00,-519.447383855
2018-03-01 10:01:00,-492.44301573
2018-03-01 10:02:00,-492.44301573
2018-03-01 10:03:00,-505.945199792
2018-03-01 10:04:00,-492.44301573
2018-03-01 10:05:00,-505.945199792
2018-03-01 10:06:00,-505.945199792
2018-03-01 10:07:00,-505.945199792
2018-03-01 10:08:00,-532.949567917
2018-03-01 10:09:00,-532.949567917
2018-03-01 10:10:00,-519.447383855
2018-03-01 10:11:00,-519.447383855
2018-03-01 10:12:00,-532.949567917
2018-03-01 10:13:00,-546.45175198
2018-03-01 10:14:00,-546.45175198
2018-03-01 10:15:00,-546.45175198
2018-03-01 10:16:00,-546.45175198
2018-03-01 10:17:00,-532.949567917
2018-03-01 10:18:00,-546.45175198
2018-03-01 10:19:00,-546.45175198
2018-03-01 10:20:00,-546.45175198
2018-03-01 10:21:00,-559.953936042
2018-03-01 10:22:00,-546.45175198
2018-03-01 10:23:00,-559.953936042
2018-03-01 10:24:00,-546.45175198
2018-03-01 10:25:00,-532.949567917
2018-03-01 10:26:00,-505.945199792
2018-03-01 10:27:00,-492.44301573
2018-03-01 10:28:00,-492.44301573
2018-03-01 10:29:00,-505.945199792
2018-03-01 10:30:00,-559.953936042
2018-03-01 10:31:00,-559.953936042
2018-03-01 10:32:00,-559.953936042
2018-03-01 10:33:00,-559.953936042
2018-03-01 10:34:00,-559.953936042
2018-03-01 10:35:00,-559.953936042
2018-03-01 10:36:00,-559.953936042
2018-03-01 10:37:00,-559.953936042
2018-03-01 10:38:00,-559.953936042
2018-03-01 10:39:00,-559.953936042
2018-03-01 10:40:00,-559.953936042
2018-03-01 10:41:00,-559.953936042
2018-03-01 10:42:00,-559.953936042
2018-03-01 10:43:00,-573.456120105
2018-03-01 10:44:00,-573.456120105
2018-03-01 10:45:00,-613.962672292
2018-03-01 10:46:00,-600.46048823
2018-03-01 10:47:00,-600.46048823
2018-03-01 10:48:00,-600.46048823
2018-03-01 10:49:00,-600.46048823
2018-03-01 10:50:00,-600.46048823
2018-03-01 10:51:00,-613.962672292
2018-03-01 10:52:00,-613.962672292
2018-03-01 10:53:00,-613.962672292
2018-03-01 10:54:00,-627.464856355
2018-03-01 10:55:00,-627.464856355
2018-03-01 10:56:00,-640.967040417
2018-03-01 10:57:00,-640.967040417
2018-03-01 10:58:00,-627.464856355
2018-03-01 10:59:00,-586.958304167
2018-03-01 11:00:00,-627.464856355
2018-03-01 11:01:00,-613.962672292
2018-03-01 11:02:00,-532.949567917
2018-03-01 11:03:00,-532.949567917
2018-03-01 11:04:00,-586.958304167
2018-03-01 11:05:00,-586.958304167
2018-03-01 11:06:00,-586.958304167
2018-03-01 11:07:00,-586.958304167
2018-03-01 11:08:00,-586.958304167
2018-03-01 11:09:00,-613.962672292
2018-03-01 11:10:00,-613.962672292
2018-03-01 11:11:00,-613.962672292
2018-03-01 11:12:00,-613.962672292
2018-03-01 11:13:00,-613.962672292
2018-03-01 11:14:00,-613.962672292
2018-03-01 11:15:00,-613.962672292
2018-03-01 11:16:00,-613.962672292
2018-03-01 11:17:00,-627.464856355
2018-03-01 11:18:00,-627.464856355
2018-03-01 11:19:00,-600.46048823
2018-03-01 11:20:00,-586.958304167
2018-03-01 11:21:00,-573.456120105
2018-03-01 11:22:00,-573.456120105
2018-03-01 11:23:00,-573.456120105
2018-03-01 11:24:00,-573.456120105
2018-03-01 11:25:00,-573.456120105
2018-03-01 11:26:00,-546.45175198
2018-03-01 11:27:00,-559.953936042
2018-03-01 11:28:00,-546.45175198
2018-03-01 11:29:00,-573.456120105
2018-03-01 11:30:00,-532.949567917
2018-03-01 11:31:00,-573.456120105
2018-03-01 11:32:00,-546.45175198
2018-03-01 11:33:00,-546.45175198
2018-03-01 11:34:00,-573.456120105
2018-03-01 11:35:00,-546.45175198
2018-03-01 11:36:00,-546.45175198
2018-03-01 11:37:00,-546.45175198
2018-03-01 11:38:00,-546.45175198
2018-03-01 11:39:00,-546.45175198
2018-03-01 11:40:00,-546.45175198
2018-03-01 11:41:00,-546.45175198
2018-03-01 11:42:00,-546.45175198
2018-03-01 11:43:00,-546.45175198
2018-03-01 11:44:00,-546.45175198
2018-03-01 11:45:00,-546.45175198
2018-03-01 11:46:00,-546.45175198
2018-03-01 11:47:00,-573.456120105
2018-03-01 11:48:00,-559.953936042
2018-03-01 11:49:00,-559.953936042
2018-03-01 11:50:00,-559.953936042
2018-03-01 11:51:00,-559.953936042
2018-03-01 11:52:00,-559.953936042
2018-03-01 11:53:00,-559.953936042
2018-03-01 11:54:00,-559.953936042
2018-03-01 11:55:00,-546.45175198
2018-03-01 11:56:00,-546.45175198
2018-03-01 11:57:00,-559.953936042
2018-03-01 11:58:00,-559.953936042
2018-03-01 11:59:00,-559.953936042
2018-03-02 01:29:00,-316.913542742
2018-03-02 01:30:00,-316.913542742
2018-03-02 01:31:00,-438.433199305
2018-03-02 01:32:00,-438.433199305
2018-03-02 01:33:00,-438.433199305
2018-03-02 01:34:00,-438.433199305
2018-03-02 01:35:00,-438.433199305
2018-03-02 01:36:00,-438.433199305
2018-03-02 01:37:00,-411.42883118
2018-03-02 01:38:00,-438.433199305
2018-03-02 01:39:00,-438.433199305
2018-03-02 01:40:00,-438.433199305
2018-03-02 01:41:00,-438.433199305
2018-03-02 01:42:00,-465.43756743
2018-03-02 01:43:00,-465.43756743
2018-03-02 01:44:00,-465.43756743
2018-03-02 01:45:00,-465.43756743
2018-03-02 01:46:00,-465.43756743
2018-03-02 01:47:00,-438.433199305
2018-03-02 01:48:00,-438.433199305
2018-03-02 01:49:00,-438.433199305
2018-03-02 01:50:00,-438.433199305
2018-03-02 01:51:00,-438.433199305
2018-03-02 01:52:00,-438.433199305
2018-03-02 01:53:00,-438.433199305
2018-03-02 01:54:00,-438.433199305
2018-03-02 01:55:00,-438.433199305
2018-03-02 01:56:00,-438.433199305
2018-03-02 01:57:00,-438.433199305
2018-03-02 01:58:00,-438.433199305
2018-03-02 01:59:00,-451.935383367
2018-03-02 02:00:00,-465.43756743
2018-03-02 02:01:00,-438.433199305
2018-03-02 02:02:00,-438.433199305
2018-03-02 02:03:00,-451.935383367
2018-03-02 02:04:00,-451.935383367
2018-03-02 02:05:00,-451.935383367
2018-03-02 02:06:00,-478.939751492
2018-03-02 02:07:00,-478.939751492
2018-03-02 02:08:00,-478.939751492
2018-03-02 02:09:00,-478.939751492
2018-03-02 02:10:00,-478.939751492
2018-03-02 02:11:00,-478.939751492
2018-03-02 02:12:00,-451.935383367
2018-03-02 02:13:00,-451.935383367
2018-03-02 02:14:00,-451.935383367
2018-03-02 02:15:00,-424.931015242
2018-03-02 02:16:00,-424.931015242
2018-03-02 02:17:00,-424.931015242
2018-03-02 02:18:00,-438.433199305
2018-03-02 02:19:00,-451.935383367
2018-03-02 02:20:00,-451.935383367
2018-03-02 02:21:00,-451.935383367
2018-03-02 02:22:00,-451.935383367
2018-03-02 02:23:00,-465.43756743
2018-03-02 02:24:00,-438.433199305
2018-03-02 02:25:00,-438.433199305
2018-03-02 02:26:00,-465.43756743
2018-03-02 02:27:00,-451.935383367
2018-03-02 02:28:00,-465.43756743
2018-03-02 02:29:00,-451.935383367
2018-03-02 02:30:00,-451.935383367
2018-03-02 02:31:00,-451.935383367
2018-03-02 02:32:00,-451.935383367
2018-03-02 02:33:00,-438.433199305
2018-03-02 02:34:00,-424.931015242
2018-03-02 02:35:00,-424.931015242
2018-03-02 02:36:00,-424.931015242
2018-03-02 02:37:00,-424.931015242
2018-03-02 02:38:00,-424.931015242
2018-03-02 02:39:00,-424.931015242
2018-03-02 02:40:00,-370.922278992
2018-03-02 02:41:00,-397.926647117
2018-03-02 02:42:00,-397.926647117
2018-03-02 02:43:00,-370.922278992
2018-03-02 02:44:00,-370.922278992
2018-03-02 02:45:00,-370.922278992
2018-03-02 02:46:00,-370.922278992
2018-03-02 02:47:00,-370.922278992
2018-03-02 02:48:00,-370.922278992
2018-03-02 02:49:00,-370.922278992
2018-03-02 02:50:00,-370.922278992
2018-03-02 02:51:00,-370.922278992
2018-03-02 02:52:00,-370.922278992
2018-03-02 02:53:00,-370.922278992
2018-03-02 02:54:00,-330.415726805
2018-03-02 02:55:00,-330.415726805
2018-03-02 02:56:00,-316.913542742
2018-03-02 02:57:00,-343.917910867
2018-03-02 02:58:00,-343.917910867
2018-03-02 02:59:00,-330.415726805
2018-03-02 03:00:00,-316.913542742
2018-03-02 03:01:00,-303.41135868
2018-03-02 03:02:00,-316.913542742
2018-03-02 03:03:00,-316.913542742
2018-03-02 03:04:00,-316.913542742
2018-03-02 03:05:00,-316.913542742
2018-03-02 03:06:00,-330.415726805
2018-03-02 03:07:00,-330.415726805
2018-03-02 03:08:00,-330.415726805
2018-03-02 03:09:00,-316.913542742
2018-03-02 03:10:00,-316.913542742
2018-03-02 03:11:00,-316.913542742
2018-03-02 03:12:00,-316.913542742
2018-03-02 03:13:00,-316.913542742
2018-03-02 03:14:00,-316.913542742
2018-03-02 03:15:00,-316.913542742
2018-03-02 03:16:00,-316.913542742
2018-03-02 03:17:00,-316.913542742
2018-03-02 03:18:00,-316.913542742
2018-03-02 03:19:00,-316.913542742
2018-03-02 03:20:00,-316.913542742
2018-03-02 03:21:00,-316.913542742
2018-03-02 03:22:00,-316.913542742
2018-03-02 03:23:00,-316.913542742
2018-03-02 03:24:00,-303.41135868
2018-03-02 03:25:00,-316.913542742
2018-03-02 03:26:00,-316.913542742
2018-03-02 03:27:00,-316.913542742
2018-03-02 03:28:00,-316.913542742
2018-03-02 03:29:00,-303.41135868
2018-03-02 03:30:00,-289.909174617
2018-03-02 03:31:00,-289.909174617
2018-03-02 03:32:00,-330.415726805
2018-03-02 03:33:00,-330.415726805
2018-03-02 03:34:00,-316.913542742
2018-03-02 03:35:00,-316.913542742
2018-03-02 03:36:00,-316.913542742
2018-03-02 03:37:00,-316.913542742
2018-03-02 03:38:00,-316.913542742
2018-03-02 03:39:00,-316.913542742
2018-03-02 03:40:00,-316.913542742
2018-03-02 03:41:00,-316.913542742
2018-03-02 03:42:00,-262.904806492
2018-03-02 03:43:00,-276.406990555
2018-03-02 03:44:00,-262.904806492
2018-03-02 03:45:00,-235.900438367
2018-03-02 03:46:00,-235.900438367
2018-03-02 03:47:00,-235.900438367
2018-03-02 03:48:00,-235.900438367
2018-03-02 03:49:00,-249.40262243
2018-03-02 03:50:00,-249.40262243
2018-03-02 03:51:00,-249.40262243
2018-03-02 03:52:00,-249.40262243
2018-03-02 03:53:00,-235.900438367
2018-03-02 03:54:00,-249.40262243
2018-03-02 03:55:00,-249.40262243
2018-03-02 03:56:00,-276.406990555
2018-03-02 03:57:00,-262.904806492
2018-03-02 03:58:00,-249.40262243
2018-03-02 03:59:00,-249.40262243
2018-03-02 04:00:00,-249.40262243
2018-03-02 04:01:00,-249.40262243
2018-03-02 04:02:00,-249.40262243
2018-03-02 04:03:00,-249.40262243
2018-03-02 04:04:00,-249.40262243
2018-03-02 04:05:00,-249.40262243
2018-03-02 04:06:00,-222.398254305
2018-03-02 04:07:00,-222.398254305
2018-03-02 04:08:00,-222.398254305
2018-03-02 04:09:00,-222.398254305
2018-03-02 04:10:00,-222.398254305
2018-03-02 04:11:00,-222.398254305
2018-03-02 04:12:00,-208.896070242
2018-03-02 04:13:00,-235.900438367
2018-03-02 04:14:00,-235.900438367
2018-03-02 04:15:00,-235.900438367
2018-03-02 04:16:00,-235.900438367
2018-03-02 04:17:00,-208.896070242
2018-03-02 04:18:00,-208.896070242
2018-03-02 04:19:00,-208.896070242
2018-03-02 04:20:00,-181.891702117
2018-03-02 04:21:00,-195.39388618
2018-03-02 04:22:00,-208.896070242
2018-03-02 04:23:00,-195.39388618
2018-03-02 04:24:00,-195.39388618
2018-03-02 04:25:00,-195.39388618
2018-03-02 04:26:00,-208.896070242
2018-03-02 04:27:00,-195.39388618
2018-03-02 04:28:00,-195.39388618
2018-03-02 04:29:00,-195.39388618
2018-03-02 04:30:00,-208.896070242
2018-03-02 04:31:00,-208.896070242
2018-03-02 04:32:00,-208.896070242
2018-03-02 04:33:00,-222.398254305
2018-03-02 04:34:00,-208.896070242
2018-03-02 04:35:00,-208.896070242
2018-03-02 04:36:00,-222.398254305
2018-03-02 04:37:00,-222.398254305
2018-03-02 04:38:00,-249.40262243
2018-03-02 04:39:00,-262.904806492
2018-03-02 04:40:00,-262.904806492
2018-03-02 04:41:00,-249.40262243
2018-03-02 04:42:00,-262.904806492
2018-03-02 04:43:00,-262.904806492
2018-03-02 04:44:00,-262.904806492
2018-03-02 04:45:00,-262.904806492
2018-03-02 04:46:00,-249.40262243
2018-03-02 04:47:00,-249.40262243
2018-03-02 04:48:00,-249.40262243
2018-03-02 04:49:00,-249.40262243
2018-03-02 04:50:00,-208.896070242
2018-03-02 04:51:00,-168.389518055
2018-03-02 04:52:00,-168.389518055
2018-03-02 04:53:00,-168.389518055
2018-03-02 04:54:00,-168.389518055
2018-03-02 04:55:00,-154.887333992
2018-03-02 04:56:00,-154.887333992
2018-03-02 04:57:00,-154.887333992
2018-03-02 04:58:00,-154.887333992
2018-03-02 04:59:00,-141.38514993
2018-03-02 05:00:00,-154.887333992
2018-03-02 05:01:00,-154.887333992
2018-03-02 05:02:00,-141.38514993
2018-03-02 05:03:00,-127.882965867
2018-03-02 05:04:00,-127.882965867
2018-03-02 05:05:00,-100.878597742
2018-03-02 05:06:00,-60.372045555
2018-03-02 05:07:00,-60.372045555
2018-03-02 05:08:00,-60.372045555
2018-03-02 05:09:00,-60.372045555
2018-03-02 05:10:00,-60.372045555
2018-03-02 05:11:00,-73.8742296175
2018-03-02 05:12:00,-73.8742296175
2018-03-02 05:13:00,-73.8742296175
2018-03-02 05:14:00,-87.37641368
2018-03-02 05:15:00,-87.37641368
2018-03-02 05:16:00,-87.37641368
2018-03-02 05:17:00,-127.882965867
2018-03-02 05:18:00,-114.380781805
2018-03-02 05:19:00,-114.380781805
2018-03-02 05:20:00,-114.380781805
2018-03-02 05:21:00,-114.380781805
2018-03-02 05:22:00,-141.38514993
2018-03-02 05:23:00,-141.38514993
2018-03-02 05:24:00,-141.38514993
2018-03-02 05:25:00,-141.38514993
2018-03-02 05:26:00,-127.882965867
2018-03-02 05:27:00,-114.380781805
2018-03-02 05:28:00,-114.380781805
2018-03-02 05:29:00,-114.380781805
2018-03-02 05:30:00,-141.38514993
2018-03-02 05:31:00,-141.38514993
2018-03-02 05:32:00,-141.38514993
2018-03-02 05:33:00,-141.38514993
2018-03-02 05:34:00,-154.887333992
2018-03-02 05:35:00,-154.887333992
2018-03-02 05:36:00,-168.389518055
2018-03-02 05:37:00,-168.389518055
2018-03-02 05:38:00,-168.389518055
2018-03-02 05:39:00,-168.389518055
2018-03-02 05:40:00,-168.389518055
2018-03-02 05:41:00,-168.389518055
2018-03-02 05:42:00,-168.389518055
2018-03-02 05:43:00,-181.891702117
2018-03-02 05:44:00,-181.891702117
2018-03-02 05:45:00,-181.891702117
2018-03-02 05:46:00,-141.38514993
2018-03-02 05:47:00,-141.38514993
2018-03-02 05:48:00,-168.389518055
2018-03-02 05:49:00,-168.389518055
2018-03-02 05:50:00,-168.389518055
2018-03-02 05:51:00,-168.389518055
2018-03-02 05:52:00,-168.389518055
2018-03-02 05:53:00,-168.389518055
2018-03-02 05:54:00,-154.887333992
2018-03-02 05:55:00,-181.891702117
2018-03-02 05:56:00,-168.389518055
2018-03-02 05:57:00,-181.891702117
2018-03-02 05:58:00,-208.896070242
2018-03-02 05:59:00,-208.896070242
2018-03-02 06:00:00,-208.896070242
2018-03-02 06:01:00,-195.39388618
2018-03-02 06:02:00,-195.39388618
2018-03-02 06:03:00,-208.896070242
2018-03-02 06:04:00,-208.896070242
2018-03-02 06:05:00,-208.896070242
2018-03-02 06:06:00,-208.896070242
2018-03-02 06:07:00,-208.896070242
2018-03-02 06:08:00,-208.896070242
2018-03-02 06:09:00,-208.896070242
2018-03-02 06:10:00,-262.904806492
2018-03-02 06:11:00,-262.904806492
2018-03-02 06:12:00,-262.904806492
2018-03-02 06:13:00,-249.40262243
2018-03-02 06:14:00,-262.904806492
2018-03-02 06:15:00,-262.904806492
2018-03-02 06:16:00,-249.40262243
2018-03-02 06:17:00,-262.904806492
2018-03-02 06:18:00,-262.904806492
2018-03-02 06:19:00,-262.904806492
2018-03-02 06:20:00,-262.904806492
2018-03-02 06:21:00,-262.904806492
2018-03-02 06:22:00,-262.904806492
2018-03-02 06:23:00,-276.406990555
2018-03-02 06:24:00,-289.909174617
2018-03-02 06:25:00,-289.909174617
2018-03-02 06:26:00,-289.909174617
2018-03-02 06:27:00,-289.909174617
2018-03-02 06:28:00,-289.909174617
2018-03-02 06:29:00,-276.406990555
2018-03-02 06:30:00,-289.909174617
2018-03-02 06:31:00,-249.40262243
2018-03-02 06:32:00,-249.40262243
2018-03-02 06:33:00,-235.900438367
2018-03-02 06:34:00,-208.896070242
2018-03-02 06:35:00,-208.896070242
2018-03-02 06:36:00,-208.896070242
2018-03-02 06:37:00,-208.896070242
2018-03-02 06:38:00,-208.896070242
2018-03-02 06:39:00,-208.896070242
2018-03-02 06:40:00,-195.39388618
2018-03-02 06:41:00,-181.891702117
2018-03-02 06:42:00,-181.891702117
2018-03-02 06:43:00,-181.891702117
2018-03-02 06:44:00,-195.39388618
2018-03-02 06:45:00,-181.891702117
2018-03-02 06:46:00,-181.891702117
2018-03-02 06:47:00,-154.887333992
2018-03-02 06:48:00,-168.389518055
2018-03-02 06:49:00,-168.389518055
2018-03-02 06:50:00,-168.389518055
2018-03-02 06:51:00,-168.389518055
2018-03-02 06:52:00,-168.389518055
2018-03-02 06:53:00,-168.389518055
2018-03-02 06:54:00,-181.891702117
2018-03-02 06:55:00,-208.896070242
2018-03-02 06:56:00,-208.896070242
2018-03-02 06:57:00,-208.896070242
2018-03-02 06:58:00,-208.896070242
2018-03-02 06:59:00,-208.896070242
2018-03-02 07:00:00,-208.896070242
2018-03-02 07:01:00,-208.896070242
2018-03-02 07:02:00,-195.39388618
2018-03-02 07:03:00,-195.39388618
2018-03-02 07:04:00,-208.896070242
2018-03-02 07:05:00,-222.398254305
2018-03-02 07:06:00,-235.900438367
2018-03-02 07:07:00,-222.398254305
2018-03-02 07:08:00,-222.398254305
2018-03-02 07:09:00,-235.900438367
2018-03-02 07:10:00,-235.900438367
2018-03-02 07:11:00,-235.900438367
2018-03-02 07:12:00,-262.904806492
2018-03-02 07:13:00,-262.904806492
2018-03-02 07:14:00,-262.904806492
2018-03-02 07:15:00,-262.904806492
2018-03-02 07:16:00,-289.909174617
2018-03-02 07:17:00,-289.909174617
2018-03-02 07:18:00,-289.909174617
2018-03-02 07:19:00,-276.406990555
2018-03-02 07:20:00,-289.909174617
2018-03-02 07:21:00,-303.41135868
2018-03-02 07:22:00,-316.913542742
2018-03-02 07:23:00,-316.913542742
2018-03-02 07:24:00,-316.913542742
2018-03-02 07:25:00,-316.913542742
2018-03-02 07:26:00,-343.917910867
2018-03-02 07:27:00,-357.42009493
2018-03-02 07:28:00,-343.917910867
2018-03-02 07:29:00,-343.917910867
2018-03-02 07:30:00,-330.415726805
2018-03-02 07:31:00,-343.917910867
2018-03-02 07:32:00,-343.917910867
2018-03-02 07:33:00,-330.415726805
2018-03-02 07:34:00,-343.917910867
2018-03-02 07:35:00,-316.913542742
2018-03-02 07:36:00,-316.913542742
2018-03-02 07:37:00,-316.913542742
2018-03-02 07:38:00,-303.41135868
2018-03-02 07:39:00,-303.41135868
2018-03-02 07:40:00,-303.41135868
2018-03-02 07:41:00,-316.913542742
2018-03-02 07:42:00,-303.41135868
2018-03-02 07:43:00,-303.41135868
2018-03-02 07:44:00,-303.41135868
2018-03-02 07:45:00,-316.913542742
2018-03-02 07:46:00,-357.42009493
2018-03-02 07:47:00,-343.917910867
2018-03-02 07:48:00,-357.42009493
2018-03-02 07:49:00,-357.42009493
2018-03-02 07:50:00,-370.922278992
2018-03-02 07:51:00,-370.922278992
2018-03-02 07:52:00,-370.922278992
2018-03-02 07:53:00,-370.922278992
2018-03-02 07:54:00,-370.922278992
2018-03-02 07:55:00,-357.42009493
2018-03-02 07:56:00,-357.42009493
2018-03-02 07:57:00,-370.922278992
2018-03-02 07:58:00,-357.42009493
2018-03-02 07:59:00,-343.917910867
2018-03-02 08:00:00,-357.42009493
2018-03-02 08:01:00,-357.42009493
2018-03-02 08:02:00,-370.922278992
2018-03-02 08:03:00,-330.415726805
2018-03-02 08:04:00,-330.415726805
2018-03-02 08:05:00,-316.913542742
2018-03-02 08:06:00,-357.42009493
2018-03-02 08:07:00,-357.42009493
2018-03-02 08:08:00,-357.42009493
2018-03-02 08:09:00,-343.917910867
2018-03-02 08:10:00,-343.917910867
2018-03-02 08:11:00,-343.917910867
2018-03-02 08:12:00,-343.917910867
2018-03-02 08:13:00,-316.913542742
2018-03-02 08:14:00,-303.41135868
2018-03-02 08:15:00,-303.41135868
2018-03-02 08:16:00,-303.41135868
2018-03-02 08:17:00,-303.41135868
2018-03-02 08:18:00,-303.41135868
2018-03-02 08:19:00,-303.41135868
2018-03-02 08:20:00,-303.41135868
2018-03-02 08:21:00,-330.415726805
2018-03-02 08:22:00,-330.415726805
2018-03-02 08:23:00,-330.415726805
2018-03-02 08:24:00,-343.917910867
2018-03-02 08:25:00,-343.917910867
2018-03-02 08:26:00,-343.917910867
2018-03-02 08:27:00,-343.917910867
2018-03-02 08:28:00,-330.415726805
2018-03-02 08:29:00,-289.909174617
2018-03-02 08:30:00,-249.40262243
2018-03-02 08:31:00,-289.909174617
2018-03-02 08:32:00,-262.904806492
2018-03-02 08:33:00,-289.909174617
2018-03-02 08:34:00,-289.909174617
2018-03-02 08:35:00,-262.904806492
2018-03-02 08:36:00,-276.406990555
2018-03-02 08:37:00,-249.40262243
2018-03-02 08:38:00,-249.40262243
2018-03-02 08:39:00,-249.40262243
2018-03-02 08:40:00,-249.40262243
2018-03-02 08:41:00,-235.900438367
2018-03-02 08:42:00,-235.900438367
2018-03-02 08:43:00,-235.900438367
2018-03-02 08:44:00,-249.40262243
2018-03-02 08:45:00,-235.900438367
2018-03-02 08:46:00,-222.398254305
2018-03-02 08:47:00,-222.398254305
2018-03-02 08:48:00,-208.896070242
2018-03-02 08:49:00,-222.398254305
2018-03-02 08:50:00,-222.398254305
2018-03-02 08:51:00,-222.398254305
2018-03-02 08:52:00,-262.904806492
2018-03-02 08:53:00,-276.406990555
2018-03-02 08:54:00,-276.406990555
2018-03-02 08:55:00,-222.398254305
2018-03-02 08:56:00,-222.398254305
2018-03-02 08:57:00,-222.398254305
2018-03-02 08:58:00,-249.40262243
2018-03-02 08:59:00,-235.900438367
2018-03-02 09:00:00,-249.40262243
2018-03-02 09:01:00,-262.904806492
2018-03-02 09:02:00,-249.40262243
2018-03-02 09:03:00,-249.40262243
2018-03-02 09:04:00,-249.40262243
2018-03-02 09:05:00,-249.40262243
2018-03-02 09:06:00,-249.40262243
2018-03-02 09:07:00,-249.40262243
2018-03-02 09:08:00,-249.40262243
2018-03-02 09:09:00,-249.40262243
2018-03-02 09:10:00,-262.904806492
2018-03-02 09:11:00,-262.904806492
2018-03-02 09:12:00,-262.904806492
2018-03-02 09:13:00,-276.406990555
2018-03-02 09:14:00,-222.398254305
2018-03-02 09:15:00,-235.900438367
2018-03-02 09:16:00,-222.398254305
2018-03-02 09:17:00,-208.896070242
2018-03-02 09:18:00,-235.900438367
2018-03-02 09:19:00,-235.900438367
2018-03-02 09:20:00,-235.900438367
2018-03-02 09:21:00,-262.904806492
2018-03-02 09:22:00,-276.406990555
2018-03-02 09:23:00,-249.40262243
2018-03-02 09:24:00,-222.398254305
2018-03-02 09:25:00,-235.900438367
2018-03-02 09:26:00,-249.40262243
2018-03-02 09:27:00,-249.40262243
2018-03-02 09:28:00,-249.40262243
2018-03-02 09:29:00,-249.40262243
2018-03-02 09:30:00,-249.40262243
2018-03-02 09:31:00,-249.40262243
2018-03-02 09:32:00,-262.904806492
2018-03-02 09:33:00,-249.40262243
2018-03-02 09:34:00,-262.904806492
2018-03-02 09:35:00,-262.904806492
2018-03-02 09:36:00,-249.40262243
2018-03-02 09:37:00,-262.904806492
2018-03-02 09:38:00,-249.40262243
2018-03-02 09:39:00,-235.900438367
2018-03-02 09:40:00,-249.40262243
2018-03-02 09:41:00,-249.40262243
2018-03-02 09:42:00,-249.40262243
2018-03-02 09:43:00,-262.904806492
2018-03-02 09:44:00,-276.406990555
2018-03-02 09:45:00,-316.913542742
2018-03-02 09:46:00,-303.41135868
2018-03-02 09:47:00,-289.909174617
2018-03-02 09:48:00,-276.406990555
2018-03-02 09:49:00,-262.904806492
2018-03-02 09:50:00,-249.40262243
2018-03-02 09:51:00,-276.406990555
2018-03-02 09:52:00,-262.904806492
2018-03-02 09:53:00,-249.40262243
2018-03-02 09:54:00,-249.40262243
2018-03-02 09:55:00,-249.40262243
2018-03-02 09:56:00,-249.40262243
2018-03-02 09:57:00,-316.913542742
2018-03-02 09:58:00,-316.913542742
2018-03-02 09:59:00,-330.415726805
2018-03-02 10:00:00,-303.41135868
2018-03-02 10:01:00,-303.41135868
2018-03-02 10:02:00,-303.41135868
2018-03-02 10:03:00,-262.904806492
2018-03-02 10:04:00,-262.904806492
2018-03-02 10:05:00,-249.40262243
2018-03-02 10:06:00,-235.900438367
2018-03-02 10:07:00,-276.406990555
2018-03-02 10:08:00,-276.406990555
2018-03-02 10:09:00,-276.406990555
2018-03-02 10:10:00,-276.406990555
2018-03-02 10:11:00,-289.909174617
2018-03-02 10:12:00,-289.909174617
2018-03-02 10:13:00,-316.913542742
2018-03-02 10:14:00,-303.41135868
2018-03-02 10:15:00,-316.913542742
2018-03-02 10:16:00,-316.913542742
2018-03-02 10:17:00,-316.913542742
2018-03-02 10:18:00,-316.913542742
2018-03-02 10:19:00,-316.913542742
2018-03-02 10:20:00,-303.41135868
2018-03-02 10:21:00,-316.913542742
2018-03-02 10:22:00,-303.41135868
2018-03-02 10:23:00,-316.913542742
2018-03-02 10:24:00,-316.913542742
2018-03-02 10:25:00,-303.41135868
2018-03-02 10:26:00,-303.41135868
2018-03-02 10:27:00,-303.41135868
2018-03-02 10:28:00,-303.41135868
2018-03-02 10:29:00,-303.41135868
2018-03-02 10:30:00,-289.909174617
2018-03-02 10:31:00,-289.909174617
2018-03-02 10:32:00,-289.909174617
2018-03-02 10:33:00,-289.909174617
2018-03-02 10:34:00,-276.406990555
2018-03-02 10:35:00,-303.41135868
2018-03-02 10:36:00,-303.41135868
2018-03-02 10:37:00,-303.41135868
2018-03-02 10:38:00,-316.913542742
2018-03-02 10:39:00,-316.913542742
2018-03-02 10:40:00,-316.913542742
2018-03-02 10:41:00,-303.41135868
2018-03-02 10:42:00,-303.41135868
2018-03-02 10:43:00,-330.415726805
2018-03-02 10:44:00,-316.913542742
2018-03-02 10:45:00,-316.913542742
2018-03-02 10:46:00,-316.913542742
2018-03-02 10:47:00,-343.917910867
2018-03-02 10:48:00,-316.913542742
2018-03-02 10:49:00,-316.913542742
2018-03-02 10:50:00,-343.917910867
2018-03-02 10:51:00,-343.917910867
2018-03-02 10:52:00,-343.917910867
2018-03-02 10:53:00,-357.42009493
2018-03-02 10:54:00,-357.42009493
2018-03-02 10:55:00,-343.917910867
2018-03-02 10:56:00,-343.917910867
2018-03-02 10:57:00,-370.922278992
2018-03-02 10:58:00,-370.922278992
2018-03-02 10:59:00,-370.922278992
2018-03-02 11:00:00,-384.424463055
2018-03-02 11:01:00,-384.424463055
2018-03-02 11:02:00,-370.922278992
2018-03-02 11:03:00,-357.42009493
2018-03-02 11:04:00,-330.415726805
2018-03-02 11:05:00,-343.917910867
2018-03-02 11:06:00,-343.917910867
2018-03-02 11:07:00,-343.917910867
2018-03-02 11:08:00,-343.917910867
2018-03-02 11:09:00,-343.917910867
2018-03-02 11:10:00,-330.415726805
2018-03-02 11:11:00,-330.415726805
2018-03-02 11:12:00,-303.41135868
2018-03-02 11:13:00,-303.41135868
2018-03-02 11:14:00,-316.913542742
2018-03-02 11:15:00,-316.913542742
2018-03-02 11:16:00,-303.41135868
2018-03-02 11:17:00,-303.41135868
2018-03-02 11:18:00,-303.41135868
2018-03-02 11:19:00,-303.41135868
2018-03-02 11:20:00,-330.415726805
2018-03-02 11:21:00,-357.42009493
2018-03-02 11:22:00,-357.42009493
2018-03-02 11:23:00,-357.42009493
2018-03-02 11:24:00,-357.42009493
2018-03-02 11:25:00,-357.42009493
2018-03-02 11:26:00,-303.41135868
2018-03-02 11:27:00,-303.41135868
2018-03-02 11:28:00,-343.917910867
2018-03-02 11:29:00,-343.917910867
2018-03-02 11:30:00,-343.917910867
2018-03-02 11:31:00,-343.917910867
2018-03-02 11:32:00,-343.917910867
2018-03-02 11:33:00,-343.917910867
2018-03-02 11:34:00,-343.917910867
2018-03-02 11:35:00,-343.917910867
2018-03-02 11:36:00,-343.917910867
2018-03-02 11:37:00,-343.917910867
2018-03-02 11:38:00,-343.917910867
2018-03-02 11:39:00,-343.917910867
2018-03-02 11:40:00,-343.917910867
2018-03-02 11:41:00,-343.917910867
2018-03-02 11:42:00,-343.917910867
2018-03-02 11:43:00,-343.917910867
2018-03-02 11:44:00,-343.917910867
2018-03-02 11:45:00,-343.917910867
2018-03-02 11:46:00,-343.917910867
2018-03-02 11:47:00,-343.917910867
2018-03-02 11:48:00,-330.415726805
2018-03-02 11:49:00,-330.415726805
2018-03-02 11:50:00,-330.415726805
2018-03-02 11:51:00,-330.415726805
2018-03-02 11:52:00,-330.415726805
2018-03-02 11:53:00,-343.917910867
2018-03-02 11:54:00,-357.42009493
2018-03-02 11:55:00,-370.922278992
2018-03-02 11:56:00,-370.922278992
2018-03-02 11:57:00,-357.42009493
2018-03-02 11:58:00,-343.917910867
2018-03-02 11:59:00,-357.42009493
2018-03-05 01:39:00,-167.943604982
2018-03-05 01:40:00,-167.943604982
2018-03-05 01:41:00,-167.943604982
2018-03-05 01:42:00,-167.943604982
2018-03-05 01:43:00,-167.943604982
2018-03-05 01:44:00,-195.016611382
2018-03-05 01:45:00,-181.480108182
2018-03-05 01:46:00,-181.480108182
2018-03-05 01:47:00,-195.016611382
2018-03-05 01:48:00,-181.480108182
2018-03-05 01:49:00,-181.480108182
2018-03-05 01:50:00,-181.480108182
2018-03-05 01:51:00,-208.553114582
2018-03-05 01:52:00,-208.553114582
2018-03-05 01:53:00,-208.553114582
2018-03-05 01:54:00,-208.553114582
2018-03-05 01:55:00,-181.480108182
2018-03-05 01:56:00,-181.480108182
2018-03-05 01:57:00,-181.480108182
2018-03-05 01:58:00,-167.943604982
2018-03-05 01:59:00,-167.943604982
2018-03-05 02:00:00,-154.407101782
2018-03-05 02:01:00,-127.334095382
2018-03-05 02:02:00,-140.870598582
2018-03-05 02:03:00,-127.334095382
2018-03-05 02:04:00,-100.261088982
2018-03-05 02:05:00,-32.5785729815
2018-03-05 02:06:00,-32.5785729815
2018-03-05 02:07:00,-86.7245857815
2018-03-05 02:08:00,-113.797592182
2018-03-05 02:09:00,-113.797592182
2018-03-05 02:10:00,-127.334095382
2018-03-05 02:11:00,-100.261088982
2018-03-05 02:12:00,-127.334095382
2018-03-05 02:13:00,-127.334095382
2018-03-05 02:14:00,-127.334095382
2018-03-05 02:15:00,-154.407101782
2018-03-05 02:16:00,-154.407101782
2018-03-05 02:17:00,-154.407101782
2018-03-05 02:18:00,-154.407101782
2018-03-05 02:19:00,-154.407101782
2018-03-05 02:20:00,-167.943604982
2018-03-05 02:21:00,-167.943604982
2018-03-05 02:22:00,-181.480108182
2018-03-05 02:23:00,-167.943604982
2018-03-05 02:24:00,-181.480108182
2018-03-05 02:25:00,-167.943604982
2018-03-05 02:26:00,-167.943604982
2018-03-05 02:27:00,-181.480108182
2018-03-05 02:28:00,-181.480108182
2018-03-05 02:29:00,-167.943604982
2018-03-05 02:30:00,-181.480108182
2018-03-05 02:31:00,-181.480108182
2018-03-05 02:32:00,-181.480108182
2018-03-05 02:33:00,-167.943604982
2018-03-05 02:34:00,-181.480108182
2018-03-05 02:35:00,-181.480108182
2018-03-05 02:36:00,-181.480108182
2018-03-05 02:37:00,-181.480108182
2018-03-05 02:38:00,-195.016611382
2018-03-05 02:39:00,-208.553114582
2018-03-05 02:40:00,-235.626120982
2018-03-05 02:41:00,-249.162624182
2018-03-05 02:42:00,-235.626120982
2018-03-05 02:43:00,-235.626120982
2018-03-05 02:44:00,-235.626120982
2018-03-05 02:45:00,-235.626120982
2018-03-05 02:46:00,-235.626120982
2018-03-05 02:47:00,-235.626120982
2018-03-05 02:48:00,-235.626120982
2018-03-05 02:49:00,-249.162624182
2018-03-05 02:50:00,-235.626120982
2018-03-05 02:51:00,-235.626120982
2018-03-05 02:52:00,-235.626120982
2018-03-05 02:53:00,-235.626120982
2018-03-05 02:54:00,-235.626120982
2018-03-05 02:55:00,-235.626120982
2018-03-05 02:56:00,-222.089617782
2018-03-05 02:57:00,-208.553114582
2018-03-05 02:58:00,-208.553114582
2018-03-05 02:59:00,-222.089617782
2018-03-05 03:00:00,-235.626120982
2018-03-05 03:01:00,-222.089617782
2018-03-05 03:02:00,-235.626120982
2018-03-05 03:03:00,-235.626120982
2018-03-05 03:04:00,-235.626120982
2018-03-05 03:05:00,-235.626120982
2018-03-05 03:06:00,-235.626120982
2018-03-05 03:07:00,-235.626120982
2018-03-05 03:08:00,-235.626120982
2018-03-05 03:09:00,-222.089617782
2018-03-05 03:10:00,-208.553114582
2018-03-05 03:11:00,-208.553114582
2018-03-05 03:12:00,-208.553114582
2018-03-05 03:13:00,-208.553114582
2018-03-05 03:14:00,-208.553114582
2018-03-05 03:15:00,-208.553114582
2018-03-05 03:16:00,-208.553114582
2018-03-05 03:17:00,-195.016611382
2018-03-05 03:18:00,-195.016611382
2018-03-05 03:19:00,-208.553114582
2018-03-05 03:20:00,-195.016611382
2018-03-05 03:21:00,-195.016611382
2018-03-05 03:22:00,-208.553114582
2018-03-05 03:23:00,-181.480108182
2018-03-05 03:24:00,-181.480108182
2018-03-05 03:25:00,-167.943604982
2018-03-05 03:26:00,-167.943604982
2018-03-05 03:27:00,-249.162624182
2018-03-05 03:28:00,-235.626120982
2018-03-05 03:29:00,-208.553114582
2018-03-05 03:30:00,-262.699127382
2018-03-05 03:31:00,-262.699127382
2018-03-05 03:32:00,-276.235630582
2018-03-05 03:33:00,-289.772133782
2018-03-05 03:34:00,-289.772133782
2018-03-05 03:35:00,-289.772133782
2018-03-05 03:36:00,-289.772133782
2018-03-05 03:37:00,-303.308636982
2018-03-05 03:38:00,-289.772133782
2018-03-05 03:39:00,-289.772133782
2018-03-05 03:40:00,-330.381643382
2018-03-05 03:41:00,-316.845140182
2018-03-05 03:42:00,-316.845140182
2018-03-05 03:43:00,-316.845140182
2018-03-05 03:44:00,-316.845140182
2018-03-05 03:45:00,-316.845140182
2018-03-05 03:46:00,-316.845140182
2018-03-05 03:47:00,-316.845140182
2018-03-05 03:48:00,-316.845140182
2018-03-05 03:49:00,-316.845140182
2018-03-05 03:50:00,-316.845140182
2018-03-05 03:51:00,-303.308636982
2018-03-05 03:52:00,-303.308636982
2018-03-05 03:53:00,-303.308636982
2018-03-05 03:54:00,-303.308636982
2018-03-05 03:55:00,-289.772133782
2018-03-05 03:56:00,-289.772133782
2018-03-05 03:57:00,-289.772133782
2018-03-05 03:58:00,-289.772133782
2018-03-05 03:59:00,-289.772133782
2018-03-05 04:00:00,-289.772133782
2018-03-05 04:01:00,-289.772133782
2018-03-05 04:02:00,-289.772133782
2018-03-05 04:03:00,-262.699127382
2018-03-05 04:04:00,-276.235630582
2018-03-05 04:05:00,-289.772133782
2018-03-05 04:06:00,-289.772133782
2018-03-05 04:07:00,-303.308636982
2018-03-05 04:08:00,-316.845140182
2018-03-05 04:09:00,-316.845140182
2018-03-05 04:10:00,-289.772133782
2018-03-05 04:11:00,-289.772133782
2018-03-05 04:12:00,-289.772133782
2018-03-05 04:13:00,-289.772133782
2018-03-05 04:14:00,-289.772133782
2018-03-05 04:15:00,-289.772133782
2018-03-05 04:16:00,-303.308636982
2018-03-05 04:17:00,-303.308636982
2018-03-05 04:18:00,-289.772133782
2018-03-05 04:19:00,-289.772133782
2018-03-05 04:20:00,-289.772133782
2018-03-05 04:21:00,-289.772133782
2018-03-05 04:22:00,-289.772133782
2018-03-05 04:23:00,-289.772133782
2018-03-05 04:24:00,-289.772133782
2018-03-05 04:25:00,-330.381643382
2018-03-05 04:26:00,-316.845140182
2018-03-05 04:27:00,-330.381643382
2018-03-05 04:28:00,-330.381643382
2018-03-05 04:29:00,-370.991152982
2018-03-05 04:30:00,-384.527656182
2018-03-05 04:31:00,-370.991152982
2018-03-05 04:32:00,-343.918146582
2018-03-05 04:33:00,-343.918146582
2018-03-05 04:34:00,-343.918146582
2018-03-05 04:35:00,-316.845140182
2018-03-05 04:36:00,-289.772133782
2018-03-05 04:37:00,-289.772133782
2018-03-05 04:38:00,-289.772133782
2018-03-05 04:39:00,-289.772133782
2018-03-05 04:40:00,-289.772133782
2018-03-05 04:41:00,-316.845140182
2018-03-05 04:42:00,-316.845140182
2018-03-05 04:43:00,-316.845140182
2018-03-05 04:44:00,-289.772133782
2018-03-05 04:45:00,-289.772133782
2018-03-05 04:46:00,-289.772133782
2018-03-05 04:47:00,-289.772133782
2018-03-05 04:48:00,-289.772133782
2018-03-05 04:49:00,-289.772133782
2018-03-05 04:50:00,-289.772133782
2018-03-05 04:51:00,-289.772133782
2018-03-05 04:52:00,-289.772133782
2018-03-05 04:53:00,-289.772133782
2018-03-05 04:54:00,-289.772133782
2018-03-05 04:55:00,-289.772133782
2018-03-05 04:56:00,-289.772133782
2018-03-05 04:57:00,-289.772133782
2018-03-05 04:58:00,-289.772133782
2018-03-05 04:59:00,-289.772133782
2018-03-05 05:00:00,-289.772133782
2018-03-05 05:01:00,-289.772133782
2018-03-05 05:02:00,-289.772133782
2018-03-05 05:03:00,-289.772133782
2018-03-05 05:04:00,-289.772133782
2018-03-05 05:05:00,-289.772133782
2018-03-05 05:06:00,-289.772133782
2018-03-05 05:07:00,-289.772133782
2018-03-05 05:08:00,-289.772133782
2018-03-05 05:09:00,-289.772133782
2018-03-05 05:10:00,-289.772133782
2018-03-05 05:11:00,-289.772133782
2018-03-05 05:12:00,-289.772133782
2018-03-05 05:13:00,-289.772133782
2018-03-05 05:14:00,-289.772133782
2018-03-05 05:15:00,-289.772133782
2018-03-05 05:16:00,-289.772133782
2018-03-05 05:17:00,-289.772133782
2018-03-05 05:18:00,-289.772133782
2018-03-05 05:19:00,-289.772133782
2018-03-05 05:20:00,-289.772133782
2018-03-05 05:21:00,-289.772133782
2018-03-05 05:22:00,-289.772133782
2018-03-05 05:23:00,-289.772133782
2018-03-05 05:24:00,-289.772133782
2018-03-05 05:25:00,-289.772133782
2018-03-05 05:26:00,-289.772133782
2018-03-05 05:27:00,-289.772133782
2018-03-05 05:28:00,-289.772133782
2018-03-05 05:29:00,-289.772133782
2018-03-05 05:30:00,-289.772133782
2018-03-05 05:31:00,-276.235630582
2018-03-05 05:32:00,-276.235630582
2018-03-05 05:33:00,-235.626120982
2018-03-05 05:34:00,-235.626120982
2018-03-05 05:35:00,-235.626120982
2018-03-05 05:36:00,-235.626120982
2018-03-05 05:37:00,-235.626120982
2018-03-05 05:38:00,-235.626120982
2018-03-05 05:39:00,-289.772133782
2018-03-05 05:40:00,-289.772133782
2018-03-05 05:41:00,-289.772133782
2018-03-05 05:42:00,-289.772133782
2018-03-05 05:43:00,-316.845140182
2018-03-05 05:44:00,-316.845140182
2018-03-05 05:45:00,-316.845140182
2018-03-05 05:46:00,-316.845140182
2018-03-05 05:47:00,-330.381643382
2018-03-05 05:48:00,-316.845140182
2018-03-05 05:49:00,-316.845140182
2018-03-05 05:50:00,-316.845140182
2018-03-05 05:51:00,-343.918146582
2018-03-05 05:52:00,-343.918146582
2018-03-05 05:53:00,-330.381643382
2018-03-05 05:54:00,-343.918146582
2018-03-05 05:55:00,-370.991152982
2018-03-05 05:56:00,-384.527656182
2018-03-05 05:57:00,-384.527656182
2018-03-05 05:58:00,-384.527656182
2018-03-05 05:59:00,-398.064159382
2018-03-05 06:00:00,-384.527656182
2018-03-05 06:01:00,-357.454649782
2018-03-05 06:02:00,-370.991152982
2018-03-05 06:03:00,-370.991152982
2018-03-05 06:04:00,-370.991152982
2018-03-05 06:05:00,-357.454649782
2018-03-05 06:06:00,-357.454649782
2018-03-05 06:07:00,-370.991152982
2018-03-05 06:08:00,-370.991152982
2018-03-05 06:09:00,-370.991152982
2018-03-05 06:10:00,-370.991152982
2018-03-05 06:11:00,-343.918146582
2018-03-05 06:12:00,-343.918146582
2018-03-05 06:13:00,-343.918146582
2018-03-05 06:14:00,-330.381643382
2018-03-05 06:15:00,-316.845140182
2018-03-05 06:16:00,-316.845140182
2018-03-05 06:17:00,-303.308636982
2018-03-05 06:18:00,-316.845140182
2018-03-05 06:19:00,-303.308636982
2018-03-05 06:20:00,-316.845140182
2018-03-05 06:21:00,-316.845140182
2018-03-05 06:22:00,-316.845140182
2018-03-05 06:23:00,-316.845140182
2018-03-05 06:24:00,-316.845140182
2018-03-05 06:25:00,-316.845140182
2018-03-05 06:26:00,-330.381643382
2018-03-05 06:27:00,-316.845140182
2018-03-05 06:28:00,-316.845140182
2018-03-05 06:29:00,-316.845140182
2018-03-05 06:30:00,-316.845140182
2018-03-05 06:31:00,-316.845140182
2018-03-05 06:32:00,-316.845140182
2018-03-05 06:33:00,-316.845140182
2018-03-05 06:34:00,-316.845140182
2018-03-05 06:35:00,-316.845140182
2018-03-05 06:36:00,-316.845140182
2018-03-05 06:37:00,-316.845140182
2018-03-05 06:38:00,-316.845140182
2018-03-05 06:39:00,-316.845140182
2018-03-05 06:40:00,-316.845140182
2018-03-05 06:41:00,-330.381643382
2018-03-05 06:42:00,-316.845140182
2018-03-05 06:43:00,-316.845140182
2018-03-05 06:44:00,-330.381643382
2018-03-05 06:45:00,-330.381643382
2018-03-05 06:46:00,-343.918146582
2018-03-05 06:47:00,-316.845140182
2018-03-05 06:48:00,-330.381643382
2018-03-05 06:49:00,-330.381643382
2018-03-05 06:50:00,-343.918146582
2018-03-05 06:51:00,-343.918146582
2018-03-05 06:52:00,-330.381643382
2018-03-05 06:53:00,-330.381643382
2018-03-05 06:54:00,-330.381643382
2018-03-05 06:55:00,-316.845140182
2018-03-05 06:56:00,-316.845140182
2018-03-05 06:57:00,-316.845140182
2018-03-05 06:58:00,-316.845140182
2018-03-05 06:59:00,-316.845140182
2018-03-05 07:00:00,-316.845140182
2018-03-05 07:01:00,-303.308636982
2018-03-05 07:02:00,-316.845140182
2018-03-05 07:03:00,-303.308636982
2018-03-05 07:04:00,-316.845140182
2018-03-05 07:05:00,-316.845140182
2018-03-05 07:06:00,-316.845140182
2018-03-05 07:07:00,-343.918146582
2018-03-05 07:08:00,-316.845140182
2018-03-05 07:09:00,-316.845140182
2018-03-05 07:10:00,-316.845140182
2018-03-05 07:11:00,-316.845140182
2018-03-05 07:12:00,-316.845140182
2018-03-05 07:13:00,-316.845140182
2018-03-05 07:14:00,-316.845140182
2018-03-05 07:15:00,-316.845140182
2018-03-05 07:16:00,-316.845140182
2018-03-05 07:17:00,-316.845140182
2018-03-05 07:18:00,-316.845140182
2018-03-05 07:19:00,-343.918146582
2018-03-05 07:20:00,-316.845140182
2018-03-05 07:21:00,-316.845140182
2018-03-05 07:22:00,-316.845140182
2018-03-05 07:23:00,-316.845140182
2018-03-05 07:24:00,-303.308636982
2018-03-05 07:25:00,-303.308636982
2018-03-05 07:26:00,-276.235630582
2018-03-05 07:27:00,-289.772133782
2018-03-05 07:28:00,-276.235630582
2018-03-05 07:29:00,-276.235630582
2018-03-05 07:30:00,-276.235630582
2018-03-05 07:31:00,-262.699127382
2018-03-05 07:32:00,-262.699127382
2018-03-05 07:33:00,-262.699127382
2018-03-05 07:34:00,-262.699127382
2018-03-05 07:35:00,-262.699127382
2018-03-05 07:36:00,-262.699127382
2018-03-05 07:37:00,-262.699127382
2018-03-05 07:38:00,-262.699127382
2018-03-05 07:39:00,-262.699127382
2018-03-05 07:40:00,-289.772133782
2018-03-05 07:41:00,-289.772133782
2018-03-05 07:42:00,-289.772133782
2018-03-05 07:43:00,-289.772133782
2018-03-05 07:44:00,-262.699127382
2018-03-05 07:45:00,-262.699127382
2018-03-05 07:46:00,-262.699127382
2018-03-05 07:47:00,-262.699127382
2018-03-05 07:48:00,-262.699127382
2018-03-05 07:49:00,-262.699127382
2018-03-05 07:50:00,-262.699127382
2018-03-05 07:51:00,-262.699127382
2018-03-05 07:52:00,-289.772133782
2018-03-05 07:53:00,-289.772133782
2018-03-05 07:54:00,-289.772133782
2018-03-05 07:55:00,-289.772133782
2018-03-05 07:56:00,-289.772133782
2018-03-05 07:57:00,-289.772133782
2018-03-05 07:58:00,-289.772133782
2018-03-05 07:59:00,-289.772133782
2018-03-05 08:00:00,-289.772133782
2018-03-05 08:01:00,-289.772133782
2018-03-05 08:02:00,-289.772133782
2018-03-05 08:03:00,-289.772133782
2018-03-05 08:04:00,-276.235630582
2018-03-05 08:05:00,-262.699127382
2018-03-05 08:06:00,-262.699127382
2018-03-05 08:07:00,-262.699127382
2018-03-05 08:08:00,-262.699127382
2018-03-05 08:09:00,-262.699127382
2018-03-05 08:10:00,-262.699127382
2018-03-05 08:11:00,-262.699127382
2018-03-05 08:12:00,-262.699127382
2018-03-05 08:13:00,-262.699127382
2018-03-05 08:14:00,-276.235630582
2018-03-05 08:15:00,-276.235630582
2018-03-05 08:16:00,-276.235630582
2018-03-05 08:17:00,-289.772133782
2018-03-05 08:18:00,-289.772133782
2018-03-05 08:19:00,-289.772133782
2018-03-05 08:20:00,-289.772133782
2018-03-05 08:21:00,-276.235630582
2018-03-05 08:22:00,-289.772133782
2018-03-05 08:23:00,-303.308636982
2018-03-05 08:24:00,-289.772133782
2018-03-05 08:25:00,-289.772133782
2018-03-05 08:26:00,-289.772133782
2018-03-05 08:27:00,-276.235630582
2018-03-05 08:28:00,-289.772133782
2018-03-05 08:29:00,-289.772133782
2018-03-05 08:30:00,-289.772133782
2018-03-05 08:31:00,-316.845140182
2018-03-05 08:32:00,-316.845140182
2018-03-05 08:33:00,-316.845140182
2018-03-05 08:34:00,-303.308636982
2018-03-05 08:35:00,-303.308636982
2018-03-05 08:36:00,-289.772133782
2018-03-05 08:37:00,-289.772133782
2018-03-05 08:38:00,-303.308636982
2018-03-05 08:39:00,-303.308636982
2018-03-05 08:40:00,-316.845140182
2018-03-05 08:41:00,-316.845140182
2018-03-05 08:42:00,-316.845140182
2018-03-05 08:43:00,-316.845140182
2018-03-05 08:44:00,-316.845140182
2018-03-05 08:45:00,-316.845140182
2018-03-05 08:46:00,-316.845140182
2018-03-05 08:47:00,-316.845140182
2018-03-05 08:48:00,-330.381643382
2018-03-05 08:49:00,-343.918146582
2018-03-05 08:50:00,-330.381643382
2018-03-05 08:51:00,-343.918146582
2018-03-05 08:52:00,-370.991152982
2018-03-05 08:53:00,-384.527656182
2018-03-05 08:54:00,-343.918146582
2018-03-05 08:55:00,-343.918146582
2018-03-05 08:56:00,-343.918146582
2018-03-05 08:57:00,-343.918146582
2018-03-05 08:58:00,-370.991152982
2018-03-05 08:59:00,-357.454649782
2018-03-05 09:00:00,-370.991152982
2018-03-05 09:01:00,-343.918146582
2018-03-05 09:02:00,-343.918146582
2018-03-05 09:03:00,-357.454649782
2018-03-05 09:04:00,-343.918146582
2018-03-05 09:05:00,-343.918146582
2018-03-05 09:06:00,-289.772133782
2018-03-05 09:07:00,-289.772133782
2018-03-05 09:08:00,-289.772133782
2018-03-05 09:09:00,-303.308636982
2018-03-05 09:10:00,-303.308636982
2018-03-05 09:11:00,-289.772133782
2018-03-05 09:12:00,-303.308636982
2018-03-05 09:13:00,-303.308636982
2018-03-05 09:14:00,-303.308636982
2018-03-05 09:15:00,-303.308636982
2018-03-05 09:16:00,-303.308636982
2018-03-05 09:17:00,-303.308636982
2018-03-05 09:18:00,-303.308636982
2018-03-05 09:19:00,-303.308636982
2018-03-05 09:20:00,-303.308636982
2018-03-05 09:21:00,-303.308636982
2018-03-05 09:22:00,-303.308636982
2018-03-05 09:23:00,-303.308636982
2018-03-05 09:24:00,-303.308636982
2018-03-05 09:25:00,-303.308636982
2018-03-05 09:26:00,-303.308636982
2018-03-05 09:27:00,-303.308636982
2018-03-05 09:28:00,-303.308636982
2018-03-05 09:29:00,-303.308636982
2018-03-05 09:30:00,-316.845140182
2018-03-05 09:31:00,-316.845140182
2018-03-05 09:32:00,-316.845140182
2018-03-05 09:33:00,-316.845140182
2018-03-05 09:34:00,-330.381643382
2018-03-05 09:35:00,-357.454649782
2018-03-05 09:36:00,-384.527656182
2018-03-05 09:37:00,-370.991152982
2018-03-05 09:38:00,-398.064159382
2018-03-05 09:39:00,-425.137165782
2018-03-05 09:40:00,-425.137165782
2018-03-05 09:41:00,-425.137165782
2018-03-05 09:42:00,-425.137165782
2018-03-05 09:43:00,-425.137165782
2018-03-05 09:44:00,-452.210172182
2018-03-05 09:45:00,-425.137165782
2018-03-05 09:46:00,-398.064159382
2018-03-05 09:47:00,-425.137165782
2018-03-05 09:48:00,-425.137165782
2018-03-05 09:49:00,-425.137165782
2018-03-05 09:50:00,-438.673668982
2018-03-05 09:51:00,-425.137165782
2018-03-05 09:52:00,-438.673668982
2018-03-05 09:53:00,-438.673668982
2018-03-05 09:54:00,-438.673668982
2018-03-05 09:55:00,-438.673668982
2018-03-05 09:56:00,-425.137165782
2018-03-05 09:57:00,-425.137165782
2018-03-05 09:58:00,-425.137165782
2018-03-05 09:59:00,-425.137165782
2018-03-05 10:00:00,-438.673668982
2018-03-05 10:01:00,-411.600662582
2018-03-05 10:02:00,-398.064159382
2018-03-05 10:03:00,-411.600662582
2018-03-05 10:04:00,-411.600662582
2018-03-05 10:05:00,-425.137165782
2018-03-05 10:06:00,-438.673668982
2018-03-05 10:07:00,-465.746675382
2018-03-05 10:08:00,-492.819681782
2018-03-05 10:09:00,-506.356184982
2018-03-05 10:10:00,-533.429191382
2018-03-05 10:11:00,-533.429191382
2018-03-05 10:12:00,-546.965694582
2018-03-05 10:13:00,-533.429191382
2018-03-05 10:14:00,-533.429191382
2018-03-05 10:15:00,-533.429191382
2018-03-05 10:16:00,-519.892688182
2018-03-05 10:17:00,-519.892688182
2018-03-05 10:18:00,-519.892688182
2018-03-05 10:19:00,-506.356184982
2018-03-05 10:20:00,-506.356184982
2018-03-05 10:21:00,-492.819681782
2018-03-05 10:22:00,-492.819681782
2018-03-05 10:23:00,-492.819681782
2018-03-05 10:24:00,-492.819681782
2018-03-05 10:25:00,-492.819681782
2018-03-05 10:26:00,-506.356184982
2018-03-05 10:27:00,-506.356184982
2018-03-05 10:28:00,-506.356184982
2018-03-05 10:29:00,-506.356184982
2018-03-05 10:30:00,-492.819681782
2018-03-05 10:31:00,-492.819681782
2018-03-05 10:32:00,-492.819681782
2018-03-05 10:33:00,-506.356184982
2018-03-05 10:34:00,-492.819681782
2018-03-05 10:35:00,-492.819681782
2018-03-05 10:36:00,-492.819681782
2018-03-05 10:37:00,-492.819681782
2018-03-05 10:38:00,-492.819681782
2018-03-05 10:39:00,-506.356184982
2018-03-05 10:40:00,-506.356184982
2018-03-05 10:41:00,-506.356184982
2018-03-05 10:42:00,-533.429191382
2018-03-05 10:43:00,-533.429191382
2018-03-05 10:44:00,-546.965694582
2018-03-05 10:45:00,-546.965694582
2018-03-05 10:46:00,-533.429191382
2018-03-05 10:47:00,-533.429191382
2018-03-05 10:48:00,-546.965694582
2018-03-05 10:49:00,-533.429191382
2018-03-05 10:50:00,-533.429191382
2018-03-05 10:51:00,-533.429191382
2018-03-05 10:52:00,-533.429191382
2018-03-05 10:53:00,-519.892688182
2018-03-05 10:54:00,-533.429191382
2018-03-05 10:55:00,-533.429191382
2018-03-05 10:56:00,-533.429191382
2018-03-05 10:57:00,-533.429191382
2018-03-05 10:58:00,-506.356184982
2018-03-05 10:59:00,-533.429191382
2018-03-05 11:00:00,-546.965694582
2018-03-05 11:01:00,-546.965694582
2018-03-05 11:02:00,-560.502197782
2018-03-05 11:03:00,-560.502197782
2018-03-05 11:04:00,-560.502197782
2018-03-05 11:05:00,-560.502197782
2018-03-05 11:06:00,-560.502197782
2018-03-05 11:07:00,-574.038700982
2018-03-05 11:08:00,-574.038700982
2018-03-05 11:09:00,-574.038700982
2018-03-05 11:10:00,-587.575204182
2018-03-05 11:11:00,-574.038700982
2018-03-05 11:12:00,-574.038700982
2018-03-05 11:13:00,-574.038700982
2018-03-05 11:14:00,-574.038700982
2018-03-05 11:15:00,-546.965694582
2018-03-05 11:16:00,-574.038700982
2018-03-05 11:17:00,-574.038700982
2018-03-05 11:18:00,-587.575204182
2018-03-05 11:19:00,-587.575204182
2018-03-05 11:20:00,-587.575204182
2018-03-05 11:21:00,-560.502197782
2018-03-05 11:22:00,-560.502197782
2018-03-05 11:23:00,-560.502197782
2018-03-05 11:24:00,-560.502197782
2018-03-05 11:25:00,-560.502197782
2018-03-05 11:26:00,-560.502197782
2018-03-05 11:27:00,-560.502197782
2018-03-05 11:28:00,-560.502197782
2018-03-05 11:29:00,-560.502197782
2018-03-05 11:30:00,-560.502197782
2018-03-05 11:31:00,-560.502197782
2018-03-05 11:32:00,-560.502197782
2018-03-05 11:33:00,-574.038700982
2018-03-05 11:34:00,-574.038700982
2018-03-05 11:35:00,-560.502197782
2018-03-05 11:36:00,-560.502197782
2018-03-05 11:37:00,-560.502197782
2018-03-05 11:38:00,-560.502197782
2018-03-05 11:39:00,-560.502197782
2018-03-05 11:40:00,-560.502197782
2018-03-05 11:41:00,-574.038700982
2018-03-05 11:42:00,-560.502197782
2018-03-05 11:43:00,-560.502197782
2018-03-05 11:44:00,-574.038700982
2018-03-05 11:45:00,-587.575204182
2018-03-05 11:46:00,-587.575204182
2018-03-05 11:47:00,-614.648210582
2018-03-05 11:48:00,-601.111707382
2018-03-05 11:49:00,-587.575204182
2018-03-05 11:50:00,-587.575204182
2018-03-05 11:51:00,-601.111707382
2018-03-05 11:52:00,-601.111707382
2018-03-05 11:53:00,-601.111707382
2018-03-05 11:54:00,-601.111707382
2018-03-05 11:55:00,-601.111707382
2018-03-05 11:56:00,-628.184713782
2018-03-05 11:57:00,-614.648210582
2018-03-05 11:58:00,-614.648210582
2018-03-05 11:59:00,-614.648210582
2018-03-06 01:29:00,-722.939153261
2018-03-06 01:30:00,-722.939153261
2018-03-06 01:31:00,-722.939153261
2018-03-06 01:32:00,-722.939153261
2018-03-06 01:33:00,-722.939153261
2018-03-06 01:34:00,-546.964611661
2018-03-06 01:35:00,-546.964611661
2018-03-06 01:36:00,-546.964611661
2018-03-06 01:37:00,-574.037618061
2018-03-06 01:38:00,-574.037618061
2018-03-06 01:39:00,-574.037618061
2018-03-06 01:40:00,-574.037618061
2018-03-06 01:41:00,-587.574121261
2018-03-06 01:42:00,-587.574121261
2018-03-06 01:43:00,-587.574121261
2018-03-06 01:44:00,-587.574121261
2018-03-06 01:45:00,-601.110624461
2018-03-06 01:46:00,-601.110624461
2018-03-06 01:47:00,-587.574121261
2018-03-06 01:48:00,-587.574121261
2018-03-06 01:49:00,-587.574121261
2018-03-06 01:50:00,-601.110624461
2018-03-06 01:51:00,-601.110624461
2018-03-06 01:52:00,-601.110624461
2018-03-06 01:53:00,-587.574121261
2018-03-06 01:54:00,-587.574121261
2018-03-06 01:55:00,-587.574121261
2018-03-06 01:56:00,-587.574121261
2018-03-06 01:57:00,-587.574121261
2018-03-06 01:58:00,-587.574121261
2018-03-06 01:59:00,-587.574121261
2018-03-06 02:00:00,-587.574121261
2018-03-06 02:01:00,-614.647127661
2018-03-06 02:02:00,-614.647127661
2018-03-06 02:03:00,-614.647127661
2018-03-06 02:04:00,-614.647127661
2018-03-06 02:05:00,-614.647127661
2018-03-06 02:06:00,-614.647127661
2018-03-06 02:07:00,-601.110624461
2018-03-06 02:08:00,-587.574121261
2018-03-06 02:09:00,-574.037618061
2018-03-06 02:10:00,-533.428108461
2018-03-06 02:11:00,-560.501114861
2018-03-06 02:12:00,-560.501114861
2018-03-06 02:13:00,-560.501114861
2018-03-06 02:14:00,-560.501114861
2018-03-06 02:15:00,-574.037618061
2018-03-06 02:16:00,-574.037618061
2018-03-06 02:17:00,-560.501114861
2018-03-06 02:18:00,-560.501114861
2018-03-06 02:19:00,-560.501114861
2018-03-06 02:20:00,-560.501114861
2018-03-06 02:21:00,-560.501114861
2018-03-06 02:22:00,-560.501114861
2018-03-06 02:23:00,-574.037618061
2018-03-06 02:24:00,-614.647127661
2018-03-06 02:25:00,-614.647127661
2018-03-06 02:26:00,-601.110624461
2018-03-06 02:27:00,-587.574121261
2018-03-06 02:28:00,-587.574121261
2018-03-06 02:29:00,-587.574121261
2018-03-06 02:30:00,-560.501114861
2018-03-06 02:31:00,-560.501114861
2018-03-06 02:32:00,-574.037618061
2018-03-06 02:33:00,-587.574121261
2018-03-06 02:34:00,-587.574121261
2018-03-06 02:35:00,-601.110624461
2018-03-06 02:36:00,-601.110624461
2018-03-06 02:37:00,-614.647127661
2018-03-06 02:38:00,-614.647127661
2018-03-06 02:39:00,-628.183630861
2018-03-06 02:40:00,-641.720134061
2018-03-06 02:41:00,-641.720134061
2018-03-06 02:42:00,-628.183630861
2018-03-06 02:43:00,-614.647127661
2018-03-06 02:44:00,-614.647127661
2018-03-06 02:45:00,-628.183630861
2018-03-06 02:46:00,-614.647127661
2018-03-06 02:47:00,-601.110624461
2018-03-06 02:48:00,-601.110624461
2018-03-06 02:49:00,-587.574121261
2018-03-06 02:50:00,-587.574121261
2018-03-06 02:51:00,-587.574121261
2018-03-06 02:52:00,-587.574121261
2018-03-06 02:53:00,-614.647127661
2018-03-06 02:54:00,-614.647127661
2018-03-06 02:55:00,-614.647127661
2018-03-06 02:56:00,-614.647127661
2018-03-06 02:57:00,-641.720134061
2018-03-06 02:58:00,-614.647127661
2018-03-06 02:59:00,-601.110624461
2018-03-06 03:00:00,-587.574121261
2018-03-06 03:01:00,-587.574121261
2018-03-06 03:02:00,-614.647127661
2018-03-06 03:03:00,-614.647127661
2018-03-06 03:04:00,-614.647127661
2018-03-06 03:05:00,-614.647127661
2018-03-06 03:06:00,-628.183630861
2018-03-06 03:07:00,-628.183630861
2018-03-06 03:08:00,-614.647127661
2018-03-06 03:09:00,-614.647127661
2018-03-06 03:10:00,-614.647127661
2018-03-06 03:11:00,-628.183630861
2018-03-06 03:12:00,-655.256637261
2018-03-06 03:13:00,-641.720134061
2018-03-06 03:14:00,-641.720134061
2018-03-06 03:15:00,-668.793140461
2018-03-06 03:16:00,-682.329643661
2018-03-06 03:17:00,-709.402650061
2018-03-06 03:18:00,-709.402650061
2018-03-06 03:19:00,-695.866146861
2018-03-06 03:20:00,-695.866146861
2018-03-06 03:21:00,-695.866146861
2018-03-06 03:22:00,-709.402650061
2018-03-06 03:23:00,-695.866146861
2018-03-06 03:24:00,-682.329643661
2018-03-06 03:25:00,-695.866146861
2018-03-06 03:26:00,-695.866146861
2018-03-06 03:27:00,-695.866146861
2018-03-06 03:28:00,-709.402650061
2018-03-06 03:29:00,-709.402650061
2018-03-06 03:30:00,-695.866146861
2018-03-06 03:31:00,-709.402650061
2018-03-06 03:32:00,-695.866146861
2018-03-06 03:33:00,-695.866146861
2018-03-06 03:34:00,-709.402650061
2018-03-06 03:35:00,-722.939153261
2018-03-06 03:36:00,-736.475656461
2018-03-06 03:37:00,-736.475656461
2018-03-06 03:38:00,-709.402650061
2018-03-06 03:39:00,-695.866146861
2018-03-06 03:40:00,-695.866146861
2018-03-06 03:41:00,-695.866146861
2018-03-06 03:42:00,-695.866146861
2018-03-06 03:43:00,-695.866146861
2018-03-06 03:44:00,-695.866146861
2018-03-06 03:45:00,-695.866146861
2018-03-06 03:46:00,-695.866146861
2018-03-06 03:47:00,-695.866146861
2018-03-06 03:48:00,-709.402650061
2018-03-06 03:49:00,-695.866146861
2018-03-06 03:50:00,-722.939153261
2018-03-06 03:51:00,-722.939153261
2018-03-06 03:52:00,-722.939153261
2018-03-06 03:53:00,-722.939153261
2018-03-06 03:54:00,-722.939153261
2018-03-06 03:55:00,-722.939153261
2018-03-06 03:56:00,-722.939153261
2018-03-06 03:57:00,-722.939153261
2018-03-06 03:58:00,-722.939153261
2018-03-06 03:59:00,-695.866146861
2018-03-06 04:00:00,-668.793140461
2018-03-06 04:01:00,-668.793140461
2018-03-06 04:02:00,-668.793140461
2018-03-06 04:03:00,-655.256637261
2018-03-06 04:04:00,-668.793140461
2018-03-06 04:05:00,-668.793140461
2018-03-06 04:06:00,-668.793140461
2018-03-06 04:07:00,-668.793140461
2018-03-06 04:08:00,-668.793140461
2018-03-06 04:09:00,-668.793140461
2018-03-06 04:10:00,-668.793140461
2018-03-06 04:11:00,-668.793140461
2018-03-06 04:12:00,-668.793140461
2018-03-06 04:13:00,-668.793140461
2018-03-06 04:14:00,-668.793140461
2018-03-06 04:15:00,-695.866146861
2018-03-06 04:16:00,-709.402650061
2018-03-06 04:17:00,-695.866146861
2018-03-06 04:18:00,-695.866146861
2018-03-06 04:19:00,-695.866146861
2018-03-06 04:20:00,-695.866146861
2018-03-06 04:21:00,-695.866146861
2018-03-06 04:22:00,-682.329643661
2018-03-06 04:23:00,-682.329643661
2018-03-06 04:24:00,-695.866146861
2018-03-06 04:25:00,-682.329643661
2018-03-06 04:26:00,-682.329643661
2018-03-06 04:27:00,-682.329643661
2018-03-06 04:28:00,-695.866146861
2018-03-06 04:29:00,-682.329643661
2018-03-06 04:30:00,-682.329643661
2018-03-06 04:31:00,-668.793140461
2018-03-06 04:32:00,-668.793140461
2018-03-06 04:33:00,-668.793140461
2018-03-06 04:34:00,-668.793140461
2018-03-06 04:35:00,-682.329643661
2018-03-06 04:36:00,-695.866146861
2018-03-06 04:37:00,-695.866146861
2018-03-06 04:38:00,-695.866146861
2018-03-06 04:39:00,-695.866146861
2018-03-06 04:40:00,-695.866146861
2018-03-06 04:41:00,-709.402650061
2018-03-06 04:42:00,-722.939153261
2018-03-06 04:43:00,-722.939153261
2018-03-06 04:44:00,-722.939153261
2018-03-06 04:45:00,-722.939153261
2018-03-06 04:46:00,-709.402650061
2018-03-06 04:47:00,-736.475656461
2018-03-06 04:48:00,-750.012159661
2018-03-06 04:49:00,-750.012159661
2018-03-06 04:50:00,-804.158172461
2018-03-06 04:51:00,-790.621669261
2018-03-06 04:52:00,-777.085166061
2018-03-06 04:53:00,-763.548662861
2018-03-06 04:54:00,-750.012159661
2018-03-06 04:55:00,-763.548662861
2018-03-06 04:56:00,-763.548662861
2018-03-06 04:57:00,-763.548662861
2018-03-06 04:58:00,-736.475656461
2018-03-06 04:59:00,-736.475656461
2018-03-06 05:00:00,-736.475656461
2018-03-06 05:01:00,-736.475656461
2018-03-06 05:02:00,-750.012159661
2018-03-06 05:03:00,-763.548662861
2018-03-06 05:04:00,-777.085166061
2018-03-06 05:05:00,-777.085166061
2018-03-06 05:06:00,-817.694675661
2018-03-06 05:07:00,-831.231178861
2018-03-06 05:08:00,-844.767682061
2018-03-06 05:09:00,-844.767682061
2018-03-06 05:10:00,-858.304185261
2018-03-06 05:11:00,-844.767682061
2018-03-06 05:12:00,-858.304185261
2018-03-06 05:13:00,-858.304185261
2018-03-06 05:14:00,-831.231178861
2018-03-06 05:15:00,-817.694675661
2018-03-06 05:16:00,-804.158172461
2018-03-06 05:17:00,-777.085166061
2018-03-06 05:18:00,-777.085166061
2018-03-06 05:19:00,-777.085166061
2018-03-06 05:20:00,-777.085166061
2018-03-06 05:21:00,-777.085166061
2018-03-06 05:22:00,-804.158172461
2018-03-06 05:23:00,-804.158172461
2018-03-06 05:24:00,-831.231178861
2018-03-06 05:25:00,-831.231178861
2018-03-06 05:26:00,-831.231178861
2018-03-06 05:27:00,-844.767682061
2018-03-06 05:28:00,-871.840688461
2018-03-06 05:29:00,-885.377191661
2018-03-06 05:30:00,-871.840688461
2018-03-06 05:31:00,-858.304185261
2018-03-06 05:32:00,-871.840688461
2018-03-06 05:33:00,-858.304185261
2018-03-06 05:34:00,-858.304185261
2018-03-06 05:35:00,-858.304185261
2018-03-06 05:36:00,-858.304185261
2018-03-06 05:37:00,-858.304185261
2018-03-06 05:38:00,-858.304185261
2018-03-06 05:39:00,-858.304185261
2018-03-06 05:40:00,-858.304185261
2018-03-06 05:41:00,-858.304185261
2018-03-06 05:42:00,-844.767682061
2018-03-06 05:43:00,-844.767682061
2018-03-06 05:44:00,-844.767682061
2018-03-06 05:45:00,-804.158172461
2018-03-06 05:46:00,-804.158172461
2018-03-06 05:47:00,-804.158172461
2018-03-06 05:48:00,-804.158172461
2018-03-06 05:49:00,-804.158172461
2018-03-06 05:50:00,-831.231178861
2018-03-06 05:51:00,-831.231178861
2018-03-06 05:52:00,-831.231178861
2018-03-06 05:53:00,-831.231178861
2018-03-06 05:54:00,-844.767682061
2018-03-06 05:55:00,-871.840688461
2018-03-06 05:56:00,-871.840688461
2018-03-06 05:57:00,-898.913694861
2018-03-06 05:58:00,-912.450198061
2018-03-06 05:59:00,-939.523204461
2018-03-06 06:00:00,-939.523204461
2018-03-06 06:01:00,-939.523204461
2018-03-06 06:02:00,-939.523204461
2018-03-06 06:03:00,-912.450198061
2018-03-06 06:04:00,-871.840688461
2018-03-06 06:05:00,-871.840688461
2018-03-06 06:06:00,-858.304185261
2018-03-06 06:07:00,-871.840688461
2018-03-06 06:08:00,-871.840688461
2018-03-06 06:09:00,-871.840688461
2018-03-06 06:10:00,-871.840688461
2018-03-06 06:11:00,-871.840688461
2018-03-06 06:12:00,-871.840688461
2018-03-06 06:13:00,-871.840688461
2018-03-06 06:14:00,-912.450198061
2018-03-06 06:15:00,-912.450198061
2018-03-06 06:16:00,-939.523204461
2018-03-06 06:17:00,-939.523204461
2018-03-06 06:18:00,-939.523204461
2018-03-06 06:19:00,-939.523204461
2018-03-06 06:20:00,-966.596210861
2018-03-06 06:21:00,-966.596210861
2018-03-06 06:22:00,-966.596210861
2018-03-06 06:23:00,-953.059707661
2018-03-06 06:24:00,-953.059707661
2018-03-06 06:25:00,-953.059707661
2018-03-06 06:26:00,-953.059707661
2018-03-06 06:27:00,-939.523204461
2018-03-06 06:28:00,-966.596210861
2018-03-06 06:29:00,-939.523204461
2018-03-06 06:30:00,-939.523204461
2018-03-06 06:31:00,-953.059707661
2018-03-06 06:32:00,-939.523204461
2018-03-06 06:33:00,-925.986701261
2018-03-06 06:34:00,-925.986701261
2018-03-06 06:35:00,-925.986701261
2018-03-06 06:36:00,-925.986701261
2018-03-06 06:37:00,-925.986701261
2018-03-06 06:38:00,-925.986701261
2018-03-06 06:39:00,-925.986701261
2018-03-06 06:40:00,-925.986701261
2018-03-06 06:41:00,-939.523204461
2018-03-06 06:42:00,-939.523204461
2018-03-06 06:43:00,-939.523204461
2018-03-06 06:44:00,-939.523204461
2018-03-06 06:45:00,-939.523204461
2018-03-06 06:46:00,-939.523204461
2018-03-06 06:47:00,-939.523204461
2018-03-06 06:48:00,-953.059707661
2018-03-06 06:49:00,-953.059707661
2018-03-06 06:50:00,-939.523204461
2018-03-06 06:51:00,-939.523204461
2018-03-06 06:52:00,-953.059707661
2018-03-06 06:53:00,-966.596210861
2018-03-06 06:54:00,-953.059707661
2018-03-06 06:55:00,-966.596210861
2018-03-06 06:56:00,-966.596210861
2018-03-06 06:57:00,-939.523204461
2018-03-06 06:58:00,-939.523204461
2018-03-06 06:59:00,-925.986701261
2018-03-06 07:00:00,-925.986701261
2018-03-06 07:01:00,-925.986701261
2018-03-06 07:02:00,-925.986701261
2018-03-06 07:03:00,-912.450198061
2018-03-06 07:04:00,-912.450198061
2018-03-06 07:05:00,-898.913694861
2018-03-06 07:06:00,-898.913694861
2018-03-06 07:07:00,-898.913694861
2018-03-06 07:08:00,-871.840688461
2018-03-06 07:09:00,-871.840688461
2018-03-06 07:10:00,-858.304185261
2018-03-06 07:11:00,-858.304185261
2018-03-06 07:12:00,-831.231178861
2018-03-06 07:13:00,-844.767682061
2018-03-06 07:14:00,-831.231178861
2018-03-06 07:15:00,-831.231178861
2018-03-06 07:16:00,-831.231178861
2018-03-06 07:17:00,-858.304185261
2018-03-06 07:18:00,-912.450198061
2018-03-06 07:19:00,-885.377191661
2018-03-06 07:20:00,-885.377191661
2018-03-06 07:21:00,-858.304185261
2018-03-06 07:22:00,-858.304185261
2018-03-06 07:23:00,-858.304185261
2018-03-06 07:24:00,-858.304185261
2018-03-06 07:25:00,-831.231178861
2018-03-06 07:26:00,-831.231178861
2018-03-06 07:27:00,-831.231178861
2018-03-06 07:28:00,-831.231178861
2018-03-06 07:29:00,-844.767682061
2018-03-06 07:30:00,-858.304185261
2018-03-06 07:31:00,-858.304185261
2018-03-06 07:32:00,-858.304185261
2018-03-06 07:33:00,-858.304185261
2018-03-06 07:34:00,-831.231178861
2018-03-06 07:35:00,-831.231178861
2018-03-06 07:36:00,-831.231178861
2018-03-06 07:37:00,-831.231178861
2018-03-06 07:38:00,-804.158172461
2018-03-06 07:39:00,-804.158172461
2018-03-06 07:40:00,-804.158172461
2018-03-06 07:41:00,-804.158172461
2018-03-06 07:42:00,-804.158172461
2018-03-06 07:43:00,-804.158172461
2018-03-06 07:44:00,-804.158172461
2018-03-06 07:45:00,-858.304185261
2018-03-06 07:46:00,-831.231178861
2018-03-06 07:47:00,-831.231178861
2018-03-06 07:48:00,-831.231178861
2018-03-06 07:49:00,-817.694675661
2018-03-06 07:50:00,-817.694675661
2018-03-06 07:51:00,-817.694675661
2018-03-06 07:52:00,-817.694675661
2018-03-06 07:53:00,-804.158172461
2018-03-06 07:54:00,-804.158172461
2018-03-06 07:55:00,-817.694675661
2018-03-06 07:56:00,-817.694675661
2018-03-06 07:57:00,-804.158172461
2018-03-06 07:58:00,-831.231178861
2018-03-06 07:59:00,-817.694675661
2018-03-06 08:00:00,-804.158172461
2018-03-06 08:01:00,-804.158172461
2018-03-06 08:02:00,-804.158172461
2018-03-06 08:03:00,-804.158172461
2018-03-06 08:04:00,-804.158172461
2018-03-06 08:05:00,-804.158172461
2018-03-06 08:06:00,-804.158172461
2018-03-06 08:07:00,-817.694675661
2018-03-06 08:08:00,-817.694675661
2018-03-06 08:09:00,-817.694675661
2018-03-06 08:10:00,-831.231178861
2018-03-06 08:11:00,-831.231178861
2018-03-06 08:12:00,-831.231178861
2018-03-06 08:13:00,-831.231178861
2018-03-06 08:14:00,-831.231178861
2018-03-06 08:15:00,-831.231178861
2018-03-06 08:16:00,-831.231178861
2018-03-06 08:17:00,-831.231178861
2018-03-06 08:18:00,-831.231178861
2018-03-06 08:19:00,-831.231178861
2018-03-06 08:20:00,-831.231178861
2018-03-06 08:21:00,-804.158172461
2018-03-06 08:22:00,-804.158172461
2018-03-06 08:23:00,-804.158172461
2018-03-06 08:24:00,-804.158172461
2018-03-06 08:25:00,-804.158172461
2018-03-06 08:26:00,-804.158172461
2018-03-06 08:27:00,-804.158172461
2018-03-06 08:28:00,-804.158172461
2018-03-06 08:29:00,-804.158172461
2018-03-06 08:30:00,-804.158172461
2018-03-06 08:31:00,-831.231178861
2018-03-06 08:32:00,-817.694675661
2018-03-06 08:33:00,-831.231178861
2018-03-06 08:34:00,-831.231178861
2018-03-06 08:35:00,-817.694675661
2018-03-06 08:36:00,-817.694675661
2018-03-06 08:37:00,-817.694675661
2018-03-06 08:38:00,-817.694675661
2018-03-06 08:39:00,-817.694675661
2018-03-06 08:40:00,-804.158172461
2018-03-06 08:41:00,-804.158172461
2018-03-06 08:42:00,-804.158172461
2018-03-06 08:43:00,-804.158172461
2018-03-06 08:44:00,-804.158172461
2018-03-06 08:45:00,-804.158172461
2018-03-06 08:46:00,-804.158172461
2018-03-06 08:47:00,-804.158172461
2018-03-06 08:48:00,-804.158172461
2018-03-06 08:49:00,-804.158172461
2018-03-06 08:50:00,-804.158172461
2018-03-06 08:51:00,-804.158172461
2018-03-06 08:52:00,-790.621669261
2018-03-06 08:53:00,-777.085166061
2018-03-06 08:54:00,-763.548662861
2018-03-06 08:55:00,-763.548662861
2018-03-06 08:56:00,-763.548662861
2018-03-06 08:57:00,-777.085166061
2018-03-06 08:58:00,-777.085166061
2018-03-06 08:59:00,-777.085166061
2018-03-06 09:00:00,-777.085166061
2018-03-06 09:01:00,-790.621669261
2018-03-06 09:02:00,-804.158172461
2018-03-06 09:03:00,-831.231178861
2018-03-06 09:04:00,-831.231178861
2018-03-06 09:05:00,-831.231178861
2018-03-06 09:06:00,-831.231178861
2018-03-06 09:07:00,-831.231178861
2018-03-06 09:08:00,-831.231178861
2018-03-06 09:09:00,-831.231178861
2018-03-06 09:10:00,-831.231178861
2018-03-06 09:11:00,-817.694675661
2018-03-06 09:12:00,-817.694675661
2018-03-06 09:13:00,-817.694675661
2018-03-06 09:14:00,-817.694675661
2018-03-06 09:15:00,-817.694675661
2018-03-06 09:16:00,-804.158172461
2018-03-06 09:17:00,-804.158172461
2018-03-06 09:18:00,-804.158172461
2018-03-06 09:19:00,-804.158172461
2018-03-06 09:20:00,-804.158172461
2018-03-06 09:21:00,-804.158172461
2018-03-06 09:22:00,-804.158172461
2018-03-06 09:23:00,-817.694675661
2018-03-06 09:24:00,-817.694675661
2018-03-06 09:25:00,-817.694675661
2018-03-06 09:26:00,-804.158172461
2018-03-06 09:27:00,-831.231178861
2018-03-06 09:28:00,-817.694675661
2018-03-06 09:29:00,-831.231178861
2018-03-06 09:30:00,-831.231178861
2018-03-06 09:31:00,-831.231178861
2018-03-06 09:32:00,-831.231178861
2018-03-06 09:33:00,-831.231178861
2018-03-06 09:34:00,-817.694675661
2018-03-06 09:35:00,-817.694675661
2018-03-06 09:36:00,-817.694675661
2018-03-06 09:37:00,-790.621669261
2018-03-06 09:38:00,-804.158172461
2018-03-06 09:39:00,-804.158172461
2018-03-06 09:40:00,-804.158172461
2018-03-06 09:41:00,-804.158172461
2018-03-06 09:42:00,-804.158172461
2018-03-06 09:43:00,-804.158172461
2018-03-06 09:44:00,-804.158172461
2018-03-06 09:45:00,-804.158172461
2018-03-06 09:46:00,-777.085166061
2018-03-06 09:47:00,-777.085166061
2018-03-06 09:48:00,-777.085166061
2018-03-06 09:49:00,-763.548662861
2018-03-06 09:50:00,-750.012159661
2018-03-06 09:51:00,-750.012159661
2018-03-06 09:52:00,-750.012159661
2018-03-06 09:53:00,-750.012159661
2018-03-06 09:54:00,-750.012159661
2018-03-06 09:55:00,-777.085166061
2018-03-06 09:56:00,-750.012159661
2018-03-06 09:57:00,-736.475656461
2018-03-06 09:58:00,-722.939153261
2018-03-06 09:59:00,-736.475656461
2018-03-06 10:00:00,-736.475656461
2018-03-06 10:01:00,-750.012159661
2018-03-06 10:02:00,-750.012159661
2018-03-06 10:03:00,-763.548662861
2018-03-06 10:04:00,-763.548662861
2018-03-06 10:05:00,-763.548662861
2018-03-06 10:06:00,-777.085166061
2018-03-06 10:07:00,-777.085166061
2018-03-06 10:08:00,-763.548662861
2018-03-06 10:09:00,-763.548662861
2018-03-06 10:10:00,-750.012159661
2018-03-06 10:11:00,-750.012159661
2018-03-06 10:12:00,-722.939153261
2018-03-06 10:13:00,-709.402650061
2018-03-06 10:14:00,-709.402650061
2018-03-06 10:15:00,-709.402650061
2018-03-06 10:16:00,-722.939153261
2018-03-06 10:17:00,-709.402650061
2018-03-06 10:18:00,-722.939153261
2018-03-06 10:19:00,-709.402650061
2018-03-06 10:20:00,-709.402650061
2018-03-06 10:21:00,-709.402650061
2018-03-06 10:22:00,-736.475656461
2018-03-06 10:23:00,-736.475656461
2018-03-06 10:24:00,-750.012159661
2018-03-06 10:25:00,-709.402650061
2018-03-06 10:26:00,-709.402650061
2018-03-06 10:27:00,-736.475656461
2018-03-06 10:28:00,-722.939153261
2018-03-06 10:29:00,-695.866146861
2018-03-06 10:30:00,-736.475656461
2018-03-06 10:31:00,-736.475656461
2018-03-06 10:32:00,-750.012159661
2018-03-06 10:33:00,-763.548662861
2018-03-06 10:34:00,-763.548662861
2018-03-06 10:35:00,-736.475656461
2018-03-06 10:36:00,-736.475656461
2018-03-06 10:37:00,-736.475656461
2018-03-06 10:38:00,-736.475656461
2018-03-06 10:39:00,-736.475656461
2018-03-06 10:40:00,-736.475656461
2018-03-06 10:41:00,-750.012159661
2018-03-06 10:42:00,-750.012159661
2018-03-06 10:43:00,-777.085166061
2018-03-06 10:44:00,-763.548662861
2018-03-06 10:45:00,-790.621669261
2018-03-06 10:46:00,-790.621669261
2018-03-06 10:47:00,-777.085166061
2018-03-06 10:48:00,-777.085166061
2018-03-06 10:49:00,-777.085166061
2018-03-06 10:50:00,-777.085166061
2018-03-06 10:51:00,-763.548662861
2018-03-06 10:52:00,-763.548662861
2018-03-06 10:53:00,-777.085166061
2018-03-06 10:54:00,-777.085166061
2018-03-06 10:55:00,-750.012159661
2018-03-06 10:56:00,-750.012159661
2018-03-06 10:57:00,-750.012159661
2018-03-06 10:58:00,-750.012159661
2018-03-06 10:59:00,-750.012159661
2018-03-06 11:00:00,-777.085166061
2018-03-06 11:01:00,-763.548662861
2018-03-06 11:02:00,-763.548662861
2018-03-06 11:03:00,-763.548662861
2018-03-06 11:04:00,-763.548662861
2018-03-06 11:05:00,-763.548662861
2018-03-06 11:06:00,-763.548662861
2018-03-06 11:07:00,-763.548662861
2018-03-06 11:08:00,-777.085166061
2018-03-06 11:09:00,-777.085166061
2018-03-06 11:10:00,-777.085166061
2018-03-06 11:11:00,-777.085166061
2018-03-06 11:12:00,-777.085166061
2018-03-06 11:13:00,-763.548662861
2018-03-06 11:14:00,-763.548662861
2018-03-06 11:15:00,-763.548662861
2018-03-06 11:16:00,-763.548662861
2018-03-06 11:17:00,-763.548662861
2018-03-06 11:18:00,-750.012159661
2018-03-06 11:19:00,-750.012159661
2018-03-06 11:20:00,-750.012159661
2018-03-06 11:21:00,-750.012159661
2018-03-06 11:22:00,-750.012159661
2018-03-06 11:23:00,-750.012159661
2018-03-06 11:24:00,-736.475656461
2018-03-06 11:25:00,-736.475656461
2018-03-06 11:26:00,-736.475656461
2018-03-06 11:27:00,-750.012159661
2018-03-06 11:28:00,-750.012159661
2018-03-06 11:29:00,-763.548662861
2018-03-06 11:30:00,-763.548662861
2018-03-06 11:31:00,-763.548662861
2018-03-06 11:32:00,-763.548662861
2018-03-06 11:33:00,-763.548662861
2018-03-06 11:34:00,-763.548662861
2018-03-06 11:35:00,-763.548662861
2018-03-06 11:36:00,-763.548662861
2018-03-06 11:37:00,-777.085166061
2018-03-06 11:38:00,-790.621669261
2018-03-06 11:39:00,-790.621669261
2018-03-06 11:40:00,-790.621669261
2018-03-06 11:41:00,-790.621669261
2018-03-06 11:42:00,-804.158172461
2018-03-06 11:43:00,-844.767682061
2018-03-06 11:44:00,-844.767682061
2018-03-06 11:45:00,-844.767682061
2018-03-06 11:46:00,-844.767682061
2018-03-06 11:47:00,-844.767682061
2018-03-06 11:48:00,-831.231178861
2018-03-06 11:49:00,-831.231178861
2018-03-06 11:50:00,-831.231178861
2018-03-06 11:51:00,-831.231178861
2018-03-06 11:52:00,-831.231178861
2018-03-06 11:53:00,-831.231178861
2018-03-06 11:54:00,-831.231178861
2018-03-06 11:55:00,-844.767682061
2018-03-06 11:56:00,-844.767682061
2018-03-06 11:57:00,-844.767682061
2018-03-06 11:58:00,-844.767682061
2018-03-06 11:59:00,-817.694675661
2018-03-07 01:29:00,-1034.27872686
2018-03-07 01:30:00,-1034.27872686
2018-03-07 01:31:00,-1034.27872686
2018-03-07 01:32:00,-1034.27872686
2018-03-07 01:33:00,-1034.27872686
2018-03-07 01:34:00,-790.621669261
2018-03-07 01:35:00,-790.621669261
2018-03-07 01:36:00,-790.621669261
2018-03-07 01:37:00,-777.085166061
2018-03-07 01:38:00,-777.085166061
2018-03-07 01:39:00,-777.085166061
2018-03-07 01:40:00,-777.085166061
2018-03-07 01:41:00,-777.085166061
2018-03-07 01:42:00,-777.085166061
2018-03-07 01:43:00,-777.085166061
2018-03-07 01:44:00,-790.621669261
2018-03-07 01:45:00,-790.621669261
2018-03-07 01:46:00,-790.621669261
2018-03-07 01:47:00,-790.621669261
2018-03-07 01:48:00,-790.621669261
2018-03-07 01:49:00,-790.621669261
2018-03-07 01:50:00,-790.621669261
2018-03-07 01:51:00,-790.621669261
2018-03-07 01:52:00,-777.085166061
2018-03-07 01:53:00,-777.085166061
2018-03-07 01:54:00,-777.085166061
2018-03-07 01:55:00,-777.085166061
2018-03-07 01:56:00,-777.085166061
2018-03-07 01:57:00,-777.085166061
2018-03-07 01:58:00,-777.085166061
2018-03-07 01:59:00,-763.548662861
2018-03-07 02:00:00,-750.012159661
2018-03-07 02:01:00,-736.475656461
2018-03-07 02:02:00,-709.402650061
2018-03-07 02:03:00,-709.402650061
2018-03-07 02:04:00,-695.866146861
2018-03-07 02:05:00,-668.793140461
2018-03-07 02:06:00,-655.256637261
2018-03-07 02:07:00,-641.720134061
2018-03-07 02:08:00,-655.256637261
2018-03-07 02:09:00,-641.720134061
2018-03-07 02:10:00,-641.720134061
2018-03-07 02:11:00,-641.720134061
2018-03-07 02:12:00,-641.720134061
2018-03-07 02:13:00,-655.256637261
2018-03-07 02:14:00,-655.256637261
2018-03-07 02:15:00,-682.329643661
2018-03-07 02:16:00,-682.329643661
2018-03-07 02:17:00,-668.793140461
2018-03-07 02:18:00,-763.548662861
2018-03-07 02:19:00,-763.548662861
2018-03-07 02:20:00,-763.548662861
2018-03-07 02:21:00,-750.012159661
2018-03-07 02:22:00,-736.475656461
2018-03-07 02:23:00,-722.939153261
2018-03-07 02:24:00,-695.866146861
2018-03-07 02:25:00,-736.475656461
2018-03-07 02:26:00,-722.939153261
2018-03-07 02:27:00,-722.939153261
2018-03-07 02:28:00,-722.939153261
2018-03-07 02:29:00,-736.475656461
2018-03-07 02:30:00,-750.012159661
2018-03-07 02:31:00,-722.939153261
2018-03-07 02:32:00,-750.012159661
2018-03-07 02:33:00,-709.402650061
2018-03-07 02:34:00,-709.402650061
2018-03-07 02:35:00,-695.866146861
2018-03-07 02:36:00,-695.866146861
2018-03-07 02:37:00,-695.866146861
2018-03-07 02:38:00,-668.793140461
2018-03-07 02:39:00,-668.793140461
2018-03-07 02:40:00,-682.329643661
2018-03-07 02:41:00,-682.329643661
2018-03-07 02:42:00,-682.329643661
2018-03-07 02:43:00,-682.329643661
2018-03-07 02:44:00,-695.866146861
2018-03-07 02:45:00,-750.012159661
2018-03-07 02:46:00,-736.475656461
2018-03-07 02:47:00,-736.475656461
2018-03-07 02:48:00,-736.475656461
2018-03-07 02:49:00,-750.012159661
2018-03-07 02:50:00,-750.012159661
2018-03-07 02:51:00,-750.012159661
2018-03-07 02:52:00,-750.012159661
2018-03-07 02:53:00,-763.548662861
2018-03-07 02:54:00,-763.548662861
2018-03-07 02:55:00,-763.548662861
2018-03-07 02:56:00,-763.548662861
2018-03-07 02:57:00,-763.548662861
2018-03-07 02:58:00,-750.012159661
2018-03-07 02:59:00,-736.475656461
2018-03-07 03:00:00,-722.939153261
2018-03-07 03:01:00,-722.939153261
2018-03-07 03:02:00,-722.939153261
2018-03-07 03:03:00,-695.866146861
2018-03-07 03:04:00,-695.866146861
2018-03-07 03:05:00,-695.866146861
2018-03-07 03:06:00,-695.866146861
2018-03-07 03:07:00,-709.402650061
2018-03-07 03:08:00,-709.402650061
2018-03-07 03:09:00,-709.402650061
2018-03-07 03:10:00,-709.402650061
2018-03-07 03:11:00,-709.402650061
2018-03-07 03:12:00,-682.329643661
2018-03-07 03:13:00,-682.329643661
2018-03-07 03:14:00,-682.329643661
2018-03-07 03:15:00,-695.866146861
2018-03-07 03:16:00,-695.866146861
2018-03-07 03:17:00,-695.866146861
2018-03-07 03:18:00,-682.329643661
2018-03-07 03:19:00,-682.329643661
2018-03-07 03:20:00,-682.329643661
2018-03-07 03:21:00,-682.329643661
2018-03-07 03:22:00,-695.866146861
2018-03-07 03:23:00,-682.329643661
2018-03-07 03:24:00,-682.329643661
2018-03-07 03:25:00,-682.329643661
2018-03-07 03:26:00,-682.329643661
2018-03-07 03:27:00,-682.329643661
2018-03-07 03:28:00,-682.329643661
2018-03-07 03:29:00,-682.329643661
2018-03-07 03:30:00,-682.329643661
2018-03-07 03:31:00,-668.793140461
2018-03-07 03:32:00,-668.793140461
2018-03-07 03:33:00,-682.329643661
2018-03-07 03:34:00,-682.329643661
2018-03-07 03:35:00,-682.329643661
2018-03-07 03:36:00,-682.329643661
2018-03-07 03:37:00,-682.329643661
2018-03-07 03:38:00,-682.329643661
2018-03-07 03:39:00,-668.793140461
2018-03-07 03:40:00,-668.793140461
2018-03-07 03:41:00,-668.793140461
2018-03-07 03:42:00,-668.793140461
2018-03-07 03:43:00,-668.793140461
2018-03-07 03:44:00,-682.329643661
2018-03-07 03:45:00,-682.329643661
2018-03-07 03:46:00,-682.329643661
2018-03-07 03:47:00,-682.329643661
2018-03-07 03:48:00,-655.256637261
2018-03-07 03:49:00,-641.720134061
2018-03-07 03:50:00,-668.793140461
2018-03-07 03:51:00,-668.793140461
2018-03-07 03:52:00,-655.256637261
2018-03-07 03:53:00,-655.256637261
2018-03-07 03:54:00,-668.793140461
2018-03-07 03:55:00,-655.256637261
2018-03-07 03:56:00,-655.256637261
2018-03-07 03:57:00,-668.793140461
2018-03-07 03:58:00,-682.329643661
2018-03-07 03:59:00,-682.329643661
2018-03-07 04:00:00,-695.866146861
2018-03-07 04:01:00,-695.866146861
2018-03-07 04:02:00,-695.866146861
2018-03-07 04:03:00,-668.793140461
2018-03-07 04:04:00,-668.793140461
2018-03-07 04:05:00,-668.793140461
2018-03-07 04:06:00,-668.793140461
2018-03-07 04:07:00,-682.329643661
2018-03-07 04:08:00,-682.329643661
2018-03-07 04:09:00,-682.329643661
2018-03-07 04:10:00,-668.793140461
2018-03-07 04:11:00,-668.793140461
2018-03-07 04:12:00,-668.793140461
2018-03-07 04:13:00,-668.793140461
2018-03-07 04:14:00,-655.256637261
2018-03-07 04:15:00,-655.256637261
2018-03-07 04:16:00,-655.256637261
2018-03-07 04:17:00,-655.256637261
2018-03-07 04:18:00,-655.256637261
2018-03-07 04:19:00,-655.256637261
2018-03-07 04:20:00,-668.793140461
2018-03-07 04:21:00,-668.793140461
2018-03-07 04:22:00,-668.793140461
2018-03-07 04:23:00,-668.793140461
2018-03-07 04:24:00,-668.793140461
2018-03-07 04:25:00,-668.793140461
2018-03-07 04:26:00,-668.793140461
2018-03-07 04:27:00,-668.793140461
2018-03-07 04:28:00,-668.793140461
2018-03-07 04:29:00,-668.793140461
2018-03-07 04:30:00,-682.329643661
2018-03-07 04:31:00,-668.793140461
2018-03-07 04:32:00,-655.256637261
2018-03-07 04:33:00,-682.329643661
2018-03-07 04:34:00,-668.793140461
2018-03-07 04:35:00,-668.793140461
2018-03-07 04:36:00,-655.256637261
2018-03-07 04:37:00,-655.256637261
2018-03-07 04:38:00,-655.256637261
2018-03-07 04:39:00,-668.793140461
2018-03-07 04:40:00,-668.793140461
2018-03-07 04:41:00,-641.720134061
2018-03-07 04:42:00,-641.720134061
2018-03-07 04:43:00,-655.256637261
2018-03-07 04:44:00,-655.256637261
2018-03-07 04:45:00,-641.720134061
2018-03-07 04:46:00,-628.183630861
2018-03-07 04:47:00,-628.183630861
2018-03-07 04:48:00,-628.183630861
2018-03-07 04:49:00,-641.720134061
2018-03-07 04:50:00,-641.720134061
2018-03-07 04:51:00,-641.720134061
2018-03-07 04:52:00,-641.720134061
2018-03-07 04:53:00,-641.720134061
2018-03-07 04:54:00,-641.720134061
2018-03-07 04:55:00,-641.720134061
2018-03-07 04:56:00,-641.720134061
2018-03-07 04:57:00,-641.720134061
2018-03-07 04:58:00,-641.720134061
2018-03-07 04:59:00,-587.574121261
2018-03-07 05:00:00,-587.574121261
2018-03-07 05:01:00,-587.574121261
2018-03-07 05:02:00,-587.574121261
2018-03-07 05:03:00,-574.037618061
2018-03-07 05:04:00,-560.501114861
2018-03-07 05:05:00,-560.501114861
2018-03-07 05:06:00,-546.964611661
2018-03-07 05:07:00,-546.964611661
2018-03-07 05:08:00,-560.501114861
2018-03-07 05:09:00,-560.501114861
2018-03-07 05:10:00,-560.501114861
2018-03-07 05:11:00,-560.501114861
2018-03-07 05:12:00,-560.501114861
2018-03-07 05:13:00,-560.501114861
2018-03-07 05:14:00,-560.501114861
2018-03-07 05:15:00,-560.501114861
2018-03-07 05:16:00,-546.964611661
2018-03-07 05:17:00,-546.964611661
2018-03-07 05:18:00,-560.501114861
2018-03-07 05:19:00,-560.501114861
2018-03-07 05:20:00,-560.501114861
2018-03-07 05:21:00,-560.501114861
2018-03-07 05:22:00,-560.501114861
2018-03-07 05:23:00,-560.501114861
2018-03-07 05:24:00,-560.501114861
2018-03-07 05:25:00,-560.501114861
2018-03-07 05:26:00,-560.501114861
2018-03-07 05:27:00,-560.501114861
2018-03-07 05:28:00,-560.501114861
2018-03-07 05:29:00,-560.501114861
2018-03-07 05:30:00,-560.501114861
2018-03-07 05:31:00,-560.501114861
2018-03-07 05:32:00,-560.501114861
2018-03-07 05:33:00,-560.501114861
2018-03-07 05:34:00,-560.501114861
2018-03-07 05:35:00,-546.964611661
2018-03-07 05:36:00,-546.964611661
2018-03-07 05:37:00,-533.428108461
2018-03-07 05:38:00,-546.964611661
2018-03-07 05:39:00,-533.428108461
2018-03-07 05:40:00,-533.428108461
2018-03-07 05:41:00,-533.428108461
2018-03-07 05:42:00,-546.964611661
2018-03-07 05:43:00,-546.964611661
2018-03-07 05:44:00,-546.964611661
2018-03-07 05:45:00,-560.501114861
2018-03-07 05:46:00,-560.501114861
2018-03-07 05:47:00,-546.964611661
2018-03-07 05:48:00,-560.501114861
2018-03-07 05:49:00,-560.501114861
2018-03-07 05:50:00,-560.501114861
2018-03-07 05:51:00,-560.501114861
2018-03-07 05:52:00,-546.964611661
2018-03-07 05:53:00,-560.501114861
2018-03-07 05:54:00,-546.964611661
2018-03-07 05:55:00,-546.964611661
2018-03-07 05:56:00,-546.964611661
2018-03-07 05:57:00,-546.964611661
2018-03-07 05:58:00,-560.501114861
2018-03-07 05:59:00,-560.501114861
2018-03-07 06:00:00,-560.501114861
2018-03-07 06:01:00,-587.574121261
2018-03-07 06:02:00,-587.574121261
2018-03-07 06:03:00,-587.574121261
2018-03-07 06:04:00,-574.037618061
2018-03-07 06:05:00,-560.501114861
2018-03-07 06:06:00,-560.501114861
2018-03-07 06:07:00,-560.501114861
2018-03-07 06:08:00,-560.501114861
2018-03-07 06:09:00,-560.501114861
2018-03-07 06:10:00,-560.501114861
2018-03-07 06:11:00,-560.501114861
2018-03-07 06:12:00,-587.574121261
2018-03-07 06:13:00,-587.574121261
2018-03-07 06:14:00,-614.647127661
2018-03-07 06:15:00,-614.647127661
2018-03-07 06:16:00,-641.720134061
2018-03-07 06:17:00,-641.720134061
2018-03-07 06:18:00,-628.183630861
2018-03-07 06:19:00,-601.110624461
2018-03-07 06:20:00,-574.037618061
2018-03-07 06:21:00,-574.037618061
2018-03-07 06:22:00,-574.037618061
2018-03-07 06:23:00,-574.037618061
2018-03-07 06:24:00,-574.037618061
2018-03-07 06:25:00,-574.037618061
2018-03-07 06:26:00,-560.501114861
2018-03-07 06:27:00,-587.574121261
2018-03-07 06:28:00,-587.574121261
2018-03-07 06:29:00,-587.574121261
2018-03-07 06:30:00,-614.647127661
2018-03-07 06:31:00,-614.647127661
2018-03-07 06:32:00,-614.647127661
2018-03-07 06:33:00,-614.647127661
2018-03-07 06:34:00,-574.037618061
2018-03-07 06:35:00,-587.574121261
2018-03-07 06:36:00,-587.574121261
2018-03-07 06:37:00,-587.574121261
2018-03-07 06:38:00,-574.037618061
2018-03-07 06:39:00,-574.037618061
2018-03-07 06:40:00,-574.037618061
2018-03-07 06:41:00,-587.574121261
2018-03-07 06:42:00,-587.574121261
2018-03-07 06:43:00,-587.574121261
2018-03-07 06:44:00,-587.574121261
2018-03-07 06:45:00,-587.574121261
2018-03-07 06:46:00,-587.574121261
2018-03-07 06:47:00,-587.574121261
2018-03-07 06:48:00,-587.574121261
2018-03-07 06:49:00,-587.574121261
2018-03-07 06:50:00,-601.110624461
2018-03-07 06:51:00,-601.110624461
2018-03-07 06:52:00,-614.647127661
2018-03-07 06:53:00,-614.647127661
2018-03-07 06:54:00,-614.647127661
2018-03-07 06:55:00,-614.647127661
2018-03-07 06:56:00,-614.647127661
2018-03-07 06:57:00,-614.647127661
2018-03-07 06:58:00,-614.647127661
2018-03-07 06:59:00,-587.574121261
2018-03-07 07:00:00,-587.574121261
2018-03-07 07:01:00,-587.574121261
2018-03-07 07:02:00,-587.574121261
2018-03-07 07:03:00,-587.574121261
2018-03-07 07:04:00,-574.037618061
2018-03-07 07:05:00,-601.110624461
2018-03-07 07:06:00,-601.110624461
2018-03-07 07:07:00,-601.110624461
2018-03-07 07:08:00,-574.037618061
2018-03-07 07:09:00,-574.037618061
2018-03-07 07:10:00,-560.501114861
2018-03-07 07:11:00,-560.501114861
2018-03-07 07:12:00,-560.501114861
2018-03-07 07:13:00,-574.037618061
2018-03-07 07:14:00,-574.037618061
2018-03-07 07:15:00,-587.574121261
2018-03-07 07:16:00,-587.574121261
2018-03-07 07:17:00,-574.037618061
2018-03-07 07:18:00,-587.574121261
2018-03-07 07:19:00,-601.110624461
2018-03-07 07:20:00,-601.110624461
2018-03-07 07:21:00,-601.110624461
2018-03-07 07:22:00,-641.720134061
2018-03-07 07:23:00,-628.183630861
2018-03-07 07:24:00,-655.256637261
2018-03-07 07:25:00,-655.256637261
2018-03-07 07:26:00,-641.720134061
2018-03-07 07:27:00,-628.183630861
2018-03-07 07:28:00,-628.183630861
2018-03-07 07:29:00,-641.720134061
2018-03-07 07:30:00,-655.256637261
2018-03-07 07:31:00,-641.720134061
2018-03-07 07:32:00,-641.720134061
2018-03-07 07:33:00,-641.720134061
2018-03-07 07:34:00,-641.720134061
2018-03-07 07:35:00,-587.574121261
2018-03-07 07:36:00,-574.037618061
2018-03-07 07:37:00,-574.037618061
2018-03-07 07:38:00,-587.574121261
2018-03-07 07:39:00,-601.110624461
2018-03-07 07:40:00,-587.574121261
2018-03-07 07:41:00,-587.574121261
2018-03-07 07:42:00,-560.501114861
2018-03-07 07:43:00,-574.037618061
2018-03-07 07:44:00,-574.037618061
2018-03-07 07:45:00,-574.037618061
2018-03-07 07:46:00,-587.574121261
2018-03-07 07:47:00,-574.037618061
2018-03-07 07:48:00,-574.037618061
2018-03-07 07:49:00,-574.037618061
2018-03-07 07:50:00,-574.037618061
2018-03-07 07:51:00,-574.037618061
2018-03-07 07:52:00,-574.037618061
2018-03-07 07:53:00,-574.037618061
2018-03-07 07:54:00,-560.501114861
2018-03-07 07:55:00,-560.501114861
2018-03-07 07:56:00,-560.501114861
2018-03-07 07:57:00,-574.037618061
2018-03-07 07:58:00,-574.037618061
2018-03-07 07:59:00,-574.037618061
2018-03-07 08:00:00,-574.037618061
2018-03-07 08:01:00,-574.037618061
2018-03-07 08:02:00,-560.501114861
2018-03-07 08:03:00,-574.037618061
2018-03-07 08:04:00,-574.037618061
2018-03-07 08:05:00,-560.501114861
2018-03-07 08:06:00,-574.037618061
2018-03-07 08:07:00,-574.037618061
2018-03-07 08:08:00,-574.037618061
2018-03-07 08:09:00,-574.037618061
2018-03-07 08:10:00,-574.037618061
2018-03-07 08:11:00,-574.037618061
2018-03-07 08:12:00,-574.037618061
2018-03-07 08:13:00,-574.037618061
2018-03-07 08:14:00,-574.037618061
2018-03-07 08:15:00,-587.574121261
2018-03-07 08:16:00,-601.110624461
2018-03-07 08:17:00,-601.110624461
2018-03-07 08:18:00,-601.110624461
2018-03-07 08:19:00,-601.110624461
2018-03-07 08:20:00,-601.110624461
2018-03-07 08:21:00,-641.720134061
2018-03-07 08:22:00,-641.720134061
2018-03-07 08:23:00,-641.720134061
2018-03-07 08:24:00,-668.793140461
2018-03-07 08:25:00,-655.256637261
2018-03-07 08:26:00,-601.110624461
2018-03-07 08:27:00,-601.110624461
2018-03-07 08:28:00,-614.647127661
2018-03-07 08:29:00,-614.647127661
2018-03-07 08:30:00,-614.647127661
2018-03-07 08:31:00,-655.256637261
2018-03-07 08:32:00,-668.793140461
2018-03-07 08:33:00,-668.793140461
2018-03-07 08:34:00,-709.402650061
2018-03-07 08:35:00,-709.402650061
2018-03-07 08:36:00,-695.866146861
2018-03-07 08:37:00,-682.329643661
2018-03-07 08:38:00,-695.866146861
2018-03-07 08:39:00,-695.866146861
2018-03-07 08:40:00,-736.475656461
2018-03-07 08:41:00,-736.475656461
2018-03-07 08:42:00,-722.939153261
2018-03-07 08:43:00,-709.402650061
2018-03-07 08:44:00,-709.402650061
2018-03-07 08:45:00,-722.939153261
2018-03-07 08:46:00,-722.939153261
2018-03-07 08:47:00,-722.939153261
2018-03-07 08:48:00,-722.939153261
2018-03-07 08:49:00,-722.939153261
2018-03-07 08:50:00,-736.475656461
2018-03-07 08:51:00,-736.475656461
2018-03-07 08:52:00,-736.475656461
2018-03-07 08:53:00,-736.475656461
2018-03-07 08:54:00,-722.939153261
2018-03-07 08:55:00,-709.402650061
2018-03-07 08:56:00,-695.866146861
2018-03-07 08:57:00,-695.866146861
2018-03-07 08:58:00,-695.866146861
2018-03-07 08:59:00,-682.329643661
2018-03-07 09:00:00,-682.329643661
2018-03-07 09:01:00,-709.402650061
2018-03-07 09:02:00,-695.866146861
2018-03-07 09:03:00,-668.793140461
2018-03-07 09:04:00,-668.793140461
2018-03-07 09:05:00,-668.793140461
2018-03-07 09:06:00,-668.793140461
2018-03-07 09:07:00,-668.793140461
2018-03-07 09:08:00,-655.256637261
2018-03-07 09:09:00,-668.793140461
2018-03-07 09:10:00,-682.329643661
2018-03-07 09:11:00,-668.793140461
2018-03-07 09:12:00,-668.793140461
2018-03-07 09:13:00,-668.793140461
2018-03-07 09:14:00,-668.793140461
2018-03-07 09:15:00,-682.329643661
2018-03-07 09:16:00,-668.793140461
2018-03-07 09:17:00,-668.793140461
2018-03-07 09:18:00,-682.329643661
2018-03-07 09:19:00,-682.329643661
2018-03-07 09:20:00,-682.329643661
2018-03-07 09:21:00,-722.939153261
2018-03-07 09:22:00,-695.866146861
2018-03-07 09:23:00,-722.939153261
2018-03-07 09:24:00,-709.402650061
2018-03-07 09:25:00,-695.866146861
2018-03-07 09:26:00,-695.866146861
2018-03-07 09:27:00,-695.866146861
2018-03-07 09:28:00,-695.866146861
2018-03-07 09:29:00,-668.793140461
2018-03-07 09:30:00,-668.793140461
2018-03-07 09:31:00,-668.793140461
2018-03-07 09:32:00,-668.793140461
2018-03-07 09:33:00,-668.793140461
2018-03-07 09:34:00,-668.793140461
2018-03-07 09:35:00,-695.866146861
2018-03-07 09:36:00,-695.866146861
2018-03-07 09:37:00,-695.866146861
2018-03-07 09:38:00,-695.866146861
2018-03-07 09:39:00,-695.866146861
2018-03-07 09:40:00,-682.329643661
2018-03-07 09:41:00,-695.866146861
2018-03-07 09:42:00,-682.329643661
2018-03-07 09:43:00,-682.329643661
2018-03-07 09:44:00,-695.866146861
2018-03-07 09:45:00,-695.866146861
2018-03-07 09:46:00,-695.866146861
2018-03-07 09:47:00,-695.866146861
2018-03-07 09:48:00,-682.329643661
2018-03-07 09:49:00,-682.329643661
2018-03-07 09:50:00,-695.866146861
2018-03-07 09:51:00,-695.866146861
2018-03-07 09:52:00,-709.402650061
2018-03-07 09:53:00,-695.866146861
2018-03-07 09:54:00,-695.866146861
2018-03-07 09:55:00,-682.329643661
2018-03-07 09:56:00,-695.866146861
2018-03-07 09:57:00,-695.866146861
2018-03-07 09:58:00,-695.866146861
2018-03-07 09:59:00,-709.402650061
2018-03-07 10:00:00,-709.402650061
2018-03-07 10:01:00,-682.329643661
2018-03-07 10:02:00,-695.866146861
2018-03-07 10:03:00,-682.329643661
2018-03-07 10:04:00,-695.866146861
2018-03-07 10:05:00,-695.866146861
2018-03-07 10:06:00,-682.329643661
2018-03-07 10:07:00,-682.329643661
2018-03-07 10:08:00,-695.866146861
2018-03-07 10:09:00,-695.866146861
2018-03-07 10:10:00,-695.866146861
2018-03-07 10:11:00,-682.329643661
2018-03-07 10:12:00,-695.866146861
2018-03-07 10:13:00,-695.866146861
2018-03-07 10:14:00,-695.866146861
2018-03-07 10:15:00,-695.866146861
2018-03-07 10:16:00,-695.866146861
2018-03-07 10:17:00,-695.866146861
2018-03-07 10:18:00,-695.866146861
2018-03-07 10:19:00,-695.866146861
2018-03-07 10:20:00,-695.866146861
2018-03-07 10:21:00,-695.866146861
2018-03-07 10:22:00,-695.866146861
2018-03-07 10:23:00,-695.866146861
2018-03-07 10:24:00,-695.866146861
2018-03-07 10:25:00,-682.329643661
2018-03-07 10:26:00,-722.939153261
2018-03-07 10:27:00,-750.012159661
2018-03-07 10:28:00,-750.012159661
2018-03-07 10:29:00,-750.012159661
2018-03-07 10:30:00,-804.158172461
2018-03-07 10:31:00,-804.158172461
2018-03-07 10:32:00,-777.085166061
2018-03-07 10:33:00,-777.085166061
2018-03-07 10:34:00,-777.085166061
2018-03-07 10:35:00,-777.085166061
2018-03-07 10:36:00,-777.085166061
2018-03-07 10:37:00,-777.085166061
2018-03-07 10:38:00,-790.621669261
2018-03-07 10:39:00,-790.621669261
2018-03-07 10:40:00,-804.158172461
2018-03-07 10:41:00,-804.158172461
2018-03-07 10:42:00,-804.158172461
2018-03-07 10:43:00,-804.158172461
2018-03-07 10:44:00,-804.158172461
2018-03-07 10:45:00,-790.621669261
2018-03-07 10:46:00,-790.621669261
2018-03-07 10:47:00,-804.158172461
2018-03-07 10:48:00,-790.621669261
2018-03-07 10:49:00,-790.621669261
2018-03-07 10:50:00,-790.621669261
2018-03-07 10:51:00,-790.621669261
2018-03-07 10:52:00,-763.548662861
2018-03-07 10:53:00,-709.402650061
2018-03-07 10:54:00,-709.402650061
2018-03-07 10:55:00,-695.866146861
2018-03-07 10:56:00,-682.329643661
2018-03-07 10:57:00,-695.866146861
2018-03-07 10:58:00,-682.329643661
2018-03-07 10:59:00,-695.866146861
2018-03-07 11:00:00,-695.866146861
2018-03-07 11:01:00,-709.402650061
2018-03-07 11:02:00,-682.329643661
2018-03-07 11:03:00,-682.329643661
2018-03-07 11:04:00,-682.329643661
2018-03-07 11:05:00,-682.329643661
2018-03-07 11:06:00,-682.329643661
2018-03-07 11:07:00,-682.329643661
2018-03-07 11:08:00,-682.329643661
2018-03-07 11:09:00,-682.329643661
2018-03-07 11:10:00,-628.183630861
2018-03-07 11:11:00,-614.647127661
2018-03-07 11:12:00,-655.256637261
2018-03-07 11:13:00,-628.183630861
2018-03-07 11:14:00,-614.647127661
2018-03-07 11:15:00,-614.647127661
2018-03-07 11:16:00,-614.647127661
2018-03-07 11:17:00,-628.183630861
2018-03-07 11:18:00,-628.183630861
2018-03-07 11:19:00,-628.183630861
2018-03-07 11:20:00,-614.647127661
2018-03-07 11:21:00,-601.110624461
2018-03-07 11:22:00,-601.110624461
2018-03-07 11:23:00,-614.647127661
2018-03-07 11:24:00,-601.110624461
2018-03-07 11:25:00,-641.720134061
2018-03-07 11:26:00,-628.183630861
2018-03-07 11:27:00,-628.183630861
2018-03-07 11:28:00,-628.183630861
2018-03-07 11:29:00,-641.720134061
2018-03-07 11:30:00,-628.183630861
2018-03-07 11:31:00,-641.720134061
2018-03-07 11:32:00,-641.720134061
2018-03-07 11:33:00,-641.720134061
2018-03-07 11:34:00,-641.720134061
2018-03-07 11:35:00,-668.793140461
2018-03-07 11:36:00,-668.793140461
2018-03-07 11:37:00,-668.793140461
2018-03-07 11:38:00,-668.793140461
2018-03-07 11:39:00,-641.720134061
2018-03-07 11:40:00,-641.720134061
2018-03-07 11:41:00,-655.256637261
2018-03-07 11:42:00,-655.256637261
2018-03-07 11:43:00,-641.720134061
2018-03-07 11:44:00,-641.720134061
2018-03-07 11:45:00,-641.720134061
2018-03-07 11:46:00,-641.720134061
2018-03-07 11:47:00,-641.720134061
2018-03-07 11:48:00,-655.256637261
2018-03-07 11:49:00,-668.793140461
2018-03-07 11:50:00,-682.329643661
2018-03-07 11:51:00,-682.329643661
2018-03-07 11:52:00,-682.329643661
2018-03-07 11:53:00,-682.329643661
2018-03-07 11:54:00,-682.329643661
2018-03-07 11:55:00,-682.329643661
2018-03-07 11:56:00,-682.329643661
2018-03-07 11:57:00,-682.329643661
2018-03-07 11:58:00,-682.329643661
2018-03-07 11:59:00,-682.329643661
2018-03-08 01:29:00,-628.182547941
2018-03-08 01:30:00,-628.182547941
2018-03-08 01:31:00,-628.182547941
2018-03-08 01:32:00,-628.182547941
2018-03-08 01:33:00,-628.182547941
2018-03-08 01:34:00,-682.328560741
2018-03-08 01:35:00,-682.328560741
2018-03-08 01:36:00,-682.328560741
2018-03-08 01:37:00,-682.328560741
2018-03-08 01:38:00,-682.328560741
2018-03-08 01:39:00,-682.328560741
2018-03-08 01:40:00,-682.328560741
2018-03-08 01:41:00,-682.328560741
2018-03-08 01:42:00,-709.401567141
2018-03-08 01:43:00,-695.865063941
2018-03-08 01:44:00,-695.865063941
2018-03-08 01:45:00,-695.865063941
2018-03-08 01:46:00,-695.865063941
2018-03-08 01:47:00,-695.865063941
2018-03-08 01:48:00,-695.865063941
2018-03-08 01:49:00,-682.328560741
2018-03-08 01:50:00,-682.328560741
2018-03-08 01:51:00,-682.328560741
2018-03-08 01:52:00,-682.328560741
2018-03-08 01:53:00,-682.328560741
2018-03-08 01:54:00,-682.328560741
2018-03-08 01:55:00,-682.328560741
2018-03-08 01:56:00,-682.328560741
2018-03-08 01:57:00,-682.328560741
2018-03-08 01:58:00,-682.328560741
2018-03-08 01:59:00,-682.328560741
2018-03-08 02:00:00,-655.255554341
2018-03-08 02:01:00,-641.719051141
2018-03-08 02:02:00,-641.719051141
2018-03-08 02:03:00,-628.182547941
2018-03-08 02:04:00,-614.646044741
2018-03-08 02:05:00,-655.255554341
2018-03-08 02:06:00,-668.792057541
2018-03-08 02:07:00,-668.792057541
2018-03-08 02:08:00,-668.792057541
2018-03-08 02:09:00,-668.792057541
2018-03-08 02:10:00,-668.792057541
2018-03-08 02:11:00,-682.328560741
2018-03-08 02:12:00,-682.328560741
2018-03-08 02:13:00,-668.792057541
2018-03-08 02:14:00,-695.865063941
2018-03-08 02:15:00,-695.865063941
2018-03-08 02:16:00,-695.865063941
2018-03-08 02:17:00,-695.865063941
2018-03-08 02:18:00,-722.938070341
2018-03-08 02:19:00,-722.938070341
2018-03-08 02:20:00,-722.938070341
2018-03-08 02:21:00,-722.938070341
2018-03-08 02:22:00,-722.938070341
2018-03-08 02:23:00,-722.938070341
2018-03-08 02:24:00,-722.938070341
2018-03-08 02:25:00,-722.938070341
2018-03-08 02:26:00,-722.938070341
2018-03-08 02:27:00,-722.938070341
2018-03-08 02:28:00,-722.938070341
2018-03-08 02:29:00,-722.938070341
2018-03-08 02:30:00,-722.938070341
2018-03-08 02:31:00,-722.938070341
2018-03-08 02:32:00,-722.938070341
2018-03-08 02:33:00,-722.938070341
2018-03-08 02:34:00,-722.938070341
2018-03-08 02:35:00,-750.011076741
2018-03-08 02:36:00,-750.011076741
2018-03-08 02:37:00,-750.011076741
2018-03-08 02:38:00,-750.011076741
2018-03-08 02:39:00,-750.011076741
2018-03-08 02:40:00,-750.011076741
2018-03-08 02:41:00,-763.547579941
2018-03-08 02:42:00,-763.547579941
2018-03-08 02:43:00,-777.084083141
2018-03-08 02:44:00,-777.084083141
2018-03-08 02:45:00,-777.084083141
2018-03-08 02:46:00,-777.084083141
2018-03-08 02:47:00,-777.084083141
2018-03-08 02:48:00,-777.084083141
2018-03-08 02:49:00,-777.084083141
2018-03-08 02:50:00,-777.084083141
2018-03-08 02:51:00,-777.084083141
2018-03-08 02:52:00,-777.084083141
2018-03-08 02:53:00,-777.084083141
2018-03-08 02:54:00,-777.084083141
2018-03-08 02:55:00,-777.084083141
2018-03-08 02:56:00,-777.084083141
2018-03-08 02:57:00,-750.011076741
2018-03-08 02:58:00,-750.011076741
2018-03-08 02:59:00,-750.011076741
2018-03-08 03:00:00,-750.011076741
2018-03-08 03:01:00,-750.011076741
2018-03-08 03:02:00,-722.938070341
2018-03-08 03:03:00,-709.401567141
2018-03-08 03:04:00,-722.938070341
2018-03-08 03:05:00,-722.938070341
2018-03-08 03:06:00,-722.938070341
2018-03-08 03:07:00,-736.474573541
2018-03-08 03:08:00,-736.474573541
2018-03-08 03:09:00,-736.474573541
2018-03-08 03:10:00,-736.474573541
2018-03-08 03:11:00,-736.474573541
2018-03-08 03:12:00,-736.474573541
2018-03-08 03:13:00,-736.474573541
2018-03-08 03:14:00,-736.474573541
2018-03-08 03:15:00,-736.474573541
2018-03-08 03:16:00,-750.011076741
2018-03-08 03:17:00,-750.011076741
2018-03-08 03:18:00,-750.011076741
2018-03-08 03:19:00,-750.011076741
2018-03-08 03:20:00,-750.011076741
2018-03-08 03:21:00,-750.011076741
2018-03-08 03:22:00,-750.011076741
2018-03-08 03:23:00,-750.011076741
2018-03-08 03:24:00,-750.011076741
2018-03-08 03:25:00,-790.620586341
2018-03-08 03:26:00,-790.620586341
2018-03-08 03:27:00,-804.157089541
2018-03-08 03:28:00,-804.157089541
2018-03-08 03:29:00,-804.157089541
2018-03-08 03:30:00,-804.157089541
2018-03-08 03:31:00,-804.157089541
2018-03-08 03:32:00,-804.157089541
2018-03-08 03:33:00,-804.157089541
2018-03-08 03:34:00,-804.157089541
2018-03-08 03:35:00,-804.157089541
2018-03-08 03:36:00,-804.157089541
2018-03-08 03:37:00,-790.620586341
2018-03-08 03:38:00,-790.620586341
2018-03-08 03:39:00,-804.157089541
2018-03-08 03:40:00,-790.620586341
2018-03-08 03:41:00,-804.157089541
2018-03-08 03:42:00,-804.157089541
2018-03-08 03:43:00,-804.157089541
2018-03-08 03:44:00,-804.157089541
2018-03-08 03:45:00,-804.157089541
2018-03-08 03:46:00,-804.157089541
2018-03-08 03:47:00,-804.157089541
2018-03-08 03:48:00,-804.157089541
2018-03-08 03:49:00,-817.693592741
2018-03-08 03:50:00,-817.693592741
2018-03-08 03:51:00,-858.303102341
2018-03-08 03:52:00,-858.303102341
2018-03-08 03:53:00,-858.303102341
2018-03-08 03:54:00,-858.303102341
2018-03-08 03:55:00,-858.303102341
2018-03-08 03:56:00,-858.303102341
2018-03-08 03:57:00,-858.303102341
2018-03-08 03:58:00,-844.766599141
2018-03-08 03:59:00,-831.230095941
2018-03-08 04:00:00,-817.693592741
2018-03-08 04:01:00,-844.766599141
2018-03-08 04:02:00,-844.766599141
2018-03-08 04:03:00,-844.766599141
2018-03-08 04:04:00,-844.766599141
2018-03-08 04:05:00,-831.230095941
2018-03-08 04:06:00,-831.230095941
2018-03-08 04:07:00,-831.230095941
2018-03-08 04:08:00,-831.230095941
2018-03-08 04:09:00,-831.230095941
2018-03-08 04:10:00,-831.230095941
2018-03-08 04:11:00,-831.230095941
2018-03-08 04:12:00,-831.230095941
2018-03-08 04:13:00,-831.230095941
2018-03-08 04:14:00,-831.230095941
2018-03-08 04:15:00,-831.230095941
2018-03-08 04:16:00,-831.230095941
2018-03-08 04:17:00,-831.230095941
2018-03-08 04:18:00,-831.230095941
2018-03-08 04:19:00,-831.230095941
2018-03-08 04:20:00,-831.230095941
2018-03-08 04:21:00,-831.230095941
2018-03-08 04:22:00,-831.230095941
2018-03-08 04:23:00,-831.230095941
2018-03-08 04:24:00,-831.230095941
2018-03-08 04:25:00,-831.230095941
2018-03-08 04:26:00,-831.230095941
2018-03-08 04:27:00,-831.230095941
2018-03-08 04:28:00,-831.230095941
2018-03-08 04:29:00,-831.230095941
2018-03-08 04:30:00,-831.230095941
2018-03-08 04:31:00,-831.230095941
2018-03-08 04:32:00,-831.230095941
2018-03-08 04:33:00,-831.230095941
2018-03-08 04:34:00,-831.230095941
2018-03-08 04:35:00,-831.230095941
2018-03-08 04:36:00,-831.230095941
2018-03-08 04:37:00,-817.693592741
2018-03-08 04:38:00,-817.693592741
2018-03-08 04:39:00,-831.230095941
2018-03-08 04:40:00,-844.766599141
2018-03-08 04:41:00,-844.766599141
2018-03-08 04:42:00,-817.693592741
2018-03-08 04:43:00,-831.230095941
2018-03-08 04:44:00,-817.693592741
2018-03-08 04:45:00,-777.084083141
2018-03-08 04:46:00,-777.084083141
2018-03-08 04:47:00,-777.084083141
2018-03-08 04:48:00,-777.084083141
2018-03-08 04:49:00,-777.084083141
2018-03-08 04:50:00,-777.084083141
2018-03-08 04:51:00,-790.620586341
2018-03-08 04:52:00,-804.157089541
2018-03-08 04:53:00,-790.620586341
2018-03-08 04:54:00,-804.157089541
2018-03-08 04:55:00,-804.157089541
2018-03-08 04:56:00,-804.157089541
2018-03-08 04:57:00,-804.157089541
2018-03-08 04:58:00,-804.157089541
2018-03-08 04:59:00,-804.157089541
2018-03-08 05:00:00,-804.157089541
2018-03-08 05:01:00,-804.157089541
2018-03-08 05:02:00,-804.157089541
2018-03-08 05:03:00,-804.157089541
2018-03-08 05:04:00,-790.620586341
2018-03-08 05:05:00,-777.084083141
2018-03-08 05:06:00,-790.620586341
2018-03-08 05:07:00,-804.157089541
2018-03-08 05:08:00,-804.157089541
2018-03-08 05:09:00,-790.620586341
2018-03-08 05:10:00,-790.620586341
2018-03-08 05:11:00,-790.620586341
2018-03-08 05:12:00,-804.157089541
2018-03-08 05:13:00,-804.157089541
2018-03-08 05:14:00,-804.157089541
2018-03-08 05:15:00,-790.620586341
2018-03-08 05:16:00,-804.157089541
2018-03-08 05:17:00,-804.157089541
2018-03-08 05:18:00,-804.157089541
2018-03-08 05:19:00,-804.157089541
2018-03-08 05:20:00,-790.620586341
2018-03-08 05:21:00,-790.620586341
2018-03-08 05:22:00,-790.620586341
2018-03-08 05:23:00,-790.620586341
2018-03-08 05:24:00,-777.084083141
2018-03-08 05:25:00,-790.620586341
2018-03-08 05:26:00,-790.620586341
2018-03-08 05:27:00,-790.620586341
2018-03-08 05:28:00,-804.157089541
2018-03-08 05:29:00,-804.157089541
2018-03-08 05:30:00,-817.693592741
2018-03-08 05:31:00,-804.157089541
2018-03-08 05:32:00,-804.157089541
2018-03-08 05:33:00,-804.157089541
2018-03-08 05:34:00,-804.157089541
2018-03-08 05:35:00,-804.157089541
2018-03-08 05:36:00,-804.157089541
2018-03-08 05:37:00,-804.157089541
2018-03-08 05:38:00,-804.157089541
2018-03-08 05:39:00,-804.157089541
2018-03-08 05:40:00,-804.157089541
2018-03-08 05:41:00,-804.157089541
2018-03-08 05:42:00,-804.157089541
2018-03-08 05:43:00,-804.157089541
2018-03-08 05:44:00,-804.157089541
2018-03-08 05:45:00,-804.157089541
2018-03-08 05:46:00,-804.157089541
2018-03-08 05:47:00,-817.693592741
2018-03-08 05:48:00,-817.693592741
2018-03-08 05:49:00,-804.157089541
2018-03-08 05:50:00,-817.693592741
2018-03-08 05:51:00,-804.157089541
2018-03-08 05:52:00,-804.157089541
2018-03-08 05:53:00,-804.157089541
2018-03-08 05:54:00,-817.693592741
2018-03-08 05:55:00,-804.157089541
2018-03-08 05:56:00,-804.157089541
2018-03-08 05:57:00,-790.620586341
2018-03-08 05:58:00,-804.157089541
2018-03-08 05:59:00,-777.084083141
2018-03-08 06:00:00,-790.620586341
2018-03-08 06:01:00,-790.620586341
2018-03-08 06:02:00,-790.620586341
2018-03-08 06:03:00,-804.157089541
2018-03-08 06:04:00,-817.693592741
2018-03-08 06:05:00,-831.230095941
2018-03-08 06:06:00,-831.230095941
2018-03-08 06:07:00,-831.230095941
2018-03-08 06:08:00,-831.230095941
2018-03-08 06:09:00,-831.230095941
2018-03-08 06:10:00,-831.230095941
2018-03-08 06:11:00,-831.230095941
2018-03-08 06:12:00,-804.157089541
2018-03-08 06:13:00,-831.230095941
2018-03-08 06:14:00,-844.766599141
2018-03-08 06:15:00,-844.766599141
2018-03-08 06:16:00,-844.766599141
2018-03-08 06:17:00,-844.766599141
2018-03-08 06:18:00,-844.766599141
2018-03-08 06:19:00,-844.766599141
2018-03-08 06:20:00,-844.766599141
2018-03-08 06:21:00,-831.230095941
2018-03-08 06:22:00,-831.230095941
2018-03-08 06:23:00,-831.230095941
2018-03-08 06:24:00,-831.230095941
2018-03-08 06:25:00,-831.230095941
2018-03-08 06:26:00,-817.693592741
2018-03-08 06:27:00,-817.693592741
2018-03-08 06:28:00,-817.693592741
2018-03-08 06:29:00,-831.230095941
2018-03-08 06:30:00,-831.230095941
2018-03-08 06:31:00,-831.230095941
2018-03-08 06:32:00,-831.230095941
2018-03-08 06:33:00,-831.230095941
2018-03-08 06:34:00,-831.230095941
2018-03-08 06:35:00,-831.230095941
2018-03-08 06:36:00,-831.230095941
2018-03-08 06:37:00,-831.230095941
2018-03-08 06:38:00,-831.230095941
2018-03-08 06:39:00,-831.230095941
2018-03-08 06:40:00,-831.230095941
2018-03-08 06:41:00,-831.230095941
2018-03-08 06:42:00,-817.693592741
2018-03-08 06:43:00,-858.303102341
2018-03-08 06:44:00,-844.766599141
2018-03-08 06:45:00,-871.839605541
2018-03-08 06:46:00,-953.058624741
2018-03-08 06:47:00,-953.058624741
2018-03-08 06:48:00,-953.058624741
2018-03-08 06:49:00,-953.058624741
2018-03-08 06:50:00,-939.522121541
2018-03-08 06:51:00,-925.985618341
2018-03-08 06:52:00,-912.449115141
2018-03-08 06:53:00,-912.449115141
2018-03-08 06:54:00,-912.449115141
2018-03-08 06:55:00,-898.912611941
2018-03-08 06:56:00,-898.912611941
2018-03-08 06:57:00,-898.912611941
2018-03-08 06:58:00,-844.766599141
2018-03-08 06:59:00,-844.766599141
2018-03-08 07:00:00,-844.766599141
2018-03-08 07:01:00,-858.303102341
2018-03-08 07:02:00,-871.839605541
2018-03-08 07:03:00,-871.839605541
2018-03-08 07:04:00,-898.912611941
2018-03-08 07:05:00,-925.985618341
2018-03-08 07:06:00,-871.839605541
2018-03-08 07:07:00,-871.839605541
2018-03-08 07:08:00,-844.766599141
2018-03-08 07:09:00,-844.766599141
2018-03-08 07:10:00,-844.766599141
2018-03-08 07:11:00,-844.766599141
2018-03-08 07:12:00,-885.376108741
2018-03-08 07:13:00,-898.912611941
2018-03-08 07:14:00,-898.912611941
2018-03-08 07:15:00,-898.912611941
2018-03-08 07:16:00,-898.912611941
2018-03-08 07:17:00,-898.912611941
2018-03-08 07:18:00,-898.912611941
2018-03-08 07:19:00,-844.766599141
2018-03-08 07:20:00,-844.766599141
2018-03-08 07:21:00,-844.766599141
2018-03-08 07:22:00,-844.766599141
2018-03-08 07:23:00,-831.230095941
2018-03-08 07:24:00,-831.230095941
2018-03-08 07:25:00,-858.303102341
2018-03-08 07:26:00,-885.376108741
2018-03-08 07:27:00,-885.376108741
2018-03-08 07:28:00,-871.839605541
2018-03-08 07:29:00,-885.376108741
2018-03-08 07:30:00,-885.376108741
2018-03-08 07:31:00,-871.839605541
2018-03-08 07:32:00,-871.839605541
2018-03-08 07:33:00,-858.303102341
2018-03-08 07:34:00,-871.839605541
2018-03-08 07:35:00,-871.839605541
2018-03-08 07:36:00,-871.839605541
2018-03-08 07:37:00,-858.303102341
2018-03-08 07:38:00,-858.303102341
2018-03-08 07:39:00,-844.766599141
2018-03-08 07:40:00,-844.766599141
2018-03-08 07:41:00,-844.766599141
2018-03-08 07:42:00,-871.839605541
2018-03-08 07:43:00,-844.766599141
2018-03-08 07:44:00,-844.766599141
2018-03-08 07:45:00,-844.766599141
2018-03-08 07:46:00,-817.693592741
2018-03-08 07:47:00,-817.693592741
2018-03-08 07:48:00,-763.547579941
2018-03-08 07:49:00,-750.011076741
2018-03-08 07:50:00,-750.011076741
2018-03-08 07:51:00,-763.547579941
2018-03-08 07:52:00,-763.547579941
2018-03-08 07:53:00,-777.084083141
2018-03-08 07:54:00,-777.084083141
2018-03-08 07:55:00,-831.230095941
2018-03-08 07:56:00,-790.620586341
2018-03-08 07:57:00,-831.230095941
2018-03-08 07:58:00,-777.084083141
2018-03-08 07:59:00,-790.620586341
2018-03-08 08:00:00,-790.620586341
2018-03-08 08:01:00,-777.084083141
2018-03-08 08:02:00,-777.084083141
2018-03-08 08:03:00,-777.084083141
2018-03-08 08:04:00,-777.084083141
2018-03-08 08:05:00,-763.547579941
2018-03-08 08:06:00,-736.474573541
2018-03-08 08:07:00,-736.474573541
2018-03-08 08:08:00,-736.474573541
2018-03-08 08:09:00,-736.474573541
2018-03-08 08:10:00,-736.474573541
2018-03-08 08:11:00,-736.474573541
2018-03-08 08:12:00,-736.474573541
2018-03-08 08:13:00,-736.474573541
2018-03-08 08:14:00,-736.474573541
2018-03-08 08:15:00,-750.011076741
2018-03-08 08:16:00,-777.084083141
2018-03-08 08:17:00,-790.620586341
2018-03-08 08:18:00,-804.157089541
2018-03-08 08:19:00,-804.157089541
2018-03-08 08:20:00,-790.620586341
2018-03-08 08:21:00,-763.547579941
2018-03-08 08:22:00,-763.547579941
2018-03-08 08:23:00,-763.547579941
2018-03-08 08:24:00,-763.547579941
2018-03-08 08:25:00,-763.547579941
2018-03-08 08:26:00,-736.474573541
2018-03-08 08:27:00,-736.474573541
2018-03-08 08:28:00,-736.474573541
2018-03-08 08:29:00,-722.938070341
2018-03-08 08:30:00,-722.938070341
2018-03-08 08:31:00,-722.938070341
2018-03-08 08:32:00,-763.547579941
2018-03-08 08:33:00,-790.620586341
2018-03-08 08:34:00,-790.620586341
2018-03-08 08:35:00,-790.620586341
2018-03-08 08:36:00,-777.084083141
2018-03-08 08:37:00,-722.938070341
2018-03-08 08:38:00,-722.938070341
2018-03-08 08:39:00,-722.938070341
2018-03-08 08:40:00,-695.865063941
2018-03-08 08:41:00,-695.865063941
2018-03-08 08:42:00,-695.865063941
2018-03-08 08:43:00,-695.865063941
2018-03-08 08:44:00,-682.328560741
2018-03-08 08:45:00,-682.328560741
2018-03-08 08:46:00,-682.328560741
2018-03-08 08:47:00,-695.865063941
2018-03-08 08:48:00,-682.328560741
2018-03-08 08:49:00,-695.865063941
2018-03-08 08:50:00,-750.011076741
2018-03-08 08:51:00,-750.011076741
2018-03-08 08:52:00,-750.011076741
2018-03-08 08:53:00,-736.474573541
2018-03-08 08:54:00,-682.328560741
2018-03-08 08:55:00,-682.328560741
2018-03-08 08:56:00,-682.328560741
2018-03-08 08:57:00,-682.328560741
2018-03-08 08:58:00,-655.255554341
2018-03-08 08:59:00,-668.792057541
2018-03-08 09:00:00,-668.792057541
2018-03-08 09:01:00,-655.255554341
2018-03-08 09:02:00,-655.255554341
2018-03-08 09:03:00,-655.255554341
2018-03-08 09:04:00,-655.255554341
2018-03-08 09:05:00,-655.255554341
2018-03-08 09:06:00,-614.646044741
2018-03-08 09:07:00,-614.646044741
2018-03-08 09:08:00,-655.255554341
2018-03-08 09:09:00,-668.792057541
2018-03-08 09:10:00,-668.792057541
2018-03-08 09:11:00,-668.792057541
2018-03-08 09:12:00,-668.792057541
2018-03-08 09:13:00,-668.792057541
2018-03-08 09:14:00,-668.792057541
2018-03-08 09:15:00,-668.792057541
2018-03-08 09:16:00,-695.865063941
2018-03-08 09:17:00,-709.401567141
2018-03-08 09:18:00,-695.865063941
2018-03-08 09:19:00,-695.865063941
2018-03-08 09:20:00,-695.865063941
2018-03-08 09:21:00,-682.328560741
2018-03-08 09:22:00,-668.792057541
2018-03-08 09:23:00,-668.792057541
2018-03-08 09:24:00,-655.255554341
2018-03-08 09:25:00,-655.255554341
2018-03-08 09:26:00,-655.255554341
2018-03-08 09:27:00,-614.646044741
2018-03-08 09:28:00,-601.109541541
2018-03-08 09:29:00,-601.109541541
2018-03-08 09:30:00,-614.646044741
2018-03-08 09:31:00,-601.109541541
2018-03-08 09:32:00,-601.109541541
2018-03-08 09:33:00,-601.109541541
2018-03-08 09:34:00,-614.646044741
2018-03-08 09:35:00,-587.573038341
2018-03-08 09:36:00,-587.573038341
2018-03-08 09:37:00,-587.573038341
2018-03-08 09:38:00,-587.573038341
2018-03-08 09:39:00,-560.500031941
2018-03-08 09:40:00,-546.963528741
2018-03-08 09:41:00,-587.573038341
2018-03-08 09:42:00,-587.573038341
2018-03-08 09:43:00,-587.573038341
2018-03-08 09:44:00,-587.573038341
2018-03-08 09:45:00,-560.500031941
2018-03-08 09:46:00,-560.500031941
2018-03-08 09:47:00,-574.036535141
2018-03-08 09:48:00,-587.573038341
2018-03-08 09:49:00,-574.036535141
2018-03-08 09:50:00,-587.573038341
2018-03-08 09:51:00,-587.573038341
2018-03-08 09:52:00,-601.109541541
2018-03-08 09:53:00,-601.109541541
2018-03-08 09:54:00,-601.109541541
2018-03-08 09:55:00,-614.646044741
2018-03-08 09:56:00,-614.646044741
2018-03-08 09:57:00,-614.646044741
2018-03-08 09:58:00,-614.646044741
2018-03-08 09:59:00,-628.182547941
2018-03-08 10:00:00,-641.719051141
2018-03-08 10:01:00,-641.719051141
2018-03-08 10:02:00,-641.719051141
2018-03-08 10:03:00,-641.719051141
2018-03-08 10:04:00,-641.719051141
2018-03-08 10:05:00,-614.646044741
2018-03-08 10:06:00,-614.646044741
2018-03-08 10:07:00,-614.646044741
2018-03-08 10:08:00,-614.646044741
2018-03-08 10:09:00,-614.646044741
2018-03-08 10:10:00,-614.646044741
2018-03-08 10:11:00,-614.646044741
2018-03-08 10:12:00,-614.646044741
2018-03-08 10:13:00,-614.646044741
2018-03-08 10:14:00,-614.646044741
2018-03-08 10:15:00,-641.719051141
2018-03-08 10:16:00,-628.182547941
2018-03-08 10:17:00,-628.182547941
2018-03-08 10:18:00,-628.182547941
2018-03-08 10:19:00,-628.182547941
2018-03-08 10:20:00,-628.182547941
2018-03-08 10:21:00,-628.182547941
2018-03-08 10:22:00,-628.182547941
2018-03-08 10:23:00,-614.646044741
2018-03-08 10:24:00,-614.646044741
2018-03-08 10:25:00,-614.646044741
2018-03-08 10:26:00,-614.646044741
2018-03-08 10:27:00,-614.646044741
2018-03-08 10:28:00,-614.646044741
2018-03-08 10:29:00,-614.646044741
2018-03-08 10:30:00,-614.646044741
2018-03-08 10:31:00,-601.109541541
2018-03-08 10:32:00,-614.646044741
2018-03-08 10:33:00,-614.646044741
2018-03-08 10:34:00,-614.646044741
2018-03-08 10:35:00,-614.646044741
2018-03-08 10:36:00,-614.646044741
2018-03-08 10:37:00,-614.646044741
2018-03-08 10:38:00,-614.646044741
2018-03-08 10:39:00,-614.646044741
2018-03-08 10:40:00,-614.646044741
2018-03-08 10:41:00,-614.646044741
2018-03-08 10:42:00,-614.646044741
2018-03-08 10:43:00,-614.646044741
2018-03-08 10:44:00,-641.719051141
2018-03-08 10:45:00,-641.719051141
2018-03-08 10:46:00,-641.719051141
2018-03-08 10:47:00,-641.719051141
2018-03-08 10:48:00,-641.719051141
2018-03-08 10:49:00,-641.719051141
2018-03-08 10:50:00,-614.646044741
2018-03-08 10:51:00,-614.646044741
2018-03-08 10:52:00,-614.646044741
2018-03-08 10:53:00,-628.182547941
2018-03-08 10:54:00,-628.182547941
2018-03-08 10:55:00,-641.719051141
2018-03-08 10:56:00,-641.719051141
2018-03-08 10:57:00,-641.719051141
2018-03-08 10:58:00,-641.719051141
2018-03-08 10:59:00,-655.255554341
2018-03-08 11:00:00,-641.719051141
2018-03-08 11:01:00,-628.182547941
2018-03-08 11:02:00,-628.182547941
2018-03-08 11:03:00,-628.182547941
2018-03-08 11:04:00,-628.182547941
2018-03-08 11:05:00,-628.182547941
2018-03-08 11:06:00,-628.182547941
2018-03-08 11:07:00,-628.182547941
2018-03-08 11:08:00,-628.182547941
2018-03-08 11:09:00,-628.182547941
2018-03-08 11:10:00,-628.182547941
2018-03-08 11:11:00,-628.182547941
2018-03-08 11:12:00,-628.182547941
2018-03-08 11:13:00,-628.182547941
2018-03-08 11:14:00,-628.182547941
2018-03-08 11:15:00,-628.182547941
2018-03-08 11:16:00,-601.109541541
2018-03-08 11:17:00,-628.182547941
2018-03-08 11:18:00,-601.109541541
2018-03-08 11:19:00,-601.109541541
2018-03-08 11:20:00,-601.109541541
2018-03-08 11:21:00,-601.109541541
2018-03-08 11:22:00,-601.109541541
2018-03-08 11:23:00,-601.109541541
2018-03-08 11:24:00,-601.109541541
2018-03-08 11:25:00,-601.109541541
2018-03-08 11:26:00,-601.109541541
2018-03-08 11:27:00,-601.109541541
2018-03-08 11:28:00,-601.109541541
2018-03-08 11:29:00,-601.109541541
2018-03-08 11:30:00,-601.109541541
2018-03-08 11:31:00,-601.109541541
2018-03-08 11:32:00,-601.109541541
2018-03-08 11:33:00,-601.109541541
2018-03-08 11:34:00,-601.109541541
2018-03-08 11:35:00,-587.573038341
2018-03-08 11:36:00,-601.109541541
2018-03-08 11:37:00,-601.109541541
2018-03-08 11:38:00,-601.109541541
2018-03-08 11:39:00,-601.109541541
2018-03-08 11:40:00,-601.109541541
2018-03-08 11:41:00,-601.109541541
2018-03-08 11:42:00,-601.109541541
2018-03-08 11:43:00,-601.109541541
2018-03-08 11:44:00,-601.109541541
2018-03-08 11:45:00,-628.182547941
2018-03-08 11:46:00,-628.182547941
2018-03-08 11:47:00,-628.182547941
2018-03-08 11:48:00,-614.646044741
2018-03-08 11:49:00,-614.646044741
2018-03-08 11:50:00,-614.646044741
2018-03-08 11:51:00,-614.646044741
2018-03-08 11:52:00,-601.109541541
2018-03-08 11:53:00,-587.573038341
2018-03-08 11:54:00,-587.573038341
2018-03-08 11:55:00,-587.573038341
2018-03-08 11:56:00,-587.573038341
2018-03-08 11:57:00,-587.573038341
2018-03-08 11:58:00,-587.573038341
2018-03-08 11:59:00,-601.109541541
2018-03-09 01:29:00,-546.963528741
2018-03-09 01:30:00,-546.963528741
2018-03-09 01:31:00,-546.963528741
2018-03-09 01:32:00,-546.963528741
2018-03-09 01:33:00,-546.963528741
2018-03-09 01:34:00,-655.255554341
2018-03-09 01:35:00,-682.328560741
2018-03-09 01:36:00,-682.328560741
2018-03-09 01:37:00,-682.328560741
2018-03-09 01:38:00,-655.255554341
2018-03-09 01:39:00,-655.255554341
2018-03-09 01:40:00,-682.328560741
2018-03-09 01:41:00,-682.328560741
2018-03-09 01:42:00,-682.328560741
2018-03-09 01:43:00,-682.328560741
2018-03-09 01:44:00,-682.328560741
2018-03-09 01:45:00,-682.328560741
2018-03-09 01:46:00,-682.328560741
2018-03-09 01:47:00,-682.328560741
2018-03-09 01:48:00,-682.328560741
2018-03-09 01:49:00,-709.401567141
2018-03-09 01:50:00,-709.401567141
2018-03-09 01:51:00,-750.011076741
2018-03-09 01:52:00,-736.474573541
2018-03-09 01:53:00,-736.474573541
2018-03-09 01:54:00,-736.474573541
2018-03-09 01:55:00,-736.474573541
2018-03-09 01:56:00,-736.474573541
2018-03-09 01:57:00,-736.474573541
2018-03-09 01:58:00,-736.474573541
2018-03-09 01:59:00,-736.474573541
2018-03-09 02:00:00,-750.011076741
2018-03-09 02:01:00,-750.011076741
2018-03-09 02:02:00,-763.547579941
2018-03-09 02:03:00,-750.011076741
2018-03-09 02:04:00,-750.011076741
2018-03-09 02:05:00,-750.011076741
2018-03-09 02:06:00,-750.011076741
2018-03-09 02:07:00,-750.011076741
2018-03-09 02:08:00,-750.011076741
2018-03-09 02:09:00,-736.474573541
2018-03-09 02:10:00,-736.474573541
2018-03-09 02:11:00,-722.938070341
2018-03-09 02:12:00,-722.938070341
2018-03-09 02:13:00,-736.474573541
2018-03-09 02:14:00,-722.938070341
2018-03-09 02:15:00,-722.938070341
2018-03-09 02:16:00,-722.938070341
2018-03-09 02:17:00,-695.865063941
2018-03-09 02:18:00,-722.938070341
2018-03-09 02:19:00,-722.938070341
2018-03-09 02:20:00,-722.938070341
2018-03-09 02:21:00,-722.938070341
2018-03-09 02:22:00,-722.938070341
2018-03-09 02:23:00,-722.938070341
2018-03-09 02:24:00,-722.938070341
2018-03-09 02:25:00,-695.865063941
2018-03-09 02:26:00,-695.865063941
2018-03-09 02:27:00,-695.865063941
2018-03-09 02:28:00,-695.865063941
2018-03-09 02:29:00,-695.865063941
2018-03-09 02:30:00,-695.865063941
2018-03-09 02:31:00,-695.865063941
2018-03-09 02:32:00,-695.865063941
2018-03-09 02:33:00,-695.865063941
2018-03-09 02:34:00,-695.865063941
2018-03-09 02:35:00,-695.865063941
2018-03-09 02:36:00,-695.865063941
2018-03-09 02:37:00,-695.865063941
2018-03-09 02:38:00,-722.938070341
2018-03-09 02:39:00,-722.938070341
2018-03-09 02:40:00,-722.938070341
2018-03-09 02:41:00,-722.938070341
2018-03-09 02:42:00,-722.938070341
2018-03-09 02:43:00,-722.938070341
2018-03-09 02:44:00,-722.938070341
2018-03-09 02:45:00,-722.938070341
2018-03-09 02:46:00,-722.938070341
2018-03-09 02:47:00,-722.938070341
2018-03-09 02:48:00,-722.938070341
2018-03-09 02:49:00,-722.938070341
2018-03-09 02:50:00,-736.474573541
2018-03-09 02:51:00,-736.474573541
2018-03-09 02:52:00,-736.474573541
2018-03-09 02:53:00,-736.474573541
2018-03-09 02:54:00,-750.011076741
2018-03-09 02:55:00,-750.011076741
2018-03-09 02:56:00,-750.011076741
2018-03-09 02:57:00,-750.011076741
2018-03-09 02:58:00,-750.011076741
2018-03-09 02:59:00,-750.011076741
2018-03-09 03:00:00,-750.011076741
2018-03-09 03:01:00,-750.011076741
2018-03-09 03:02:00,-750.011076741
2018-03-09 03:03:00,-763.547579941
2018-03-09 03:04:00,-736.474573541
2018-03-09 03:05:00,-736.474573541
2018-03-09 03:06:00,-736.474573541
2018-03-09 03:07:00,-736.474573541
2018-03-09 03:08:00,-750.011076741
2018-03-09 03:09:00,-750.011076741
2018-03-09 03:10:00,-750.011076741
2018-03-09 03:11:00,-763.547579941
2018-03-09 03:12:00,-763.547579941
2018-03-09 03:13:00,-763.547579941
2018-03-09 03:14:00,-763.547579941
2018-03-09 03:15:00,-777.084083141
2018-03-09 03:16:00,-736.474573541
2018-03-09 03:17:00,-736.474573541
2018-03-09 03:18:00,-736.474573541
2018-03-09 03:19:00,-736.474573541
2018-03-09 03:20:00,-736.474573541
2018-03-09 03:21:00,-736.474573541
2018-03-09 03:22:00,-736.474573541
2018-03-09 03:23:00,-709.401567141
2018-03-09 03:24:00,-736.474573541
2018-03-09 03:25:00,-736.474573541
2018-03-09 03:26:00,-722.938070341
2018-03-09 03:27:00,-722.938070341
2018-03-09 03:28:00,-736.474573541
2018-03-09 03:29:00,-736.474573541
2018-03-09 03:30:00,-709.401567141
2018-03-09 03:31:00,-722.938070341
2018-03-09 03:32:00,-722.938070341
2018-03-09 03:33:00,-722.938070341
2018-03-09 03:34:00,-722.938070341
2018-03-09 03:35:00,-722.938070341
2018-03-09 03:36:00,-709.401567141
2018-03-09 03:37:00,-709.401567141
2018-03-09 03:38:00,-695.865063941
2018-03-09 03:39:00,-668.792057541
2018-03-09 03:40:00,-695.865063941
2018-03-09 03:41:00,-722.938070341
2018-03-09 03:42:00,-736.474573541
2018-03-09 03:43:00,-736.474573541
2018-03-09 03:44:00,-736.474573541
2018-03-09 03:45:00,-722.938070341
2018-03-09 03:46:00,-736.474573541
2018-03-09 03:47:00,-736.474573541
2018-03-09 03:48:00,-722.938070341
2018-03-09 03:49:00,-722.938070341
2018-03-09 03:50:00,-736.474573541
2018-03-09 03:51:00,-736.474573541
2018-03-09 03:52:00,-722.938070341
2018-03-09 03:53:00,-722.938070341
2018-03-09 03:54:00,-736.474573541
2018-03-09 03:55:00,-722.938070341
2018-03-09 03:56:00,-750.011076741
2018-03-09 03:57:00,-750.011076741
2018-03-09 03:58:00,-750.011076741
2018-03-09 03:59:00,-750.011076741
2018-03-09 04:00:00,-736.474573541
2018-03-09 04:01:00,-750.011076741
2018-03-09 04:02:00,-736.474573541
2018-03-09 04:03:00,-763.547579941
2018-03-09 04:04:00,-763.547579941
2018-03-09 04:05:00,-763.547579941
2018-03-09 04:06:00,-750.011076741
2018-03-09 04:07:00,-750.011076741
2018-03-09 04:08:00,-763.547579941
2018-03-09 04:09:00,-763.547579941
2018-03-09 04:10:00,-763.547579941
2018-03-09 04:11:00,-736.474573541
2018-03-09 04:12:00,-763.547579941
2018-03-09 04:13:00,-736.474573541
2018-03-09 04:14:00,-736.474573541
2018-03-09 04:15:00,-736.474573541
2018-03-09 04:16:00,-750.011076741
2018-03-09 04:17:00,-750.011076741
2018-03-09 04:18:00,-736.474573541
2018-03-09 04:19:00,-736.474573541
2018-03-09 04:20:00,-750.011076741
2018-03-09 04:21:00,-750.011076741
2018-03-09 04:22:00,-750.011076741
2018-03-09 04:23:00,-750.011076741
2018-03-09 04:24:00,-750.011076741
2018-03-09 04:25:00,-750.011076741
2018-03-09 04:26:00,-750.011076741
2018-03-09 04:27:00,-750.011076741
2018-03-09 04:28:00,-777.084083141
2018-03-09 04:29:00,-763.547579941
2018-03-09 04:30:00,-763.547579941
2018-03-09 04:31:00,-750.011076741
2018-03-09 04:32:00,-750.011076741
2018-03-09 04:33:00,-750.011076741
2018-03-09 04:34:00,-750.011076741
2018-03-09 04:35:00,-763.547579941
2018-03-09 04:36:00,-750.011076741
2018-03-09 04:37:00,-750.011076741
2018-03-09 04:38:00,-750.011076741
2018-03-09 04:39:00,-750.011076741
2018-03-09 04:40:00,-750.011076741
2018-03-09 04:41:00,-750.011076741
2018-03-09 04:42:00,-750.011076741
2018-03-09 04:43:00,-736.474573541
2018-03-09 04:44:00,-695.865063941
2018-03-09 04:45:00,-709.401567141
2018-03-09 04:46:00,-695.865063941
2018-03-09 04:47:00,-668.792057541
2018-03-09 04:48:00,-628.182547941
2018-03-09 04:49:00,-641.719051141
2018-03-09 04:50:00,-641.719051141
2018-03-09 04:51:00,-641.719051141
2018-03-09 04:52:00,-641.719051141
2018-03-09 04:53:00,-614.646044741
2018-03-09 04:54:00,-628.182547941
2018-03-09 04:55:00,-695.865063941
2018-03-09 04:56:00,-695.865063941
2018-03-09 04:57:00,-695.865063941
2018-03-09 04:58:00,-695.865063941
2018-03-09 04:59:00,-695.865063941
2018-03-09 05:00:00,-695.865063941
2018-03-09 05:01:00,-695.865063941
2018-03-09 05:02:00,-695.865063941
2018-03-09 05:03:00,-722.938070341
2018-03-09 05:04:00,-722.938070341
2018-03-09 05:05:00,-722.938070341
2018-03-09 05:06:00,-722.938070341
2018-03-09 05:07:00,-722.938070341
2018-03-09 05:08:00,-750.011076741
2018-03-09 05:09:00,-750.011076741
2018-03-09 05:10:00,-750.011076741
2018-03-09 05:11:00,-750.011076741
2018-03-09 05:12:00,-750.011076741
2018-03-09 05:13:00,-750.011076741
2018-03-09 05:14:00,-750.011076741
2018-03-09 05:15:00,-750.011076741
2018-03-09 05:16:00,-750.011076741
2018-03-09 05:17:00,-750.011076741
2018-03-09 05:18:00,-750.011076741
2018-03-09 05:19:00,-750.011076741
2018-03-09 05:20:00,-750.011076741
2018-03-09 05:21:00,-750.011076741
2018-03-09 05:22:00,-750.011076741
2018-03-09 05:23:00,-750.011076741
2018-03-09 05:24:00,-750.011076741
2018-03-09 05:25:00,-777.084083141
2018-03-09 05:26:00,-777.084083141
2018-03-09 05:27:00,-777.084083141
2018-03-09 05:28:00,-790.620586341
2018-03-09 05:29:00,-804.157089541
2018-03-09 05:30:00,-804.157089541
2018-03-09 05:31:00,-804.157089541
2018-03-09 05:32:00,-804.157089541
2018-03-09 05:33:00,-804.157089541
2018-03-09 05:34:00,-790.620586341
2018-03-09 05:35:00,-804.157089541
2018-03-09 05:36:00,-804.157089541
2018-03-09 05:37:00,-804.157089541
2018-03-09 05:38:00,-804.157089541
2018-03-09 05:39:00,-804.157089541
2018-03-09 05:40:00,-804.157089541
2018-03-09 05:41:00,-804.157089541
2018-03-09 05:42:00,-804.157089541
2018-03-09 05:43:00,-804.157089541
2018-03-09 05:44:00,-804.157089541
2018-03-09 05:45:00,-777.084083141
2018-03-09 05:46:00,-750.011076741
2018-03-09 05:47:00,-750.011076741
2018-03-09 05:48:00,-763.547579941
2018-03-09 05:49:00,-763.547579941
2018-03-09 05:50:00,-763.547579941
2018-03-09 05:51:00,-763.547579941
2018-03-09 05:52:00,-763.547579941
2018-03-09 05:53:00,-777.084083141
2018-03-09 05:54:00,-763.547579941
2018-03-09 05:55:00,-763.547579941
2018-03-09 05:56:00,-777.084083141
2018-03-09 05:57:00,-777.084083141
2018-03-09 05:58:00,-763.547579941
2018-03-09 05:59:00,-763.547579941
2018-03-09 06:00:00,-763.547579941
2018-03-09 06:01:00,-777.084083141
2018-03-09 06:02:00,-777.084083141
2018-03-09 06:03:00,-777.084083141
2018-03-09 06:04:00,-777.084083141
2018-03-09 06:05:00,-777.084083141
2018-03-09 06:06:00,-777.084083141
2018-03-09 06:07:00,-777.084083141
2018-03-09 06:08:00,-777.084083141
2018-03-09 06:09:00,-777.084083141
2018-03-09 06:10:00,-777.084083141
2018-03-09 06:11:00,-790.620586341
2018-03-09 06:12:00,-790.620586341
2018-03-09 06:13:00,-804.157089541
2018-03-09 06:14:00,-804.157089541
2018-03-09 06:15:00,-790.620586341
2018-03-09 06:16:00,-790.620586341
2018-03-09 06:17:00,-804.157089541
2018-03-09 06:18:00,-804.157089541
2018-03-09 06:19:00,-790.620586341
2018-03-09 06:20:00,-790.620586341
2018-03-09 06:21:00,-790.620586341
2018-03-09 06:22:00,-790.620586341
2018-03-09 06:23:00,-790.620586341
2018-03-09 06:24:00,-790.620586341
2018-03-09 06:25:00,-790.620586341
2018-03-09 06:26:00,-790.620586341
2018-03-09 06:27:00,-790.620586341
2018-03-09 06:28:00,-790.620586341
2018-03-09 06:29:00,-790.620586341
2018-03-09 06:30:00,-790.620586341
2018-03-09 06:31:00,-790.620586341
2018-03-09 06:32:00,-790.620586341
2018-03-09 06:33:00,-790.620586341
2018-03-09 06:34:00,-790.620586341
2018-03-09 06:35:00,-790.620586341
2018-03-09 06:36:00,-790.620586341
2018-03-09 06:37:00,-804.157089541
2018-03-09 06:38:00,-804.157089541
2018-03-09 06:39:00,-804.157089541
2018-03-09 06:40:00,-790.620586341
2018-03-09 06:41:00,-804.157089541
2018-03-09 06:42:00,-804.157089541
2018-03-09 06:43:00,-804.157089541
2018-03-09 06:44:00,-777.084083141
2018-03-09 06:45:00,-777.084083141
2018-03-09 06:46:00,-777.084083141
2018-03-09 06:47:00,-790.620586341
2018-03-09 06:48:00,-790.620586341
2018-03-09 06:49:00,-777.084083141
2018-03-09 06:50:00,-777.084083141
2018-03-09 06:51:00,-777.084083141
2018-03-09 06:52:00,-777.084083141
2018-03-09 06:53:00,-777.084083141
2018-03-09 06:54:00,-790.620586341
2018-03-09 06:55:00,-777.084083141
2018-03-09 06:56:00,-777.084083141
2018-03-09 06:57:00,-777.084083141
2018-03-09 06:58:00,-777.084083141
2018-03-09 06:59:00,-763.547579941
2018-03-09 07:00:00,-763.547579941
2018-03-09 07:01:00,-763.547579941
2018-03-09 07:02:00,-777.084083141
2018-03-09 07:03:00,-777.084083141
2018-03-09 07:04:00,-736.474573541
2018-03-09 07:05:00,-750.011076741
2018-03-09 07:06:00,-763.547579941
2018-03-09 07:07:00,-763.547579941
2018-03-09 07:08:00,-777.084083141
2018-03-09 07:09:00,-763.547579941
2018-03-09 07:10:00,-763.547579941
2018-03-09 07:11:00,-763.547579941
2018-03-09 07:12:00,-763.547579941
2018-03-09 07:13:00,-777.084083141
2018-03-09 07:14:00,-777.084083141
2018-03-09 07:15:00,-777.084083141
2018-03-09 07:16:00,-777.084083141
2018-03-09 07:17:00,-750.011076741
2018-03-09 07:18:00,-763.547579941
2018-03-09 07:19:00,-763.547579941
2018-03-09 07:20:00,-763.547579941
2018-03-09 07:21:00,-750.011076741
2018-03-09 07:22:00,-763.547579941
2018-03-09 07:23:00,-750.011076741
2018-03-09 07:24:00,-750.011076741
2018-03-09 07:25:00,-722.938070341
2018-03-09 07:26:00,-709.401567141
2018-03-09 07:27:00,-736.474573541
2018-03-09 07:28:00,-763.547579941
2018-03-09 07:29:00,-790.620586341
2018-03-09 07:30:00,-790.620586341
2018-03-09 07:31:00,-790.620586341
2018-03-09 07:32:00,-790.620586341
2018-03-09 07:33:00,-790.620586341
2018-03-09 07:34:00,-790.620586341
2018-03-09 07:35:00,-736.474573541
2018-03-09 07:36:00,-695.865063941
2018-03-09 07:37:00,-709.401567141
2018-03-09 07:38:00,-736.474573541
2018-03-09 07:39:00,-831.230095941
2018-03-09 07:40:00,-804.157089541
2018-03-09 07:41:00,-804.157089541
2018-03-09 07:42:00,-804.157089541
2018-03-09 07:43:00,-817.693592741
2018-03-09 07:44:00,-817.693592741
2018-03-09 07:45:00,-804.157089541
2018-03-09 07:46:00,-817.693592741
2018-03-09 07:47:00,-804.157089541
2018-03-09 07:48:00,-804.157089541
2018-03-09 07:49:00,-804.157089541
2018-03-09 07:50:00,-790.620586341
2018-03-09 07:51:00,-804.157089541
2018-03-09 07:52:00,-804.157089541
2018-03-09 07:53:00,-790.620586341
2018-03-09 07:54:00,-777.084083141
2018-03-09 07:55:00,-736.474573541
2018-03-09 07:56:00,-736.474573541
2018-03-09 07:57:00,-736.474573541
2018-03-09 07:58:00,-736.474573541
2018-03-09 07:59:00,-750.011076741
2018-03-09 08:00:00,-763.547579941
2018-03-09 08:01:00,-750.011076741
2018-03-09 08:02:00,-750.011076741
2018-03-09 08:03:00,-736.474573541
2018-03-09 08:04:00,-750.011076741
2018-03-09 08:05:00,-777.084083141
2018-03-09 08:06:00,-763.547579941
2018-03-09 08:07:00,-763.547579941
2018-03-09 08:08:00,-763.547579941
2018-03-09 08:09:00,-777.084083141
2018-03-09 08:10:00,-777.084083141
2018-03-09 08:11:00,-777.084083141
2018-03-09 08:12:00,-777.084083141
2018-03-09 08:13:00,-777.084083141
2018-03-09 08:14:00,-777.084083141
2018-03-09 08:15:00,-777.084083141
2018-03-09 08:16:00,-804.157089541
2018-03-09 08:17:00,-804.157089541
2018-03-09 08:18:00,-777.084083141
2018-03-09 08:19:00,-804.157089541
2018-03-09 08:20:00,-804.157089541
2018-03-09 08:21:00,-790.620586341
2018-03-09 08:22:00,-777.084083141
2018-03-09 08:23:00,-763.547579941
2018-03-09 08:24:00,-777.084083141
2018-03-09 08:25:00,-763.547579941
2018-03-09 08:26:00,-777.084083141
2018-03-09 08:27:00,-777.084083141
2018-03-09 08:28:00,-777.084083141
2018-03-09 08:29:00,-777.084083141
2018-03-09 08:30:00,-777.084083141
2018-03-09 08:31:00,-777.084083141
2018-03-09 08:32:00,-777.084083141
2018-03-09 08:33:00,-777.084083141
2018-03-09 08:34:00,-790.620586341
2018-03-09 08:35:00,-790.620586341
2018-03-09 08:36:00,-790.620586341
2018-03-09 08:37:00,-790.620586341
2018-03-09 08:38:00,-790.620586341
2018-03-09 08:39:00,-790.620586341
2018-03-09 08:40:00,-790.620586341
2018-03-09 08:41:00,-790.620586341
2018-03-09 08:42:00,-790.620586341
2018-03-09 08:43:00,-790.620586341
2018-03-09 08:44:00,-790.620586341
2018-03-09 08:45:00,-790.620586341
2018-03-09 08:46:00,-790.620586341
2018-03-09 08:47:00,-790.620586341
2018-03-09 08:48:00,-790.620586341
2018-03-09 08:49:00,-790.620586341
2018-03-09 08:50:00,-790.620586341
2018-03-09 08:51:00,-790.620586341
2018-03-09 08:52:00,-790.620586341
2018-03-09 08:53:00,-790.620586341
2018-03-09 08:54:00,-790.620586341
2018-03-09 08:55:00,-777.084083141
2018-03-09 08:56:00,-777.084083141
2018-03-09 08:57:00,-777.084083141
2018-03-09 08:58:00,-777.084083141
2018-03-09 08:59:00,-777.084083141
2018-03-09 09:00:00,-777.084083141
2018-03-09 09:01:00,-777.084083141
2018-03-09 09:02:00,-777.084083141
2018-03-09 09:03:00,-777.084083141
2018-03-09 09:04:00,-777.084083141
2018-03-09 09:05:00,-750.011076741
2018-03-09 09:06:00,-763.547579941
2018-03-09 09:07:00,-790.620586341
2018-03-09 09:08:00,-790.620586341
2018-03-09 09:09:00,-790.620586341
2018-03-09 09:10:00,-750.011076741
2018-03-09 09:11:00,-750.011076741
2018-03-09 09:12:00,-763.547579941
2018-03-09 09:13:00,-777.084083141
2018-03-09 09:14:00,-777.084083141
2018-03-09 09:15:00,-763.547579941
2018-03-09 09:16:00,-750.011076741
2018-03-09 09:17:00,-750.011076741
2018-03-09 09:18:00,-750.011076741
2018-03-09 09:19:00,-750.011076741
2018-03-09 09:20:00,-750.011076741
2018-03-09 09:21:00,-750.011076741
2018-03-09 09:22:00,-790.620586341
2018-03-09 09:23:00,-790.620586341
2018-03-09 09:24:00,-790.620586341
2018-03-09 09:25:00,-777.084083141
2018-03-09 09:26:00,-790.620586341
2018-03-09 09:27:00,-790.620586341
2018-03-09 09:28:00,-790.620586341
2018-03-09 09:29:00,-804.157089541
2018-03-09 09:30:00,-804.157089541
2018-03-09 09:31:00,-804.157089541
2018-03-09 09:32:00,-804.157089541
2018-03-09 09:33:00,-804.157089541
2018-03-09 09:34:00,-804.157089541
2018-03-09 09:35:00,-804.157089541
2018-03-09 09:36:00,-804.157089541
2018-03-09 09:37:00,-817.693592741
2018-03-09 09:38:00,-817.693592741
2018-03-09 09:39:00,-817.693592741
2018-03-09 09:40:00,-817.693592741
2018-03-09 09:41:00,-817.693592741
2018-03-09 09:42:00,-817.693592741
2018-03-09 09:43:00,-817.693592741
2018-03-09 09:44:00,-817.693592741
2018-03-09 09:45:00,-804.157089541
2018-03-09 09:46:00,-804.157089541
2018-03-09 09:47:00,-790.620586341
2018-03-09 09:48:00,-790.620586341
2018-03-09 09:49:00,-804.157089541
2018-03-09 09:50:00,-804.157089541
2018-03-09 09:51:00,-804.157089541
2018-03-09 09:52:00,-804.157089541
2018-03-09 09:53:00,-804.157089541
2018-03-09 09:54:00,-804.157089541
2018-03-09 09:55:00,-804.157089541
2018-03-09 09:56:00,-804.157089541
2018-03-09 09:57:00,-804.157089541
2018-03-09 09:58:00,-804.157089541
2018-03-09 09:59:00,-804.157089541
2018-03-09 10:00:00,-804.157089541
2018-03-09 10:01:00,-817.693592741
2018-03-09 10:02:00,-817.693592741
2018-03-09 10:03:00,-817.693592741
2018-03-09 10:04:00,-817.693592741
2018-03-09 10:05:00,-817.693592741
2018-03-09 10:06:00,-817.693592741
2018-03-09 10:07:00,-817.693592741
2018-03-09 10:08:00,-817.693592741
2018-03-09 10:09:00,-817.693592741
2018-03-09 10:10:00,-804.157089541
2018-03-09 10:11:00,-804.157089541
2018-03-09 10:12:00,-804.157089541
2018-03-09 10:13:00,-804.157089541
2018-03-09 10:14:00,-804.157089541
2018-03-09 10:15:00,-804.157089541
2018-03-09 10:16:00,-804.157089541
2018-03-09 10:17:00,-804.157089541
2018-03-09 10:18:00,-804.157089541
2018-03-09 10:19:00,-790.620586341
2018-03-09 10:20:00,-790.620586341
2018-03-09 10:21:00,-790.620586341
2018-03-09 10:22:00,-777.084083141
2018-03-09 10:23:00,-777.084083141
2018-03-09 10:24:00,-790.620586341
2018-03-09 10:25:00,-790.620586341
2018-03-09 10:26:00,-790.620586341
2018-03-09 10:27:00,-790.620586341
2018-03-09 10:28:00,-790.620586341
2018-03-09 10:29:00,-804.157089541
2018-03-09 10:30:00,-804.157089541
2018-03-09 10:31:00,-804.157089541
2018-03-09 10:32:00,-804.157089541
2018-03-09 10:33:00,-790.620586341
2018-03-09 10:34:00,-790.620586341
2018-03-09 10:35:00,-790.620586341
2018-03-09 10:36:00,-790.620586341
2018-03-09 10:37:00,-763.547579941
2018-03-09 10:38:00,-777.084083141
2018-03-09 10:39:00,-777.084083141
2018-03-09 10:40:00,-777.084083141
2018-03-09 10:41:00,-777.084083141
2018-03-09 10:42:00,-777.084083141
2018-03-09 10:43:00,-777.084083141
2018-03-09 10:44:00,-777.084083141
2018-03-09 10:45:00,-777.084083141
2018-03-09 10:46:00,-777.084083141
2018-03-09 10:47:00,-777.084083141
2018-03-09 10:48:00,-777.084083141
2018-03-09 10:49:00,-777.084083141
2018-03-09 10:50:00,-777.084083141
2018-03-09 10:51:00,-777.084083141
2018-03-09 10:52:00,-777.084083141
2018-03-09 10:53:00,-763.547579941
2018-03-09 10:54:00,-763.547579941
2018-03-09 10:55:00,-763.547579941
2018-03-09 10:56:00,-777.084083141
2018-03-09 10:57:00,-763.547579941
2018-03-09 10:58:00,-750.011076741
2018-03-09 10:59:00,-790.620586341
2018-03-09 11:00:00,-790.620586341
2018-03-09 11:01:00,-777.084083141
2018-03-09 11:02:00,-750.011076741
2018-03-09 11:03:00,-777.084083141
2018-03-09 11:04:00,-763.547579941
2018-03-09 11:05:00,-763.547579941
2018-03-09 11:06:00,-763.547579941
2018-03-09 11:07:00,-777.084083141
2018-03-09 11:08:00,-763.547579941
2018-03-09 11:09:00,-763.547579941
2018-03-09 11:10:00,-763.547579941
2018-03-09 11:11:00,-763.547579941
2018-03-09 11:12:00,-763.547579941
2018-03-09 11:13:00,-763.547579941
2018-03-09 11:14:00,-763.547579941
2018-03-09 11:15:00,-763.547579941
2018-03-09 11:16:00,-763.547579941
2018-03-09 11:17:00,-763.547579941
2018-03-09 11:18:00,-763.547579941
2018-03-09 11:19:00,-763.547579941
2018-03-09 11:20:00,-763.547579941
2018-03-09 11:21:00,-763.547579941
2018-03-09 11:22:00,-763.547579941
2018-03-09 11:23:00,-763.547579941
2018-03-09 11:24:00,-763.547579941
2018-03-09 11:25:00,-736.474573541
2018-03-09 11:26:00,-736.474573541
2018-03-09 11:27:00,-736.474573541
2018-03-09 11:28:00,-736.474573541
2018-03-09 11:29:00,-736.474573541
2018-03-09 11:30:00,-736.474573541
2018-03-09 11:31:00,-790.620586341
2018-03-09 11:32:00,-790.620586341
2018-03-09 11:33:00,-790.620586341
2018-03-09 11:34:00,-790.620586341
2018-03-09 11:35:00,-790.620586341
2018-03-09 11:36:00,-736.474573541
2018-03-09 11:37:00,-763.547579941
2018-03-09 11:38:00,-736.474573541
2018-03-09 11:39:00,-736.474573541
2018-03-09 11:40:00,-790.620586341
2018-03-09 11:41:00,-790.620586341
2018-03-09 11:42:00,-790.620586341
2018-03-09 11:43:00,-817.693592741
2018-03-09 11:44:00,-817.693592741
2018-03-09 11:45:00,-790.620586341
2018-03-09 11:46:00,-790.620586341
2018-03-09 11:47:00,-790.620586341
2018-03-09 11:48:00,-790.620586341
2018-03-09 11:49:00,-790.620586341
2018-03-09 11:50:00,-790.620586341
2018-03-09 11:51:00,-777.084083141
2018-03-09 11:52:00,-777.084083141
2018-03-09 11:53:00,-777.084083141
2018-03-09 11:54:00,-790.620586341
2018-03-09 11:55:00,-790.620586341
2018-03-09 11:56:00,-790.620586341
2018-03-09 11:57:00,-790.620586341
2018-03-09 11:58:00,-790.620586341
2018-03-09 11:59:00,-790.620586341
2018-03-12 02:29:00,-919.076073986
2018-03-12 02:30:00,-919.076073986
2018-03-12 02:31:00,-919.076073986
2018-03-12 02:32:00,-919.076073986
2018-03-12 02:33:00,-919.076073986
2018-03-12 02:34:00,-919.076073986
2018-03-12 02:35:00,-790.620632736
2018-03-12 02:36:00,-790.620632736
2018-03-12 02:37:00,-790.620632736
2018-03-12 02:38:00,-790.620632736
2018-03-12 02:39:00,-790.620632736
2018-03-12 02:40:00,-790.620632736
2018-03-12 02:41:00,-790.620632736
2018-03-12 02:42:00,-790.620632736
2018-03-12 02:43:00,-790.620632736
2018-03-12 02:44:00,-790.620632736
2018-03-12 02:45:00,-790.620632736
2018-03-12 02:46:00,-790.620632736
2018-03-12 02:47:00,-790.620632736
2018-03-12 02:48:00,-790.620632736
2018-03-12 02:49:00,-790.620632736
2018-03-12 02:50:00,-790.620632736
2018-03-12 02:51:00,-790.620632736
2018-03-12 02:52:00,-790.620632736
2018-03-12 02:53:00,-790.620632736
2018-03-12 02:54:00,-790.620632736
2018-03-12 02:55:00,-790.620632736
2018-03-12 02:56:00,-790.620632736
2018-03-12 02:57:00,-790.620632736
2018-03-12 02:58:00,-790.620632736
2018-03-12 02:59:00,-790.620632736
2018-03-12 03:00:00,-790.620632736
2018-03-12 03:01:00,-790.620632736
2018-03-12 03:02:00,-790.620632736
2018-03-12 03:03:00,-790.620632736
2018-03-12 03:04:00,-777.775088611
2018-03-12 03:05:00,-790.620632736
2018-03-12 03:06:00,-790.620632736
2018-03-12 03:07:00,-790.620632736
2018-03-12 03:08:00,-790.620632736
2018-03-12 03:09:00,-790.620632736
2018-03-12 03:10:00,-790.620632736
2018-03-12 03:11:00,-790.620632736
2018-03-12 03:12:00,-790.620632736
2018-03-12 03:13:00,-777.775088611
2018-03-12 03:14:00,-752.084000361
2018-03-12 03:15:00,-752.084000361
2018-03-12 03:16:00,-752.084000361
2018-03-12 03:17:00,-752.084000361
2018-03-12 03:18:00,-752.084000361
2018-03-12 03:19:00,-752.084000361
2018-03-12 03:20:00,-739.238456236
2018-03-12 03:21:00,-752.084000361
2018-03-12 03:22:00,-752.084000361
2018-03-12 03:23:00,-752.084000361
2018-03-12 03:24:00,-752.084000361
2018-03-12 03:25:00,-752.084000361
2018-03-12 03:26:00,-752.084000361
2018-03-12 03:27:00,-803.466176861
2018-03-12 03:28:00,-803.466176861
2018-03-12 03:29:00,-803.466176861
2018-03-12 03:30:00,-803.466176861
2018-03-12 03:31:00,-803.466176861
2018-03-12 03:32:00,-790.620632736
2018-03-12 03:33:00,-790.620632736
2018-03-12 03:34:00,-790.620632736
2018-03-12 03:35:00,-816.311720986
2018-03-12 03:36:00,-816.311720986
2018-03-12 03:37:00,-816.311720986
2018-03-12 03:38:00,-816.311720986
2018-03-12 03:39:00,-803.466176861
2018-03-12 03:40:00,-790.620632736
2018-03-12 03:41:00,-803.466176861
2018-03-12 03:42:00,-803.466176861
2018-03-12 03:43:00,-803.466176861
2018-03-12 03:44:00,-803.466176861
2018-03-12 03:45:00,-790.620632736
2018-03-12 03:46:00,-803.466176861
2018-03-12 03:47:00,-829.157265111
2018-03-12 03:48:00,-829.157265111
2018-03-12 03:49:00,-829.157265111
2018-03-12 03:50:00,-816.311720986
2018-03-12 03:51:00,-816.311720986
2018-03-12 03:52:00,-816.311720986
2018-03-12 03:53:00,-829.157265111
2018-03-12 03:54:00,-816.311720986
2018-03-12 03:55:00,-816.311720986
2018-03-12 03:56:00,-803.466176861
2018-03-12 03:57:00,-816.311720986
2018-03-12 03:58:00,-816.311720986
2018-03-12 03:59:00,-816.311720986
2018-03-12 04:00:00,-829.157265111
2018-03-12 04:01:00,-829.157265111
2018-03-12 04:02:00,-829.157265111
2018-03-12 04:03:00,-829.157265111
2018-03-12 04:04:00,-829.157265111
2018-03-12 04:05:00,-816.311720986
2018-03-12 04:06:00,-803.466176861
2018-03-12 04:07:00,-803.466176861
2018-03-12 04:08:00,-803.466176861
2018-03-12 04:09:00,-829.157265111
2018-03-12 04:10:00,-829.157265111
2018-03-12 04:11:00,-829.157265111
2018-03-12 04:12:00,-829.157265111
2018-03-12 04:13:00,-829.157265111
2018-03-12 04:14:00,-829.157265111
2018-03-12 04:15:00,-829.157265111
2018-03-12 04:16:00,-829.157265111
2018-03-12 04:17:00,-829.157265111
2018-03-12 04:18:00,-829.157265111
2018-03-12 04:19:00,-829.157265111
2018-03-12 04:20:00,-829.157265111
2018-03-12 04:21:00,-829.157265111
2018-03-12 04:22:00,-829.157265111
2018-03-12 04:23:00,-829.157265111
2018-03-12 04:24:00,-829.157265111
2018-03-12 04:25:00,-829.157265111
2018-03-12 04:26:00,-829.157265111
2018-03-12 04:27:00,-829.157265111
2018-03-12 04:28:00,-829.157265111
2018-03-12 04:29:00,-829.157265111
2018-03-12 04:30:00,-842.002809236
2018-03-12 04:31:00,-842.002809236
2018-03-12 04:32:00,-842.002809236
2018-03-12 04:33:00,-842.002809236
2018-03-12 04:34:00,-842.002809236
2018-03-12 04:35:00,-842.002809236
2018-03-12 04:36:00,-842.002809236
2018-03-12 04:37:00,-842.002809236
2018-03-12 04:38:00,-842.002809236
2018-03-12 04:39:00,-842.002809236
2018-03-12 04:40:00,-842.002809236
2018-03-12 04:41:00,-842.002809236
2018-03-12 04:42:00,-842.002809236
2018-03-12 04:43:00,-829.157265111
2018-03-12 04:44:00,-829.157265111
2018-03-12 04:45:00,-829.157265111
2018-03-12 04:46:00,-816.311720986
2018-03-12 04:47:00,-816.311720986
2018-03-12 04:48:00,-816.311720986
2018-03-12 04:49:00,-816.311720986
2018-03-12 04:50:00,-816.311720986
2018-03-12 04:51:00,-816.311720986
2018-03-12 04:52:00,-803.466176861
2018-03-12 04:53:00,-803.466176861
2018-03-12 04:54:00,-803.466176861
2018-03-12 04:55:00,-803.466176861
2018-03-12 04:56:00,-803.466176861
2018-03-12 04:57:00,-803.466176861
2018-03-12 04:58:00,-790.620632736
2018-03-12 04:59:00,-790.620632736
2018-03-12 05:00:00,-829.157265111
2018-03-12 05:01:00,-829.157265111
2018-03-12 05:02:00,-829.157265111
2018-03-12 05:03:00,-829.157265111
2018-03-12 05:04:00,-829.157265111
2018-03-12 05:05:00,-829.157265111
2018-03-12 05:06:00,-829.157265111
2018-03-12 05:07:00,-829.157265111
2018-03-12 05:08:00,-829.157265111
2018-03-12 05:09:00,-829.157265111
2018-03-12 05:10:00,-829.157265111
2018-03-12 05:11:00,-829.157265111
2018-03-12 05:12:00,-854.848353361
2018-03-12 05:13:00,-842.002809236
2018-03-12 05:14:00,-842.002809236
2018-03-12 05:15:00,-842.002809236
2018-03-12 05:16:00,-842.002809236
2018-03-12 05:17:00,-803.466176861
2018-03-12 05:18:00,-803.466176861
2018-03-12 05:19:00,-803.466176861
2018-03-12 05:20:00,-803.466176861
2018-03-12 05:21:00,-803.466176861
2018-03-12 05:22:00,-777.775088611
2018-03-12 05:23:00,-777.775088611
2018-03-12 05:24:00,-777.775088611
2018-03-12 05:25:00,-777.775088611
2018-03-12 05:26:00,-777.775088611
2018-03-12 05:27:00,-777.775088611
2018-03-12 05:28:00,-777.775088611
2018-03-12 05:29:00,-777.775088611
2018-03-12 05:30:00,-777.775088611
2018-03-12 05:31:00,-777.775088611
2018-03-12 05:32:00,-777.775088611
2018-03-12 05:33:00,-803.466176861
2018-03-12 05:34:00,-803.466176861
2018-03-12 05:35:00,-829.157265111
2018-03-12 05:36:00,-803.466176861
2018-03-12 05:37:00,-816.311720986
2018-03-12 05:38:00,-816.311720986
2018-03-12 05:39:00,-816.311720986
2018-03-12 05:40:00,-816.311720986
2018-03-12 05:41:00,-816.311720986
2018-03-12 05:42:00,-829.157265111
2018-03-12 05:43:00,-829.157265111
2018-03-12 05:44:00,-829.157265111
2018-03-12 05:45:00,-803.466176861
2018-03-12 05:46:00,-816.311720986
2018-03-12 05:47:00,-816.311720986
2018-03-12 05:48:00,-803.466176861
2018-03-12 05:49:00,-816.311720986
2018-03-12 05:50:00,-829.157265111
2018-03-12 05:51:00,-829.157265111
2018-03-12 05:52:00,-829.157265111
2018-03-12 05:53:00,-829.157265111
2018-03-12 05:54:00,-829.157265111
2018-03-12 05:55:00,-829.157265111
2018-03-12 05:56:00,-829.157265111
2018-03-12 05:57:00,-854.848353361
2018-03-12 05:58:00,-854.848353361
2018-03-12 05:59:00,-842.002809236
2018-03-12 06:00:00,-854.848353361
2018-03-12 06:01:00,-867.693897486
2018-03-12 06:02:00,-867.693897486
2018-03-12 06:03:00,-867.693897486
2018-03-12 06:04:00,-867.693897486
2018-03-12 06:05:00,-880.539441611
2018-03-12 06:06:00,-880.539441611
2018-03-12 06:07:00,-880.539441611
2018-03-12 06:08:00,-867.693897486
2018-03-12 06:09:00,-867.693897486
2018-03-12 06:10:00,-867.693897486
2018-03-12 06:11:00,-867.693897486
2018-03-12 06:12:00,-854.848353361
2018-03-12 06:13:00,-854.848353361
2018-03-12 06:14:00,-854.848353361
2018-03-12 06:15:00,-854.848353361
2018-03-12 06:16:00,-854.848353361
2018-03-12 06:17:00,-854.848353361
2018-03-12 06:18:00,-854.848353361
2018-03-12 06:19:00,-854.848353361
2018-03-12 06:20:00,-854.848353361
2018-03-12 06:21:00,-854.848353361
2018-03-12 06:22:00,-854.848353361
2018-03-12 06:23:00,-854.848353361
2018-03-12 06:24:00,-829.157265111
2018-03-12 06:25:00,-816.311720986
2018-03-12 06:26:00,-790.620632736
2018-03-12 06:27:00,-803.466176861
2018-03-12 06:28:00,-803.466176861
2018-03-12 06:29:00,-803.466176861
2018-03-12 06:30:00,-816.311720986
2018-03-12 06:31:00,-816.311720986
2018-03-12 06:32:00,-816.311720986
2018-03-12 06:33:00,-842.002809236
2018-03-12 06:34:00,-842.002809236
2018-03-12 06:35:00,-829.157265111
2018-03-12 06:36:00,-829.157265111
2018-03-12 06:37:00,-829.157265111
2018-03-12 06:38:00,-829.157265111
2018-03-12 06:39:00,-829.157265111
2018-03-12 06:40:00,-829.157265111
2018-03-12 06:41:00,-829.157265111
2018-03-12 06:42:00,-829.157265111
2018-03-12 06:43:00,-829.157265111
2018-03-12 06:44:00,-829.157265111
2018-03-12 06:45:00,-829.157265111
2018-03-12 06:46:00,-829.157265111
2018-03-12 06:47:00,-829.157265111
2018-03-12 06:48:00,-829.157265111
2018-03-12 06:49:00,-829.157265111
2018-03-12 06:50:00,-842.002809236
2018-03-12 06:51:00,-842.002809236
2018-03-12 06:52:00,-854.848353361
2018-03-12 06:53:00,-867.693897486
2018-03-12 06:54:00,-854.848353361
2018-03-12 06:55:00,-842.002809236
2018-03-12 06:56:00,-829.157265111
2018-03-12 06:57:00,-829.157265111
2018-03-12 06:58:00,-829.157265111
2018-03-12 06:59:00,-842.002809236
2018-03-12 07:00:00,-842.002809236
2018-03-12 07:01:00,-829.157265111
2018-03-12 07:02:00,-842.002809236
2018-03-12 07:03:00,-854.848353361
2018-03-12 07:04:00,-854.848353361
2018-03-12 07:05:00,-854.848353361
2018-03-12 07:06:00,-854.848353361
2018-03-12 07:07:00,-854.848353361
2018-03-12 07:08:00,-854.848353361
2018-03-12 07:09:00,-854.848353361
2018-03-12 07:10:00,-854.848353361
2018-03-12 07:11:00,-854.848353361
2018-03-12 07:12:00,-854.848353361
2018-03-12 07:13:00,-854.848353361
2018-03-12 07:14:00,-854.848353361
2018-03-12 07:15:00,-829.157265111
2018-03-12 07:16:00,-829.157265111
2018-03-12 07:17:00,-829.157265111
2018-03-12 07:18:00,-829.157265111
2018-03-12 07:19:00,-829.157265111
2018-03-12 07:20:00,-829.157265111
2018-03-12 07:21:00,-803.466176861
2018-03-12 07:22:00,-803.466176861
2018-03-12 07:23:00,-803.466176861
2018-03-12 07:24:00,-803.466176861
2018-03-12 07:25:00,-803.466176861
2018-03-12 07:26:00,-854.848353361
2018-03-12 07:27:00,-854.848353361
2018-03-12 07:28:00,-829.157265111
2018-03-12 07:29:00,-829.157265111
2018-03-12 07:30:00,-829.157265111
2018-03-12 07:31:00,-829.157265111
2018-03-12 07:32:00,-816.311720986
2018-03-12 07:33:00,-816.311720986
2018-03-12 07:34:00,-816.311720986
2018-03-12 07:35:00,-829.157265111
2018-03-12 07:36:00,-829.157265111
2018-03-12 07:37:00,-829.157265111
2018-03-12 07:38:00,-829.157265111
2018-03-12 07:39:00,-829.157265111
2018-03-12 07:40:00,-829.157265111
2018-03-12 07:41:00,-829.157265111
2018-03-12 07:42:00,-867.693897486
2018-03-12 07:43:00,-906.230529861
2018-03-12 07:44:00,-906.230529861
2018-03-12 07:45:00,-906.230529861
2018-03-12 07:46:00,-906.230529861
2018-03-12 07:47:00,-919.076073986
2018-03-12 07:48:00,-906.230529861
2018-03-12 07:49:00,-919.076073986
2018-03-12 07:50:00,-957.612706361
2018-03-12 07:51:00,-957.612706361
2018-03-12 07:52:00,-957.612706361
2018-03-12 07:53:00,-957.612706361
2018-03-12 07:54:00,-957.612706361
2018-03-12 07:55:00,-957.612706361
2018-03-12 07:56:00,-957.612706361
2018-03-12 07:57:00,-944.767162236
2018-03-12 07:58:00,-944.767162236
2018-03-12 07:59:00,-944.767162236
2018-03-12 08:00:00,-944.767162236
2018-03-12 08:01:00,-944.767162236
2018-03-12 08:02:00,-944.767162236
2018-03-12 08:03:00,-944.767162236
2018-03-12 08:04:00,-944.767162236
2018-03-12 08:05:00,-944.767162236
2018-03-12 08:06:00,-931.921618111
2018-03-12 08:07:00,-931.921618111
2018-03-12 08:08:00,-931.921618111
2018-03-12 08:09:00,-931.921618111
2018-03-12 08:10:00,-931.921618111
2018-03-12 08:11:00,-944.767162236
2018-03-12 08:12:00,-919.076073986
2018-03-12 08:13:00,-919.076073986
2018-03-12 08:14:00,-919.076073986
2018-03-12 08:15:00,-919.076073986
2018-03-12 08:16:00,-906.230529861
2018-03-12 08:17:00,-931.921618111
2018-03-12 08:18:00,-931.921618111
2018-03-12 08:19:00,-931.921618111
2018-03-12 08:20:00,-919.076073986
2018-03-12 08:21:00,-919.076073986
2018-03-12 08:22:00,-919.076073986
2018-03-12 08:23:00,-919.076073986
2018-03-12 08:24:00,-919.076073986
2018-03-12 08:25:00,-919.076073986
2018-03-12 08:26:00,-919.076073986
2018-03-12 08:27:00,-919.076073986
2018-03-12 08:28:00,-931.921618111
2018-03-12 08:29:00,-931.921618111
2018-03-12 08:30:00,-931.921618111
2018-03-12 08:31:00,-931.921618111
2018-03-12 08:32:00,-931.921618111
2018-03-12 08:33:00,-931.921618111
2018-03-12 08:34:00,-931.921618111
2018-03-12 08:35:00,-944.767162236
2018-03-12 08:36:00,-919.076073986
2018-03-12 08:37:00,-944.767162236
2018-03-12 08:38:00,-906.230529861
2018-03-12 08:39:00,-919.076073986
2018-03-12 08:40:00,-906.230529861
2018-03-12 08:41:00,-931.921618111
2018-03-12 08:42:00,-944.767162236
2018-03-12 08:43:00,-944.767162236
2018-03-12 08:44:00,-944.767162236
2018-03-12 08:45:00,-944.767162236
2018-03-12 08:46:00,-944.767162236
2018-03-12 08:47:00,-931.921618111
2018-03-12 08:48:00,-919.076073986
2018-03-12 08:49:00,-919.076073986
2018-03-12 08:50:00,-919.076073986
2018-03-12 08:51:00,-919.076073986
2018-03-12 08:52:00,-919.076073986
2018-03-12 08:53:00,-919.076073986
2018-03-12 08:54:00,-906.230529861
2018-03-12 08:55:00,-919.076073986
2018-03-12 08:56:00,-919.076073986
2018-03-12 08:57:00,-906.230529861
2018-03-12 08:58:00,-880.539441611
2018-03-12 08:59:00,-880.539441611
2018-03-12 09:00:00,-880.539441611
2018-03-12 09:01:00,-906.230529861
2018-03-12 09:02:00,-919.076073986
2018-03-12 09:03:00,-919.076073986
2018-03-12 09:04:00,-906.230529861
2018-03-12 09:05:00,-893.384985736
2018-03-12 09:06:00,-893.384985736
2018-03-12 09:07:00,-893.384985736
2018-03-12 09:08:00,-893.384985736
2018-03-12 09:09:00,-880.539441611
2018-03-12 09:10:00,-893.384985736
2018-03-12 09:11:00,-893.384985736
2018-03-12 09:12:00,-893.384985736
2018-03-12 09:13:00,-893.384985736
2018-03-12 09:14:00,-893.384985736
2018-03-12 09:15:00,-906.230529861
2018-03-12 09:16:00,-893.384985736
2018-03-12 09:17:00,-893.384985736
2018-03-12 09:18:00,-893.384985736
2018-03-12 09:19:00,-931.921618111
2018-03-12 09:20:00,-931.921618111
2018-03-12 09:21:00,-931.921618111
2018-03-12 09:22:00,-931.921618111
2018-03-12 09:23:00,-931.921618111
2018-03-12 09:24:00,-931.921618111
2018-03-12 09:25:00,-919.076073986
2018-03-12 09:26:00,-919.076073986
2018-03-12 09:27:00,-906.230529861
2018-03-12 09:28:00,-893.384985736
2018-03-12 09:29:00,-880.539441611
2018-03-12 09:30:00,-880.539441611
2018-03-12 09:31:00,-880.539441611
2018-03-12 09:32:00,-893.384985736
2018-03-12 09:33:00,-893.384985736
2018-03-12 09:34:00,-919.076073986
2018-03-12 09:35:00,-919.076073986
2018-03-12 09:36:00,-906.230529861
2018-03-12 09:37:00,-906.230529861
2018-03-12 09:38:00,-906.230529861
2018-03-12 09:39:00,-906.230529861
2018-03-12 09:40:00,-906.230529861
2018-03-12 09:41:00,-854.848353361
2018-03-12 09:42:00,-842.002809236
2018-03-12 09:43:00,-842.002809236
2018-03-12 09:44:00,-842.002809236
2018-03-12 09:45:00,-867.693897486
2018-03-12 09:46:00,-893.384985736
2018-03-12 09:47:00,-893.384985736
2018-03-12 09:48:00,-906.230529861
2018-03-12 09:49:00,-906.230529861
2018-03-12 09:50:00,-906.230529861
2018-03-12 09:51:00,-906.230529861
2018-03-12 09:52:00,-893.384985736
2018-03-12 09:53:00,-880.539441611
2018-03-12 09:54:00,-880.539441611
2018-03-12 09:55:00,-867.693897486
2018-03-12 09:56:00,-880.539441611
2018-03-12 09:57:00,-880.539441611
2018-03-12 09:58:00,-880.539441611
2018-03-12 09:59:00,-880.539441611
2018-03-12 10:00:00,-880.539441611
2018-03-12 10:01:00,-880.539441611
2018-03-12 10:02:00,-893.384985736
2018-03-12 10:03:00,-880.539441611
2018-03-12 10:04:00,-893.384985736
2018-03-12 10:05:00,-880.539441611
2018-03-12 10:06:00,-880.539441611
2018-03-12 10:07:00,-867.693897486
2018-03-12 10:08:00,-880.539441611
2018-03-12 10:09:00,-880.539441611
2018-03-12 10:10:00,-880.539441611
2018-03-12 10:11:00,-880.539441611
2018-03-12 10:12:00,-880.539441611
2018-03-12 10:13:00,-880.539441611
2018-03-12 10:14:00,-880.539441611
2018-03-12 10:15:00,-880.539441611
2018-03-12 10:16:00,-880.539441611
2018-03-12 10:17:00,-880.539441611
2018-03-12 10:18:00,-880.539441611
2018-03-12 10:19:00,-880.539441611
2018-03-12 10:20:00,-880.539441611
2018-03-12 10:21:00,-880.539441611
2018-03-12 10:22:00,-880.539441611
2018-03-12 10:23:00,-867.693897486
2018-03-12 10:24:00,-842.002809236
2018-03-12 10:25:00,-842.002809236
2018-03-12 10:26:00,-854.848353361
2018-03-12 10:27:00,-854.848353361
2018-03-12 10:28:00,-854.848353361
2018-03-12 10:29:00,-842.002809236
2018-03-12 10:30:00,-867.693897486
2018-03-12 10:31:00,-867.693897486
2018-03-12 10:32:00,-867.693897486
2018-03-12 10:33:00,-867.693897486
2018-03-12 10:34:00,-867.693897486
2018-03-12 10:35:00,-867.693897486
2018-03-12 10:36:00,-867.693897486
2018-03-12 10:37:00,-867.693897486
2018-03-12 10:38:00,-867.693897486
2018-03-12 10:39:00,-854.848353361
2018-03-12 10:40:00,-893.384985736
2018-03-12 10:41:00,-880.539441611
2018-03-12 10:42:00,-893.384985736
2018-03-12 10:43:00,-893.384985736
2018-03-12 10:44:00,-893.384985736
2018-03-12 10:45:00,-893.384985736
2018-03-12 10:46:00,-893.384985736
2018-03-12 10:47:00,-880.539441611
2018-03-12 10:48:00,-880.539441611
2018-03-12 10:49:00,-893.384985736
2018-03-12 10:50:00,-893.384985736
2018-03-12 10:51:00,-880.539441611
2018-03-12 10:52:00,-880.539441611
2018-03-12 10:53:00,-880.539441611
2018-03-12 10:54:00,-867.693897486
2018-03-12 10:55:00,-880.539441611
2018-03-12 10:56:00,-880.539441611
2018-03-12 10:57:00,-893.384985736
2018-03-12 10:58:00,-880.539441611
2018-03-12 10:59:00,-893.384985736
2018-03-12 11:00:00,-893.384985736
2018-03-12 11:01:00,-893.384985736
2018-03-12 11:02:00,-893.384985736
2018-03-12 11:03:00,-893.384985736
2018-03-12 11:04:00,-893.384985736
2018-03-12 11:05:00,-893.384985736
2018-03-12 11:06:00,-893.384985736
2018-03-12 11:07:00,-893.384985736
2018-03-12 11:08:00,-893.384985736
2018-03-12 11:09:00,-906.230529861
2018-03-12 11:10:00,-906.230529861
2018-03-12 11:11:00,-906.230529861
2018-03-12 11:12:00,-919.076073986
2018-03-12 11:13:00,-919.076073986
2018-03-12 11:14:00,-906.230529861
2018-03-12 11:15:00,-906.230529861
2018-03-12 11:16:00,-906.230529861
2018-03-12 11:17:00,-906.230529861
2018-03-12 11:18:00,-906.230529861
2018-03-12 11:19:00,-880.539441611
2018-03-12 11:20:00,-880.539441611
2018-03-12 11:21:00,-854.848353361
2018-03-12 11:22:00,-854.848353361
2018-03-12 11:23:00,-854.848353361
2018-03-12 11:24:00,-854.848353361
2018-03-12 11:25:00,-854.848353361
2018-03-12 11:26:00,-854.848353361
2018-03-12 11:27:00,-854.848353361
2018-03-12 11:28:00,-854.848353361
2018-03-12 11:29:00,-854.848353361
2018-03-12 11:30:00,-854.848353361
2018-03-12 11:31:00,-880.539441611
2018-03-12 11:32:00,-880.539441611
2018-03-12 11:33:00,-880.539441611
2018-03-12 11:34:00,-880.539441611
2018-03-12 11:35:00,-867.693897486
2018-03-12 11:36:00,-867.693897486
2018-03-12 11:37:00,-867.693897486
2018-03-12 11:38:00,-880.539441611
2018-03-12 11:39:00,-880.539441611
2018-03-12 11:40:00,-880.539441611
2018-03-12 11:41:00,-880.539441611
2018-03-12 11:42:00,-880.539441611
2018-03-12 11:43:00,-880.539441611
2018-03-12 11:44:00,-880.539441611
2018-03-12 11:45:00,-880.539441611
2018-03-12 11:46:00,-880.539441611
2018-03-12 11:47:00,-880.539441611
2018-03-12 11:48:00,-880.539441611
2018-03-12 11:49:00,-880.539441611
2018-03-12 11:50:00,-880.539441611
2018-03-12 11:51:00,-880.539441611
2018-03-12 11:52:00,-880.539441611
2018-03-12 11:53:00,-854.848353361
2018-03-12 11:54:00,-854.848353361
2018-03-12 11:55:00,-867.693897486
2018-03-12 11:56:00,-867.693897486
2018-03-12 11:57:00,-867.693897486
2018-03-12 11:58:00,-867.693897486
2018-03-12 11:59:00,-880.539441611
2018-03-12 12:00:00,-854.848353361
2018-03-12 12:01:00,-893.384985736
2018-03-12 12:02:00,-893.384985736
2018-03-12 12:03:00,-867.693897486
2018-03-12 12:04:00,-867.693897486
2018-03-12 12:05:00,-842.002809236
2018-03-12 12:06:00,-842.002809236
2018-03-12 12:07:00,-842.002809236
2018-03-12 12:08:00,-842.002809236
2018-03-12 12:09:00,-842.002809236
2018-03-12 12:10:00,-842.002809236
2018-03-12 12:11:00,-842.002809236
2018-03-12 12:12:00,-842.002809236
2018-03-12 12:13:00,-842.002809236
2018-03-12 12:14:00,-842.002809236
2018-03-12 12:15:00,-842.002809236
2018-03-12 12:16:00,-842.002809236
2018-03-12 12:17:00,-842.002809236
2018-03-12 12:18:00,-842.002809236
2018-03-12 12:19:00,-842.002809236
2018-03-12 12:20:00,-842.002809236
2018-03-12 12:21:00,-842.002809236
2018-03-12 12:22:00,-842.002809236
2018-03-12 12:23:00,-829.157265111
2018-03-12 12:24:00,-829.157265111
2018-03-12 12:25:00,-829.157265111
2018-03-12 12:26:00,-829.157265111
2018-03-12 12:27:00,-829.157265111
2018-03-12 12:28:00,-829.157265111
2018-03-12 12:29:00,-829.157265111
2018-03-12 12:30:00,-829.157265111
2018-03-12 12:31:00,-829.157265111
2018-03-12 12:32:00,-829.157265111
2018-03-12 12:33:00,-829.157265111
2018-03-12 12:34:00,-829.157265111
2018-03-12 12:35:00,-829.157265111
2018-03-12 12:36:00,-880.539441611
2018-03-12 12:37:00,-880.539441611
2018-03-12 12:38:00,-880.539441611
2018-03-12 12:39:00,-880.539441611
2018-03-12 12:40:00,-880.539441611
2018-03-12 12:41:00,-867.693897486
2018-03-12 12:42:00,-854.848353361
2018-03-12 12:43:00,-854.848353361
2018-03-12 12:44:00,-854.848353361
2018-03-12 12:45:00,-829.157265111
2018-03-12 12:46:00,-867.693897486
2018-03-12 12:47:00,-854.848353361
2018-03-12 12:48:00,-893.384985736
2018-03-12 12:49:00,-893.384985736
2018-03-12 12:50:00,-893.384985736
2018-03-12 12:51:00,-893.384985736
2018-03-12 12:52:00,-893.384985736
2018-03-12 12:53:00,-893.384985736
2018-03-12 12:54:00,-893.384985736
2018-03-12 12:55:00,-893.384985736
2018-03-12 12:56:00,-893.384985736
2018-03-12 12:57:00,-893.384985736
2018-03-12 12:58:00,-893.384985736
2018-03-12 12:59:00,-893.384985736
2018-03-13 02:29:00,-1047.53151524
2018-03-13 02:30:00,-1047.53151524
2018-03-13 02:31:00,-1047.53151524
2018-03-13 02:32:00,-1047.53151524
2018-03-13 02:33:00,-1047.53151524
2018-03-13 02:34:00,-996.149338736
2018-03-13 02:35:00,-996.149338736
2018-03-13 02:36:00,-996.149338736
2018-03-13 02:37:00,-996.149338736
2018-03-13 02:38:00,-996.149338736
2018-03-13 02:39:00,-996.149338736
2018-03-13 02:40:00,-996.149338736
2018-03-13 02:41:00,-996.149338736
2018-03-13 02:42:00,-996.149338736
2018-03-13 02:43:00,-1008.99488286
2018-03-13 02:44:00,-1008.99488286
2018-03-13 02:45:00,-996.149338736
2018-03-13 02:46:00,-996.149338736
2018-03-13 02:47:00,-996.149338736
2018-03-13 02:48:00,-1008.99488286
2018-03-13 02:49:00,-1008.99488286
2018-03-13 02:50:00,-1008.99488286
2018-03-13 02:51:00,-1008.99488286
2018-03-13 02:52:00,-1008.99488286
2018-03-13 02:53:00,-996.149338736
2018-03-13 02:54:00,-1021.84042699
2018-03-13 02:55:00,-1021.84042699
2018-03-13 02:56:00,-1021.84042699
2018-03-13 02:57:00,-1021.84042699
2018-03-13 02:58:00,-983.303794611
2018-03-13 02:59:00,-996.149338736
2018-03-13 03:00:00,-996.149338736
2018-03-13 03:01:00,-983.303794611
2018-03-13 03:02:00,-996.149338736
2018-03-13 03:03:00,-983.303794611
2018-03-13 03:04:00,-996.149338736
2018-03-13 03:05:00,-996.149338736
2018-03-13 03:06:00,-996.149338736
2018-03-13 03:07:00,-996.149338736
2018-03-13 03:08:00,-996.149338736
2018-03-13 03:09:00,-996.149338736
2018-03-13 03:10:00,-996.149338736
2018-03-13 03:11:00,-983.303794611
2018-03-13 03:12:00,-983.303794611
2018-03-13 03:13:00,-996.149338736
2018-03-13 03:14:00,-996.149338736
2018-03-13 03:15:00,-996.149338736
2018-03-13 03:16:00,-957.612706361
2018-03-13 03:17:00,-970.458250486
2018-03-13 03:18:00,-957.612706361
2018-03-13 03:19:00,-970.458250486
2018-03-13 03:20:00,-983.303794611
2018-03-13 03:21:00,-983.303794611
2018-03-13 03:22:00,-996.149338736
2018-03-13 03:23:00,-996.149338736
2018-03-13 03:24:00,-996.149338736
2018-03-13 03:25:00,-996.149338736
2018-03-13 03:26:00,-983.303794611
2018-03-13 03:27:00,-970.458250486
2018-03-13 03:28:00,-970.458250486
2018-03-13 03:29:00,-957.612706361
2018-03-13 03:30:00,-957.612706361
2018-03-13 03:31:00,-944.767162236
2018-03-13 03:32:00,-957.612706361
2018-03-13 03:33:00,-906.230529861
2018-03-13 03:34:00,-906.230529861
2018-03-13 03:35:00,-906.230529861
2018-03-13 03:36:00,-906.230529861
2018-03-13 03:37:00,-906.230529861
2018-03-13 03:38:00,-906.230529861
2018-03-13 03:39:00,-931.921618111
2018-03-13 03:40:00,-931.921618111
2018-03-13 03:41:00,-931.921618111
2018-03-13 03:42:00,-931.921618111
2018-03-13 03:43:00,-931.921618111
2018-03-13 03:44:00,-931.921618111
2018-03-13 03:45:00,-931.921618111
2018-03-13 03:46:00,-931.921618111
2018-03-13 03:47:00,-931.921618111
2018-03-13 03:48:00,-983.303794611
2018-03-13 03:49:00,-970.458250486
2018-03-13 03:50:00,-983.303794611
2018-03-13 03:51:00,-983.303794611
2018-03-13 03:52:00,-983.303794611
2018-03-13 03:53:00,-983.303794611
2018-03-13 03:54:00,-970.458250486
2018-03-13 03:55:00,-970.458250486
2018-03-13 03:56:00,-996.149338736
2018-03-13 03:57:00,-996.149338736
2018-03-13 03:58:00,-996.149338736
2018-03-13 03:59:00,-983.303794611
2018-03-13 04:00:00,-983.303794611
2018-03-13 04:01:00,-983.303794611
2018-03-13 04:02:00,-970.458250486
2018-03-13 04:03:00,-970.458250486
2018-03-13 04:04:00,-983.303794611
2018-03-13 04:05:00,-983.303794611
2018-03-13 04:06:00,-983.303794611
2018-03-13 04:07:00,-983.303794611
2018-03-13 04:08:00,-983.303794611
2018-03-13 04:09:00,-970.458250486
2018-03-13 04:10:00,-970.458250486
2018-03-13 04:11:00,-970.458250486
2018-03-13 04:12:00,-970.458250486
2018-03-13 04:13:00,-970.458250486
2018-03-13 04:14:00,-970.458250486
2018-03-13 04:15:00,-931.921618111
2018-03-13 04:16:00,-931.921618111
2018-03-13 04:17:00,-919.076073986
2018-03-13 04:18:00,-906.230529861
2018-03-13 04:19:00,-919.076073986
2018-03-13 04:20:00,-944.767162236
2018-03-13 04:21:00,-957.612706361
2018-03-13 04:22:00,-957.612706361
2018-03-13 04:23:00,-957.612706361
2018-03-13 04:24:00,-931.921618111
2018-03-13 04:25:00,-931.921618111
2018-03-13 04:26:00,-944.767162236
2018-03-13 04:27:00,-944.767162236
2018-03-13 04:28:00,-957.612706361
2018-03-13 04:29:00,-957.612706361
2018-03-13 04:30:00,-957.612706361
2018-03-13 04:31:00,-957.612706361
2018-03-13 04:32:00,-970.458250486
2018-03-13 04:33:00,-970.458250486
2018-03-13 04:34:00,-970.458250486
2018-03-13 04:35:00,-983.303794611
2018-03-13 04:36:00,-970.458250486
2018-03-13 04:37:00,-970.458250486
2018-03-13 04:38:00,-957.612706361
2018-03-13 04:39:00,-957.612706361
2018-03-13 04:40:00,-970.458250486
2018-03-13 04:41:00,-970.458250486
2018-03-13 04:42:00,-970.458250486
2018-03-13 04:43:00,-970.458250486
2018-03-13 04:44:00,-970.458250486
2018-03-13 04:45:00,-983.303794611
2018-03-13 04:46:00,-983.303794611
2018-03-13 04:47:00,-983.303794611
2018-03-13 04:48:00,-983.303794611
2018-03-13 04:49:00,-983.303794611
2018-03-13 04:50:00,-957.612706361
2018-03-13 04:51:00,-957.612706361
2018-03-13 04:52:00,-957.612706361
2018-03-13 04:53:00,-970.458250486
2018-03-13 04:54:00,-970.458250486
2018-03-13 04:55:00,-970.458250486
2018-03-13 04:56:00,-970.458250486
2018-03-13 04:57:00,-957.612706361
2018-03-13 04:58:00,-957.612706361
2018-03-13 04:59:00,-931.921618111
2018-03-13 05:00:00,-931.921618111
2018-03-13 05:01:00,-931.921618111
2018-03-13 05:02:00,-931.921618111
2018-03-13 05:03:00,-931.921618111
2018-03-13 05:04:00,-944.767162236
2018-03-13 05:05:00,-957.612706361
2018-03-13 05:06:00,-957.612706361
2018-03-13 05:07:00,-957.612706361
2018-03-13 05:08:00,-957.612706361
2018-03-13 05:09:00,-957.612706361
2018-03-13 05:10:00,-957.612706361
2018-03-13 05:11:00,-957.612706361
2018-03-13 05:12:00,-957.612706361
2018-03-13 05:13:00,-957.612706361
2018-03-13 05:14:00,-957.612706361
2018-03-13 05:15:00,-957.612706361
2018-03-13 05:16:00,-957.612706361
2018-03-13 05:17:00,-957.612706361
2018-03-13 05:18:00,-970.458250486
2018-03-13 05:19:00,-957.612706361
2018-03-13 05:20:00,-957.612706361
2018-03-13 05:21:00,-957.612706361
2018-03-13 05:22:00,-957.612706361
2018-03-13 05:23:00,-957.612706361
2018-03-13 05:24:00,-957.612706361
2018-03-13 05:25:00,-957.612706361
2018-03-13 05:26:00,-957.612706361
2018-03-13 05:27:00,-957.612706361
2018-03-13 05:28:00,-957.612706361
2018-03-13 05:29:00,-957.612706361
2018-03-13 05:30:00,-957.612706361
2018-03-13 05:31:00,-957.612706361
2018-03-13 05:32:00,-957.612706361
2018-03-13 05:33:00,-957.612706361
2018-03-13 05:34:00,-957.612706361
2018-03-13 05:35:00,-957.612706361
2018-03-13 05:36:00,-957.612706361
2018-03-13 05:37:00,-957.612706361
2018-03-13 05:38:00,-957.612706361
2018-03-13 05:39:00,-957.612706361
2018-03-13 05:40:00,-957.612706361
2018-03-13 05:41:00,-957.612706361
2018-03-13 05:42:00,-957.612706361
2018-03-13 05:43:00,-957.612706361
2018-03-13 05:44:00,-957.612706361
2018-03-13 05:45:00,-957.612706361
2018-03-13 05:46:00,-957.612706361
2018-03-13 05:47:00,-957.612706361
2018-03-13 05:48:00,-957.612706361
2018-03-13 05:49:00,-957.612706361
2018-03-13 05:50:00,-957.612706361
2018-03-13 05:51:00,-957.612706361
2018-03-13 05:52:00,-957.612706361
2018-03-13 05:53:00,-957.612706361
2018-03-13 05:54:00,-944.767162236
2018-03-13 05:55:00,-944.767162236
2018-03-13 05:56:00,-944.767162236
2018-03-13 05:57:00,-944.767162236
2018-03-13 05:58:00,-944.767162236
2018-03-13 05:59:00,-944.767162236
2018-03-13 06:00:00,-944.767162236
2018-03-13 06:01:00,-944.767162236
2018-03-13 06:02:00,-944.767162236
2018-03-13 06:03:00,-944.767162236
2018-03-13 06:04:00,-944.767162236
2018-03-13 06:05:00,-944.767162236
2018-03-13 06:06:00,-944.767162236
2018-03-13 06:07:00,-944.767162236
2018-03-13 06:08:00,-944.767162236
2018-03-13 06:09:00,-944.767162236
2018-03-13 06:10:00,-944.767162236
2018-03-13 06:11:00,-944.767162236
2018-03-13 06:12:00,-944.767162236
2018-03-13 06:13:00,-931.921618111
2018-03-13 06:14:00,-931.921618111
2018-03-13 06:15:00,-931.921618111
2018-03-13 06:16:00,-931.921618111
2018-03-13 06:17:00,-931.921618111
2018-03-13 06:18:00,-931.921618111
2018-03-13 06:19:00,-931.921618111
2018-03-13 06:20:00,-931.921618111
2018-03-13 06:21:00,-931.921618111
2018-03-13 06:22:00,-906.230529861
2018-03-13 06:23:00,-906.230529861
2018-03-13 06:24:00,-906.230529861
2018-03-13 06:25:00,-906.230529861
2018-03-13 06:26:00,-906.230529861
2018-03-13 06:27:00,-906.230529861
2018-03-13 06:28:00,-906.230529861
2018-03-13 06:29:00,-906.230529861
2018-03-13 06:30:00,-906.230529861
2018-03-13 06:31:00,-893.384985736
2018-03-13 06:32:00,-893.384985736
2018-03-13 06:33:00,-906.230529861
2018-03-13 06:34:00,-906.230529861
2018-03-13 06:35:00,-906.230529861
2018-03-13 06:36:00,-893.384985736
2018-03-13 06:37:00,-893.384985736
2018-03-13 06:38:00,-893.384985736
2018-03-13 06:39:00,-893.384985736
2018-03-13 06:40:00,-893.384985736
2018-03-13 06:41:00,-893.384985736
2018-03-13 06:42:00,-906.230529861
2018-03-13 06:43:00,-880.539441611
2018-03-13 06:44:00,-880.539441611
2018-03-13 06:45:00,-880.539441611
2018-03-13 06:46:00,-880.539441611
2018-03-13 06:47:00,-880.539441611
2018-03-13 06:48:00,-880.539441611
2018-03-13 06:49:00,-880.539441611
2018-03-13 06:50:00,-880.539441611
2018-03-13 06:51:00,-880.539441611
2018-03-13 06:52:00,-880.539441611
2018-03-13 06:53:00,-880.539441611
2018-03-13 06:54:00,-880.539441611
2018-03-13 06:55:00,-880.539441611
2018-03-13 06:56:00,-880.539441611
2018-03-13 06:57:00,-880.539441611
2018-03-13 06:58:00,-880.539441611
2018-03-13 06:59:00,-893.384985736
2018-03-13 07:00:00,-893.384985736
2018-03-13 07:01:00,-893.384985736
2018-03-13 07:02:00,-893.384985736
2018-03-13 07:03:00,-919.076073986
2018-03-13 07:04:00,-919.076073986
2018-03-13 07:05:00,-906.230529861
2018-03-13 07:06:00,-919.076073986
2018-03-13 07:07:00,-919.076073986
2018-03-13 07:08:00,-919.076073986
2018-03-13 07:09:00,-919.076073986
2018-03-13 07:10:00,-919.076073986
2018-03-13 07:11:00,-906.230529861
2018-03-13 07:12:00,-931.921618111
2018-03-13 07:13:00,-931.921618111
2018-03-13 07:14:00,-931.921618111
2018-03-13 07:15:00,-931.921618111
2018-03-13 07:16:00,-931.921618111
2018-03-13 07:17:00,-931.921618111
2018-03-13 07:18:00,-906.230529861
2018-03-13 07:19:00,-906.230529861
2018-03-13 07:20:00,-906.230529861
2018-03-13 07:21:00,-906.230529861
2018-03-13 07:22:00,-906.230529861
2018-03-13 07:23:00,-919.076073986
2018-03-13 07:24:00,-919.076073986
2018-03-13 07:25:00,-906.230529861
2018-03-13 07:26:00,-906.230529861
2018-03-13 07:27:00,-906.230529861
2018-03-13 07:28:00,-919.076073986
2018-03-13 07:29:00,-919.076073986
2018-03-13 07:30:00,-970.458250486
2018-03-13 07:31:00,-983.303794611
2018-03-13 07:32:00,-996.149338736
2018-03-13 07:33:00,-931.921618111
2018-03-13 07:34:00,-906.230529861
2018-03-13 07:35:00,-906.230529861
2018-03-13 07:36:00,-880.539441611
2018-03-13 07:37:00,-906.230529861
2018-03-13 07:38:00,-893.384985736
2018-03-13 07:39:00,-893.384985736
2018-03-13 07:40:00,-880.539441611
2018-03-13 07:41:00,-880.539441611
2018-03-13 07:42:00,-842.002809236
2018-03-13 07:43:00,-854.848353361
2018-03-13 07:44:00,-880.539441611
2018-03-13 07:45:00,-880.539441611
2018-03-13 07:46:00,-880.539441611
2018-03-13 07:47:00,-906.230529861
2018-03-13 07:48:00,-893.384985736
2018-03-13 07:49:00,-893.384985736
2018-03-13 07:50:00,-880.539441611
2018-03-13 07:51:00,-880.539441611
2018-03-13 07:52:00,-880.539441611
2018-03-13 07:53:00,-880.539441611
2018-03-13 07:54:00,-880.539441611
2018-03-13 07:55:00,-880.539441611
2018-03-13 07:56:00,-893.384985736
2018-03-13 07:57:00,-893.384985736
2018-03-13 07:58:00,-880.539441611
2018-03-13 07:59:00,-906.230529861
2018-03-13 08:00:00,-906.230529861
2018-03-13 08:01:00,-867.693897486
2018-03-13 08:02:00,-867.693897486
2018-03-13 08:03:00,-867.693897486
2018-03-13 08:04:00,-854.848353361
2018-03-13 08:05:00,-842.002809236
2018-03-13 08:06:00,-842.002809236
2018-03-13 08:07:00,-842.002809236
2018-03-13 08:08:00,-854.848353361
2018-03-13 08:09:00,-867.693897486
2018-03-13 08:10:00,-842.002809236
2018-03-13 08:11:00,-854.848353361
2018-03-13 08:12:00,-854.848353361
2018-03-13 08:13:00,-867.693897486
2018-03-13 08:14:00,-867.693897486
2018-03-13 08:15:00,-854.848353361
2018-03-13 08:16:00,-854.848353361
2018-03-13 08:17:00,-880.539441611
2018-03-13 08:18:00,-880.539441611
2018-03-13 08:19:00,-880.539441611
2018-03-13 08:20:00,-880.539441611
2018-03-13 08:21:00,-880.539441611
2018-03-13 08:22:00,-854.848353361
2018-03-13 08:23:00,-854.848353361
2018-03-13 08:24:00,-854.848353361
2018-03-13 08:25:00,-854.848353361
2018-03-13 08:26:00,-854.848353361
2018-03-13 08:27:00,-854.848353361
2018-03-13 08:28:00,-854.848353361
2018-03-13 08:29:00,-854.848353361
2018-03-13 08:30:00,-842.002809236
2018-03-13 08:31:00,-842.002809236
2018-03-13 08:32:00,-842.002809236
2018-03-13 08:33:00,-842.002809236
2018-03-13 08:34:00,-842.002809236
2018-03-13 08:35:00,-842.002809236
2018-03-13 08:36:00,-842.002809236
2018-03-13 08:37:00,-842.002809236
2018-03-13 08:38:00,-842.002809236
2018-03-13 08:39:00,-842.002809236
2018-03-13 08:40:00,-829.157265111
2018-03-13 08:41:00,-829.157265111
2018-03-13 08:42:00,-842.002809236
2018-03-13 08:43:00,-842.002809236
2018-03-13 08:44:00,-842.002809236
2018-03-13 08:45:00,-842.002809236
2018-03-13 08:46:00,-842.002809236
2018-03-13 08:47:00,-842.002809236
2018-03-13 08:48:00,-842.002809236
2018-03-13 08:49:00,-854.848353361
2018-03-13 08:50:00,-854.848353361
2018-03-13 08:51:00,-854.848353361
2018-03-13 08:52:00,-854.848353361
2018-03-13 08:53:00,-854.848353361
2018-03-13 08:54:00,-854.848353361
2018-03-13 08:55:00,-867.693897486
2018-03-13 08:56:00,-867.693897486
2018-03-13 08:57:00,-867.693897486
2018-03-13 08:58:00,-867.693897486
2018-03-13 08:59:00,-867.693897486
2018-03-13 09:00:00,-867.693897486
2018-03-13 09:01:00,-867.693897486
2018-03-13 09:02:00,-867.693897486
2018-03-13 09:03:00,-867.693897486
2018-03-13 09:04:00,-867.693897486
2018-03-13 09:05:00,-867.693897486
2018-03-13 09:06:00,-867.693897486
2018-03-13 09:07:00,-867.693897486
2018-03-13 09:08:00,-867.693897486
2018-03-13 09:09:00,-867.693897486
2018-03-13 09:10:00,-867.693897486
2018-03-13 09:11:00,-867.693897486
2018-03-13 09:12:00,-867.693897486
2018-03-13 09:13:00,-880.539441611
2018-03-13 09:14:00,-880.539441611
2018-03-13 09:15:00,-893.384985736
2018-03-13 09:16:00,-906.230529861
2018-03-13 09:17:00,-906.230529861
2018-03-13 09:18:00,-906.230529861
2018-03-13 09:19:00,-906.230529861
2018-03-13 09:20:00,-893.384985736
2018-03-13 09:21:00,-893.384985736
2018-03-13 09:22:00,-893.384985736
2018-03-13 09:23:00,-893.384985736
2018-03-13 09:24:00,-893.384985736
2018-03-13 09:25:00,-893.384985736
2018-03-13 09:26:00,-906.230529861
2018-03-13 09:27:00,-919.076073986
2018-03-13 09:28:00,-906.230529861
2018-03-13 09:29:00,-906.230529861
2018-03-13 09:30:00,-906.230529861
2018-03-13 09:31:00,-880.539441611
2018-03-13 09:32:00,-880.539441611
2018-03-13 09:33:00,-880.539441611
2018-03-13 09:34:00,-880.539441611
2018-03-13 09:35:00,-880.539441611
2018-03-13 09:36:00,-880.539441611
2018-03-13 09:37:00,-880.539441611
2018-03-13 09:38:00,-880.539441611
2018-03-13 09:39:00,-893.384985736
2018-03-13 09:40:00,-893.384985736
2018-03-13 09:41:00,-906.230529861
2018-03-13 09:42:00,-906.230529861
2018-03-13 09:43:00,-919.076073986
2018-03-13 09:44:00,-906.230529861
2018-03-13 09:45:00,-906.230529861
2018-03-13 09:46:00,-893.384985736
2018-03-13 09:47:00,-893.384985736
2018-03-13 09:48:00,-893.384985736
2018-03-13 09:49:00,-893.384985736
2018-03-13 09:50:00,-893.384985736
2018-03-13 09:51:00,-880.539441611
2018-03-13 09:52:00,-880.539441611
2018-03-13 09:53:00,-880.539441611
2018-03-13 09:54:00,-880.539441611
2018-03-13 09:55:00,-880.539441611
2018-03-13 09:56:00,-880.539441611
2018-03-13 09:57:00,-880.539441611
2018-03-13 09:58:00,-880.539441611
2018-03-13 09:59:00,-893.384985736
2018-03-13 10:00:00,-880.539441611
2018-03-13 10:01:00,-880.539441611
2018-03-13 10:02:00,-880.539441611
2018-03-13 10:03:00,-880.539441611
2018-03-13 10:04:00,-880.539441611
2018-03-13 10:05:00,-880.539441611
2018-03-13 10:06:00,-880.539441611
2018-03-13 10:07:00,-880.539441611
2018-03-13 10:08:00,-880.539441611
2018-03-13 10:09:00,-880.539441611
2018-03-13 10:10:00,-880.539441611
2018-03-13 10:11:00,-893.384985736
2018-03-13 10:12:00,-880.539441611
2018-03-13 10:13:00,-893.384985736
2018-03-13 10:14:00,-880.539441611
2018-03-13 10:15:00,-880.539441611
2018-03-13 10:16:00,-880.539441611
2018-03-13 10:17:00,-880.539441611
2018-03-13 10:18:00,-880.539441611
2018-03-13 10:19:00,-880.539441611
2018-03-13 10:20:00,-893.384985736
2018-03-13 10:21:00,-893.384985736
2018-03-13 10:22:00,-880.539441611
2018-03-13 10:23:00,-880.539441611
2018-03-13 10:24:00,-893.384985736
2018-03-13 10:25:00,-880.539441611
2018-03-13 10:26:00,-880.539441611
2018-03-13 10:27:00,-880.539441611
2018-03-13 10:28:00,-867.693897486
2018-03-13 10:29:00,-867.693897486
2018-03-13 10:30:00,-880.539441611
2018-03-13 10:31:00,-854.848353361
2018-03-13 10:32:00,-867.693897486
2018-03-13 10:33:00,-854.848353361
2018-03-13 10:34:00,-854.848353361
2018-03-13 10:35:00,-854.848353361
2018-03-13 10:36:00,-854.848353361
2018-03-13 10:37:00,-854.848353361
2018-03-13 10:38:00,-854.848353361
2018-03-13 10:39:00,-854.848353361
2018-03-13 10:40:00,-854.848353361
2018-03-13 10:41:00,-854.848353361
2018-03-13 10:42:00,-854.848353361
2018-03-13 10:43:00,-854.848353361
2018-03-13 10:44:00,-854.848353361
2018-03-13 10:45:00,-854.848353361
2018-03-13 10:46:00,-854.848353361
2018-03-13 10:47:00,-854.848353361
2018-03-13 10:48:00,-854.848353361
2018-03-13 10:49:00,-854.848353361
2018-03-13 10:50:00,-854.848353361
2018-03-13 10:51:00,-854.848353361
2018-03-13 10:52:00,-854.848353361
2018-03-13 10:53:00,-854.848353361
2018-03-13 10:54:00,-854.848353361
2018-03-13 10:55:00,-854.848353361
2018-03-13 10:56:00,-854.848353361
2018-03-13 10:57:00,-867.693897486
2018-03-13 10:58:00,-867.693897486
2018-03-13 10:59:00,-854.848353361
2018-03-13 11:00:00,-854.848353361
2018-03-13 11:01:00,-854.848353361
2018-03-13 11:02:00,-854.848353361
2018-03-13 11:03:00,-854.848353361
2018-03-13 11:04:00,-829.157265111
2018-03-13 11:05:00,-829.157265111
2018-03-13 11:06:00,-829.157265111
2018-03-13 11:07:00,-829.157265111
2018-03-13 11:08:00,-829.157265111
2018-03-13 11:09:00,-829.157265111
2018-03-13 11:10:00,-829.157265111
2018-03-13 11:11:00,-829.157265111
2018-03-13 11:12:00,-829.157265111
2018-03-13 11:13:00,-829.157265111
2018-03-13 11:14:00,-829.157265111
2018-03-13 11:15:00,-829.157265111
2018-03-13 11:16:00,-829.157265111
2018-03-13 11:17:00,-829.157265111
2018-03-13 11:18:00,-829.157265111
2018-03-13 11:19:00,-829.157265111
2018-03-13 11:20:00,-829.157265111
2018-03-13 11:21:00,-816.311720986
2018-03-13 11:22:00,-829.157265111
2018-03-13 11:23:00,-816.311720986
2018-03-13 11:24:00,-816.311720986
2018-03-13 11:25:00,-816.311720986
2018-03-13 11:26:00,-829.157265111
2018-03-13 11:27:00,-816.311720986
2018-03-13 11:28:00,-816.311720986
2018-03-13 11:29:00,-816.311720986
2018-03-13 11:30:00,-803.466176861
2018-03-13 11:31:00,-803.466176861
2018-03-13 11:32:00,-803.466176861
2018-03-13 11:33:00,-803.466176861
2018-03-13 11:34:00,-803.466176861
2018-03-13 11:35:00,-803.466176861
2018-03-13 11:36:00,-803.466176861
2018-03-13 11:37:00,-803.466176861
2018-03-13 11:38:00,-803.466176861
2018-03-13 11:39:00,-803.466176861
2018-03-13 11:40:00,-803.466176861
2018-03-13 11:41:00,-803.466176861
2018-03-13 11:42:00,-803.466176861
2018-03-13 11:43:00,-803.466176861
2018-03-13 11:44:00,-816.311720986
2018-03-13 11:45:00,-803.466176861
2018-03-13 11:46:00,-803.466176861
2018-03-13 11:47:00,-803.466176861
2018-03-13 11:48:00,-803.466176861
2018-03-13 11:49:00,-803.466176861
2018-03-13 11:50:00,-803.466176861
2018-03-13 11:51:00,-803.466176861
2018-03-13 11:52:00,-803.466176861
2018-03-13 11:53:00,-816.311720986
2018-03-13 11:54:00,-816.311720986
2018-03-13 11:55:00,-829.157265111
2018-03-13 11:56:00,-816.311720986
2018-03-13 11:57:00,-816.311720986
2018-03-13 11:58:00,-816.311720986
2018-03-13 11:59:00,-829.157265111
2018-03-13 12:00:00,-829.157265111
2018-03-13 12:01:00,-816.311720986
2018-03-13 12:02:00,-829.157265111
2018-03-13 12:03:00,-790.620632736
2018-03-13 12:04:00,-790.620632736
2018-03-13 12:05:00,-790.620632736
2018-03-13 12:06:00,-739.238456236
2018-03-13 12:07:00,-739.238456236
2018-03-13 12:08:00,-739.238456236
2018-03-13 12:09:00,-726.392912111
2018-03-13 12:10:00,-739.238456236
2018-03-13 12:11:00,-739.238456236
2018-03-13 12:12:00,-739.238456236
2018-03-13 12:13:00,-739.238456236
2018-03-13 12:14:00,-726.392912111
2018-03-13 12:15:00,-816.311720986
2018-03-13 12:16:00,-829.157265111
2018-03-13 12:17:00,-829.157265111
2018-03-13 12:18:00,-816.311720986
2018-03-13 12:19:00,-816.311720986
2018-03-13 12:20:00,-829.157265111
2018-03-13 12:21:00,-829.157265111
2018-03-13 12:22:00,-829.157265111
2018-03-13 12:23:00,-829.157265111
2018-03-13 12:24:00,-829.157265111
2018-03-13 12:25:00,-829.157265111
2018-03-13 12:26:00,-829.157265111
2018-03-13 12:27:00,-829.157265111
2018-03-13 12:28:00,-829.157265111
2018-03-13 12:29:00,-829.157265111
2018-03-13 12:30:00,-829.157265111
2018-03-13 12:31:00,-829.157265111
2018-03-13 12:32:00,-829.157265111
2018-03-13 12:33:00,-829.157265111
2018-03-13 12:34:00,-816.311720986
2018-03-13 12:35:00,-816.311720986
2018-03-13 12:36:00,-816.311720986
2018-03-13 12:37:00,-816.311720986
2018-03-13 12:38:00,-816.311720986
2018-03-13 12:39:00,-739.238456236
2018-03-13 12:40:00,-752.084000361
2018-03-13 12:41:00,-752.084000361
2018-03-13 12:42:00,-739.238456236
2018-03-13 12:43:00,-739.238456236
2018-03-13 12:44:00,-752.084000361
2018-03-13 12:45:00,-764.929544486
2018-03-13 12:46:00,-764.929544486
2018-03-13 12:47:00,-764.929544486
2018-03-13 12:48:00,-764.929544486
2018-03-13 12:49:00,-764.929544486
2018-03-13 12:50:00,-764.929544486
2018-03-13 12:51:00,-764.929544486
2018-03-13 12:52:00,-764.929544486
2018-03-13 12:53:00,-764.929544486
2018-03-13 12:54:00,-764.929544486
2018-03-13 12:55:00,-764.929544486
2018-03-13 12:56:00,-764.929544486
2018-03-13 12:57:00,-764.929544486
2018-03-13 12:58:00,-764.929544486
2018-03-13 12:59:00,-764.929544486
2018-03-14 02:29:00,-662.165191486
2018-03-14 02:30:00,-662.165191486
2018-03-14 02:31:00,-662.165191486
2018-03-14 02:32:00,-662.165191486
2018-03-14 02:33:00,-662.165191486
2018-03-14 02:34:00,-662.165191486
2018-03-14 02:35:00,-662.165191486
2018-03-14 02:36:00,-662.165191486
2018-03-14 02:37:00,-662.165191486
2018-03-14 02:38:00,-662.165191486
2018-03-14 02:39:00,-713.547367986
2018-03-14 02:40:00,-713.547367986
2018-03-14 02:41:00,-713.547367986
2018-03-14 02:42:00,-713.547367986
2018-03-14 02:43:00,-713.547367986
2018-03-14 02:44:00,-713.547367986
2018-03-14 02:45:00,-700.701823861
2018-03-14 02:46:00,-700.701823861
2018-03-14 02:47:00,-700.701823861
2018-03-14 02:48:00,-687.856279736
2018-03-14 02:49:00,-700.701823861
2018-03-14 02:50:00,-700.701823861
2018-03-14 02:51:00,-700.701823861
2018-03-14 02:52:00,-700.701823861
2018-03-14 02:53:00,-700.701823861
2018-03-14 02:54:00,-700.701823861
2018-03-14 02:55:00,-713.547367986
2018-03-14 02:56:00,-713.547367986
2018-03-14 02:57:00,-713.547367986
2018-03-14 02:58:00,-726.392912111
2018-03-14 02:59:00,-739.238456236
2018-03-14 03:00:00,-739.238456236
2018-03-14 03:01:00,-752.084000361
2018-03-14 03:02:00,-739.238456236
2018-03-14 03:03:00,-739.238456236
2018-03-14 03:04:00,-739.238456236
2018-03-14 03:05:00,-752.084000361
2018-03-14 03:06:00,-726.392912111
2018-03-14 03:07:00,-700.701823861
2018-03-14 03:08:00,-687.856279736
2018-03-14 03:09:00,-687.856279736
2018-03-14 03:10:00,-700.701823861
2018-03-14 03:11:00,-700.701823861
2018-03-14 03:12:00,-687.856279736
2018-03-14 03:13:00,-687.856279736
2018-03-14 03:14:00,-713.547367986
2018-03-14 03:15:00,-700.701823861
2018-03-14 03:16:00,-700.701823861
2018-03-14 03:17:00,-700.701823861
2018-03-14 03:18:00,-700.701823861
2018-03-14 03:19:00,-700.701823861
2018-03-14 03:20:00,-700.701823861
2018-03-14 03:21:00,-700.701823861
2018-03-14 03:22:00,-700.701823861
2018-03-14 03:23:00,-700.701823861
2018-03-14 03:24:00,-700.701823861
2018-03-14 03:25:00,-700.701823861
2018-03-14 03:26:00,-700.701823861
2018-03-14 03:27:00,-700.701823861
2018-03-14 03:28:00,-700.701823861
2018-03-14 03:29:00,-700.701823861
2018-03-14 03:30:00,-700.701823861
2018-03-14 03:31:00,-700.701823861
2018-03-14 03:32:00,-713.547367986
2018-03-14 03:33:00,-700.701823861
2018-03-14 03:34:00,-713.547367986
2018-03-14 03:35:00,-713.547367986
2018-03-14 03:36:00,-739.238456236
2018-03-14 03:37:00,-739.238456236
2018-03-14 03:38:00,-739.238456236
2018-03-14 03:39:00,-739.238456236
2018-03-14 03:40:00,-739.238456236
2018-03-14 03:41:00,-739.238456236
2018-03-14 03:42:00,-752.084000361
2018-03-14 03:43:00,-764.929544486
2018-03-14 03:44:00,-777.775088611
2018-03-14 03:45:00,-777.775088611
2018-03-14 03:46:00,-739.238456236
2018-03-14 03:47:00,-726.392912111
2018-03-14 03:48:00,-726.392912111
2018-03-14 03:49:00,-726.392912111
2018-03-14 03:50:00,-700.701823861
2018-03-14 03:51:00,-700.701823861
2018-03-14 03:52:00,-700.701823861
2018-03-14 03:53:00,-700.701823861
2018-03-14 03:54:00,-726.392912111
2018-03-14 03:55:00,-739.238456236
2018-03-14 03:56:00,-777.775088611
2018-03-14 03:57:00,-777.775088611
2018-03-14 03:58:00,-777.775088611
2018-03-14 03:59:00,-777.775088611
2018-03-14 04:00:00,-777.775088611
2018-03-14 04:01:00,-777.775088611
2018-03-14 04:02:00,-777.775088611
2018-03-14 04:03:00,-777.775088611
2018-03-14 04:04:00,-777.775088611
2018-03-14 04:05:00,-777.775088611
2018-03-14 04:06:00,-777.775088611
2018-03-14 04:07:00,-777.775088611
2018-03-14 04:08:00,-790.620632736
2018-03-14 04:09:00,-790.620632736
2018-03-14 04:10:00,-777.775088611
2018-03-14 04:11:00,-764.929544486
2018-03-14 04:12:00,-777.775088611
2018-03-14 04:13:00,-777.775088611
2018-03-14 04:14:00,-777.775088611
2018-03-14 04:15:00,-777.775088611
2018-03-14 04:16:00,-777.775088611
2018-03-14 04:17:00,-777.775088611
2018-03-14 04:18:00,-777.775088611
2018-03-14 04:19:00,-777.775088611
2018-03-14 04:20:00,-777.775088611
2018-03-14 04:21:00,-790.620632736
2018-03-14 04:22:00,-777.775088611
2018-03-14 04:23:00,-777.775088611
2018-03-14 04:24:00,-777.775088611
2018-03-14 04:25:00,-777.775088611
2018-03-14 04:26:00,-803.466176861
2018-03-14 04:27:00,-777.775088611
2018-03-14 04:28:00,-777.775088611
2018-03-14 04:29:00,-777.775088611
2018-03-14 04:30:00,-777.775088611
2018-03-14 04:31:00,-777.775088611
2018-03-14 04:32:00,-777.775088611
2018-03-14 04:33:00,-777.775088611
2018-03-14 04:34:00,-790.620632736
2018-03-14 04:35:00,-790.620632736
2018-03-14 04:36:00,-790.620632736
2018-03-14 04:37:00,-790.620632736
2018-03-14 04:38:00,-790.620632736
2018-03-14 04:39:00,-790.620632736
2018-03-14 04:40:00,-790.620632736
2018-03-14 04:41:00,-777.775088611
2018-03-14 04:42:00,-777.775088611
2018-03-14 04:43:00,-777.775088611
2018-03-14 04:44:00,-777.775088611
2018-03-14 04:45:00,-777.775088611
2018-03-14 04:46:00,-777.775088611
2018-03-14 04:47:00,-777.775088611
2018-03-14 04:48:00,-752.084000361
2018-03-14 04:49:00,-752.084000361
2018-03-14 04:50:00,-752.084000361
2018-03-14 04:51:00,-752.084000361
2018-03-14 04:52:00,-752.084000361
2018-03-14 04:53:00,-752.084000361
2018-03-14 04:54:00,-752.084000361
2018-03-14 04:55:00,-752.084000361
2018-03-14 04:56:00,-752.084000361
2018-03-14 04:57:00,-752.084000361
2018-03-14 04:58:00,-752.084000361
2018-03-14 04:59:00,-752.084000361
2018-03-14 05:00:00,-752.084000361
2018-03-14 05:01:00,-752.084000361
2018-03-14 05:02:00,-764.929544486
2018-03-14 05:03:00,-764.929544486
2018-03-14 05:04:00,-752.084000361
2018-03-14 05:05:00,-752.084000361
2018-03-14 05:06:00,-752.084000361
2018-03-14 05:07:00,-752.084000361
2018-03-14 05:08:00,-752.084000361
2018-03-14 05:09:00,-752.084000361
2018-03-14 05:10:00,-764.929544486
2018-03-14 05:11:00,-764.929544486
2018-03-14 05:12:00,-777.775088611
2018-03-14 05:13:00,-777.775088611
2018-03-14 05:14:00,-777.775088611
2018-03-14 05:15:00,-777.775088611
2018-03-14 05:16:00,-777.775088611
2018-03-14 05:17:00,-777.775088611
2018-03-14 05:18:00,-777.775088611
2018-03-14 05:19:00,-777.775088611
2018-03-14 05:20:00,-777.775088611
2018-03-14 05:21:00,-777.775088611
2018-03-14 05:22:00,-777.775088611
2018-03-14 05:23:00,-777.775088611
2018-03-14 05:24:00,-777.775088611
2018-03-14 05:25:00,-777.775088611
2018-03-14 05:26:00,-777.775088611
2018-03-14 05:27:00,-777.775088611
2018-03-14 05:28:00,-790.620632736
2018-03-14 05:29:00,-790.620632736
2018-03-14 05:30:00,-790.620632736
2018-03-14 05:31:00,-790.620632736
2018-03-14 05:32:00,-790.620632736
2018-03-14 05:33:00,-790.620632736
2018-03-14 05:34:00,-790.620632736
2018-03-14 05:35:00,-790.620632736
2018-03-14 05:36:00,-790.620632736
2018-03-14 05:37:00,-790.620632736
2018-03-14 05:38:00,-790.620632736
2018-03-14 05:39:00,-803.466176861
2018-03-14 05:40:00,-803.466176861
2018-03-14 05:41:00,-803.466176861
2018-03-14 05:42:00,-790.620632736
2018-03-14 05:43:00,-803.466176861
2018-03-14 05:44:00,-803.466176861
2018-03-14 05:45:00,-803.466176861
2018-03-14 05:46:00,-803.466176861
2018-03-14 05:47:00,-790.620632736
2018-03-14 05:48:00,-803.466176861
2018-03-14 05:49:00,-803.466176861
2018-03-14 05:50:00,-803.466176861
2018-03-14 05:51:00,-803.466176861
2018-03-14 05:52:00,-803.466176861
2018-03-14 05:53:00,-803.466176861
2018-03-14 05:54:00,-803.466176861
2018-03-14 05:55:00,-803.466176861
2018-03-14 05:56:00,-790.620632736
2018-03-14 05:57:00,-790.620632736
2018-03-14 05:58:00,-790.620632736
2018-03-14 05:59:00,-790.620632736
2018-03-14 06:00:00,-790.620632736
2018-03-14 06:01:00,-803.466176861
2018-03-14 06:02:00,-803.466176861
2018-03-14 06:03:00,-803.466176861
2018-03-14 06:04:00,-803.466176861
2018-03-14 06:05:00,-803.466176861
2018-03-14 06:06:00,-803.466176861
2018-03-14 06:07:00,-803.466176861
2018-03-14 06:08:00,-803.466176861
2018-03-14 06:09:00,-803.466176861
2018-03-14 06:10:00,-803.466176861
2018-03-14 06:11:00,-803.466176861
2018-03-14 06:12:00,-803.466176861
2018-03-14 06:13:00,-790.620632736
2018-03-14 06:14:00,-790.620632736
2018-03-14 06:15:00,-790.620632736
2018-03-14 06:16:00,-790.620632736
2018-03-14 06:17:00,-803.466176861
2018-03-14 06:18:00,-803.466176861
2018-03-14 06:19:00,-803.466176861
2018-03-14 06:20:00,-803.466176861
2018-03-14 06:21:00,-803.466176861
2018-03-14 06:22:00,-803.466176861
2018-03-14 06:23:00,-803.466176861
2018-03-14 06:24:00,-803.466176861
2018-03-14 06:25:00,-803.466176861
2018-03-14 06:26:00,-803.466176861
2018-03-14 06:27:00,-803.466176861
2018-03-14 06:28:00,-790.620632736
2018-03-14 06:29:00,-790.620632736
2018-03-14 06:30:00,-790.620632736
2018-03-14 06:31:00,-790.620632736
2018-03-14 06:32:00,-790.620632736
2018-03-14 06:33:00,-790.620632736
2018-03-14 06:34:00,-790.620632736
2018-03-14 06:35:00,-790.620632736
2018-03-14 06:36:00,-790.620632736
2018-03-14 06:37:00,-790.620632736
2018-03-14 06:38:00,-790.620632736
2018-03-14 06:39:00,-803.466176861
2018-03-14 06:40:00,-803.466176861
2018-03-14 06:41:00,-803.466176861
2018-03-14 06:42:00,-803.466176861
2018-03-14 06:43:00,-803.466176861
2018-03-14 06:44:00,-803.466176861
2018-03-14 06:45:00,-803.466176861
2018-03-14 06:46:00,-803.466176861
2018-03-14 06:47:00,-803.466176861
2018-03-14 06:48:00,-816.311720986
2018-03-14 06:49:00,-816.311720986
2018-03-14 06:50:00,-803.466176861
2018-03-14 06:51:00,-803.466176861
2018-03-14 06:52:00,-803.466176861
2018-03-14 06:53:00,-803.466176861
2018-03-14 06:54:00,-803.466176861
2018-03-14 06:55:00,-803.466176861
2018-03-14 06:56:00,-816.311720986
2018-03-14 06:57:00,-816.311720986
2018-03-14 06:58:00,-816.311720986
2018-03-14 06:59:00,-816.311720986
2018-03-14 07:00:00,-816.311720986
2018-03-14 07:01:00,-816.311720986
2018-03-14 07:02:00,-816.311720986
2018-03-14 07:03:00,-816.311720986
2018-03-14 07:04:00,-816.311720986
2018-03-14 07:05:00,-816.311720986
2018-03-14 07:06:00,-816.311720986
2018-03-14 07:07:00,-829.157265111
2018-03-14 07:08:00,-829.157265111
2018-03-14 07:09:00,-842.002809236
2018-03-14 07:10:00,-842.002809236
2018-03-14 07:11:00,-842.002809236
2018-03-14 07:12:00,-842.002809236
2018-03-14 07:13:00,-842.002809236
2018-03-14 07:14:00,-829.157265111
2018-03-14 07:15:00,-842.002809236
2018-03-14 07:16:00,-842.002809236
2018-03-14 07:17:00,-842.002809236
2018-03-14 07:18:00,-842.002809236
2018-03-14 07:19:00,-829.157265111
2018-03-14 07:20:00,-829.157265111
2018-03-14 07:21:00,-829.157265111
2018-03-14 07:22:00,-829.157265111
2018-03-14 07:23:00,-803.466176861
2018-03-14 07:24:00,-803.466176861
2018-03-14 07:25:00,-803.466176861
2018-03-14 07:26:00,-803.466176861
2018-03-14 07:27:00,-803.466176861
2018-03-14 07:28:00,-829.157265111
2018-03-14 07:29:00,-816.311720986
2018-03-14 07:30:00,-764.929544486
2018-03-14 07:31:00,-803.466176861
2018-03-14 07:32:00,-752.084000361
2018-03-14 07:33:00,-752.084000361
2018-03-14 07:34:00,-752.084000361
2018-03-14 07:35:00,-752.084000361
2018-03-14 07:36:00,-752.084000361
2018-03-14 07:37:00,-752.084000361
2018-03-14 07:38:00,-764.929544486
2018-03-14 07:39:00,-764.929544486
2018-03-14 07:40:00,-764.929544486
2018-03-14 07:41:00,-764.929544486
2018-03-14 07:42:00,-752.084000361
2018-03-14 07:43:00,-752.084000361
2018-03-14 07:44:00,-752.084000361
2018-03-14 07:45:00,-752.084000361
2018-03-14 07:46:00,-777.775088611
2018-03-14 07:47:00,-777.775088611
2018-03-14 07:48:00,-777.775088611
2018-03-14 07:49:00,-777.775088611
2018-03-14 07:50:00,-777.775088611
2018-03-14 07:51:00,-777.775088611
2018-03-14 07:52:00,-777.775088611
2018-03-14 07:53:00,-777.775088611
2018-03-14 07:54:00,-790.620632736
2018-03-14 07:55:00,-790.620632736
2018-03-14 07:56:00,-803.466176861
2018-03-14 07:57:00,-777.775088611
2018-03-14 07:58:00,-777.775088611
2018-03-14 07:59:00,-777.775088611
2018-03-14 08:00:00,-777.775088611
2018-03-14 08:01:00,-777.775088611
2018-03-14 08:02:00,-777.775088611
2018-03-14 08:03:00,-777.775088611
2018-03-14 08:04:00,-777.775088611
2018-03-14 08:05:00,-790.620632736
2018-03-14 08:06:00,-790.620632736
2018-03-14 08:07:00,-790.620632736
2018-03-14 08:08:00,-790.620632736
2018-03-14 08:09:00,-790.620632736
2018-03-14 08:10:00,-752.084000361
2018-03-14 08:11:00,-752.084000361
2018-03-14 08:12:00,-713.547367986
2018-03-14 08:13:00,-713.547367986
2018-03-14 08:14:00,-713.547367986
2018-03-14 08:15:00,-713.547367986
2018-03-14 08:16:00,-713.547367986
2018-03-14 08:17:00,-726.392912111
2018-03-14 08:18:00,-726.392912111
2018-03-14 08:19:00,-752.084000361
2018-03-14 08:20:00,-739.238456236
2018-03-14 08:21:00,-726.392912111
2018-03-14 08:22:00,-726.392912111
2018-03-14 08:23:00,-726.392912111
2018-03-14 08:24:00,-726.392912111
2018-03-14 08:25:00,-726.392912111
2018-03-14 08:26:00,-726.392912111
2018-03-14 08:27:00,-726.392912111
2018-03-14 08:28:00,-726.392912111
2018-03-14 08:29:00,-752.084000361
2018-03-14 08:30:00,-752.084000361
2018-03-14 08:31:00,-752.084000361
2018-03-14 08:32:00,-739.238456236
2018-03-14 08:33:00,-726.392912111
2018-03-14 08:34:00,-726.392912111
2018-03-14 08:35:00,-713.547367986
2018-03-14 08:36:00,-726.392912111
2018-03-14 08:37:00,-700.701823861
2018-03-14 08:38:00,-700.701823861
2018-03-14 08:39:00,-700.701823861
2018-03-14 08:40:00,-700.701823861
2018-03-14 08:41:00,-700.701823861
2018-03-14 08:42:00,-739.238456236
2018-03-14 08:43:00,-739.238456236
2018-03-14 08:44:00,-726.392912111
2018-03-14 08:45:00,-700.701823861
2018-03-14 08:46:00,-700.701823861
2018-03-14 08:47:00,-700.701823861
2018-03-14 08:48:00,-687.856279736
2018-03-14 08:49:00,-700.701823861
2018-03-14 08:50:00,-700.701823861
2018-03-14 08:51:00,-700.701823861
2018-03-14 08:52:00,-700.701823861
2018-03-14 08:53:00,-700.701823861
2018-03-14 08:54:00,-687.856279736
2018-03-14 08:55:00,-687.856279736
2018-03-14 08:56:00,-726.392912111
2018-03-14 08:57:00,-726.392912111
2018-03-14 08:58:00,-726.392912111
2018-03-14 08:59:00,-726.392912111
2018-03-14 09:00:00,-726.392912111
2018-03-14 09:01:00,-726.392912111
2018-03-14 09:02:00,-726.392912111
2018-03-14 09:03:00,-726.392912111
2018-03-14 09:04:00,-726.392912111
2018-03-14 09:05:00,-726.392912111
2018-03-14 09:06:00,-726.392912111
2018-03-14 09:07:00,-726.392912111
2018-03-14 09:08:00,-726.392912111
2018-03-14 09:09:00,-726.392912111
2018-03-14 09:10:00,-726.392912111
2018-03-14 09:11:00,-752.084000361
2018-03-14 09:12:00,-739.238456236
2018-03-14 09:13:00,-739.238456236
2018-03-14 09:14:00,-726.392912111
2018-03-14 09:15:00,-726.392912111
2018-03-14 09:16:00,-726.392912111
2018-03-14 09:17:00,-713.547367986
2018-03-14 09:18:00,-713.547367986
2018-03-14 09:19:00,-687.856279736
2018-03-14 09:20:00,-687.856279736
2018-03-14 09:21:00,-687.856279736
2018-03-14 09:22:00,-687.856279736
2018-03-14 09:23:00,-687.856279736
2018-03-14 09:24:00,-687.856279736
2018-03-14 09:25:00,-687.856279736
2018-03-14 09:26:00,-687.856279736
2018-03-14 09:27:00,-687.856279736
2018-03-14 09:28:00,-687.856279736
2018-03-14 09:29:00,-713.547367986
2018-03-14 09:30:00,-739.238456236
2018-03-14 09:31:00,-739.238456236
2018-03-14 09:32:00,-713.547367986
2018-03-14 09:33:00,-739.238456236
2018-03-14 09:34:00,-739.238456236
2018-03-14 09:35:00,-726.392912111
2018-03-14 09:36:00,-700.701823861
2018-03-14 09:37:00,-700.701823861
2018-03-14 09:38:00,-675.010735611
2018-03-14 09:39:00,-662.165191486
2018-03-14 09:40:00,-662.165191486
2018-03-14 09:41:00,-662.165191486
2018-03-14 09:42:00,-675.010735611
2018-03-14 09:43:00,-662.165191486
2018-03-14 09:44:00,-662.165191486
2018-03-14 09:45:00,-675.010735611
2018-03-14 09:46:00,-675.010735611
2018-03-14 09:47:00,-700.701823861
2018-03-14 09:48:00,-675.010735611
2018-03-14 09:49:00,-675.010735611
2018-03-14 09:50:00,-675.010735611
2018-03-14 09:51:00,-700.701823861
2018-03-14 09:52:00,-700.701823861
2018-03-14 09:53:00,-700.701823861
2018-03-14 09:54:00,-687.856279736
2018-03-14 09:55:00,-687.856279736
2018-03-14 09:56:00,-675.010735611
2018-03-14 09:57:00,-687.856279736
2018-03-14 09:58:00,-687.856279736
2018-03-14 09:59:00,-687.856279736
2018-03-14 10:00:00,-687.856279736
2018-03-14 10:01:00,-687.856279736
2018-03-14 10:02:00,-675.010735611
2018-03-14 10:03:00,-662.165191486
2018-03-14 10:04:00,-675.010735611
2018-03-14 10:05:00,-662.165191486
2018-03-14 10:06:00,-597.937470861
2018-03-14 10:07:00,-597.937470861
2018-03-14 10:08:00,-597.937470861
2018-03-14 10:09:00,-597.937470861
2018-03-14 10:10:00,-597.937470861
2018-03-14 10:11:00,-597.937470861
2018-03-14 10:12:00,-597.937470861
2018-03-14 10:13:00,-597.937470861
2018-03-14 10:14:00,-597.937470861
2018-03-14 10:15:00,-597.937470861
2018-03-14 10:16:00,-546.555294361
2018-03-14 10:17:00,-533.709750236
2018-03-14 10:18:00,-533.709750236
2018-03-14 10:19:00,-533.709750236
2018-03-14 10:20:00,-520.864206111
2018-03-14 10:21:00,-508.018661986
2018-03-14 10:22:00,-495.173117861
2018-03-14 10:23:00,-495.173117861
2018-03-14 10:24:00,-508.018661986
2018-03-14 10:25:00,-533.709750236
2018-03-14 10:26:00,-559.400838486
2018-03-14 10:27:00,-546.555294361
2018-03-14 10:28:00,-546.555294361
2018-03-14 10:29:00,-546.555294361
2018-03-14 10:30:00,-546.555294361
2018-03-14 10:31:00,-508.018661986
2018-03-14 10:32:00,-520.864206111
2018-03-14 10:33:00,-520.864206111
2018-03-14 10:34:00,-520.864206111
2018-03-14 10:35:00,-443.790941361
2018-03-14 10:36:00,-430.945397236
2018-03-14 10:37:00,-418.099853111
2018-03-14 10:38:00,-443.790941361
2018-03-14 10:39:00,-443.790941361
2018-03-14 10:40:00,-443.790941361
2018-03-14 10:41:00,-443.790941361
2018-03-14 10:42:00,-469.482029611
2018-03-14 10:43:00,-469.482029611
2018-03-14 10:44:00,-469.482029611
2018-03-14 10:45:00,-469.482029611
2018-03-14 10:46:00,-456.636485486
2018-03-14 10:47:00,-456.636485486
2018-03-14 10:48:00,-456.636485486
2018-03-14 10:49:00,-443.790941361
2018-03-14 10:50:00,-469.482029611
2018-03-14 10:51:00,-469.482029611
2018-03-14 10:52:00,-469.482029611
2018-03-14 10:53:00,-443.790941361
2018-03-14 10:54:00,-443.790941361
2018-03-14 10:55:00,-443.790941361
2018-03-14 10:56:00,-443.790941361
2018-03-14 10:57:00,-443.790941361
2018-03-14 10:58:00,-443.790941361
2018-03-14 10:59:00,-456.636485486
2018-03-14 11:00:00,-456.636485486
2018-03-14 11:01:00,-456.636485486
2018-03-14 11:02:00,-456.636485486
2018-03-14 11:03:00,-456.636485486
2018-03-14 11:04:00,-456.636485486
2018-03-14 11:05:00,-456.636485486
2018-03-14 11:06:00,-469.482029611
2018-03-14 11:07:00,-443.790941361
2018-03-14 11:08:00,-443.790941361
2018-03-14 11:09:00,-443.790941361
2018-03-14 11:10:00,-456.636485486
2018-03-14 11:11:00,-456.636485486
2018-03-14 11:12:00,-456.636485486
2018-03-14 11:13:00,-456.636485486
2018-03-14 11:14:00,-443.790941361
2018-03-14 11:15:00,-443.790941361
2018-03-14 11:16:00,-469.482029611
2018-03-14 11:17:00,-469.482029611
2018-03-14 11:18:00,-443.790941361
2018-03-14 11:19:00,-456.636485486
2018-03-14 11:20:00,-456.636485486
2018-03-14 11:21:00,-456.636485486
2018-03-14 11:22:00,-456.636485486
2018-03-14 11:23:00,-469.482029611
2018-03-14 11:24:00,-456.636485486
2018-03-14 11:25:00,-456.636485486
2018-03-14 11:26:00,-456.636485486
2018-03-14 11:27:00,-456.636485486
2018-03-14 11:28:00,-456.636485486
2018-03-14 11:29:00,-456.636485486
2018-03-14 11:30:00,-456.636485486
2018-03-14 11:31:00,-456.636485486
2018-03-14 11:32:00,-456.636485486
2018-03-14 11:33:00,-456.636485486
2018-03-14 11:34:00,-456.636485486
2018-03-14 11:35:00,-469.482029611
2018-03-14 11:36:00,-482.327573736
2018-03-14 11:37:00,-508.018661986
2018-03-14 11:38:00,-520.864206111
2018-03-14 11:39:00,-508.018661986
2018-03-14 11:40:00,-508.018661986
2018-03-14 11:41:00,-508.018661986
2018-03-14 11:42:00,-508.018661986
2018-03-14 11:43:00,-495.173117861
2018-03-14 11:44:00,-508.018661986
2018-03-14 11:45:00,-495.173117861
2018-03-14 11:46:00,-495.173117861
2018-03-14 11:47:00,-495.173117861
2018-03-14 11:48:00,-520.864206111
2018-03-14 11:49:00,-520.864206111
2018-03-14 11:50:00,-520.864206111
2018-03-14 11:51:00,-520.864206111
2018-03-14 11:52:00,-508.018661986
2018-03-14 11:53:00,-533.709750236
2018-03-14 11:54:00,-533.709750236
2018-03-14 11:55:00,-546.555294361
2018-03-14 11:56:00,-546.555294361
2018-03-14 11:57:00,-585.091926736
2018-03-14 11:58:00,-585.091926736
2018-03-14 11:59:00,-597.937470861
2018-03-14 12:00:00,-597.937470861
2018-03-14 12:01:00,-597.937470861
2018-03-14 12:02:00,-597.937470861
2018-03-14 12:03:00,-597.937470861
2018-03-14 12:04:00,-597.937470861
2018-03-14 12:05:00,-597.937470861
2018-03-14 12:06:00,-597.937470861
2018-03-14 12:07:00,-597.937470861
2018-03-14 12:08:00,-597.937470861
2018-03-14 12:09:00,-597.937470861
2018-03-14 12:10:00,-597.937470861
2018-03-14 12:11:00,-597.937470861
2018-03-14 12:12:00,-597.937470861
2018-03-14 12:13:00,-597.937470861
2018-03-14 12:14:00,-597.937470861
2018-03-14 12:15:00,-597.937470861
2018-03-14 12:16:00,-597.937470861
2018-03-14 12:17:00,-597.937470861
2018-03-14 12:18:00,-585.091926736
2018-03-14 12:19:00,-572.246382611
2018-03-14 12:20:00,-572.246382611
2018-03-14 12:21:00,-572.246382611
2018-03-14 12:22:00,-572.246382611
2018-03-14 12:23:00,-572.246382611
2018-03-14 12:24:00,-572.246382611
2018-03-14 12:25:00,-572.246382611
2018-03-14 12:26:00,-572.246382611
2018-03-14 12:27:00,-572.246382611
2018-03-14 12:28:00,-572.246382611
2018-03-14 12:29:00,-572.246382611
2018-03-14 12:30:00,-572.246382611
2018-03-14 12:31:00,-597.937470861
2018-03-14 12:32:00,-597.937470861
2018-03-14 12:33:00,-597.937470861
2018-03-14 12:34:00,-597.937470861
2018-03-14 12:35:00,-597.937470861
2018-03-14 12:36:00,-597.937470861
2018-03-14 12:37:00,-597.937470861
2018-03-14 12:38:00,-597.937470861
2018-03-14 12:39:00,-597.937470861
2018-03-14 12:40:00,-597.937470861
2018-03-14 12:41:00,-597.937470861
2018-03-14 12:42:00,-597.937470861
2018-03-14 12:43:00,-585.091926736
2018-03-14 12:44:00,-585.091926736
2018-03-14 12:45:00,-585.091926736
2018-03-14 12:46:00,-585.091926736
2018-03-14 12:47:00,-585.091926736
2018-03-14 12:48:00,-610.783014986
2018-03-14 12:49:00,-610.783014986
2018-03-14 12:50:00,-597.937470861
2018-03-14 12:51:00,-597.937470861
2018-03-14 12:52:00,-597.937470861
2018-03-14 12:53:00,-597.937470861
2018-03-14 12:54:00,-597.937470861
2018-03-14 12:55:00,-610.783014986
2018-03-14 12:56:00,-610.783014986
2018-03-14 12:57:00,-610.783014986
2018-03-14 12:58:00,-610.783014986
2018-03-14 12:59:00,-610.783014986
2018-03-15 02:29:00,-199.724575343
2018-03-15 02:30:00,-199.724575343
2018-03-15 02:31:00,-199.724575343
2018-03-15 02:32:00,-199.724575343
2018-03-15 02:33:00,-199.724575343
2018-03-15 02:34:00,-199.724575343
2018-03-15 02:35:00,-199.724575343
2018-03-15 02:36:00,-199.724575343
2018-03-15 02:37:00,-199.724575343
2018-03-15 02:38:00,-199.724575343
2018-03-15 02:39:00,-199.724575343
2018-03-15 02:40:00,-199.724575343
2018-03-15 02:41:00,-199.724575343
2018-03-15 02:42:00,-199.724575343
2018-03-15 02:43:00,-585.090899093
2018-03-15 02:44:00,-585.090899093
2018-03-15 02:45:00,-585.090899093
2018-03-15 02:46:00,-585.090899093
2018-03-15 02:47:00,-585.090899093
2018-03-15 02:48:00,-610.781987343
2018-03-15 02:49:00,-623.627531468
2018-03-15 02:50:00,-623.627531468
2018-03-15 02:51:00,-623.627531468
2018-03-15 02:52:00,-623.627531468
2018-03-15 02:53:00,-623.627531468
2018-03-15 02:54:00,-623.627531468
2018-03-15 02:55:00,-610.781987343
2018-03-15 02:56:00,-610.781987343
2018-03-15 02:57:00,-610.781987343
2018-03-15 02:58:00,-636.473075593
2018-03-15 02:59:00,-649.318619718
2018-03-15 03:00:00,-636.473075593
2018-03-15 03:01:00,-610.781987343
2018-03-15 03:02:00,-623.627531468
2018-03-15 03:03:00,-636.473075593
2018-03-15 03:04:00,-623.627531468
2018-03-15 03:05:00,-623.627531468
2018-03-15 03:06:00,-623.627531468
2018-03-15 03:07:00,-623.627531468
2018-03-15 03:08:00,-623.627531468
2018-03-15 03:09:00,-649.318619718
2018-03-15 03:10:00,-662.164163843
2018-03-15 03:11:00,-662.164163843
2018-03-15 03:12:00,-662.164163843
2018-03-15 03:13:00,-675.009707968
2018-03-15 03:14:00,-675.009707968
2018-03-15 03:15:00,-662.164163843
2018-03-15 03:16:00,-675.009707968
2018-03-15 03:17:00,-662.164163843
2018-03-15 03:18:00,-662.164163843
2018-03-15 03:19:00,-649.318619718
2018-03-15 03:20:00,-597.936443218
2018-03-15 03:21:00,-597.936443218
2018-03-15 03:22:00,-597.936443218
2018-03-15 03:23:00,-597.936443218
2018-03-15 03:24:00,-572.245354968
2018-03-15 03:25:00,-572.245354968
2018-03-15 03:26:00,-572.245354968
2018-03-15 03:27:00,-572.245354968
2018-03-15 03:28:00,-572.245354968
2018-03-15 03:29:00,-572.245354968
2018-03-15 03:30:00,-572.245354968
2018-03-15 03:31:00,-559.399810843
2018-03-15 03:32:00,-559.399810843
2018-03-15 03:33:00,-559.399810843
2018-03-15 03:34:00,-559.399810843
2018-03-15 03:35:00,-559.399810843
2018-03-15 03:36:00,-559.399810843
2018-03-15 03:37:00,-559.399810843
2018-03-15 03:38:00,-559.399810843
2018-03-15 03:39:00,-559.399810843
2018-03-15 03:40:00,-559.399810843
2018-03-15 03:41:00,-559.399810843
2018-03-15 03:42:00,-559.399810843
2018-03-15 03:43:00,-559.399810843
2018-03-15 03:44:00,-559.399810843
2018-03-15 03:45:00,-559.399810843
2018-03-15 03:46:00,-559.399810843
2018-03-15 03:47:00,-559.399810843
2018-03-15 03:48:00,-559.399810843
2018-03-15 03:49:00,-559.399810843
2018-03-15 03:50:00,-559.399810843
2018-03-15 03:51:00,-572.245354968
2018-03-15 03:52:00,-572.245354968
2018-03-15 03:53:00,-572.245354968
2018-03-15 03:54:00,-572.245354968
2018-03-15 03:55:00,-572.245354968
2018-03-15 03:56:00,-572.245354968
2018-03-15 03:57:00,-572.245354968
2018-03-15 03:58:00,-572.245354968
2018-03-15 03:59:00,-572.245354968
2018-03-15 04:00:00,-572.245354968
2018-03-15 04:01:00,-572.245354968
2018-03-15 04:02:00,-572.245354968
2018-03-15 04:03:00,-572.245354968
2018-03-15 04:04:00,-572.245354968
2018-03-15 04:05:00,-572.245354968
2018-03-15 04:06:00,-572.245354968
2018-03-15 04:07:00,-572.245354968
2018-03-15 04:08:00,-572.245354968
2018-03-15 04:09:00,-572.245354968
2018-03-15 04:10:00,-546.554266718
2018-03-15 04:11:00,-559.399810843
2018-03-15 04:12:00,-559.399810843
2018-03-15 04:13:00,-559.399810843
2018-03-15 04:14:00,-610.781987343
2018-03-15 04:15:00,-623.627531468
2018-03-15 04:16:00,-623.627531468
2018-03-15 04:17:00,-597.936443218
2018-03-15 04:18:00,-597.936443218
2018-03-15 04:19:00,-597.936443218
2018-03-15 04:20:00,-597.936443218
2018-03-15 04:21:00,-597.936443218
2018-03-15 04:22:00,-610.781987343
2018-03-15 04:23:00,-610.781987343
2018-03-15 04:24:00,-623.627531468
2018-03-15 04:25:00,-610.781987343
2018-03-15 04:26:00,-636.473075593
2018-03-15 04:27:00,-623.627531468
2018-03-15 04:28:00,-623.627531468
2018-03-15 04:29:00,-636.473075593
2018-03-15 04:30:00,-636.473075593
2018-03-15 04:31:00,-636.473075593
2018-03-15 04:32:00,-623.627531468
2018-03-15 04:33:00,-610.781987343
2018-03-15 04:34:00,-623.627531468
2018-03-15 04:35:00,-623.627531468
2018-03-15 04:36:00,-623.627531468
2018-03-15 04:37:00,-623.627531468
2018-03-15 04:38:00,-623.627531468
2018-03-15 04:39:00,-610.781987343
2018-03-15 04:40:00,-610.781987343
2018-03-15 04:41:00,-597.936443218
2018-03-15 04:42:00,-572.245354968
2018-03-15 04:43:00,-572.245354968
2018-03-15 04:44:00,-572.245354968
2018-03-15 04:45:00,-572.245354968
2018-03-15 04:46:00,-585.090899093
2018-03-15 04:47:00,-585.090899093
2018-03-15 04:48:00,-572.245354968
2018-03-15 04:49:00,-585.090899093
2018-03-15 04:50:00,-585.090899093
2018-03-15 04:51:00,-585.090899093
2018-03-15 04:52:00,-585.090899093
2018-03-15 04:53:00,-597.936443218
2018-03-15 04:54:00,-610.781987343
2018-03-15 04:55:00,-610.781987343
2018-03-15 04:56:00,-623.627531468
2018-03-15 04:57:00,-636.473075593
2018-03-15 04:58:00,-623.627531468
2018-03-15 04:59:00,-610.781987343
2018-03-15 05:00:00,-610.781987343
2018-03-15 05:01:00,-597.936443218
2018-03-15 05:02:00,-597.936443218
2018-03-15 05:03:00,-597.936443218
2018-03-15 05:04:00,-597.936443218
2018-03-15 05:05:00,-597.936443218
2018-03-15 05:06:00,-597.936443218
2018-03-15 05:07:00,-597.936443218
2018-03-15 05:08:00,-610.781987343
2018-03-15 05:09:00,-623.627531468
2018-03-15 05:10:00,-623.627531468
2018-03-15 05:11:00,-623.627531468
2018-03-15 05:12:00,-623.627531468
2018-03-15 05:13:00,-610.781987343
2018-03-15 05:14:00,-623.627531468
2018-03-15 05:15:00,-623.627531468
2018-03-15 05:16:00,-610.781987343
2018-03-15 05:17:00,-610.781987343
2018-03-15 05:18:00,-623.627531468
2018-03-15 05:19:00,-623.627531468
2018-03-15 05:20:00,-610.781987343
2018-03-15 05:21:00,-610.781987343
2018-03-15 05:22:00,-597.936443218
2018-03-15 05:23:00,-585.090899093
2018-03-15 05:24:00,-585.090899093
2018-03-15 05:25:00,-597.936443218
2018-03-15 05:26:00,-597.936443218
2018-03-15 05:27:00,-610.781987343
2018-03-15 05:28:00,-610.781987343
2018-03-15 05:29:00,-610.781987343
2018-03-15 05:30:00,-572.245354968
2018-03-15 05:31:00,-559.399810843
2018-03-15 05:32:00,-559.399810843
2018-03-15 05:33:00,-559.399810843
2018-03-15 05:34:00,-520.863178468
2018-03-15 05:35:00,-533.708722593
2018-03-15 05:36:00,-546.554266718
2018-03-15 05:37:00,-546.554266718
2018-03-15 05:38:00,-546.554266718
2018-03-15 05:39:00,-533.708722593
2018-03-15 05:40:00,-520.863178468
2018-03-15 05:41:00,-520.863178468
2018-03-15 05:42:00,-520.863178468
2018-03-15 05:43:00,-520.863178468
2018-03-15 05:44:00,-520.863178468
2018-03-15 05:45:00,-520.863178468
2018-03-15 05:46:00,-520.863178468
2018-03-15 05:47:00,-520.863178468
2018-03-15 05:48:00,-520.863178468
2018-03-15 05:49:00,-520.863178468
2018-03-15 05:50:00,-520.863178468
2018-03-15 05:51:00,-520.863178468
2018-03-15 05:52:00,-520.863178468
2018-03-15 05:53:00,-520.863178468
2018-03-15 05:54:00,-520.863178468
2018-03-15 05:55:00,-520.863178468
2018-03-15 05:56:00,-520.863178468
2018-03-15 05:57:00,-520.863178468
2018-03-15 05:58:00,-520.863178468
2018-03-15 05:59:00,-520.863178468
2018-03-15 06:00:00,-520.863178468
2018-03-15 06:01:00,-520.863178468
2018-03-15 06:02:00,-520.863178468
2018-03-15 06:03:00,-520.863178468
2018-03-15 06:04:00,-520.863178468
2018-03-15 06:05:00,-520.863178468
2018-03-15 06:06:00,-520.863178468
2018-03-15 06:07:00,-520.863178468
2018-03-15 06:08:00,-520.863178468
2018-03-15 06:09:00,-520.863178468
2018-03-15 06:10:00,-520.863178468
2018-03-15 06:11:00,-520.863178468
2018-03-15 06:12:00,-520.863178468
2018-03-15 06:13:00,-520.863178468
2018-03-15 06:14:00,-520.863178468
2018-03-15 06:15:00,-520.863178468
2018-03-15 06:16:00,-520.863178468
2018-03-15 06:17:00,-520.863178468
2018-03-15 06:18:00,-520.863178468
2018-03-15 06:19:00,-520.863178468
2018-03-15 06:20:00,-520.863178468
2018-03-15 06:21:00,-520.863178468
2018-03-15 06:22:00,-520.863178468
2018-03-15 06:23:00,-520.863178468
2018-03-15 06:24:00,-533.708722593
2018-03-15 06:25:00,-520.863178468
2018-03-15 06:26:00,-533.708722593
2018-03-15 06:27:00,-520.863178468
2018-03-15 06:28:00,-533.708722593
2018-03-15 06:29:00,-546.554266718
2018-03-15 06:30:00,-546.554266718
2018-03-15 06:31:00,-546.554266718
2018-03-15 06:32:00,-546.554266718
2018-03-15 06:33:00,-546.554266718
2018-03-15 06:34:00,-533.708722593
2018-03-15 06:35:00,-533.708722593
2018-03-15 06:36:00,-533.708722593
2018-03-15 06:37:00,-533.708722593
2018-03-15 06:38:00,-533.708722593
2018-03-15 06:39:00,-533.708722593
2018-03-15 06:40:00,-533.708722593
2018-03-15 06:41:00,-533.708722593
2018-03-15 06:42:00,-533.708722593
2018-03-15 06:43:00,-533.708722593
2018-03-15 06:44:00,-533.708722593
2018-03-15 06:45:00,-533.708722593
2018-03-15 06:46:00,-533.708722593
2018-03-15 06:47:00,-520.863178468
2018-03-15 06:48:00,-520.863178468
2018-03-15 06:49:00,-546.554266718
2018-03-15 06:50:00,-546.554266718
2018-03-15 06:51:00,-520.863178468
2018-03-15 06:52:00,-533.708722593
2018-03-15 06:53:00,-520.863178468
2018-03-15 06:54:00,-546.554266718
2018-03-15 06:55:00,-546.554266718
2018-03-15 06:56:00,-533.708722593
2018-03-15 06:57:00,-546.554266718
2018-03-15 06:58:00,-559.399810843
2018-03-15 06:59:00,-559.399810843
2018-03-15 07:00:00,-546.554266718
2018-03-15 07:01:00,-546.554266718
2018-03-15 07:02:00,-546.554266718
2018-03-15 07:03:00,-559.399810843
2018-03-15 07:04:00,-546.554266718
2018-03-15 07:05:00,-546.554266718
2018-03-15 07:06:00,-546.554266718
2018-03-15 07:07:00,-546.554266718
2018-03-15 07:08:00,-546.554266718
2018-03-15 07:09:00,-546.554266718
2018-03-15 07:10:00,-546.554266718
2018-03-15 07:11:00,-546.554266718
2018-03-15 07:12:00,-559.399810843
2018-03-15 07:13:00,-559.399810843
2018-03-15 07:14:00,-559.399810843
2018-03-15 07:15:00,-559.399810843
2018-03-15 07:16:00,-546.554266718
2018-03-15 07:17:00,-546.554266718
2018-03-15 07:18:00,-559.399810843
2018-03-15 07:19:00,-559.399810843
2018-03-15 07:20:00,-546.554266718
2018-03-15 07:21:00,-546.554266718
2018-03-15 07:22:00,-546.554266718
2018-03-15 07:23:00,-546.554266718
2018-03-15 07:24:00,-533.708722593
2018-03-15 07:25:00,-533.708722593
2018-03-15 07:26:00,-533.708722593
2018-03-15 07:27:00,-520.863178468
2018-03-15 07:28:00,-546.554266718
2018-03-15 07:29:00,-546.554266718
2018-03-15 07:30:00,-559.399810843
2018-03-15 07:31:00,-546.554266718
2018-03-15 07:32:00,-559.399810843
2018-03-15 07:33:00,-559.399810843
2018-03-15 07:34:00,-546.554266718
2018-03-15 07:35:00,-546.554266718
2018-03-15 07:36:00,-546.554266718
2018-03-15 07:37:00,-546.554266718
2018-03-15 07:38:00,-546.554266718
2018-03-15 07:39:00,-559.399810843
2018-03-15 07:40:00,-559.399810843
2018-03-15 07:41:00,-559.399810843
2018-03-15 07:42:00,-559.399810843
2018-03-15 07:43:00,-559.399810843
2018-03-15 07:44:00,-520.863178468
2018-03-15 07:45:00,-533.708722593
2018-03-15 07:46:00,-533.708722593
2018-03-15 07:47:00,-533.708722593
2018-03-15 07:48:00,-520.863178468
2018-03-15 07:49:00,-533.708722593
2018-03-15 07:50:00,-520.863178468
2018-03-15 07:51:00,-533.708722593
2018-03-15 07:52:00,-533.708722593
2018-03-15 07:53:00,-520.863178468
2018-03-15 07:54:00,-520.863178468
2018-03-15 07:55:00,-520.863178468
2018-03-15 07:56:00,-520.863178468
2018-03-15 07:57:00,-520.863178468
2018-03-15 07:58:00,-546.554266718
2018-03-15 07:59:00,-559.399810843
2018-03-15 08:00:00,-546.554266718
2018-03-15 08:01:00,-559.399810843
2018-03-15 08:02:00,-559.399810843
2018-03-15 08:03:00,-559.399810843
2018-03-15 08:04:00,-559.399810843
2018-03-15 08:05:00,-559.399810843
2018-03-15 08:06:00,-559.399810843
2018-03-15 08:07:00,-546.554266718
2018-03-15 08:08:00,-546.554266718
2018-03-15 08:09:00,-546.554266718
2018-03-15 08:10:00,-546.554266718
2018-03-15 08:11:00,-546.554266718
2018-03-15 08:12:00,-546.554266718
2018-03-15 08:13:00,-546.554266718
2018-03-15 08:14:00,-546.554266718
2018-03-15 08:15:00,-546.554266718
2018-03-15 08:16:00,-546.554266718
2018-03-15 08:17:00,-546.554266718
2018-03-15 08:18:00,-546.554266718
2018-03-15 08:19:00,-572.245354968
2018-03-15 08:20:00,-572.245354968
2018-03-15 08:21:00,-572.245354968
2018-03-15 08:22:00,-546.554266718
2018-03-15 08:23:00,-559.399810843
2018-03-15 08:24:00,-559.399810843
2018-03-15 08:25:00,-559.399810843
2018-03-15 08:26:00,-559.399810843
2018-03-15 08:27:00,-559.399810843
2018-03-15 08:28:00,-559.399810843
2018-03-15 08:29:00,-572.245354968
2018-03-15 08:30:00,-572.245354968
2018-03-15 08:31:00,-572.245354968
2018-03-15 08:32:00,-572.245354968
2018-03-15 08:33:00,-559.399810843
2018-03-15 08:34:00,-559.399810843
2018-03-15 08:35:00,-572.245354968
2018-03-15 08:36:00,-559.399810843
2018-03-15 08:37:00,-572.245354968
2018-03-15 08:38:00,-559.399810843
2018-03-15 08:39:00,-559.399810843
2018-03-15 08:40:00,-559.399810843
2018-03-15 08:41:00,-559.399810843
2018-03-15 08:42:00,-572.245354968
2018-03-15 08:43:00,-572.245354968
2018-03-15 08:44:00,-572.245354968
2018-03-15 08:45:00,-572.245354968
2018-03-15 08:46:00,-572.245354968
2018-03-15 08:47:00,-546.554266718
2018-03-15 08:48:00,-546.554266718
2018-03-15 08:49:00,-546.554266718
2018-03-15 08:50:00,-546.554266718
2018-03-15 08:51:00,-546.554266718
2018-03-15 08:52:00,-546.554266718
2018-03-15 08:53:00,-546.554266718
2018-03-15 08:54:00,-546.554266718
2018-03-15 08:55:00,-546.554266718
2018-03-15 08:56:00,-572.245354968
2018-03-15 08:57:00,-546.554266718
2018-03-15 08:58:00,-546.554266718
2018-03-15 08:59:00,-520.863178468
2018-03-15 09:00:00,-520.863178468
2018-03-15 09:01:00,-520.863178468
2018-03-15 09:02:00,-520.863178468
2018-03-15 09:03:00,-520.863178468
2018-03-15 09:04:00,-533.708722593
2018-03-15 09:05:00,-533.708722593
2018-03-15 09:06:00,-533.708722593
2018-03-15 09:07:00,-533.708722593
2018-03-15 09:08:00,-520.863178468
2018-03-15 09:09:00,-520.863178468
2018-03-15 09:10:00,-520.863178468
2018-03-15 09:11:00,-520.863178468
2018-03-15 09:12:00,-508.017634343
2018-03-15 09:13:00,-520.863178468
2018-03-15 09:14:00,-508.017634343
2018-03-15 09:15:00,-508.017634343
2018-03-15 09:16:00,-508.017634343
2018-03-15 09:17:00,-508.017634343
2018-03-15 09:18:00,-508.017634343
2018-03-15 09:19:00,-508.017634343
2018-03-15 09:20:00,-508.017634343
2018-03-15 09:21:00,-508.017634343
2018-03-15 09:22:00,-508.017634343
2018-03-15 09:23:00,-508.017634343
2018-03-15 09:24:00,-508.017634343
2018-03-15 09:25:00,-520.863178468
2018-03-15 09:26:00,-520.863178468
2018-03-15 09:27:00,-520.863178468
2018-03-15 09:28:00,-508.017634343
2018-03-15 09:29:00,-508.017634343
2018-03-15 09:30:00,-520.863178468
2018-03-15 09:31:00,-508.017634343
2018-03-15 09:32:00,-508.017634343
2018-03-15 09:33:00,-520.863178468
2018-03-15 09:34:00,-508.017634343
2018-03-15 09:35:00,-495.172090218
2018-03-15 09:36:00,-495.172090218
2018-03-15 09:37:00,-495.172090218
2018-03-15 09:38:00,-508.017634343
2018-03-15 09:39:00,-508.017634343
2018-03-15 09:40:00,-508.017634343
2018-03-15 09:41:00,-508.017634343
2018-03-15 09:42:00,-495.172090218
2018-03-15 09:43:00,-508.017634343
2018-03-15 09:44:00,-508.017634343
2018-03-15 09:45:00,-508.017634343
2018-03-15 09:46:00,-508.017634343
2018-03-15 09:47:00,-508.017634343
2018-03-15 09:48:00,-495.172090218
2018-03-15 09:49:00,-495.172090218
2018-03-15 09:50:00,-495.172090218
2018-03-15 09:51:00,-495.172090218
2018-03-15 09:52:00,-495.172090218
2018-03-15 09:53:00,-495.172090218
2018-03-15 09:54:00,-495.172090218
2018-03-15 09:55:00,-495.172090218
2018-03-15 09:56:00,-495.172090218
2018-03-15 09:57:00,-495.172090218
2018-03-15 09:58:00,-495.172090218
2018-03-15 09:59:00,-495.172090218
2018-03-15 10:00:00,-495.172090218
2018-03-15 10:01:00,-520.863178468
2018-03-15 10:02:00,-520.863178468
2018-03-15 10:03:00,-520.863178468
2018-03-15 10:04:00,-520.863178468
2018-03-15 10:05:00,-508.017634343
2018-03-15 10:06:00,-508.017634343
2018-03-15 10:07:00,-508.017634343
2018-03-15 10:08:00,-508.017634343
2018-03-15 10:09:00,-508.017634343
2018-03-15 10:10:00,-495.172090218
2018-03-15 10:11:00,-495.172090218
2018-03-15 10:12:00,-508.017634343
2018-03-15 10:13:00,-508.017634343
2018-03-15 10:14:00,-508.017634343
2018-03-15 10:15:00,-508.017634343
2018-03-15 10:16:00,-533.708722593
2018-03-15 10:17:00,-533.708722593
2018-03-15 10:18:00,-533.708722593
2018-03-15 10:19:00,-533.708722593
2018-03-15 10:20:00,-546.554266718
2018-03-15 10:21:00,-559.399810843
2018-03-15 10:22:00,-572.245354968
2018-03-15 10:23:00,-572.245354968
2018-03-15 10:24:00,-546.554266718
2018-03-15 10:25:00,-546.554266718
2018-03-15 10:26:00,-572.245354968
2018-03-15 10:27:00,-572.245354968
2018-03-15 10:28:00,-546.554266718
2018-03-15 10:29:00,-533.708722593
2018-03-15 10:30:00,-533.708722593
2018-03-15 10:31:00,-533.708722593
2018-03-15 10:32:00,-546.554266718
2018-03-15 10:33:00,-546.554266718
2018-03-15 10:34:00,-546.554266718
2018-03-15 10:35:00,-546.554266718
2018-03-15 10:36:00,-546.554266718
2018-03-15 10:37:00,-546.554266718
2018-03-15 10:38:00,-559.399810843
2018-03-15 10:39:00,-559.399810843
2018-03-15 10:40:00,-572.245354968
2018-03-15 10:41:00,-546.554266718
2018-03-15 10:42:00,-546.554266718
2018-03-15 10:43:00,-546.554266718
2018-03-15 10:44:00,-546.554266718
2018-03-15 10:45:00,-546.554266718
2018-03-15 10:46:00,-546.554266718
2018-03-15 10:47:00,-546.554266718
2018-03-15 10:48:00,-546.554266718
2018-03-15 10:49:00,-546.554266718
2018-03-15 10:50:00,-546.554266718
2018-03-15 10:51:00,-546.554266718
2018-03-15 10:52:00,-546.554266718
2018-03-15 10:53:00,-546.554266718
2018-03-15 10:54:00,-546.554266718
2018-03-15 10:55:00,-520.863178468
2018-03-15 10:56:00,-533.708722593
2018-03-15 10:57:00,-533.708722593
2018-03-15 10:58:00,-546.554266718
2018-03-15 10:59:00,-533.708722593
2018-03-15 11:00:00,-533.708722593
2018-03-15 11:01:00,-533.708722593
2018-03-15 11:02:00,-533.708722593
2018-03-15 11:03:00,-520.863178468
2018-03-15 11:04:00,-520.863178468
2018-03-15 11:05:00,-533.708722593
2018-03-15 11:06:00,-533.708722593
2018-03-15 11:07:00,-533.708722593
2018-03-15 11:08:00,-533.708722593
2018-03-15 11:09:00,-533.708722593
2018-03-15 11:10:00,-533.708722593
2018-03-15 11:11:00,-559.399810843
2018-03-15 11:12:00,-559.399810843
2018-03-15 11:13:00,-559.399810843
2018-03-15 11:14:00,-546.554266718
2018-03-15 11:15:00,-546.554266718
2018-03-15 11:16:00,-546.554266718
2018-03-15 11:17:00,-546.554266718
2018-03-15 11:18:00,-546.554266718
2018-03-15 11:19:00,-559.399810843
2018-03-15 11:20:00,-559.399810843
2018-03-15 11:21:00,-559.399810843
2018-03-15 11:22:00,-559.399810843
2018-03-15 11:23:00,-559.399810843
2018-03-15 11:24:00,-572.245354968
2018-03-15 11:25:00,-559.399810843
2018-03-15 11:26:00,-572.245354968
2018-03-15 11:27:00,-572.245354968
2018-03-15 11:28:00,-572.245354968
2018-03-15 11:29:00,-572.245354968
2018-03-15 11:30:00,-585.090899093
2018-03-15 11:31:00,-610.781987343
2018-03-15 11:32:00,-610.781987343
2018-03-15 11:33:00,-610.781987343
2018-03-15 11:34:00,-610.781987343
2018-03-15 11:35:00,-610.781987343
2018-03-15 11:36:00,-610.781987343
2018-03-15 11:37:00,-610.781987343
2018-03-15 11:38:00,-610.781987343
2018-03-15 11:39:00,-610.781987343
2018-03-15 11:40:00,-623.627531468
2018-03-15 11:41:00,-623.627531468
2018-03-15 11:42:00,-623.627531468
2018-03-15 11:43:00,-623.627531468
2018-03-15 11:44:00,-623.627531468
2018-03-15 11:45:00,-623.627531468
2018-03-15 11:46:00,-623.627531468
2018-03-15 11:47:00,-623.627531468
2018-03-15 11:48:00,-623.627531468
2018-03-15 11:49:00,-623.627531468
2018-03-15 11:50:00,-623.627531468
2018-03-15 11:51:00,-623.627531468
2018-03-15 11:52:00,-636.473075593
2018-03-15 11:53:00,-623.627531468
2018-03-15 11:54:00,-623.627531468
2018-03-15 11:55:00,-623.627531468
2018-03-15 11:56:00,-623.627531468
2018-03-15 11:57:00,-623.627531468
2018-03-15 11:58:00,-623.627531468
2018-03-15 11:59:00,-636.473075593
2018-03-15 12:00:00,-636.473075593
2018-03-15 12:01:00,-636.473075593
2018-03-15 12:02:00,-636.473075593
2018-03-15 12:03:00,-636.473075593
2018-03-15 12:04:00,-636.473075593
2018-03-15 12:05:00,-636.473075593
2018-03-15 12:06:00,-636.473075593
2018-03-15 12:07:00,-636.473075593
2018-03-15 12:08:00,-636.473075593
2018-03-15 12:09:00,-636.473075593
2018-03-15 12:10:00,-636.473075593
2018-03-15 12:11:00,-636.473075593
2018-03-15 12:12:00,-623.627531468
2018-03-15 12:13:00,-623.627531468
2018-03-15 12:14:00,-623.627531468
2018-03-15 12:15:00,-623.627531468
2018-03-15 12:16:00,-623.627531468
2018-03-15 12:17:00,-623.627531468
2018-03-15 12:18:00,-623.627531468
2018-03-15 12:19:00,-623.627531468
2018-03-15 12:20:00,-623.627531468
2018-03-15 12:21:00,-610.781987343
2018-03-15 12:22:00,-610.781987343
2018-03-15 12:23:00,-585.090899093
2018-03-15 12:24:00,-585.090899093
2018-03-15 12:25:00,-585.090899093
2018-03-15 12:26:00,-585.090899093
2018-03-15 12:27:00,-623.627531468
2018-03-15 12:28:00,-623.627531468
2018-03-15 12:29:00,-623.627531468
2018-03-15 12:30:00,-623.627531468
2018-03-15 12:31:00,-623.627531468
2018-03-15 12:32:00,-623.627531468
2018-03-15 12:33:00,-623.627531468
2018-03-15 12:34:00,-623.627531468
2018-03-15 12:35:00,-597.936443218
2018-03-15 12:36:00,-597.936443218
2018-03-15 12:37:00,-597.936443218
2018-03-15 12:38:00,-597.936443218
2018-03-15 12:39:00,-597.936443218
2018-03-15 12:40:00,-597.936443218
2018-03-15 12:41:00,-597.936443218
2018-03-15 12:42:00,-597.936443218
2018-03-15 12:43:00,-597.936443218
2018-03-15 12:44:00,-597.936443218
2018-03-15 12:45:00,-585.090899093
2018-03-15 12:46:00,-585.090899093
2018-03-15 12:47:00,-597.936443218
2018-03-15 12:48:00,-623.627531468
2018-03-15 12:49:00,-610.781987343
2018-03-15 12:50:00,-610.781987343
2018-03-15 12:51:00,-610.781987343
2018-03-15 12:52:00,-610.781987343
2018-03-15 12:53:00,-610.781987343
2018-03-15 12:54:00,-610.781987343
2018-03-15 12:55:00,-610.781987343
2018-03-15 12:56:00,-610.781987343
2018-03-15 12:57:00,-597.936443218
2018-03-15 12:58:00,-585.090899093
2018-03-15 12:59:00,-585.090899093
2018-03-16 02:29:00,-726.391884468
2018-03-16 02:30:00,-726.391884468
2018-03-16 02:31:00,-726.391884468
2018-03-16 02:32:00,-726.391884468
2018-03-16 02:33:00,-726.391884468
2018-03-16 02:34:00,-610.781987343
2018-03-16 02:35:00,-610.781987343
2018-03-16 02:36:00,-597.936443218
2018-03-16 02:37:00,-597.936443218
2018-03-16 02:38:00,-597.936443218
2018-03-16 02:39:00,-597.936443218
2018-03-16 02:40:00,-597.936443218
2018-03-16 02:41:00,-597.936443218
2018-03-16 02:42:00,-597.936443218
2018-03-16 02:43:00,-559.399810843
2018-03-16 02:44:00,-559.399810843
2018-03-16 02:45:00,-559.399810843
2018-03-16 02:46:00,-546.554266718
2018-03-16 02:47:00,-546.554266718
2018-03-16 02:48:00,-546.554266718
2018-03-16 02:49:00,-559.399810843
2018-03-16 02:50:00,-559.399810843
2018-03-16 02:51:00,-559.399810843
2018-03-16 02:52:00,-559.399810843
2018-03-16 02:53:00,-559.399810843
2018-03-16 02:54:00,-559.399810843
2018-03-16 02:55:00,-559.399810843
2018-03-16 02:56:00,-559.399810843
2018-03-16 02:57:00,-546.554266718
2018-03-16 02:58:00,-546.554266718
2018-03-16 02:59:00,-559.399810843
2018-03-16 03:00:00,-546.554266718
2018-03-16 03:01:00,-559.399810843
2018-03-16 03:02:00,-559.399810843
2018-03-16 03:03:00,-546.554266718
2018-03-16 03:04:00,-546.554266718
2018-03-16 03:05:00,-546.554266718
2018-03-16 03:06:00,-546.554266718
2018-03-16 03:07:00,-546.554266718
2018-03-16 03:08:00,-546.554266718
2018-03-16 03:09:00,-546.554266718
2018-03-16 03:10:00,-546.554266718
2018-03-16 03:11:00,-508.017634343
2018-03-16 03:12:00,-495.172090218
2018-03-16 03:13:00,-520.863178468
2018-03-16 03:14:00,-495.172090218
2018-03-16 03:15:00,-495.172090218
2018-03-16 03:16:00,-508.017634343
2018-03-16 03:17:00,-533.708722593
2018-03-16 03:18:00,-520.863178468
2018-03-16 03:19:00,-520.863178468
2018-03-16 03:20:00,-520.863178468
2018-03-16 03:21:00,-546.554266718
2018-03-16 03:22:00,-559.399810843
2018-03-16 03:23:00,-520.863178468
2018-03-16 03:24:00,-520.863178468
2018-03-16 03:25:00,-508.017634343
2018-03-16 03:26:00,-533.708722593
2018-03-16 03:27:00,-533.708722593
2018-03-16 03:28:00,-520.863178468
2018-03-16 03:29:00,-520.863178468
2018-03-16 03:30:00,-508.017634343
2018-03-16 03:31:00,-520.863178468
2018-03-16 03:32:00,-495.172090218
2018-03-16 03:33:00,-495.172090218
2018-03-16 03:34:00,-508.017634343
2018-03-16 03:35:00,-508.017634343
2018-03-16 03:36:00,-520.863178468
2018-03-16 03:37:00,-533.708722593
2018-03-16 03:38:00,-533.708722593
2018-03-16 03:39:00,-520.863178468
2018-03-16 03:40:00,-520.863178468
2018-03-16 03:41:00,-520.863178468
2018-03-16 03:42:00,-520.863178468
2018-03-16 03:43:00,-520.863178468
2018-03-16 03:44:00,-520.863178468
2018-03-16 03:45:00,-520.863178468
2018-03-16 03:46:00,-520.863178468
2018-03-16 03:47:00,-520.863178468
2018-03-16 03:48:00,-520.863178468
2018-03-16 03:49:00,-520.863178468
2018-03-16 03:50:00,-520.863178468
2018-03-16 03:51:00,-508.017634343
2018-03-16 03:52:00,-508.017634343
2018-03-16 03:53:00,-520.863178468
2018-03-16 03:54:00,-508.017634343
2018-03-16 03:55:00,-559.399810843
2018-03-16 03:56:00,-559.399810843
2018-03-16 03:57:00,-559.399810843
2018-03-16 03:58:00,-559.399810843
2018-03-16 03:59:00,-559.399810843
2018-03-16 04:00:00,-559.399810843
2018-03-16 04:01:00,-559.399810843
2018-03-16 04:02:00,-559.399810843
2018-03-16 04:03:00,-533.708722593
2018-03-16 04:04:00,-533.708722593
2018-03-16 04:05:00,-508.017634343
2018-03-16 04:06:00,-508.017634343
2018-03-16 04:07:00,-508.017634343
2018-03-16 04:08:00,-508.017634343
2018-03-16 04:09:00,-495.172090218
2018-03-16 04:10:00,-495.172090218
2018-03-16 04:11:00,-495.172090218
2018-03-16 04:12:00,-508.017634343
2018-03-16 04:13:00,-495.172090218
2018-03-16 04:14:00,-495.172090218
2018-03-16 04:15:00,-508.017634343
2018-03-16 04:16:00,-508.017634343
2018-03-16 04:17:00,-508.017634343
2018-03-16 04:18:00,-508.017634343
2018-03-16 04:19:00,-508.017634343
2018-03-16 04:20:00,-508.017634343
2018-03-16 04:21:00,-508.017634343
2018-03-16 04:22:00,-508.017634343
2018-03-16 04:23:00,-495.172090218
2018-03-16 04:24:00,-495.172090218
2018-03-16 04:25:00,-495.172090218
2018-03-16 04:26:00,-495.172090218
2018-03-16 04:27:00,-495.172090218
2018-03-16 04:28:00,-495.172090218
2018-03-16 04:29:00,-495.172090218
2018-03-16 04:30:00,-495.172090218
2018-03-16 04:31:00,-495.172090218
2018-03-16 04:32:00,-495.172090218
2018-03-16 04:33:00,-495.172090218
2018-03-16 04:34:00,-495.172090218
2018-03-16 04:35:00,-495.172090218
2018-03-16 04:36:00,-495.172090218
2018-03-16 04:37:00,-495.172090218
2018-03-16 04:38:00,-495.172090218
2018-03-16 04:39:00,-495.172090218
2018-03-16 04:40:00,-495.172090218
2018-03-16 04:41:00,-495.172090218
2018-03-16 04:42:00,-495.172090218
2018-03-16 04:43:00,-495.172090218
2018-03-16 04:44:00,-495.172090218
2018-03-16 04:45:00,-495.172090218
2018-03-16 04:46:00,-495.172090218
2018-03-16 04:47:00,-495.172090218
2018-03-16 04:48:00,-495.172090218
2018-03-16 04:49:00,-469.481001968
2018-03-16 04:50:00,-495.172090218
2018-03-16 04:51:00,-495.172090218
2018-03-16 04:52:00,-495.172090218
2018-03-16 04:53:00,-495.172090218
2018-03-16 04:54:00,-495.172090218
2018-03-16 04:55:00,-495.172090218
2018-03-16 04:56:00,-495.172090218
2018-03-16 04:57:00,-495.172090218
2018-03-16 04:58:00,-495.172090218
2018-03-16 04:59:00,-495.172090218
2018-03-16 05:00:00,-482.326546093
2018-03-16 05:01:00,-469.481001968
2018-03-16 05:02:00,-482.326546093
2018-03-16 05:03:00,-482.326546093
2018-03-16 05:04:00,-469.481001968
2018-03-16 05:05:00,-469.481001968
2018-03-16 05:06:00,-456.635457843
2018-03-16 05:07:00,-456.635457843
2018-03-16 05:08:00,-456.635457843
2018-03-16 05:09:00,-443.789913718
2018-03-16 05:10:00,-456.635457843
2018-03-16 05:11:00,-456.635457843
2018-03-16 05:12:00,-469.481001968
2018-03-16 05:13:00,-469.481001968
2018-03-16 05:14:00,-469.481001968
2018-03-16 05:15:00,-469.481001968
2018-03-16 05:16:00,-469.481001968
2018-03-16 05:17:00,-469.481001968
2018-03-16 05:18:00,-469.481001968
2018-03-16 05:19:00,-443.789913718
2018-03-16 05:20:00,-443.789913718
2018-03-16 05:21:00,-443.789913718
2018-03-16 05:22:00,-443.789913718
2018-03-16 05:23:00,-456.635457843
2018-03-16 05:24:00,-456.635457843
2018-03-16 05:25:00,-456.635457843
2018-03-16 05:26:00,-443.789913718
2018-03-16 05:27:00,-443.789913718
2018-03-16 05:28:00,-456.635457843
2018-03-16 05:29:00,-456.635457843
2018-03-16 05:30:00,-456.635457843
2018-03-16 05:31:00,-456.635457843
2018-03-16 05:32:00,-456.635457843
2018-03-16 05:33:00,-456.635457843
2018-03-16 05:34:00,-456.635457843
2018-03-16 05:35:00,-456.635457843
2018-03-16 05:36:00,-456.635457843
2018-03-16 05:37:00,-456.635457843
2018-03-16 05:38:00,-456.635457843
2018-03-16 05:39:00,-456.635457843
2018-03-16 05:40:00,-469.481001968
2018-03-16 05:41:00,-482.326546093
2018-03-16 05:42:00,-482.326546093
2018-03-16 05:43:00,-482.326546093
2018-03-16 05:44:00,-482.326546093
2018-03-16 05:45:00,-495.172090218
2018-03-16 05:46:00,-495.172090218
2018-03-16 05:47:00,-495.172090218
2018-03-16 05:48:00,-495.172090218
2018-03-16 05:49:00,-533.708722593
2018-03-16 05:50:00,-508.017634343
2018-03-16 05:51:00,-495.172090218
2018-03-16 05:52:00,-482.326546093
2018-03-16 05:53:00,-495.172090218
2018-03-16 05:54:00,-495.172090218
2018-03-16 05:55:00,-508.017634343
2018-03-16 05:56:00,-495.172090218
2018-03-16 05:57:00,-508.017634343
2018-03-16 05:58:00,-508.017634343
2018-03-16 05:59:00,-508.017634343
2018-03-16 06:00:00,-508.017634343
2018-03-16 06:01:00,-495.172090218
2018-03-16 06:02:00,-482.326546093
2018-03-16 06:03:00,-495.172090218
2018-03-16 06:04:00,-508.017634343
2018-03-16 06:05:00,-495.172090218
2018-03-16 06:06:00,-495.172090218
2018-03-16 06:07:00,-495.172090218
2018-03-16 06:08:00,-482.326546093
2018-03-16 06:09:00,-508.017634343
2018-03-16 06:10:00,-508.017634343
2018-03-16 06:11:00,-520.863178468
2018-03-16 06:12:00,-520.863178468
2018-03-16 06:13:00,-520.863178468
2018-03-16 06:14:00,-520.863178468
2018-03-16 06:15:00,-520.863178468
2018-03-16 06:16:00,-520.863178468
2018-03-16 06:17:00,-520.863178468
2018-03-16 06:18:00,-520.863178468
2018-03-16 06:19:00,-520.863178468
2018-03-16 06:20:00,-508.017634343
2018-03-16 06:21:00,-508.017634343
2018-03-16 06:22:00,-508.017634343
2018-03-16 06:23:00,-559.399810843
2018-03-16 06:24:00,-546.554266718
2018-03-16 06:25:00,-546.554266718
2018-03-16 06:26:00,-546.554266718
2018-03-16 06:27:00,-546.554266718
2018-03-16 06:28:00,-546.554266718
2018-03-16 06:29:00,-559.399810843
2018-03-16 06:30:00,-559.399810843
2018-03-16 06:31:00,-559.399810843
2018-03-16 06:32:00,-559.399810843
2018-03-16 06:33:00,-559.399810843
2018-03-16 06:34:00,-559.399810843
2018-03-16 06:35:00,-559.399810843
2018-03-16 06:36:00,-559.399810843
2018-03-16 06:37:00,-559.399810843
2018-03-16 06:38:00,-559.399810843
2018-03-16 06:39:00,-559.399810843
2018-03-16 06:40:00,-559.399810843
2018-03-16 06:41:00,-559.399810843
2018-03-16 06:42:00,-559.399810843
2018-03-16 06:43:00,-559.399810843
2018-03-16 06:44:00,-559.399810843
2018-03-16 06:45:00,-559.399810843
2018-03-16 06:46:00,-559.399810843
2018-03-16 06:47:00,-572.245354968
2018-03-16 06:48:00,-559.399810843
2018-03-16 06:49:00,-559.399810843
2018-03-16 06:50:00,-559.399810843
2018-03-16 06:51:00,-559.399810843
2018-03-16 06:52:00,-559.399810843
2018-03-16 06:53:00,-559.399810843
2018-03-16 06:54:00,-559.399810843
2018-03-16 06:55:00,-572.245354968
2018-03-16 06:56:00,-572.245354968
2018-03-16 06:57:00,-585.090899093
2018-03-16 06:58:00,-585.090899093
2018-03-16 06:59:00,-585.090899093
2018-03-16 07:00:00,-585.090899093
2018-03-16 07:01:00,-559.399810843
2018-03-16 07:02:00,-585.090899093
2018-03-16 07:03:00,-585.090899093
2018-03-16 07:04:00,-572.245354968
2018-03-16 07:05:00,-572.245354968
2018-03-16 07:06:00,-572.245354968
2018-03-16 07:07:00,-572.245354968
2018-03-16 07:08:00,-572.245354968
2018-03-16 07:09:00,-572.245354968
2018-03-16 07:10:00,-572.245354968
2018-03-16 07:11:00,-572.245354968
2018-03-16 07:12:00,-572.245354968
2018-03-16 07:13:00,-572.245354968
2018-03-16 07:14:00,-572.245354968
2018-03-16 07:15:00,-572.245354968
2018-03-16 07:16:00,-572.245354968
2018-03-16 07:17:00,-572.245354968
2018-03-16 07:18:00,-572.245354968
2018-03-16 07:19:00,-572.245354968
2018-03-16 07:20:00,-572.245354968
2018-03-16 07:21:00,-585.090899093
2018-03-16 07:22:00,-597.936443218
2018-03-16 07:23:00,-597.936443218
2018-03-16 07:24:00,-597.936443218
2018-03-16 07:25:00,-597.936443218
2018-03-16 07:26:00,-597.936443218
2018-03-16 07:27:00,-597.936443218
2018-03-16 07:28:00,-623.627531468
2018-03-16 07:29:00,-623.627531468
2018-03-16 07:30:00,-610.781987343
2018-03-16 07:31:00,-610.781987343
2018-03-16 07:32:00,-610.781987343
2018-03-16 07:33:00,-610.781987343
2018-03-16 07:34:00,-597.936443218
2018-03-16 07:35:00,-597.936443218
2018-03-16 07:36:00,-610.781987343
2018-03-16 07:37:00,-610.781987343
2018-03-16 07:38:00,-623.627531468
2018-03-16 07:39:00,-623.627531468
2018-03-16 07:40:00,-610.781987343
2018-03-16 07:41:00,-610.781987343
2018-03-16 07:42:00,-623.627531468
2018-03-16 07:43:00,-636.473075593
2018-03-16 07:44:00,-636.473075593
2018-03-16 07:45:00,-636.473075593
2018-03-16 07:46:00,-636.473075593
2018-03-16 07:47:00,-636.473075593
2018-03-16 07:48:00,-636.473075593
2018-03-16 07:49:00,-623.627531468
2018-03-16 07:50:00,-610.781987343
2018-03-16 07:51:00,-623.627531468
2018-03-16 07:52:00,-597.936443218
2018-03-16 07:53:00,-597.936443218
2018-03-16 07:54:00,-597.936443218
2018-03-16 07:55:00,-597.936443218
2018-03-16 07:56:00,-597.936443218
2018-03-16 07:57:00,-597.936443218
2018-03-16 07:58:00,-597.936443218
2018-03-16 07:59:00,-597.936443218
2018-03-16 08:00:00,-623.627531468
2018-03-16 08:01:00,-623.627531468
2018-03-16 08:02:00,-649.318619718
2018-03-16 08:03:00,-687.855252093
2018-03-16 08:04:00,-687.855252093
2018-03-16 08:05:00,-675.009707968
2018-03-16 08:06:00,-649.318619718
2018-03-16 08:07:00,-675.009707968
2018-03-16 08:08:00,-675.009707968
2018-03-16 08:09:00,-675.009707968
2018-03-16 08:10:00,-649.318619718
2018-03-16 08:11:00,-636.473075593
2018-03-16 08:12:00,-649.318619718
2018-03-16 08:13:00,-636.473075593
2018-03-16 08:14:00,-636.473075593
2018-03-16 08:15:00,-662.164163843
2018-03-16 08:16:00,-649.318619718
2018-03-16 08:17:00,-636.473075593
2018-03-16 08:18:00,-649.318619718
2018-03-16 08:19:00,-649.318619718
2018-03-16 08:20:00,-649.318619718
2018-03-16 08:21:00,-649.318619718
2018-03-16 08:22:00,-649.318619718
2018-03-16 08:23:00,-636.473075593
2018-03-16 08:24:00,-636.473075593
2018-03-16 08:25:00,-649.318619718
2018-03-16 08:26:00,-636.473075593
2018-03-16 08:27:00,-636.473075593
2018-03-16 08:28:00,-636.473075593
2018-03-16 08:29:00,-636.473075593
2018-03-16 08:30:00,-636.473075593
2018-03-16 08:31:00,-636.473075593
2018-03-16 08:32:00,-636.473075593
2018-03-16 08:33:00,-636.473075593
2018-03-16 08:34:00,-623.627531468
2018-03-16 08:35:00,-636.473075593
2018-03-16 08:36:00,-636.473075593
2018-03-16 08:37:00,-636.473075593
2018-03-16 08:38:00,-636.473075593
2018-03-16 08:39:00,-636.473075593
2018-03-16 08:40:00,-649.318619718
2018-03-16 08:41:00,-649.318619718
2018-03-16 08:42:00,-649.318619718
2018-03-16 08:43:00,-649.318619718
2018-03-16 08:44:00,-649.318619718
2018-03-16 08:45:00,-649.318619718
2018-03-16 08:46:00,-649.318619718
2018-03-16 08:47:00,-649.318619718
2018-03-16 08:48:00,-636.473075593
2018-03-16 08:49:00,-623.627531468
2018-03-16 08:50:00,-623.627531468
2018-03-16 08:51:00,-623.627531468
2018-03-16 08:52:00,-623.627531468
2018-03-16 08:53:00,-623.627531468
2018-03-16 08:54:00,-610.781987343
2018-03-16 08:55:00,-623.627531468
2018-03-16 08:56:00,-597.936443218
2018-03-16 08:57:00,-597.936443218
2018-03-16 08:58:00,-597.936443218
2018-03-16 08:59:00,-597.936443218
2018-03-16 09:00:00,-597.936443218
2018-03-16 09:01:00,-597.936443218
2018-03-16 09:02:00,-597.936443218
2018-03-16 09:03:00,-610.781987343
2018-03-16 09:04:00,-597.936443218
2018-03-16 09:05:00,-610.781987343
2018-03-16 09:06:00,-610.781987343
2018-03-16 09:07:00,-597.936443218
2018-03-16 09:08:00,-597.936443218
2018-03-16 09:09:00,-597.936443218
2018-03-16 09:10:00,-597.936443218
2018-03-16 09:11:00,-597.936443218
2018-03-16 09:12:00,-597.936443218
2018-03-16 09:13:00,-610.781987343
2018-03-16 09:14:00,-610.781987343
2018-03-16 09:15:00,-610.781987343
2018-03-16 09:16:00,-597.936443218
2018-03-16 09:17:00,-610.781987343
2018-03-16 09:18:00,-636.473075593
2018-03-16 09:19:00,-636.473075593
2018-03-16 09:20:00,-636.473075593
2018-03-16 09:21:00,-610.781987343
2018-03-16 09:22:00,-610.781987343
2018-03-16 09:23:00,-610.781987343
2018-03-16 09:24:00,-610.781987343
2018-03-16 09:25:00,-597.936443218
2018-03-16 09:26:00,-559.399810843
2018-03-16 09:27:00,-559.399810843
2018-03-16 09:28:00,-546.554266718
2018-03-16 09:29:00,-546.554266718
2018-03-16 09:30:00,-546.554266718
2018-03-16 09:31:00,-546.554266718
2018-03-16 09:32:00,-572.245354968
2018-03-16 09:33:00,-559.399810843
2018-03-16 09:34:00,-572.245354968
2018-03-16 09:35:00,-597.936443218
2018-03-16 09:36:00,-585.090899093
2018-03-16 09:37:00,-597.936443218
2018-03-16 09:38:00,-597.936443218
2018-03-16 09:39:00,-597.936443218
2018-03-16 09:40:00,-597.936443218
2018-03-16 09:41:00,-597.936443218
2018-03-16 09:42:00,-597.936443218
2018-03-16 09:43:00,-597.936443218
2018-03-16 09:44:00,-559.399810843
2018-03-16 09:45:00,-533.708722593
2018-03-16 09:46:00,-546.554266718
2018-03-16 09:47:00,-533.708722593
2018-03-16 09:48:00,-533.708722593
2018-03-16 09:49:00,-533.708722593
2018-03-16 09:50:00,-546.554266718
2018-03-16 09:51:00,-546.554266718
2018-03-16 09:52:00,-520.863178468
2018-03-16 09:53:00,-533.708722593
2018-03-16 09:54:00,-533.708722593
2018-03-16 09:55:00,-520.863178468
2018-03-16 09:56:00,-533.708722593
2018-03-16 09:57:00,-533.708722593
2018-03-16 09:58:00,-533.708722593
2018-03-16 09:59:00,-533.708722593
2018-03-16 10:00:00,-520.863178468
2018-03-16 10:01:00,-520.863178468
2018-03-16 10:02:00,-520.863178468
2018-03-16 10:03:00,-520.863178468
2018-03-16 10:04:00,-520.863178468
2018-03-16 10:05:00,-520.863178468
2018-03-16 10:06:00,-520.863178468
2018-03-16 10:07:00,-520.863178468
2018-03-16 10:08:00,-508.017634343
2018-03-16 10:09:00,-520.863178468
2018-03-16 10:10:00,-520.863178468
2018-03-16 10:11:00,-520.863178468
2018-03-16 10:12:00,-520.863178468
2018-03-16 10:13:00,-520.863178468
2018-03-16 10:14:00,-520.863178468
2018-03-16 10:15:00,-520.863178468
2018-03-16 10:16:00,-572.245354968
2018-03-16 10:17:00,-572.245354968
2018-03-16 10:18:00,-559.399810843
2018-03-16 10:19:00,-559.399810843
2018-03-16 10:20:00,-559.399810843
2018-03-16 10:21:00,-559.399810843
2018-03-16 10:22:00,-559.399810843
2018-03-16 10:23:00,-559.399810843
2018-03-16 10:24:00,-559.399810843
2018-03-16 10:25:00,-559.399810843
2018-03-16 10:26:00,-559.399810843
2018-03-16 10:27:00,-559.399810843
2018-03-16 10:28:00,-559.399810843
2018-03-16 10:29:00,-559.399810843
2018-03-16 10:30:00,-559.399810843
2018-03-16 10:31:00,-559.399810843
2018-03-16 10:32:00,-559.399810843
2018-03-16 10:33:00,-559.399810843
2018-03-16 10:34:00,-546.554266718
2018-03-16 10:35:00,-559.399810843
2018-03-16 10:36:00,-623.627531468
2018-03-16 10:37:00,-610.781987343
2018-03-16 10:38:00,-610.781987343
2018-03-16 10:39:00,-597.936443218
2018-03-16 10:40:00,-597.936443218
2018-03-16 10:41:00,-597.936443218
2018-03-16 10:42:00,-585.090899093
2018-03-16 10:43:00,-585.090899093
2018-03-16 10:44:00,-585.090899093
2018-03-16 10:45:00,-585.090899093
2018-03-16 10:46:00,-597.936443218
2018-03-16 10:47:00,-597.936443218
2018-03-16 10:48:00,-597.936443218
2018-03-16 10:49:00,-597.936443218
2018-03-16 10:50:00,-585.090899093
2018-03-16 10:51:00,-585.090899093
2018-03-16 10:52:00,-585.090899093
2018-03-16 10:53:00,-585.090899093
2018-03-16 10:54:00,-585.090899093
2018-03-16 10:55:00,-572.245354968
2018-03-16 10:56:00,-572.245354968
2018-03-16 10:57:00,-572.245354968
2018-03-16 10:58:00,-572.245354968
2018-03-16 10:59:00,-559.399810843
2018-03-16 11:00:00,-585.090899093
2018-03-16 11:01:00,-572.245354968
2018-03-16 11:02:00,-572.245354968
2018-03-16 11:03:00,-585.090899093
2018-03-16 11:04:00,-585.090899093
2018-03-16 11:05:00,-572.245354968
2018-03-16 11:06:00,-572.245354968
2018-03-16 11:07:00,-572.245354968
2018-03-16 11:08:00,-572.245354968
2018-03-16 11:09:00,-572.245354968
2018-03-16 11:10:00,-572.245354968
2018-03-16 11:11:00,-572.245354968
2018-03-16 11:12:00,-572.245354968
2018-03-16 11:13:00,-572.245354968
2018-03-16 11:14:00,-572.245354968
2018-03-16 11:15:00,-572.245354968
2018-03-16 11:16:00,-572.245354968
2018-03-16 11:17:00,-572.245354968
2018-03-16 11:18:00,-572.245354968
2018-03-16 11:19:00,-572.245354968
2018-03-16 11:20:00,-572.245354968
2018-03-16 11:21:00,-572.245354968
2018-03-16 11:22:00,-572.245354968
2018-03-16 11:23:00,-572.245354968
2018-03-16 11:24:00,-572.245354968
2018-03-16 11:25:00,-572.245354968
2018-03-16 11:26:00,-572.245354968
2018-03-16 11:27:00,-572.245354968
2018-03-16 11:28:00,-572.245354968
2018-03-16 11:29:00,-572.245354968
2018-03-16 11:30:00,-572.245354968
2018-03-16 11:31:00,-572.245354968
2018-03-16 11:32:00,-572.245354968
2018-03-16 11:33:00,-572.245354968
2018-03-16 11:34:00,-572.245354968
2018-03-16 11:35:00,-572.245354968
2018-03-16 11:36:00,-572.245354968
2018-03-16 11:37:00,-572.245354968
2018-03-16 11:38:00,-572.245354968
2018-03-16 11:39:00,-559.399810843
2018-03-16 11:40:00,-559.399810843
2018-03-16 11:41:00,-559.399810843
2018-03-16 11:42:00,-559.399810843
2018-03-16 11:43:00,-572.245354968
2018-03-16 11:44:00,-572.245354968
2018-03-16 11:45:00,-572.245354968
2018-03-16 11:46:00,-572.245354968
2018-03-16 11:47:00,-572.245354968
2018-03-16 11:48:00,-572.245354968
2018-03-16 11:49:00,-572.245354968
2018-03-16 11:50:00,-572.245354968
2018-03-16 11:51:00,-572.245354968
2018-03-16 11:52:00,-610.781987343
2018-03-16 11:53:00,-597.936443218
2018-03-16 11:54:00,-597.936443218
2018-03-16 11:55:00,-597.936443218
2018-03-16 11:56:00,-597.936443218
2018-03-16 11:57:00,-572.245354968
2018-03-16 11:58:00,-572.245354968
2018-03-16 11:59:00,-597.936443218
2018-03-16 12:00:00,-610.781987343
2018-03-16 12:01:00,-610.781987343
2018-03-16 12:02:00,-610.781987343
2018-03-16 12:03:00,-610.781987343
2018-03-16 12:04:00,-610.781987343
2018-03-16 12:05:00,-572.245354968
2018-03-16 12:06:00,-572.245354968
2018-03-16 12:07:00,-572.245354968
2018-03-16 12:08:00,-559.399810843
2018-03-16 12:09:00,-559.399810843
2018-03-16 12:10:00,-572.245354968
2018-03-16 12:11:00,-572.245354968
2018-03-16 12:12:00,-572.245354968
2018-03-16 12:13:00,-610.781987343
2018-03-16 12:14:00,-610.781987343
2018-03-16 12:15:00,-610.781987343
2018-03-16 12:16:00,-623.627531468
2018-03-16 12:17:00,-623.627531468
2018-03-16 12:18:00,-597.936443218
2018-03-16 12:19:00,-597.936443218
2018-03-16 12:20:00,-597.936443218
2018-03-16 12:21:00,-597.936443218
2018-03-16 12:22:00,-597.936443218
2018-03-16 12:23:00,-597.936443218
2018-03-16 12:24:00,-597.936443218
2018-03-16 12:25:00,-597.936443218
2018-03-16 12:26:00,-597.936443218
2018-03-16 12:27:00,-597.936443218
2018-03-16 12:28:00,-597.936443218
2018-03-16 12:29:00,-597.936443218
2018-03-16 12:30:00,-597.936443218
2018-03-16 12:31:00,-597.936443218
2018-03-16 12:32:00,-597.936443218
2018-03-16 12:33:00,-597.936443218
2018-03-16 12:34:00,-597.936443218
2018-03-16 12:35:00,-610.781987343
2018-03-16 12:36:00,-610.781987343
2018-03-16 12:37:00,-610.781987343
2018-03-16 12:38:00,-597.936443218
2018-03-16 12:39:00,-585.090899093
2018-03-16 12:40:00,-559.399810843
2018-03-16 12:41:00,-559.399810843
2018-03-16 12:42:00,-559.399810843
2018-03-16 12:43:00,-559.399810843
2018-03-16 12:44:00,-559.399810843
2018-03-16 12:45:00,-572.245354968
2018-03-16 12:46:00,-572.245354968
2018-03-16 12:47:00,-559.399810843
2018-03-16 12:48:00,-559.399810843
2018-03-16 12:49:00,-585.090899093
2018-03-16 12:50:00,-572.245354968
2018-03-16 12:51:00,-572.245354968
2018-03-16 12:52:00,-585.090899093
2018-03-16 12:53:00,-585.090899093
2018-03-16 12:54:00,-585.090899093
2018-03-16 12:55:00,-585.090899093
2018-03-16 12:56:00,-572.245354968
2018-03-16 12:57:00,-585.090899093
2018-03-16 12:58:00,-585.090899093
2018-03-16 12:59:00,-585.090899093
2018-03-19 02:34:00,-559.399607926
2018-03-19 02:35:00,-584.735148176
2018-03-19 02:36:00,-584.735148176
2018-03-19 02:37:00,-597.402918301
2018-03-19 02:38:00,-597.402918301
2018-03-19 02:39:00,-584.735148176
2018-03-19 02:40:00,-584.735148176
2018-03-19 02:41:00,-584.735148176
2018-03-19 02:42:00,-584.735148176
2018-03-19 02:43:00,-584.735148176
2018-03-19 02:44:00,-584.735148176
2018-03-19 02:45:00,-559.399607926
2018-03-19 02:46:00,-559.399607926
2018-03-19 02:47:00,-559.399607926
2018-03-19 02:48:00,-559.399607926
2018-03-19 02:49:00,-572.067378051
2018-03-19 02:50:00,-572.067378051
2018-03-19 02:51:00,-572.067378051
2018-03-19 02:52:00,-572.067378051
2018-03-19 02:53:00,-572.067378051
2018-03-19 02:54:00,-572.067378051
2018-03-19 02:55:00,-572.067378051
2018-03-19 02:56:00,-572.067378051
2018-03-19 02:57:00,-572.067378051
2018-03-19 02:58:00,-572.067378051
2018-03-19 02:59:00,-572.067378051
2018-03-19 03:00:00,-584.735148176
2018-03-19 03:01:00,-584.735148176
2018-03-19 03:02:00,-584.735148176
2018-03-19 03:03:00,-584.735148176
2018-03-19 03:04:00,-584.735148176
2018-03-19 03:05:00,-584.735148176
2018-03-19 03:06:00,-584.735148176
2018-03-19 03:07:00,-584.735148176
2018-03-19 03:08:00,-584.735148176
2018-03-19 03:09:00,-622.738458551
2018-03-19 03:10:00,-622.738458551
2018-03-19 03:11:00,-622.738458551
2018-03-19 03:12:00,-597.402918301
2018-03-19 03:13:00,-610.070688426
2018-03-19 03:14:00,-597.402918301
2018-03-19 03:15:00,-622.738458551
2018-03-19 03:16:00,-622.738458551
2018-03-19 03:17:00,-622.738458551
2018-03-19 03:18:00,-622.738458551
2018-03-19 03:19:00,-597.402918301
2018-03-19 03:20:00,-597.402918301
2018-03-19 03:21:00,-584.735148176
2018-03-19 03:22:00,-597.402918301
2018-03-19 03:23:00,-597.402918301
2018-03-19 03:24:00,-597.402918301
2018-03-19 03:25:00,-572.067378051
2018-03-19 03:26:00,-572.067378051
2018-03-19 03:27:00,-559.399607926
2018-03-19 03:28:00,-559.399607926
2018-03-19 03:29:00,-559.399607926
2018-03-19 03:30:00,-559.399607926
2018-03-19 03:31:00,-559.399607926
2018-03-19 03:32:00,-572.067378051
2018-03-19 03:33:00,-610.070688426
2018-03-19 03:34:00,-610.070688426
2018-03-19 03:35:00,-610.070688426
2018-03-19 03:36:00,-610.070688426
2018-03-19 03:37:00,-622.738458551
2018-03-19 03:38:00,-622.738458551
2018-03-19 03:39:00,-610.070688426
2018-03-19 03:40:00,-610.070688426
2018-03-19 03:41:00,-584.735148176
2018-03-19 03:42:00,-610.070688426
2018-03-19 03:43:00,-584.735148176
2018-03-19 03:44:00,-635.406228676
2018-03-19 03:45:00,-635.406228676
2018-03-19 03:46:00,-610.070688426
2018-03-19 03:47:00,-622.738458551
2018-03-19 03:48:00,-622.738458551
2018-03-19 03:49:00,-622.738458551
2018-03-19 03:50:00,-622.738458551
2018-03-19 03:51:00,-622.738458551
2018-03-19 03:52:00,-622.738458551
2018-03-19 03:53:00,-622.738458551
2018-03-19 03:54:00,-622.738458551
2018-03-19 03:55:00,-622.738458551
2018-03-19 03:56:00,-622.738458551
2018-03-19 03:57:00,-648.073998801
2018-03-19 03:58:00,-635.406228676
2018-03-19 03:59:00,-660.741768926
2018-03-19 04:00:00,-673.409539051
2018-03-19 04:01:00,-673.409539051
2018-03-19 04:02:00,-660.741768926
2018-03-19 04:03:00,-660.741768926
2018-03-19 04:04:00,-673.409539051
2018-03-19 04:05:00,-673.409539051
2018-03-19 04:06:00,-673.409539051
2018-03-19 04:07:00,-673.409539051
2018-03-19 04:08:00,-673.409539051
2018-03-19 04:09:00,-660.741768926
2018-03-19 04:10:00,-660.741768926
2018-03-19 04:11:00,-660.741768926
2018-03-19 04:12:00,-660.741768926
2018-03-19 04:13:00,-673.409539051
2018-03-19 04:14:00,-673.409539051
2018-03-19 04:15:00,-622.738458551
2018-03-19 04:16:00,-660.741768926
2018-03-19 04:17:00,-660.741768926
2018-03-19 04:18:00,-660.741768926
2018-03-19 04:19:00,-660.741768926
2018-03-19 04:20:00,-660.741768926
2018-03-19 04:21:00,-660.741768926
2018-03-19 04:22:00,-660.741768926
2018-03-19 04:23:00,-660.741768926
2018-03-19 04:24:00,-660.741768926
2018-03-19 04:25:00,-660.741768926
2018-03-19 04:26:00,-660.741768926
2018-03-19 04:27:00,-660.741768926
2018-03-19 04:28:00,-660.741768926
2018-03-19 04:29:00,-660.741768926
2018-03-19 04:30:00,-648.073998801
2018-03-19 04:31:00,-648.073998801
2018-03-19 04:32:00,-660.741768926
2018-03-19 04:33:00,-660.741768926
2018-03-19 04:34:00,-660.741768926
2018-03-19 04:35:00,-673.409539051
2018-03-19 04:36:00,-660.741768926
2018-03-19 04:37:00,-660.741768926
2018-03-19 04:38:00,-660.741768926
2018-03-19 04:39:00,-673.409539051
2018-03-19 04:40:00,-673.409539051
2018-03-19 04:41:00,-673.409539051
2018-03-19 04:42:00,-673.409539051
2018-03-19 04:43:00,-673.409539051
2018-03-19 04:44:00,-673.409539051
2018-03-19 04:45:00,-673.409539051
2018-03-19 04:46:00,-673.409539051
2018-03-19 04:47:00,-648.073998801
2018-03-19 04:48:00,-635.406228676
2018-03-19 04:49:00,-635.406228676
2018-03-19 04:50:00,-635.406228676
2018-03-19 04:51:00,-635.406228676
2018-03-19 04:52:00,-648.073998801
2018-03-19 04:53:00,-622.738458551
2018-03-19 04:54:00,-622.738458551
2018-03-19 04:55:00,-622.738458551
2018-03-19 04:56:00,-622.738458551
2018-03-19 04:57:00,-610.070688426
2018-03-19 04:58:00,-597.402918301
2018-03-19 04:59:00,-610.070688426
2018-03-19 05:00:00,-597.402918301
2018-03-19 05:01:00,-597.402918301
2018-03-19 05:02:00,-597.402918301
2018-03-19 05:03:00,-597.402918301
2018-03-19 05:04:00,-610.070688426
2018-03-19 05:05:00,-648.073998801
2018-03-19 05:06:00,-648.073998801
2018-03-19 05:07:00,-648.073998801
2018-03-19 05:08:00,-648.073998801
2018-03-19 05:09:00,-635.406228676
2018-03-19 05:10:00,-648.073998801
2018-03-19 05:11:00,-648.073998801
2018-03-19 05:12:00,-648.073998801
2018-03-19 05:13:00,-673.409539051
2018-03-19 05:14:00,-660.741768926
2018-03-19 05:15:00,-673.409539051
2018-03-19 05:16:00,-673.409539051
2018-03-19 05:17:00,-673.409539051
2018-03-19 05:18:00,-673.409539051
2018-03-19 05:19:00,-673.409539051
2018-03-19 05:20:00,-673.409539051
2018-03-19 05:21:00,-673.409539051
2018-03-19 05:22:00,-660.741768926
2018-03-19 05:23:00,-648.073998801
2018-03-19 05:24:00,-635.406228676
2018-03-19 05:25:00,-635.406228676
2018-03-19 05:26:00,-635.406228676
2018-03-19 05:27:00,-635.406228676
2018-03-19 05:28:00,-648.073998801
2018-03-19 05:29:00,-648.073998801
2018-03-19 05:30:00,-648.073998801
2018-03-19 05:31:00,-648.073998801
2018-03-19 05:32:00,-673.409539051
2018-03-19 05:33:00,-673.409539051
2018-03-19 05:34:00,-673.409539051
2018-03-19 05:35:00,-673.409539051
2018-03-19 05:36:00,-648.073998801
2018-03-19 05:37:00,-698.745079301
2018-03-19 05:38:00,-698.745079301
2018-03-19 05:39:00,-698.745079301
2018-03-19 05:40:00,-698.745079301
2018-03-19 05:41:00,-698.745079301
2018-03-19 05:42:00,-724.080619551
2018-03-19 05:43:00,-724.080619551
2018-03-19 05:44:00,-698.745079301
2018-03-19 05:45:00,-724.080619551
2018-03-19 05:46:00,-724.080619551
2018-03-19 05:47:00,-724.080619551
2018-03-19 05:48:00,-724.080619551
2018-03-19 05:49:00,-724.080619551
2018-03-19 05:50:00,-762.083929926
2018-03-19 05:51:00,-812.755010426
2018-03-19 05:52:00,-812.755010426
2018-03-19 05:53:00,-800.087240301
2018-03-19 05:54:00,-800.087240301
2018-03-19 05:55:00,-800.087240301
2018-03-19 05:56:00,-800.087240301
2018-03-19 05:57:00,-800.087240301
2018-03-19 05:58:00,-762.083929926
2018-03-19 05:59:00,-749.416159801
2018-03-19 06:00:00,-749.416159801
2018-03-19 06:01:00,-749.416159801
2018-03-19 06:02:00,-749.416159801
2018-03-19 06:03:00,-749.416159801
2018-03-19 06:04:00,-762.083929926
2018-03-19 06:05:00,-762.083929926
2018-03-19 06:06:00,-762.083929926
2018-03-19 06:07:00,-762.083929926
2018-03-19 06:08:00,-762.083929926
2018-03-19 06:09:00,-749.416159801
2018-03-19 06:10:00,-749.416159801
2018-03-19 06:11:00,-762.083929926
2018-03-19 06:12:00,-762.083929926
2018-03-19 06:13:00,-762.083929926
2018-03-19 06:14:00,-762.083929926
2018-03-19 06:15:00,-762.083929926
2018-03-19 06:16:00,-762.083929926
2018-03-19 06:17:00,-762.083929926
2018-03-19 06:18:00,-762.083929926
2018-03-19 06:19:00,-762.083929926
2018-03-19 06:20:00,-762.083929926
2018-03-19 06:21:00,-762.083929926
2018-03-19 06:22:00,-762.083929926
2018-03-19 06:23:00,-762.083929926
2018-03-19 06:24:00,-762.083929926
2018-03-19 06:25:00,-762.083929926
2018-03-19 06:26:00,-762.083929926
2018-03-19 06:27:00,-762.083929926
2018-03-19 06:28:00,-762.083929926
2018-03-19 06:29:00,-800.087240301
2018-03-19 06:30:00,-800.087240301
2018-03-19 06:31:00,-800.087240301
2018-03-19 06:32:00,-800.087240301
2018-03-19 06:33:00,-787.419470176
2018-03-19 06:34:00,-787.419470176
2018-03-19 06:35:00,-787.419470176
2018-03-19 06:36:00,-800.087240301
2018-03-19 06:37:00,-787.419470176
2018-03-19 06:38:00,-800.087240301
2018-03-19 06:39:00,-800.087240301
2018-03-19 06:40:00,-787.419470176
2018-03-19 06:41:00,-787.419470176
2018-03-19 06:42:00,-774.751700051
2018-03-19 06:43:00,-787.419470176
2018-03-19 06:44:00,-787.419470176
2018-03-19 06:45:00,-812.755010426
2018-03-19 06:46:00,-800.087240301
2018-03-19 06:47:00,-812.755010426
2018-03-19 06:48:00,-812.755010426
2018-03-19 06:49:00,-812.755010426
2018-03-19 06:50:00,-812.755010426
2018-03-19 06:51:00,-812.755010426
2018-03-19 06:52:00,-812.755010426
2018-03-19 06:53:00,-812.755010426
2018-03-19 06:54:00,-812.755010426
2018-03-19 06:55:00,-838.090550676
2018-03-19 06:56:00,-888.761631176
2018-03-19 06:57:00,-888.761631176
2018-03-19 06:58:00,-888.761631176
2018-03-19 06:59:00,-939.432711676
2018-03-19 07:00:00,-952.100481801
2018-03-19 07:01:00,-964.768251926
2018-03-19 07:02:00,-939.432711676
2018-03-19 07:03:00,-964.768251926
2018-03-19 07:04:00,-939.432711676
2018-03-19 07:05:00,-964.768251926
2018-03-19 07:06:00,-939.432711676
2018-03-19 07:07:00,-964.768251926
2018-03-19 07:08:00,-964.768251926
2018-03-19 07:09:00,-964.768251926
2018-03-19 07:10:00,-964.768251926
2018-03-19 07:11:00,-964.768251926
2018-03-19 07:12:00,-964.768251926
2018-03-19 07:13:00,-964.768251926
2018-03-19 07:14:00,-964.768251926
2018-03-19 07:15:00,-964.768251926
2018-03-19 07:16:00,-964.768251926
2018-03-19 07:17:00,-939.432711676
2018-03-19 07:18:00,-964.768251926
2018-03-19 07:19:00,-939.432711676
2018-03-19 07:20:00,-939.432711676
2018-03-19 07:21:00,-939.432711676
2018-03-19 07:22:00,-939.432711676
2018-03-19 07:23:00,-939.432711676
2018-03-19 07:24:00,-939.432711676
2018-03-19 07:25:00,-952.100481801
2018-03-19 07:26:00,-939.432711676
2018-03-19 07:27:00,-964.768251926
2018-03-19 07:28:00,-964.768251926
2018-03-19 07:29:00,-964.768251926
2018-03-19 07:30:00,-964.768251926
2018-03-19 07:31:00,-964.768251926
2018-03-19 07:32:00,-964.768251926
2018-03-19 07:33:00,-964.768251926
2018-03-19 07:34:00,-964.768251926
2018-03-19 07:35:00,-964.768251926
2018-03-19 07:36:00,-964.768251926
2018-03-19 07:37:00,-964.768251926
2018-03-19 07:38:00,-964.768251926
2018-03-19 07:39:00,-964.768251926
2018-03-19 07:40:00,-952.100481801
2018-03-19 07:41:00,-939.432711676
2018-03-19 07:42:00,-939.432711676
2018-03-19 07:43:00,-939.432711676
2018-03-19 07:44:00,-939.432711676
2018-03-19 07:45:00,-939.432711676
2018-03-19 07:46:00,-952.100481801
2018-03-19 07:47:00,-939.432711676
2018-03-19 07:48:00,-914.097171426
2018-03-19 07:49:00,-926.764941551
2018-03-19 07:50:00,-914.097171426
2018-03-19 07:51:00,-901.429401301
2018-03-19 07:52:00,-901.429401301
2018-03-19 07:53:00,-901.429401301
2018-03-19 07:54:00,-901.429401301
2018-03-19 07:55:00,-914.097171426
2018-03-19 07:56:00,-914.097171426
2018-03-19 07:57:00,-914.097171426
2018-03-19 07:58:00,-939.432711676
2018-03-19 07:59:00,-939.432711676
2018-03-19 08:00:00,-939.432711676
2018-03-19 08:01:00,-939.432711676
2018-03-19 08:02:00,-964.768251926
2018-03-19 08:03:00,-964.768251926
2018-03-19 08:04:00,-964.768251926
2018-03-19 08:05:00,-964.768251926
2018-03-19 08:06:00,-964.768251926
2018-03-19 08:07:00,-964.768251926
2018-03-19 08:08:00,-964.768251926
2018-03-19 08:09:00,-939.432711676
2018-03-19 08:10:00,-939.432711676
2018-03-19 08:11:00,-939.432711676
2018-03-19 08:12:00,-901.429401301
2018-03-19 08:13:00,-926.764941551
2018-03-19 08:14:00,-952.100481801
2018-03-19 08:15:00,-952.100481801
2018-03-19 08:16:00,-952.100481801
2018-03-19 08:17:00,-952.100481801
2018-03-19 08:18:00,-939.432711676
2018-03-19 08:19:00,-939.432711676
2018-03-19 08:20:00,-939.432711676
2018-03-19 08:21:00,-964.768251926
2018-03-19 08:22:00,-964.768251926
2018-03-19 08:23:00,-964.768251926
2018-03-19 08:24:00,-977.436022051
2018-03-19 08:25:00,-964.768251926
2018-03-19 08:26:00,-990.103792176
2018-03-19 08:27:00,-990.103792176
2018-03-19 08:28:00,-990.103792176
2018-03-19 08:29:00,-990.103792176
2018-03-19 08:30:00,-990.103792176
2018-03-19 08:31:00,-990.103792176
2018-03-19 08:32:00,-990.103792176
2018-03-19 08:33:00,-990.103792176
2018-03-19 08:34:00,-990.103792176
2018-03-19 08:35:00,-990.103792176
2018-03-19 08:36:00,-990.103792176
2018-03-19 08:37:00,-990.103792176
2018-03-19 08:38:00,-990.103792176
2018-03-19 08:39:00,-990.103792176
2018-03-19 08:40:00,-977.436022051
2018-03-19 08:41:00,-952.100481801
2018-03-19 08:42:00,-964.768251926
2018-03-19 08:43:00,-964.768251926
2018-03-19 08:44:00,-964.768251926
2018-03-19 08:45:00,-964.768251926
2018-03-19 08:46:00,-964.768251926
2018-03-19 08:47:00,-939.432711676
2018-03-19 08:48:00,-952.100481801
2018-03-19 08:49:00,-939.432711676
2018-03-19 08:50:00,-939.432711676
2018-03-19 08:51:00,-939.432711676
2018-03-19 08:52:00,-952.100481801
2018-03-19 08:53:00,-964.768251926
2018-03-19 08:54:00,-964.768251926
2018-03-19 08:55:00,-964.768251926
2018-03-19 08:56:00,-939.432711676
2018-03-19 08:57:00,-901.429401301
2018-03-19 08:58:00,-901.429401301
2018-03-19 08:59:00,-863.426090926
2018-03-19 09:00:00,-876.093861051
2018-03-19 09:01:00,-888.761631176
2018-03-19 09:02:00,-863.426090926
2018-03-19 09:03:00,-888.761631176
2018-03-19 09:04:00,-888.761631176
2018-03-19 09:05:00,-888.761631176
2018-03-19 09:06:00,-888.761631176
2018-03-19 09:07:00,-888.761631176
2018-03-19 09:08:00,-901.429401301
2018-03-19 09:09:00,-901.429401301
2018-03-19 09:10:00,-888.761631176
2018-03-19 09:11:00,-876.093861051
2018-03-19 09:12:00,-876.093861051
2018-03-19 09:13:00,-876.093861051
2018-03-19 09:14:00,-850.758320801
2018-03-19 09:15:00,-838.090550676
2018-03-19 09:16:00,-838.090550676
2018-03-19 09:17:00,-838.090550676
2018-03-19 09:18:00,-838.090550676
2018-03-19 09:19:00,-838.090550676
2018-03-19 09:20:00,-838.090550676
2018-03-19 09:21:00,-850.758320801
2018-03-19 09:22:00,-838.090550676
2018-03-19 09:23:00,-838.090550676
2018-03-19 09:24:00,-850.758320801
2018-03-19 09:25:00,-863.426090926
2018-03-19 09:26:00,-863.426090926
2018-03-19 09:27:00,-863.426090926
2018-03-19 09:28:00,-876.093861051
2018-03-19 09:29:00,-863.426090926
2018-03-19 09:30:00,-863.426090926
2018-03-19 09:31:00,-838.090550676
2018-03-19 09:32:00,-838.090550676
2018-03-19 09:33:00,-838.090550676
2018-03-19 09:34:00,-850.758320801
2018-03-19 09:35:00,-838.090550676
2018-03-19 09:36:00,-838.090550676
2018-03-19 09:37:00,-838.090550676
2018-03-19 09:38:00,-838.090550676
2018-03-19 09:39:00,-838.090550676
2018-03-19 09:40:00,-838.090550676
2018-03-19 09:41:00,-838.090550676
2018-03-19 09:42:00,-838.090550676
2018-03-19 09:43:00,-825.422780551
2018-03-19 09:44:00,-825.422780551
2018-03-19 09:45:00,-812.755010426
2018-03-19 09:46:00,-812.755010426
2018-03-19 09:47:00,-812.755010426
2018-03-19 09:48:00,-825.422780551
2018-03-19 09:49:00,-838.090550676
2018-03-19 09:50:00,-825.422780551
2018-03-19 09:51:00,-812.755010426
2018-03-19 09:52:00,-812.755010426
2018-03-19 09:53:00,-812.755010426
2018-03-19 09:54:00,-800.087240301
2018-03-19 09:55:00,-787.419470176
2018-03-19 09:56:00,-812.755010426
2018-03-19 09:57:00,-812.755010426
2018-03-19 09:58:00,-812.755010426
2018-03-19 09:59:00,-800.087240301
2018-03-19 10:00:00,-800.087240301
2018-03-19 10:01:00,-787.419470176
2018-03-19 10:02:00,-762.083929926
2018-03-19 10:03:00,-787.419470176
2018-03-19 10:04:00,-787.419470176
2018-03-19 10:05:00,-787.419470176
2018-03-19 10:06:00,-787.419470176
2018-03-19 10:07:00,-812.755010426
2018-03-19 10:08:00,-787.419470176
2018-03-19 10:09:00,-787.419470176
2018-03-19 10:10:00,-812.755010426
2018-03-19 10:11:00,-812.755010426
2018-03-19 10:12:00,-800.087240301
2018-03-19 10:13:00,-800.087240301
2018-03-19 10:14:00,-812.755010426
2018-03-19 10:15:00,-787.419470176
2018-03-19 10:16:00,-800.087240301
2018-03-19 10:17:00,-787.419470176
2018-03-19 10:18:00,-800.087240301
2018-03-19 10:19:00,-787.419470176
2018-03-19 10:20:00,-787.419470176
2018-03-19 10:21:00,-787.419470176
2018-03-19 10:22:00,-787.419470176
2018-03-19 10:23:00,-787.419470176
2018-03-19 10:24:00,-800.087240301
2018-03-19 10:25:00,-812.755010426
2018-03-19 10:26:00,-825.422780551
2018-03-19 10:27:00,-838.090550676
2018-03-19 10:28:00,-838.090550676
2018-03-19 10:29:00,-838.090550676
2018-03-19 10:30:00,-838.090550676
2018-03-19 10:31:00,-838.090550676
2018-03-19 10:32:00,-825.422780551
2018-03-19 10:33:00,-812.755010426
2018-03-19 10:34:00,-812.755010426
2018-03-19 10:35:00,-812.755010426
2018-03-19 10:36:00,-812.755010426
2018-03-19 10:37:00,-825.422780551
2018-03-19 10:38:00,-812.755010426
2018-03-19 10:39:00,-812.755010426
2018-03-19 10:40:00,-800.087240301
2018-03-19 10:41:00,-774.751700051
2018-03-19 10:42:00,-774.751700051
2018-03-19 10:43:00,-800.087240301
2018-03-19 10:44:00,-774.751700051
2018-03-19 10:45:00,-762.083929926
2018-03-19 10:46:00,-774.751700051
2018-03-19 10:47:00,-762.083929926
2018-03-19 10:48:00,-762.083929926
2018-03-19 10:49:00,-749.416159801
2018-03-19 10:50:00,-749.416159801
2018-03-19 10:51:00,-711.412849426
2018-03-19 10:52:00,-736.748389676
2018-03-19 10:53:00,-736.748389676
2018-03-19 10:54:00,-749.416159801
2018-03-19 10:55:00,-736.748389676
2018-03-19 10:56:00,-736.748389676
2018-03-19 10:57:00,-711.412849426
2018-03-19 10:58:00,-711.412849426
2018-03-19 10:59:00,-711.412849426
2018-03-19 11:00:00,-711.412849426
2018-03-19 11:01:00,-711.412849426
2018-03-19 11:02:00,-711.412849426
2018-03-19 11:03:00,-724.080619551
2018-03-19 11:04:00,-736.748389676
2018-03-19 11:05:00,-711.412849426
2018-03-19 11:06:00,-736.748389676
2018-03-19 11:07:00,-724.080619551
2018-03-19 11:08:00,-711.412849426
2018-03-19 11:09:00,-711.412849426
2018-03-19 11:10:00,-724.080619551
2018-03-19 11:11:00,-711.412849426
2018-03-19 11:12:00,-711.412849426
2018-03-19 11:13:00,-724.080619551
2018-03-19 11:14:00,-724.080619551
2018-03-19 11:15:00,-711.412849426
2018-03-19 11:16:00,-711.412849426
2018-03-19 11:17:00,-711.412849426
2018-03-19 11:18:00,-711.412849426
2018-03-19 11:19:00,-698.745079301
2018-03-19 11:20:00,-698.745079301
2018-03-19 11:21:00,-711.412849426
2018-03-19 11:22:00,-724.080619551
2018-03-19 11:23:00,-724.080619551
2018-03-19 11:24:00,-724.080619551
2018-03-19 11:25:00,-736.748389676
2018-03-19 11:26:00,-711.412849426
2018-03-19 11:27:00,-724.080619551
2018-03-19 11:28:00,-724.080619551
2018-03-19 11:29:00,-724.080619551
2018-03-19 11:30:00,-724.080619551
2018-03-19 11:31:00,-724.080619551
2018-03-19 11:32:00,-724.080619551
2018-03-19 11:33:00,-724.080619551
2018-03-19 11:34:00,-711.412849426
2018-03-19 11:35:00,-711.412849426
2018-03-19 11:36:00,-711.412849426
2018-03-19 11:37:00,-736.748389676
2018-03-19 11:38:00,-724.080619551
2018-03-19 11:39:00,-724.080619551
2018-03-19 11:40:00,-724.080619551
2018-03-19 11:41:00,-724.080619551
2018-03-19 11:42:00,-724.080619551
2018-03-19 11:43:00,-724.080619551
2018-03-19 11:44:00,-724.080619551
2018-03-19 11:45:00,-711.412849426
2018-03-19 11:46:00,-711.412849426
2018-03-19 11:47:00,-711.412849426
2018-03-19 11:48:00,-711.412849426
2018-03-19 11:49:00,-711.412849426
2018-03-19 11:50:00,-711.412849426
2018-03-19 11:51:00,-711.412849426
2018-03-19 11:52:00,-711.412849426
2018-03-19 11:53:00,-698.745079301
2018-03-19 11:54:00,-724.080619551
2018-03-19 11:55:00,-724.080619551
2018-03-19 11:56:00,-736.748389676
2018-03-19 11:57:00,-736.748389676
2018-03-19 11:58:00,-736.748389676
2018-03-19 11:59:00,-749.416159801
2018-03-19 12:00:00,-736.748389676
2018-03-19 12:01:00,-736.748389676
2018-03-19 12:02:00,-736.748389676
2018-03-19 12:03:00,-736.748389676
2018-03-19 12:04:00,-736.748389676
2018-03-19 12:05:00,-736.748389676
2018-03-19 12:06:00,-736.748389676
2018-03-19 12:07:00,-736.748389676
2018-03-19 12:08:00,-736.748389676
2018-03-19 12:09:00,-736.748389676
2018-03-19 12:10:00,-736.748389676
2018-03-19 12:11:00,-736.748389676
2018-03-19 12:12:00,-736.748389676
2018-03-19 12:13:00,-736.748389676
2018-03-19 12:14:00,-724.080619551
2018-03-19 12:15:00,-736.748389676
2018-03-19 12:16:00,-736.748389676
2018-03-19 12:17:00,-736.748389676
2018-03-19 12:18:00,-736.748389676
2018-03-19 12:19:00,-736.748389676
2018-03-19 12:20:00,-736.748389676
2018-03-19 12:21:00,-736.748389676
2018-03-19 12:22:00,-736.748389676
2018-03-19 12:23:00,-736.748389676
2018-03-19 12:24:00,-736.748389676
2018-03-19 12:25:00,-736.748389676
2018-03-19 12:26:00,-736.748389676
2018-03-19 12:27:00,-736.748389676
2018-03-19 12:28:00,-749.416159801
2018-03-19 12:29:00,-711.412849426
2018-03-19 12:30:00,-711.412849426
2018-03-19 12:31:00,-711.412849426
2018-03-19 12:32:00,-698.745079301
2018-03-19 12:33:00,-711.412849426
2018-03-19 12:34:00,-711.412849426
2018-03-19 12:35:00,-686.077309176
2018-03-19 12:36:00,-686.077309176
2018-03-19 12:37:00,-686.077309176
2018-03-19 12:38:00,-749.416159801
2018-03-19 12:39:00,-749.416159801
2018-03-19 12:40:00,-749.416159801
2018-03-19 12:41:00,-749.416159801
2018-03-19 12:42:00,-749.416159801
2018-03-19 12:43:00,-749.416159801
2018-03-19 12:44:00,-749.416159801
2018-03-19 12:45:00,-749.416159801
2018-03-19 12:46:00,-749.416159801
2018-03-19 12:47:00,-749.416159801
2018-03-19 12:48:00,-736.748389676
2018-03-19 12:49:00,-736.748389676
2018-03-19 12:50:00,-749.416159801
2018-03-19 12:51:00,-749.416159801
2018-03-19 12:52:00,-762.083929926
2018-03-19 12:53:00,-762.083929926
2018-03-19 12:54:00,-762.083929926
2018-03-19 12:55:00,-736.748389676
2018-03-19 12:56:00,-736.748389676
2018-03-19 12:57:00,-736.748389676
2018-03-19 12:58:00,-736.748389676
2018-03-19 12:59:00,-736.748389676
2018-03-21 02:47:00,-1096.16518821
2018-03-21 02:48:00,-1096.16518821
2018-03-21 02:49:00,-1119.48354534
2018-03-21 02:50:00,-1119.48354534
2018-03-21 02:51:00,-1119.48354534
2018-03-21 02:52:00,-1119.48354534
2018-03-21 02:53:00,-1119.48354534
2018-03-21 02:54:00,-1119.48354534
2018-03-21 02:55:00,-1119.48354534
2018-03-21 02:56:00,-1119.48354534
2018-03-21 02:57:00,-1119.48354534
2018-03-21 02:58:00,-1119.48354534
2018-03-21 02:59:00,-1119.48354534
2018-03-21 03:00:00,-1131.1427239
2018-03-21 03:01:00,-1154.46108103
2018-03-21 03:02:00,-1177.77943815
2018-03-21 03:03:00,-1177.77943815
2018-03-21 03:04:00,-1177.77943815
2018-03-21 03:05:00,-1189.43861671
2018-03-21 03:06:00,-1236.07533096
2018-03-21 03:07:00,-1236.07533096
2018-03-21 03:08:00,-1259.39368809
2018-03-21 03:09:00,-1259.39368809
2018-03-21 03:10:00,-1271.05286665
2018-03-21 03:11:00,-1259.39368809
2018-03-21 03:12:00,-1259.39368809
2018-03-21 03:13:00,-1271.05286665
2018-03-21 03:14:00,-1282.71204521
2018-03-21 03:15:00,-1259.39368809
2018-03-21 03:16:00,-1259.39368809
2018-03-21 03:17:00,-1259.39368809
2018-03-21 03:18:00,-1271.05286665
2018-03-21 03:19:00,-1259.39368809
2018-03-21 03:20:00,-1259.39368809
2018-03-21 03:21:00,-1422.62218796
2018-03-21 03:22:00,-1445.94054509
2018-03-21 03:23:00,-1469.25890221
2018-03-21 03:24:00,-1492.57725934
2018-03-21 03:25:00,-1492.57725934
2018-03-21 03:26:00,-1492.57725934
2018-03-21 03:27:00,-1492.57725934
2018-03-21 03:28:00,-1492.57725934
2018-03-21 03:29:00,-1515.89561646
2018-03-21 03:30:00,-1527.55479503
2018-03-21 03:31:00,-1527.55479503
2018-03-21 03:32:00,-1527.55479503
2018-03-21 03:33:00,-1527.55479503
2018-03-21 03:34:00,-1515.89561646
2018-03-21 03:35:00,-1515.89561646
2018-03-21 03:36:00,-1492.57725934
2018-03-21 03:37:00,-1492.57725934
2018-03-21 03:38:00,-1492.57725934
2018-03-21 03:39:00,-1492.57725934
2018-03-21 03:40:00,-1469.25890221
2018-03-21 03:41:00,-1457.59972365
2018-03-21 03:42:00,-1445.94054509
2018-03-21 03:43:00,-1469.25890221
2018-03-21 03:44:00,-1492.57725934
2018-03-21 03:45:00,-1480.91808078
2018-03-21 03:46:00,-1492.57725934
2018-03-21 03:47:00,-1469.25890221
2018-03-21 03:48:00,-1457.59972365
2018-03-21 03:49:00,-1457.59972365
2018-03-21 03:50:00,-1434.28136653
2018-03-21 03:51:00,-1445.94054509
2018-03-21 03:52:00,-1445.94054509
2018-03-21 03:53:00,-1480.91808078
2018-03-21 03:54:00,-1492.57725934
2018-03-21 03:55:00,-1492.57725934
2018-03-21 03:56:00,-1504.2364379
2018-03-21 03:57:00,-1515.89561646
2018-03-21 03:58:00,-1504.2364379
2018-03-21 03:59:00,-1504.2364379
2018-03-21 04:00:00,-1480.91808078
2018-03-21 04:01:00,-1457.59972365
2018-03-21 04:02:00,-1422.62218796
2018-03-21 04:03:00,-1387.64465228
2018-03-21 04:04:00,-1375.98547371
2018-03-21 04:05:00,-1399.30383084
2018-03-21 04:06:00,-1399.30383084
2018-03-21 04:07:00,-1399.30383084
2018-03-21 04:08:00,-1399.30383084
2018-03-21 04:09:00,-1399.30383084
2018-03-21 04:10:00,-1399.30383084
2018-03-21 04:11:00,-1375.98547371
2018-03-21 04:12:00,-1375.98547371
2018-03-21 04:13:00,-1399.30383084
2018-03-21 04:14:00,-1399.30383084
2018-03-21 04:15:00,-1399.30383084
2018-03-21 04:16:00,-1387.64465228
2018-03-21 04:17:00,-1375.98547371
2018-03-21 04:18:00,-1375.98547371
2018-03-21 04:19:00,-1375.98547371
2018-03-21 04:20:00,-1375.98547371
2018-03-21 04:21:00,-1387.64465228
2018-03-21 04:22:00,-1387.64465228
2018-03-21 04:23:00,-1387.64465228
2018-03-21 04:24:00,-1375.98547371
2018-03-21 04:25:00,-1387.64465228
2018-03-21 04:26:00,-1410.9630094
2018-03-21 04:27:00,-1399.30383084
2018-03-21 04:28:00,-1410.9630094
2018-03-21 04:29:00,-1410.9630094
2018-03-21 04:30:00,-1609.16904496
2018-03-21 04:31:00,-1679.12411634
2018-03-21 04:32:00,-1702.44247346
2018-03-21 04:33:00,-1702.44247346
2018-03-21 04:34:00,-1679.12411634
2018-03-21 04:35:00,-1679.12411634
2018-03-21 04:36:00,-1737.42000915
2018-03-21 04:37:00,-1737.42000915
2018-03-21 04:38:00,-1725.76083059
2018-03-21 04:39:00,-1714.10165203
2018-03-21 04:40:00,-1714.10165203
2018-03-21 04:41:00,-1725.76083059
2018-03-21 04:42:00,-1795.71590196
2018-03-21 04:43:00,-1795.71590196
2018-03-21 04:44:00,-1795.71590196
2018-03-21 04:45:00,-1795.71590196
2018-03-21 04:46:00,-1772.39754484
2018-03-21 04:47:00,-1784.0567234
2018-03-21 04:48:00,-1749.07918771
2018-03-21 04:49:00,-1749.07918771
2018-03-21 04:50:00,-1749.07918771
2018-03-21 04:51:00,-1772.39754484
2018-03-21 04:52:00,-1749.07918771
2018-03-21 04:53:00,-1749.07918771
2018-03-21 04:54:00,-1749.07918771
2018-03-21 04:55:00,-1749.07918771
2018-03-21 04:56:00,-1749.07918771
2018-03-21 04:57:00,-1749.07918771
2018-03-21 04:58:00,-1737.42000915
2018-03-21 04:59:00,-1749.07918771
2018-03-21 05:00:00,-1737.42000915
2018-03-21 05:01:00,-1749.07918771
2018-03-21 05:02:00,-1760.73836628
2018-03-21 05:03:00,-1760.73836628
2018-03-21 05:04:00,-1760.73836628
2018-03-21 05:05:00,-1772.39754484
2018-03-21 05:06:00,-1749.07918771
2018-03-21 05:07:00,-1807.37508053
2018-03-21 05:08:00,-1819.03425909
2018-03-21 05:09:00,-1819.03425909
2018-03-21 05:10:00,-1819.03425909
2018-03-21 05:11:00,-1784.0567234
2018-03-21 05:12:00,-1795.71590196
2018-03-21 05:13:00,-1795.71590196
2018-03-21 05:14:00,-1784.0567234
2018-03-21 05:15:00,-1784.0567234
2018-03-21 05:16:00,-1795.71590196
2018-03-21 05:17:00,-1842.35261621
2018-03-21 05:18:00,-1842.35261621
2018-03-21 05:19:00,-1842.35261621
2018-03-21 05:20:00,-1842.35261621
2018-03-21 05:21:00,-1842.35261621
2018-03-21 05:22:00,-1842.35261621
2018-03-21 05:23:00,-1854.01179478
2018-03-21 05:24:00,-1819.03425909
2018-03-21 05:25:00,-1819.03425909
2018-03-21 05:26:00,-1807.37508053
2018-03-21 05:27:00,-1819.03425909
2018-03-21 05:28:00,-1819.03425909
2018-03-21 05:29:00,-1784.0567234
2018-03-21 05:30:00,-1807.37508053
2018-03-21 05:31:00,-1830.69343765
2018-03-21 05:32:00,-1842.35261621
2018-03-21 05:33:00,-1842.35261621
2018-03-21 05:34:00,-1842.35261621
2018-03-21 05:35:00,-1842.35261621
2018-03-21 05:36:00,-1865.67097334
2018-03-21 05:37:00,-1854.01179478
2018-03-21 05:38:00,-1842.35261621
2018-03-21 05:39:00,-1842.35261621
2018-03-21 05:40:00,-1819.03425909
2018-03-21 05:41:00,-1819.03425909
2018-03-21 05:42:00,-1795.71590196
2018-03-21 05:43:00,-1842.35261621
2018-03-21 05:44:00,-1842.35261621
2018-03-21 05:45:00,-1842.35261621
2018-03-21 05:46:00,-1842.35261621
2018-03-21 05:47:00,-1842.35261621
2018-03-21 05:48:00,-1842.35261621
2018-03-21 05:49:00,-1842.35261621
2018-03-21 05:50:00,-1842.35261621
2018-03-21 05:51:00,-1830.69343765
2018-03-21 05:52:00,-1807.37508053
2018-03-21 05:53:00,-1819.03425909
2018-03-21 05:54:00,-1819.03425909
2018-03-21 05:55:00,-1807.37508053
2018-03-21 05:56:00,-1807.37508053
2018-03-21 05:57:00,-1807.37508053
2018-03-21 05:58:00,-1807.37508053
2018-03-21 05:59:00,-1807.37508053
2018-03-21 06:00:00,-1807.37508053
2018-03-21 06:01:00,-1807.37508053
2018-03-21 06:02:00,-1807.37508053
2018-03-21 06:03:00,-1807.37508053
2018-03-21 06:04:00,-1807.37508053
2018-03-21 06:05:00,-1807.37508053
2018-03-21 06:06:00,-1807.37508053
2018-03-21 06:07:00,-1819.03425909
2018-03-21 06:08:00,-1819.03425909
2018-03-21 06:09:00,-1819.03425909
2018-03-21 06:10:00,-1819.03425909
2018-03-21 06:11:00,-1819.03425909
2018-03-21 06:12:00,-1819.03425909
2018-03-21 06:13:00,-1819.03425909
2018-03-21 06:14:00,-1807.37508053
2018-03-21 06:15:00,-1772.39754484
2018-03-21 06:16:00,-1772.39754484
2018-03-21 06:17:00,-1784.0567234
2018-03-21 06:18:00,-1784.0567234
2018-03-21 06:19:00,-1784.0567234
2018-03-21 06:20:00,-1795.71590196
2018-03-21 06:21:00,-1807.37508053
2018-03-21 06:22:00,-1807.37508053
2018-03-21 06:23:00,-1795.71590196
2018-03-21 06:24:00,-1795.71590196
2018-03-21 06:25:00,-1807.37508053
2018-03-21 06:26:00,-1807.37508053
2018-03-21 06:27:00,-1807.37508053
2018-03-21 06:28:00,-1807.37508053
2018-03-21 06:29:00,-1807.37508053
2018-03-21 06:30:00,-1795.71590196
2018-03-21 06:31:00,-1795.71590196
2018-03-21 06:32:00,-1795.71590196
2018-03-21 06:33:00,-1807.37508053
2018-03-21 06:34:00,-1807.37508053
2018-03-21 06:35:00,-1795.71590196
2018-03-21 06:36:00,-1807.37508053
2018-03-21 06:37:00,-1830.69343765
2018-03-21 06:38:00,-1819.03425909
2018-03-21 06:39:00,-1807.37508053
2018-03-21 06:40:00,-1807.37508053
2018-03-21 06:41:00,-1807.37508053
2018-03-21 06:42:00,-1819.03425909
2018-03-21 06:43:00,-1737.42000915
2018-03-21 06:44:00,-1725.76083059
2018-03-21 06:45:00,-1725.76083059
2018-03-21 06:46:00,-1737.42000915
2018-03-21 06:47:00,-1737.42000915
2018-03-21 06:48:00,-1737.42000915
2018-03-21 06:49:00,-1749.07918771
2018-03-21 06:50:00,-1725.76083059
2018-03-21 06:51:00,-1725.76083059
2018-03-21 06:52:00,-1725.76083059
2018-03-21 06:53:00,-1725.76083059
2018-03-21 06:54:00,-1737.42000915
2018-03-21 06:55:00,-1737.42000915
2018-03-21 06:56:00,-1784.0567234
2018-03-21 06:57:00,-1760.73836628
2018-03-21 06:58:00,-1784.0567234
2018-03-21 06:59:00,-1784.0567234
2018-03-21 07:00:00,-1784.0567234
2018-03-21 07:01:00,-1807.37508053
2018-03-21 07:02:00,-1830.69343765
2018-03-21 07:03:00,-1842.35261621
2018-03-21 07:04:00,-1830.69343765
2018-03-21 07:05:00,-1819.03425909
2018-03-21 07:06:00,-1807.37508053
2018-03-21 07:07:00,-1830.69343765
2018-03-21 07:08:00,-1854.01179478
2018-03-21 07:09:00,-1830.69343765
2018-03-21 07:10:00,-1854.01179478
2018-03-21 07:11:00,-1854.01179478
2018-03-21 07:12:00,-1842.35261621
2018-03-21 07:13:00,-1854.01179478
2018-03-21 07:14:00,-1854.01179478
2018-03-21 07:15:00,-1830.69343765
2018-03-21 07:16:00,-1830.69343765
2018-03-21 07:17:00,-1830.69343765
2018-03-21 07:18:00,-1830.69343765
2018-03-21 07:19:00,-1830.69343765
2018-03-21 07:20:00,-1830.69343765
2018-03-21 07:21:00,-1830.69343765
2018-03-21 07:22:00,-1842.35261621
2018-03-21 07:23:00,-1854.01179478
2018-03-21 07:24:00,-1854.01179478
2018-03-21 07:25:00,-1854.01179478
2018-03-21 07:26:00,-1854.01179478
2018-03-21 07:27:00,-1854.01179478
2018-03-21 07:28:00,-1854.01179478
2018-03-21 07:29:00,-1854.01179478
2018-03-21 07:30:00,-1830.69343765
2018-03-21 07:31:00,-1830.69343765
2018-03-21 07:32:00,-1854.01179478
2018-03-21 07:33:00,-1842.35261621
2018-03-21 07:34:00,-1830.69343765
2018-03-21 07:35:00,-1830.69343765
2018-03-21 07:36:00,-1830.69343765
2018-03-21 07:37:00,-1830.69343765
2018-03-21 07:38:00,-1830.69343765
2018-03-21 07:39:00,-1830.69343765
2018-03-21 07:40:00,-1830.69343765
2018-03-21 07:41:00,-1842.35261621
2018-03-21 07:42:00,-1830.69343765
2018-03-21 07:43:00,-1830.69343765
2018-03-21 07:44:00,-1830.69343765
2018-03-21 07:45:00,-1830.69343765
2018-03-21 07:46:00,-1854.01179478
2018-03-21 07:47:00,-1830.69343765
2018-03-21 07:48:00,-1854.01179478
2018-03-21 07:49:00,-1854.01179478
2018-03-21 07:50:00,-1854.01179478
2018-03-21 07:51:00,-1854.01179478
2018-03-21 07:52:00,-1854.01179478
2018-03-21 07:53:00,-1854.01179478
2018-03-21 07:54:00,-1854.01179478
2018-03-21 07:55:00,-1854.01179478
2018-03-21 07:56:00,-1854.01179478
2018-03-21 07:57:00,-1854.01179478
2018-03-21 07:58:00,-1854.01179478
2018-03-21 07:59:00,-1830.69343765
2018-03-21 08:00:00,-1830.69343765
2018-03-21 08:01:00,-1888.98933046
2018-03-21 08:02:00,-1877.3301519
2018-03-21 08:03:00,-1877.3301519
2018-03-21 08:04:00,-1888.98933046
2018-03-21 08:05:00,-1888.98933046
2018-03-21 08:06:00,-1888.98933046
2018-03-21 08:07:00,-1888.98933046
2018-03-21 08:08:00,-1888.98933046
2018-03-21 08:09:00,-1912.30768759
2018-03-21 08:10:00,-1923.96686615
2018-03-21 08:11:00,-1947.28522328
2018-03-21 08:12:00,-1947.28522328
2018-03-21 08:13:00,-1947.28522328
2018-03-21 08:14:00,-1947.28522328
2018-03-21 08:15:00,-1947.28522328
2018-03-21 08:16:00,-1947.28522328
2018-03-21 08:17:00,-1982.26275896
2018-03-21 08:18:00,-1982.26275896
2018-03-21 08:19:00,-1982.26275896
2018-03-21 08:20:00,-2005.58111609
2018-03-21 08:21:00,-2005.58111609
2018-03-21 08:22:00,-2005.58111609
2018-03-21 08:23:00,-2005.58111609
2018-03-21 08:24:00,-2005.58111609
2018-03-21 08:25:00,-2040.55865178
2018-03-21 08:26:00,-2052.21783034
2018-03-21 08:27:00,-2040.55865178
2018-03-21 08:28:00,-2017.24029465
2018-03-21 08:29:00,-2017.24029465
2018-03-21 08:30:00,-2017.24029465
2018-03-21 08:31:00,-1993.92193753
2018-03-21 08:32:00,-1935.62604471
2018-03-21 08:33:00,-1923.96686615
2018-03-21 08:34:00,-1923.96686615
2018-03-21 08:35:00,-1923.96686615
2018-03-21 08:36:00,-1923.96686615
2018-03-21 08:37:00,-1923.96686615
2018-03-21 08:38:00,-1923.96686615
2018-03-21 08:39:00,-1923.96686615
2018-03-21 08:40:00,-1923.96686615
2018-03-21 08:41:00,-1923.96686615
2018-03-21 08:42:00,-1923.96686615
2018-03-21 08:43:00,-1877.3301519
2018-03-21 08:44:00,-1877.3301519
2018-03-21 08:45:00,-1877.3301519
2018-03-21 08:46:00,-1888.98933046
2018-03-21 08:47:00,-1888.98933046
2018-03-21 08:48:00,-1888.98933046
2018-03-21 08:49:00,-1900.64850903
2018-03-21 08:50:00,-1900.64850903
2018-03-21 08:51:00,-1900.64850903
2018-03-21 08:52:00,-1947.28522328
2018-03-21 08:53:00,-1947.28522328
2018-03-21 08:54:00,-1923.96686615
2018-03-21 08:55:00,-1912.30768759
2018-03-21 08:56:00,-1923.96686615
2018-03-21 08:57:00,-1900.64850903
2018-03-21 08:58:00,-1900.64850903
2018-03-21 08:59:00,-1877.3301519
2018-03-21 09:00:00,-1877.3301519
2018-03-21 09:01:00,-1877.3301519
2018-03-21 09:02:00,-1877.3301519
2018-03-21 09:03:00,-1877.3301519
2018-03-21 09:04:00,-1877.3301519
2018-03-21 09:05:00,-1900.64850903
2018-03-21 09:06:00,-1900.64850903
2018-03-21 09:07:00,-1900.64850903
2018-03-21 09:08:00,-1900.64850903
2018-03-21 09:09:00,-1877.3301519
2018-03-21 09:10:00,-1900.64850903
2018-03-21 09:11:00,-1854.01179478
2018-03-21 09:12:00,-1819.03425909
2018-03-21 09:13:00,-1772.39754484
2018-03-21 09:14:00,-1772.39754484
2018-03-21 09:15:00,-1772.39754484
2018-03-21 09:16:00,-1772.39754484
2018-03-21 09:17:00,-1784.0567234
2018-03-21 09:18:00,-1807.37508053
2018-03-21 09:19:00,-1819.03425909
2018-03-21 09:20:00,-1807.37508053
2018-03-21 09:21:00,-1807.37508053
2018-03-21 09:22:00,-1795.71590196
2018-03-21 09:23:00,-1807.37508053
2018-03-21 09:24:00,-1807.37508053
2018-03-21 09:25:00,-1807.37508053
2018-03-21 09:26:00,-1807.37508053
2018-03-21 09:27:00,-1807.37508053
2018-03-21 09:28:00,-1819.03425909
2018-03-21 09:29:00,-1830.69343765
2018-03-21 09:30:00,-1842.35261621
2018-03-21 09:31:00,-1842.35261621
2018-03-21 09:32:00,-1842.35261621
2018-03-21 09:33:00,-1842.35261621
2018-03-21 09:34:00,-1830.69343765
2018-03-21 09:35:00,-1807.37508053
2018-03-21 09:36:00,-1807.37508053
2018-03-21 09:37:00,-1807.37508053
2018-03-21 09:38:00,-1842.35261621
2018-03-21 09:39:00,-1842.35261621
2018-03-21 09:40:00,-1842.35261621
2018-03-21 09:41:00,-1842.35261621
2018-03-21 09:42:00,-1830.69343765
2018-03-21 09:43:00,-1842.35261621
2018-03-21 09:44:00,-1830.69343765
2018-03-21 09:45:00,-1830.69343765
2018-03-21 09:46:00,-1842.35261621
2018-03-21 09:47:00,-1854.01179478
2018-03-21 09:48:00,-1854.01179478
2018-03-21 09:49:00,-1854.01179478
2018-03-21 09:50:00,-1854.01179478
2018-03-21 09:51:00,-1854.01179478
2018-03-21 09:52:00,-1865.67097334
2018-03-21 09:53:00,-1865.67097334
2018-03-21 09:54:00,-1865.67097334
2018-03-21 09:55:00,-1865.67097334
2018-03-21 09:56:00,-1865.67097334
2018-03-21 09:57:00,-1865.67097334
2018-03-21 09:58:00,-1877.3301519
2018-03-21 09:59:00,-1900.64850903
2018-03-21 10:00:00,-1877.3301519
2018-03-21 10:01:00,-1877.3301519
2018-03-21 10:02:00,-1877.3301519
2018-03-21 10:03:00,-1900.64850903
2018-03-21 10:04:00,-1900.64850903
2018-03-21 10:05:00,-1900.64850903
2018-03-21 10:06:00,-1912.30768759
2018-03-21 10:07:00,-1900.64850903
2018-03-21 10:08:00,-1877.3301519
2018-03-21 10:09:00,-1854.01179478
2018-03-21 10:10:00,-1854.01179478
2018-03-21 10:11:00,-1854.01179478
2018-03-21 10:12:00,-1854.01179478
2018-03-21 10:13:00,-1854.01179478
2018-03-21 10:14:00,-1854.01179478
2018-03-21 10:15:00,-1854.01179478
2018-03-21 10:16:00,-1877.3301519
2018-03-21 10:17:00,-1877.3301519
2018-03-21 10:18:00,-1877.3301519
2018-03-21 10:19:00,-1877.3301519
2018-03-21 10:20:00,-1877.3301519
2018-03-21 10:21:00,-1877.3301519
2018-03-21 10:22:00,-1854.01179478
2018-03-21 10:23:00,-1854.01179478
2018-03-21 10:24:00,-1854.01179478
2018-03-21 10:25:00,-1854.01179478
2018-03-21 10:26:00,-1877.3301519
2018-03-21 10:27:00,-1900.64850903
2018-03-21 10:28:00,-1900.64850903
2018-03-21 10:29:00,-1900.64850903
2018-03-21 10:30:00,-1900.64850903
2018-03-21 10:31:00,-1900.64850903
2018-03-21 10:32:00,-1877.3301519
2018-03-21 10:33:00,-1877.3301519
2018-03-21 10:34:00,-1877.3301519
2018-03-21 10:35:00,-1877.3301519
2018-03-21 10:36:00,-1877.3301519
2018-03-21 10:37:00,-1877.3301519
2018-03-21 10:38:00,-1877.3301519
2018-03-21 10:39:00,-1877.3301519
2018-03-21 10:40:00,-1877.3301519
2018-03-21 10:41:00,-1877.3301519
2018-03-21 10:42:00,-1900.64850903
2018-03-21 10:43:00,-1877.3301519
2018-03-21 10:44:00,-1888.98933046
2018-03-21 10:45:00,-1900.64850903
2018-03-21 10:46:00,-1900.64850903
2018-03-21 10:47:00,-1900.64850903
2018-03-21 10:48:00,-1900.64850903
2018-03-21 10:49:00,-1900.64850903
2018-03-21 10:50:00,-1900.64850903
2018-03-21 10:51:00,-1900.64850903
2018-03-21 10:52:00,-1900.64850903
2018-03-21 10:53:00,-1900.64850903
2018-03-21 10:54:00,-1900.64850903
2018-03-21 10:55:00,-1900.64850903
2018-03-21 10:56:00,-1900.64850903
2018-03-21 10:57:00,-1900.64850903
2018-03-21 10:58:00,-1900.64850903
2018-03-21 10:59:00,-1900.64850903
2018-03-21 11:00:00,-1900.64850903
2018-03-21 11:01:00,-1900.64850903
2018-03-21 11:02:00,-1900.64850903
2018-03-21 11:03:00,-1900.64850903
2018-03-21 11:04:00,-1900.64850903
2018-03-21 11:05:00,-1877.3301519
2018-03-21 11:06:00,-1877.3301519
2018-03-21 11:07:00,-1877.3301519
2018-03-21 11:08:00,-1900.64850903
2018-03-21 11:09:00,-1900.64850903
2018-03-21 11:10:00,-1900.64850903
2018-03-21 11:11:00,-1900.64850903
2018-03-21 11:12:00,-1877.3301519
2018-03-21 11:13:00,-1877.3301519
2018-03-21 11:14:00,-1854.01179478
2018-03-21 11:15:00,-1877.3301519
2018-03-21 11:16:00,-1888.98933046
2018-03-21 11:17:00,-1888.98933046
2018-03-21 11:18:00,-1888.98933046
2018-03-21 11:19:00,-1888.98933046
2018-03-21 11:20:00,-1888.98933046
2018-03-21 11:21:00,-1888.98933046
2018-03-21 11:22:00,-1888.98933046
2018-03-21 11:23:00,-1900.64850903
2018-03-21 11:24:00,-1912.30768759
2018-03-21 11:25:00,-1912.30768759
2018-03-21 11:26:00,-1912.30768759
2018-03-21 11:27:00,-1900.64850903
2018-03-21 11:28:00,-1888.98933046
2018-03-21 11:29:00,-1888.98933046
2018-03-21 11:30:00,-1888.98933046
2018-03-21 11:31:00,-1888.98933046
2018-03-21 11:32:00,-1888.98933046
2018-03-21 11:33:00,-1888.98933046
2018-03-21 11:34:00,-1888.98933046
2018-03-21 11:35:00,-1888.98933046
2018-03-21 11:36:00,-1888.98933046
2018-03-21 11:37:00,-1888.98933046
2018-03-21 11:38:00,-1877.3301519
2018-03-21 11:39:00,-1877.3301519
2018-03-21 11:40:00,-1877.3301519
2018-03-21 11:41:00,-1877.3301519
2018-03-21 11:42:00,-1877.3301519
2018-03-21 11:43:00,-1877.3301519
2018-03-21 11:44:00,-1877.3301519
2018-03-21 11:45:00,-1877.3301519
2018-03-21 11:46:00,-1877.3301519
2018-03-21 11:47:00,-1877.3301519
2018-03-21 11:48:00,-1877.3301519
2018-03-21 11:49:00,-1877.3301519
2018-03-21 11:50:00,-1877.3301519
2018-03-21 11:51:00,-1877.3301519
2018-03-21 11:52:00,-1900.64850903
2018-03-21 11:53:00,-1900.64850903
2018-03-21 11:54:00,-1900.64850903
2018-03-21 11:55:00,-1900.64850903
2018-03-21 11:56:00,-1877.3301519
2018-03-21 11:57:00,-1900.64850903
2018-03-21 11:58:00,-1900.64850903
2018-03-21 11:59:00,-1877.3301519
2018-03-21 12:00:00,-1888.98933046
2018-03-21 12:01:00,-1888.98933046
2018-03-21 12:02:00,-1888.98933046
2018-03-21 12:03:00,-1923.96686615
2018-03-21 12:04:00,-1923.96686615
2018-03-21 12:05:00,-1923.96686615
2018-03-21 12:06:00,-1912.30768759
2018-03-21 12:07:00,-1888.98933046
2018-03-21 12:08:00,-1923.96686615
2018-03-21 12:09:00,-1923.96686615
2018-03-21 12:10:00,-1923.96686615
2018-03-21 12:11:00,-1900.64850903
2018-03-21 12:12:00,-1900.64850903
2018-03-21 12:13:00,-1900.64850903
2018-03-21 12:14:00,-1900.64850903
2018-03-21 12:15:00,-1900.64850903
2018-03-21 12:16:00,-1900.64850903
2018-03-21 12:17:00,-1900.64850903
2018-03-21 12:18:00,-1900.64850903
2018-03-21 12:19:00,-1900.64850903
2018-03-21 12:20:00,-1900.64850903
2018-03-21 12:21:00,-1900.64850903
2018-03-21 12:22:00,-1900.64850903
2018-03-21 12:23:00,-1900.64850903
2018-03-21 12:24:00,-1900.64850903
2018-03-21 12:25:00,-1900.64850903
2018-03-21 12:26:00,-1900.64850903
2018-03-21 12:27:00,-1900.64850903
2018-03-21 12:28:00,-1900.64850903
2018-03-21 12:29:00,-1888.98933046
2018-03-21 12:30:00,-1888.98933046
2018-03-21 12:31:00,-1877.3301519
2018-03-21 12:32:00,-1888.98933046
2018-03-21 12:33:00,-1888.98933046
2018-03-21 12:34:00,-1877.3301519
2018-03-21 12:35:00,-1888.98933046
2018-03-21 12:36:00,-1888.98933046
2018-03-21 12:37:00,-1865.67097334
2018-03-21 12:38:00,-1865.67097334
2018-03-21 12:39:00,-1854.01179478
2018-03-21 12:40:00,-1854.01179478
2018-03-21 12:41:00,-1854.01179478
2018-03-21 12:42:00,-1888.98933046
2018-03-21 12:43:00,-1877.3301519
2018-03-21 12:44:00,-1877.3301519
2018-03-21 12:45:00,-1865.67097334
2018-03-21 12:46:00,-1877.3301519
2018-03-21 12:47:00,-1877.3301519
2018-03-21 12:48:00,-1877.3301519
2018-03-21 12:49:00,-1877.3301519
2018-03-21 12:50:00,-1877.3301519
2018-03-21 12:51:00,-1877.3301519
2018-03-21 12:52:00,-1877.3301519
2018-03-21 12:53:00,-1888.98933046
2018-03-21 12:54:00,-1888.98933046
2018-03-21 12:55:00,-1900.64850903
2018-03-21 12:56:00,-1888.98933046
2018-03-21 12:57:00,-1888.98933046
2018-03-21 12:58:00,-1900.64850903
2018-03-21 12:59:00,-1900.64850903
2018-03-22 02:29:00,-2693.47171854
2018-03-22 02:30:00,-2693.47171854
2018-03-22 02:31:00,-2693.47171854
2018-03-22 02:32:00,-2693.47171854
2018-03-22 02:33:00,-2693.47171854
2018-03-22 02:34:00,-1702.44154073
2018-03-22 02:35:00,-1679.12318361
2018-03-22 02:36:00,-1690.78236217
2018-03-22 02:37:00,-1679.12318361
2018-03-22 02:38:00,-1667.46400504
2018-03-22 02:39:00,-1667.46400504
2018-03-22 02:40:00,-1620.82729079
2018-03-22 02:41:00,-1574.19057654
2018-03-22 02:42:00,-1620.82729079
2018-03-22 02:43:00,-1620.82729079
2018-03-22 02:44:00,-1609.16811223
2018-03-22 02:45:00,-1585.84975511
2018-03-22 02:46:00,-1644.14564792
2018-03-22 02:47:00,-1597.50893367
2018-03-22 02:48:00,-1597.50893367
2018-03-22 02:49:00,-1667.46400504
2018-03-22 02:50:00,-1667.46400504
2018-03-22 02:51:00,-1667.46400504
2018-03-22 02:52:00,-1667.46400504
2018-03-22 02:53:00,-1667.46400504
2018-03-22 02:54:00,-1655.80482648
2018-03-22 02:55:00,-1597.50893367
2018-03-22 02:56:00,-1620.82729079
2018-03-22 02:57:00,-1620.82729079
2018-03-22 02:58:00,-1620.82729079
2018-03-22 02:59:00,-1620.82729079
2018-03-22 03:00:00,-1644.14564792
2018-03-22 03:01:00,-1585.84975511
2018-03-22 03:02:00,-1585.84975511
2018-03-22 03:03:00,-1597.50893367
2018-03-22 03:04:00,-1655.80482648
2018-03-22 03:05:00,-1714.10071929
2018-03-22 03:06:00,-1667.46400504
2018-03-22 03:07:00,-1690.78236217
2018-03-22 03:08:00,-1725.75989786
2018-03-22 03:09:00,-1702.44154073
2018-03-22 03:10:00,-1702.44154073
2018-03-22 03:11:00,-1714.10071929
2018-03-22 03:12:00,-1725.75989786
2018-03-22 03:13:00,-1725.75989786
2018-03-22 03:14:00,-1725.75989786
2018-03-22 03:15:00,-1725.75989786
2018-03-22 03:16:00,-1725.75989786
2018-03-22 03:17:00,-1749.07825498
2018-03-22 03:18:00,-1737.41907642
2018-03-22 03:19:00,-1749.07825498
2018-03-22 03:20:00,-1760.73743354
2018-03-22 03:21:00,-1760.73743354
2018-03-22 03:22:00,-1749.07825498
2018-03-22 03:23:00,-1760.73743354
2018-03-22 03:24:00,-1760.73743354
2018-03-22 03:25:00,-1772.39661211
2018-03-22 03:26:00,-1772.39661211
2018-03-22 03:27:00,-1772.39661211
2018-03-22 03:28:00,-1749.07825498
2018-03-22 03:29:00,-1737.41907642
2018-03-22 03:30:00,-1714.10071929
2018-03-22 03:31:00,-1725.75989786
2018-03-22 03:32:00,-1679.12318361
2018-03-22 03:33:00,-1702.44154073
2018-03-22 03:34:00,-1702.44154073
2018-03-22 03:35:00,-1702.44154073
2018-03-22 03:36:00,-1714.10071929
2018-03-22 03:37:00,-1714.10071929
2018-03-22 03:38:00,-1714.10071929
2018-03-22 03:39:00,-1714.10071929
2018-03-22 03:40:00,-1725.75989786
2018-03-22 03:41:00,-1737.41907642
2018-03-22 03:42:00,-1725.75989786
2018-03-22 03:43:00,-1737.41907642
2018-03-22 03:44:00,-1725.75989786
2018-03-22 03:45:00,-1737.41907642
2018-03-22 03:46:00,-1737.41907642
2018-03-22 03:47:00,-1772.39661211
2018-03-22 03:48:00,-1795.71496923
2018-03-22 03:49:00,-1795.71496923
2018-03-22 03:50:00,-1749.07825498
2018-03-22 03:51:00,-1760.73743354
2018-03-22 03:52:00,-1772.39661211
2018-03-22 03:53:00,-1725.75989786
2018-03-22 03:54:00,-1737.41907642
2018-03-22 03:55:00,-1737.41907642
2018-03-22 03:56:00,-1737.41907642
2018-03-22 03:57:00,-1737.41907642
2018-03-22 03:58:00,-1749.07825498
2018-03-22 03:59:00,-1737.41907642
2018-03-22 04:00:00,-1737.41907642
2018-03-22 04:01:00,-1737.41907642
2018-03-22 04:02:00,-1737.41907642
2018-03-22 04:03:00,-1737.41907642
2018-03-22 04:04:00,-1737.41907642
2018-03-22 04:05:00,-1737.41907642
2018-03-22 04:06:00,-1737.41907642
2018-03-22 04:07:00,-1772.39661211
2018-03-22 04:08:00,-1784.05579067
2018-03-22 04:09:00,-1795.71496923
2018-03-22 04:10:00,-1772.39661211
2018-03-22 04:11:00,-1772.39661211
2018-03-22 04:12:00,-1784.05579067
2018-03-22 04:13:00,-1760.73743354
2018-03-22 04:14:00,-1760.73743354
2018-03-22 04:15:00,-1772.39661211
2018-03-22 04:16:00,-1772.39661211
2018-03-22 04:17:00,-1772.39661211
2018-03-22 04:18:00,-1772.39661211
2018-03-22 04:19:00,-1772.39661211
2018-03-22 04:20:00,-1772.39661211
2018-03-22 04:21:00,-1772.39661211
2018-03-22 04:22:00,-1772.39661211
2018-03-22 04:23:00,-1772.39661211
2018-03-22 04:24:00,-1760.73743354
2018-03-22 04:25:00,-1749.07825498
2018-03-22 04:26:00,-1749.07825498
2018-03-22 04:27:00,-1749.07825498
2018-03-22 04:28:00,-1737.41907642
2018-03-22 04:29:00,-1760.73743354
2018-03-22 04:30:00,-1807.37414779
2018-03-22 04:31:00,-1807.37414779
2018-03-22 04:32:00,-1819.03332636
2018-03-22 04:33:00,-1819.03332636
2018-03-22 04:34:00,-1819.03332636
2018-03-22 04:35:00,-1819.03332636
2018-03-22 04:36:00,-1784.05579067
2018-03-22 04:37:00,-1784.05579067
2018-03-22 04:38:00,-1795.71496923
2018-03-22 04:39:00,-1795.71496923
2018-03-22 04:40:00,-1819.03332636
2018-03-22 04:41:00,-1819.03332636
2018-03-22 04:42:00,-1784.05579067
2018-03-22 04:43:00,-1784.05579067
2018-03-22 04:44:00,-1784.05579067
2018-03-22 04:45:00,-1784.05579067
2018-03-22 04:46:00,-1795.71496923
2018-03-22 04:47:00,-1807.37414779
2018-03-22 04:48:00,-1807.37414779
2018-03-22 04:49:00,-1795.71496923
2018-03-22 04:50:00,-1795.71496923
2018-03-22 04:51:00,-1795.71496923
2018-03-22 04:52:00,-1795.71496923
2018-03-22 04:53:00,-1784.05579067
2018-03-22 04:54:00,-1784.05579067
2018-03-22 04:55:00,-1784.05579067
2018-03-22 04:56:00,-1795.71496923
2018-03-22 04:57:00,-1807.37414779
2018-03-22 04:58:00,-1795.71496923
2018-03-22 04:59:00,-1807.37414779
2018-03-22 05:00:00,-1807.37414779
2018-03-22 05:01:00,-1807.37414779
2018-03-22 05:02:00,-1807.37414779
2018-03-22 05:03:00,-1819.03332636
2018-03-22 05:04:00,-1819.03332636
2018-03-22 05:05:00,-1819.03332636
2018-03-22 05:06:00,-1819.03332636
2018-03-22 05:07:00,-1819.03332636
2018-03-22 05:08:00,-1819.03332636
2018-03-22 05:09:00,-1819.03332636
2018-03-22 05:10:00,-1807.37414779
2018-03-22 05:11:00,-1819.03332636
2018-03-22 05:12:00,-1819.03332636
2018-03-22 05:13:00,-1807.37414779
2018-03-22 05:14:00,-1807.37414779
2018-03-22 05:15:00,-1807.37414779
2018-03-22 05:16:00,-1807.37414779
2018-03-22 05:17:00,-1795.71496923
2018-03-22 05:18:00,-1795.71496923
2018-03-22 05:19:00,-1807.37414779
2018-03-22 05:20:00,-1807.37414779
2018-03-22 05:21:00,-1784.05579067
2018-03-22 05:22:00,-1784.05579067
2018-03-22 05:23:00,-1772.39661211
2018-03-22 05:24:00,-1772.39661211
2018-03-22 05:25:00,-1772.39661211
2018-03-22 05:26:00,-1795.71496923
2018-03-22 05:27:00,-1772.39661211
2018-03-22 05:28:00,-1784.05579067
2018-03-22 05:29:00,-1772.39661211
2018-03-22 05:30:00,-1772.39661211
2018-03-22 05:31:00,-1772.39661211
2018-03-22 05:32:00,-1772.39661211
2018-03-22 05:33:00,-1784.05579067
2018-03-22 05:34:00,-1807.37414779
2018-03-22 05:35:00,-1819.03332636
2018-03-22 05:36:00,-1807.37414779
2018-03-22 05:37:00,-1807.37414779
2018-03-22 05:38:00,-1819.03332636
2018-03-22 05:39:00,-1784.05579067
2018-03-22 05:40:00,-1784.05579067
2018-03-22 05:41:00,-1807.37414779
2018-03-22 05:42:00,-1807.37414779
2018-03-22 05:43:00,-1807.37414779
2018-03-22 05:44:00,-1807.37414779
2018-03-22 05:45:00,-1807.37414779
2018-03-22 05:46:00,-1795.71496923
2018-03-22 05:47:00,-1795.71496923
2018-03-22 05:48:00,-1795.71496923
2018-03-22 05:49:00,-1795.71496923
2018-03-22 05:50:00,-1795.71496923
2018-03-22 05:51:00,-1795.71496923
2018-03-22 05:52:00,-1795.71496923
2018-03-22 05:53:00,-1795.71496923
2018-03-22 05:54:00,-1795.71496923
2018-03-22 05:55:00,-1772.39661211
2018-03-22 05:56:00,-1772.39661211
2018-03-22 05:57:00,-1760.73743354
2018-03-22 05:58:00,-1772.39661211
2018-03-22 05:59:00,-1772.39661211
2018-03-22 06:00:00,-1760.73743354
2018-03-22 06:01:00,-1760.73743354
2018-03-22 06:02:00,-1760.73743354
2018-03-22 06:03:00,-1760.73743354
2018-03-22 06:04:00,-1760.73743354
2018-03-22 06:05:00,-1760.73743354
2018-03-22 06:06:00,-1772.39661211
2018-03-22 06:07:00,-1772.39661211
2018-03-22 06:08:00,-1772.39661211
2018-03-22 06:09:00,-1807.37414779
2018-03-22 06:10:00,-1819.03332636
2018-03-22 06:11:00,-1819.03332636
2018-03-22 06:12:00,-1819.03332636
2018-03-22 06:13:00,-1784.05579067
2018-03-22 06:14:00,-1784.05579067
2018-03-22 06:15:00,-1784.05579067
2018-03-22 06:16:00,-1807.37414779
2018-03-22 06:17:00,-1807.37414779
2018-03-22 06:18:00,-1807.37414779
2018-03-22 06:19:00,-1807.37414779
2018-03-22 06:20:00,-1807.37414779
2018-03-22 06:21:00,-1807.37414779
2018-03-22 06:22:00,-1807.37414779
2018-03-22 06:23:00,-1819.03332636
2018-03-22 06:24:00,-1819.03332636
2018-03-22 06:25:00,-1807.37414779
2018-03-22 06:26:00,-1807.37414779
2018-03-22 06:27:00,-1807.37414779
2018-03-22 06:28:00,-1795.71496923
2018-03-22 06:29:00,-1795.71496923
2018-03-22 06:30:00,-1795.71496923
2018-03-22 06:31:00,-1795.71496923
2018-03-22 06:32:00,-1795.71496923
2018-03-22 06:33:00,-1819.03332636
2018-03-22 06:34:00,-1819.03332636
2018-03-22 06:35:00,-1819.03332636
2018-03-22 06:36:00,-1819.03332636
2018-03-22 06:37:00,-1819.03332636
2018-03-22 06:38:00,-1830.69250492
2018-03-22 06:39:00,-1830.69250492
2018-03-22 06:40:00,-1807.37414779
2018-03-22 06:41:00,-1807.37414779
2018-03-22 06:42:00,-1807.37414779
2018-03-22 06:43:00,-1819.03332636
2018-03-22 06:44:00,-1819.03332636
2018-03-22 06:45:00,-1819.03332636
2018-03-22 06:46:00,-1842.35168348
2018-03-22 06:47:00,-1842.35168348
2018-03-22 06:48:00,-1842.35168348
2018-03-22 06:49:00,-1854.01086204
2018-03-22 06:50:00,-1830.69250492
2018-03-22 06:51:00,-1854.01086204
2018-03-22 06:52:00,-1842.35168348
2018-03-22 06:53:00,-1854.01086204
2018-03-22 06:54:00,-1854.01086204
2018-03-22 06:55:00,-1877.32921917
2018-03-22 06:56:00,-1877.32921917
2018-03-22 06:57:00,-1865.67004061
2018-03-22 06:58:00,-1842.35168348
2018-03-22 06:59:00,-1854.01086204
2018-03-22 07:00:00,-1993.92100479
2018-03-22 07:01:00,-1900.64757629
2018-03-22 07:02:00,-1854.01086204
2018-03-22 07:03:00,-1854.01086204
2018-03-22 07:04:00,-1854.01086204
2018-03-22 07:05:00,-1830.69250492
2018-03-22 07:06:00,-1854.01086204
2018-03-22 07:07:00,-1830.69250492
2018-03-22 07:08:00,-1819.03332636
2018-03-22 07:09:00,-1807.37414779
2018-03-22 07:10:00,-1795.71496923
2018-03-22 07:11:00,-1795.71496923
2018-03-22 07:12:00,-1830.69250492
2018-03-22 07:13:00,-1737.41907642
2018-03-22 07:14:00,-1725.75989786
2018-03-22 07:15:00,-1655.80482648
2018-03-22 07:16:00,-1655.80482648
2018-03-22 07:17:00,-1655.80482648
2018-03-22 07:18:00,-1585.84975511
2018-03-22 07:19:00,-1597.50893367
2018-03-22 07:20:00,-1574.19057654
2018-03-22 07:21:00,-1597.50893367
2018-03-22 07:22:00,-1585.84975511
2018-03-22 07:23:00,-1597.50893367
2018-03-22 07:24:00,-1585.84975511
2018-03-22 07:25:00,-1550.87221942
2018-03-22 07:26:00,-1574.19057654
2018-03-22 07:27:00,-1585.84975511
2018-03-22 07:28:00,-1620.82729079
2018-03-22 07:29:00,-1620.82729079
2018-03-22 07:30:00,-1655.80482648
2018-03-22 07:31:00,-1702.44154073
2018-03-22 07:32:00,-1702.44154073
2018-03-22 07:33:00,-1737.41907642
2018-03-22 07:34:00,-1725.75989786
2018-03-22 07:35:00,-1725.75989786
2018-03-22 07:36:00,-1702.44154073
2018-03-22 07:37:00,-1702.44154073
2018-03-22 07:38:00,-1702.44154073
2018-03-22 07:39:00,-1702.44154073
2018-03-22 07:40:00,-1690.78236217
2018-03-22 07:41:00,-1702.44154073
2018-03-22 07:42:00,-1702.44154073
2018-03-22 07:43:00,-1702.44154073
2018-03-22 07:44:00,-1679.12318361
2018-03-22 07:45:00,-1702.44154073
2018-03-22 07:46:00,-1725.75989786
2018-03-22 07:47:00,-1725.75989786
2018-03-22 07:48:00,-1702.44154073
2018-03-22 07:49:00,-1690.78236217
2018-03-22 07:50:00,-1702.44154073
2018-03-22 07:51:00,-1690.78236217
2018-03-22 07:52:00,-1702.44154073
2018-03-22 07:53:00,-1679.12318361
2018-03-22 07:54:00,-1667.46400504
2018-03-22 07:55:00,-1737.41907642
2018-03-22 07:56:00,-1714.10071929
2018-03-22 07:57:00,-1690.78236217
2018-03-22 07:58:00,-1702.44154073
2018-03-22 07:59:00,-1702.44154073
2018-03-22 08:00:00,-1690.78236217
2018-03-22 08:01:00,-1690.78236217
2018-03-22 08:02:00,-1655.80482648
2018-03-22 08:03:00,-1644.14564792
2018-03-22 08:04:00,-1620.82729079
2018-03-22 08:05:00,-1632.48646936
2018-03-22 08:06:00,-1609.16811223
2018-03-22 08:07:00,-1609.16811223
2018-03-22 08:08:00,-1597.50893367
2018-03-22 08:09:00,-1609.16811223
2018-03-22 08:10:00,-1609.16811223
2018-03-22 08:11:00,-1609.16811223
2018-03-22 08:12:00,-1609.16811223
2018-03-22 08:13:00,-1597.50893367
2018-03-22 08:14:00,-1597.50893367
2018-03-22 08:15:00,-1620.82729079
2018-03-22 08:16:00,-1620.82729079
2018-03-22 08:17:00,-1620.82729079
2018-03-22 08:18:00,-1620.82729079
2018-03-22 08:19:00,-1620.82729079
2018-03-22 08:20:00,-1620.82729079
2018-03-22 08:21:00,-1620.82729079
2018-03-22 08:22:00,-1620.82729079
2018-03-22 08:23:00,-1620.82729079
2018-03-22 08:24:00,-1644.14564792
2018-03-22 08:25:00,-1644.14564792
2018-03-22 08:26:00,-1644.14564792
2018-03-22 08:27:00,-1632.48646936
2018-03-22 08:28:00,-1644.14564792
2018-03-22 08:29:00,-1655.80482648
2018-03-22 08:30:00,-1620.82729079
2018-03-22 08:31:00,-1597.50893367
2018-03-22 08:32:00,-1597.50893367
2018-03-22 08:33:00,-1597.50893367
2018-03-22 08:34:00,-1597.50893367
2018-03-22 08:35:00,-1644.14564792
2018-03-22 08:36:00,-1667.46400504
2018-03-22 08:37:00,-1667.46400504
2018-03-22 08:38:00,-1690.78236217
2018-03-22 08:39:00,-1690.78236217
2018-03-22 08:40:00,-1667.46400504
2018-03-22 08:41:00,-1690.78236217
2018-03-22 08:42:00,-1655.80482648
2018-03-22 08:43:00,-1632.48646936
2018-03-22 08:44:00,-1632.48646936
2018-03-22 08:45:00,-1644.14564792
2018-03-22 08:46:00,-1644.14564792
2018-03-22 08:47:00,-1644.14564792
2018-03-22 08:48:00,-1644.14564792
2018-03-22 08:49:00,-1644.14564792
2018-03-22 08:50:00,-1644.14564792
2018-03-22 08:51:00,-1644.14564792
2018-03-22 08:52:00,-1644.14564792
2018-03-22 08:53:00,-1644.14564792
2018-03-22 08:54:00,-1620.82729079
2018-03-22 08:55:00,-1632.48646936
2018-03-22 08:56:00,-1620.82729079
2018-03-22 08:57:00,-1620.82729079
2018-03-22 08:58:00,-1609.16811223
2018-03-22 08:59:00,-1609.16811223
2018-03-22 09:00:00,-1597.50893367
2018-03-22 09:01:00,-1597.50893367
2018-03-22 09:02:00,-1597.50893367
2018-03-22 09:03:00,-1609.16811223
2018-03-22 09:04:00,-1597.50893367
2018-03-22 09:05:00,-1597.50893367
2018-03-22 09:06:00,-1597.50893367
2018-03-22 09:07:00,-1620.82729079
2018-03-22 09:08:00,-1620.82729079
2018-03-22 09:09:00,-1644.14564792
2018-03-22 09:10:00,-1620.82729079
2018-03-22 09:11:00,-1620.82729079
2018-03-22 09:12:00,-1620.82729079
2018-03-22 09:13:00,-1620.82729079
2018-03-22 09:14:00,-1644.14564792
2018-03-22 09:15:00,-1620.82729079
2018-03-22 09:16:00,-1620.82729079
2018-03-22 09:17:00,-1620.82729079
2018-03-22 09:18:00,-1609.16811223
2018-03-22 09:19:00,-1609.16811223
2018-03-22 09:20:00,-1597.50893367
2018-03-22 09:21:00,-1597.50893367
2018-03-22 09:22:00,-1597.50893367
2018-03-22 09:23:00,-1597.50893367
2018-03-22 09:24:00,-1597.50893367
2018-03-22 09:25:00,-1597.50893367
2018-03-22 09:26:00,-1597.50893367
2018-03-22 09:27:00,-1585.84975511
2018-03-22 09:28:00,-1574.19057654
2018-03-22 09:29:00,-1527.55386229
2018-03-22 09:30:00,-1527.55386229
2018-03-22 09:31:00,-1527.55386229
2018-03-22 09:32:00,-1527.55386229
2018-03-22 09:33:00,-1527.55386229
2018-03-22 09:34:00,-1527.55386229
2018-03-22 09:35:00,-1527.55386229
2018-03-22 09:36:00,-1527.55386229
2018-03-22 09:37:00,-1527.55386229
2018-03-22 09:38:00,-1527.55386229
2018-03-22 09:39:00,-1527.55386229
2018-03-22 09:40:00,-1527.55386229
2018-03-22 09:41:00,-1504.23550517
2018-03-22 09:42:00,-1504.23550517
2018-03-22 09:43:00,-1504.23550517
2018-03-22 09:44:00,-1480.91714804
2018-03-22 09:45:00,-1480.91714804
2018-03-22 09:46:00,-1480.91714804
2018-03-22 09:47:00,-1457.59879092
2018-03-22 09:48:00,-1457.59879092
2018-03-22 09:49:00,-1422.62125523
2018-03-22 09:50:00,-1352.66618386
2018-03-22 09:51:00,-1399.30289811
2018-03-22 09:52:00,-1399.30289811
2018-03-22 09:53:00,-1434.28043379
2018-03-22 09:54:00,-1434.28043379
2018-03-22 09:55:00,-1410.96207667
2018-03-22 09:56:00,-1410.96207667
2018-03-22 09:57:00,-1410.96207667
2018-03-22 09:58:00,-1410.96207667
2018-03-22 09:59:00,-1422.62125523
2018-03-22 10:00:00,-1422.62125523
2018-03-22 10:01:00,-1434.28043379
2018-03-22 10:02:00,-1422.62125523
2018-03-22 10:03:00,-1434.28043379
2018-03-22 10:04:00,-1434.28043379
2018-03-22 10:05:00,-1434.28043379
2018-03-22 10:06:00,-1434.28043379
2018-03-22 10:07:00,-1434.28043379
2018-03-22 10:08:00,-1434.28043379
2018-03-22 10:09:00,-1434.28043379
2018-03-22 10:10:00,-1410.96207667
2018-03-22 10:11:00,-1410.96207667
2018-03-22 10:12:00,-1410.96207667
2018-03-22 10:13:00,-1364.32536242
2018-03-22 10:14:00,-1352.66618386
2018-03-22 10:15:00,-1364.32536242
2018-03-22 10:16:00,-1364.32536242
2018-03-22 10:17:00,-1364.32536242
2018-03-22 10:18:00,-1387.64371954
2018-03-22 10:19:00,-1387.64371954
2018-03-22 10:20:00,-1364.32536242
2018-03-22 10:21:00,-1364.32536242
2018-03-22 10:22:00,-1341.00700529
2018-03-22 10:23:00,-1341.00700529
2018-03-22 10:24:00,-1329.34782673
2018-03-22 10:25:00,-1329.34782673
2018-03-22 10:26:00,-1329.34782673
2018-03-22 10:27:00,-1317.68864817
2018-03-22 10:28:00,-1306.02946961
2018-03-22 10:29:00,-1259.39275536
2018-03-22 10:30:00,-1271.05193392
2018-03-22 10:31:00,-1271.05193392
2018-03-22 10:32:00,-1271.05193392
2018-03-22 10:33:00,-1271.05193392
2018-03-22 10:34:00,-1271.05193392
2018-03-22 10:35:00,-1271.05193392
2018-03-22 10:36:00,-1271.05193392
2018-03-22 10:37:00,-1247.73357679
2018-03-22 10:38:00,-1189.43768398
2018-03-22 10:39:00,-1189.43768398
2018-03-22 10:40:00,-1131.14179117
2018-03-22 10:41:00,-1154.46014829
2018-03-22 10:42:00,-1154.46014829
2018-03-22 10:43:00,-1166.11932686
2018-03-22 10:44:00,-1154.46014829
2018-03-22 10:45:00,-1166.11932686
2018-03-22 10:46:00,-1166.11932686
2018-03-22 10:47:00,-1201.09686254
2018-03-22 10:48:00,-1201.09686254
2018-03-22 10:49:00,-1201.09686254
2018-03-22 10:50:00,-1224.41521967
2018-03-22 10:51:00,-1236.07439823
2018-03-22 10:52:00,-1236.07439823
2018-03-22 10:53:00,-1247.73357679
2018-03-22 10:54:00,-1236.07439823
2018-03-22 10:55:00,-1236.07439823
2018-03-22 10:56:00,-1189.43768398
2018-03-22 10:57:00,-1189.43768398
2018-03-22 10:58:00,-1189.43768398
2018-03-22 10:59:00,-1201.09686254
2018-03-22 11:00:00,-1201.09686254
2018-03-22 11:01:00,-1201.09686254
2018-03-22 11:02:00,-1201.09686254
2018-03-22 11:03:00,-1201.09686254
2018-03-22 11:04:00,-1212.75604111
2018-03-22 11:05:00,-1201.09686254
2018-03-22 11:06:00,-1212.75604111
2018-03-22 11:07:00,-1224.41521967
2018-03-22 11:08:00,-1247.73357679
2018-03-22 11:09:00,-1247.73357679
2018-03-22 11:10:00,-1201.09686254
2018-03-22 11:11:00,-1224.41521967
2018-03-22 11:12:00,-1201.09686254
2018-03-22 11:13:00,-1212.75604111
2018-03-22 11:14:00,-1212.75604111
2018-03-22 11:15:00,-1212.75604111
2018-03-22 11:16:00,-1247.73357679
2018-03-22 11:17:00,-1317.68864817
2018-03-22 11:18:00,-1317.68864817
2018-03-22 11:19:00,-1317.68864817
2018-03-22 11:20:00,-1341.00700529
2018-03-22 11:21:00,-1317.68864817
2018-03-22 11:22:00,-1341.00700529
2018-03-22 11:23:00,-1329.34782673
2018-03-22 11:24:00,-1329.34782673
2018-03-22 11:25:00,-1387.64371954
2018-03-22 11:26:00,-1364.32536242
2018-03-22 11:27:00,-1352.66618386
2018-03-22 11:28:00,-1341.00700529
2018-03-22 11:29:00,-1341.00700529
2018-03-22 11:30:00,-1341.00700529
2018-03-22 11:31:00,-1341.00700529
2018-03-22 11:32:00,-1341.00700529
2018-03-22 11:33:00,-1341.00700529
2018-03-22 11:34:00,-1375.98454098
2018-03-22 11:35:00,-1387.64371954
2018-03-22 11:36:00,-1399.30289811
2018-03-22 11:37:00,-1399.30289811
2018-03-22 11:38:00,-1399.30289811
2018-03-22 11:39:00,-1399.30289811
2018-03-22 11:40:00,-1387.64371954
2018-03-22 11:41:00,-1387.64371954
2018-03-22 11:42:00,-1364.32536242
2018-03-22 11:43:00,-1364.32536242
2018-03-22 11:44:00,-1364.32536242
2018-03-22 11:45:00,-1341.00700529
2018-03-22 11:46:00,-1364.32536242
2018-03-22 11:47:00,-1364.32536242
2018-03-22 11:48:00,-1422.62125523
2018-03-22 11:49:00,-1410.96207667
2018-03-22 11:50:00,-1434.28043379
2018-03-22 11:51:00,-1434.28043379
2018-03-22 11:52:00,-1434.28043379
2018-03-22 11:53:00,-1434.28043379
2018-03-22 11:54:00,-1434.28043379
2018-03-22 11:55:00,-1457.59879092
2018-03-22 11:56:00,-1434.28043379
2018-03-22 11:57:00,-1422.62125523
2018-03-22 11:58:00,-1422.62125523
2018-03-22 11:59:00,-1434.28043379
2018-03-22 12:00:00,-1434.28043379
2018-03-22 12:01:00,-1434.28043379
2018-03-22 12:02:00,-1457.59879092
2018-03-22 12:03:00,-1410.96207667
2018-03-22 12:04:00,-1445.93961236
2018-03-22 12:05:00,-1422.62125523
2018-03-22 12:06:00,-1422.62125523
2018-03-22 12:07:00,-1422.62125523
2018-03-22 12:08:00,-1469.25796948
2018-03-22 12:09:00,-1469.25796948
2018-03-22 12:10:00,-1434.28043379
2018-03-22 12:11:00,-1504.23550517
2018-03-22 12:12:00,-1504.23550517
2018-03-22 12:13:00,-1504.23550517
2018-03-22 12:14:00,-1504.23550517
2018-03-22 12:15:00,-1515.89468373
2018-03-22 12:16:00,-1515.89468373
2018-03-22 12:17:00,-1515.89468373
2018-03-22 12:18:00,-1515.89468373
2018-03-22 12:19:00,-1504.23550517
2018-03-22 12:20:00,-1504.23550517
2018-03-22 12:21:00,-1504.23550517
2018-03-22 12:22:00,-1504.23550517
2018-03-22 12:23:00,-1504.23550517
2018-03-22 12:24:00,-1492.57632661
2018-03-22 12:25:00,-1492.57632661
2018-03-22 12:26:00,-1457.59879092
2018-03-22 12:27:00,-1457.59879092
2018-03-22 12:28:00,-1457.59879092
2018-03-22 12:29:00,-1457.59879092
2018-03-22 12:30:00,-1492.57632661
2018-03-22 12:31:00,-1469.25796948
2018-03-22 12:32:00,-1469.25796948
2018-03-22 12:33:00,-1469.25796948
2018-03-22 12:34:00,-1469.25796948
2018-03-22 12:35:00,-1469.25796948
2018-03-22 12:36:00,-1469.25796948
2018-03-22 12:37:00,-1445.93961236
2018-03-22 12:38:00,-1492.57632661
2018-03-22 12:39:00,-1492.57632661
2018-03-22 12:40:00,-1492.57632661
2018-03-22 12:41:00,-1504.23550517
2018-03-22 12:42:00,-1504.23550517
2018-03-22 12:43:00,-1504.23550517
2018-03-22 12:44:00,-1515.89468373
2018-03-22 12:45:00,-1527.55386229
2018-03-22 12:46:00,-1527.55386229
2018-03-22 12:47:00,-1527.55386229
2018-03-22 12:48:00,-1504.23550517
2018-03-22 12:49:00,-1504.23550517
2018-03-22 12:50:00,-1504.23550517
2018-03-22 12:51:00,-1504.23550517
2018-03-22 12:52:00,-1504.23550517
2018-03-22 12:53:00,-1504.23550517
2018-03-22 12:54:00,-1480.91714804
2018-03-22 12:55:00,-1480.91714804
2018-03-22 12:56:00,-1480.91714804
2018-03-22 12:57:00,-1480.91714804
2018-03-22 12:58:00,-1480.91714804
2018-03-22 12:59:00,-1480.91714804
2018-03-23 02:29:00,-922.890634639
2018-03-23 02:30:00,-922.890634639
2018-03-23 02:31:00,-922.890634639
2018-03-23 02:32:00,-922.890634639
2018-03-23 02:33:00,-922.890634639
2018-03-23 02:34:00,-922.890634639
2018-03-23 02:35:00,-1159.39616193
2018-03-23 02:36:00,-1159.39616193
2018-03-23 02:37:00,-1169.67901094
2018-03-23 02:38:00,-1334.20459514
2018-03-23 02:39:00,-1313.63889711
2018-03-23 02:40:00,-1313.63889711
2018-03-23 02:41:00,-1313.63889711
2018-03-23 02:42:00,-1303.3560481
2018-03-23 02:43:00,-1303.3560481
2018-03-23 02:44:00,-1303.3560481
2018-03-23 02:45:00,-1303.3560481
2018-03-23 02:46:00,-1313.63889711
2018-03-23 02:47:00,-1313.63889711
2018-03-23 02:48:00,-1313.63889711
2018-03-23 02:49:00,-1313.63889711
2018-03-23 02:50:00,-1313.63889711
2018-03-23 02:51:00,-1313.63889711
2018-03-23 02:52:00,-1323.92174613
2018-03-23 02:53:00,-1334.20459514
2018-03-23 02:54:00,-1344.48744415
2018-03-23 02:55:00,-1344.48744415
2018-03-23 02:56:00,-1354.77029316
2018-03-23 02:57:00,-1344.48744415
2018-03-23 02:58:00,-1344.48744415
2018-03-23 02:59:00,-1354.77029316
2018-03-23 03:00:00,-1375.33599119
2018-03-23 03:01:00,-1365.05314218
2018-03-23 03:02:00,-1395.90168921
2018-03-23 03:03:00,-1395.90168921
2018-03-23 03:04:00,-1395.90168921
2018-03-23 03:05:00,-1406.18453823
2018-03-23 03:06:00,-1406.18453823
2018-03-23 03:07:00,-1395.90168921
2018-03-23 03:08:00,-1406.18453823
2018-03-23 03:09:00,-1406.18453823
2018-03-23 03:10:00,-1395.90168921
2018-03-23 03:11:00,-1406.18453823
2018-03-23 03:12:00,-1406.18453823
2018-03-23 03:13:00,-1406.18453823
2018-03-23 03:14:00,-1406.18453823
2018-03-23 03:15:00,-1406.18453823
2018-03-23 03:16:00,-1406.18453823
2018-03-23 03:17:00,-1406.18453823
2018-03-23 03:18:00,-1406.18453823
2018-03-23 03:19:00,-1406.18453823
2018-03-23 03:20:00,-1395.90168921
2018-03-23 03:21:00,-1406.18453823
2018-03-23 03:22:00,-1406.18453823
2018-03-23 03:23:00,-1375.33599119
2018-03-23 03:24:00,-1344.48744415
2018-03-23 03:25:00,-1323.92174613
2018-03-23 03:26:00,-1323.92174613
2018-03-23 03:27:00,-1323.92174613
2018-03-23 03:28:00,-1323.92174613
2018-03-23 03:29:00,-1323.92174613
2018-03-23 03:30:00,-1323.92174613
2018-03-23 03:31:00,-1323.92174613
2018-03-23 03:32:00,-1293.07319909
2018-03-23 03:33:00,-1272.50750106
2018-03-23 03:34:00,-1272.50750106
2018-03-23 03:35:00,-1293.07319909
2018-03-23 03:36:00,-1303.3560481
2018-03-23 03:37:00,-1313.63889711
2018-03-23 03:38:00,-1313.63889711
2018-03-23 03:39:00,-1313.63889711
2018-03-23 03:40:00,-1303.3560481
2018-03-23 03:41:00,-1303.3560481
2018-03-23 03:42:00,-1303.3560481
2018-03-23 03:43:00,-1303.3560481
2018-03-23 03:44:00,-1293.07319909
2018-03-23 03:45:00,-1303.3560481
2018-03-23 03:46:00,-1303.3560481
2018-03-23 03:47:00,-1303.3560481
2018-03-23 03:48:00,-1303.3560481
2018-03-23 03:49:00,-1303.3560481
2018-03-23 03:50:00,-1303.3560481
2018-03-23 03:51:00,-1303.3560481
2018-03-23 03:52:00,-1303.3560481
2018-03-23 03:53:00,-1303.3560481
2018-03-23 03:54:00,-1303.3560481
2018-03-23 03:55:00,-1303.3560481
2018-03-23 03:56:00,-1313.63889711
2018-03-23 03:57:00,-1303.3560481
2018-03-23 03:58:00,-1313.63889711
2018-03-23 03:59:00,-1313.63889711
2018-03-23 04:00:00,-1313.63889711
2018-03-23 04:01:00,-1313.63889711
2018-03-23 04:02:00,-1313.63889711
2018-03-23 04:03:00,-1313.63889711
2018-03-23 04:04:00,-1313.63889711
2018-03-23 04:05:00,-1313.63889711
2018-03-23 04:06:00,-1313.63889711
2018-03-23 04:07:00,-1313.63889711
2018-03-23 04:08:00,-1323.92174613
2018-03-23 04:09:00,-1334.20459514
2018-03-23 04:10:00,-1334.20459514
2018-03-23 04:11:00,-1334.20459514
2018-03-23 04:12:00,-1334.20459514
2018-03-23 04:13:00,-1334.20459514
2018-03-23 04:14:00,-1334.20459514
2018-03-23 04:15:00,-1334.20459514
2018-03-23 04:16:00,-1334.20459514
2018-03-23 04:17:00,-1334.20459514
2018-03-23 04:18:00,-1344.48744415
2018-03-23 04:19:00,-1354.77029316
2018-03-23 04:20:00,-1354.77029316
2018-03-23 04:21:00,-1354.77029316
2018-03-23 04:22:00,-1354.77029316
2018-03-23 04:23:00,-1354.77029316
2018-03-23 04:24:00,-1344.48744415
2018-03-23 04:25:00,-1344.48744415
2018-03-23 04:26:00,-1334.20459514
2018-03-23 04:27:00,-1323.92174613
2018-03-23 04:28:00,-1323.92174613
2018-03-23 04:29:00,-1334.20459514
2018-03-23 04:30:00,-1334.20459514
2018-03-23 04:31:00,-1334.20459514
2018-03-23 04:32:00,-1334.20459514
2018-03-23 04:33:00,-1313.63889711
2018-03-23 04:34:00,-1313.63889711
2018-03-23 04:35:00,-1313.63889711
2018-03-23 04:36:00,-1313.63889711
2018-03-23 04:37:00,-1313.63889711
2018-03-23 04:38:00,-1323.92174613
2018-03-23 04:39:00,-1313.63889711
2018-03-23 04:40:00,-1313.63889711
2018-03-23 04:41:00,-1313.63889711
2018-03-23 04:42:00,-1313.63889711
2018-03-23 04:43:00,-1313.63889711
2018-03-23 04:44:00,-1313.63889711
2018-03-23 04:45:00,-1313.63889711
2018-03-23 04:46:00,-1303.3560481
2018-03-23 04:47:00,-1303.3560481
2018-03-23 04:48:00,-1303.3560481
2018-03-23 04:49:00,-1303.3560481
2018-03-23 04:50:00,-1303.3560481
2018-03-23 04:51:00,-1303.3560481
2018-03-23 04:52:00,-1303.3560481
2018-03-23 04:53:00,-1303.3560481
2018-03-23 04:54:00,-1313.63889711
2018-03-23 04:55:00,-1313.63889711
2018-03-23 04:56:00,-1313.63889711
2018-03-23 04:57:00,-1313.63889711
2018-03-23 04:58:00,-1313.63889711
2018-03-23 04:59:00,-1313.63889711
2018-03-23 05:00:00,-1313.63889711
2018-03-23 05:01:00,-1313.63889711
2018-03-23 05:02:00,-1313.63889711
2018-03-23 05:03:00,-1313.63889711
2018-03-23 05:04:00,-1313.63889711
2018-03-23 05:05:00,-1313.63889711
2018-03-23 05:06:00,-1313.63889711
2018-03-23 05:07:00,-1313.63889711
2018-03-23 05:08:00,-1313.63889711
2018-03-23 05:09:00,-1313.63889711
2018-03-23 05:10:00,-1313.63889711
2018-03-23 05:11:00,-1313.63889711
2018-03-23 05:12:00,-1313.63889711
2018-03-23 05:13:00,-1313.63889711
2018-03-23 05:14:00,-1313.63889711
2018-03-23 05:15:00,-1313.63889711
2018-03-23 05:16:00,-1313.63889711
2018-03-23 05:17:00,-1313.63889711
2018-03-23 05:18:00,-1313.63889711
2018-03-23 05:19:00,-1313.63889711
2018-03-23 05:20:00,-1313.63889711
2018-03-23 05:21:00,-1313.63889711
2018-03-23 05:22:00,-1313.63889711
2018-03-23 05:23:00,-1282.79035008
2018-03-23 05:24:00,-1293.07319909
2018-03-23 05:25:00,-1313.63889711
2018-03-23 05:26:00,-1313.63889711
2018-03-23 05:27:00,-1303.3560481
2018-03-23 05:28:00,-1303.3560481
2018-03-23 05:29:00,-1303.3560481
2018-03-23 05:30:00,-1303.3560481
2018-03-23 05:31:00,-1313.63889711
2018-03-23 05:32:00,-1313.63889711
2018-03-23 05:33:00,-1313.63889711
2018-03-23 05:34:00,-1313.63889711
2018-03-23 05:35:00,-1323.92174613
2018-03-23 05:36:00,-1323.92174613
2018-03-23 05:37:00,-1323.92174613
2018-03-23 05:38:00,-1323.92174613
2018-03-23 05:39:00,-1323.92174613
2018-03-23 05:40:00,-1303.3560481
2018-03-23 05:41:00,-1303.3560481
2018-03-23 05:42:00,-1303.3560481
2018-03-23 05:43:00,-1303.3560481
2018-03-23 05:44:00,-1303.3560481
2018-03-23 05:45:00,-1303.3560481
2018-03-23 05:46:00,-1313.63889711
2018-03-23 05:47:00,-1303.3560481
2018-03-23 05:48:00,-1303.3560481
2018-03-23 05:49:00,-1303.3560481
2018-03-23 05:50:00,-1282.79035008
2018-03-23 05:51:00,-1293.07319909
2018-03-23 05:52:00,-1282.79035008
2018-03-23 05:53:00,-1303.3560481
2018-03-23 05:54:00,-1313.63889711
2018-03-23 05:55:00,-1313.63889711
2018-03-23 05:56:00,-1313.63889711
2018-03-23 05:57:00,-1313.63889711
2018-03-23 05:58:00,-1313.63889711
2018-03-23 05:59:00,-1313.63889711
2018-03-23 06:00:00,-1323.92174613
2018-03-23 06:01:00,-1313.63889711
2018-03-23 06:02:00,-1323.92174613
2018-03-23 06:03:00,-1334.20459514
2018-03-23 06:04:00,-1354.77029316
2018-03-23 06:05:00,-1354.77029316
2018-03-23 06:06:00,-1354.77029316
2018-03-23 06:07:00,-1354.77029316
2018-03-23 06:08:00,-1354.77029316
2018-03-23 06:09:00,-1354.77029316
2018-03-23 06:10:00,-1354.77029316
2018-03-23 06:11:00,-1354.77029316
2018-03-23 06:12:00,-1354.77029316
2018-03-23 06:13:00,-1365.05314218
2018-03-23 06:14:00,-1354.77029316
2018-03-23 06:15:00,-1354.77029316
2018-03-23 06:16:00,-1375.33599119
2018-03-23 06:17:00,-1365.05314218
2018-03-23 06:18:00,-1354.77029316
2018-03-23 06:19:00,-1354.77029316
2018-03-23 06:20:00,-1354.77029316
2018-03-23 06:21:00,-1344.48744415
2018-03-23 06:22:00,-1344.48744415
2018-03-23 06:23:00,-1354.77029316
2018-03-23 06:24:00,-1354.77029316
2018-03-23 06:25:00,-1365.05314218
2018-03-23 06:26:00,-1365.05314218
2018-03-23 06:27:00,-1365.05314218
2018-03-23 06:28:00,-1365.05314218
2018-03-23 06:29:00,-1375.33599119
2018-03-23 06:30:00,-1406.18453823
2018-03-23 06:31:00,-1406.18453823
2018-03-23 06:32:00,-1406.18453823
2018-03-23 06:33:00,-1406.18453823
2018-03-23 06:34:00,-1406.18453823
2018-03-23 06:35:00,-1406.18453823
2018-03-23 06:36:00,-1406.18453823
2018-03-23 06:37:00,-1375.33599119
2018-03-23 06:38:00,-1375.33599119
2018-03-23 06:39:00,-1375.33599119
2018-03-23 06:40:00,-1375.33599119
2018-03-23 06:41:00,-1406.18453823
2018-03-23 06:42:00,-1395.90168921
2018-03-23 06:43:00,-1395.90168921
2018-03-23 06:44:00,-1395.90168921
2018-03-23 06:45:00,-1395.90168921
2018-03-23 06:46:00,-1395.90168921
2018-03-23 06:47:00,-1426.75023625
2018-03-23 06:48:00,-1416.46738724
2018-03-23 06:49:00,-1416.46738724
2018-03-23 06:50:00,-1416.46738724
2018-03-23 06:51:00,-1416.46738724
2018-03-23 06:52:00,-1395.90168921
2018-03-23 06:53:00,-1406.18453823
2018-03-23 06:54:00,-1406.18453823
2018-03-23 06:55:00,-1406.18453823
2018-03-23 06:56:00,-1406.18453823
2018-03-23 06:57:00,-1416.46738724
2018-03-23 06:58:00,-1406.18453823
2018-03-23 06:59:00,-1406.18453823
2018-03-23 07:00:00,-1416.46738724
2018-03-23 07:01:00,-1426.75023625
2018-03-23 07:02:00,-1426.75023625
2018-03-23 07:03:00,-1416.46738724
2018-03-23 07:04:00,-1437.03308526
2018-03-23 07:05:00,-1437.03308526
2018-03-23 07:06:00,-1437.03308526
2018-03-23 07:07:00,-1437.03308526
2018-03-23 07:08:00,-1437.03308526
2018-03-23 07:09:00,-1437.03308526
2018-03-23 07:10:00,-1437.03308526
2018-03-23 07:11:00,-1457.59878329
2018-03-23 07:12:00,-1437.03308526
2018-03-23 07:13:00,-1437.03308526
2018-03-23 07:14:00,-1437.03308526
2018-03-23 07:15:00,-1437.03308526
2018-03-23 07:16:00,-1437.03308526
2018-03-23 07:17:00,-1457.59878329
2018-03-23 07:18:00,-1457.59878329
2018-03-23 07:19:00,-1467.8816323
2018-03-23 07:20:00,-1457.59878329
2018-03-23 07:21:00,-1437.03308526
2018-03-23 07:22:00,-1437.03308526
2018-03-23 07:23:00,-1437.03308526
2018-03-23 07:24:00,-1437.03308526
2018-03-23 07:25:00,-1437.03308526
2018-03-23 07:26:00,-1467.8816323
2018-03-23 07:27:00,-1457.59878329
2018-03-23 07:28:00,-1447.31593428
2018-03-23 07:29:00,-1457.59878329
2018-03-23 07:30:00,-1519.29587736
2018-03-23 07:31:00,-1550.1444244
2018-03-23 07:32:00,-1570.71012243
2018-03-23 07:33:00,-1580.99297144
2018-03-23 07:34:00,-1652.97291453
2018-03-23 07:35:00,-1663.25576354
2018-03-23 07:36:00,-1611.84151848
2018-03-23 07:37:00,-1611.84151848
2018-03-23 07:38:00,-1591.27582045
2018-03-23 07:39:00,-1591.27582045
2018-03-23 07:40:00,-1591.27582045
2018-03-23 07:41:00,-1591.27582045
2018-03-23 07:42:00,-1591.27582045
2018-03-23 07:43:00,-1591.27582045
2018-03-23 07:44:00,-1560.42727341
2018-03-23 07:45:00,-1570.71012243
2018-03-23 07:46:00,-1580.99297144
2018-03-23 07:47:00,-1601.55866946
2018-03-23 07:48:00,-1601.55866946
2018-03-23 07:49:00,-1601.55866946
2018-03-23 07:50:00,-1601.55866946
2018-03-23 07:51:00,-1601.55866946
2018-03-23 07:52:00,-1601.55866946
2018-03-23 07:53:00,-1580.99297144
2018-03-23 07:54:00,-1591.27582045
2018-03-23 07:55:00,-1622.12436749
2018-03-23 07:56:00,-1622.12436749
2018-03-23 07:57:00,-1601.55866946
2018-03-23 07:58:00,-1591.27582045
2018-03-23 07:59:00,-1580.99297144
2018-03-23 08:00:00,-1591.27582045
2018-03-23 08:01:00,-1601.55866946
2018-03-23 08:02:00,-1611.84151848
2018-03-23 08:03:00,-1601.55866946
2018-03-23 08:04:00,-1611.84151848
2018-03-23 08:05:00,-1611.84151848
2018-03-23 08:06:00,-1642.69006551
2018-03-23 08:07:00,-1622.12436749
2018-03-23 08:08:00,-1622.12436749
2018-03-23 08:09:00,-1622.12436749
2018-03-23 08:10:00,-1622.12436749
2018-03-23 08:11:00,-1622.12436749
2018-03-23 08:12:00,-1622.12436749
2018-03-23 08:13:00,-1622.12436749
2018-03-23 08:14:00,-1622.12436749
2018-03-23 08:15:00,-1622.12436749
2018-03-23 08:16:00,-1622.12436749
2018-03-23 08:17:00,-1622.12436749
2018-03-23 08:18:00,-1622.12436749
2018-03-23 08:19:00,-1622.12436749
2018-03-23 08:20:00,-1622.12436749
2018-03-23 08:21:00,-1642.69006551
2018-03-23 08:22:00,-1642.69006551
2018-03-23 08:23:00,-1622.12436749
2018-03-23 08:24:00,-1601.55866946
2018-03-23 08:25:00,-1601.55866946
2018-03-23 08:26:00,-1601.55866946
2018-03-23 08:27:00,-1601.55866946
2018-03-23 08:28:00,-1601.55866946
2018-03-23 08:29:00,-1622.12436749
2018-03-23 08:30:00,-1622.12436749
2018-03-23 08:31:00,-1622.12436749
2018-03-23 08:32:00,-1622.12436749
2018-03-23 08:33:00,-1622.12436749
2018-03-23 08:34:00,-1622.12436749
2018-03-23 08:35:00,-1601.55866946
2018-03-23 08:36:00,-1601.55866946
2018-03-23 08:37:00,-1601.55866946
2018-03-23 08:38:00,-1601.55866946
2018-03-23 08:39:00,-1611.84151848
2018-03-23 08:40:00,-1611.84151848
2018-03-23 08:41:00,-1611.84151848
2018-03-23 08:42:00,-1611.84151848
2018-03-23 08:43:00,-1601.55866946
2018-03-23 08:44:00,-1591.27582045
2018-03-23 08:45:00,-1601.55866946
2018-03-23 08:46:00,-1591.27582045
2018-03-23 08:47:00,-1601.55866946
2018-03-23 08:48:00,-1601.55866946
2018-03-23 08:49:00,-1591.27582045
2018-03-23 08:50:00,-1591.27582045
2018-03-23 08:51:00,-1591.27582045
2018-03-23 08:52:00,-1601.55866946
2018-03-23 08:53:00,-1611.84151848
2018-03-23 08:54:00,-1611.84151848
2018-03-23 08:55:00,-1622.12436749
2018-03-23 08:56:00,-1642.69006551
2018-03-23 08:57:00,-1611.84151848
2018-03-23 08:58:00,-1622.12436749
2018-03-23 08:59:00,-1622.12436749
2018-03-23 09:00:00,-1622.12436749
2018-03-23 09:01:00,-1663.25576354
2018-03-23 09:02:00,-1663.25576354
2018-03-23 09:03:00,-1683.82146156
2018-03-23 09:04:00,-1663.25576354
2018-03-23 09:05:00,-1663.25576354
2018-03-23 09:06:00,-1663.25576354
2018-03-23 09:07:00,-1663.25576354
2018-03-23 09:08:00,-1663.25576354
2018-03-23 09:09:00,-1663.25576354
2018-03-23 09:10:00,-1663.25576354
2018-03-23 09:11:00,-1663.25576354
2018-03-23 09:12:00,-1663.25576354
2018-03-23 09:13:00,-1663.25576354
2018-03-23 09:14:00,-1663.25576354
2018-03-23 09:15:00,-1663.25576354
2018-03-23 09:16:00,-1663.25576354
2018-03-23 09:17:00,-1663.25576354
2018-03-23 09:18:00,-1663.25576354
2018-03-23 09:19:00,-1663.25576354
2018-03-23 09:20:00,-1622.12436749
2018-03-23 09:21:00,-1622.12436749
2018-03-23 09:22:00,-1622.12436749
2018-03-23 09:23:00,-1622.12436749
2018-03-23 09:24:00,-1601.55866946
2018-03-23 09:25:00,-1611.84151848
2018-03-23 09:26:00,-1611.84151848
2018-03-23 09:27:00,-1611.84151848
2018-03-23 09:28:00,-1622.12436749
2018-03-23 09:29:00,-1622.12436749
2018-03-23 09:30:00,-1622.12436749
2018-03-23 09:31:00,-1632.4072165
2018-03-23 09:32:00,-1642.69006551
2018-03-23 09:33:00,-1632.4072165
2018-03-23 09:34:00,-1652.97291453
2018-03-23 09:35:00,-1632.4072165
2018-03-23 09:36:00,-1632.4072165
2018-03-23 09:37:00,-1622.12436749
2018-03-23 09:38:00,-1611.84151848
2018-03-23 09:39:00,-1611.84151848
2018-03-23 09:40:00,-1611.84151848
2018-03-23 09:41:00,-1601.55866946
2018-03-23 09:42:00,-1591.27582045
2018-03-23 09:43:00,-1601.55866946
2018-03-23 09:44:00,-1601.55866946
2018-03-23 09:45:00,-1611.84151848
2018-03-23 09:46:00,-1601.55866946
2018-03-23 09:47:00,-1591.27582045
2018-03-23 09:48:00,-1580.99297144
2018-03-23 09:49:00,-1580.99297144
2018-03-23 09:50:00,-1570.71012243
2018-03-23 09:51:00,-1580.99297144
2018-03-23 09:52:00,-1601.55866946
2018-03-23 09:53:00,-1580.99297144
2018-03-23 09:54:00,-1591.27582045
2018-03-23 09:55:00,-1591.27582045
2018-03-23 09:56:00,-1580.99297144
2018-03-23 09:57:00,-1580.99297144
2018-03-23 09:58:00,-1580.99297144
2018-03-23 09:59:00,-1580.99297144
2018-03-23 10:00:00,-1580.99297144
2018-03-23 10:01:00,-1570.71012243
2018-03-23 10:02:00,-1570.71012243
2018-03-23 10:03:00,-1570.71012243
2018-03-23 10:04:00,-1570.71012243
2018-03-23 10:05:00,-1570.71012243
2018-03-23 10:06:00,-1560.42727341
2018-03-23 10:07:00,-1560.42727341
2018-03-23 10:08:00,-1560.42727341
2018-03-23 10:09:00,-1560.42727341
2018-03-23 10:10:00,-1580.99297144
2018-03-23 10:11:00,-1570.71012243
2018-03-23 10:12:00,-1560.42727341
2018-03-23 10:13:00,-1529.57872638
2018-03-23 10:14:00,-1529.57872638
2018-03-23 10:15:00,-1529.57872638
2018-03-23 10:16:00,-1529.57872638
2018-03-23 10:17:00,-1529.57872638
2018-03-23 10:18:00,-1539.86157539
2018-03-23 10:19:00,-1539.86157539
2018-03-23 10:20:00,-1539.86157539
2018-03-23 10:21:00,-1539.86157539
2018-03-23 10:22:00,-1529.57872638
2018-03-23 10:23:00,-1529.57872638
2018-03-23 10:24:00,-1529.57872638
2018-03-23 10:25:00,-1529.57872638
2018-03-23 10:26:00,-1539.86157539
2018-03-23 10:27:00,-1539.86157539
2018-03-23 10:28:00,-1539.86157539
2018-03-23 10:29:00,-1539.86157539
2018-03-23 10:30:00,-1539.86157539
2018-03-23 10:31:00,-1539.86157539
2018-03-23 10:32:00,-1539.86157539
2018-03-23 10:33:00,-1539.86157539
2018-03-23 10:34:00,-1539.86157539
2018-03-23 10:35:00,-1539.86157539
2018-03-23 10:36:00,-1539.86157539
2018-03-23 10:37:00,-1539.86157539
2018-03-23 10:38:00,-1529.57872638
2018-03-23 10:39:00,-1529.57872638
2018-03-23 10:40:00,-1529.57872638
2018-03-23 10:41:00,-1529.57872638
2018-03-23 10:42:00,-1529.57872638
2018-03-23 10:43:00,-1519.29587736
2018-03-23 10:44:00,-1519.29587736
2018-03-23 10:45:00,-1509.01302835
2018-03-23 10:46:00,-1509.01302835
2018-03-23 10:47:00,-1509.01302835
2018-03-23 10:48:00,-1488.44733033
2018-03-23 10:49:00,-1488.44733033
2018-03-23 10:50:00,-1488.44733033
2018-03-23 10:51:00,-1488.44733033
2018-03-23 10:52:00,-1488.44733033
2018-03-23 10:53:00,-1488.44733033
2018-03-23 10:54:00,-1488.44733033
2018-03-23 10:55:00,-1488.44733033
2018-03-23 10:56:00,-1488.44733033
2018-03-23 10:57:00,-1488.44733033
2018-03-23 10:58:00,-1488.44733033
2018-03-23 10:59:00,-1478.16448131
2018-03-23 11:00:00,-1509.01302835
2018-03-23 11:01:00,-1509.01302835
2018-03-23 11:02:00,-1509.01302835
2018-03-23 11:03:00,-1498.73017934
2018-03-23 11:04:00,-1509.01302835
2018-03-23 11:05:00,-1488.44733033
2018-03-23 11:06:00,-1488.44733033
2018-03-23 11:07:00,-1488.44733033
2018-03-23 11:08:00,-1509.01302835
2018-03-23 11:09:00,-1488.44733033
2018-03-23 11:10:00,-1488.44733033
2018-03-23 11:11:00,-1488.44733033
2018-03-23 11:12:00,-1488.44733033
2018-03-23 11:13:00,-1488.44733033
2018-03-23 11:14:00,-1457.59878329
2018-03-23 11:15:00,-1467.8816323
2018-03-23 11:16:00,-1467.8816323
2018-03-23 11:17:00,-1437.03308526
2018-03-23 11:18:00,-1457.59878329
2018-03-23 11:19:00,-1437.03308526
2018-03-23 11:20:00,-1447.31593428
2018-03-23 11:21:00,-1447.31593428
2018-03-23 11:22:00,-1447.31593428
2018-03-23 11:23:00,-1447.31593428
2018-03-23 11:24:00,-1457.59878329
2018-03-23 11:25:00,-1457.59878329
2018-03-23 11:26:00,-1457.59878329
2018-03-23 11:27:00,-1457.59878329
2018-03-23 11:28:00,-1457.59878329
2018-03-23 11:29:00,-1457.59878329
2018-03-23 11:30:00,-1457.59878329
2018-03-23 11:31:00,-1437.03308526
2018-03-23 11:32:00,-1437.03308526
2018-03-23 11:33:00,-1437.03308526
2018-03-23 11:34:00,-1437.03308526
2018-03-23 11:35:00,-1437.03308526
2018-03-23 11:36:00,-1437.03308526
2018-03-23 11:37:00,-1437.03308526
2018-03-23 11:38:00,-1437.03308526
2018-03-23 11:39:00,-1447.31593428
2018-03-23 11:40:00,-1447.31593428
2018-03-23 11:41:00,-1447.31593428
2018-03-23 11:42:00,-1447.31593428
2018-03-23 11:43:00,-1467.8816323
2018-03-23 11:44:00,-1467.8816323
2018-03-23 11:45:00,-1467.8816323
2018-03-23 11:46:00,-1467.8816323
2018-03-23 11:47:00,-1467.8816323
2018-03-23 11:48:00,-1467.8816323
2018-03-23 11:49:00,-1457.59878329
2018-03-23 11:50:00,-1447.31593428
2018-03-23 11:51:00,-1426.75023625
2018-03-23 11:52:00,-1437.03308526
2018-03-23 11:53:00,-1416.46738724
2018-03-23 11:54:00,-1416.46738724
2018-03-23 11:55:00,-1416.46738724
2018-03-23 11:56:00,-1426.75023625
2018-03-23 11:57:00,-1426.75023625
2018-03-23 11:58:00,-1426.75023625
2018-03-23 11:59:00,-1457.59878329
2018-03-23 12:00:00,-1437.03308526
2018-03-23 12:01:00,-1426.75023625
2018-03-23 12:02:00,-1395.90168921
2018-03-23 12:03:00,-1395.90168921
2018-03-23 12:04:00,-1406.18453823
2018-03-23 12:05:00,-1406.18453823
2018-03-23 12:06:00,-1406.18453823
2018-03-23 12:07:00,-1406.18453823
2018-03-23 12:08:00,-1406.18453823
2018-03-23 12:09:00,-1406.18453823
2018-03-23 12:10:00,-1447.31593428
2018-03-23 12:11:00,-1447.31593428
2018-03-23 12:12:00,-1467.8816323
2018-03-23 12:13:00,-1457.59878329
2018-03-23 12:14:00,-1457.59878329
2018-03-23 12:15:00,-1437.03308526
2018-03-23 12:16:00,-1437.03308526
2018-03-23 12:17:00,-1447.31593428
2018-03-23 12:18:00,-1437.03308526
2018-03-23 12:19:00,-1519.29587736
2018-03-23 12:20:00,-1498.73017934
2018-03-23 12:21:00,-1498.73017934
2018-03-23 12:22:00,-1488.44733033
2018-03-23 12:23:00,-1488.44733033
2018-03-23 12:24:00,-1488.44733033
2018-03-23 12:25:00,-1488.44733033
2018-03-23 12:26:00,-1437.03308526
2018-03-23 12:27:00,-1426.75023625
2018-03-23 12:28:00,-1426.75023625
2018-03-23 12:29:00,-1457.59878329
2018-03-23 12:30:00,-1437.03308526
2018-03-23 12:31:00,-1457.59878329
2018-03-23 12:32:00,-1437.03308526
2018-03-23 12:33:00,-1437.03308526
2018-03-23 12:34:00,-1447.31593428
2018-03-23 12:35:00,-1447.31593428
2018-03-23 12:36:00,-1447.31593428
2018-03-23 12:37:00,-1447.31593428
2018-03-23 12:38:00,-1426.75023625
2018-03-23 12:39:00,-1437.03308526
2018-03-23 12:40:00,-1437.03308526
2018-03-23 12:41:00,-1437.03308526
2018-03-23 12:42:00,-1426.75023625
2018-03-23 12:43:00,-1426.75023625
2018-03-23 12:44:00,-1426.75023625
2018-03-23 12:45:00,-1426.75023625
2018-03-23 12:46:00,-1416.46738724
2018-03-23 12:47:00,-1416.46738724
2018-03-23 12:48:00,-1437.03308526
2018-03-23 12:49:00,-1437.03308526
2018-03-23 12:50:00,-1437.03308526
2018-03-23 12:51:00,-1437.03308526
2018-03-23 12:52:00,-1437.03308526
2018-03-23 12:53:00,-1437.03308526
2018-03-23 12:54:00,-1437.03308526
2018-03-23 12:55:00,-1437.03308526
2018-03-23 12:56:00,-1437.03308526
2018-03-23 12:57:00,-1437.03308526
2018-03-23 12:58:00,-1437.03308526
2018-03-23 12:59:00,-1437.03308526
2018-03-26 01:29:00,-1642.68924289
2018-03-26 01:30:00,-1642.68924289
2018-03-26 01:31:00,-1642.68924289
2018-03-26 01:32:00,-1642.68924289
2018-03-26 01:33:00,-1642.68924289
2018-03-26 01:34:00,-1467.88080967
2018-03-26 01:35:00,-1467.88080967
2018-03-26 01:36:00,-1467.88080967
2018-03-26 01:37:00,-1467.88080967
2018-03-26 01:38:00,-1467.88080967
2018-03-26 01:39:00,-1519.29505474
2018-03-26 01:40:00,-1519.29505474
2018-03-26 01:41:00,-1519.29505474
2018-03-26 01:42:00,-1519.29505474
2018-03-26 01:43:00,-1519.29505474
2018-03-26 01:44:00,-1519.29505474
2018-03-26 01:45:00,-1519.29505474
2018-03-26 01:46:00,-1519.29505474
2018-03-26 01:47:00,-1519.29505474
2018-03-26 01:48:00,-1519.29505474
2018-03-26 01:49:00,-1519.29505474
2018-03-26 01:50:00,-1539.86075276
2018-03-26 01:51:00,-1550.14360177
2018-03-26 01:52:00,-1550.14360177
2018-03-26 01:53:00,-1550.14360177
2018-03-26 01:54:00,-1550.14360177
2018-03-26 01:55:00,-1550.14360177
2018-03-26 01:56:00,-1550.14360177
2018-03-26 01:57:00,-1550.14360177
2018-03-26 01:58:00,-1550.14360177
2018-03-26 01:59:00,-1550.14360177
2018-03-26 02:00:00,-1519.29505474
2018-03-26 02:01:00,-1519.29505474
2018-03-26 02:02:00,-1560.42645079
2018-03-26 02:03:00,-1560.42645079
2018-03-26 02:04:00,-1560.42645079
2018-03-26 02:05:00,-1560.42645079
2018-03-26 02:06:00,-1560.42645079
2018-03-26 02:07:00,-1539.86075276
2018-03-26 02:08:00,-1529.57790375
2018-03-26 02:09:00,-1550.14360177
2018-03-26 02:10:00,-1560.42645079
2018-03-26 02:11:00,-1560.42645079
2018-03-26 02:12:00,-1560.42645079
2018-03-26 02:13:00,-1550.14360177
2018-03-26 02:14:00,-1550.14360177
2018-03-26 02:15:00,-1539.86075276
2018-03-26 02:16:00,-1539.86075276
2018-03-26 02:17:00,-1560.42645079
2018-03-26 02:18:00,-1560.42645079
2018-03-26 02:19:00,-1560.42645079
2018-03-26 02:20:00,-1570.7092998
2018-03-26 02:21:00,-1570.7092998
2018-03-26 02:22:00,-1570.7092998
2018-03-26 02:23:00,-1560.42645079
2018-03-26 02:24:00,-1550.14360177
2018-03-26 02:25:00,-1550.14360177
2018-03-26 02:26:00,-1519.29505474
2018-03-26 02:27:00,-1539.86075276
2018-03-26 02:28:00,-1519.29505474
2018-03-26 02:29:00,-1539.86075276
2018-03-26 02:30:00,-1560.42645079
2018-03-26 02:31:00,-1560.42645079
2018-03-26 02:32:00,-1550.14360177
2018-03-26 02:33:00,-1560.42645079
2018-03-26 02:34:00,-1560.42645079
2018-03-26 02:35:00,-1560.42645079
2018-03-26 02:36:00,-1560.42645079
2018-03-26 02:37:00,-1560.42645079
2018-03-26 02:38:00,-1560.42645079
2018-03-26 02:39:00,-1560.42645079
2018-03-26 02:40:00,-1539.86075276
2018-03-26 02:41:00,-1580.99214881
2018-03-26 02:42:00,-1580.99214881
2018-03-26 02:43:00,-1560.42645079
2018-03-26 02:44:00,-1560.42645079
2018-03-26 02:45:00,-1560.42645079
2018-03-26 02:46:00,-1550.14360177
2018-03-26 02:47:00,-1560.42645079
2018-03-26 02:48:00,-1539.86075276
2018-03-26 02:49:00,-1550.14360177
2018-03-26 02:50:00,-1550.14360177
2018-03-26 02:51:00,-1560.42645079
2018-03-26 02:52:00,-1560.42645079
2018-03-26 02:53:00,-1560.42645079
2018-03-26 02:54:00,-1550.14360177
2018-03-26 02:55:00,-1550.14360177
2018-03-26 02:56:00,-1560.42645079
2018-03-26 02:57:00,-1560.42645079
2018-03-26 02:58:00,-1560.42645079
2018-03-26 02:59:00,-1560.42645079
2018-03-26 03:00:00,-1539.86075276
2018-03-26 03:01:00,-1539.86075276
2018-03-26 03:02:00,-1539.86075276
2018-03-26 03:03:00,-1519.29505474
2018-03-26 03:04:00,-1519.29505474
2018-03-26 03:05:00,-1519.29505474
2018-03-26 03:06:00,-1519.29505474
2018-03-26 03:07:00,-1519.29505474
2018-03-26 03:08:00,-1519.29505474
2018-03-26 03:09:00,-1519.29505474
2018-03-26 03:10:00,-1519.29505474
2018-03-26 03:11:00,-1519.29505474
2018-03-26 03:12:00,-1570.7092998
2018-03-26 03:13:00,-1570.7092998
2018-03-26 03:14:00,-1560.42645079
2018-03-26 03:15:00,-1539.86075276
2018-03-26 03:16:00,-1539.86075276
2018-03-26 03:17:00,-1550.14360177
2018-03-26 03:18:00,-1539.86075276
2018-03-26 03:19:00,-1529.57790375
2018-03-26 03:20:00,-1539.86075276
2018-03-26 03:21:00,-1539.86075276
2018-03-26 03:22:00,-1560.42645079
2018-03-26 03:23:00,-1560.42645079
2018-03-26 03:24:00,-1550.14360177
2018-03-26 03:25:00,-1550.14360177
2018-03-26 03:26:00,-1570.7092998
2018-03-26 03:27:00,-1570.7092998
2018-03-26 03:28:00,-1560.42645079
2018-03-26 03:29:00,-1560.42645079
2018-03-26 03:30:00,-1560.42645079
2018-03-26 03:31:00,-1560.42645079
2018-03-26 03:32:00,-1560.42645079
2018-03-26 03:33:00,-1550.14360177
2018-03-26 03:34:00,-1529.57790375
2018-03-26 03:35:00,-1560.42645079
2018-03-26 03:36:00,-1539.86075276
2018-03-26 03:37:00,-1560.42645079
2018-03-26 03:38:00,-1560.42645079
2018-03-26 03:39:00,-1580.99214881
2018-03-26 03:40:00,-1580.99214881
2018-03-26 03:41:00,-1580.99214881
2018-03-26 03:42:00,-1580.99214881
2018-03-26 03:43:00,-1580.99214881
2018-03-26 03:44:00,-1580.99214881
2018-03-26 03:45:00,-1580.99214881
2018-03-26 03:46:00,-1560.42645079
2018-03-26 03:47:00,-1560.42645079
2018-03-26 03:48:00,-1560.42645079
2018-03-26 03:49:00,-1560.42645079
2018-03-26 03:50:00,-1560.42645079
2018-03-26 03:51:00,-1560.42645079
2018-03-26 03:52:00,-1560.42645079
2018-03-26 03:53:00,-1570.7092998
2018-03-26 03:54:00,-1560.42645079
2018-03-26 03:55:00,-1550.14360177
2018-03-26 03:56:00,-1550.14360177
2018-03-26 03:57:00,-1550.14360177
2018-03-26 03:58:00,-1550.14360177
2018-03-26 03:59:00,-1539.86075276
2018-03-26 04:00:00,-1539.86075276
2018-03-26 04:01:00,-1539.86075276
2018-03-26 04:02:00,-1560.42645079
2018-03-26 04:03:00,-1539.86075276
2018-03-26 04:04:00,-1539.86075276
2018-03-26 04:05:00,-1539.86075276
2018-03-26 04:06:00,-1539.86075276
2018-03-26 04:07:00,-1560.42645079
2018-03-26 04:08:00,-1550.14360177
2018-03-26 04:09:00,-1539.86075276
2018-03-26 04:10:00,-1550.14360177
2018-03-26 04:11:00,-1550.14360177
2018-03-26 04:12:00,-1539.86075276
2018-03-26 04:13:00,-1539.86075276
2018-03-26 04:14:00,-1539.86075276
2018-03-26 04:15:00,-1539.86075276
2018-03-26 04:16:00,-1550.14360177
2018-03-26 04:17:00,-1550.14360177
2018-03-26 04:18:00,-1550.14360177
2018-03-26 04:19:00,-1550.14360177
2018-03-26 04:20:00,-1550.14360177
2018-03-26 04:21:00,-1539.86075276
2018-03-26 04:22:00,-1539.86075276
2018-03-26 04:23:00,-1539.86075276
2018-03-26 04:24:00,-1539.86075276
2018-03-26 04:25:00,-1529.57790375
2018-03-26 04:26:00,-1529.57790375
2018-03-26 04:27:00,-1529.57790375
2018-03-26 04:28:00,-1529.57790375
2018-03-26 04:29:00,-1529.57790375
2018-03-26 04:30:00,-1529.57790375
2018-03-26 04:31:00,-1529.57790375
2018-03-26 04:32:00,-1529.57790375
2018-03-26 04:33:00,-1529.57790375
2018-03-26 04:34:00,-1529.57790375
2018-03-26 04:35:00,-1529.57790375
2018-03-26 04:36:00,-1529.57790375
2018-03-26 04:37:00,-1529.57790375
2018-03-26 04:38:00,-1529.57790375
2018-03-26 04:39:00,-1529.57790375
2018-03-26 04:40:00,-1529.57790375
2018-03-26 04:41:00,-1529.57790375
2018-03-26 04:42:00,-1529.57790375
2018-03-26 04:43:00,-1539.86075276
2018-03-26 04:44:00,-1560.42645079
2018-03-26 04:45:00,-1580.99214881
2018-03-26 04:46:00,-1570.7092998
2018-03-26 04:47:00,-1560.42645079
2018-03-26 04:48:00,-1570.7092998
2018-03-26 04:49:00,-1570.7092998
2018-03-26 04:50:00,-1550.14360177
2018-03-26 04:51:00,-1550.14360177
2018-03-26 04:52:00,-1550.14360177
2018-03-26 04:53:00,-1550.14360177
2018-03-26 04:54:00,-1539.86075276
2018-03-26 04:55:00,-1539.86075276
2018-03-26 04:56:00,-1539.86075276
2018-03-26 04:57:00,-1529.57790375
2018-03-26 04:58:00,-1529.57790375
2018-03-26 04:59:00,-1529.57790375
2018-03-26 05:00:00,-1529.57790375
2018-03-26 05:01:00,-1529.57790375
2018-03-26 05:02:00,-1498.72935671
2018-03-26 05:03:00,-1498.72935671
2018-03-26 05:04:00,-1498.72935671
2018-03-26 05:05:00,-1498.72935671
2018-03-26 05:06:00,-1498.72935671
2018-03-26 05:07:00,-1509.01220572
2018-03-26 05:08:00,-1509.01220572
2018-03-26 05:09:00,-1509.01220572
2018-03-26 05:10:00,-1509.01220572
2018-03-26 05:11:00,-1509.01220572
2018-03-26 05:12:00,-1509.01220572
2018-03-26 05:13:00,-1509.01220572
2018-03-26 05:14:00,-1498.72935671
2018-03-26 05:15:00,-1519.29505474
2018-03-26 05:16:00,-1519.29505474
2018-03-26 05:17:00,-1519.29505474
2018-03-26 05:18:00,-1519.29505474
2018-03-26 05:19:00,-1519.29505474
2018-03-26 05:20:00,-1519.29505474
2018-03-26 05:21:00,-1519.29505474
2018-03-26 05:22:00,-1519.29505474
2018-03-26 05:23:00,-1488.4465077
2018-03-26 05:24:00,-1488.4465077
2018-03-26 05:25:00,-1478.16365869
2018-03-26 05:26:00,-1488.4465077
2018-03-26 05:27:00,-1478.16365869
2018-03-26 05:28:00,-1488.4465077
2018-03-26 05:29:00,-1488.4465077
2018-03-26 05:30:00,-1488.4465077
2018-03-26 05:31:00,-1488.4465077
2018-03-26 05:32:00,-1488.4465077
2018-03-26 05:33:00,-1488.4465077
2018-03-26 05:34:00,-1488.4465077
2018-03-26 05:35:00,-1498.72935671
2018-03-26 05:36:00,-1498.72935671
2018-03-26 05:37:00,-1498.72935671
2018-03-26 05:38:00,-1498.72935671
2018-03-26 05:39:00,-1488.4465077
2018-03-26 05:40:00,-1488.4465077
2018-03-26 05:41:00,-1488.4465077
2018-03-26 05:42:00,-1488.4465077
2018-03-26 05:43:00,-1488.4465077
2018-03-26 05:44:00,-1498.72935671
2018-03-26 05:45:00,-1488.4465077
2018-03-26 05:46:00,-1488.4465077
2018-03-26 05:47:00,-1498.72935671
2018-03-26 05:48:00,-1488.4465077
2018-03-26 05:49:00,-1488.4465077
2018-03-26 05:50:00,-1488.4465077
2018-03-26 05:51:00,-1488.4465077
2018-03-26 05:52:00,-1488.4465077
2018-03-26 05:53:00,-1488.4465077
2018-03-26 05:54:00,-1498.72935671
2018-03-26 05:55:00,-1519.29505474
2018-03-26 05:56:00,-1519.29505474
2018-03-26 05:57:00,-1509.01220572
2018-03-26 05:58:00,-1498.72935671
2018-03-26 05:59:00,-1498.72935671
2018-03-26 06:00:00,-1498.72935671
2018-03-26 06:01:00,-1498.72935671
2018-03-26 06:02:00,-1498.72935671
2018-03-26 06:03:00,-1498.72935671
2018-03-26 06:04:00,-1498.72935671
2018-03-26 06:05:00,-1498.72935671
2018-03-26 06:06:00,-1478.16365869
2018-03-26 06:07:00,-1478.16365869
2018-03-26 06:08:00,-1478.16365869
2018-03-26 06:09:00,-1498.72935671
2018-03-26 06:10:00,-1488.4465077
2018-03-26 06:11:00,-1488.4465077
2018-03-26 06:12:00,-1488.4465077
2018-03-26 06:13:00,-1498.72935671
2018-03-26 06:14:00,-1519.29505474
2018-03-26 06:15:00,-1488.4465077
2018-03-26 06:16:00,-1498.72935671
2018-03-26 06:17:00,-1498.72935671
2018-03-26 06:18:00,-1498.72935671
2018-03-26 06:19:00,-1498.72935671
2018-03-26 06:20:00,-1498.72935671
2018-03-26 06:21:00,-1498.72935671
2018-03-26 06:22:00,-1498.72935671
2018-03-26 06:23:00,-1498.72935671
2018-03-26 06:24:00,-1498.72935671
2018-03-26 06:25:00,-1498.72935671
2018-03-26 06:26:00,-1498.72935671
2018-03-26 06:27:00,-1498.72935671
2018-03-26 06:28:00,-1498.72935671
2018-03-26 06:29:00,-1498.72935671
2018-03-26 06:30:00,-1498.72935671
2018-03-26 06:31:00,-1498.72935671
2018-03-26 06:32:00,-1498.72935671
2018-03-26 06:33:00,-1498.72935671
2018-03-26 06:34:00,-1509.01220572
2018-03-26 06:35:00,-1498.72935671
2018-03-26 06:36:00,-1498.72935671
2018-03-26 06:37:00,-1498.72935671
2018-03-26 06:38:00,-1509.01220572
2018-03-26 06:39:00,-1498.72935671
2018-03-26 06:40:00,-1498.72935671
2018-03-26 06:41:00,-1529.57790375
2018-03-26 06:42:00,-1539.86075276
2018-03-26 06:43:00,-1539.86075276
2018-03-26 06:44:00,-1539.86075276
2018-03-26 06:45:00,-1539.86075276
2018-03-26 06:46:00,-1539.86075276
2018-03-26 06:47:00,-1539.86075276
2018-03-26 06:48:00,-1539.86075276
2018-03-26 06:49:00,-1539.86075276
2018-03-26 06:50:00,-1539.86075276
2018-03-26 06:51:00,-1539.86075276
2018-03-26 06:52:00,-1539.86075276
2018-03-26 06:53:00,-1539.86075276
2018-03-26 06:54:00,-1560.42645079
2018-03-26 06:55:00,-1560.42645079
2018-03-26 06:56:00,-1560.42645079
2018-03-26 06:57:00,-1560.42645079
2018-03-26 06:58:00,-1560.42645079
2018-03-26 06:59:00,-1539.86075276
2018-03-26 07:00:00,-1539.86075276
2018-03-26 07:01:00,-1539.86075276
2018-03-26 07:02:00,-1539.86075276
2018-03-26 07:03:00,-1529.57790375
2018-03-26 07:04:00,-1519.29505474
2018-03-26 07:05:00,-1519.29505474
2018-03-26 07:06:00,-1519.29505474
2018-03-26 07:07:00,-1519.29505474
2018-03-26 07:08:00,-1529.57790375
2018-03-26 07:09:00,-1529.57790375
2018-03-26 07:10:00,-1529.57790375
2018-03-26 07:11:00,-1529.57790375
2018-03-26 07:12:00,-1529.57790375
2018-03-26 07:13:00,-1529.57790375
2018-03-26 07:14:00,-1550.14360177
2018-03-26 07:15:00,-1550.14360177
2018-03-26 07:16:00,-1560.42645079
2018-03-26 07:17:00,-1550.14360177
2018-03-26 07:18:00,-1580.99214881
2018-03-26 07:19:00,-1580.99214881
2018-03-26 07:20:00,-1550.14360177
2018-03-26 07:21:00,-1550.14360177
2018-03-26 07:22:00,-1550.14360177
2018-03-26 07:23:00,-1550.14360177
2018-03-26 07:24:00,-1550.14360177
2018-03-26 07:25:00,-1550.14360177
2018-03-26 07:26:00,-1550.14360177
2018-03-26 07:27:00,-1550.14360177
2018-03-26 07:28:00,-1550.14360177
2018-03-26 07:29:00,-1550.14360177
2018-03-26 07:30:00,-1550.14360177
2018-03-26 07:31:00,-1560.42645079
2018-03-26 07:32:00,-1539.86075276
2018-03-26 07:33:00,-1560.42645079
2018-03-26 07:34:00,-1539.86075276
2018-03-26 07:35:00,-1550.14360177
2018-03-26 07:36:00,-1550.14360177
2018-03-26 07:37:00,-1550.14360177
2018-03-26 07:38:00,-1539.86075276
2018-03-26 07:39:00,-1550.14360177
2018-03-26 07:40:00,-1539.86075276
2018-03-26 07:41:00,-1539.86075276
2018-03-26 07:42:00,-1539.86075276
2018-03-26 07:43:00,-1539.86075276
2018-03-26 07:44:00,-1539.86075276
2018-03-26 07:45:00,-1539.86075276
2018-03-26 07:46:00,-1539.86075276
2018-03-26 07:47:00,-1539.86075276
2018-03-26 07:48:00,-1529.57790375
2018-03-26 07:49:00,-1529.57790375
2018-03-26 07:50:00,-1529.57790375
2018-03-26 07:51:00,-1529.57790375
2018-03-26 07:52:00,-1539.86075276
2018-03-26 07:53:00,-1539.86075276
2018-03-26 07:54:00,-1539.86075276
2018-03-26 07:55:00,-1539.86075276
2018-03-26 07:56:00,-1539.86075276
2018-03-26 07:57:00,-1539.86075276
2018-03-26 07:58:00,-1539.86075276
2018-03-26 07:59:00,-1529.57790375
2018-03-26 08:00:00,-1529.57790375
2018-03-26 08:01:00,-1457.59796066
2018-03-26 08:02:00,-1467.88080967
2018-03-26 08:03:00,-1478.16365869
2018-03-26 08:04:00,-1478.16365869
2018-03-26 08:05:00,-1478.16365869
2018-03-26 08:06:00,-1478.16365869
2018-03-26 08:07:00,-1478.16365869
2018-03-26 08:08:00,-1478.16365869
2018-03-26 08:09:00,-1478.16365869
2018-03-26 08:10:00,-1488.4465077
2018-03-26 08:11:00,-1498.72935671
2018-03-26 08:12:00,-1519.29505474
2018-03-26 08:13:00,-1519.29505474
2018-03-26 08:14:00,-1519.29505474
2018-03-26 08:15:00,-1509.01220572
2018-03-26 08:16:00,-1519.29505474
2018-03-26 08:17:00,-1498.72935671
2018-03-26 08:18:00,-1478.16365869
2018-03-26 08:19:00,-1478.16365869
2018-03-26 08:20:00,-1478.16365869
2018-03-26 08:21:00,-1478.16365869
2018-03-26 08:22:00,-1457.59796066
2018-03-26 08:23:00,-1457.59796066
2018-03-26 08:24:00,-1457.59796066
2018-03-26 08:25:00,-1457.59796066
2018-03-26 08:26:00,-1457.59796066
2018-03-26 08:27:00,-1457.59796066
2018-03-26 08:28:00,-1457.59796066
2018-03-26 08:29:00,-1457.59796066
2018-03-26 08:30:00,-1457.59796066
2018-03-26 08:31:00,-1457.59796066
2018-03-26 08:32:00,-1457.59796066
2018-03-26 08:33:00,-1457.59796066
2018-03-26 08:34:00,-1457.59796066
2018-03-26 08:35:00,-1457.59796066
2018-03-26 08:36:00,-1457.59796066
2018-03-26 08:37:00,-1457.59796066
2018-03-26 08:38:00,-1447.31511165
2018-03-26 08:39:00,-1426.74941362
2018-03-26 08:40:00,-1426.74941362
2018-03-26 08:41:00,-1426.74941362
2018-03-26 08:42:00,-1426.74941362
2018-03-26 08:43:00,-1437.03226264
2018-03-26 08:44:00,-1437.03226264
2018-03-26 08:45:00,-1437.03226264
2018-03-26 08:46:00,-1437.03226264
2018-03-26 08:47:00,-1437.03226264
2018-03-26 08:48:00,-1467.88080967
2018-03-26 08:49:00,-1457.59796066
2018-03-26 08:50:00,-1437.03226264
2018-03-26 08:51:00,-1437.03226264
2018-03-26 08:52:00,-1447.31511165
2018-03-26 08:53:00,-1437.03226264
2018-03-26 08:54:00,-1447.31511165
2018-03-26 08:55:00,-1437.03226264
2018-03-26 08:56:00,-1437.03226264
2018-03-26 08:57:00,-1437.03226264
2018-03-26 08:58:00,-1416.46656461
2018-03-26 08:59:00,-1426.74941362
2018-03-26 09:00:00,-1447.31511165
2018-03-26 09:01:00,-1447.31511165
2018-03-26 09:02:00,-1447.31511165
2018-03-26 09:03:00,-1447.31511165
2018-03-26 09:04:00,-1447.31511165
2018-03-26 09:05:00,-1437.03226264
2018-03-26 09:06:00,-1447.31511165
2018-03-26 09:07:00,-1437.03226264
2018-03-26 09:08:00,-1437.03226264
2018-03-26 09:09:00,-1437.03226264
2018-03-26 09:10:00,-1437.03226264
2018-03-26 09:11:00,-1437.03226264
2018-03-26 09:12:00,-1437.03226264
2018-03-26 09:13:00,-1437.03226264
2018-03-26 09:14:00,-1437.03226264
2018-03-26 09:15:00,-1437.03226264
2018-03-26 09:16:00,-1437.03226264
2018-03-26 09:17:00,-1437.03226264
2018-03-26 09:18:00,-1437.03226264
2018-03-26 09:19:00,-1447.31511165
2018-03-26 09:20:00,-1457.59796066
2018-03-26 09:21:00,-1457.59796066
2018-03-26 09:22:00,-1457.59796066
2018-03-26 09:23:00,-1457.59796066
2018-03-26 09:24:00,-1457.59796066
2018-03-26 09:25:00,-1437.03226264
2018-03-26 09:26:00,-1437.03226264
2018-03-26 09:27:00,-1437.03226264
2018-03-26 09:28:00,-1437.03226264
2018-03-26 09:29:00,-1437.03226264
2018-03-26 09:30:00,-1437.03226264
2018-03-26 09:31:00,-1437.03226264
2018-03-26 09:32:00,-1447.31511165
2018-03-26 09:33:00,-1457.59796066
2018-03-26 09:34:00,-1457.59796066
2018-03-26 09:35:00,-1437.03226264
2018-03-26 09:36:00,-1457.59796066
2018-03-26 09:37:00,-1457.59796066
2018-03-26 09:38:00,-1457.59796066
2018-03-26 09:39:00,-1447.31511165
2018-03-26 09:40:00,-1437.03226264
2018-03-26 09:41:00,-1457.59796066
2018-03-26 09:42:00,-1437.03226264
2018-03-26 09:43:00,-1457.59796066
2018-03-26 09:44:00,-1437.03226264
2018-03-26 09:45:00,-1437.03226264
2018-03-26 09:46:00,-1437.03226264
2018-03-26 09:47:00,-1437.03226264
2018-03-26 09:48:00,-1437.03226264
2018-03-26 09:49:00,-1457.59796066
2018-03-26 09:50:00,-1457.59796066
2018-03-26 09:51:00,-1457.59796066
2018-03-26 09:52:00,-1457.59796066
2018-03-26 09:53:00,-1457.59796066
2018-03-26 09:54:00,-1457.59796066
2018-03-26 09:55:00,-1437.03226264
2018-03-26 09:56:00,-1437.03226264
2018-03-26 09:57:00,-1457.59796066
2018-03-26 09:58:00,-1457.59796066
2018-03-26 09:59:00,-1437.03226264
2018-03-26 10:00:00,-1437.03226264
2018-03-26 10:01:00,-1437.03226264
2018-03-26 10:02:00,-1437.03226264
2018-03-26 10:03:00,-1437.03226264
2018-03-26 10:04:00,-1457.59796066
2018-03-26 10:05:00,-1457.59796066
2018-03-26 10:06:00,-1437.03226264
2018-03-26 10:07:00,-1437.03226264
2018-03-26 10:08:00,-1437.03226264
2018-03-26 10:09:00,-1437.03226264
2018-03-26 10:10:00,-1437.03226264
2018-03-26 10:11:00,-1437.03226264
2018-03-26 10:12:00,-1437.03226264
2018-03-26 10:13:00,-1437.03226264
2018-03-26 10:14:00,-1426.74941362
2018-03-26 10:15:00,-1437.03226264
2018-03-26 10:16:00,-1437.03226264
2018-03-26 10:17:00,-1437.03226264
2018-03-26 10:18:00,-1437.03226264
2018-03-26 10:19:00,-1437.03226264
2018-03-26 10:20:00,-1437.03226264
2018-03-26 10:21:00,-1437.03226264
2018-03-26 10:22:00,-1437.03226264
2018-03-26 10:23:00,-1437.03226264
2018-03-26 10:24:00,-1437.03226264
2018-03-26 10:25:00,-1437.03226264
2018-03-26 10:26:00,-1437.03226264
2018-03-26 10:27:00,-1437.03226264
2018-03-26 10:28:00,-1416.46656461
2018-03-26 10:29:00,-1437.03226264
2018-03-26 10:30:00,-1437.03226264
2018-03-26 10:31:00,-1426.74941362
2018-03-26 10:32:00,-1416.46656461
2018-03-26 10:33:00,-1416.46656461
2018-03-26 10:34:00,-1416.46656461
2018-03-26 10:35:00,-1416.46656461
2018-03-26 10:36:00,-1416.46656461
2018-03-26 10:37:00,-1416.46656461
2018-03-26 10:38:00,-1416.46656461
2018-03-26 10:39:00,-1416.46656461
2018-03-26 10:40:00,-1416.46656461
2018-03-26 10:41:00,-1426.74941362
2018-03-26 10:42:00,-1426.74941362
2018-03-26 10:43:00,-1416.46656461
2018-03-26 10:44:00,-1426.74941362
2018-03-26 10:45:00,-1416.46656461
2018-03-26 10:46:00,-1416.46656461
2018-03-26 10:47:00,-1416.46656461
2018-03-26 10:48:00,-1416.46656461
2018-03-26 10:49:00,-1416.46656461
2018-03-26 10:50:00,-1416.46656461
2018-03-26 10:51:00,-1416.46656461
2018-03-26 10:52:00,-1416.46656461
2018-03-26 10:53:00,-1406.1837156
2018-03-26 10:54:00,-1406.1837156
2018-03-26 10:55:00,-1406.1837156
2018-03-26 10:56:00,-1385.61801757
2018-03-26 10:57:00,-1385.61801757
2018-03-26 10:58:00,-1385.61801757
2018-03-26 10:59:00,-1385.61801757
2018-03-26 11:00:00,-1406.1837156
2018-03-26 11:01:00,-1395.90086659
2018-03-26 11:02:00,-1395.90086659
2018-03-26 11:03:00,-1395.90086659
2018-03-26 11:04:00,-1395.90086659
2018-03-26 11:05:00,-1395.90086659
2018-03-26 11:06:00,-1395.90086659
2018-03-26 11:07:00,-1406.1837156
2018-03-26 11:08:00,-1426.74941362
2018-03-26 11:09:00,-1426.74941362
2018-03-26 11:10:00,-1426.74941362
2018-03-26 11:11:00,-1426.74941362
2018-03-26 11:12:00,-1426.74941362
2018-03-26 11:13:00,-1426.74941362
2018-03-26 11:14:00,-1426.74941362
2018-03-26 11:15:00,-1426.74941362
2018-03-26 11:16:00,-1426.74941362
2018-03-26 11:17:00,-1426.74941362
2018-03-26 11:18:00,-1426.74941362
2018-03-26 11:19:00,-1426.74941362
2018-03-26 11:20:00,-1426.74941362
2018-03-26 11:21:00,-1426.74941362
2018-03-26 11:22:00,-1426.74941362
2018-03-26 11:23:00,-1426.74941362
2018-03-26 11:24:00,-1395.90086659
2018-03-26 11:25:00,-1395.90086659
2018-03-26 11:26:00,-1395.90086659
2018-03-26 11:27:00,-1395.90086659
2018-03-26 11:28:00,-1375.33516856
2018-03-26 11:29:00,-1385.61801757
2018-03-26 11:30:00,-1375.33516856
2018-03-26 11:31:00,-1365.05231955
2018-03-26 11:32:00,-1365.05231955
2018-03-26 11:33:00,-1365.05231955
2018-03-26 11:34:00,-1375.33516856
2018-03-26 11:35:00,-1426.74941362
2018-03-26 11:36:00,-1416.46656461
2018-03-26 11:37:00,-1416.46656461
2018-03-26 11:38:00,-1416.46656461
2018-03-26 11:39:00,-1416.46656461
2018-03-26 11:40:00,-1416.46656461
2018-03-26 11:41:00,-1416.46656461
2018-03-26 11:42:00,-1437.03226264
2018-03-26 11:43:00,-1447.31511165
2018-03-26 11:44:00,-1447.31511165
2018-03-26 11:45:00,-1437.03226264
2018-03-26 11:46:00,-1416.46656461
2018-03-26 11:47:00,-1416.46656461
2018-03-26 11:48:00,-1437.03226264
2018-03-26 11:49:00,-1437.03226264
2018-03-26 11:50:00,-1437.03226264
2018-03-26 11:51:00,-1437.03226264
2018-03-26 11:52:00,-1437.03226264
2018-03-26 11:53:00,-1437.03226264
2018-03-26 11:54:00,-1437.03226264
2018-03-26 11:55:00,-1426.74941362
2018-03-26 11:56:00,-1416.46656461
2018-03-26 11:57:00,-1416.46656461
2018-03-26 11:58:00,-1416.46656461
2018-03-26 11:59:00,-1416.46656461
2018-03-27 01:29:00,-1354.76947054
2018-03-27 01:30:00,-1354.76947054
2018-03-27 01:31:00,-1354.76947054
2018-03-27 01:32:00,-1354.76947054
2018-03-27 01:33:00,-1354.76947054
2018-03-27 01:34:00,-1375.33516856
2018-03-27 01:35:00,-1375.33516856
2018-03-27 01:36:00,-1375.33516856
2018-03-27 01:37:00,-1385.61801757
2018-03-27 01:38:00,-1467.88080967
2018-03-27 01:39:00,-1467.88080967
2018-03-27 01:40:00,-1467.88080967
2018-03-27 01:41:00,-1467.88080967
2018-03-27 01:42:00,-1467.88080967
2018-03-27 01:43:00,-1467.88080967
2018-03-27 01:44:00,-1467.88080967
2018-03-27 01:45:00,-1478.16365869
2018-03-27 01:46:00,-1478.16365869
2018-03-27 01:47:00,-1488.4465077
2018-03-27 01:48:00,-1498.72935671
2018-03-27 01:49:00,-1488.4465077
2018-03-27 01:50:00,-1488.4465077
2018-03-27 01:51:00,-1498.72935671
2018-03-27 01:52:00,-1498.72935671
2018-03-27 01:53:00,-1498.72935671
2018-03-27 01:54:00,-1509.01220572
2018-03-27 01:55:00,-1509.01220572
2018-03-27 01:56:00,-1498.72935671
2018-03-27 01:57:00,-1498.72935671
2018-03-27 01:58:00,-1498.72935671
2018-03-27 01:59:00,-1478.16365869
2018-03-27 02:00:00,-1478.16365869
2018-03-27 02:01:00,-1478.16365869
2018-03-27 02:02:00,-1478.16365869
2018-03-27 02:03:00,-1478.16365869
2018-03-27 02:04:00,-1478.16365869
2018-03-27 02:05:00,-1478.16365869
2018-03-27 02:06:00,-1478.16365869
2018-03-27 02:07:00,-1478.16365869
2018-03-27 02:08:00,-1478.16365869
2018-03-27 02:09:00,-1478.16365869
2018-03-27 02:10:00,-1478.16365869
2018-03-27 02:11:00,-1478.16365869
2018-03-27 02:12:00,-1478.16365869
2018-03-27 02:13:00,-1478.16365869
2018-03-27 02:14:00,-1478.16365869
2018-03-27 02:15:00,-1478.16365869
2018-03-27 02:16:00,-1478.16365869
2018-03-27 02:17:00,-1478.16365869
2018-03-27 02:18:00,-1478.16365869
2018-03-27 02:19:00,-1478.16365869
2018-03-27 02:20:00,-1478.16365869
2018-03-27 02:21:00,-1478.16365869
2018-03-27 02:22:00,-1478.16365869
2018-03-27 02:23:00,-1478.16365869
2018-03-27 02:24:00,-1488.4465077
2018-03-27 02:25:00,-1488.4465077
2018-03-27 02:26:00,-1478.16365869
2018-03-27 02:27:00,-1457.59796066
2018-03-27 02:28:00,-1478.16365869
2018-03-27 02:29:00,-1467.88080967
2018-03-27 02:30:00,-1467.88080967
2018-03-27 02:31:00,-1457.59796066
2018-03-27 02:32:00,-1457.59796066
2018-03-27 02:33:00,-1457.59796066
2018-03-27 02:34:00,-1416.46656461
2018-03-27 02:35:00,-1416.46656461
2018-03-27 02:36:00,-1416.46656461
2018-03-27 02:37:00,-1416.46656461
2018-03-27 02:38:00,-1416.46656461
2018-03-27 02:39:00,-1375.33516856
2018-03-27 02:40:00,-1375.33516856
2018-03-27 02:41:00,-1375.33516856
2018-03-27 02:42:00,-1375.33516856
2018-03-27 02:43:00,-1375.33516856
2018-03-27 02:44:00,-1375.33516856
2018-03-27 02:45:00,-1354.76947054
2018-03-27 02:46:00,-1354.76947054
2018-03-27 02:47:00,-1354.76947054
2018-03-27 02:48:00,-1354.76947054
2018-03-27 02:49:00,-1354.76947054
2018-03-27 02:50:00,-1354.76947054
2018-03-27 02:51:00,-1354.76947054
2018-03-27 02:52:00,-1354.76947054
2018-03-27 02:53:00,-1354.76947054
2018-03-27 02:54:00,-1354.76947054
2018-03-27 02:55:00,-1354.76947054
2018-03-27 02:56:00,-1354.76947054
2018-03-27 02:57:00,-1354.76947054
2018-03-27 02:58:00,-1354.76947054
2018-03-27 02:59:00,-1354.76947054
2018-03-27 03:00:00,-1354.76947054
2018-03-27 03:01:00,-1354.76947054
2018-03-27 03:02:00,-1354.76947054
2018-03-27 03:03:00,-1354.76947054
2018-03-27 03:04:00,-1354.76947054
2018-03-27 03:05:00,-1354.76947054
2018-03-27 03:06:00,-1354.76947054
2018-03-27 03:07:00,-1344.48662152
2018-03-27 03:08:00,-1334.20377251
2018-03-27 03:09:00,-1344.48662152
2018-03-27 03:10:00,-1334.20377251
2018-03-27 03:11:00,-1344.48662152
2018-03-27 03:12:00,-1323.9209235
2018-03-27 03:13:00,-1313.63807449
2018-03-27 03:14:00,-1313.63807449
2018-03-27 03:15:00,-1293.07237646
2018-03-27 03:16:00,-1282.78952745
2018-03-27 03:17:00,-1272.50667844
2018-03-27 03:18:00,-1293.07237646
2018-03-27 03:19:00,-1293.07237646
2018-03-27 03:20:00,-1293.07237646
2018-03-27 03:21:00,-1293.07237646
2018-03-27 03:22:00,-1293.07237646
2018-03-27 03:23:00,-1272.50667844
2018-03-27 03:24:00,-1293.07237646
2018-03-27 03:25:00,-1293.07237646
2018-03-27 03:26:00,-1293.07237646
2018-03-27 03:27:00,-1293.07237646
2018-03-27 03:28:00,-1293.07237646
2018-03-27 03:29:00,-1354.76947054
2018-03-27 03:30:00,-1365.05231955
2018-03-27 03:31:00,-1365.05231955
2018-03-27 03:32:00,-1375.33516856
2018-03-27 03:33:00,-1375.33516856
2018-03-27 03:34:00,-1375.33516856
2018-03-27 03:35:00,-1365.05231955
2018-03-27 03:36:00,-1365.05231955
2018-03-27 03:37:00,-1375.33516856
2018-03-27 03:38:00,-1375.33516856
2018-03-27 03:39:00,-1375.33516856
2018-03-27 03:40:00,-1395.90086659
2018-03-27 03:41:00,-1395.90086659
2018-03-27 03:42:00,-1395.90086659
2018-03-27 03:43:00,-1395.90086659
2018-03-27 03:44:00,-1395.90086659
2018-03-27 03:45:00,-1395.90086659
2018-03-27 03:46:00,-1395.90086659
2018-03-27 03:47:00,-1395.90086659
2018-03-27 03:48:00,-1395.90086659
2018-03-27 03:49:00,-1395.90086659
2018-03-27 03:50:00,-1395.90086659
2018-03-27 03:51:00,-1395.90086659
2018-03-27 03:52:00,-1395.90086659
2018-03-27 03:53:00,-1395.90086659
2018-03-27 03:54:00,-1375.33516856
2018-03-27 03:55:00,-1375.33516856
2018-03-27 03:56:00,-1375.33516856
2018-03-27 03:57:00,-1375.33516856
2018-03-27 03:58:00,-1375.33516856
2018-03-27 03:59:00,-1375.33516856
2018-03-27 04:00:00,-1354.76947054
2018-03-27 04:01:00,-1375.33516856
2018-03-27 04:02:00,-1375.33516856
2018-03-27 04:03:00,-1375.33516856
2018-03-27 04:04:00,-1375.33516856
2018-03-27 04:05:00,-1375.33516856
2018-03-27 04:06:00,-1375.33516856
2018-03-27 04:07:00,-1375.33516856
2018-03-27 04:08:00,-1395.90086659
2018-03-27 04:09:00,-1395.90086659
2018-03-27 04:10:00,-1395.90086659
2018-03-27 04:11:00,-1375.33516856
2018-03-27 04:12:00,-1375.33516856
2018-03-27 04:13:00,-1375.33516856
2018-03-27 04:14:00,-1375.33516856
2018-03-27 04:15:00,-1375.33516856
2018-03-27 04:16:00,-1375.33516856
2018-03-27 04:17:00,-1395.90086659
2018-03-27 04:18:00,-1395.90086659
2018-03-27 04:19:00,-1375.33516856
2018-03-27 04:20:00,-1375.33516856
2018-03-27 04:21:00,-1375.33516856
2018-03-27 04:22:00,-1385.61801757
2018-03-27 04:23:00,-1385.61801757
2018-03-27 04:24:00,-1385.61801757
2018-03-27 04:25:00,-1385.61801757
2018-03-27 04:26:00,-1375.33516856
2018-03-27 04:27:00,-1375.33516856
2018-03-27 04:28:00,-1395.90086659
2018-03-27 04:29:00,-1375.33516856
2018-03-27 04:30:00,-1375.33516856
2018-03-27 04:31:00,-1385.61801757
2018-03-27 04:32:00,-1385.61801757
2018-03-27 04:33:00,-1375.33516856
2018-03-27 04:34:00,-1395.90086659
2018-03-27 04:35:00,-1395.90086659
2018-03-27 04:36:00,-1395.90086659
2018-03-27 04:37:00,-1395.90086659
2018-03-27 04:38:00,-1395.90086659
2018-03-27 04:39:00,-1395.90086659
2018-03-27 04:40:00,-1395.90086659
2018-03-27 04:41:00,-1375.33516856
2018-03-27 04:42:00,-1375.33516856
2018-03-27 04:43:00,-1375.33516856
2018-03-27 04:44:00,-1375.33516856
2018-03-27 04:45:00,-1375.33516856
2018-03-27 04:46:00,-1334.20377251
2018-03-27 04:47:00,-1313.63807449
2018-03-27 04:48:00,-1313.63807449
2018-03-27 04:49:00,-1313.63807449
2018-03-27 04:50:00,-1313.63807449
2018-03-27 04:51:00,-1313.63807449
2018-03-27 04:52:00,-1334.20377251
2018-03-27 04:53:00,-1334.20377251
2018-03-27 04:54:00,-1334.20377251
2018-03-27 04:55:00,-1334.20377251
2018-03-27 04:56:00,-1334.20377251
2018-03-27 04:57:00,-1334.20377251
2018-03-27 04:58:00,-1344.48662152
2018-03-27 04:59:00,-1344.48662152
2018-03-27 05:00:00,-1354.76947054
2018-03-27 05:01:00,-1344.48662152
2018-03-27 05:02:00,-1344.48662152
2018-03-27 05:03:00,-1344.48662152
2018-03-27 05:04:00,-1344.48662152
2018-03-27 05:05:00,-1344.48662152
2018-03-27 05:06:00,-1354.76947054
2018-03-27 05:07:00,-1354.76947054
2018-03-27 05:08:00,-1354.76947054
2018-03-27 05:09:00,-1354.76947054
2018-03-27 05:10:00,-1334.20377251
2018-03-27 05:11:00,-1323.9209235
2018-03-27 05:12:00,-1323.9209235
2018-03-27 05:13:00,-1323.9209235
2018-03-27 05:14:00,-1323.9209235
2018-03-27 05:15:00,-1323.9209235
2018-03-27 05:16:00,-1334.20377251
2018-03-27 05:17:00,-1323.9209235
2018-03-27 05:18:00,-1323.9209235
2018-03-27 05:19:00,-1323.9209235
2018-03-27 05:20:00,-1323.9209235
2018-03-27 05:21:00,-1323.9209235
2018-03-27 05:22:00,-1323.9209235
2018-03-27 05:23:00,-1323.9209235
2018-03-27 05:24:00,-1313.63807449
2018-03-27 05:25:00,-1313.63807449
2018-03-27 05:26:00,-1313.63807449
2018-03-27 05:27:00,-1313.63807449
2018-03-27 05:28:00,-1334.20377251
2018-03-27 05:29:00,-1334.20377251
2018-03-27 05:30:00,-1334.20377251
2018-03-27 05:31:00,-1334.20377251
2018-03-27 05:32:00,-1334.20377251
2018-03-27 05:33:00,-1334.20377251
2018-03-27 05:34:00,-1334.20377251
2018-03-27 05:35:00,-1334.20377251
2018-03-27 05:36:00,-1334.20377251
2018-03-27 05:37:00,-1334.20377251
2018-03-27 05:38:00,-1313.63807449
2018-03-27 05:39:00,-1334.20377251
2018-03-27 05:40:00,-1334.20377251
2018-03-27 05:41:00,-1334.20377251
2018-03-27 05:42:00,-1334.20377251
2018-03-27 05:43:00,-1334.20377251
2018-03-27 05:44:00,-1293.07237646
2018-03-27 05:45:00,-1293.07237646
2018-03-27 05:46:00,-1293.07237646
2018-03-27 05:47:00,-1293.07237646
2018-03-27 05:48:00,-1293.07237646
2018-03-27 05:49:00,-1293.07237646
2018-03-27 05:50:00,-1293.07237646
2018-03-27 05:51:00,-1293.07237646
2018-03-27 05:52:00,-1334.20377251
2018-03-27 05:53:00,-1334.20377251
2018-03-27 05:54:00,-1313.63807449
2018-03-27 05:55:00,-1365.05231955
2018-03-27 05:56:00,-1375.33516856
2018-03-27 05:57:00,-1375.33516856
2018-03-27 05:58:00,-1375.33516856
2018-03-27 05:59:00,-1385.61801757
2018-03-27 06:00:00,-1385.61801757
2018-03-27 06:01:00,-1385.61801757
2018-03-27 06:02:00,-1354.76947054
2018-03-27 06:03:00,-1375.33516856
2018-03-27 06:04:00,-1375.33516856
2018-03-27 06:05:00,-1375.33516856
2018-03-27 06:06:00,-1375.33516856
2018-03-27 06:07:00,-1375.33516856
2018-03-27 06:08:00,-1375.33516856
2018-03-27 06:09:00,-1395.90086659
2018-03-27 06:10:00,-1437.03226264
2018-03-27 06:11:00,-1437.03226264
2018-03-27 06:12:00,-1437.03226264
2018-03-27 06:13:00,-1457.59796066
2018-03-27 06:14:00,-1498.72935671
2018-03-27 06:15:00,-1478.16365869
2018-03-27 06:16:00,-1498.72935671
2018-03-27 06:17:00,-1498.72935671
2018-03-27 06:18:00,-1498.72935671
2018-03-27 06:19:00,-1467.88080967
2018-03-27 06:20:00,-1467.88080967
2018-03-27 06:21:00,-1467.88080967
2018-03-27 06:22:00,-1478.16365869
2018-03-27 06:23:00,-1478.16365869
2018-03-27 06:24:00,-1529.57790375
2018-03-27 06:25:00,-1539.86075276
2018-03-27 06:26:00,-1529.57790375
2018-03-27 06:27:00,-1498.72935671
2018-03-27 06:28:00,-1519.29505474
2018-03-27 06:29:00,-1519.29505474
2018-03-27 06:30:00,-1498.72935671
2018-03-27 06:31:00,-1478.16365869
2018-03-27 06:32:00,-1488.4465077
2018-03-27 06:33:00,-1488.4465077
2018-03-27 06:34:00,-1488.4465077
2018-03-27 06:35:00,-1498.72935671
2018-03-27 06:36:00,-1467.88080967
2018-03-27 06:37:00,-1478.16365869
2018-03-27 06:38:00,-1488.4465077
2018-03-27 06:39:00,-1488.4465077
2018-03-27 06:40:00,-1488.4465077
2018-03-27 06:41:00,-1467.88080967
2018-03-27 06:42:00,-1467.88080967
2018-03-27 06:43:00,-1478.16365869
2018-03-27 06:44:00,-1478.16365869
2018-03-27 06:45:00,-1447.31511165
2018-03-27 06:46:00,-1457.59796066
2018-03-27 06:47:00,-1457.59796066
2018-03-27 06:48:00,-1467.88080967
2018-03-27 06:49:00,-1467.88080967
2018-03-27 06:50:00,-1467.88080967
2018-03-27 06:51:00,-1488.4465077
2018-03-27 06:52:00,-1478.16365869
2018-03-27 06:53:00,-1478.16365869
2018-03-27 06:54:00,-1478.16365869
2018-03-27 06:55:00,-1478.16365869
2018-03-27 06:56:00,-1478.16365869
2018-03-27 06:57:00,-1478.16365869
2018-03-27 06:58:00,-1478.16365869
2018-03-27 06:59:00,-1437.03226264
2018-03-27 07:00:00,-1437.03226264
2018-03-27 07:01:00,-1426.74941362
2018-03-27 07:02:00,-1426.74941362
2018-03-27 07:03:00,-1447.31511165
2018-03-27 07:04:00,-1426.74941362
2018-03-27 07:05:00,-1426.74941362
2018-03-27 07:06:00,-1457.59796066
2018-03-27 07:07:00,-1457.59796066
2018-03-27 07:08:00,-1457.59796066
2018-03-27 07:09:00,-1426.74941362
2018-03-27 07:10:00,-1416.46656461
2018-03-27 07:11:00,-1426.74941362
2018-03-27 07:12:00,-1416.46656461
2018-03-27 07:13:00,-1416.46656461
2018-03-27 07:14:00,-1426.74941362
2018-03-27 07:15:00,-1457.59796066
2018-03-27 07:16:00,-1437.03226264
2018-03-27 07:17:00,-1437.03226264
2018-03-27 07:18:00,-1447.31511165
2018-03-27 07:19:00,-1437.03226264
2018-03-27 07:20:00,-1437.03226264
2018-03-27 07:21:00,-1416.46656461
2018-03-27 07:22:00,-1416.46656461
2018-03-27 07:23:00,-1416.46656461
2018-03-27 07:24:00,-1426.74941362
2018-03-27 07:25:00,-1426.74941362
2018-03-27 07:26:00,-1416.46656461
2018-03-27 07:27:00,-1416.46656461
2018-03-27 07:28:00,-1416.46656461
2018-03-27 07:29:00,-1416.46656461
2018-03-27 07:30:00,-1416.46656461
2018-03-27 07:31:00,-1416.46656461
2018-03-27 07:32:00,-1416.46656461
2018-03-27 07:33:00,-1416.46656461
2018-03-27 07:34:00,-1416.46656461
2018-03-27 07:35:00,-1416.46656461
2018-03-27 07:36:00,-1416.46656461
2018-03-27 07:37:00,-1416.46656461
2018-03-27 07:38:00,-1416.46656461
2018-03-27 07:39:00,-1416.46656461
2018-03-27 07:40:00,-1416.46656461
2018-03-27 07:41:00,-1416.46656461
2018-03-27 07:42:00,-1416.46656461
2018-03-27 07:43:00,-1416.46656461
2018-03-27 07:44:00,-1416.46656461
2018-03-27 07:45:00,-1416.46656461
2018-03-27 07:46:00,-1416.46656461
2018-03-27 07:47:00,-1416.46656461
2018-03-27 07:48:00,-1416.46656461
2018-03-27 07:49:00,-1416.46656461
2018-03-27 07:50:00,-1395.90086659
2018-03-27 07:51:00,-1375.33516856
2018-03-27 07:52:00,-1375.33516856
2018-03-27 07:53:00,-1375.33516856
2018-03-27 07:54:00,-1375.33516856
2018-03-27 07:55:00,-1354.76947054
2018-03-27 07:56:00,-1354.76947054
2018-03-27 07:57:00,-1354.76947054
2018-03-27 07:58:00,-1354.76947054
2018-03-27 07:59:00,-1365.05231955
2018-03-27 08:00:00,-1354.76947054
2018-03-27 08:01:00,-1375.33516856
2018-03-27 08:02:00,-1375.33516856
2018-03-27 08:03:00,-1375.33516856
2018-03-27 08:04:00,-1375.33516856
2018-03-27 08:05:00,-1385.61801757
2018-03-27 08:06:00,-1385.61801757
2018-03-27 08:07:00,-1375.33516856
2018-03-27 08:08:00,-1375.33516856
2018-03-27 08:09:00,-1375.33516856
2018-03-27 08:10:00,-1375.33516856
2018-03-27 08:11:00,-1375.33516856
2018-03-27 08:12:00,-1395.90086659
2018-03-27 08:13:00,-1395.90086659
2018-03-27 08:14:00,-1375.33516856
2018-03-27 08:15:00,-1375.33516856
2018-03-27 08:16:00,-1354.76947054
2018-03-27 08:17:00,-1354.76947054
2018-03-27 08:18:00,-1354.76947054
2018-03-27 08:19:00,-1365.05231955
2018-03-27 08:20:00,-1354.76947054
2018-03-27 08:21:00,-1354.76947054
2018-03-27 08:22:00,-1354.76947054
2018-03-27 08:23:00,-1354.76947054
2018-03-27 08:24:00,-1354.76947054
2018-03-27 08:25:00,-1354.76947054
2018-03-27 08:26:00,-1354.76947054
2018-03-27 08:27:00,-1354.76947054
2018-03-27 08:28:00,-1354.76947054
2018-03-27 08:29:00,-1365.05231955
2018-03-27 08:30:00,-1365.05231955
2018-03-27 08:31:00,-1354.76947054
2018-03-27 08:32:00,-1354.76947054
2018-03-27 08:33:00,-1354.76947054
2018-03-27 08:34:00,-1354.76947054
2018-03-27 08:35:00,-1354.76947054
2018-03-27 08:36:00,-1354.76947054
2018-03-27 08:37:00,-1354.76947054
2018-03-27 08:38:00,-1354.76947054
2018-03-27 08:39:00,-1365.05231955
2018-03-27 08:40:00,-1323.9209235
2018-03-27 08:41:00,-1323.9209235
2018-03-27 08:42:00,-1293.07237646
2018-03-27 08:43:00,-1303.35522547
2018-03-27 08:44:00,-1303.35522547
2018-03-27 08:45:00,-1303.35522547
2018-03-27 08:46:00,-1303.35522547
2018-03-27 08:47:00,-1313.63807449
2018-03-27 08:48:00,-1303.35522547
2018-03-27 08:49:00,-1344.48662152
2018-03-27 08:50:00,-1334.20377251
2018-03-27 08:51:00,-1375.33516856
2018-03-27 08:52:00,-1385.61801757
2018-03-27 08:53:00,-1385.61801757
2018-03-27 08:54:00,-1385.61801757
2018-03-27 08:55:00,-1385.61801757
2018-03-27 08:56:00,-1385.61801757
2018-03-27 08:57:00,-1385.61801757
2018-03-27 08:58:00,-1385.61801757
2018-03-27 08:59:00,-1385.61801757
2018-03-27 09:00:00,-1375.33516856
2018-03-27 09:01:00,-1375.33516856
2018-03-27 09:02:00,-1354.76947054
2018-03-27 09:03:00,-1354.76947054
2018-03-27 09:04:00,-1375.33516856
2018-03-27 09:05:00,-1365.05231955
2018-03-27 09:06:00,-1365.05231955
2018-03-27 09:07:00,-1375.33516856
2018-03-27 09:08:00,-1375.33516856
2018-03-27 09:09:00,-1354.76947054
2018-03-27 09:10:00,-1354.76947054
2018-03-27 09:11:00,-1354.76947054
2018-03-27 09:12:00,-1334.20377251
2018-03-27 09:13:00,-1344.48662152
2018-03-27 09:14:00,-1344.48662152
2018-03-27 09:15:00,-1334.20377251
2018-03-27 09:16:00,-1334.20377251
2018-03-27 09:17:00,-1344.48662152
2018-03-27 09:18:00,-1365.05231955
2018-03-27 09:19:00,-1426.74941362
2018-03-27 09:20:00,-1416.46656461
2018-03-27 09:21:00,-1416.46656461
2018-03-27 09:22:00,-1416.46656461
2018-03-27 09:23:00,-1416.46656461
2018-03-27 09:24:00,-1416.46656461
2018-03-27 09:25:00,-1426.74941362
2018-03-27 09:26:00,-1416.46656461
2018-03-27 09:27:00,-1416.46656461
2018-03-27 09:28:00,-1416.46656461
2018-03-27 09:29:00,-1437.03226264
2018-03-27 09:30:00,-1437.03226264
2018-03-27 09:31:00,-1457.59796066
2018-03-27 09:32:00,-1437.03226264
2018-03-27 09:33:00,-1416.46656461
2018-03-27 09:34:00,-1426.74941362
2018-03-27 09:35:00,-1416.46656461
2018-03-27 09:36:00,-1416.46656461
2018-03-27 09:37:00,-1416.46656461
2018-03-27 09:38:00,-1426.74941362
2018-03-27 09:39:00,-1426.74941362
2018-03-27 09:40:00,-1437.03226264
2018-03-27 09:41:00,-1437.03226264
2018-03-27 09:42:00,-1437.03226264
2018-03-27 09:43:00,-1437.03226264
2018-03-27 09:44:00,-1437.03226264
2018-03-27 09:45:00,-1437.03226264
2018-03-27 09:46:00,-1437.03226264
2018-03-27 09:47:00,-1437.03226264
2018-03-27 09:48:00,-1437.03226264
2018-03-27 09:49:00,-1437.03226264
2018-03-27 09:50:00,-1437.03226264
2018-03-27 09:51:00,-1416.46656461
2018-03-27 09:52:00,-1426.74941362
2018-03-27 09:53:00,-1416.46656461
2018-03-27 09:54:00,-1426.74941362
2018-03-27 09:55:00,-1437.03226264
2018-03-27 09:56:00,-1437.03226264
2018-03-27 09:57:00,-1437.03226264
2018-03-27 09:58:00,-1437.03226264
2018-03-27 09:59:00,-1416.46656461
2018-03-27 10:00:00,-1406.1837156
2018-03-27 10:01:00,-1416.46656461
2018-03-27 10:02:00,-1416.46656461
2018-03-27 10:03:00,-1416.46656461
2018-03-27 10:04:00,-1406.1837156
2018-03-27 10:05:00,-1416.46656461
2018-03-27 10:06:00,-1416.46656461
2018-03-27 10:07:00,-1416.46656461
2018-03-27 10:08:00,-1416.46656461
2018-03-27 10:09:00,-1416.46656461
2018-03-27 10:10:00,-1416.46656461
2018-03-27 10:11:00,-1416.46656461
2018-03-27 10:12:00,-1416.46656461
2018-03-27 10:13:00,-1416.46656461
2018-03-27 10:14:00,-1416.46656461
2018-03-27 10:15:00,-1416.46656461
2018-03-27 10:16:00,-1406.1837156
2018-03-27 10:17:00,-1416.46656461
2018-03-27 10:18:00,-1395.90086659
2018-03-27 10:19:00,-1395.90086659
2018-03-27 10:20:00,-1395.90086659
2018-03-27 10:21:00,-1395.90086659
2018-03-27 10:22:00,-1395.90086659
2018-03-27 10:23:00,-1395.90086659
2018-03-27 10:24:00,-1395.90086659
2018-03-27 10:25:00,-1395.90086659
2018-03-27 10:26:00,-1406.1837156
2018-03-27 10:27:00,-1395.90086659
2018-03-27 10:28:00,-1395.90086659
2018-03-27 10:29:00,-1395.90086659
2018-03-27 10:30:00,-1395.90086659
2018-03-27 10:31:00,-1395.90086659
2018-03-27 10:32:00,-1406.1837156
2018-03-27 10:33:00,-1395.90086659
2018-03-27 10:34:00,-1395.90086659
2018-03-27 10:35:00,-1354.76947054
2018-03-27 10:36:00,-1365.05231955
2018-03-27 10:37:00,-1365.05231955
2018-03-27 10:38:00,-1395.90086659
2018-03-27 10:39:00,-1375.33516856
2018-03-27 10:40:00,-1375.33516856
2018-03-27 10:41:00,-1375.33516856
2018-03-27 10:42:00,-1375.33516856
2018-03-27 10:43:00,-1375.33516856
2018-03-27 10:44:00,-1395.90086659
2018-03-27 10:45:00,-1375.33516856
2018-03-27 10:46:00,-1375.33516856
2018-03-27 10:47:00,-1375.33516856
2018-03-27 10:48:00,-1395.90086659
2018-03-27 10:49:00,-1395.90086659
2018-03-27 10:50:00,-1395.90086659
2018-03-27 10:51:00,-1375.33516856
2018-03-27 10:52:00,-1385.61801757
2018-03-27 10:53:00,-1375.33516856
2018-03-27 10:54:00,-1375.33516856
2018-03-27 10:55:00,-1375.33516856
2018-03-27 10:56:00,-1354.76947054
2018-03-27 10:57:00,-1375.33516856
2018-03-27 10:58:00,-1354.76947054
2018-03-27 10:59:00,-1354.76947054
2018-03-27 11:00:00,-1375.33516856
2018-03-27 11:01:00,-1375.33516856
2018-03-27 11:02:00,-1354.76947054
2018-03-27 11:03:00,-1334.20377251
2018-03-27 11:04:00,-1344.48662152
2018-03-27 11:05:00,-1344.48662152
2018-03-27 11:06:00,-1344.48662152
2018-03-27 11:07:00,-1334.20377251
2018-03-27 11:08:00,-1334.20377251
2018-03-27 11:09:00,-1334.20377251
2018-03-27 11:10:00,-1334.20377251
2018-03-27 11:11:00,-1344.48662152
2018-03-27 11:12:00,-1344.48662152
2018-03-27 11:13:00,-1344.48662152
2018-03-27 11:14:00,-1344.48662152
2018-03-27 11:15:00,-1375.33516856
2018-03-27 11:16:00,-1354.76947054
2018-03-27 11:17:00,-1375.33516856
2018-03-27 11:18:00,-1395.90086659
2018-03-27 11:19:00,-1375.33516856
2018-03-27 11:20:00,-1395.90086659
2018-03-27 11:21:00,-1354.76947054
2018-03-27 11:22:00,-1354.76947054
2018-03-27 11:23:00,-1365.05231955
2018-03-27 11:24:00,-1365.05231955
2018-03-27 11:25:00,-1354.76947054
2018-03-27 11:26:00,-1354.76947054
2018-03-27 11:27:00,-1354.76947054
2018-03-27 11:28:00,-1354.76947054
2018-03-27 11:29:00,-1354.76947054
2018-03-27 11:30:00,-1365.05231955
2018-03-27 11:31:00,-1365.05231955
2018-03-27 11:32:00,-1375.33516856
2018-03-27 11:33:00,-1375.33516856
2018-03-27 11:34:00,-1354.76947054
2018-03-27 11:35:00,-1375.33516856
2018-03-27 11:36:00,-1375.33516856
2018-03-27 11:37:00,-1375.33516856
2018-03-27 11:38:00,-1354.76947054
2018-03-27 11:39:00,-1354.76947054
2018-03-27 11:40:00,-1375.33516856
2018-03-27 11:41:00,-1375.33516856
2018-03-27 11:42:00,-1375.33516856
2018-03-27 11:43:00,-1375.33516856
2018-03-27 11:44:00,-1375.33516856
2018-03-27 11:45:00,-1375.33516856
2018-03-27 11:46:00,-1375.33516856
2018-03-27 11:47:00,-1375.33516856
2018-03-27 11:48:00,-1375.33516856
2018-03-27 11:49:00,-1375.33516856
2018-03-27 11:50:00,-1354.76947054
2018-03-27 11:51:00,-1354.76947054
2018-03-27 11:52:00,-1354.76947054
2018-03-27 11:53:00,-1354.76947054
2018-03-27 11:54:00,-1354.76947054
2018-03-27 11:55:00,-1354.76947054
2018-03-27 11:56:00,-1354.76947054
2018-03-27 11:57:00,-1354.76947054
2018-03-27 11:58:00,-1354.76947054
2018-03-27 11:59:00,-1365.05231955
2018-03-28 01:29:00,-1385.61719495
2018-03-28 01:30:00,-1385.61719495
2018-03-28 01:31:00,-1385.61719495
2018-03-28 01:32:00,-1385.61719495
2018-03-28 01:33:00,-1385.61719495
2018-03-28 01:34:00,-1385.61719495
2018-03-28 01:35:00,-1385.61719495
2018-03-28 01:36:00,-1385.61719495
2018-03-28 01:37:00,-1385.61719495
2018-03-28 01:38:00,-1385.61719495
2018-03-28 01:39:00,-1385.61719495
2018-03-28 01:40:00,-1385.61719495
2018-03-28 01:41:00,-1385.61719495
2018-03-28 01:42:00,-1385.61719495
2018-03-28 01:43:00,-1385.61719495
2018-03-28 01:44:00,-1385.61719495
2018-03-28 01:45:00,-1272.50585581
2018-03-28 01:46:00,-1272.50585581
2018-03-28 01:47:00,-1272.50585581
2018-03-28 01:48:00,-1272.50585581
2018-03-28 01:49:00,-1262.2230068
2018-03-28 01:50:00,-1272.50585581
2018-03-28 01:51:00,-1272.50585581
2018-03-28 01:52:00,-1272.50585581
2018-03-28 01:53:00,-1262.2230068
2018-03-28 01:54:00,-1262.2230068
2018-03-28 01:55:00,-1262.2230068
2018-03-28 01:56:00,-1221.09161075
2018-03-28 01:57:00,-1231.37445976
2018-03-28 01:58:00,-1241.65730877
2018-03-28 01:59:00,-1241.65730877
2018-03-28 02:00:00,-1251.94015778
2018-03-28 02:01:00,-1241.65730877
2018-03-28 02:02:00,-1241.65730877
2018-03-28 02:03:00,-1251.94015778
2018-03-28 02:04:00,-1262.2230068
2018-03-28 02:05:00,-1241.65730877
2018-03-28 02:06:00,-1241.65730877
2018-03-28 02:07:00,-1241.65730877
2018-03-28 02:08:00,-1241.65730877
2018-03-28 02:09:00,-1241.65730877
2018-03-28 02:10:00,-1241.65730877
2018-03-28 02:11:00,-1221.09161075
2018-03-28 02:12:00,-1241.65730877
2018-03-28 02:13:00,-1221.09161075
2018-03-28 02:14:00,-1200.52591272
2018-03-28 02:15:00,-1190.24306371
2018-03-28 02:16:00,-1190.24306371
2018-03-28 02:17:00,-1190.24306371
2018-03-28 02:18:00,-1169.67736568
2018-03-28 02:19:00,-1169.67736568
2018-03-28 02:20:00,-1169.67736568
2018-03-28 02:21:00,-1138.82881865
2018-03-28 02:22:00,-1149.11166766
2018-03-28 02:23:00,-1138.82881865
2018-03-28 02:24:00,-1159.39451667
2018-03-28 02:25:00,-1159.39451667
2018-03-28 02:26:00,-1149.11166766
2018-03-28 02:27:00,-1149.11166766
2018-03-28 02:28:00,-1128.54596963
2018-03-28 02:29:00,-1107.98027161
2018-03-28 02:30:00,-1097.6974226
2018-03-28 02:31:00,-1097.6974226
2018-03-28 02:32:00,-1097.6974226
2018-03-28 02:33:00,-1077.13172457
2018-03-28 02:34:00,-1066.84887556
2018-03-28 02:35:00,-1046.28317753
2018-03-28 02:36:00,-1046.28317753
2018-03-28 02:37:00,-1046.28317753
2018-03-28 02:38:00,-1066.84887556
2018-03-28 02:39:00,-1087.41457358
2018-03-28 02:40:00,-1087.41457358
2018-03-28 02:41:00,-1066.84887556
2018-03-28 02:42:00,-1036.00032852
2018-03-28 02:43:00,-1015.4346305
2018-03-28 02:44:00,-1015.4346305
2018-03-28 02:45:00,-1015.4346305
2018-03-28 02:46:00,-1015.4346305
2018-03-28 02:47:00,-1036.00032852
2018-03-28 02:48:00,-1046.28317753
2018-03-28 02:49:00,-1046.28317753
2018-03-28 02:50:00,-1005.15178148
2018-03-28 02:51:00,-1036.00032852
2018-03-28 02:52:00,-1046.28317753
2018-03-28 02:53:00,-1046.28317753
2018-03-28 02:54:00,-1046.28317753
2018-03-28 02:55:00,-1046.28317753
2018-03-28 02:56:00,-1056.56602655
2018-03-28 02:57:00,-1056.56602655
2018-03-28 02:58:00,-1077.13172457
2018-03-28 02:59:00,-1077.13172457
2018-03-28 03:00:00,-1066.84887556
2018-03-28 03:01:00,-1077.13172457
2018-03-28 03:02:00,-1077.13172457
2018-03-28 03:03:00,-1077.13172457
2018-03-28 03:04:00,-1097.6974226
2018-03-28 03:05:00,-1097.6974226
2018-03-28 03:06:00,-1097.6974226
2018-03-28 03:07:00,-1097.6974226
2018-03-28 03:08:00,-1107.98027161
2018-03-28 03:09:00,-1107.98027161
2018-03-28 03:10:00,-1087.41457358
2018-03-28 03:11:00,-1087.41457358
2018-03-28 03:12:00,-1066.84887556
2018-03-28 03:13:00,-1087.41457358
2018-03-28 03:14:00,-1087.41457358
2018-03-28 03:15:00,-1087.41457358
2018-03-28 03:16:00,-1087.41457358
2018-03-28 03:17:00,-1097.6974226
2018-03-28 03:18:00,-1097.6974226
2018-03-28 03:19:00,-1107.98027161
2018-03-28 03:20:00,-1107.98027161
2018-03-28 03:21:00,-1107.98027161
2018-03-28 03:22:00,-1097.6974226
2018-03-28 03:23:00,-1097.6974226
2018-03-28 03:24:00,-1087.41457358
2018-03-28 03:25:00,-1097.6974226
2018-03-28 03:26:00,-1097.6974226
2018-03-28 03:27:00,-1087.41457358
2018-03-28 03:28:00,-1087.41457358
2018-03-28 03:29:00,-1087.41457358
2018-03-28 03:30:00,-1087.41457358
2018-03-28 03:31:00,-1087.41457358
2018-03-28 03:32:00,-1097.6974226
2018-03-28 03:33:00,-1097.6974226
2018-03-28 03:34:00,-1097.6974226
2018-03-28 03:35:00,-1087.41457358
2018-03-28 03:36:00,-1087.41457358
2018-03-28 03:37:00,-1087.41457358
2018-03-28 03:38:00,-1087.41457358
2018-03-28 03:39:00,-1087.41457358
2018-03-28 03:40:00,-1087.41457358
2018-03-28 03:41:00,-1087.41457358
2018-03-28 03:42:00,-1087.41457358
2018-03-28 03:43:00,-1087.41457358
2018-03-28 03:44:00,-1087.41457358
2018-03-28 03:45:00,-1087.41457358
2018-03-28 03:46:00,-1087.41457358
2018-03-28 03:47:00,-1087.41457358
2018-03-28 03:48:00,-1097.6974226
2018-03-28 03:49:00,-1087.41457358
2018-03-28 03:50:00,-1107.98027161
2018-03-28 03:51:00,-1087.41457358
2018-03-28 03:52:00,-1087.41457358
2018-03-28 03:53:00,-1087.41457358
2018-03-28 03:54:00,-1087.41457358
2018-03-28 03:55:00,-1087.41457358
2018-03-28 03:56:00,-1066.84887556
2018-03-28 03:57:00,-1087.41457358
2018-03-28 03:58:00,-1107.98027161
2018-03-28 03:59:00,-1107.98027161
2018-03-28 04:00:00,-1107.98027161
2018-03-28 04:01:00,-1107.98027161
2018-03-28 04:02:00,-1097.6974226
2018-03-28 04:03:00,-1097.6974226
2018-03-28 04:04:00,-1097.6974226
2018-03-28 04:05:00,-1097.6974226
2018-03-28 04:06:00,-1097.6974226
2018-03-28 04:07:00,-1097.6974226
2018-03-28 04:08:00,-1107.98027161
2018-03-28 04:09:00,-1107.98027161
2018-03-28 04:10:00,-1107.98027161
2018-03-28 04:11:00,-1107.98027161
2018-03-28 04:12:00,-1118.26312062
2018-03-28 04:13:00,-1107.98027161
2018-03-28 04:14:00,-1107.98027161
2018-03-28 04:15:00,-1107.98027161
2018-03-28 04:16:00,-1107.98027161
2018-03-28 04:17:00,-1087.41457358
2018-03-28 04:18:00,-1097.6974226
2018-03-28 04:19:00,-1087.41457358
2018-03-28 04:20:00,-1087.41457358
2018-03-28 04:21:00,-1066.84887556
2018-03-28 04:22:00,-1077.13172457
2018-03-28 04:23:00,-1077.13172457
2018-03-28 04:24:00,-1087.41457358
2018-03-28 04:25:00,-1087.41457358
2018-03-28 04:26:00,-1097.6974226
2018-03-28 04:27:00,-1087.41457358
2018-03-28 04:28:00,-1087.41457358
2018-03-28 04:29:00,-1087.41457358
2018-03-28 04:30:00,-1087.41457358
2018-03-28 04:31:00,-1087.41457358
2018-03-28 04:32:00,-1087.41457358
2018-03-28 04:33:00,-1087.41457358
2018-03-28 04:34:00,-1087.41457358
2018-03-28 04:35:00,-1087.41457358
2018-03-28 04:36:00,-1066.84887556
2018-03-28 04:37:00,-1066.84887556
2018-03-28 04:38:00,-1077.13172457
2018-03-28 04:39:00,-1087.41457358
2018-03-28 04:40:00,-1087.41457358
2018-03-28 04:41:00,-1107.98027161
2018-03-28 04:42:00,-1087.41457358
2018-03-28 04:43:00,-1087.41457358
2018-03-28 04:44:00,-1087.41457358
2018-03-28 04:45:00,-1087.41457358
2018-03-28 04:46:00,-1087.41457358
2018-03-28 04:47:00,-1087.41457358
2018-03-28 04:48:00,-1087.41457358
2018-03-28 04:49:00,-1087.41457358
2018-03-28 04:50:00,-1087.41457358
2018-03-28 04:51:00,-1087.41457358
2018-03-28 04:52:00,-1087.41457358
2018-03-28 04:53:00,-1087.41457358
2018-03-28 04:54:00,-1087.41457358
2018-03-28 04:55:00,-1087.41457358
2018-03-28 04:56:00,-1087.41457358
2018-03-28 04:57:00,-1087.41457358
2018-03-28 04:58:00,-1087.41457358
2018-03-28 04:59:00,-1097.6974226
2018-03-28 05:00:00,-1097.6974226
2018-03-28 05:01:00,-1087.41457358
2018-03-28 05:02:00,-1087.41457358
2018-03-28 05:03:00,-1097.6974226
2018-03-28 05:04:00,-1087.41457358
2018-03-28 05:05:00,-1087.41457358
2018-03-28 05:06:00,-1087.41457358
2018-03-28 05:07:00,-1087.41457358
2018-03-28 05:08:00,-1087.41457358
2018-03-28 05:09:00,-1087.41457358
2018-03-28 05:10:00,-1087.41457358
2018-03-28 05:11:00,-1087.41457358
2018-03-28 05:12:00,-1087.41457358
2018-03-28 05:13:00,-1087.41457358
2018-03-28 05:14:00,-1087.41457358
2018-03-28 05:15:00,-1087.41457358
2018-03-28 05:16:00,-1087.41457358
2018-03-28 05:17:00,-1087.41457358
2018-03-28 05:18:00,-1087.41457358
2018-03-28 05:19:00,-1087.41457358
2018-03-28 05:20:00,-1087.41457358
2018-03-28 05:21:00,-1087.41457358
2018-03-28 05:22:00,-1087.41457358
2018-03-28 05:23:00,-1087.41457358
2018-03-28 05:24:00,-1087.41457358
2018-03-28 05:25:00,-1087.41457358
2018-03-28 05:26:00,-1087.41457358
2018-03-28 05:27:00,-1087.41457358
2018-03-28 05:28:00,-1087.41457358
2018-03-28 05:29:00,-1087.41457358
2018-03-28 05:30:00,-1087.41457358
2018-03-28 05:31:00,-1087.41457358
2018-03-28 05:32:00,-1087.41457358
2018-03-28 05:33:00,-1087.41457358
2018-03-28 05:34:00,-1087.41457358
2018-03-28 05:35:00,-1087.41457358
2018-03-28 05:36:00,-1087.41457358
2018-03-28 05:37:00,-1087.41457358
2018-03-28 05:38:00,-1087.41457358
2018-03-28 05:39:00,-1087.41457358
2018-03-28 05:40:00,-1087.41457358
2018-03-28 05:41:00,-1097.6974226
2018-03-28 05:42:00,-1087.41457358
2018-03-28 05:43:00,-1087.41457358
2018-03-28 05:44:00,-1087.41457358
2018-03-28 05:45:00,-1087.41457358
2018-03-28 05:46:00,-1097.6974226
2018-03-28 05:47:00,-1097.6974226
2018-03-28 05:48:00,-1097.6974226
2018-03-28 05:49:00,-1097.6974226
2018-03-28 05:50:00,-1097.6974226
2018-03-28 05:51:00,-1097.6974226
2018-03-28 05:52:00,-1107.98027161
2018-03-28 05:53:00,-1097.6974226
2018-03-28 05:54:00,-1087.41457358
2018-03-28 05:55:00,-1097.6974226
2018-03-28 05:56:00,-1097.6974226
2018-03-28 05:57:00,-1097.6974226
2018-03-28 05:58:00,-1107.98027161
2018-03-28 05:59:00,-1118.26312062
2018-03-28 06:00:00,-1097.6974226
2018-03-28 06:01:00,-1097.6974226
2018-03-28 06:02:00,-1097.6974226
2018-03-28 06:03:00,-1097.6974226
2018-03-28 06:04:00,-1097.6974226
2018-03-28 06:05:00,-1087.41457358
2018-03-28 06:06:00,-1087.41457358
2018-03-28 06:07:00,-1087.41457358
2018-03-28 06:08:00,-1066.84887556
2018-03-28 06:09:00,-1066.84887556
2018-03-28 06:10:00,-1066.84887556
2018-03-28 06:11:00,-1066.84887556
2018-03-28 06:12:00,-1066.84887556
2018-03-28 06:13:00,-1066.84887556
2018-03-28 06:14:00,-1066.84887556
2018-03-28 06:15:00,-1066.84887556
2018-03-28 06:16:00,-1066.84887556
2018-03-28 06:17:00,-1066.84887556
2018-03-28 06:18:00,-1087.41457358
2018-03-28 06:19:00,-1087.41457358
2018-03-28 06:20:00,-1087.41457358
2018-03-28 06:21:00,-1087.41457358
2018-03-28 06:22:00,-1087.41457358
2018-03-28 06:23:00,-1097.6974226
2018-03-28 06:24:00,-1107.98027161
2018-03-28 06:25:00,-1087.41457358
2018-03-28 06:26:00,-1087.41457358
2018-03-28 06:27:00,-1087.41457358
2018-03-28 06:28:00,-1087.41457358
2018-03-28 06:29:00,-1087.41457358
2018-03-28 06:30:00,-1087.41457358
2018-03-28 06:31:00,-1087.41457358
2018-03-28 06:32:00,-1087.41457358
2018-03-28 06:33:00,-1087.41457358
2018-03-28 06:34:00,-1087.41457358
2018-03-28 06:35:00,-1087.41457358
2018-03-28 06:36:00,-1087.41457358
2018-03-28 06:37:00,-1087.41457358
2018-03-28 06:38:00,-1087.41457358
2018-03-28 06:39:00,-1077.13172457
2018-03-28 06:40:00,-1077.13172457
2018-03-28 06:41:00,-1077.13172457
2018-03-28 06:42:00,-1077.13172457
2018-03-28 06:43:00,-1066.84887556
2018-03-28 06:44:00,-1066.84887556
2018-03-28 06:45:00,-1056.56602655
2018-03-28 06:46:00,-1066.84887556
2018-03-28 06:47:00,-1046.28317753
2018-03-28 06:48:00,-1046.28317753
2018-03-28 06:49:00,-1046.28317753
2018-03-28 06:50:00,-1025.71747951
2018-03-28 06:51:00,-1025.71747951
2018-03-28 06:52:00,-1025.71747951
2018-03-28 06:53:00,-1046.28317753
2018-03-28 06:54:00,-1046.28317753
2018-03-28 06:55:00,-1046.28317753
2018-03-28 06:56:00,-1046.28317753
2018-03-28 06:57:00,-1046.28317753
2018-03-28 06:58:00,-1036.00032852
2018-03-28 06:59:00,-1046.28317753
2018-03-28 07:00:00,-1046.28317753
2018-03-28 07:01:00,-1056.56602655
2018-03-28 07:02:00,-1056.56602655
2018-03-28 07:03:00,-1056.56602655
2018-03-28 07:04:00,-1077.13172457
2018-03-28 07:05:00,-1077.13172457
2018-03-28 07:06:00,-1066.84887556
2018-03-28 07:07:00,-1056.56602655
2018-03-28 07:08:00,-1056.56602655
2018-03-28 07:09:00,-1046.28317753
2018-03-28 07:10:00,-1025.71747951
2018-03-28 07:11:00,-1036.00032852
2018-03-28 07:12:00,-1036.00032852
2018-03-28 07:13:00,-1025.71747951
2018-03-28 07:14:00,-1025.71747951
2018-03-28 07:15:00,-1025.71747951
2018-03-28 07:16:00,-1025.71747951
2018-03-28 07:17:00,-1025.71747951
2018-03-28 07:18:00,-1025.71747951
2018-03-28 07:19:00,-1036.00032852
2018-03-28 07:20:00,-1036.00032852
2018-03-28 07:21:00,-1056.56602655
2018-03-28 07:22:00,-1056.56602655
2018-03-28 07:23:00,-1056.56602655
2018-03-28 07:24:00,-1036.00032852
2018-03-28 07:25:00,-1056.56602655
2018-03-28 07:26:00,-1036.00032852
2018-03-28 07:27:00,-1056.56602655
2018-03-28 07:28:00,-1046.28317753
2018-03-28 07:29:00,-1025.71747951
2018-03-28 07:30:00,-1046.28317753
2018-03-28 07:31:00,-1036.00032852
2018-03-28 07:32:00,-1056.56602655
2018-03-28 07:33:00,-1056.56602655
2018-03-28 07:34:00,-1056.56602655
2018-03-28 07:35:00,-1025.71747951
2018-03-28 07:36:00,-1025.71747951
2018-03-28 07:37:00,-1046.28317753
2018-03-28 07:38:00,-1066.84887556
2018-03-28 07:39:00,-1066.84887556
2018-03-28 07:40:00,-1066.84887556
2018-03-28 07:41:00,-1066.84887556
2018-03-28 07:42:00,-1025.71747951
2018-03-28 07:43:00,-1025.71747951
2018-03-28 07:44:00,-1025.71747951
2018-03-28 07:45:00,-1025.71747951
2018-03-28 07:46:00,-1015.4346305
2018-03-28 07:47:00,-1015.4346305
2018-03-28 07:48:00,-1015.4346305
2018-03-28 07:49:00,-1015.4346305
2018-03-28 07:50:00,-1025.71747951
2018-03-28 07:51:00,-1025.71747951
2018-03-28 07:52:00,-1025.71747951
2018-03-28 07:53:00,-1025.71747951
2018-03-28 07:54:00,-1025.71747951
2018-03-28 07:55:00,-1005.15178148
2018-03-28 07:56:00,-1005.15178148
2018-03-28 07:57:00,-1005.15178148
2018-03-28 07:58:00,-1005.15178148
2018-03-28 07:59:00,-1005.15178148
2018-03-28 08:00:00,-1005.15178148
2018-03-28 08:01:00,-994.868932471
2018-03-28 08:02:00,-994.868932471
2018-03-28 08:03:00,-994.868932471
2018-03-28 08:04:00,-974.303234446
2018-03-28 08:05:00,-964.020385434
2018-03-28 08:06:00,-964.020385434
2018-03-28 08:07:00,-964.020385434
2018-03-28 08:08:00,-974.303234446
2018-03-28 08:09:00,-1005.15178148
2018-03-28 08:10:00,-1005.15178148
2018-03-28 08:11:00,-1005.15178148
2018-03-28 08:12:00,-984.586083459
2018-03-28 08:13:00,-1005.15178148
2018-03-28 08:14:00,-1005.15178148
2018-03-28 08:15:00,-1005.15178148
2018-03-28 08:16:00,-1005.15178148
2018-03-28 08:17:00,-1005.15178148
2018-03-28 08:18:00,-1005.15178148
2018-03-28 08:19:00,-1005.15178148
2018-03-28 08:20:00,-994.868932471
2018-03-28 08:21:00,-984.586083459
2018-03-28 08:22:00,-984.586083459
2018-03-28 08:23:00,-984.586083459
2018-03-28 08:24:00,-984.586083459
2018-03-28 08:25:00,-984.586083459
2018-03-28 08:26:00,-964.020385434
2018-03-28 08:27:00,-964.020385434
2018-03-28 08:28:00,-943.454687409
2018-03-28 08:29:00,-964.020385434
2018-03-28 08:30:00,-933.171838396
2018-03-28 08:31:00,-922.888989384
2018-03-28 08:32:00,-964.020385434
2018-03-28 08:33:00,-953.737536421
2018-03-28 08:34:00,-933.171838396
2018-03-28 08:35:00,-933.171838396
2018-03-28 08:36:00,-933.171838396
2018-03-28 08:37:00,-933.171838396
2018-03-28 08:38:00,-922.888989384
2018-03-28 08:39:00,-933.171838396
2018-03-28 08:40:00,-922.888989384
2018-03-28 08:41:00,-922.888989384
2018-03-28 08:42:00,-943.454687409
2018-03-28 08:43:00,-943.454687409
2018-03-28 08:44:00,-943.454687409
2018-03-28 08:45:00,-943.454687409
2018-03-28 08:46:00,-943.454687409
2018-03-28 08:47:00,-943.454687409
2018-03-28 08:48:00,-943.454687409
2018-03-28 08:49:00,-984.586083459
2018-03-28 08:50:00,-984.586083459
2018-03-28 08:51:00,-984.586083459
2018-03-28 08:52:00,-984.586083459
2018-03-28 08:53:00,-974.303234446
2018-03-28 08:54:00,-964.020385434
2018-03-28 08:55:00,-964.020385434
2018-03-28 08:56:00,-974.303234446
2018-03-28 08:57:00,-974.303234446
2018-03-28 08:58:00,-984.586083459
2018-03-28 08:59:00,-1005.15178148
2018-03-28 09:00:00,-1005.15178148
2018-03-28 09:01:00,-984.586083459
2018-03-28 09:02:00,-1015.4346305
2018-03-28 09:03:00,-1015.4346305
2018-03-28 09:04:00,-994.868932471
2018-03-28 09:05:00,-984.586083459
2018-03-28 09:06:00,-994.868932471
2018-03-28 09:07:00,-994.868932471
2018-03-28 09:08:00,-994.868932471
2018-03-28 09:09:00,-994.868932471
2018-03-28 09:10:00,-994.868932471
2018-03-28 09:11:00,-994.868932471
2018-03-28 09:12:00,-984.586083459
2018-03-28 09:13:00,-984.586083459
2018-03-28 09:14:00,-984.586083459
2018-03-28 09:15:00,-984.586083459
2018-03-28 09:16:00,-984.586083459
2018-03-28 09:17:00,-984.586083459
2018-03-28 09:18:00,-984.586083459
2018-03-28 09:19:00,-984.586083459
2018-03-28 09:20:00,-964.020385434
2018-03-28 09:21:00,-964.020385434
2018-03-28 09:22:00,-953.737536421
2018-03-28 09:23:00,-953.737536421
2018-03-28 09:24:00,-922.888989384
2018-03-28 09:25:00,-943.454687409
2018-03-28 09:26:00,-943.454687409
2018-03-28 09:27:00,-943.454687409
2018-03-28 09:28:00,-943.454687409
2018-03-28 09:29:00,-943.454687409
2018-03-28 09:30:00,-953.737536421
2018-03-28 09:31:00,-964.020385434
2018-03-28 09:32:00,-943.454687409
2018-03-28 09:33:00,-933.171838396
2018-03-28 09:34:00,-943.454687409
2018-03-28 09:35:00,-943.454687409
2018-03-28 09:36:00,-922.888989384
2018-03-28 09:37:00,-922.888989384
2018-03-28 09:38:00,-922.888989384
2018-03-28 09:39:00,-922.888989384
2018-03-28 09:40:00,-922.888989384
2018-03-28 09:41:00,-912.606140371
2018-03-28 09:42:00,-922.888989384
2018-03-28 09:43:00,-902.323291359
2018-03-28 09:44:00,-902.323291359
2018-03-28 09:45:00,-902.323291359
2018-03-28 09:46:00,-902.323291359
2018-03-28 09:47:00,-902.323291359
2018-03-28 09:48:00,-912.606140371
2018-03-28 09:49:00,-912.606140371
2018-03-28 09:50:00,-912.606140371
2018-03-28 09:51:00,-912.606140371
2018-03-28 09:52:00,-912.606140371
2018-03-28 09:53:00,-902.323291359
2018-03-28 09:54:00,-912.606140371
2018-03-28 09:55:00,-892.040442346
2018-03-28 09:56:00,-902.323291359
2018-03-28 09:57:00,-922.888989384
2018-03-28 09:58:00,-922.888989384
2018-03-28 09:59:00,-922.888989384
2018-03-28 10:00:00,-922.888989384
2018-03-28 10:01:00,-943.454687409
2018-03-28 10:02:00,-922.888989384
2018-03-28 10:03:00,-922.888989384
2018-03-28 10:04:00,-922.888989384
2018-03-28 10:05:00,-922.888989384
2018-03-28 10:06:00,-922.888989384
2018-03-28 10:07:00,-943.454687409
2018-03-28 10:08:00,-933.171838396
2018-03-28 10:09:00,-943.454687409
2018-03-28 10:10:00,-943.454687409
2018-03-28 10:11:00,-922.888989384
2018-03-28 10:12:00,-922.888989384
2018-03-28 10:13:00,-902.323291359
2018-03-28 10:14:00,-902.323291359
2018-03-28 10:15:00,-912.606140371
2018-03-28 10:16:00,-902.323291359
2018-03-28 10:17:00,-902.323291359
2018-03-28 10:18:00,-902.323291359
2018-03-28 10:19:00,-912.606140371
2018-03-28 10:20:00,-902.323291359
2018-03-28 10:21:00,-902.323291359
2018-03-28 10:22:00,-902.323291359
2018-03-28 10:23:00,-902.323291359
2018-03-28 10:24:00,-892.040442346
2018-03-28 10:25:00,-892.040442346
2018-03-28 10:26:00,-892.040442346
2018-03-28 10:27:00,-902.323291359
2018-03-28 10:28:00,-892.040442346
2018-03-28 10:29:00,-892.040442346
2018-03-28 10:30:00,-892.040442346
2018-03-28 10:31:00,-892.040442346
2018-03-28 10:32:00,-881.757593334
2018-03-28 10:33:00,-892.040442346
2018-03-28 10:34:00,-881.757593334
2018-03-28 10:35:00,-861.191895309
2018-03-28 10:36:00,-892.040442346
2018-03-28 10:37:00,-892.040442346
2018-03-28 10:38:00,-881.757593334
2018-03-28 10:39:00,-881.757593334
2018-03-28 10:40:00,-892.040442346
2018-03-28 10:41:00,-892.040442346
2018-03-28 10:42:00,-892.040442346
2018-03-28 10:43:00,-912.606140371
2018-03-28 10:44:00,-902.323291359
2018-03-28 10:45:00,-922.888989384
2018-03-28 10:46:00,-922.888989384
2018-03-28 10:47:00,-943.454687409
2018-03-28 10:48:00,-943.454687409
2018-03-28 10:49:00,-943.454687409
2018-03-28 10:50:00,-943.454687409
2018-03-28 10:51:00,-943.454687409
2018-03-28 10:52:00,-953.737536421
2018-03-28 10:53:00,-964.020385434
2018-03-28 10:54:00,-953.737536421
2018-03-28 10:55:00,-964.020385434
2018-03-28 10:56:00,-953.737536421
2018-03-28 10:57:00,-953.737536421
2018-03-28 10:58:00,-953.737536421
2018-03-28 10:59:00,-953.737536421
2018-03-28 11:00:00,-964.020385434
2018-03-28 11:01:00,-953.737536421
2018-03-28 11:02:00,-953.737536421
2018-03-28 11:03:00,-953.737536421
2018-03-28 11:04:00,-953.737536421
2018-03-28 11:05:00,-953.737536421
2018-03-28 11:06:00,-943.454687409
2018-03-28 11:07:00,-943.454687409
2018-03-28 11:08:00,-943.454687409
2018-03-28 11:09:00,-953.737536421
2018-03-28 11:10:00,-953.737536421
2018-03-28 11:11:00,-953.737536421
2018-03-28 11:12:00,-953.737536421
2018-03-28 11:13:00,-953.737536421
2018-03-28 11:14:00,-964.020385434
2018-03-28 11:15:00,-953.737536421
2018-03-28 11:16:00,-974.303234446
2018-03-28 11:17:00,-974.303234446
2018-03-28 11:18:00,-984.586083459
2018-03-28 11:19:00,-984.586083459
2018-03-28 11:20:00,-984.586083459
2018-03-28 11:21:00,-984.586083459
2018-03-28 11:22:00,-984.586083459
2018-03-28 11:23:00,-984.586083459
2018-03-28 11:24:00,-984.586083459
2018-03-28 11:25:00,-984.586083459
2018-03-28 11:26:00,-964.020385434
2018-03-28 11:27:00,-953.737536421
2018-03-28 11:28:00,-953.737536421
2018-03-28 11:29:00,-953.737536421
2018-03-28 11:30:00,-953.737536421
2018-03-28 11:31:00,-953.737536421
2018-03-28 11:32:00,-953.737536421
2018-03-28 11:33:00,-953.737536421
2018-03-28 11:34:00,-953.737536421
2018-03-28 11:35:00,-953.737536421
2018-03-28 11:36:00,-953.737536421
2018-03-28 11:37:00,-953.737536421
2018-03-28 11:38:00,-953.737536421
2018-03-28 11:39:00,-953.737536421
2018-03-28 11:40:00,-953.737536421
2018-03-28 11:41:00,-953.737536421
2018-03-28 11:42:00,-974.303234446
2018-03-28 11:43:00,-984.586083459
2018-03-28 11:44:00,-984.586083459
2018-03-28 11:45:00,-964.020385434
2018-03-28 11:46:00,-964.020385434
2018-03-28 11:47:00,-943.454687409
2018-03-28 11:48:00,-943.454687409
2018-03-28 11:49:00,-943.454687409
2018-03-28 11:50:00,-943.454687409
2018-03-28 11:51:00,-933.171838396
2018-03-28 11:52:00,-922.888989384
2018-03-28 11:53:00,-922.888989384
2018-03-28 11:54:00,-922.888989384
2018-03-28 11:55:00,-922.888989384
2018-03-28 11:56:00,-922.888989384
2018-03-28 11:57:00,-912.606140371
2018-03-28 11:58:00,-912.606140371
2018-03-28 11:59:00,-912.606140371
2018-03-29 01:29:00,-419.029387771
2018-03-29 01:30:00,-419.029387771
2018-03-29 01:31:00,-419.029387771
2018-03-29 01:32:00,-419.029387771
2018-03-29 01:33:00,-419.029387771
2018-03-29 01:34:00,-1015.4346305
2018-03-29 01:35:00,-1015.4346305
2018-03-29 01:36:00,-1025.71747951
2018-03-29 01:37:00,-1066.84887556
2018-03-29 01:38:00,-1066.84887556
2018-03-29 01:39:00,-1077.13172457
2018-03-29 01:40:00,-1066.84887556
2018-03-29 01:41:00,-1087.41457358
2018-03-29 01:42:00,-1087.41457358
2018-03-29 01:43:00,-1056.56602655
2018-03-29 01:44:00,-1056.56602655
2018-03-29 01:45:00,-1077.13172457
2018-03-29 01:46:00,-1077.13172457
2018-03-29 01:47:00,-1077.13172457
2018-03-29 01:48:00,-1077.13172457
2018-03-29 01:49:00,-1097.6974226
2018-03-29 01:50:00,-1097.6974226
2018-03-29 01:51:00,-1097.6974226
2018-03-29 01:52:00,-1097.6974226
2018-03-29 01:53:00,-1097.6974226
2018-03-29 01:54:00,-1097.6974226
2018-03-29 01:55:00,-1097.6974226
2018-03-29 01:56:00,-1097.6974226
2018-03-29 01:57:00,-1097.6974226
2018-03-29 01:58:00,-1097.6974226
2018-03-29 01:59:00,-1097.6974226
2018-03-29 02:00:00,-1015.4346305
2018-03-29 02:01:00,-984.586083459
2018-03-29 02:02:00,-984.586083459
2018-03-29 02:03:00,-984.586083459
2018-03-29 02:04:00,-1015.4346305
2018-03-29 02:05:00,-994.868932471
2018-03-29 02:06:00,-1005.15178148
2018-03-29 02:07:00,-1005.15178148
2018-03-29 02:08:00,-1025.71747951
2018-03-29 02:09:00,-1025.71747951
2018-03-29 02:10:00,-1025.71747951
2018-03-29 02:11:00,-984.586083459
2018-03-29 02:12:00,-984.586083459
2018-03-29 02:13:00,-984.586083459
2018-03-29 02:14:00,-984.586083459
2018-03-29 02:15:00,-922.888989384
2018-03-29 02:16:00,-912.606140371
2018-03-29 02:17:00,-912.606140371
2018-03-29 02:18:00,-902.323291359
2018-03-29 02:19:00,-902.323291359
2018-03-29 02:20:00,-902.323291359
2018-03-29 02:21:00,-922.888989384
2018-03-29 02:22:00,-922.888989384
2018-03-29 02:23:00,-922.888989384
2018-03-29 02:24:00,-922.888989384
2018-03-29 02:25:00,-922.888989384
2018-03-29 02:26:00,-902.323291359
2018-03-29 02:27:00,-902.323291359
2018-03-29 02:28:00,-902.323291359
2018-03-29 02:29:00,-902.323291359
2018-03-29 02:30:00,-902.323291359
2018-03-29 02:31:00,-902.323291359
2018-03-29 02:32:00,-902.323291359
2018-03-29 02:33:00,-902.323291359
2018-03-29 02:34:00,-902.323291359
2018-03-29 02:35:00,-902.323291359
2018-03-29 02:36:00,-902.323291359
2018-03-29 02:37:00,-902.323291359
2018-03-29 02:38:00,-902.323291359
2018-03-29 02:39:00,-902.323291359
2018-03-29 02:40:00,-902.323291359
2018-03-29 02:41:00,-840.626197284
2018-03-29 02:42:00,-840.626197284
2018-03-29 02:43:00,-861.191895309
2018-03-29 02:44:00,-881.757593334
2018-03-29 02:45:00,-892.040442346
2018-03-29 02:46:00,-892.040442346
2018-03-29 02:47:00,-902.323291359
2018-03-29 02:48:00,-902.323291359
2018-03-29 02:49:00,-881.757593334
2018-03-29 02:50:00,-892.040442346
2018-03-29 02:51:00,-892.040442346
2018-03-29 02:52:00,-892.040442346
2018-03-29 02:53:00,-840.626197284
2018-03-29 02:54:00,-830.343348271
2018-03-29 02:55:00,-840.626197284
2018-03-29 02:56:00,-840.626197284
2018-03-29 02:57:00,-840.626197284
2018-03-29 02:58:00,-840.626197284
2018-03-29 02:59:00,-820.060499259
2018-03-29 03:00:00,-820.060499259
2018-03-29 03:01:00,-799.494801234
2018-03-29 03:02:00,-799.494801234
2018-03-29 03:03:00,-799.494801234
2018-03-29 03:04:00,-820.060499259
2018-03-29 03:05:00,-820.060499259
2018-03-29 03:06:00,-820.060499259
2018-03-29 03:07:00,-820.060499259
2018-03-29 03:08:00,-820.060499259
2018-03-29 03:09:00,-820.060499259
2018-03-29 03:10:00,-799.494801234
2018-03-29 03:11:00,-799.494801234
2018-03-29 03:12:00,-820.060499259
2018-03-29 03:13:00,-820.060499259
2018-03-29 03:14:00,-820.060499259
2018-03-29 03:15:00,-820.060499259
2018-03-29 03:16:00,-820.060499259
2018-03-29 03:17:00,-809.777650246
2018-03-29 03:18:00,-809.777650246
2018-03-29 03:19:00,-809.777650246
2018-03-29 03:20:00,-789.211952221
2018-03-29 03:21:00,-789.211952221
2018-03-29 03:22:00,-778.929103209
2018-03-29 03:23:00,-789.211952221
2018-03-29 03:24:00,-789.211952221
2018-03-29 03:25:00,-778.929103209
2018-03-29 03:26:00,-789.211952221
2018-03-29 03:27:00,-768.646254196
2018-03-29 03:28:00,-768.646254196
2018-03-29 03:29:00,-789.211952221
2018-03-29 03:30:00,-799.494801234
2018-03-29 03:31:00,-758.363405184
2018-03-29 03:32:00,-778.929103209
2018-03-29 03:33:00,-778.929103209
2018-03-29 03:34:00,-778.929103209
2018-03-29 03:35:00,-778.929103209
2018-03-29 03:36:00,-778.929103209
2018-03-29 03:37:00,-778.929103209
2018-03-29 03:38:00,-778.929103209
2018-03-29 03:39:00,-778.929103209
2018-03-29 03:40:00,-778.929103209
2018-03-29 03:41:00,-799.494801234
2018-03-29 03:42:00,-799.494801234
2018-03-29 03:43:00,-799.494801234
2018-03-29 03:44:00,-840.626197284
2018-03-29 03:45:00,-850.909046296
2018-03-29 03:46:00,-840.626197284
2018-03-29 03:47:00,-840.626197284
2018-03-29 03:48:00,-840.626197284
2018-03-29 03:49:00,-840.626197284
2018-03-29 03:50:00,-861.191895309
2018-03-29 03:51:00,-861.191895309
2018-03-29 03:52:00,-840.626197284
2018-03-29 03:53:00,-840.626197284
2018-03-29 03:54:00,-840.626197284
2018-03-29 03:55:00,-861.191895309
2018-03-29 03:56:00,-861.191895309
2018-03-29 03:57:00,-861.191895309
2018-03-29 03:58:00,-861.191895309
2018-03-29 03:59:00,-861.191895309
2018-03-29 04:00:00,-861.191895309
2018-03-29 04:01:00,-861.191895309
2018-03-29 04:02:00,-861.191895309
2018-03-29 04:03:00,-840.626197284
2018-03-29 04:04:00,-840.626197284
2018-03-29 04:05:00,-861.191895309
2018-03-29 04:06:00,-861.191895309
2018-03-29 04:07:00,-861.191895309
2018-03-29 04:08:00,-861.191895309
2018-03-29 04:09:00,-922.888989384
2018-03-29 04:10:00,-943.454687409
2018-03-29 04:11:00,-943.454687409
2018-03-29 04:12:00,-974.303234446
2018-03-29 04:13:00,-964.020385434
2018-03-29 04:14:00,-953.737536421
2018-03-29 04:15:00,-933.171838396
2018-03-29 04:16:00,-922.888989384
2018-03-29 04:17:00,-922.888989384
2018-03-29 04:18:00,-943.454687409
2018-03-29 04:19:00,-933.171838396
2018-03-29 04:20:00,-933.171838396
2018-03-29 04:21:00,-933.171838396
2018-03-29 04:22:00,-933.171838396
2018-03-29 04:23:00,-933.171838396
2018-03-29 04:24:00,-933.171838396
2018-03-29 04:25:00,-933.171838396
2018-03-29 04:26:00,-933.171838396
2018-03-29 04:27:00,-943.454687409
2018-03-29 04:28:00,-943.454687409
2018-03-29 04:29:00,-943.454687409
2018-03-29 04:30:00,-943.454687409
2018-03-29 04:31:00,-943.454687409
2018-03-29 04:32:00,-933.171838396
2018-03-29 04:33:00,-933.171838396
2018-03-29 04:34:00,-933.171838396
2018-03-29 04:35:00,-933.171838396
2018-03-29 04:36:00,-933.171838396
2018-03-29 04:37:00,-933.171838396
2018-03-29 04:38:00,-922.888989384
2018-03-29 04:39:00,-922.888989384
2018-03-29 04:40:00,-922.888989384
2018-03-29 04:41:00,-943.454687409
2018-03-29 04:42:00,-943.454687409
2018-03-29 04:43:00,-943.454687409
2018-03-29 04:44:00,-943.454687409
2018-03-29 04:45:00,-943.454687409
2018-03-29 04:46:00,-964.020385434
2018-03-29 04:47:00,-943.454687409
2018-03-29 04:48:00,-943.454687409
2018-03-29 04:49:00,-943.454687409
2018-03-29 04:50:00,-943.454687409
2018-03-29 04:51:00,-994.868932471
2018-03-29 04:52:00,-974.303234446
2018-03-29 04:53:00,-974.303234446
2018-03-29 04:54:00,-974.303234446
2018-03-29 04:55:00,-974.303234446
2018-03-29 04:56:00,-974.303234446
2018-03-29 04:57:00,-994.868932471
2018-03-29 04:58:00,-994.868932471
2018-03-29 04:59:00,-994.868932471
2018-03-29 05:00:00,-984.586083459
2018-03-29 05:01:00,-964.020385434
2018-03-29 05:02:00,-943.454687409
2018-03-29 05:03:00,-943.454687409
2018-03-29 05:04:00,-922.888989384
2018-03-29 05:05:00,-922.888989384
2018-03-29 05:06:00,-922.888989384
2018-03-29 05:07:00,-922.888989384
2018-03-29 05:08:00,-912.606140371
2018-03-29 05:09:00,-892.040442346
2018-03-29 05:10:00,-892.040442346
2018-03-29 05:11:00,-892.040442346
2018-03-29 05:12:00,-892.040442346
2018-03-29 05:13:00,-892.040442346
2018-03-29 05:14:00,-892.040442346
2018-03-29 05:15:00,-892.040442346
2018-03-29 05:16:00,-892.040442346
2018-03-29 05:17:00,-892.040442346
2018-03-29 05:18:00,-892.040442346
2018-03-29 05:19:00,-892.040442346
2018-03-29 05:20:00,-892.040442346
2018-03-29 05:21:00,-892.040442346
2018-03-29 05:22:00,-892.040442346
2018-03-29 05:23:00,-892.040442346
2018-03-29 05:24:00,-922.888989384
2018-03-29 05:25:00,-922.888989384
2018-03-29 05:26:00,-922.888989384
2018-03-29 05:27:00,-922.888989384
2018-03-29 05:28:00,-922.888989384
2018-03-29 05:29:00,-912.606140371
2018-03-29 05:30:00,-912.606140371
2018-03-29 05:31:00,-912.606140371
2018-03-29 05:32:00,-912.606140371
2018-03-29 05:33:00,-912.606140371
2018-03-29 05:34:00,-912.606140371
2018-03-29 05:35:00,-912.606140371
2018-03-29 05:36:00,-922.888989384
2018-03-29 05:37:00,-922.888989384
2018-03-29 05:38:00,-922.888989384
2018-03-29 05:39:00,-933.171838396
2018-03-29 05:40:00,-933.171838396
2018-03-29 05:41:00,-964.020385434
2018-03-29 05:42:00,-964.020385434
2018-03-29 05:43:00,-953.737536421
2018-03-29 05:44:00,-933.171838396
2018-03-29 05:45:00,-922.888989384
2018-03-29 05:46:00,-902.323291359
2018-03-29 05:47:00,-933.171838396
2018-03-29 05:48:00,-933.171838396
2018-03-29 05:49:00,-922.888989384
2018-03-29 05:50:00,-922.888989384
2018-03-29 05:51:00,-922.888989384
2018-03-29 05:52:00,-922.888989384
2018-03-29 05:53:00,-933.171838396
2018-03-29 05:54:00,-943.454687409
2018-03-29 05:55:00,-984.586083459
2018-03-29 05:56:00,-984.586083459
2018-03-29 05:57:00,-984.586083459
2018-03-29 05:58:00,-984.586083459
2018-03-29 05:59:00,-974.303234446
2018-03-29 06:00:00,-974.303234446
2018-03-29 06:01:00,-974.303234446
2018-03-29 06:02:00,-974.303234446
2018-03-29 06:03:00,-984.586083459
2018-03-29 06:04:00,-984.586083459
2018-03-29 06:05:00,-1005.15178148
2018-03-29 06:06:00,-1005.15178148
2018-03-29 06:07:00,-1005.15178148
2018-03-29 06:08:00,-1005.15178148
2018-03-29 06:09:00,-1005.15178148
2018-03-29 06:10:00,-994.868932471
2018-03-29 06:11:00,-1005.15178148
2018-03-29 06:12:00,-994.868932471
2018-03-29 06:13:00,-994.868932471
2018-03-29 06:14:00,-994.868932471
2018-03-29 06:15:00,-984.586083459
2018-03-29 06:16:00,-984.586083459
2018-03-29 06:17:00,-984.586083459
2018-03-29 06:18:00,-984.586083459
2018-03-29 06:19:00,-953.737536421
2018-03-29 06:20:00,-964.020385434
2018-03-29 06:21:00,-953.737536421
2018-03-29 06:22:00,-953.737536421
2018-03-29 06:23:00,-974.303234446
2018-03-29 06:24:00,-953.737536421
2018-03-29 06:25:00,-964.020385434
2018-03-29 06:26:00,-964.020385434
2018-03-29 06:27:00,-953.737536421
2018-03-29 06:28:00,-943.454687409
2018-03-29 06:29:00,-953.737536421
2018-03-29 06:30:00,-943.454687409
2018-03-29 06:31:00,-953.737536421
2018-03-29 06:32:00,-953.737536421
2018-03-29 06:33:00,-943.454687409
2018-03-29 06:34:00,-974.303234446
2018-03-29 06:35:00,-974.303234446
2018-03-29 06:36:00,-974.303234446
2018-03-29 06:37:00,-953.737536421
2018-03-29 06:38:00,-953.737536421
2018-03-29 06:39:00,-953.737536421
2018-03-29 06:40:00,-953.737536421
2018-03-29 06:41:00,-953.737536421
2018-03-29 06:42:00,-953.737536421
2018-03-29 06:43:00,-953.737536421
2018-03-29 06:44:00,-953.737536421
2018-03-29 06:45:00,-953.737536421
2018-03-29 06:46:00,-974.303234446
2018-03-29 06:47:00,-974.303234446
2018-03-29 06:48:00,-964.020385434
2018-03-29 06:49:00,-974.303234446
2018-03-29 06:50:00,-974.303234446
2018-03-29 06:51:00,-974.303234446
2018-03-29 06:52:00,-964.020385434
2018-03-29 06:53:00,-953.737536421
2018-03-29 06:54:00,-953.737536421
2018-03-29 06:55:00,-953.737536421
2018-03-29 06:56:00,-953.737536421
2018-03-29 06:57:00,-974.303234446
2018-03-29 06:58:00,-974.303234446
2018-03-29 06:59:00,-984.586083459
2018-03-29 07:00:00,-984.586083459
2018-03-29 07:01:00,-974.303234446
2018-03-29 07:02:00,-994.868932471
2018-03-29 07:03:00,-1005.15178148
2018-03-29 07:04:00,-1025.71747951
2018-03-29 07:05:00,-1025.71747951
2018-03-29 07:06:00,-1025.71747951
2018-03-29 07:07:00,-1036.00032852
2018-03-29 07:08:00,-1025.71747951
2018-03-29 07:09:00,-1025.71747951
2018-03-29 07:10:00,-1025.71747951
2018-03-29 07:11:00,-1025.71747951
2018-03-29 07:12:00,-1025.71747951
2018-03-29 07:13:00,-1025.71747951
2018-03-29 07:14:00,-1036.00032852
2018-03-29 07:15:00,-1036.00032852
2018-03-29 07:16:00,-1025.71747951
2018-03-29 07:17:00,-1025.71747951
2018-03-29 07:18:00,-1025.71747951
2018-03-29 07:19:00,-1025.71747951
2018-03-29 07:20:00,-1025.71747951
2018-03-29 07:21:00,-1005.15178148
2018-03-29 07:22:00,-994.868932471
2018-03-29 07:23:00,-1005.15178148
2018-03-29 07:24:00,-1005.15178148
2018-03-29 07:25:00,-1066.84887556
2018-03-29 07:26:00,-1036.00032852
2018-03-29 07:27:00,-1036.00032852
2018-03-29 07:28:00,-1015.4346305
2018-03-29 07:29:00,-1025.71747951
2018-03-29 07:30:00,-1046.28317753
2018-03-29 07:31:00,-1036.00032852
2018-03-29 07:32:00,-1025.71747951
2018-03-29 07:33:00,-1025.71747951
2018-03-29 07:34:00,-1036.00032852
2018-03-29 07:35:00,-1025.71747951
2018-03-29 07:36:00,-1025.71747951
2018-03-29 07:37:00,-1015.4346305
2018-03-29 07:38:00,-1015.4346305
2018-03-29 07:39:00,-1005.15178148
2018-03-29 07:40:00,-1005.15178148
2018-03-29 07:41:00,-1015.4346305
2018-03-29 07:42:00,-1015.4346305
2018-03-29 07:43:00,-1015.4346305
2018-03-29 07:44:00,-1015.4346305
2018-03-29 07:45:00,-1036.00032852
2018-03-29 07:46:00,-1036.00032852
2018-03-29 07:47:00,-1025.71747951
2018-03-29 07:48:00,-1046.28317753
2018-03-29 07:49:00,-1046.28317753
2018-03-29 07:50:00,-1046.28317753
2018-03-29 07:51:00,-1056.56602655
2018-03-29 07:52:00,-1056.56602655
2018-03-29 07:53:00,-1046.28317753
2018-03-29 07:54:00,-1066.84887556
2018-03-29 07:55:00,-1056.56602655
2018-03-29 07:56:00,-1056.56602655
2018-03-29 07:57:00,-1056.56602655
2018-03-29 07:58:00,-1066.84887556
2018-03-29 07:59:00,-1077.13172457
2018-03-29 08:00:00,-1077.13172457
2018-03-29 08:01:00,-1077.13172457
2018-03-29 08:02:00,-1077.13172457
2018-03-29 08:03:00,-1077.13172457
2018-03-29 08:04:00,-1077.13172457
2018-03-29 08:05:00,-1077.13172457
2018-03-29 08:06:00,-1077.13172457
2018-03-29 08:07:00,-1077.13172457
2018-03-29 08:08:00,-1077.13172457
2018-03-29 08:09:00,-1077.13172457
2018-03-29 08:10:00,-1077.13172457
2018-03-29 08:11:00,-1066.84887556
2018-03-29 08:12:00,-1056.56602655
2018-03-29 08:13:00,-1056.56602655
2018-03-29 08:14:00,-1056.56602655
2018-03-29 08:15:00,-1056.56602655
2018-03-29 08:16:00,-1056.56602655
2018-03-29 08:17:00,-1056.56602655
2018-03-29 08:18:00,-1056.56602655
2018-03-29 08:19:00,-1046.28317753
2018-03-29 08:20:00,-1046.28317753
2018-03-29 08:21:00,-1046.28317753
2018-03-29 08:22:00,-1056.56602655
2018-03-29 08:23:00,-1056.56602655
2018-03-29 08:24:00,-1056.56602655
2018-03-29 08:25:00,-1056.56602655
2018-03-29 08:26:00,-1056.56602655
2018-03-29 08:27:00,-1056.56602655
2018-03-29 08:28:00,-1056.56602655
2018-03-29 08:29:00,-1056.56602655
2018-03-29 08:30:00,-1036.00032852
2018-03-29 08:31:00,-1036.00032852
2018-03-29 08:32:00,-1015.4346305
2018-03-29 08:33:00,-1015.4346305
2018-03-29 08:34:00,-1015.4346305
2018-03-29 08:35:00,-1015.4346305
2018-03-29 08:36:00,-1005.15178148
2018-03-29 08:37:00,-1005.15178148
2018-03-29 08:38:00,-994.868932471
2018-03-29 08:39:00,-994.868932471
2018-03-29 08:40:00,-994.868932471
2018-03-29 08:41:00,-994.868932471
2018-03-29 08:42:00,-984.586083459
2018-03-29 08:43:00,-984.586083459
2018-03-29 08:44:00,-984.586083459
2018-03-29 08:45:00,-984.586083459
2018-03-29 08:46:00,-984.586083459
2018-03-29 08:47:00,-974.303234446
2018-03-29 08:48:00,-974.303234446
2018-03-29 08:49:00,-994.868932471
2018-03-29 08:50:00,-994.868932471
2018-03-29 08:51:00,-994.868932471
2018-03-29 08:52:00,-994.868932471
2018-03-29 08:53:00,-984.586083459
2018-03-29 08:54:00,-1025.71747951
2018-03-29 08:55:00,-1005.15178148
2018-03-29 08:56:00,-984.586083459
2018-03-29 08:57:00,-984.586083459
2018-03-29 08:58:00,-994.868932471
2018-03-29 08:59:00,-1005.15178148
2018-03-29 09:00:00,-994.868932471
2018-03-29 09:01:00,-994.868932471
2018-03-29 09:02:00,-994.868932471
2018-03-29 09:03:00,-994.868932471
2018-03-29 09:04:00,-994.868932471
2018-03-29 09:05:00,-994.868932471
2018-03-29 09:06:00,-994.868932471
2018-03-29 09:07:00,-994.868932471
2018-03-29 09:08:00,-994.868932471
2018-03-29 09:09:00,-994.868932471
2018-03-29 09:10:00,-994.868932471
2018-03-29 09:11:00,-994.868932471
2018-03-29 09:12:00,-994.868932471
2018-03-29 09:13:00,-984.586083459
2018-03-29 09:14:00,-984.586083459
2018-03-29 09:15:00,-984.586083459
2018-03-29 09:16:00,-984.586083459
2018-03-29 09:17:00,-984.586083459
2018-03-29 09:18:00,-974.303234446
2018-03-29 09:19:00,-984.586083459
2018-03-29 09:20:00,-984.586083459
2018-03-29 09:21:00,-984.586083459
2018-03-29 09:22:00,-994.868932471
2018-03-29 09:23:00,-994.868932471
2018-03-29 09:24:00,-994.868932471
2018-03-29 09:25:00,-994.868932471
2018-03-29 09:26:00,-994.868932471
2018-03-29 09:27:00,-994.868932471
2018-03-29 09:28:00,-994.868932471
2018-03-29 09:29:00,-994.868932471
2018-03-29 09:30:00,-994.868932471
2018-03-29 09:31:00,-994.868932471
2018-03-29 09:32:00,-994.868932471
2018-03-29 09:33:00,-994.868932471
2018-03-29 09:34:00,-994.868932471
2018-03-29 09:35:00,-994.868932471
2018-03-29 09:36:00,-994.868932471
2018-03-29 09:37:00,-994.868932471
2018-03-29 09:38:00,-994.868932471
2018-03-29 09:39:00,-994.868932471
2018-03-29 09:40:00,-994.868932471
2018-03-29 09:41:00,-994.868932471
2018-03-29 09:42:00,-994.868932471
2018-03-29 09:43:00,-994.868932471
2018-03-29 09:44:00,-1005.15178148
2018-03-29 09:45:00,-1005.15178148
2018-03-29 09:46:00,-1005.15178148
2018-03-29 09:47:00,-1005.15178148
2018-03-29 09:48:00,-1005.15178148
2018-03-29 09:49:00,-1005.15178148
2018-03-29 09:50:00,-1005.15178148
2018-03-29 09:51:00,-984.586083459
2018-03-29 09:52:00,-994.868932471
2018-03-29 09:53:00,-1005.15178148
2018-03-29 09:54:00,-994.868932471
2018-03-29 09:55:00,-994.868932471
2018-03-29 09:56:00,-1005.15178148
2018-03-29 09:57:00,-984.586083459
2018-03-29 09:58:00,-984.586083459
2018-03-29 09:59:00,-1005.15178148
2018-03-29 10:00:00,-1005.15178148
2018-03-29 10:01:00,-1005.15178148
2018-03-29 10:02:00,-1005.15178148
2018-03-29 10:03:00,-1005.15178148
2018-03-29 10:04:00,-1005.15178148
2018-03-29 10:05:00,-1005.15178148
2018-03-29 10:06:00,-1025.71747951
2018-03-29 10:07:00,-1015.4346305
2018-03-29 10:08:00,-1015.4346305
2018-03-29 10:09:00,-1015.4346305
2018-03-29 10:10:00,-1005.15178148
2018-03-29 10:11:00,-994.868932471
2018-03-29 10:12:00,-994.868932471
2018-03-29 10:13:00,-994.868932471
2018-03-29 10:14:00,-994.868932471
2018-03-29 10:15:00,-974.303234446
2018-03-29 10:16:00,-974.303234446
2018-03-29 10:17:00,-974.303234446
2018-03-29 10:18:00,-974.303234446
2018-03-29 10:19:00,-974.303234446
2018-03-29 10:20:00,-974.303234446
2018-03-29 10:21:00,-974.303234446
2018-03-29 10:22:00,-974.303234446
2018-03-29 10:23:00,-974.303234446
2018-03-29 10:24:00,-974.303234446
2018-03-29 10:25:00,-974.303234446
2018-03-29 10:26:00,-974.303234446
2018-03-29 10:27:00,-953.737536421
2018-03-29 10:28:00,-953.737536421
2018-03-29 10:29:00,-953.737536421
2018-03-29 10:30:00,-933.171838396
2018-03-29 10:31:00,-933.171838396
2018-03-29 10:32:00,-933.171838396
2018-03-29 10:33:00,-943.454687409
2018-03-29 10:34:00,-943.454687409
2018-03-29 10:35:00,-953.737536421
2018-03-29 10:36:00,-933.171838396
2018-03-29 10:37:00,-953.737536421
2018-03-29 10:38:00,-953.737536421
2018-03-29 10:39:00,-943.454687409
2018-03-29 10:40:00,-943.454687409
2018-03-29 10:41:00,-943.454687409
2018-03-29 10:42:00,-943.454687409
2018-03-29 10:43:00,-953.737536421
2018-03-29 10:44:00,-943.454687409
2018-03-29 10:45:00,-933.171838396
2018-03-29 10:46:00,-933.171838396
2018-03-29 10:47:00,-943.454687409
2018-03-29 10:48:00,-943.454687409
2018-03-29 10:49:00,-933.171838396
2018-03-29 10:50:00,-933.171838396
2018-03-29 10:51:00,-943.454687409
2018-03-29 10:52:00,-933.171838396
2018-03-29 10:53:00,-953.737536421
2018-03-29 10:54:00,-922.888989384
2018-03-29 10:55:00,-953.737536421
2018-03-29 10:56:00,-943.454687409
2018-03-29 10:57:00,-953.737536421
2018-03-29 10:58:00,-953.737536421
2018-03-29 10:59:00,-953.737536421
2018-03-29 11:00:00,-953.737536421
2018-03-29 11:01:00,-933.171838396
2018-03-29 11:02:00,-933.171838396
2018-03-29 11:03:00,-933.171838396
2018-03-29 11:04:00,-943.454687409
2018-03-29 11:05:00,-943.454687409
2018-03-29 11:06:00,-943.454687409
2018-03-29 11:07:00,-943.454687409
2018-03-29 11:08:00,-922.888989384
2018-03-29 11:09:00,-922.888989384
2018-03-29 11:10:00,-922.888989384
2018-03-29 11:11:00,-922.888989384
2018-03-29 11:12:00,-922.888989384
2018-03-29 11:13:00,-922.888989384
2018-03-29 11:14:00,-922.888989384
2018-03-29 11:15:00,-922.888989384
2018-03-29 11:16:00,-922.888989384
2018-03-29 11:17:00,-922.888989384
2018-03-29 11:18:00,-922.888989384
2018-03-29 11:19:00,-922.888989384
2018-03-29 11:20:00,-922.888989384
2018-03-29 11:21:00,-922.888989384
2018-03-29 11:22:00,-922.888989384
2018-03-29 11:23:00,-922.888989384
2018-03-29 11:24:00,-922.888989384
2018-03-29 11:25:00,-922.888989384
2018-03-29 11:26:00,-922.888989384
2018-03-29 11:27:00,-922.888989384
2018-03-29 11:28:00,-922.888989384
2018-03-29 11:29:00,-922.888989384
2018-03-29 11:30:00,-922.888989384
2018-03-29 11:31:00,-912.606140371
2018-03-29 11:32:00,-953.737536421
2018-03-29 11:33:00,-943.454687409
2018-03-29 11:34:00,-974.303234446
2018-03-29 11:35:00,-984.586083459
2018-03-29 11:36:00,-984.586083459
2018-03-29 11:37:00,-964.020385434
2018-03-29 11:38:00,-953.737536421
2018-03-29 11:39:00,-953.737536421
2018-03-29 11:40:00,-933.171838396
2018-03-29 11:41:00,-933.171838396
2018-03-29 11:42:00,-922.888989384
2018-03-29 11:43:00,-922.888989384
2018-03-29 11:44:00,-922.888989384
2018-03-29 11:45:00,-922.888989384
2018-03-29 11:46:00,-922.888989384
2018-03-29 11:47:00,-922.888989384
2018-03-29 11:48:00,-922.888989384
2018-03-29 11:49:00,-922.888989384
2018-03-29 11:50:00,-943.454687409
2018-03-29 11:51:00,-943.454687409
2018-03-29 11:52:00,-943.454687409
2018-03-29 11:53:00,-943.454687409
2018-03-29 11:54:00,-943.454687409
2018-03-29 11:55:00,-943.454687409
2018-03-29 11:56:00,-943.454687409
2018-03-29 11:57:00,-953.737536421
2018-03-29 11:58:00,-953.737536421
2018-03-29 11:59:00,-953.737536421
2018-04-03 01:34:00,-1025.71665688
2018-04-03 01:35:00,-1025.71665688
2018-04-03 01:36:00,-1025.71665688
2018-04-03 01:37:00,-1025.71665688
2018-04-03 01:38:00,-1025.71665688
2018-04-03 01:39:00,-1025.71665688
2018-04-03 01:40:00,-1025.71665688
2018-04-03 01:41:00,-1025.71665688
2018-04-03 01:42:00,-1025.71665688
2018-04-03 01:43:00,-1015.43380787
2018-04-03 01:44:00,-1015.43380787
2018-04-03 01:45:00,-1015.43380787
2018-04-03 01:46:00,-1015.43380787
2018-04-03 01:47:00,-1015.43380787
2018-04-03 01:48:00,-1015.43380787
2018-04-03 01:49:00,-1015.43380787
2018-04-03 01:50:00,-1015.43380787
2018-04-03 01:51:00,-1015.43380787
2018-04-03 01:52:00,-1015.43380787
2018-04-03 01:53:00,-1015.43380787
2018-04-03 01:54:00,-1015.43380787
2018-04-03 01:55:00,-1015.43380787
2018-04-03 01:56:00,-1015.43380787
2018-04-03 01:57:00,-1015.43380787
2018-04-03 01:58:00,-1025.71665688
2018-04-03 01:59:00,-1015.43380787
2018-04-03 02:00:00,-1015.43380787
2018-04-03 02:01:00,-1015.43380787
2018-04-03 02:02:00,-1015.43380787
2018-04-03 02:03:00,-1015.43380787
2018-04-03 02:04:00,-1015.43380787
2018-04-03 02:05:00,-1015.43380787
2018-04-03 02:06:00,-1015.43380787
2018-04-03 02:07:00,-1035.99950589
2018-04-03 02:08:00,-1035.99950589
2018-04-03 02:09:00,-1035.99950589
2018-04-03 02:10:00,-1056.56520392
2018-04-03 02:11:00,-1056.56520392
2018-04-03 02:12:00,-1077.13090194
2018-04-03 02:13:00,-1087.41375096
2018-04-03 02:14:00,-1087.41375096
2018-04-03 02:15:00,-1077.13090194
2018-04-03 02:16:00,-1077.13090194
2018-04-03 02:17:00,-1077.13090194
2018-04-03 02:18:00,-1077.13090194
2018-04-03 02:19:00,-1077.13090194
2018-04-03 02:20:00,-1077.13090194
2018-04-03 02:21:00,-1077.13090194
2018-04-03 02:22:00,-1077.13090194
2018-04-03 02:23:00,-1077.13090194
2018-04-03 02:24:00,-1077.13090194
2018-04-03 02:25:00,-1077.13090194
2018-04-03 02:26:00,-1087.41375096
2018-04-03 02:27:00,-1087.41375096
2018-04-03 02:28:00,-1087.41375096
2018-04-03 02:29:00,-1087.41375096
2018-04-03 02:30:00,-1087.41375096
2018-04-03 02:31:00,-1087.41375096
2018-04-03 02:32:00,-1087.41375096
2018-04-03 02:33:00,-1087.41375096
2018-04-03 02:34:00,-1077.13090194
2018-04-03 02:35:00,-1087.41375096
2018-04-03 02:36:00,-1087.41375096
2018-04-03 02:37:00,-1087.41375096
2018-04-03 02:38:00,-1118.26229799
2018-04-03 02:39:00,-1118.26229799
2018-04-03 02:40:00,-1118.26229799
2018-04-03 02:41:00,-1118.26229799
2018-04-03 02:42:00,-1107.97944898
2018-04-03 02:43:00,-1107.97944898
2018-04-03 02:44:00,-1097.69659997
2018-04-03 02:45:00,-1087.41375096
2018-04-03 02:46:00,-1077.13090194
2018-04-03 02:47:00,-1077.13090194
2018-04-03 02:48:00,-1066.84805293
2018-04-03 02:49:00,-1077.13090194
2018-04-03 02:50:00,-1077.13090194
2018-04-03 02:51:00,-1066.84805293
2018-04-03 02:52:00,-1077.13090194
2018-04-03 02:53:00,-1077.13090194
2018-04-03 02:54:00,-1077.13090194
2018-04-03 02:55:00,-1066.84805293
2018-04-03 02:56:00,-1066.84805293
2018-04-03 02:57:00,-1066.84805293
2018-04-03 02:58:00,-1066.84805293
2018-04-03 02:59:00,-1066.84805293
2018-04-03 03:00:00,-1066.84805293
2018-04-03 03:01:00,-1077.13090194
2018-04-03 03:02:00,-1066.84805293
2018-04-03 03:03:00,-1066.84805293
2018-04-03 03:04:00,-1066.84805293
2018-04-03 03:05:00,-1066.84805293
2018-04-03 03:06:00,-1046.28235491
2018-04-03 03:07:00,-1046.28235491
2018-04-03 03:08:00,-1046.28235491
2018-04-03 03:09:00,-1046.28235491
2018-04-03 03:10:00,-1046.28235491
2018-04-03 03:11:00,-1046.28235491
2018-04-03 03:12:00,-1035.99950589
2018-04-03 03:13:00,-1035.99950589
2018-04-03 03:14:00,-1035.99950589
2018-04-03 03:15:00,-1035.99950589
2018-04-03 03:16:00,-1035.99950589
2018-04-03 03:17:00,-1035.99950589
2018-04-03 03:18:00,-1035.99950589
2018-04-03 03:19:00,-1035.99950589
2018-04-03 03:20:00,-1035.99950589
2018-04-03 03:21:00,-1035.99950589
2018-04-03 03:22:00,-1035.99950589
2018-04-03 03:23:00,-1035.99950589
2018-04-03 03:24:00,-1035.99950589
2018-04-03 03:25:00,-1035.99950589
2018-04-03 03:26:00,-1035.99950589
2018-04-03 03:27:00,-1035.99950589
2018-04-03 03:28:00,-1035.99950589
2018-04-03 03:29:00,-1046.28235491
2018-04-03 03:30:00,-1035.99950589
2018-04-03 03:31:00,-1035.99950589
2018-04-03 03:32:00,-1035.99950589
2018-04-03 03:33:00,-1035.99950589
2018-04-03 03:34:00,-1035.99950589
2018-04-03 03:35:00,-1035.99950589
2018-04-03 03:36:00,-1035.99950589
2018-04-03 03:37:00,-1035.99950589
2018-04-03 03:38:00,-1035.99950589
2018-04-03 03:39:00,-1035.99950589
2018-04-03 03:40:00,-1035.99950589
2018-04-03 03:41:00,-1035.99950589
2018-04-03 03:42:00,-1046.28235491
2018-04-03 03:43:00,-1046.28235491
2018-04-03 03:44:00,-1046.28235491
2018-04-03 03:45:00,-1035.99950589
2018-04-03 03:46:00,-1035.99950589
2018-04-03 03:47:00,-1035.99950589
2018-04-03 03:48:00,-1035.99950589
2018-04-03 03:49:00,-1035.99950589
2018-04-03 03:50:00,-1035.99950589
2018-04-03 03:51:00,-1035.99950589
2018-04-03 03:52:00,-1035.99950589
2018-04-03 03:53:00,-1015.43380787
2018-04-03 03:54:00,-1015.43380787
2018-04-03 03:55:00,-1015.43380787
2018-04-03 03:56:00,-1015.43380787
2018-04-03 03:57:00,-1015.43380787
2018-04-03 03:58:00,-1015.43380787
2018-04-03 03:59:00,-1015.43380787
2018-04-03 04:00:00,-1015.43380787
2018-04-03 04:01:00,-1015.43380787
2018-04-03 04:02:00,-1015.43380787
2018-04-03 04:03:00,-1015.43380787
2018-04-03 04:04:00,-1015.43380787
2018-04-03 04:05:00,-1015.43380787
2018-04-03 04:06:00,-1015.43380787
2018-04-03 04:07:00,-1015.43380787
2018-04-03 04:08:00,-1015.43380787
2018-04-03 04:09:00,-1015.43380787
2018-04-03 04:10:00,-1015.43380787
2018-04-03 04:11:00,-1015.43380787
2018-04-03 04:12:00,-1015.43380787
2018-04-03 04:13:00,-1015.43380787
2018-04-03 04:14:00,-1015.43380787
2018-04-03 04:15:00,-1015.43380787
2018-04-03 04:16:00,-1005.15095886
2018-04-03 04:17:00,-994.868109843
2018-04-03 04:18:00,-994.868109843
2018-04-03 04:19:00,-994.868109843
2018-04-03 04:20:00,-994.868109843
2018-04-03 04:21:00,-994.868109843
2018-04-03 04:22:00,-994.868109843
2018-04-03 04:23:00,-994.868109843
2018-04-03 04:24:00,-994.868109843
2018-04-03 04:25:00,-994.868109843
2018-04-03 04:26:00,-994.868109843
2018-04-03 04:27:00,-994.868109843
2018-04-03 04:28:00,-994.868109843
2018-04-03 04:29:00,-994.868109843
2018-04-03 04:30:00,-994.868109843
2018-04-03 04:31:00,-994.868109843
2018-04-03 04:32:00,-994.868109843
2018-04-03 04:33:00,-994.868109843
2018-04-03 04:34:00,-994.868109843
2018-04-03 04:35:00,-994.868109843
2018-04-03 04:36:00,-994.868109843
2018-04-03 04:37:00,-994.868109843
2018-04-03 04:38:00,-994.868109843
2018-04-03 04:39:00,-994.868109843
2018-04-03 04:40:00,-994.868109843
2018-04-03 04:41:00,-994.868109843
2018-04-03 04:42:00,-994.868109843
2018-04-03 04:43:00,-994.868109843
2018-04-03 04:44:00,-994.868109843
2018-04-03 04:45:00,-1015.43380787
2018-04-03 04:46:00,-1015.43380787
2018-04-03 04:47:00,-994.868109843
2018-04-03 04:48:00,-994.868109843
2018-04-03 04:49:00,-994.868109843
2018-04-03 04:50:00,-994.868109843
2018-04-03 04:51:00,-994.868109843
2018-04-03 04:52:00,-994.868109843
2018-04-03 04:53:00,-994.868109843
2018-04-03 04:54:00,-994.868109843
2018-04-03 04:55:00,-1005.15095886
2018-04-03 04:56:00,-1015.43380787
2018-04-03 04:57:00,-994.868109843
2018-04-03 04:58:00,-994.868109843
2018-04-03 04:59:00,-994.868109843
2018-04-03 05:00:00,-974.302411818
2018-04-03 05:01:00,-994.868109843
2018-04-03 05:02:00,-994.868109843
2018-04-03 05:03:00,-994.868109843
2018-04-03 05:04:00,-994.868109843
2018-04-03 05:05:00,-1005.15095886
2018-04-03 05:06:00,-994.868109843
2018-04-03 05:07:00,-1005.15095886
2018-04-03 05:08:00,-994.868109843
2018-04-03 05:09:00,-1005.15095886
2018-04-03 05:10:00,-994.868109843
2018-04-03 05:11:00,-994.868109843
2018-04-03 05:12:00,-994.868109843
2018-04-03 05:13:00,-994.868109843
2018-04-03 05:14:00,-994.868109843
2018-04-03 05:15:00,-994.868109843
2018-04-03 05:16:00,-994.868109843
2018-04-03 05:17:00,-994.868109843
2018-04-03 05:18:00,-994.868109843
2018-04-03 05:19:00,-994.868109843
2018-04-03 05:20:00,-994.868109843
2018-04-03 05:21:00,-994.868109843
2018-04-03 05:22:00,-994.868109843
2018-04-03 05:23:00,-1005.15095886
2018-04-03 05:24:00,-1005.15095886
2018-04-03 05:25:00,-1005.15095886
2018-04-03 05:26:00,-1015.43380787
2018-04-03 05:27:00,-1015.43380787
2018-04-03 05:28:00,-1015.43380787
2018-04-03 05:29:00,-1015.43380787
2018-04-03 05:30:00,-1015.43380787
2018-04-03 05:31:00,-1015.43380787
2018-04-03 05:32:00,-1015.43380787
2018-04-03 05:33:00,-1025.71665688
2018-04-03 05:34:00,-1025.71665688
2018-04-03 05:35:00,-1025.71665688
2018-04-03 05:36:00,-1025.71665688
2018-04-03 05:37:00,-1025.71665688
2018-04-03 05:38:00,-1025.71665688
2018-04-03 05:39:00,-1025.71665688
2018-04-03 05:40:00,-1025.71665688
2018-04-03 05:41:00,-1025.71665688
2018-04-03 05:42:00,-1025.71665688
2018-04-03 05:43:00,-1025.71665688
2018-04-03 05:44:00,-1025.71665688
2018-04-03 05:45:00,-1025.71665688
2018-04-03 05:46:00,-1035.99950589
2018-04-03 05:47:00,-1015.43380787
2018-04-03 05:48:00,-1015.43380787
2018-04-03 05:49:00,-1015.43380787
2018-04-03 05:50:00,-1015.43380787
2018-04-03 05:51:00,-1015.43380787
2018-04-03 05:52:00,-1015.43380787
2018-04-03 05:53:00,-1015.43380787
2018-04-03 05:54:00,-1015.43380787
2018-04-03 05:55:00,-1035.99950589
2018-04-03 05:56:00,-1035.99950589
2018-04-03 05:57:00,-1015.43380787
2018-04-03 05:58:00,-1005.15095886
2018-04-03 05:59:00,-1005.15095886
2018-04-03 06:00:00,-1005.15095886
2018-04-03 06:01:00,-1005.15095886
2018-04-03 06:02:00,-994.868109843
2018-04-03 06:03:00,-1005.15095886
2018-04-03 06:04:00,-1015.43380787
2018-04-03 06:05:00,-1025.71665688
2018-04-03 06:06:00,-1015.43380787
2018-04-03 06:07:00,-1025.71665688
2018-04-03 06:08:00,-1015.43380787
2018-04-03 06:09:00,-1025.71665688
2018-04-03 06:10:00,-1025.71665688
2018-04-03 06:11:00,-1015.43380787
2018-04-03 06:12:00,-1015.43380787
2018-04-03 06:13:00,-1035.99950589
2018-04-03 06:14:00,-1035.99950589
2018-04-03 06:15:00,-1015.43380787
2018-04-03 06:16:00,-1035.99950589
2018-04-03 06:17:00,-1015.43380787
2018-04-03 06:18:00,-1025.71665688
2018-04-03 06:19:00,-1015.43380787
2018-04-03 06:20:00,-1015.43380787
2018-04-03 06:21:00,-1015.43380787
2018-04-03 06:22:00,-1015.43380787
2018-04-03 06:23:00,-974.302411818
2018-04-03 06:24:00,-974.302411818
2018-04-03 06:25:00,-974.302411818
2018-04-03 06:26:00,-974.302411818
2018-04-03 06:27:00,-974.302411818
2018-04-03 06:28:00,-974.302411818
2018-04-03 06:29:00,-984.585260831
2018-04-03 06:30:00,-994.868109843
2018-04-03 06:31:00,-994.868109843
2018-04-03 06:32:00,-994.868109843
2018-04-03 06:33:00,-994.868109843
2018-04-03 06:34:00,-994.868109843
2018-04-03 06:35:00,-994.868109843
2018-04-03 06:36:00,-994.868109843
2018-04-03 06:37:00,-994.868109843
2018-04-03 06:38:00,-994.868109843
2018-04-03 06:39:00,-994.868109843
2018-04-03 06:40:00,-994.868109843
2018-04-03 06:41:00,-994.868109843
2018-04-03 06:42:00,-994.868109843
2018-04-03 06:43:00,-994.868109843
2018-04-03 06:44:00,-994.868109843
2018-04-03 06:45:00,-994.868109843
2018-04-03 06:46:00,-994.868109843
2018-04-03 06:47:00,-994.868109843
2018-04-03 06:48:00,-994.868109843
2018-04-03 06:49:00,-994.868109843
2018-04-03 06:50:00,-1005.15095886
2018-04-03 06:51:00,-1005.15095886
2018-04-03 06:52:00,-1005.15095886
2018-04-03 06:53:00,-1015.43380787
2018-04-03 06:54:00,-1015.43380787
2018-04-03 06:55:00,-1015.43380787
2018-04-03 06:56:00,-1005.15095886
2018-04-03 06:57:00,-994.868109843
2018-04-03 06:58:00,-994.868109843
2018-04-03 06:59:00,-994.868109843
2018-04-03 07:00:00,-994.868109843
2018-04-03 07:01:00,-1005.15095886
2018-04-03 07:02:00,-1015.43380787
2018-04-03 07:03:00,-1025.71665688
2018-04-03 07:04:00,-1025.71665688
2018-04-03 07:05:00,-1035.99950589
2018-04-03 07:06:00,-1035.99950589
2018-04-03 07:07:00,-1015.43380787
2018-04-03 07:08:00,-1015.43380787
2018-04-03 07:09:00,-1015.43380787
2018-04-03 07:10:00,-1015.43380787
2018-04-03 07:11:00,-1015.43380787
2018-04-03 07:12:00,-1015.43380787
2018-04-03 07:13:00,-1015.43380787
2018-04-03 07:14:00,-1015.43380787
2018-04-03 07:15:00,-1015.43380787
2018-04-03 07:16:00,-1015.43380787
2018-04-03 07:17:00,-1015.43380787
2018-04-03 07:18:00,-1015.43380787
2018-04-03 07:19:00,-1015.43380787
2018-04-03 07:20:00,-1015.43380787
2018-04-03 07:21:00,-1005.15095886
2018-04-03 07:22:00,-1005.15095886
2018-04-03 07:23:00,-1005.15095886
2018-04-03 07:24:00,-994.868109843
2018-04-03 07:25:00,-994.868109843
2018-04-03 07:26:00,-994.868109843
2018-04-03 07:27:00,-1005.15095886
2018-04-03 07:28:00,-1005.15095886
2018-04-03 07:29:00,-1015.43380787
2018-04-03 07:30:00,-1015.43380787
2018-04-03 07:31:00,-994.868109843
2018-04-03 07:32:00,-994.868109843
2018-04-03 07:33:00,-994.868109843
2018-04-03 07:34:00,-994.868109843
2018-04-03 07:35:00,-994.868109843
2018-04-03 07:36:00,-994.868109843
2018-04-03 07:37:00,-994.868109843
2018-04-03 07:38:00,-994.868109843
2018-04-03 07:39:00,-994.868109843
2018-04-03 07:40:00,-994.868109843
2018-04-03 07:41:00,-994.868109843
2018-04-03 07:42:00,-994.868109843
2018-04-03 07:43:00,-994.868109843
2018-04-03 07:44:00,-994.868109843
2018-04-03 07:45:00,-994.868109843
2018-04-03 07:46:00,-994.868109843
2018-04-03 07:47:00,-994.868109843
2018-04-03 07:48:00,-994.868109843
2018-04-03 07:49:00,-984.585260831
2018-04-03 07:50:00,-953.736713793
2018-04-03 07:51:00,-953.736713793
2018-04-03 07:52:00,-974.302411818
2018-04-03 07:53:00,-974.302411818
2018-04-03 07:54:00,-974.302411818
2018-04-03 07:55:00,-974.302411818
2018-04-03 07:56:00,-974.302411818
2018-04-03 07:57:00,-984.585260831
2018-04-03 07:58:00,-1005.15095886
2018-04-03 07:59:00,-1015.43380787
2018-04-03 08:00:00,-1015.43380787
2018-04-03 08:01:00,-1015.43380787
2018-04-03 08:02:00,-1015.43380787
2018-04-03 08:03:00,-1015.43380787
2018-04-03 08:04:00,-1015.43380787
2018-04-03 08:05:00,-1015.43380787
2018-04-03 08:06:00,-1015.43380787
2018-04-03 08:07:00,-1015.43380787
2018-04-03 08:08:00,-1015.43380787
2018-04-03 08:09:00,-1015.43380787
2018-04-03 08:10:00,-1015.43380787
2018-04-03 08:11:00,-1015.43380787
2018-04-03 08:12:00,-1015.43380787
2018-04-03 08:13:00,-1015.43380787
2018-04-03 08:14:00,-1035.99950589
2018-04-03 08:15:00,-1015.43380787
2018-04-03 08:16:00,-1015.43380787
2018-04-03 08:17:00,-1015.43380787
2018-04-03 08:18:00,-1015.43380787
2018-04-03 08:19:00,-1015.43380787
2018-04-03 08:20:00,-1015.43380787
2018-04-03 08:21:00,-1015.43380787
2018-04-03 08:22:00,-1015.43380787
2018-04-03 08:23:00,-1015.43380787
2018-04-03 08:24:00,-1015.43380787
2018-04-03 08:25:00,-1025.71665688
2018-04-03 08:26:00,-1025.71665688
2018-04-03 08:27:00,-1035.99950589
2018-04-03 08:28:00,-1035.99950589
2018-04-03 08:29:00,-1035.99950589
2018-04-03 08:30:00,-1035.99950589
2018-04-03 08:31:00,-1035.99950589
2018-04-03 08:32:00,-1035.99950589
2018-04-03 08:33:00,-1035.99950589
2018-04-03 08:34:00,-1035.99950589
2018-04-03 08:35:00,-1035.99950589
2018-04-03 08:36:00,-1035.99950589
2018-04-03 08:37:00,-1035.99950589
2018-04-03 08:38:00,-1035.99950589
2018-04-03 08:39:00,-1035.99950589
2018-04-03 08:40:00,-1035.99950589
2018-04-03 08:41:00,-1035.99950589
2018-04-03 08:42:00,-1035.99950589
2018-04-03 08:43:00,-1035.99950589
2018-04-03 08:44:00,-1035.99950589
2018-04-03 08:45:00,-1035.99950589
2018-04-03 08:46:00,-1035.99950589
2018-04-03 08:47:00,-1035.99950589
2018-04-03 08:48:00,-1035.99950589
2018-04-03 08:49:00,-1035.99950589
2018-04-03 08:50:00,-1035.99950589
2018-04-03 08:51:00,-1035.99950589
2018-04-03 08:52:00,-1035.99950589
2018-04-03 08:53:00,-1035.99950589
2018-04-03 08:54:00,-1035.99950589
2018-04-03 08:55:00,-1035.99950589
2018-04-03 08:56:00,-1035.99950589
2018-04-03 08:57:00,-1035.99950589
2018-04-03 08:58:00,-1035.99950589
2018-04-03 08:59:00,-1035.99950589
2018-04-03 09:00:00,-1035.99950589
2018-04-03 09:01:00,-1035.99950589
2018-04-03 09:02:00,-1035.99950589
2018-04-03 09:03:00,-1035.99950589
2018-04-03 09:04:00,-1035.99950589
2018-04-03 09:05:00,-1035.99950589
2018-04-03 09:06:00,-1035.99950589
2018-04-03 09:07:00,-1035.99950589
2018-04-03 09:08:00,-1035.99950589
2018-04-03 09:09:00,-1035.99950589
2018-04-03 09:10:00,-1035.99950589
2018-04-03 09:11:00,-1035.99950589
2018-04-03 09:12:00,-1035.99950589
2018-04-03 09:13:00,-1035.99950589
2018-04-03 09:14:00,-1035.99950589
2018-04-03 09:15:00,-1035.99950589
2018-04-03 09:16:00,-1035.99950589
2018-04-03 09:17:00,-1025.71665688
2018-04-03 09:18:00,-1025.71665688
2018-04-03 09:19:00,-1035.99950589
2018-04-03 09:20:00,-1035.99950589
2018-04-03 09:21:00,-1035.99950589
2018-04-03 09:22:00,-1025.71665688
2018-04-03 09:23:00,-1025.71665688
2018-04-03 09:24:00,-1035.99950589
2018-04-03 09:25:00,-1035.99950589
2018-04-03 09:26:00,-1035.99950589
2018-04-03 09:27:00,-1035.99950589
2018-04-03 09:28:00,-1035.99950589
2018-04-03 09:29:00,-1035.99950589
2018-04-03 09:30:00,-1035.99950589
2018-04-03 09:31:00,-1046.28235491
2018-04-03 09:32:00,-1056.56520392
2018-04-03 09:33:00,-1056.56520392
2018-04-03 09:34:00,-1056.56520392
2018-04-03 09:35:00,-1056.56520392
2018-04-03 09:36:00,-1056.56520392
2018-04-03 09:37:00,-1056.56520392
2018-04-03 09:38:00,-1056.56520392
2018-04-03 09:39:00,-1046.28235491
2018-04-03 09:40:00,-1056.56520392
2018-04-03 09:41:00,-1066.84805293
2018-04-03 09:42:00,-1066.84805293
2018-04-03 09:43:00,-1087.41375096
2018-04-03 09:44:00,-1087.41375096
2018-04-03 09:45:00,-1087.41375096
2018-04-03 09:46:00,-1087.41375096
2018-04-03 09:47:00,-1087.41375096
2018-04-03 09:48:00,-1087.41375096
2018-04-03 09:49:00,-1097.69659997
2018-04-03 09:50:00,-1097.69659997
2018-04-03 09:51:00,-1118.26229799
2018-04-03 09:52:00,-1097.69659997
2018-04-03 09:53:00,-1097.69659997
2018-04-03 09:54:00,-1118.26229799
2018-04-03 09:55:00,-1118.26229799
2018-04-03 09:56:00,-1128.54514701
2018-04-03 09:57:00,-1128.54514701
2018-04-03 09:58:00,-1138.82799602
2018-04-03 09:59:00,-1138.82799602
2018-04-03 10:00:00,-1138.82799602
2018-04-03 10:01:00,-1138.82799602
2018-04-03 10:02:00,-1138.82799602
2018-04-03 10:03:00,-1128.54514701
2018-04-03 10:04:00,-1128.54514701
2018-04-03 10:05:00,-1128.54514701
2018-04-03 10:06:00,-1118.26229799
2018-04-03 10:07:00,-1118.26229799
2018-04-03 10:08:00,-1118.26229799
2018-04-03 10:09:00,-1107.97944898
2018-04-03 10:10:00,-1107.97944898
2018-04-03 10:11:00,-1087.41375096
2018-04-03 10:12:00,-1056.56520392
2018-04-03 10:13:00,-1035.99950589
2018-04-03 10:14:00,-1035.99950589
2018-04-03 10:15:00,-1035.99950589
2018-04-03 10:16:00,-1056.56520392
2018-04-03 10:17:00,-1066.84805293
2018-04-03 10:18:00,-1066.84805293
2018-04-03 10:19:00,-1066.84805293
2018-04-03 10:20:00,-1046.28235491
2018-04-03 10:21:00,-1025.71665688
2018-04-03 10:22:00,-1025.71665688
2018-04-03 10:23:00,-1015.43380787
2018-04-03 10:24:00,-1015.43380787
2018-04-03 10:25:00,-1015.43380787
2018-04-03 10:26:00,-1005.15095886
2018-04-03 10:27:00,-1015.43380787
2018-04-03 10:28:00,-1005.15095886
2018-04-03 10:29:00,-1046.28235491
2018-04-03 10:30:00,-1046.28235491
2018-04-03 10:31:00,-1035.99950589
2018-04-03 10:32:00,-1035.99950589
2018-04-03 10:33:00,-1046.28235491
2018-04-03 10:34:00,-1046.28235491
2018-04-03 10:35:00,-1046.28235491
2018-04-03 10:36:00,-1035.99950589
2018-04-03 10:37:00,-1035.99950589
2018-04-03 10:38:00,-1035.99950589
2018-04-03 10:39:00,-1035.99950589
2018-04-03 10:40:00,-1015.43380787
2018-04-03 10:41:00,-1025.71665688
2018-04-03 10:42:00,-1025.71665688
2018-04-03 10:43:00,-1025.71665688
2018-04-03 10:44:00,-1046.28235491
2018-04-03 10:45:00,-1046.28235491
2018-04-03 10:46:00,-1046.28235491
2018-04-03 10:47:00,-1046.28235491
2018-04-03 10:48:00,-1046.28235491
2018-04-03 10:49:00,-1046.28235491
2018-04-03 10:50:00,-1046.28235491
2018-04-03 10:51:00,-1046.28235491
2018-04-03 10:52:00,-1035.99950589
2018-04-03 10:53:00,-1025.71665688
2018-04-03 10:54:00,-1025.71665688
2018-04-03 10:55:00,-1035.99950589
2018-04-03 10:56:00,-1046.28235491
2018-04-03 10:57:00,-1046.28235491
2018-04-03 10:58:00,-1046.28235491
2018-04-03 10:59:00,-1046.28235491
2018-04-03 11:00:00,-1046.28235491
2018-04-03 11:01:00,-1046.28235491
2018-04-03 11:02:00,-1046.28235491
2018-04-03 11:03:00,-1046.28235491
2018-04-03 11:04:00,-1046.28235491
2018-04-03 11:05:00,-1046.28235491
2018-04-03 11:06:00,-1035.99950589
2018-04-03 11:07:00,-1025.71665688
2018-04-03 11:08:00,-1025.71665688
2018-04-03 11:09:00,-1025.71665688
2018-04-03 11:10:00,-1025.71665688
2018-04-03 11:11:00,-1035.99950589
2018-04-03 11:12:00,-1046.28235491
2018-04-03 11:13:00,-1046.28235491
2018-04-03 11:14:00,-1025.71665688
2018-04-03 11:15:00,-1025.71665688
2018-04-03 11:16:00,-1035.99950589
2018-04-03 11:17:00,-1025.71665688
2018-04-03 11:18:00,-1025.71665688
2018-04-03 11:19:00,-1025.71665688
2018-04-03 11:20:00,-1025.71665688
2018-04-03 11:21:00,-1025.71665688
2018-04-03 11:22:00,-1025.71665688
2018-04-03 11:23:00,-1005.15095886
2018-04-03 11:24:00,-1005.15095886
2018-04-03 11:25:00,-1015.43380787
2018-04-03 11:26:00,-1015.43380787
2018-04-03 11:27:00,-1015.43380787
2018-04-03 11:28:00,-1005.15095886
2018-04-03 11:29:00,-1005.15095886
2018-04-03 11:30:00,-1005.15095886
2018-04-03 11:31:00,-1005.15095886
2018-04-03 11:32:00,-1035.99950589
2018-04-03 11:33:00,-1015.43380787
2018-04-03 11:34:00,-1015.43380787
2018-04-03 11:35:00,-1035.99950589
2018-04-03 11:36:00,-1025.71665688
2018-04-03 11:37:00,-1015.43380787
2018-04-03 11:38:00,-994.868109843
2018-04-03 11:39:00,-1005.15095886
2018-04-03 11:40:00,-1005.15095886
2018-04-03 11:41:00,-1015.43380787
2018-04-03 11:42:00,-1015.43380787
2018-04-03 11:43:00,-1015.43380787
2018-04-03 11:44:00,-1015.43380787
2018-04-03 11:45:00,-1046.28235491
2018-04-03 11:46:00,-1046.28235491
2018-04-03 11:47:00,-1046.28235491
2018-04-03 11:48:00,-1066.84805293
2018-04-03 11:49:00,-1066.84805293
2018-04-03 11:50:00,-1066.84805293
2018-04-03 11:51:00,-1066.84805293
2018-04-03 11:52:00,-1066.84805293
2018-04-03 11:53:00,-1066.84805293
2018-04-03 11:54:00,-1056.56520392
2018-04-03 11:55:00,-1056.56520392
2018-04-03 11:56:00,-1066.84805293
2018-04-03 11:57:00,-1066.84805293
2018-04-03 11:58:00,-1066.84805293
2018-04-03 11:59:00,-1046.28235491
2018-04-04 01:29:00,-1005.05206899
2018-04-04 01:30:00,-1005.05206899
2018-04-04 01:31:00,-1005.05206899
2018-04-04 01:32:00,-1005.05206899
2018-04-04 01:33:00,-1005.05206899
2018-04-04 01:34:00,-1036.19687634
2018-04-04 01:35:00,-1036.19687634
2018-04-04 01:36:00,-1036.19687634
2018-04-04 01:37:00,-1046.57847879
2018-04-04 01:38:00,-1046.57847879
2018-04-04 01:39:00,-1036.19687634
2018-04-04 01:40:00,-1046.57847879
2018-04-04 01:41:00,-1046.57847879
2018-04-04 01:42:00,-1046.57847879
2018-04-04 01:43:00,-1046.57847879
2018-04-04 01:44:00,-1025.81527389
2018-04-04 01:45:00,-1025.81527389
2018-04-04 01:46:00,-1025.81527389
2018-04-04 01:47:00,-1025.81527389
2018-04-04 01:48:00,-1025.81527389
2018-04-04 01:49:00,-1025.81527389
2018-04-04 01:50:00,-1025.81527389
2018-04-04 01:51:00,-1025.81527389
2018-04-04 01:52:00,-1025.81527389
2018-04-04 01:53:00,-1025.81527389
2018-04-04 01:54:00,-1025.81527389
2018-04-04 01:55:00,-1025.81527389
2018-04-04 01:56:00,-1036.19687634
2018-04-04 01:57:00,-1036.19687634
2018-04-04 01:58:00,-1036.19687634
2018-04-04 01:59:00,-1046.57847879
2018-04-04 02:00:00,-973.907261645
2018-04-04 02:01:00,-963.525659195
2018-04-04 02:02:00,-963.525659195
2018-04-04 02:03:00,-963.525659195
2018-04-04 02:04:00,-963.525659195
2018-04-04 02:05:00,-963.525659195
2018-04-04 02:06:00,-963.525659195
2018-04-04 02:07:00,-963.525659195
2018-04-04 02:08:00,-973.907261645
2018-04-04 02:09:00,-973.907261645
2018-04-04 02:10:00,-973.907261645
2018-04-04 02:11:00,-973.907261645
2018-04-04 02:12:00,-984.288864095
2018-04-04 02:13:00,-984.288864095
2018-04-04 02:14:00,-1046.57847879
2018-04-04 02:15:00,-1036.19687634
2018-04-04 02:16:00,-1046.57847879
2018-04-04 02:17:00,-1046.57847879
2018-04-04 02:18:00,-1046.57847879
2018-04-04 02:19:00,-1046.57847879
2018-04-04 02:20:00,-1046.57847879
2018-04-04 02:21:00,-1046.57847879
2018-04-04 02:22:00,-1036.19687634
2018-04-04 02:23:00,-1036.19687634
2018-04-04 02:24:00,-1036.19687634
2018-04-04 02:25:00,-1015.43367144
2018-04-04 02:26:00,-1015.43367144
2018-04-04 02:27:00,-1025.81527389
2018-04-04 02:28:00,-1025.81527389
2018-04-04 02:29:00,-1046.57847879
2018-04-04 02:30:00,-1046.57847879
2018-04-04 02:31:00,-1046.57847879
2018-04-04 02:32:00,-1036.19687634
2018-04-04 02:33:00,-1036.19687634
2018-04-04 02:34:00,-1036.19687634
2018-04-04 02:35:00,-1046.57847879
2018-04-04 02:36:00,-1046.57847879
2018-04-04 02:37:00,-1046.57847879
2018-04-04 02:38:00,-1046.57847879
2018-04-04 02:39:00,-1046.57847879
2018-04-04 02:40:00,-1015.43367144
2018-04-04 02:41:00,-1015.43367144
2018-04-04 02:42:00,-1015.43367144
2018-04-04 02:43:00,-1015.43367144
2018-04-04 02:44:00,-1015.43367144
2018-04-04 02:45:00,-994.670466545
2018-04-04 02:46:00,-994.670466545
2018-04-04 02:47:00,-994.670466545
2018-04-04 02:48:00,-994.670466545
2018-04-04 02:49:00,-994.670466545
2018-04-04 02:50:00,-953.144056745
2018-04-04 02:51:00,-963.525659195
2018-04-04 02:52:00,-953.144056745
2018-04-04 02:53:00,-953.144056745
2018-04-04 02:54:00,-953.144056745
2018-04-04 02:55:00,-953.144056745
2018-04-04 02:56:00,-953.144056745
2018-04-04 02:57:00,-963.525659195
2018-04-04 02:58:00,-942.762454295
2018-04-04 02:59:00,-963.525659195
2018-04-04 03:00:00,-953.144056745
2018-04-04 03:01:00,-963.525659195
2018-04-04 03:02:00,-963.525659195
2018-04-04 03:03:00,-963.525659195
2018-04-04 03:04:00,-963.525659195
2018-04-04 03:05:00,-963.525659195
2018-04-04 03:06:00,-963.525659195
2018-04-04 03:07:00,-963.525659195
2018-04-04 03:08:00,-963.525659195
2018-04-04 03:09:00,-963.525659195
2018-04-04 03:10:00,-932.380851845
2018-04-04 03:11:00,-921.999249395
2018-04-04 03:12:00,-921.999249395
2018-04-04 03:13:00,-921.999249395
2018-04-04 03:14:00,-921.999249395
2018-04-04 03:15:00,-942.762454295
2018-04-04 03:16:00,-942.762454295
2018-04-04 03:17:00,-921.999249395
2018-04-04 03:18:00,-932.380851845
2018-04-04 03:19:00,-921.999249395
2018-04-04 03:20:00,-921.999249395
2018-04-04 03:21:00,-921.999249395
2018-04-04 03:22:00,-921.999249395
2018-04-04 03:23:00,-932.380851845
2018-04-04 03:24:00,-932.380851845
2018-04-04 03:25:00,-921.999249395
2018-04-04 03:26:00,-921.999249395
2018-04-04 03:27:00,-921.999249395
2018-04-04 03:28:00,-921.999249395
2018-04-04 03:29:00,-921.999249395
2018-04-04 03:30:00,-880.472839595
2018-04-04 03:31:00,-890.854442045
2018-04-04 03:32:00,-901.236044495
2018-04-04 03:33:00,-901.236044495
2018-04-04 03:34:00,-870.091237145
2018-04-04 03:35:00,-870.091237145
2018-04-04 03:36:00,-901.236044495
2018-04-04 03:37:00,-942.762454295
2018-04-04 03:38:00,-942.762454295
2018-04-04 03:39:00,-942.762454295
2018-04-04 03:40:00,-942.762454295
2018-04-04 03:41:00,-932.380851845
2018-04-04 03:42:00,-932.380851845
2018-04-04 03:43:00,-932.380851845
2018-04-04 03:44:00,-890.854442045
2018-04-04 03:45:00,-870.091237145
2018-04-04 03:46:00,-880.472839595
2018-04-04 03:47:00,-890.854442045
2018-04-04 03:48:00,-890.854442045
2018-04-04 03:49:00,-890.854442045
2018-04-04 03:50:00,-901.236044495
2018-04-04 03:51:00,-890.854442045
2018-04-04 03:52:00,-880.472839595
2018-04-04 03:53:00,-880.472839595
2018-04-04 03:54:00,-880.472839595
2018-04-04 03:55:00,-880.472839595
2018-04-04 03:56:00,-880.472839595
2018-04-04 03:57:00,-870.091237145
2018-04-04 03:58:00,-880.472839595
2018-04-04 03:59:00,-880.472839595
2018-04-04 04:00:00,-870.091237145
2018-04-04 04:01:00,-880.472839595
2018-04-04 04:02:00,-890.854442045
2018-04-04 04:03:00,-890.854442045
2018-04-04 04:04:00,-911.617646945
2018-04-04 04:05:00,-921.999249395
2018-04-04 04:06:00,-911.617646945
2018-04-04 04:07:00,-911.617646945
2018-04-04 04:08:00,-911.617646945
2018-04-04 04:09:00,-932.380851845
2018-04-04 04:10:00,-932.380851845
2018-04-04 04:11:00,-932.380851845
2018-04-04 04:12:00,-932.380851845
2018-04-04 04:13:00,-921.999249395
2018-04-04 04:14:00,-932.380851845
2018-04-04 04:15:00,-932.380851845
2018-04-04 04:16:00,-921.999249395
2018-04-04 04:17:00,-921.999249395
2018-04-04 04:18:00,-921.999249395
2018-04-04 04:19:00,-921.999249395
2018-04-04 04:20:00,-911.617646945
2018-04-04 04:21:00,-911.617646945
2018-04-04 04:22:00,-880.472839595
2018-04-04 04:23:00,-880.472839595
2018-04-04 04:24:00,-880.472839595
2018-04-04 04:25:00,-880.472839595
2018-04-04 04:26:00,-880.472839595
2018-04-04 04:27:00,-880.472839595
2018-04-04 04:28:00,-911.617646945
2018-04-04 04:29:00,-911.617646945
2018-04-04 04:30:00,-911.617646945
2018-04-04 04:31:00,-911.617646945
2018-04-04 04:32:00,-911.617646945
2018-04-04 04:33:00,-911.617646945
2018-04-04 04:34:00,-911.617646945
2018-04-04 04:35:00,-901.236044495
2018-04-04 04:36:00,-911.617646945
2018-04-04 04:37:00,-911.617646945
2018-04-04 04:38:00,-911.617646945
2018-04-04 04:39:00,-921.999249395
2018-04-04 04:40:00,-921.999249395
2018-04-04 04:41:00,-921.999249395
2018-04-04 04:42:00,-921.999249395
2018-04-04 04:43:00,-921.999249395
2018-04-04 04:44:00,-911.617646945
2018-04-04 04:45:00,-911.617646945
2018-04-04 04:46:00,-890.854442045
2018-04-04 04:47:00,-890.854442045
2018-04-04 04:48:00,-890.854442045
2018-04-04 04:49:00,-890.854442045
2018-04-04 04:50:00,-890.854442045
2018-04-04 04:51:00,-890.854442045
2018-04-04 04:52:00,-890.854442045
2018-04-04 04:53:00,-880.472839595
2018-04-04 04:54:00,-890.854442045
2018-04-04 04:55:00,-890.854442045
2018-04-04 04:56:00,-890.854442045
2018-04-04 04:57:00,-890.854442045
2018-04-04 04:58:00,-890.854442045
2018-04-04 04:59:00,-890.854442045
2018-04-04 05:00:00,-890.854442045
2018-04-04 05:01:00,-870.091237145
2018-04-04 05:02:00,-870.091237145
2018-04-04 05:03:00,-859.709634695
2018-04-04 05:04:00,-870.091237145
2018-04-04 05:05:00,-870.091237145
2018-04-04 05:06:00,-870.091237145
2018-04-04 05:07:00,-870.091237145
2018-04-04 05:08:00,-870.091237145
2018-04-04 05:09:00,-870.091237145
2018-04-04 05:10:00,-859.709634695
2018-04-04 05:11:00,-859.709634695
2018-04-04 05:12:00,-870.091237145
2018-04-04 05:13:00,-859.709634695
2018-04-04 05:14:00,-859.709634695
2018-04-04 05:15:00,-838.946429795
2018-04-04 05:16:00,-818.183224895
2018-04-04 05:17:00,-818.183224895
2018-04-04 05:18:00,-818.183224895
2018-04-04 05:19:00,-818.183224895
2018-04-04 05:20:00,-818.183224895
2018-04-04 05:21:00,-828.564827345
2018-04-04 05:22:00,-828.564827345
2018-04-04 05:23:00,-838.946429795
2018-04-04 05:24:00,-828.564827345
2018-04-04 05:25:00,-828.564827345
2018-04-04 05:26:00,-828.564827345
2018-04-04 05:27:00,-838.946429795
2018-04-04 05:28:00,-828.564827345
2018-04-04 05:29:00,-818.183224895
2018-04-04 05:30:00,-807.801622445
2018-04-04 05:31:00,-807.801622445
2018-04-04 05:32:00,-807.801622445
2018-04-04 05:33:00,-807.801622445
2018-04-04 05:34:00,-828.564827345
2018-04-04 05:35:00,-838.946429795
2018-04-04 05:36:00,-838.946429795
2018-04-04 05:37:00,-838.946429795
2018-04-04 05:38:00,-828.564827345
2018-04-04 05:39:00,-828.564827345
2018-04-04 05:40:00,-828.564827345
2018-04-04 05:41:00,-818.183224895
2018-04-04 05:42:00,-797.420019995
2018-04-04 05:43:00,-797.420019995
2018-04-04 05:44:00,-838.946429795
2018-04-04 05:45:00,-838.946429795
2018-04-04 05:46:00,-838.946429795
2018-04-04 05:47:00,-838.946429795
2018-04-04 05:48:00,-838.946429795
2018-04-04 05:49:00,-838.946429795
2018-04-04 05:50:00,-838.946429795
2018-04-04 05:51:00,-838.946429795
2018-04-04 05:52:00,-849.328032245
2018-04-04 05:53:00,-838.946429795
2018-04-04 05:54:00,-849.328032245
2018-04-04 05:55:00,-921.999249395
2018-04-04 05:56:00,-921.999249395
2018-04-04 05:57:00,-921.999249395
2018-04-04 05:58:00,-880.472839595
2018-04-04 05:59:00,-859.709634695
2018-04-04 06:00:00,-921.999249395
2018-04-04 06:01:00,-942.762454295
2018-04-04 06:02:00,-901.236044495
2018-04-04 06:03:00,-911.617646945
2018-04-04 06:04:00,-911.617646945
2018-04-04 06:05:00,-911.617646945
2018-04-04 06:06:00,-911.617646945
2018-04-04 06:07:00,-911.617646945
2018-04-04 06:08:00,-911.617646945
2018-04-04 06:09:00,-911.617646945
2018-04-04 06:10:00,-911.617646945
2018-04-04 06:11:00,-911.617646945
2018-04-04 06:12:00,-911.617646945
2018-04-04 06:13:00,-911.617646945
2018-04-04 06:14:00,-890.854442045
2018-04-04 06:15:00,-890.854442045
2018-04-04 06:16:00,-901.236044495
2018-04-04 06:17:00,-901.236044495
2018-04-04 06:18:00,-901.236044495
2018-04-04 06:19:00,-901.236044495
2018-04-04 06:20:00,-901.236044495
2018-04-04 06:21:00,-901.236044495
2018-04-04 06:22:00,-890.854442045
2018-04-04 06:23:00,-890.854442045
2018-04-04 06:24:00,-911.617646945
2018-04-04 06:25:00,-911.617646945
2018-04-04 06:26:00,-901.236044495
2018-04-04 06:27:00,-901.236044495
2018-04-04 06:28:00,-901.236044495
2018-04-04 06:29:00,-911.617646945
2018-04-04 06:30:00,-911.617646945
2018-04-04 06:31:00,-901.236044495
2018-04-04 06:32:00,-911.617646945
2018-04-04 06:33:00,-911.617646945
2018-04-04 06:34:00,-911.617646945
2018-04-04 06:35:00,-911.617646945
2018-04-04 06:36:00,-911.617646945
2018-04-04 06:37:00,-932.380851845
2018-04-04 06:38:00,-932.380851845
2018-04-04 06:39:00,-942.762454295
2018-04-04 06:40:00,-942.762454295
2018-04-04 06:41:00,-932.380851845
2018-04-04 06:42:00,-932.380851845
2018-04-04 06:43:00,-932.380851845
2018-04-04 06:44:00,-932.380851845
2018-04-04 06:45:00,-932.380851845
2018-04-04 06:46:00,-932.380851845
2018-04-04 06:47:00,-953.144056745
2018-04-04 06:48:00,-953.144056745
2018-04-04 06:49:00,-942.762454295
2018-04-04 06:50:00,-942.762454295
2018-04-04 06:51:00,-942.762454295
2018-04-04 06:52:00,-932.380851845
2018-04-04 06:53:00,-932.380851845
2018-04-04 06:54:00,-932.380851845
2018-04-04 06:55:00,-911.617646945
2018-04-04 06:56:00,-911.617646945
2018-04-04 06:57:00,-911.617646945
2018-04-04 06:58:00,-911.617646945
2018-04-04 06:59:00,-911.617646945
2018-04-04 07:00:00,-911.617646945
2018-04-04 07:01:00,-911.617646945
2018-04-04 07:02:00,-911.617646945
2018-04-04 07:03:00,-911.617646945
2018-04-04 07:04:00,-911.617646945
2018-04-04 07:05:00,-911.617646945
2018-04-04 07:06:00,-911.617646945
2018-04-04 07:07:00,-911.617646945
2018-04-04 07:08:00,-901.236044495
2018-04-04 07:09:00,-901.236044495
2018-04-04 07:10:00,-890.854442045
2018-04-04 07:11:00,-880.472839595
2018-04-04 07:12:00,-880.472839595
2018-04-04 07:13:00,-901.236044495
2018-04-04 07:14:00,-901.236044495
2018-04-04 07:15:00,-901.236044495
2018-04-04 07:16:00,-890.854442045
2018-04-04 07:17:00,-890.854442045
2018-04-04 07:18:00,-942.762454295
2018-04-04 07:19:00,-932.380851845
2018-04-04 07:20:00,-932.380851845
2018-04-04 07:21:00,-932.380851845
2018-04-04 07:22:00,-901.236044495
2018-04-04 07:23:00,-911.617646945
2018-04-04 07:24:00,-932.380851845
2018-04-04 07:25:00,-911.617646945
2018-04-04 07:26:00,-901.236044495
2018-04-04 07:27:00,-911.617646945
2018-04-04 07:28:00,-911.617646945
2018-04-04 07:29:00,-911.617646945
2018-04-04 07:30:00,-911.617646945
2018-04-04 07:31:00,-921.999249395
2018-04-04 07:32:00,-911.617646945
2018-04-04 07:33:00,-911.617646945
2018-04-04 07:34:00,-911.617646945
2018-04-04 07:35:00,-921.999249395
2018-04-04 07:36:00,-953.144056745
2018-04-04 07:37:00,-953.144056745
2018-04-04 07:38:00,-953.144056745
2018-04-04 07:39:00,-932.380851845
2018-04-04 07:40:00,-932.380851845
2018-04-04 07:41:00,-942.762454295
2018-04-04 07:42:00,-953.144056745
2018-04-04 07:43:00,-953.144056745
2018-04-04 07:44:00,-953.144056745
2018-04-04 07:45:00,-953.144056745
2018-04-04 07:46:00,-932.380851845
2018-04-04 07:47:00,-932.380851845
2018-04-04 07:48:00,-932.380851845
2018-04-04 07:49:00,-942.762454295
2018-04-04 07:50:00,-953.144056745
2018-04-04 07:51:00,-953.144056745
2018-04-04 07:52:00,-953.144056745
2018-04-04 07:53:00,-963.525659195
2018-04-04 07:54:00,-963.525659195
2018-04-04 07:55:00,-953.144056745
2018-04-04 07:56:00,-963.525659195
2018-04-04 07:57:00,-963.525659195
2018-04-04 07:58:00,-963.525659195
2018-04-04 07:59:00,-953.144056745
2018-04-04 08:00:00,-953.144056745
2018-04-04 08:01:00,-953.144056745
2018-04-04 08:02:00,-953.144056745
2018-04-04 08:03:00,-953.144056745
2018-04-04 08:04:00,-953.144056745
2018-04-04 08:05:00,-953.144056745
2018-04-04 08:06:00,-953.144056745
2018-04-04 08:07:00,-994.670466545
2018-04-04 08:08:00,-994.670466545
2018-04-04 08:09:00,-994.670466545
2018-04-04 08:10:00,-1015.43367144
2018-04-04 08:11:00,-1015.43367144
2018-04-04 08:12:00,-1036.19687634
2018-04-04 08:13:00,-1015.43367144
2018-04-04 08:14:00,-1025.81527389
2018-04-04 08:15:00,-1025.81527389
2018-04-04 08:16:00,-1025.81527389
2018-04-04 08:17:00,-1015.43367144
2018-04-04 08:18:00,-1015.43367144
2018-04-04 08:19:00,-1015.43367144
2018-04-04 08:20:00,-1025.81527389
2018-04-04 08:21:00,-1025.81527389
2018-04-04 08:22:00,-1025.81527389
2018-04-04 08:23:00,-1015.43367144
2018-04-04 08:24:00,-1015.43367144
2018-04-04 08:25:00,-1015.43367144
2018-04-04 08:26:00,-1015.43367144
2018-04-04 08:27:00,-1015.43367144
2018-04-04 08:28:00,-1015.43367144
2018-04-04 08:29:00,-1015.43367144
2018-04-04 08:30:00,-1025.81527389
2018-04-04 08:31:00,-1077.72328614
2018-04-04 08:32:00,-1098.48649104
2018-04-04 08:33:00,-1098.48649104
2018-04-04 08:34:00,-1098.48649104
2018-04-04 08:35:00,-1098.48649104
2018-04-04 08:36:00,-1098.48649104
2018-04-04 08:37:00,-1098.48649104
2018-04-04 08:38:00,-1098.48649104
2018-04-04 08:39:00,-1098.48649104
2018-04-04 08:40:00,-1098.48649104
2018-04-04 08:41:00,-1077.72328614
2018-04-04 08:42:00,-1077.72328614
2018-04-04 08:43:00,-1077.72328614
2018-04-04 08:44:00,-1077.72328614
2018-04-04 08:45:00,-1067.34168369
2018-04-04 08:46:00,-1067.34168369
2018-04-04 08:47:00,-1046.57847879
2018-04-04 08:48:00,-1067.34168369
2018-04-04 08:49:00,-1067.34168369
2018-04-04 08:50:00,-1046.57847879
2018-04-04 08:51:00,-1077.72328614
2018-04-04 08:52:00,-1077.72328614
2018-04-04 08:53:00,-1067.34168369
2018-04-04 08:54:00,-1067.34168369
2018-04-04 08:55:00,-1056.96008124
2018-04-04 08:56:00,-1088.10488859
2018-04-04 08:57:00,-1088.10488859
2018-04-04 08:58:00,-1077.72328614
2018-04-04 08:59:00,-1098.48649104
2018-04-04 09:00:00,-1088.10488859
2018-04-04 09:01:00,-1056.96008124
2018-04-04 09:02:00,-1046.57847879
2018-04-04 09:03:00,-1036.19687634
2018-04-04 09:04:00,-1056.96008124
2018-04-04 09:05:00,-1036.19687634
2018-04-04 09:06:00,-1077.72328614
2018-04-04 09:07:00,-1098.48649104
2018-04-04 09:08:00,-1088.10488859
2018-04-04 09:09:00,-1088.10488859
2018-04-04 09:10:00,-1098.48649104
2018-04-04 09:11:00,-1098.48649104
2018-04-04 09:12:00,-1098.48649104
2018-04-04 09:13:00,-1098.48649104
2018-04-04 09:14:00,-1098.48649104
2018-04-04 09:15:00,-1098.48649104
2018-04-04 09:16:00,-1098.48649104
2018-04-04 09:17:00,-1088.10488859
2018-04-04 09:18:00,-1088.10488859
2018-04-04 09:19:00,-1077.72328614
2018-04-04 09:20:00,-1077.72328614
2018-04-04 09:21:00,-1077.72328614
2018-04-04 09:22:00,-1077.72328614
2018-04-04 09:23:00,-1077.72328614
2018-04-04 09:24:00,-1077.72328614
2018-04-04 09:25:00,-1077.72328614
2018-04-04 09:26:00,-1088.10488859
2018-04-04 09:27:00,-1108.86809349
2018-04-04 09:28:00,-1108.86809349
2018-04-04 09:29:00,-1088.10488859
2018-04-04 09:30:00,-1108.86809349
2018-04-04 09:31:00,-1108.86809349
2018-04-04 09:32:00,-1108.86809349
2018-04-04 09:33:00,-1098.48649104
2018-04-04 09:34:00,-1098.48649104
2018-04-04 09:35:00,-1098.48649104
2018-04-04 09:36:00,-1098.48649104
2018-04-04 09:37:00,-1098.48649104
2018-04-04 09:38:00,-1108.86809349
2018-04-04 09:39:00,-1108.86809349
2018-04-04 09:40:00,-1108.86809349
2018-04-04 09:41:00,-1108.86809349
2018-04-04 09:42:00,-1108.86809349
2018-04-04 09:43:00,-1108.86809349
2018-04-04 09:44:00,-1108.86809349
2018-04-04 09:45:00,-1108.86809349
2018-04-04 09:46:00,-1108.86809349
2018-04-04 09:47:00,-1140.01290084
2018-04-04 09:48:00,-1140.01290084
2018-04-04 09:49:00,-1140.01290084
2018-04-04 09:50:00,-1140.01290084
2018-04-04 09:51:00,-1129.63129839
2018-04-04 09:52:00,-1129.63129839
2018-04-04 09:53:00,-1119.24969594
2018-04-04 09:54:00,-1119.24969594
2018-04-04 09:55:00,-1119.24969594
2018-04-04 09:56:00,-1119.24969594
2018-04-04 09:57:00,-1119.24969594
2018-04-04 09:58:00,-1119.24969594
2018-04-04 09:59:00,-1119.24969594
2018-04-04 10:00:00,-1119.24969594
2018-04-04 10:01:00,-1119.24969594
2018-04-04 10:02:00,-1119.24969594
2018-04-04 10:03:00,-1108.86809349
2018-04-04 10:04:00,-1108.86809349
2018-04-04 10:05:00,-1108.86809349
2018-04-04 10:06:00,-1108.86809349
2018-04-04 10:07:00,-1119.24969594
2018-04-04 10:08:00,-1129.63129839
2018-04-04 10:09:00,-1129.63129839
2018-04-04 10:10:00,-1129.63129839
2018-04-04 10:11:00,-1129.63129839
2018-04-04 10:12:00,-1129.63129839
2018-04-04 10:13:00,-1129.63129839
2018-04-04 10:14:00,-1098.48649104
2018-04-04 10:15:00,-1098.48649104
2018-04-04 10:16:00,-1108.86809349
2018-04-04 10:17:00,-1108.86809349
2018-04-04 10:18:00,-1108.86809349
2018-04-04 10:19:00,-1108.86809349
2018-04-04 10:20:00,-1098.48649104
2018-04-04 10:21:00,-1119.24969594
2018-04-04 10:22:00,-1119.24969594
2018-04-04 10:23:00,-1119.24969594
2018-04-04 10:24:00,-1119.24969594
2018-04-04 10:25:00,-1119.24969594
2018-04-04 10:26:00,-1119.24969594
2018-04-04 10:27:00,-1119.24969594
2018-04-04 10:28:00,-1119.24969594
2018-04-04 10:29:00,-1119.24969594
2018-04-04 10:30:00,-1119.24969594
2018-04-04 10:31:00,-1119.24969594
2018-04-04 10:32:00,-1119.24969594
2018-04-04 10:33:00,-1119.24969594
2018-04-04 10:34:00,-1119.24969594
2018-04-04 10:35:00,-1119.24969594
2018-04-04 10:36:00,-1119.24969594
2018-04-04 10:37:00,-1119.24969594
2018-04-04 10:38:00,-1119.24969594
2018-04-04 10:39:00,-1119.24969594
2018-04-04 10:40:00,-1119.24969594
2018-04-04 10:41:00,-1119.24969594
2018-04-04 10:42:00,-1140.01290084
2018-04-04 10:43:00,-1140.01290084
2018-04-04 10:44:00,-1129.63129839
2018-04-04 10:45:00,-1129.63129839
2018-04-04 10:46:00,-1129.63129839
2018-04-04 10:47:00,-1140.01290084
2018-04-04 10:48:00,-1140.01290084
2018-04-04 10:49:00,-1140.01290084
2018-04-04 10:50:00,-1129.63129839
2018-04-04 10:51:00,-1129.63129839
2018-04-04 10:52:00,-1129.63129839
2018-04-04 10:53:00,-1108.86809349
2018-04-04 10:54:00,-1108.86809349
2018-04-04 10:55:00,-1108.86809349
2018-04-04 10:56:00,-1108.86809349
2018-04-04 10:57:00,-1108.86809349
2018-04-04 10:58:00,-1108.86809349
2018-04-04 10:59:00,-1108.86809349
2018-04-04 11:00:00,-1108.86809349
2018-04-04 11:01:00,-1108.86809349
2018-04-04 11:02:00,-1119.24969594
2018-04-04 11:03:00,-1129.63129839
2018-04-04 11:04:00,-1129.63129839
2018-04-04 11:05:00,-1129.63129839
2018-04-04 11:06:00,-1129.63129839
2018-04-04 11:07:00,-1129.63129839
2018-04-04 11:08:00,-1129.63129839
2018-04-04 11:09:00,-1160.77610574
2018-04-04 11:10:00,-1171.15770819
2018-04-04 11:11:00,-1171.15770819
2018-04-04 11:12:00,-1171.15770819
2018-04-04 11:13:00,-1160.77610574
2018-04-04 11:14:00,-1160.77610574
2018-04-04 11:15:00,-1160.77610574
2018-04-04 11:16:00,-1160.77610574
2018-04-04 11:17:00,-1140.01290084
2018-04-04 11:18:00,-1140.01290084
2018-04-04 11:19:00,-1150.39450329
2018-04-04 11:20:00,-1150.39450329
2018-04-04 11:21:00,-1160.77610574
2018-04-04 11:22:00,-1119.24969594
2018-04-04 11:23:00,-1119.24969594
2018-04-04 11:24:00,-1119.24969594
2018-04-04 11:25:00,-1119.24969594
2018-04-04 11:26:00,-1119.24969594
2018-04-04 11:27:00,-1119.24969594
2018-04-04 11:28:00,-1119.24969594
2018-04-04 11:29:00,-1119.24969594
2018-04-04 11:30:00,-1119.24969594
2018-04-04 11:31:00,-1119.24969594
2018-04-04 11:32:00,-1119.24969594
2018-04-04 11:33:00,-1119.24969594
2018-04-04 11:34:00,-1119.24969594
2018-04-04 11:35:00,-1119.24969594
2018-04-04 11:36:00,-1119.24969594
2018-04-04 11:37:00,-1119.24969594
2018-04-04 11:38:00,-1119.24969594
2018-04-04 11:39:00,-1119.24969594
2018-04-04 11:40:00,-1119.24969594
2018-04-04 11:41:00,-1119.24969594
2018-04-04 11:42:00,-1129.63129839
2018-04-04 11:43:00,-1129.63129839
2018-04-04 11:44:00,-1129.63129839
2018-04-04 11:45:00,-1108.86809349
2018-04-04 11:46:00,-1108.86809349
2018-04-04 11:47:00,-1108.86809349
2018-04-04 11:48:00,-1129.63129839
2018-04-04 11:49:00,-1119.24969594
2018-04-04 11:50:00,-1129.63129839
2018-04-04 11:51:00,-1129.63129839
2018-04-04 11:52:00,-1119.24969594
2018-04-04 11:53:00,-1129.63129839
2018-04-04 11:54:00,-1129.63129839
2018-04-04 11:55:00,-1129.63129839
2018-04-04 11:56:00,-1129.63129839
2018-04-04 11:57:00,-1129.63129839
2018-04-04 11:58:00,-1129.63129839
2018-04-04 11:59:00,-1129.63129839
2018-04-05 01:29:00,-1191.92008257
2018-04-05 01:30:00,-1191.92008257
2018-04-05 01:31:00,-1191.92008257
2018-04-05 01:32:00,-1191.92008257
2018-04-05 01:33:00,-1191.92008257
2018-04-05 01:34:00,-1191.92008257
2018-04-05 01:35:00,-1191.92008257
2018-04-05 01:36:00,-1191.92008257
2018-04-05 01:37:00,-1212.68328747
2018-04-05 01:38:00,-1212.68328747
2018-04-05 01:39:00,-1212.68328747
2018-04-05 01:40:00,-1212.68328747
2018-04-05 01:41:00,-1212.68328747
2018-04-05 01:42:00,-1212.68328747
2018-04-05 01:43:00,-1212.68328747
2018-04-05 01:44:00,-1233.44649237
2018-04-05 01:45:00,-1233.44649237
2018-04-05 01:46:00,-1233.44649237
2018-04-05 01:47:00,-1233.44649237
2018-04-05 01:48:00,-1233.44649237
2018-04-05 01:49:00,-1233.44649237
2018-04-05 01:50:00,-1233.44649237
2018-04-05 01:51:00,-1233.44649237
2018-04-05 01:52:00,-1233.44649237
2018-04-05 01:53:00,-1233.44649237
2018-04-05 01:54:00,-1233.44649237
2018-04-05 01:55:00,-1233.44649237
2018-04-05 01:56:00,-1233.44649237
2018-04-05 01:57:00,-1233.44649237
2018-04-05 01:58:00,-1264.59129972
2018-04-05 01:59:00,-1264.59129972
2018-04-05 02:00:00,-1243.82809482
2018-04-05 02:01:00,-1243.82809482
2018-04-05 02:02:00,-1264.59129972
2018-04-05 02:03:00,-1264.59129972
2018-04-05 02:04:00,-1264.59129972
2018-04-05 02:05:00,-1264.59129972
2018-04-05 02:06:00,-1264.59129972
2018-04-05 02:07:00,-1264.59129972
2018-04-05 02:08:00,-1285.35450462
2018-04-05 02:09:00,-1285.35450462
2018-04-05 02:10:00,-1295.73610707
2018-04-05 02:11:00,-1306.11770952
2018-04-05 02:12:00,-1295.73610707
2018-04-05 02:13:00,-1285.35450462
2018-04-05 02:14:00,-1285.35450462
2018-04-05 02:15:00,-1295.73610707
2018-04-05 02:16:00,-1295.73610707
2018-04-05 02:17:00,-1295.73610707
2018-04-05 02:18:00,-1295.73610707
2018-04-05 02:19:00,-1295.73610707
2018-04-05 02:20:00,-1295.73610707
2018-04-05 02:21:00,-1295.73610707
2018-04-05 02:22:00,-1295.73610707
2018-04-05 02:23:00,-1295.73610707
2018-04-05 02:24:00,-1295.73610707
2018-04-05 02:25:00,-1295.73610707
2018-04-05 02:26:00,-1285.35450462
2018-04-05 02:27:00,-1264.59129972
2018-04-05 02:28:00,-1254.20969727
2018-04-05 02:29:00,-1264.59129972
2018-04-05 02:30:00,-1254.20969727
2018-04-05 02:31:00,-1264.59129972
2018-04-05 02:32:00,-1243.82809482
2018-04-05 02:33:00,-1254.20969727
2018-04-05 02:34:00,-1254.20969727
2018-04-05 02:35:00,-1254.20969727
2018-04-05 02:36:00,-1254.20969727
2018-04-05 02:37:00,-1243.82809482
2018-04-05 02:38:00,-1254.20969727
2018-04-05 02:39:00,-1264.59129972
2018-04-05 02:40:00,-1264.59129972
2018-04-05 02:41:00,-1264.59129972
2018-04-05 02:42:00,-1264.59129972
2018-04-05 02:43:00,-1274.97290217
2018-04-05 02:44:00,-1274.97290217
2018-04-05 02:45:00,-1274.97290217
2018-04-05 02:46:00,-1285.35450462
2018-04-05 02:47:00,-1285.35450462
2018-04-05 02:48:00,-1285.35450462
2018-04-05 02:49:00,-1285.35450462
2018-04-05 02:50:00,-1264.59129972
2018-04-05 02:51:00,-1243.82809482
2018-04-05 02:52:00,-1243.82809482
2018-04-05 02:53:00,-1243.82809482
2018-04-05 02:54:00,-1243.82809482
2018-04-05 02:55:00,-1264.59129972
2018-04-05 02:56:00,-1264.59129972
2018-04-05 02:57:00,-1285.35450462
2018-04-05 02:58:00,-1285.35450462
2018-04-05 02:59:00,-1274.97290217
2018-04-05 03:00:00,-1285.35450462
2018-04-05 03:01:00,-1254.20969727
2018-04-05 03:02:00,-1243.82809482
2018-04-05 03:03:00,-1243.82809482
2018-04-05 03:04:00,-1243.82809482
2018-04-05 03:05:00,-1243.82809482
2018-04-05 03:06:00,-1243.82809482
2018-04-05 03:07:00,-1243.82809482
2018-04-05 03:08:00,-1243.82809482
2018-04-05 03:09:00,-1243.82809482
2018-04-05 03:10:00,-1243.82809482
2018-04-05 03:11:00,-1243.82809482
2018-04-05 03:12:00,-1254.20969727
2018-04-05 03:13:00,-1254.20969727
2018-04-05 03:14:00,-1254.20969727
2018-04-05 03:15:00,-1254.20969727
2018-04-05 03:16:00,-1254.20969727
2018-04-05 03:17:00,-1243.82809482
2018-04-05 03:18:00,-1254.20969727
2018-04-05 03:19:00,-1254.20969727
2018-04-05 03:20:00,-1254.20969727
2018-04-05 03:21:00,-1254.20969727
2018-04-05 03:22:00,-1254.20969727
2018-04-05 03:23:00,-1254.20969727
2018-04-05 03:24:00,-1254.20969727
2018-04-05 03:25:00,-1254.20969727
2018-04-05 03:26:00,-1254.20969727
2018-04-05 03:27:00,-1254.20969727
2018-04-05 03:28:00,-1254.20969727
2018-04-05 03:29:00,-1243.82809482
2018-04-05 03:30:00,-1243.82809482
2018-04-05 03:31:00,-1254.20969727
2018-04-05 03:32:00,-1243.82809482
2018-04-05 03:33:00,-1254.20969727
2018-04-05 03:34:00,-1254.20969727
2018-04-05 03:35:00,-1264.59129972
2018-04-05 03:36:00,-1285.35450462
2018-04-05 03:37:00,-1285.35450462
2018-04-05 03:38:00,-1285.35450462
2018-04-05 03:39:00,-1285.35450462
2018-04-05 03:40:00,-1285.35450462
2018-04-05 03:41:00,-1285.35450462
2018-04-05 03:42:00,-1285.35450462
2018-04-05 03:43:00,-1264.59129972
2018-04-05 03:44:00,-1264.59129972
2018-04-05 03:45:00,-1254.20969727
2018-04-05 03:46:00,-1254.20969727
2018-04-05 03:47:00,-1274.97290217
2018-04-05 03:48:00,-1274.97290217
2018-04-05 03:49:00,-1285.35450462
2018-04-05 03:50:00,-1285.35450462
2018-04-05 03:51:00,-1285.35450462
2018-04-05 03:52:00,-1285.35450462
2018-04-05 03:53:00,-1326.88091442
2018-04-05 03:54:00,-1326.88091442
2018-04-05 03:55:00,-1316.49931197
2018-04-05 03:56:00,-1316.49931197
2018-04-05 03:57:00,-1316.49931197
2018-04-05 03:58:00,-1295.73610707
2018-04-05 03:59:00,-1285.35450462
2018-04-05 04:00:00,-1274.97290217
2018-04-05 04:01:00,-1295.73610707
2018-04-05 04:02:00,-1274.97290217
2018-04-05 04:03:00,-1274.97290217
2018-04-05 04:04:00,-1285.35450462
2018-04-05 04:05:00,-1274.97290217
2018-04-05 04:06:00,-1264.59129972
2018-04-05 04:07:00,-1264.59129972
2018-04-05 04:08:00,-1264.59129972
2018-04-05 04:09:00,-1254.20969727
2018-04-05 04:10:00,-1264.59129972
2018-04-05 04:11:00,-1254.20969727
2018-04-05 04:12:00,-1254.20969727
2018-04-05 04:13:00,-1254.20969727
2018-04-05 04:14:00,-1254.20969727
2018-04-05 04:15:00,-1254.20969727
2018-04-05 04:16:00,-1254.20969727
2018-04-05 04:17:00,-1254.20969727
2018-04-05 04:18:00,-1254.20969727
2018-04-05 04:19:00,-1254.20969727
2018-04-05 04:20:00,-1254.20969727
2018-04-05 04:21:00,-1264.59129972
2018-04-05 04:22:00,-1264.59129972
2018-04-05 04:23:00,-1264.59129972
2018-04-05 04:24:00,-1264.59129972
2018-04-05 04:25:00,-1254.20969727
2018-04-05 04:26:00,-1264.59129972
2018-04-05 04:27:00,-1274.97290217
2018-04-05 04:28:00,-1274.97290217
2018-04-05 04:29:00,-1274.97290217
2018-04-05 04:30:00,-1326.88091442
2018-04-05 04:31:00,-1326.88091442
2018-04-05 04:32:00,-1316.49931197
2018-04-05 04:33:00,-1326.88091442
2018-04-05 04:34:00,-1306.11770952
2018-04-05 04:35:00,-1326.88091442
2018-04-05 04:36:00,-1295.73610707
2018-04-05 04:37:00,-1295.73610707
2018-04-05 04:38:00,-1295.73610707
2018-04-05 04:39:00,-1295.73610707
2018-04-05 04:40:00,-1285.35450462
2018-04-05 04:41:00,-1326.88091442
2018-04-05 04:42:00,-1316.49931197
2018-04-05 04:43:00,-1326.88091442
2018-04-05 04:44:00,-1326.88091442
2018-04-05 04:45:00,-1326.88091442
2018-04-05 04:46:00,-1316.49931197
2018-04-05 04:47:00,-1306.11770952
2018-04-05 04:48:00,-1306.11770952
2018-04-05 04:49:00,-1316.49931197
2018-04-05 04:50:00,-1326.88091442
2018-04-05 04:51:00,-1306.11770952
2018-04-05 04:52:00,-1264.59129972
2018-04-05 04:53:00,-1254.20969727
2018-04-05 04:54:00,-1243.82809482
2018-04-05 04:55:00,-1243.82809482
2018-04-05 04:56:00,-1243.82809482
2018-04-05 04:57:00,-1243.82809482
2018-04-05 04:58:00,-1243.82809482
2018-04-05 04:59:00,-1243.82809482
2018-04-05 05:00:00,-1254.20969727
2018-04-05 05:01:00,-1243.82809482
2018-04-05 05:02:00,-1243.82809482
2018-04-05 05:03:00,-1243.82809482
2018-04-05 05:04:00,-1243.82809482
2018-04-05 05:05:00,-1243.82809482
2018-04-05 05:06:00,-1243.82809482
2018-04-05 05:07:00,-1243.82809482
2018-04-05 05:08:00,-1243.82809482
2018-04-05 05:09:00,-1233.44649237
2018-04-05 05:10:00,-1243.82809482
2018-04-05 05:11:00,-1243.82809482
2018-04-05 05:12:00,-1243.82809482
2018-04-05 05:13:00,-1243.82809482
2018-04-05 05:14:00,-1243.82809482
2018-04-05 05:15:00,-1243.82809482
2018-04-05 05:16:00,-1233.44649237
2018-04-05 05:17:00,-1233.44649237
2018-04-05 05:18:00,-1243.82809482
2018-04-05 05:19:00,-1243.82809482
2018-04-05 05:20:00,-1243.82809482
2018-04-05 05:21:00,-1243.82809482
2018-04-05 05:22:00,-1243.82809482
2018-04-05 05:23:00,-1243.82809482
2018-04-05 05:24:00,-1243.82809482
2018-04-05 05:25:00,-1254.20969727
2018-04-05 05:26:00,-1254.20969727
2018-04-05 05:27:00,-1254.20969727
2018-04-05 05:28:00,-1254.20969727
2018-04-05 05:29:00,-1264.59129972
2018-04-05 05:30:00,-1264.59129972
2018-04-05 05:31:00,-1254.20969727
2018-04-05 05:32:00,-1243.82809482
2018-04-05 05:33:00,-1243.82809482
2018-04-05 05:34:00,-1243.82809482
2018-04-05 05:35:00,-1243.82809482
2018-04-05 05:36:00,-1254.20969727
2018-04-05 05:37:00,-1254.20969727
2018-04-05 05:38:00,-1243.82809482
2018-04-05 05:39:00,-1233.44649237
2018-04-05 05:40:00,-1233.44649237
2018-04-05 05:41:00,-1212.68328747
2018-04-05 05:42:00,-1202.30168502
2018-04-05 05:43:00,-1212.68328747
2018-04-05 05:44:00,-1212.68328747
2018-04-05 05:45:00,-1212.68328747
2018-04-05 05:46:00,-1212.68328747
2018-04-05 05:47:00,-1212.68328747
2018-04-05 05:48:00,-1212.68328747
2018-04-05 05:49:00,-1202.30168502
2018-04-05 05:50:00,-1212.68328747
2018-04-05 05:51:00,-1223.06488992
2018-04-05 05:52:00,-1223.06488992
2018-04-05 05:53:00,-1223.06488992
2018-04-05 05:54:00,-1223.06488992
2018-04-05 05:55:00,-1233.44649237
2018-04-05 05:56:00,-1223.06488992
2018-04-05 05:57:00,-1233.44649237
2018-04-05 05:58:00,-1243.82809482
2018-04-05 05:59:00,-1243.82809482
2018-04-05 06:00:00,-1233.44649237
2018-04-05 06:01:00,-1233.44649237
2018-04-05 06:02:00,-1233.44649237
2018-04-05 06:03:00,-1233.44649237
2018-04-05 06:04:00,-1233.44649237
2018-04-05 06:05:00,-1233.44649237
2018-04-05 06:06:00,-1223.06488992
2018-04-05 06:07:00,-1233.44649237
2018-04-05 06:08:00,-1233.44649237
2018-04-05 06:09:00,-1233.44649237
2018-04-05 06:10:00,-1223.06488992
2018-04-05 06:11:00,-1223.06488992
2018-04-05 06:12:00,-1223.06488992
2018-04-05 06:13:00,-1233.44649237
2018-04-05 06:14:00,-1233.44649237
2018-04-05 06:15:00,-1233.44649237
2018-04-05 06:16:00,-1233.44649237
2018-04-05 06:17:00,-1223.06488992
2018-04-05 06:18:00,-1223.06488992
2018-04-05 06:19:00,-1233.44649237
2018-04-05 06:20:00,-1233.44649237
2018-04-05 06:21:00,-1233.44649237
2018-04-05 06:22:00,-1233.44649237
2018-04-05 06:23:00,-1233.44649237
2018-04-05 06:24:00,-1233.44649237
2018-04-05 06:25:00,-1233.44649237
2018-04-05 06:26:00,-1233.44649237
2018-04-05 06:27:00,-1233.44649237
2018-04-05 06:28:00,-1233.44649237
2018-04-05 06:29:00,-1233.44649237
2018-04-05 06:30:00,-1233.44649237
2018-04-05 06:31:00,-1233.44649237
2018-04-05 06:32:00,-1233.44649237
2018-04-05 06:33:00,-1233.44649237
2018-04-05 06:34:00,-1233.44649237
2018-04-05 06:35:00,-1233.44649237
2018-04-05 06:36:00,-1233.44649237
2018-04-05 06:37:00,-1233.44649237
2018-04-05 06:38:00,-1233.44649237
2018-04-05 06:39:00,-1233.44649237
2018-04-05 06:40:00,-1233.44649237
2018-04-05 06:41:00,-1233.44649237
2018-04-05 06:42:00,-1233.44649237
2018-04-05 06:43:00,-1223.06488992
2018-04-05 06:44:00,-1223.06488992
2018-04-05 06:45:00,-1223.06488992
2018-04-05 06:46:00,-1212.68328747
2018-04-05 06:47:00,-1233.44649237
2018-04-05 06:48:00,-1233.44649237
2018-04-05 06:49:00,-1233.44649237
2018-04-05 06:50:00,-1233.44649237
2018-04-05 06:51:00,-1233.44649237
2018-04-05 06:52:00,-1223.06488992
2018-04-05 06:53:00,-1223.06488992
2018-04-05 06:54:00,-1223.06488992
2018-04-05 06:55:00,-1223.06488992
2018-04-05 06:56:00,-1223.06488992
2018-04-05 06:57:00,-1191.92008257
2018-04-05 06:58:00,-1181.53848012
2018-04-05 06:59:00,-1191.92008257
2018-04-05 07:00:00,-1191.92008257
2018-04-05 07:01:00,-1160.77527522
2018-04-05 07:02:00,-1181.53848012
2018-04-05 07:03:00,-1191.92008257
2018-04-05 07:04:00,-1181.53848012
2018-04-05 07:05:00,-1181.53848012
2018-04-05 07:06:00,-1181.53848012
2018-04-05 07:07:00,-1191.92008257
2018-04-05 07:08:00,-1191.92008257
2018-04-05 07:09:00,-1181.53848012
2018-04-05 07:10:00,-1191.92008257
2018-04-05 07:11:00,-1191.92008257
2018-04-05 07:12:00,-1202.30168502
2018-04-05 07:13:00,-1202.30168502
2018-04-05 07:14:00,-1212.68328747
2018-04-05 07:15:00,-1212.68328747
2018-04-05 07:16:00,-1212.68328747
2018-04-05 07:17:00,-1212.68328747
2018-04-05 07:18:00,-1202.30168502
2018-04-05 07:19:00,-1202.30168502
2018-04-05 07:20:00,-1212.68328747
2018-04-05 07:21:00,-1223.06488992
2018-04-05 07:22:00,-1202.30168502
2018-04-05 07:23:00,-1191.92008257
2018-04-05 07:24:00,-1191.92008257
2018-04-05 07:25:00,-1191.92008257
2018-04-05 07:26:00,-1233.44649237
2018-04-05 07:27:00,-1191.92008257
2018-04-05 07:28:00,-1191.92008257
2018-04-05 07:29:00,-1202.30168502
2018-04-05 07:30:00,-1202.30168502
2018-04-05 07:31:00,-1202.30168502
2018-04-05 07:32:00,-1233.44649237
2018-04-05 07:33:00,-1233.44649237
2018-04-05 07:34:00,-1233.44649237
2018-04-05 07:35:00,-1233.44649237
2018-04-05 07:36:00,-1233.44649237
2018-04-05 07:37:00,-1223.06488992
2018-04-05 07:38:00,-1223.06488992
2018-04-05 07:39:00,-1233.44649237
2018-04-05 07:40:00,-1264.59129972
2018-04-05 07:41:00,-1264.59129972
2018-04-05 07:42:00,-1264.59129972
2018-04-05 07:43:00,-1243.82809482
2018-04-05 07:44:00,-1254.20969727
2018-04-05 07:45:00,-1254.20969727
2018-04-05 07:46:00,-1243.82809482
2018-04-05 07:47:00,-1243.82809482
2018-04-05 07:48:00,-1243.82809482
2018-04-05 07:49:00,-1243.82809482
2018-04-05 07:50:00,-1243.82809482
2018-04-05 07:51:00,-1254.20969727
2018-04-05 07:52:00,-1254.20969727
2018-04-05 07:53:00,-1243.82809482
2018-04-05 07:54:00,-1243.82809482
2018-04-05 07:55:00,-1243.82809482
2018-04-05 07:56:00,-1243.82809482
2018-04-05 07:57:00,-1243.82809482
2018-04-05 07:58:00,-1274.97290217
2018-04-05 07:59:00,-1274.97290217
2018-04-05 08:00:00,-1264.59129972
2018-04-05 08:01:00,-1264.59129972
2018-04-05 08:02:00,-1264.59129972
2018-04-05 08:03:00,-1264.59129972
2018-04-05 08:04:00,-1254.20969727
2018-04-05 08:05:00,-1274.97290217
2018-04-05 08:06:00,-1274.97290217
2018-04-05 08:07:00,-1264.59129972
2018-04-05 08:08:00,-1264.59129972
2018-04-05 08:09:00,-1264.59129972
2018-04-05 08:10:00,-1264.59129972
2018-04-05 08:11:00,-1264.59129972
2018-04-05 08:12:00,-1264.59129972
2018-04-05 08:13:00,-1264.59129972
2018-04-05 08:14:00,-1264.59129972
2018-04-05 08:15:00,-1274.97290217
2018-04-05 08:16:00,-1274.97290217
2018-04-05 08:17:00,-1274.97290217
2018-04-05 08:18:00,-1285.35450462
2018-04-05 08:19:00,-1285.35450462
2018-04-05 08:20:00,-1285.35450462
2018-04-05 08:21:00,-1285.35450462
2018-04-05 08:22:00,-1285.35450462
2018-04-05 08:23:00,-1285.35450462
2018-04-05 08:24:00,-1285.35450462
2018-04-05 08:25:00,-1285.35450462
2018-04-05 08:26:00,-1285.35450462
2018-04-05 08:27:00,-1285.35450462
2018-04-05 08:28:00,-1285.35450462
2018-04-05 08:29:00,-1264.59129972
2018-04-05 08:30:00,-1264.59129972
2018-04-05 08:31:00,-1254.20969727
2018-04-05 08:32:00,-1254.20969727
2018-04-05 08:33:00,-1285.35450462
2018-04-05 08:34:00,-1264.59129972
2018-04-05 08:35:00,-1264.59129972
2018-04-05 08:36:00,-1264.59129972
2018-04-05 08:37:00,-1264.59129972
2018-04-05 08:38:00,-1264.59129972
2018-04-05 08:39:00,-1264.59129972
2018-04-05 08:40:00,-1264.59129972
2018-04-05 08:41:00,-1264.59129972
2018-04-05 08:42:00,-1285.35450462
2018-04-05 08:43:00,-1285.35450462
2018-04-05 08:44:00,-1285.35450462
2018-04-05 08:45:00,-1285.35450462
2018-04-05 08:46:00,-1285.35450462
2018-04-05 08:47:00,-1285.35450462
2018-04-05 08:48:00,-1285.35450462
2018-04-05 08:49:00,-1285.35450462
2018-04-05 08:50:00,-1285.35450462
2018-04-05 08:51:00,-1285.35450462
2018-04-05 08:52:00,-1285.35450462
2018-04-05 08:53:00,-1295.73610707
2018-04-05 08:54:00,-1306.11770952
2018-04-05 08:55:00,-1306.11770952
2018-04-05 08:56:00,-1306.11770952
2018-04-05 08:57:00,-1316.49931197
2018-04-05 08:58:00,-1306.11770952
2018-04-05 08:59:00,-1326.88091442
2018-04-05 09:00:00,-1316.49931197
2018-04-05 09:01:00,-1306.11770952
2018-04-05 09:02:00,-1316.49931197
2018-04-05 09:03:00,-1306.11770952
2018-04-05 09:04:00,-1316.49931197
2018-04-05 09:05:00,-1316.49931197
2018-04-05 09:06:00,-1316.49931197
2018-04-05 09:07:00,-1316.49931197
2018-04-05 09:08:00,-1316.49931197
2018-04-05 09:09:00,-1316.49931197
2018-04-05 09:10:00,-1326.88091442
2018-04-05 09:11:00,-1306.11770952
2018-04-05 09:12:00,-1306.11770952
2018-04-05 09:13:00,-1326.88091442
2018-04-05 09:14:00,-1337.26251687
2018-04-05 09:15:00,-1337.26251687
2018-04-05 09:16:00,-1337.26251687
2018-04-05 09:17:00,-1347.64411932
2018-04-05 09:18:00,-1347.64411932
2018-04-05 09:19:00,-1337.26251687
2018-04-05 09:20:00,-1337.26251687
2018-04-05 09:21:00,-1347.64411932
2018-04-05 09:22:00,-1337.26251687
2018-04-05 09:23:00,-1337.26251687
2018-04-05 09:24:00,-1326.88091442
2018-04-05 09:25:00,-1326.88091442
2018-04-05 09:26:00,-1326.88091442
2018-04-05 09:27:00,-1326.88091442
2018-04-05 09:28:00,-1326.88091442
2018-04-05 09:29:00,-1326.88091442
2018-04-05 09:30:00,-1326.88091442
2018-04-05 09:31:00,-1326.88091442
2018-04-05 09:32:00,-1326.88091442
2018-04-05 09:33:00,-1326.88091442
2018-04-05 09:34:00,-1326.88091442
2018-04-05 09:35:00,-1326.88091442
2018-04-05 09:36:00,-1326.88091442
2018-04-05 09:37:00,-1326.88091442
2018-04-05 09:38:00,-1326.88091442
2018-04-05 09:39:00,-1326.88091442
2018-04-05 09:40:00,-1326.88091442
2018-04-05 09:41:00,-1326.88091442
2018-04-05 09:42:00,-1347.64411932
2018-04-05 09:43:00,-1347.64411932
2018-04-05 09:44:00,-1347.64411932
2018-04-05 09:45:00,-1337.26251687
2018-04-05 09:46:00,-1326.88091442
2018-04-05 09:47:00,-1337.26251687
2018-04-05 09:48:00,-1347.64411932
2018-04-05 09:49:00,-1347.64411932
2018-04-05 09:50:00,-1337.26251687
2018-04-05 09:51:00,-1337.26251687
2018-04-05 09:52:00,-1347.64411932
2018-04-05 09:53:00,-1347.64411932
2018-04-05 09:54:00,-1347.64411932
2018-04-05 09:55:00,-1347.64411932
2018-04-05 09:56:00,-1347.64411932
2018-04-05 09:57:00,-1347.64411932
2018-04-05 09:58:00,-1347.64411932
2018-04-05 09:59:00,-1347.64411932
2018-04-05 10:00:00,-1347.64411932
2018-04-05 10:01:00,-1347.64411932
2018-04-05 10:02:00,-1347.64411932
2018-04-05 10:03:00,-1347.64411932
2018-04-05 10:04:00,-1347.64411932
2018-04-05 10:05:00,-1347.64411932
2018-04-05 10:06:00,-1347.64411932
2018-04-05 10:07:00,-1326.88091442
2018-04-05 10:08:00,-1326.88091442
2018-04-05 10:09:00,-1326.88091442
2018-04-05 10:10:00,-1337.26251687
2018-04-05 10:11:00,-1337.26251687
2018-04-05 10:12:00,-1337.26251687
2018-04-05 10:13:00,-1326.88091442
2018-04-05 10:14:00,-1326.88091442
2018-04-05 10:15:00,-1326.88091442
2018-04-05 10:16:00,-1326.88091442
2018-04-05 10:17:00,-1326.88091442
2018-04-05 10:18:00,-1326.88091442
2018-04-05 10:19:00,-1326.88091442
2018-04-05 10:20:00,-1326.88091442
2018-04-05 10:21:00,-1326.88091442
2018-04-05 10:22:00,-1326.88091442
2018-04-05 10:23:00,-1326.88091442
2018-04-05 10:24:00,-1337.26251687
2018-04-05 10:25:00,-1337.26251687
2018-04-05 10:26:00,-1337.26251687
2018-04-05 10:27:00,-1337.26251687
2018-04-05 10:28:00,-1347.64411932
2018-04-05 10:29:00,-1358.02572177
2018-04-05 10:30:00,-1358.02572177
2018-04-05 10:31:00,-1358.02572177
2018-04-05 10:32:00,-1358.02572177
2018-04-05 10:33:00,-1368.40732422
2018-04-05 10:34:00,-1389.17052912
2018-04-05 10:35:00,-1389.17052912
2018-04-05 10:36:00,-1389.17052912
2018-04-05 10:37:00,-1389.17052912
2018-04-05 10:38:00,-1389.17052912
2018-04-05 10:39:00,-1389.17052912
2018-04-05 10:40:00,-1378.78892667
2018-04-05 10:41:00,-1389.17052912
2018-04-05 10:42:00,-1378.78892667
2018-04-05 10:43:00,-1378.78892667
2018-04-05 10:44:00,-1389.17052912
2018-04-05 10:45:00,-1378.78892667
2018-04-05 10:46:00,-1378.78892667
2018-04-05 10:47:00,-1378.78892667
2018-04-05 10:48:00,-1378.78892667
2018-04-05 10:49:00,-1378.78892667
2018-04-05 10:50:00,-1378.78892667
2018-04-05 10:51:00,-1368.40732422
2018-04-05 10:52:00,-1368.40732422
2018-04-05 10:53:00,-1358.02572177
2018-04-05 10:54:00,-1368.40732422
2018-04-05 10:55:00,-1368.40732422
2018-04-05 10:56:00,-1368.40732422
2018-04-05 10:57:00,-1358.02572177
2018-04-05 10:58:00,-1358.02572177
2018-04-05 10:59:00,-1358.02572177
2018-04-05 11:00:00,-1358.02572177
2018-04-05 11:01:00,-1358.02572177
2018-04-05 11:02:00,-1358.02572177
2018-04-05 11:03:00,-1358.02572177
2018-04-05 11:04:00,-1358.02572177
2018-04-05 11:05:00,-1358.02572177
2018-04-05 11:06:00,-1358.02572177
2018-04-05 11:07:00,-1347.64411932
2018-04-05 11:08:00,-1347.64411932
2018-04-05 11:09:00,-1347.64411932
2018-04-05 11:10:00,-1337.26251687
2018-04-05 11:11:00,-1337.26251687
2018-04-05 11:12:00,-1337.26251687
2018-04-05 11:13:00,-1378.78892667
2018-04-05 11:14:00,-1378.78892667
2018-04-05 11:15:00,-1358.02572177
2018-04-05 11:16:00,-1358.02572177
2018-04-05 11:17:00,-1358.02572177
2018-04-05 11:18:00,-1358.02572177
2018-04-05 11:19:00,-1358.02572177
2018-04-05 11:20:00,-1368.40732422
2018-04-05 11:21:00,-1368.40732422
2018-04-05 11:22:00,-1368.40732422
2018-04-05 11:23:00,-1378.78892667
2018-04-05 11:24:00,-1378.78892667
2018-04-05 11:25:00,-1378.78892667
2018-04-05 11:26:00,-1378.78892667
2018-04-05 11:27:00,-1378.78892667
2018-04-05 11:28:00,-1378.78892667
2018-04-05 11:29:00,-1358.02572177
2018-04-05 11:30:00,-1358.02572177
2018-04-05 11:31:00,-1358.02572177
2018-04-05 11:32:00,-1358.02572177
2018-04-05 11:33:00,-1358.02572177
2018-04-05 11:34:00,-1358.02572177
2018-04-05 11:35:00,-1358.02572177
2018-04-05 11:36:00,-1358.02572177
2018-04-05 11:37:00,-1358.02572177
2018-04-05 11:38:00,-1358.02572177
2018-04-05 11:39:00,-1358.02572177
2018-04-05 11:40:00,-1358.02572177
2018-04-05 11:41:00,-1358.02572177
2018-04-05 11:42:00,-1358.02572177
2018-04-05 11:43:00,-1358.02572177
2018-04-05 11:44:00,-1358.02572177
2018-04-05 11:45:00,-1358.02572177
2018-04-05 11:46:00,-1358.02572177
2018-04-05 11:47:00,-1358.02572177
2018-04-05 11:48:00,-1378.78892667
2018-04-05 11:49:00,-1389.17052912
2018-04-05 11:50:00,-1389.17052912
2018-04-05 11:51:00,-1378.78892667
2018-04-05 11:52:00,-1378.78892667
2018-04-05 11:53:00,-1378.78892667
2018-04-05 11:54:00,-1378.78892667
2018-04-05 11:55:00,-1378.78892667
2018-04-05 11:56:00,-1378.78892667
2018-04-05 11:57:00,-1378.78892667
2018-04-05 11:58:00,-1368.40732422
2018-04-05 11:59:00,-1368.40732422
2018-04-06 01:29:00,-1576.03937322
2018-04-06 01:30:00,-1576.03937322
2018-04-06 01:31:00,-1576.03937322
2018-04-06 01:32:00,-1576.03937322
2018-04-06 01:33:00,-1576.03937322
2018-04-06 01:34:00,-1316.49931197
2018-04-06 01:35:00,-1316.49931197
2018-04-06 01:36:00,-1316.49931197
2018-04-06 01:37:00,-1316.49931197
2018-04-06 01:38:00,-1316.49931197
2018-04-06 01:39:00,-1316.49931197
2018-04-06 01:40:00,-1316.49931197
2018-04-06 01:41:00,-1316.49931197
2018-04-06 01:42:00,-1316.49931197
2018-04-06 01:43:00,-1316.49931197
2018-04-06 01:44:00,-1316.49931197
2018-04-06 01:45:00,-1316.49931197
2018-04-06 01:46:00,-1316.49931197
2018-04-06 01:47:00,-1316.49931197
2018-04-06 01:48:00,-1316.49931197
2018-04-06 01:49:00,-1316.49931197
2018-04-06 01:50:00,-1316.49931197
2018-04-06 01:51:00,-1316.49931197
2018-04-06 01:52:00,-1316.49931197
2018-04-06 01:53:00,-1316.49931197
2018-04-06 01:54:00,-1316.49931197
2018-04-06 01:55:00,-1316.49931197
2018-04-06 01:56:00,-1316.49931197
2018-04-06 01:57:00,-1316.49931197
2018-04-06 01:58:00,-1316.49931197
2018-04-06 01:59:00,-1316.49931197
2018-04-06 02:00:00,-1295.73610707
2018-04-06 02:01:00,-1306.11770952
2018-04-06 02:02:00,-1316.49931197
2018-04-06 02:03:00,-1295.73610707
2018-04-06 02:04:00,-1285.35450462
2018-04-06 02:05:00,-1295.73610707
2018-04-06 02:06:00,-1295.73610707
2018-04-06 02:07:00,-1306.11770952
2018-04-06 02:08:00,-1306.11770952
2018-04-06 02:09:00,-1306.11770952
2018-04-06 02:10:00,-1326.88091442
2018-04-06 02:11:00,-1326.88091442
2018-04-06 02:12:00,-1326.88091442
2018-04-06 02:13:00,-1326.88091442
2018-04-06 02:14:00,-1326.88091442
2018-04-06 02:15:00,-1326.88091442
2018-04-06 02:16:00,-1316.49931197
2018-04-06 02:17:00,-1316.49931197
2018-04-06 02:18:00,-1316.49931197
2018-04-06 02:19:00,-1347.64411932
2018-04-06 02:20:00,-1347.64411932
2018-04-06 02:21:00,-1347.64411932
2018-04-06 02:22:00,-1347.64411932
2018-04-06 02:23:00,-1347.64411932
2018-04-06 02:24:00,-1347.64411932
2018-04-06 02:25:00,-1347.64411932
2018-04-06 02:26:00,-1347.64411932
2018-04-06 02:27:00,-1347.64411932
2018-04-06 02:28:00,-1347.64411932
2018-04-06 02:29:00,-1347.64411932
2018-04-06 02:30:00,-1337.26251687
2018-04-06 02:31:00,-1326.88091442
2018-04-06 02:32:00,-1326.88091442
2018-04-06 02:33:00,-1326.88091442
2018-04-06 02:34:00,-1326.88091442
2018-04-06 02:35:00,-1326.88091442
2018-04-06 02:36:00,-1326.88091442
2018-04-06 02:37:00,-1326.88091442
2018-04-06 02:38:00,-1326.88091442
2018-04-06 02:39:00,-1326.88091442
2018-04-06 02:40:00,-1337.26251687
2018-04-06 02:41:00,-1326.88091442
2018-04-06 02:42:00,-1337.26251687
2018-04-06 02:43:00,-1347.64411932
2018-04-06 02:44:00,-1347.64411932
2018-04-06 02:45:00,-1347.64411932
2018-04-06 02:46:00,-1347.64411932
2018-04-06 02:47:00,-1347.64411932
2018-04-06 02:48:00,-1347.64411932
2018-04-06 02:49:00,-1347.64411932
2018-04-06 02:50:00,-1347.64411932
2018-04-06 02:51:00,-1347.64411932
2018-04-06 02:52:00,-1347.64411932
2018-04-06 02:53:00,-1358.02572177
2018-04-06 02:54:00,-1347.64411932
2018-04-06 02:55:00,-1347.64411932
2018-04-06 02:56:00,-1358.02572177
2018-04-06 02:57:00,-1358.02572177
2018-04-06 02:58:00,-1347.64411932
2018-04-06 02:59:00,-1347.64411932
2018-04-06 03:00:00,-1347.64411932
2018-04-06 03:01:00,-1368.40732422
2018-04-06 03:02:00,-1358.02572177
2018-04-06 03:03:00,-1347.64411932
2018-04-06 03:04:00,-1358.02572177
2018-04-06 03:05:00,-1358.02572177
2018-04-06 03:06:00,-1358.02572177
2018-04-06 03:07:00,-1347.64411932
2018-04-06 03:08:00,-1347.64411932
2018-04-06 03:09:00,-1337.26251687
2018-04-06 03:10:00,-1326.88091442
2018-04-06 03:11:00,-1316.49931197
2018-04-06 03:12:00,-1316.49931197
2018-04-06 03:13:00,-1316.49931197
2018-04-06 03:14:00,-1316.49931197
2018-04-06 03:15:00,-1316.49931197
2018-04-06 03:16:00,-1316.49931197
2018-04-06 03:17:00,-1316.49931197
2018-04-06 03:18:00,-1316.49931197
2018-04-06 03:19:00,-1316.49931197
2018-04-06 03:20:00,-1316.49931197
2018-04-06 03:21:00,-1316.49931197
2018-04-06 03:22:00,-1316.49931197
2018-04-06 03:23:00,-1316.49931197
2018-04-06 03:24:00,-1316.49931197
2018-04-06 03:25:00,-1316.49931197
2018-04-06 03:26:00,-1316.49931197
2018-04-06 03:27:00,-1316.49931197
2018-04-06 03:28:00,-1316.49931197
2018-04-06 03:29:00,-1316.49931197
2018-04-06 03:30:00,-1316.49931197
2018-04-06 03:31:00,-1316.49931197
2018-04-06 03:32:00,-1316.49931197
2018-04-06 03:33:00,-1306.11770952
2018-04-06 03:34:00,-1316.49931197
2018-04-06 03:35:00,-1316.49931197
2018-04-06 03:36:00,-1316.49931197
2018-04-06 03:37:00,-1316.49931197
2018-04-06 03:38:00,-1316.49931197
2018-04-06 03:39:00,-1316.49931197
2018-04-06 03:40:00,-1316.49931197
2018-04-06 03:41:00,-1316.49931197
2018-04-06 03:42:00,-1316.49931197
2018-04-06 03:43:00,-1316.49931197
2018-04-06 03:44:00,-1316.49931197
2018-04-06 03:45:00,-1316.49931197
2018-04-06 03:46:00,-1326.88091442
2018-04-06 03:47:00,-1316.49931197
2018-04-06 03:48:00,-1316.49931197
2018-04-06 03:49:00,-1326.88091442
2018-04-06 03:50:00,-1316.49931197
2018-04-06 03:51:00,-1326.88091442
2018-04-06 03:52:00,-1326.88091442
2018-04-06 03:53:00,-1358.02572177
2018-04-06 03:54:00,-1358.02572177
2018-04-06 03:55:00,-1358.02572177
2018-04-06 03:56:00,-1358.02572177
2018-04-06 03:57:00,-1347.64411932
2018-04-06 03:58:00,-1347.64411932
2018-04-06 03:59:00,-1347.64411932
2018-04-06 04:00:00,-1347.64411932
2018-04-06 04:01:00,-1347.64411932
2018-04-06 04:02:00,-1347.64411932
2018-04-06 04:03:00,-1347.64411932
2018-04-06 04:04:00,-1347.64411932
2018-04-06 04:05:00,-1337.26251687
2018-04-06 04:06:00,-1337.26251687
2018-04-06 04:07:00,-1358.02572177
2018-04-06 04:08:00,-1347.64411932
2018-04-06 04:09:00,-1347.64411932
2018-04-06 04:10:00,-1347.64411932
2018-04-06 04:11:00,-1337.26251687
2018-04-06 04:12:00,-1337.26251687
2018-04-06 04:13:00,-1337.26251687
2018-04-06 04:14:00,-1337.26251687
2018-04-06 04:15:00,-1337.26251687
2018-04-06 04:16:00,-1337.26251687
2018-04-06 04:17:00,-1326.88091442
2018-04-06 04:18:00,-1326.88091442
2018-04-06 04:19:00,-1326.88091442
2018-04-06 04:20:00,-1326.88091442
2018-04-06 04:21:00,-1326.88091442
2018-04-06 04:22:00,-1326.88091442
2018-04-06 04:23:00,-1326.88091442
2018-04-06 04:24:00,-1316.49931197
2018-04-06 04:25:00,-1326.88091442
2018-04-06 04:26:00,-1326.88091442
2018-04-06 04:27:00,-1326.88091442
2018-04-06 04:28:00,-1326.88091442
2018-04-06 04:29:00,-1326.88091442
2018-04-06 04:30:00,-1326.88091442
2018-04-06 04:31:00,-1326.88091442
2018-04-06 04:32:00,-1337.26251687
2018-04-06 04:33:00,-1347.64411932
2018-04-06 04:34:00,-1347.64411932
2018-04-06 04:35:00,-1347.64411932
2018-04-06 04:36:00,-1337.26251687
2018-04-06 04:37:00,-1337.26251687
2018-04-06 04:38:00,-1337.26251687
2018-04-06 04:39:00,-1337.26251687
2018-04-06 04:40:00,-1337.26251687
2018-04-06 04:41:00,-1337.26251687
2018-04-06 04:42:00,-1347.64411932
2018-04-06 04:43:00,-1337.26251687
2018-04-06 04:44:00,-1337.26251687
2018-04-06 04:45:00,-1326.88091442
2018-04-06 04:46:00,-1326.88091442
2018-04-06 04:47:00,-1326.88091442
2018-04-06 04:48:00,-1326.88091442
2018-04-06 04:49:00,-1326.88091442
2018-04-06 04:50:00,-1326.88091442
2018-04-06 04:51:00,-1337.26251687
2018-04-06 04:52:00,-1337.26251687
2018-04-06 04:53:00,-1337.26251687
2018-04-06 04:54:00,-1326.88091442
2018-04-06 04:55:00,-1326.88091442
2018-04-06 04:56:00,-1326.88091442
2018-04-06 04:57:00,-1326.88091442
2018-04-06 04:58:00,-1326.88091442
2018-04-06 04:59:00,-1326.88091442
2018-04-06 05:00:00,-1326.88091442
2018-04-06 05:01:00,-1326.88091442
2018-04-06 05:02:00,-1326.88091442
2018-04-06 05:03:00,-1326.88091442
2018-04-06 05:04:00,-1326.88091442
2018-04-06 05:05:00,-1337.26251687
2018-04-06 05:06:00,-1337.26251687
2018-04-06 05:07:00,-1326.88091442
2018-04-06 05:08:00,-1326.88091442
2018-04-06 05:09:00,-1326.88091442
2018-04-06 05:10:00,-1326.88091442
2018-04-06 05:11:00,-1326.88091442
2018-04-06 05:12:00,-1326.88091442
2018-04-06 05:13:00,-1326.88091442
2018-04-06 05:14:00,-1358.02572177
2018-04-06 05:15:00,-1347.64411932
2018-04-06 05:16:00,-1358.02572177
2018-04-06 05:17:00,-1358.02572177
2018-04-06 05:18:00,-1358.02572177
2018-04-06 05:19:00,-1368.40732422
2018-04-06 05:20:00,-1368.40732422
2018-04-06 05:21:00,-1368.40732422
2018-04-06 05:22:00,-1368.40732422
2018-04-06 05:23:00,-1368.40732422
2018-04-06 05:24:00,-1368.40732422
2018-04-06 05:25:00,-1368.40732422
2018-04-06 05:26:00,-1368.40732422
2018-04-06 05:27:00,-1368.40732422
2018-04-06 05:28:00,-1368.40732422
2018-04-06 05:29:00,-1368.40732422
2018-04-06 05:30:00,-1368.40732422
2018-04-06 05:31:00,-1368.40732422
2018-04-06 05:32:00,-1368.40732422
2018-04-06 05:33:00,-1368.40732422
2018-04-06 05:34:00,-1368.40732422
2018-04-06 05:35:00,-1368.40732422
2018-04-06 05:36:00,-1368.40732422
2018-04-06 05:37:00,-1358.02572177
2018-04-06 05:38:00,-1347.64411932
2018-04-06 05:39:00,-1347.64411932
2018-04-06 05:40:00,-1358.02572177
2018-04-06 05:41:00,-1358.02572177
2018-04-06 05:42:00,-1358.02572177
2018-04-06 05:43:00,-1358.02572177
2018-04-06 05:44:00,-1347.64411932
2018-04-06 05:45:00,-1347.64411932
2018-04-06 05:46:00,-1378.78892667
2018-04-06 05:47:00,-1358.02572177
2018-04-06 05:48:00,-1358.02572177
2018-04-06 05:49:00,-1358.02572177
2018-04-06 05:50:00,-1358.02572177
2018-04-06 05:51:00,-1358.02572177
2018-04-06 05:52:00,-1358.02572177
2018-04-06 05:53:00,-1358.02572177
2018-04-06 05:54:00,-1378.78892667
2018-04-06 05:55:00,-1358.02572177
2018-04-06 05:56:00,-1358.02572177
2018-04-06 05:57:00,-1358.02572177
2018-04-06 05:58:00,-1358.02572177
2018-04-06 05:59:00,-1358.02572177
2018-04-06 06:00:00,-1358.02572177
2018-04-06 06:01:00,-1358.02572177
2018-04-06 06:02:00,-1358.02572177
2018-04-06 06:03:00,-1358.02572177
2018-04-06 06:04:00,-1358.02572177
2018-04-06 06:05:00,-1358.02572177
2018-04-06 06:06:00,-1358.02572177
2018-04-06 06:07:00,-1358.02572177
2018-04-06 06:08:00,-1358.02572177
2018-04-06 06:09:00,-1358.02572177
2018-04-06 06:10:00,-1358.02572177
2018-04-06 06:11:00,-1358.02572177
2018-04-06 06:12:00,-1368.40732422
2018-04-06 06:13:00,-1368.40732422
2018-04-06 06:14:00,-1368.40732422
2018-04-06 06:15:00,-1368.40732422
2018-04-06 06:16:00,-1368.40732422
2018-04-06 06:17:00,-1368.40732422
2018-04-06 06:18:00,-1368.40732422
2018-04-06 06:19:00,-1368.40732422
2018-04-06 06:20:00,-1378.78892667
2018-04-06 06:21:00,-1368.40732422
2018-04-06 06:22:00,-1378.78892667
2018-04-06 06:23:00,-1378.78892667
2018-04-06 06:24:00,-1378.78892667
2018-04-06 06:25:00,-1378.78892667
2018-04-06 06:26:00,-1368.40732422
2018-04-06 06:27:00,-1378.78892667
2018-04-06 06:28:00,-1378.78892667
2018-04-06 06:29:00,-1378.78892667
2018-04-06 06:30:00,-1378.78892667
2018-04-06 06:31:00,-1368.40732422
2018-04-06 06:32:00,-1368.40732422
2018-04-06 06:33:00,-1368.40732422
2018-04-06 06:34:00,-1368.40732422
2018-04-06 06:35:00,-1368.40732422
2018-04-06 06:36:00,-1368.40732422
2018-04-06 06:37:00,-1368.40732422
2018-04-06 06:38:00,-1368.40732422
2018-04-06 06:39:00,-1368.40732422
2018-04-06 06:40:00,-1368.40732422
2018-04-06 06:41:00,-1368.40732422
2018-04-06 06:42:00,-1368.40732422
2018-04-06 06:43:00,-1389.17052912
2018-04-06 06:44:00,-1389.17052912
2018-04-06 06:45:00,-1389.17052912
2018-04-06 06:46:00,-1389.17052912
2018-04-06 06:47:00,-1389.17052912
2018-04-06 06:48:00,-1389.17052912
2018-04-06 06:49:00,-1389.17052912
2018-04-06 06:50:00,-1389.17052912
2018-04-06 06:51:00,-1389.17052912
2018-04-06 06:52:00,-1389.17052912
2018-04-06 06:53:00,-1389.17052912
2018-04-06 06:54:00,-1389.17052912
2018-04-06 06:55:00,-1389.17052912
2018-04-06 06:56:00,-1389.17052912
2018-04-06 06:57:00,-1389.17052912
2018-04-06 06:58:00,-1409.93373402
2018-04-06 06:59:00,-1399.55213157
2018-04-06 07:00:00,-1399.55213157
2018-04-06 07:01:00,-1378.78892667
2018-04-06 07:02:00,-1378.78892667
2018-04-06 07:03:00,-1378.78892667
2018-04-06 07:04:00,-1378.78892667
2018-04-06 07:05:00,-1378.78892667
2018-04-06 07:06:00,-1378.78892667
2018-04-06 07:07:00,-1378.78892667
2018-04-06 07:08:00,-1378.78892667
2018-04-06 07:09:00,-1378.78892667
2018-04-06 07:10:00,-1378.78892667
2018-04-06 07:11:00,-1378.78892667
2018-04-06 07:12:00,-1378.78892667
2018-04-06 07:13:00,-1378.78892667
2018-04-06 07:14:00,-1368.40732422
2018-04-06 07:15:00,-1378.78892667
2018-04-06 07:16:00,-1368.40732422
2018-04-06 07:17:00,-1368.40732422
2018-04-06 07:18:00,-1368.40732422
2018-04-06 07:19:00,-1368.40732422
2018-04-06 07:20:00,-1368.40732422
2018-04-06 07:21:00,-1368.40732422
2018-04-06 07:22:00,-1368.40732422
2018-04-06 07:23:00,-1368.40732422
2018-04-06 07:24:00,-1358.02572177
2018-04-06 07:25:00,-1368.40732422
2018-04-06 07:26:00,-1378.78892667
2018-04-06 07:27:00,-1368.40732422
2018-04-06 07:28:00,-1389.17052912
2018-04-06 07:29:00,-1389.17052912
2018-04-06 07:30:00,-1389.17052912
2018-04-06 07:31:00,-1378.78892667
2018-04-06 07:32:00,-1399.55213157
2018-04-06 07:33:00,-1347.64411932
2018-04-06 07:34:00,-1358.02572177
2018-04-06 07:35:00,-1358.02572177
2018-04-06 07:36:00,-1347.64411932
2018-04-06 07:37:00,-1347.64411932
2018-04-06 07:38:00,-1378.78892667
2018-04-06 07:39:00,-1409.93373402
2018-04-06 07:40:00,-1409.93373402
2018-04-06 07:41:00,-1409.93373402
2018-04-06 07:42:00,-1409.93373402
2018-04-06 07:43:00,-1409.93373402
2018-04-06 07:44:00,-1409.93373402
2018-04-06 07:45:00,-1409.93373402
2018-04-06 07:46:00,-1409.93373402
2018-04-06 07:47:00,-1409.93373402
2018-04-06 07:48:00,-1409.93373402
2018-04-06 07:49:00,-1399.55213157
2018-04-06 07:50:00,-1399.55213157
2018-04-06 07:51:00,-1409.93373402
2018-04-06 07:52:00,-1399.55213157
2018-04-06 07:53:00,-1399.55213157
2018-04-06 07:54:00,-1399.55213157
2018-04-06 07:55:00,-1399.55213157
2018-04-06 07:56:00,-1399.55213157
2018-04-06 07:57:00,-1399.55213157
2018-04-06 07:58:00,-1399.55213157
2018-04-06 07:59:00,-1389.17052912
2018-04-06 08:00:00,-1378.78892667
2018-04-06 08:01:00,-1358.02572177
2018-04-06 08:02:00,-1337.26251687
2018-04-06 08:03:00,-1326.88091442
2018-04-06 08:04:00,-1316.49931197
2018-04-06 08:05:00,-1389.17052912
2018-04-06 08:06:00,-1378.78892667
2018-04-06 08:07:00,-1378.78892667
2018-04-06 08:08:00,-1368.40732422
2018-04-06 08:09:00,-1378.78892667
2018-04-06 08:10:00,-1378.78892667
2018-04-06 08:11:00,-1378.78892667
2018-04-06 08:12:00,-1368.40732422
2018-04-06 08:13:00,-1368.40732422
2018-04-06 08:14:00,-1368.40732422
2018-04-06 08:15:00,-1368.40732422
2018-04-06 08:16:00,-1368.40732422
2018-04-06 08:17:00,-1368.40732422
2018-04-06 08:18:00,-1368.40732422
2018-04-06 08:19:00,-1409.93373402
2018-04-06 08:20:00,-1409.93373402
2018-04-06 08:21:00,-1409.93373402
2018-04-06 08:22:00,-1409.93373402
2018-04-06 08:23:00,-1409.93373402
2018-04-06 08:24:00,-1409.93373402
2018-04-06 08:25:00,-1409.93373402
2018-04-06 08:26:00,-1409.93373402
2018-04-06 08:27:00,-1409.93373402
2018-04-06 08:28:00,-1399.55213157
2018-04-06 08:29:00,-1409.93373402
2018-04-06 08:30:00,-1389.17052912
2018-04-06 08:31:00,-1389.17052912
2018-04-06 08:32:00,-1389.17052912
2018-04-06 08:33:00,-1389.17052912
2018-04-06 08:34:00,-1389.17052912
2018-04-06 08:35:00,-1399.55213157
2018-04-06 08:36:00,-1399.55213157
2018-04-06 08:37:00,-1399.55213157
2018-04-06 08:38:00,-1399.55213157
2018-04-06 08:39:00,-1399.55213157
2018-04-06 08:40:00,-1409.93373402
2018-04-06 08:41:00,-1399.55213157
2018-04-06 08:42:00,-1399.55213157
2018-04-06 08:43:00,-1409.93373402
2018-04-06 08:44:00,-1399.55213157
2018-04-06 08:45:00,-1399.55213157
2018-04-06 08:46:00,-1389.17052912
2018-04-06 08:47:00,-1389.17052912
2018-04-06 08:48:00,-1389.17052912
2018-04-06 08:49:00,-1430.69693892
2018-04-06 08:50:00,-1430.69693892
2018-04-06 08:51:00,-1441.07854137
2018-04-06 08:52:00,-1441.07854137
2018-04-06 08:53:00,-1451.46014382
2018-04-06 08:54:00,-1461.84174627
2018-04-06 08:55:00,-1461.84174627
2018-04-06 08:56:00,-1472.22334872
2018-04-06 08:57:00,-1451.46014382
2018-04-06 08:58:00,-1461.84174627
2018-04-06 08:59:00,-1451.46014382
2018-04-06 09:00:00,-1451.46014382
2018-04-06 09:01:00,-1451.46014382
2018-04-06 09:02:00,-1451.46014382
2018-04-06 09:03:00,-1441.07854137
2018-04-06 09:04:00,-1441.07854137
2018-04-06 09:05:00,-1441.07854137
2018-04-06 09:06:00,-1409.93373402
2018-04-06 09:07:00,-1409.93373402
2018-04-06 09:08:00,-1409.93373402
2018-04-06 09:09:00,-1409.93373402
2018-04-06 09:10:00,-1409.93373402
2018-04-06 09:11:00,-1389.17052912
2018-04-06 09:12:00,-1399.55213157
2018-04-06 09:13:00,-1399.55213157
2018-04-06 09:14:00,-1399.55213157
2018-04-06 09:15:00,-1399.55213157
2018-04-06 09:16:00,-1389.17052912
2018-04-06 09:17:00,-1389.17052912
2018-04-06 09:18:00,-1389.17052912
2018-04-06 09:19:00,-1389.17052912
2018-04-06 09:20:00,-1389.17052912
2018-04-06 09:21:00,-1389.17052912
2018-04-06 09:22:00,-1389.17052912
2018-04-06 09:23:00,-1389.17052912
2018-04-06 09:24:00,-1399.55213157
2018-04-06 09:25:00,-1389.17052912
2018-04-06 09:26:00,-1389.17052912
2018-04-06 09:27:00,-1389.17052912
2018-04-06 09:28:00,-1389.17052912
2018-04-06 09:29:00,-1378.78892667
2018-04-06 09:30:00,-1368.40732422
2018-04-06 09:31:00,-1347.64411932
2018-04-06 09:32:00,-1326.88091442
2018-04-06 09:33:00,-1326.88091442
2018-04-06 09:34:00,-1337.26251687
2018-04-06 09:35:00,-1337.26251687
2018-04-06 09:36:00,-1337.26251687
2018-04-06 09:37:00,-1337.26251687
2018-04-06 09:38:00,-1347.64411932
2018-04-06 09:39:00,-1368.40732422
2018-04-06 09:40:00,-1358.02572177
2018-04-06 09:41:00,-1347.64411932
2018-04-06 09:42:00,-1347.64411932
2018-04-06 09:43:00,-1337.26251687
2018-04-06 09:44:00,-1347.64411932
2018-04-06 09:45:00,-1326.88091442
2018-04-06 09:46:00,-1326.88091442
2018-04-06 09:47:00,-1316.49931197
2018-04-06 09:48:00,-1316.49931197
2018-04-06 09:49:00,-1316.49931197
2018-04-06 09:50:00,-1295.73610707
2018-04-06 09:51:00,-1295.73610707
2018-04-06 09:52:00,-1316.49931197
2018-04-06 09:53:00,-1316.49931197
2018-04-06 09:54:00,-1316.49931197
2018-04-06 09:55:00,-1337.26251687
2018-04-06 09:56:00,-1358.02572177
2018-04-06 09:57:00,-1316.49931197
2018-04-06 09:58:00,-1316.49931197
2018-04-06 09:59:00,-1316.49931197
2018-04-06 10:00:00,-1295.73610707
2018-04-06 10:01:00,-1274.97290217
2018-04-06 10:02:00,-1274.97290217
2018-04-06 10:03:00,-1274.97290217
2018-04-06 10:04:00,-1274.97290217
2018-04-06 10:05:00,-1274.97290217
2018-04-06 10:06:00,-1316.49931197
2018-04-06 10:07:00,-1274.97290217
2018-04-06 10:08:00,-1326.88091442
2018-04-06 10:09:00,-1306.11770952
2018-04-06 10:10:00,-1295.73610707
2018-04-06 10:11:00,-1274.97290217
2018-04-06 10:12:00,-1337.26251687
2018-04-06 10:13:00,-1316.49931197
2018-04-06 10:14:00,-1326.88091442
2018-04-06 10:15:00,-1316.49931197
2018-04-06 10:16:00,-1337.26251687
2018-04-06 10:17:00,-1326.88091442
2018-04-06 10:18:00,-1326.88091442
2018-04-06 10:19:00,-1326.88091442
2018-04-06 10:20:00,-1326.88091442
2018-04-06 10:21:00,-1326.88091442
2018-04-06 10:22:00,-1326.88091442
2018-04-06 10:23:00,-1326.88091442
2018-04-06 10:24:00,-1326.88091442
2018-04-06 10:25:00,-1326.88091442
2018-04-06 10:26:00,-1326.88091442
2018-04-06 10:27:00,-1326.88091442
2018-04-06 10:28:00,-1326.88091442
2018-04-06 10:29:00,-1316.49931197
2018-04-06 10:30:00,-1306.11770952
2018-04-06 10:31:00,-1306.11770952
2018-04-06 10:32:00,-1306.11770952
2018-04-06 10:33:00,-1326.88091442
2018-04-06 10:34:00,-1326.88091442
2018-04-06 10:35:00,-1347.64411932
2018-04-06 10:36:00,-1347.64411932
2018-04-06 10:37:00,-1347.64411932
2018-04-06 10:38:00,-1347.64411932
2018-04-06 10:39:00,-1347.64411932
2018-04-06 10:40:00,-1347.64411932
2018-04-06 10:41:00,-1347.64411932
2018-04-06 10:42:00,-1347.64411932
2018-04-06 10:43:00,-1337.26251687
2018-04-06 10:44:00,-1326.88091442
2018-04-06 10:45:00,-1316.49931197
2018-04-06 10:46:00,-1316.49931197
2018-04-06 10:47:00,-1316.49931197
2018-04-06 10:48:00,-1316.49931197
2018-04-06 10:49:00,-1316.49931197
2018-04-06 10:50:00,-1316.49931197
2018-04-06 10:51:00,-1316.49931197
2018-04-06 10:52:00,-1326.88091442
2018-04-06 10:53:00,-1337.26251687
2018-04-06 10:54:00,-1337.26251687
2018-04-06 10:55:00,-1368.40732422
2018-04-06 10:56:00,-1358.02572177
2018-04-06 10:57:00,-1358.02572177
2018-04-06 10:58:00,-1358.02572177
2018-04-06 10:59:00,-1358.02572177
2018-04-06 11:00:00,-1358.02572177
2018-04-06 11:01:00,-1358.02572177
2018-04-06 11:02:00,-1347.64411932
2018-04-06 11:03:00,-1358.02572177
2018-04-06 11:04:00,-1337.26251687
2018-04-06 11:05:00,-1337.26251687
2018-04-06 11:06:00,-1358.02572177
2018-04-06 11:07:00,-1358.02572177
2018-04-06 11:08:00,-1337.26251687
2018-04-06 11:09:00,-1337.26251687
2018-04-06 11:10:00,-1337.26251687
2018-04-06 11:11:00,-1326.88091442
2018-04-06 11:12:00,-1326.88091442
2018-04-06 11:13:00,-1326.88091442
2018-04-06 11:14:00,-1326.88091442
2018-04-06 11:15:00,-1337.26251687
2018-04-06 11:16:00,-1316.49931197
2018-04-06 11:17:00,-1358.02572177
2018-04-06 11:18:00,-1347.64411932
2018-04-06 11:19:00,-1347.64411932
2018-04-06 11:20:00,-1347.64411932
2018-04-06 11:21:00,-1347.64411932
2018-04-06 11:22:00,-1358.02572177
2018-04-06 11:23:00,-1358.02572177
2018-04-06 11:24:00,-1358.02572177
2018-04-06 11:25:00,-1337.26251687
2018-04-06 11:26:00,-1337.26251687
2018-04-06 11:27:00,-1337.26251687
2018-04-06 11:28:00,-1347.64411932
2018-04-06 11:29:00,-1358.02572177
2018-04-06 11:30:00,-1358.02572177
2018-04-06 11:31:00,-1358.02572177
2018-04-06 11:32:00,-1358.02572177
2018-04-06 11:33:00,-1358.02572177
2018-04-06 11:34:00,-1358.02572177
2018-04-06 11:35:00,-1358.02572177
2018-04-06 11:36:00,-1358.02572177
2018-04-06 11:37:00,-1358.02572177
2018-04-06 11:38:00,-1358.02572177
2018-04-06 11:39:00,-1358.02572177
2018-04-06 11:40:00,-1358.02572177
2018-04-06 11:41:00,-1378.78892667
2018-04-06 11:42:00,-1358.02572177
2018-04-06 11:43:00,-1358.02572177
2018-04-06 11:44:00,-1347.64411932
2018-04-06 11:45:00,-1337.26251687
2018-04-06 11:46:00,-1358.02572177
2018-04-06 11:47:00,-1358.02572177
2018-04-06 11:48:00,-1326.88091442
2018-04-06 11:49:00,-1326.88091442
2018-04-06 11:50:00,-1326.88091442
2018-04-06 11:51:00,-1326.88091442
2018-04-06 11:52:00,-1326.88091442
2018-04-06 11:53:00,-1326.88091442
2018-04-06 11:54:00,-1326.88091442
2018-04-06 11:55:00,-1326.88091442
2018-04-06 11:56:00,-1326.88091442
2018-04-06 11:57:00,-1326.88091442
2018-04-06 11:58:00,-1326.88091442
2018-04-06 11:59:00,-1326.88091442
2018-04-09 01:35:00,-1347.83738103
2018-04-09 01:36:00,-1347.83738103
2018-04-09 01:37:00,-1358.41219116
2018-04-09 01:38:00,-1358.41219116
2018-04-09 01:39:00,-1347.83738103
2018-04-09 01:40:00,-1347.83738103
2018-04-09 01:41:00,-1368.98700128
2018-04-09 01:42:00,-1368.98700128
2018-04-09 01:43:00,-1368.98700128
2018-04-09 01:44:00,-1379.56181141
2018-04-09 01:45:00,-1379.56181141
2018-04-09 01:46:00,-1379.56181141
2018-04-09 01:47:00,-1379.56181141
2018-04-09 01:48:00,-1379.56181141
2018-04-09 01:49:00,-1379.56181141
2018-04-09 01:50:00,-1379.56181141
2018-04-09 01:51:00,-1379.56181141
2018-04-09 01:52:00,-1379.56181141
2018-04-09 01:53:00,-1390.13662153
2018-04-09 01:54:00,-1390.13662153
2018-04-09 01:55:00,-1379.56181141
2018-04-09 01:56:00,-1379.56181141
2018-04-09 01:57:00,-1379.56181141
2018-04-09 01:58:00,-1379.56181141
2018-04-09 01:59:00,-1379.56181141
2018-04-09 02:00:00,-1379.56181141
2018-04-09 02:01:00,-1379.56181141
2018-04-09 02:02:00,-1390.13662153
2018-04-09 02:03:00,-1390.13662153
2018-04-09 02:04:00,-1390.13662153
2018-04-09 02:05:00,-1400.71143166
2018-04-09 02:06:00,-1390.13662153
2018-04-09 02:07:00,-1390.13662153
2018-04-09 02:08:00,-1390.13662153
2018-04-09 02:09:00,-1368.98700128
2018-04-09 02:10:00,-1368.98700128
2018-04-09 02:11:00,-1358.41219116
2018-04-09 02:12:00,-1368.98700128
2018-04-09 02:13:00,-1368.98700128
2018-04-09 02:14:00,-1368.98700128
2018-04-09 02:15:00,-1358.41219116
2018-04-09 02:16:00,-1368.98700128
2018-04-09 02:17:00,-1358.41219116
2018-04-09 02:18:00,-1358.41219116
2018-04-09 02:19:00,-1358.41219116
2018-04-09 02:20:00,-1368.98700128
2018-04-09 02:21:00,-1368.98700128
2018-04-09 02:22:00,-1368.98700128
2018-04-09 02:23:00,-1379.56181141
2018-04-09 02:24:00,-1368.98700128
2018-04-09 02:25:00,-1368.98700128
2018-04-09 02:26:00,-1379.56181141
2018-04-09 02:27:00,-1379.56181141
2018-04-09 02:28:00,-1379.56181141
2018-04-09 02:29:00,-1379.56181141
2018-04-09 02:30:00,-1379.56181141
2018-04-09 02:31:00,-1379.56181141
2018-04-09 02:32:00,-1379.56181141
2018-04-09 02:33:00,-1379.56181141
2018-04-09 02:34:00,-1390.13662153
2018-04-09 02:35:00,-1390.13662153
2018-04-09 02:36:00,-1390.13662153
2018-04-09 02:37:00,-1390.13662153
2018-04-09 02:38:00,-1390.13662153
2018-04-09 02:39:00,-1390.13662153
2018-04-09 02:40:00,-1390.13662153
2018-04-09 02:41:00,-1379.56181141
2018-04-09 02:42:00,-1379.56181141
2018-04-09 02:43:00,-1390.13662153
2018-04-09 02:44:00,-1390.13662153
2018-04-09 02:45:00,-1390.13662153
2018-04-09 02:46:00,-1390.13662153
2018-04-09 02:47:00,-1400.71143166
2018-04-09 02:48:00,-1390.13662153
2018-04-09 02:49:00,-1400.71143166
2018-04-09 02:50:00,-1390.13662153
2018-04-09 02:51:00,-1411.28624178
2018-04-09 02:52:00,-1400.71143166
2018-04-09 02:53:00,-1390.13662153
2018-04-09 02:54:00,-1400.71143166
2018-04-09 02:55:00,-1421.86105191
2018-04-09 02:56:00,-1411.28624178
2018-04-09 02:57:00,-1400.71143166
2018-04-09 02:58:00,-1400.71143166
2018-04-09 02:59:00,-1400.71143166
2018-04-09 03:00:00,-1400.71143166
2018-04-09 03:01:00,-1411.28624178
2018-04-09 03:02:00,-1400.71143166
2018-04-09 03:03:00,-1400.71143166
2018-04-09 03:04:00,-1368.98700128
2018-04-09 03:05:00,-1379.56181141
2018-04-09 03:06:00,-1379.56181141
2018-04-09 03:07:00,-1379.56181141
2018-04-09 03:08:00,-1368.98700128
2018-04-09 03:09:00,-1368.98700128
2018-04-09 03:10:00,-1368.98700128
2018-04-09 03:11:00,-1368.98700128
2018-04-09 03:12:00,-1368.98700128
2018-04-09 03:13:00,-1368.98700128
2018-04-09 03:14:00,-1368.98700128
2018-04-09 03:15:00,-1368.98700128
2018-04-09 03:16:00,-1368.98700128
2018-04-09 03:17:00,-1368.98700128
2018-04-09 03:18:00,-1368.98700128
2018-04-09 03:19:00,-1368.98700128
2018-04-09 03:20:00,-1368.98700128
2018-04-09 03:21:00,-1368.98700128
2018-04-09 03:22:00,-1368.98700128
2018-04-09 03:23:00,-1368.98700128
2018-04-09 03:24:00,-1379.56181141
2018-04-09 03:25:00,-1368.98700128
2018-04-09 03:26:00,-1368.98700128
2018-04-09 03:27:00,-1379.56181141
2018-04-09 03:28:00,-1390.13662153
2018-04-09 03:29:00,-1390.13662153
2018-04-09 03:30:00,-1390.13662153
2018-04-09 03:31:00,-1390.13662153
2018-04-09 03:32:00,-1390.13662153
2018-04-09 03:33:00,-1390.13662153
2018-04-09 03:34:00,-1390.13662153
2018-04-09 03:35:00,-1390.13662153
2018-04-09 03:36:00,-1390.13662153
2018-04-09 03:37:00,-1411.28624178
2018-04-09 03:38:00,-1411.28624178
2018-04-09 03:39:00,-1411.28624178
2018-04-09 03:40:00,-1411.28624178
2018-04-09 03:41:00,-1400.71143166
2018-04-09 03:42:00,-1390.13662153
2018-04-09 03:43:00,-1390.13662153
2018-04-09 03:44:00,-1390.13662153
2018-04-09 03:45:00,-1390.13662153
2018-04-09 03:46:00,-1390.13662153
2018-04-09 03:47:00,-1390.13662153
2018-04-09 03:48:00,-1390.13662153
2018-04-09 03:49:00,-1390.13662153
2018-04-09 03:50:00,-1390.13662153
2018-04-09 03:51:00,-1390.13662153
2018-04-09 03:52:00,-1390.13662153
2018-04-09 03:53:00,-1390.13662153
2018-04-09 03:54:00,-1390.13662153
2018-04-09 03:55:00,-1390.13662153
2018-04-09 03:56:00,-1390.13662153
2018-04-09 03:57:00,-1368.98700128
2018-04-09 03:58:00,-1368.98700128
2018-04-09 03:59:00,-1368.98700128
2018-04-09 04:00:00,-1368.98700128
2018-04-09 04:01:00,-1368.98700128
2018-04-09 04:02:00,-1368.98700128
2018-04-09 04:03:00,-1379.56181141
2018-04-09 04:04:00,-1379.56181141
2018-04-09 04:05:00,-1358.41219116
2018-04-09 04:06:00,-1358.41219116
2018-04-09 04:07:00,-1358.41219116
2018-04-09 04:08:00,-1368.98700128
2018-04-09 04:09:00,-1368.98700128
2018-04-09 04:10:00,-1358.41219116
2018-04-09 04:11:00,-1358.41219116
2018-04-09 04:12:00,-1358.41219116
2018-04-09 04:13:00,-1358.41219116
2018-04-09 04:14:00,-1358.41219116
2018-04-09 04:15:00,-1358.41219116
2018-04-09 04:16:00,-1358.41219116
2018-04-09 04:17:00,-1358.41219116
2018-04-09 04:18:00,-1358.41219116
2018-04-09 04:19:00,-1358.41219116
2018-04-09 04:20:00,-1358.41219116
2018-04-09 04:21:00,-1358.41219116
2018-04-09 04:22:00,-1358.41219116
2018-04-09 04:23:00,-1358.41219116
2018-04-09 04:24:00,-1358.41219116
2018-04-09 04:25:00,-1358.41219116
2018-04-09 04:26:00,-1358.41219116
2018-04-09 04:27:00,-1379.56181141
2018-04-09 04:28:00,-1379.56181141
2018-04-09 04:29:00,-1368.98700128
2018-04-09 04:30:00,-1368.98700128
2018-04-09 04:31:00,-1368.98700128
2018-04-09 04:32:00,-1368.98700128
2018-04-09 04:33:00,-1379.56181141
2018-04-09 04:34:00,-1379.56181141
2018-04-09 04:35:00,-1379.56181141
2018-04-09 04:36:00,-1379.56181141
2018-04-09 04:37:00,-1379.56181141
2018-04-09 04:38:00,-1379.56181141
2018-04-09 04:39:00,-1379.56181141
2018-04-09 04:40:00,-1379.56181141
2018-04-09 04:41:00,-1379.56181141
2018-04-09 04:42:00,-1379.56181141
2018-04-09 04:43:00,-1379.56181141
2018-04-09 04:44:00,-1379.56181141
2018-04-09 04:45:00,-1379.56181141
2018-04-09 04:46:00,-1390.13662153
2018-04-09 04:47:00,-1390.13662153
2018-04-09 04:48:00,-1390.13662153
2018-04-09 04:49:00,-1390.13662153
2018-04-09 04:50:00,-1368.98700128
2018-04-09 04:51:00,-1368.98700128
2018-04-09 04:52:00,-1379.56181141
2018-04-09 04:53:00,-1379.56181141
2018-04-09 04:54:00,-1379.56181141
2018-04-09 04:55:00,-1379.56181141
2018-04-09 04:56:00,-1379.56181141
2018-04-09 04:57:00,-1379.56181141
2018-04-09 04:58:00,-1379.56181141
2018-04-09 04:59:00,-1379.56181141
2018-04-09 05:00:00,-1379.56181141
2018-04-09 05:01:00,-1379.56181141
2018-04-09 05:02:00,-1379.56181141
2018-04-09 05:03:00,-1390.13662153
2018-04-09 05:04:00,-1400.71143166
2018-04-09 05:05:00,-1400.71143166
2018-04-09 05:06:00,-1411.28624178
2018-04-09 05:07:00,-1411.28624178
2018-04-09 05:08:00,-1411.28624178
2018-04-09 05:09:00,-1411.28624178
2018-04-09 05:10:00,-1411.28624178
2018-04-09 05:11:00,-1411.28624178
2018-04-09 05:12:00,-1411.28624178
2018-04-09 05:13:00,-1411.28624178
2018-04-09 05:14:00,-1390.13662153
2018-04-09 05:15:00,-1390.13662153
2018-04-09 05:16:00,-1390.13662153
2018-04-09 05:17:00,-1390.13662153
2018-04-09 05:18:00,-1390.13662153
2018-04-09 05:19:00,-1390.13662153
2018-04-09 05:20:00,-1379.56181141
2018-04-09 05:21:00,-1379.56181141
2018-04-09 05:22:00,-1390.13662153
2018-04-09 05:23:00,-1390.13662153
2018-04-09 05:24:00,-1390.13662153
2018-04-09 05:25:00,-1390.13662153
2018-04-09 05:26:00,-1379.56181141
2018-04-09 05:27:00,-1390.13662153
2018-04-09 05:28:00,-1390.13662153
2018-04-09 05:29:00,-1390.13662153
2018-04-09 05:30:00,-1390.13662153
2018-04-09 05:31:00,-1390.13662153
2018-04-09 05:32:00,-1390.13662153
2018-04-09 05:33:00,-1390.13662153
2018-04-09 05:34:00,-1390.13662153
2018-04-09 05:35:00,-1390.13662153
2018-04-09 05:36:00,-1390.13662153
2018-04-09 05:37:00,-1368.98700128
2018-04-09 05:38:00,-1368.98700128
2018-04-09 05:39:00,-1368.98700128
2018-04-09 05:40:00,-1390.13662153
2018-04-09 05:41:00,-1400.71143166
2018-04-09 05:42:00,-1400.71143166
2018-04-09 05:43:00,-1400.71143166
2018-04-09 05:44:00,-1390.13662153
2018-04-09 05:45:00,-1379.56181141
2018-04-09 05:46:00,-1379.56181141
2018-04-09 05:47:00,-1379.56181141
2018-04-09 05:48:00,-1379.56181141
2018-04-09 05:49:00,-1379.56181141
2018-04-09 05:50:00,-1379.56181141
2018-04-09 05:51:00,-1368.98700128
2018-04-09 05:52:00,-1347.83738103
2018-04-09 05:53:00,-1347.83738103
2018-04-09 05:54:00,-1347.83738103
2018-04-09 05:55:00,-1337.26257091
2018-04-09 05:56:00,-1326.68776078
2018-04-09 05:57:00,-1316.11295066
2018-04-09 05:58:00,-1316.11295066
2018-04-09 05:59:00,-1316.11295066
2018-04-09 06:00:00,-1316.11295066
2018-04-09 06:01:00,-1305.53814053
2018-04-09 06:02:00,-1316.11295066
2018-04-09 06:03:00,-1316.11295066
2018-04-09 06:04:00,-1305.53814053
2018-04-09 06:05:00,-1305.53814053
2018-04-09 06:06:00,-1305.53814053
2018-04-09 06:07:00,-1305.53814053
2018-04-09 06:08:00,-1305.53814053
2018-04-09 06:09:00,-1305.53814053
2018-04-09 06:10:00,-1305.53814053
2018-04-09 06:11:00,-1305.53814053
2018-04-09 06:12:00,-1305.53814053
2018-04-09 06:13:00,-1305.53814053
2018-04-09 06:14:00,-1326.68776078
2018-04-09 06:15:00,-1316.11295066
2018-04-09 06:16:00,-1316.11295066
2018-04-09 06:17:00,-1316.11295066
2018-04-09 06:18:00,-1316.11295066
2018-04-09 06:19:00,-1316.11295066
2018-04-09 06:20:00,-1316.11295066
2018-04-09 06:21:00,-1316.11295066
2018-04-09 06:22:00,-1316.11295066
2018-04-09 06:23:00,-1316.11295066
2018-04-09 06:24:00,-1316.11295066
2018-04-09 06:25:00,-1316.11295066
2018-04-09 06:26:00,-1316.11295066
2018-04-09 06:27:00,-1316.11295066
2018-04-09 06:28:00,-1305.53814053
2018-04-09 06:29:00,-1305.53814053
2018-04-09 06:30:00,-1305.53814053
2018-04-09 06:31:00,-1305.53814053
2018-04-09 06:32:00,-1326.68776078
2018-04-09 06:33:00,-1326.68776078
2018-04-09 06:34:00,-1316.11295066
2018-04-09 06:35:00,-1316.11295066
2018-04-09 06:36:00,-1316.11295066
2018-04-09 06:37:00,-1305.53814053
2018-04-09 06:38:00,-1316.11295066
2018-04-09 06:39:00,-1326.68776078
2018-04-09 06:40:00,-1326.68776078
2018-04-09 06:41:00,-1326.68776078
2018-04-09 06:42:00,-1326.68776078
2018-04-09 06:43:00,-1326.68776078
2018-04-09 06:44:00,-1326.68776078
2018-04-09 06:45:00,-1326.68776078
2018-04-09 06:46:00,-1316.11295066
2018-04-09 06:47:00,-1326.68776078
2018-04-09 06:48:00,-1326.68776078
2018-04-09 06:49:00,-1326.68776078
2018-04-09 06:50:00,-1326.68776078
2018-04-09 06:51:00,-1305.53814053
2018-04-09 06:52:00,-1337.26257091
2018-04-09 06:53:00,-1294.96333041
2018-04-09 06:54:00,-1294.96333041
2018-04-09 06:55:00,-1294.96333041
2018-04-09 06:56:00,-1294.96333041
2018-04-09 06:57:00,-1294.96333041
2018-04-09 06:58:00,-1294.96333041
2018-04-09 06:59:00,-1294.96333041
2018-04-09 07:00:00,-1294.96333041
2018-04-09 07:01:00,-1294.96333041
2018-04-09 07:02:00,-1284.38852028
2018-04-09 07:03:00,-1284.38852028
2018-04-09 07:04:00,-1284.38852028
2018-04-09 07:05:00,-1273.81371016
2018-04-09 07:06:00,-1252.66408991
2018-04-09 07:07:00,-1252.66408991
2018-04-09 07:08:00,-1252.66408991
2018-04-09 07:09:00,-1252.66408991
2018-04-09 07:10:00,-1220.93965953
2018-04-09 07:11:00,-1220.93965953
2018-04-09 07:12:00,-1220.93965953
2018-04-09 07:13:00,-1231.51446966
2018-04-09 07:14:00,-1220.93965953
2018-04-09 07:15:00,-1231.51446966
2018-04-09 07:16:00,-1220.93965953
2018-04-09 07:17:00,-1220.93965953
2018-04-09 07:18:00,-1220.93965953
2018-04-09 07:19:00,-1231.51446966
2018-04-09 07:20:00,-1231.51446966
2018-04-09 07:21:00,-1231.51446966
2018-04-09 07:22:00,-1231.51446966
2018-04-09 07:23:00,-1220.93965953
2018-04-09 07:24:00,-1231.51446966
2018-04-09 07:25:00,-1231.51446966
2018-04-09 07:26:00,-1231.51446966
2018-04-09 07:27:00,-1231.51446966
2018-04-09 07:28:00,-1231.51446966
2018-04-09 07:29:00,-1242.08927978
2018-04-09 07:30:00,-1242.08927978
2018-04-09 07:31:00,-1252.66408991
2018-04-09 07:32:00,-1252.66408991
2018-04-09 07:33:00,-1252.66408991
2018-04-09 07:34:00,-1252.66408991
2018-04-09 07:35:00,-1252.66408991
2018-04-09 07:36:00,-1242.08927978
2018-04-09 07:37:00,-1242.08927978
2018-04-09 07:38:00,-1252.66408991
2018-04-09 07:39:00,-1252.66408991
2018-04-09 07:40:00,-1252.66408991
2018-04-09 07:41:00,-1252.66408991
2018-04-09 07:42:00,-1252.66408991
2018-04-09 07:43:00,-1242.08927978
2018-04-09 07:44:00,-1242.08927978
2018-04-09 07:45:00,-1284.38852028
2018-04-09 07:46:00,-1284.38852028
2018-04-09 07:47:00,-1284.38852028
2018-04-09 07:48:00,-1284.38852028
2018-04-09 07:49:00,-1284.38852028
2018-04-09 07:50:00,-1284.38852028
2018-04-09 07:51:00,-1273.81371016
2018-04-09 07:52:00,-1273.81371016
2018-04-09 07:53:00,-1273.81371016
2018-04-09 07:54:00,-1263.23890003
2018-04-09 07:55:00,-1242.08927978
2018-04-09 07:56:00,-1242.08927978
2018-04-09 07:57:00,-1242.08927978
2018-04-09 07:58:00,-1242.08927978
2018-04-09 07:59:00,-1242.08927978
2018-04-09 08:00:00,-1242.08927978
2018-04-09 08:01:00,-1252.66408991
2018-04-09 08:02:00,-1242.08927978
2018-04-09 08:03:00,-1242.08927978
2018-04-09 08:04:00,-1242.08927978
2018-04-09 08:05:00,-1231.51446966
2018-04-09 08:06:00,-1231.51446966
2018-04-09 08:07:00,-1231.51446966
2018-04-09 08:08:00,-1242.08927978
2018-04-09 08:09:00,-1242.08927978
2018-04-09 08:10:00,-1242.08927978
2018-04-09 08:11:00,-1242.08927978
2018-04-09 08:12:00,-1242.08927978
2018-04-09 08:13:00,-1242.08927978
2018-04-09 08:14:00,-1242.08927978
2018-04-09 08:15:00,-1242.08927978
2018-04-09 08:16:00,-1242.08927978
2018-04-09 08:17:00,-1242.08927978
2018-04-09 08:18:00,-1242.08927978
2018-04-09 08:19:00,-1242.08927978
2018-04-09 08:20:00,-1242.08927978
2018-04-09 08:21:00,-1242.08927978
2018-04-09 08:22:00,-1242.08927978
2018-04-09 08:23:00,-1242.08927978
2018-04-09 08:24:00,-1242.08927978
2018-04-09 08:25:00,-1242.08927978
2018-04-09 08:26:00,-1252.66408991
2018-04-09 08:27:00,-1252.66408991
2018-04-09 08:28:00,-1231.51446966
2018-04-09 08:29:00,-1231.51446966
2018-04-09 08:30:00,-1231.51446966
2018-04-09 08:31:00,-1231.51446966
2018-04-09 08:32:00,-1231.51446966
2018-04-09 08:33:00,-1242.08927978
2018-04-09 08:34:00,-1242.08927978
2018-04-09 08:35:00,-1231.51446966
2018-04-09 08:36:00,-1231.51446966
2018-04-09 08:37:00,-1231.51446966
2018-04-09 08:38:00,-1220.93965953
2018-04-09 08:39:00,-1210.36484941
2018-04-09 08:40:00,-1220.93965953
2018-04-09 08:41:00,-1242.08927978
2018-04-09 08:42:00,-1242.08927978
2018-04-09 08:43:00,-1231.51446966
2018-04-09 08:44:00,-1252.66408991
2018-04-09 08:45:00,-1252.66408991
2018-04-09 08:46:00,-1252.66408991
2018-04-09 08:47:00,-1273.81371016
2018-04-09 08:48:00,-1284.38852028
2018-04-09 08:49:00,-1294.96333041
2018-04-09 08:50:00,-1294.96333041
2018-04-09 08:51:00,-1305.53814053
2018-04-09 08:52:00,-1294.96333041
2018-04-09 08:53:00,-1294.96333041
2018-04-09 08:54:00,-1294.96333041
2018-04-09 08:55:00,-1294.96333041
2018-04-09 08:56:00,-1294.96333041
2018-04-09 08:57:00,-1294.96333041
2018-04-09 08:58:00,-1294.96333041
2018-04-09 08:59:00,-1284.38852028
2018-04-09 09:00:00,-1273.81371016
2018-04-09 09:01:00,-1273.81371016
2018-04-09 09:02:00,-1273.81371016
2018-04-09 09:03:00,-1252.66408991
2018-04-09 09:04:00,-1252.66408991
2018-04-09 09:05:00,-1252.66408991
2018-04-09 09:06:00,-1252.66408991
2018-04-09 09:07:00,-1252.66408991
2018-04-09 09:08:00,-1252.66408991
2018-04-09 09:09:00,-1231.51446966
2018-04-09 09:10:00,-1231.51446966
2018-04-09 09:11:00,-1231.51446966
2018-04-09 09:12:00,-1231.51446966
2018-04-09 09:13:00,-1252.66408991
2018-04-09 09:14:00,-1252.66408991
2018-04-09 09:15:00,-1242.08927978
2018-04-09 09:16:00,-1210.36484941
2018-04-09 09:17:00,-1210.36484941
2018-04-09 09:18:00,-1210.36484941
2018-04-09 09:19:00,-1210.36484941
2018-04-09 09:20:00,-1210.36484941
2018-04-09 09:21:00,-1210.36484941
2018-04-09 09:22:00,-1210.36484941
2018-04-09 09:23:00,-1210.36484941
2018-04-09 09:24:00,-1220.93965953
2018-04-09 09:25:00,-1220.93965953
2018-04-09 09:26:00,-1220.93965953
2018-04-09 09:27:00,-1220.93965953
2018-04-09 09:28:00,-1220.93965953
2018-04-09 09:29:00,-1210.36484941
2018-04-09 09:30:00,-1252.66408991
2018-04-09 09:31:00,-1252.66408991
2018-04-09 09:32:00,-1252.66408991
2018-04-09 09:33:00,-1252.66408991
2018-04-09 09:34:00,-1231.51446966
2018-04-09 09:35:00,-1242.08927978
2018-04-09 09:36:00,-1242.08927978
2018-04-09 09:37:00,-1220.93965953
2018-04-09 09:38:00,-1210.36484941
2018-04-09 09:39:00,-1210.36484941
2018-04-09 09:40:00,-1210.36484941
2018-04-09 09:41:00,-1210.36484941
2018-04-09 09:42:00,-1220.93965953
2018-04-09 09:43:00,-1220.93965953
2018-04-09 09:44:00,-1210.36484941
2018-04-09 09:45:00,-1220.93965953
2018-04-09 09:46:00,-1220.93965953
2018-04-09 09:47:00,-1220.93965953
2018-04-09 09:48:00,-1220.93965953
2018-04-09 09:49:00,-1220.93965953
2018-04-09 09:50:00,-1210.36484941
2018-04-09 09:51:00,-1210.36484941
2018-04-09 09:52:00,-1231.51446966
2018-04-09 09:53:00,-1231.51446966
2018-04-09 09:54:00,-1231.51446966
2018-04-09 09:55:00,-1231.51446966
2018-04-09 09:56:00,-1242.08927978
2018-04-09 09:57:00,-1242.08927978
2018-04-09 09:58:00,-1231.51446966
2018-04-09 09:59:00,-1231.51446966
2018-04-09 10:00:00,-1231.51446966
2018-04-09 10:01:00,-1231.51446966
2018-04-09 10:02:00,-1242.08927978
2018-04-09 10:03:00,-1242.08927978
2018-04-09 10:04:00,-1242.08927978
2018-04-09 10:05:00,-1231.51446966
2018-04-09 10:06:00,-1242.08927978
2018-04-09 10:07:00,-1220.93965953
2018-04-09 10:08:00,-1220.93965953
2018-04-09 10:09:00,-1220.93965953
2018-04-09 10:10:00,-1210.36484941
2018-04-09 10:11:00,-1210.36484941
2018-04-09 10:12:00,-1220.93965953
2018-04-09 10:13:00,-1231.51446966
2018-04-09 10:14:00,-1210.36484941
2018-04-09 10:15:00,-1210.36484941
2018-04-09 10:16:00,-1210.36484941
2018-04-09 10:17:00,-1210.36484941
2018-04-09 10:18:00,-1210.36484941
2018-04-09 10:19:00,-1210.36484941
2018-04-09 10:20:00,-1210.36484941
2018-04-09 10:21:00,-1210.36484941
2018-04-09 10:22:00,-1199.79003928
2018-04-09 10:23:00,-1199.79003928
2018-04-09 10:24:00,-1199.79003928
2018-04-09 10:25:00,-1199.79003928
2018-04-09 10:26:00,-1199.79003928
2018-04-09 10:27:00,-1199.79003928
2018-04-09 10:28:00,-1199.79003928
2018-04-09 10:29:00,-1210.36484941
2018-04-09 10:30:00,-1199.79003928
2018-04-09 10:31:00,-1199.79003928
2018-04-09 10:32:00,-1189.21522916
2018-04-09 10:33:00,-1199.79003928
2018-04-09 10:34:00,-1199.79003928
2018-04-09 10:35:00,-1199.79003928
2018-04-09 10:36:00,-1199.79003928
2018-04-09 10:37:00,-1199.79003928
2018-04-09 10:38:00,-1199.79003928
2018-04-09 10:39:00,-1199.79003928
2018-04-09 10:40:00,-1199.79003928
2018-04-09 10:41:00,-1199.79003928
2018-04-09 10:42:00,-1210.36484941
2018-04-09 10:43:00,-1210.36484941
2018-04-09 10:44:00,-1210.36484941
2018-04-09 10:45:00,-1210.36484941
2018-04-09 10:46:00,-1210.36484941
2018-04-09 10:47:00,-1220.93965953
2018-04-09 10:48:00,-1220.93965953
2018-04-09 10:49:00,-1210.36484941
2018-04-09 10:50:00,-1220.93965953
2018-04-09 10:51:00,-1210.36484941
2018-04-09 10:52:00,-1220.93965953
2018-04-09 10:53:00,-1242.08927978
2018-04-09 10:54:00,-1252.66408991
2018-04-09 10:55:00,-1252.66408991
2018-04-09 10:56:00,-1263.23890003
2018-04-09 10:57:00,-1252.66408991
2018-04-09 10:58:00,-1263.23890003
2018-04-09 10:59:00,-1284.38852028
2018-04-09 11:00:00,-1284.38852028
2018-04-09 11:01:00,-1231.51446966
2018-04-09 11:02:00,-1231.51446966
2018-04-09 11:03:00,-1220.93965953
2018-04-09 11:04:00,-1220.93965953
2018-04-09 11:05:00,-1220.93965953
2018-04-09 11:06:00,-1220.93965953
2018-04-09 11:07:00,-1220.93965953
2018-04-09 11:08:00,-1252.66408991
2018-04-09 11:09:00,-1252.66408991
2018-04-09 11:10:00,-1220.93965953
2018-04-09 11:11:00,-1220.93965953
2018-04-09 11:12:00,-1220.93965953
2018-04-09 11:13:00,-1220.93965953
2018-04-09 11:14:00,-1263.23890003
2018-04-09 11:15:00,-1273.81371016
2018-04-09 11:16:00,-1273.81371016
2018-04-09 11:17:00,-1273.81371016
2018-04-09 11:18:00,-1284.38852028
2018-04-09 11:19:00,-1231.51446966
2018-04-09 11:20:00,-1231.51446966
2018-04-09 11:21:00,-1231.51446966
2018-04-09 11:22:00,-1231.51446966
2018-04-09 11:23:00,-1231.51446966
2018-04-09 11:24:00,-1231.51446966
2018-04-09 11:25:00,-1231.51446966
2018-04-09 11:26:00,-1242.08927978
2018-04-09 11:27:00,-1242.08927978
2018-04-09 11:28:00,-1242.08927978
2018-04-09 11:29:00,-1263.23890003
2018-04-09 11:30:00,-1273.81371016
2018-04-09 11:31:00,-1263.23890003
2018-04-09 11:32:00,-1273.81371016
2018-04-09 11:33:00,-1242.08927978
2018-04-09 11:34:00,-1242.08927978
2018-04-09 11:35:00,-1242.08927978
2018-04-09 11:36:00,-1231.51446966
2018-04-09 11:37:00,-1252.66408991
2018-04-09 11:38:00,-1242.08927978
2018-04-09 11:39:00,-1231.51446966
2018-04-09 11:40:00,-1231.51446966
2018-04-09 11:41:00,-1231.51446966
2018-04-09 11:42:00,-1242.08927978
2018-04-09 11:43:00,-1242.08927978
2018-04-09 11:44:00,-1242.08927978
2018-04-09 11:45:00,-1231.51446966
2018-04-09 11:46:00,-1231.51446966
2018-04-09 11:47:00,-1242.08927978
2018-04-09 11:48:00,-1220.93965953
2018-04-09 11:49:00,-1231.51446966
2018-04-09 11:50:00,-1231.51446966
2018-04-09 11:51:00,-1231.51446966
2018-04-09 11:52:00,-1231.51446966
2018-04-09 11:53:00,-1231.51446966
2018-04-09 11:54:00,-1231.51446966
2018-04-09 11:55:00,-1231.51446966
2018-04-09 11:56:00,-1231.51446966
2018-04-09 11:57:00,-1231.51446966
2018-04-09 11:58:00,-1231.51446966
2018-04-09 11:59:00,-1231.51446966
2018-04-10 01:29:00,-1146.91514267
2018-04-10 01:30:00,-1146.91514267
2018-04-10 01:31:00,-1146.91514267
2018-04-10 01:32:00,-1146.91514267
2018-04-10 01:33:00,-1146.91514267
2018-04-10 01:34:00,-1337.26172492
2018-04-10 01:35:00,-1337.26172492
2018-04-10 01:36:00,-1337.26172492
2018-04-10 01:37:00,-1358.41134517
2018-04-10 01:38:00,-1358.41134517
2018-04-10 01:39:00,-1358.41134517
2018-04-10 01:40:00,-1358.41134517
2018-04-10 01:41:00,-1358.41134517
2018-04-10 01:42:00,-1337.26172492
2018-04-10 01:43:00,-1337.26172492
2018-04-10 01:44:00,-1337.26172492
2018-04-10 01:45:00,-1337.26172492
2018-04-10 01:46:00,-1326.6869148
2018-04-10 01:47:00,-1326.6869148
2018-04-10 01:48:00,-1326.6869148
2018-04-10 01:49:00,-1326.6869148
2018-04-10 01:50:00,-1326.6869148
2018-04-10 01:51:00,-1326.6869148
2018-04-10 01:52:00,-1326.6869148
2018-04-10 01:53:00,-1326.6869148
2018-04-10 01:54:00,-1326.6869148
2018-04-10 01:55:00,-1316.11210467
2018-04-10 01:56:00,-1316.11210467
2018-04-10 01:57:00,-1316.11210467
2018-04-10 01:58:00,-1316.11210467
2018-04-10 01:59:00,-1326.6869148
2018-04-10 02:00:00,-1294.96248442
2018-04-10 02:01:00,-1294.96248442
2018-04-10 02:02:00,-1273.81286417
2018-04-10 02:03:00,-1252.66324392
2018-04-10 02:04:00,-1252.66324392
2018-04-10 02:05:00,-1231.51362367
2018-04-10 02:06:00,-1242.0884338
2018-04-10 02:07:00,-1242.0884338
2018-04-10 02:08:00,-1242.0884338
2018-04-10 02:09:00,-1231.51362367
2018-04-10 02:10:00,-1242.0884338
2018-04-10 02:11:00,-1242.0884338
2018-04-10 02:12:00,-1242.0884338
2018-04-10 02:13:00,-1242.0884338
2018-04-10 02:14:00,-1242.0884338
2018-04-10 02:15:00,-1242.0884338
2018-04-10 02:16:00,-1252.66324392
2018-04-10 02:17:00,-1252.66324392
2018-04-10 02:18:00,-1252.66324392
2018-04-10 02:19:00,-1242.0884338
2018-04-10 02:20:00,-1242.0884338
2018-04-10 02:21:00,-1242.0884338
2018-04-10 02:22:00,-1242.0884338
2018-04-10 02:23:00,-1252.66324392
2018-04-10 02:24:00,-1252.66324392
2018-04-10 02:25:00,-1252.66324392
2018-04-10 02:26:00,-1252.66324392
2018-04-10 02:27:00,-1252.66324392
2018-04-10 02:28:00,-1252.66324392
2018-04-10 02:29:00,-1252.66324392
2018-04-10 02:30:00,-1252.66324392
2018-04-10 02:31:00,-1252.66324392
2018-04-10 02:32:00,-1242.0884338
2018-04-10 02:33:00,-1242.0884338
2018-04-10 02:34:00,-1242.0884338
2018-04-10 02:35:00,-1242.0884338
2018-04-10 02:36:00,-1252.66324392
2018-04-10 02:37:00,-1273.81286417
2018-04-10 02:38:00,-1273.81286417
2018-04-10 02:39:00,-1273.81286417
2018-04-10 02:40:00,-1273.81286417
2018-04-10 02:41:00,-1273.81286417
2018-04-10 02:42:00,-1273.81286417
2018-04-10 02:43:00,-1263.23805405
2018-04-10 02:44:00,-1263.23805405
2018-04-10 02:45:00,-1263.23805405
2018-04-10 02:46:00,-1263.23805405
2018-04-10 02:47:00,-1263.23805405
2018-04-10 02:48:00,-1284.3876743
2018-04-10 02:49:00,-1273.81286417
2018-04-10 02:50:00,-1284.3876743
2018-04-10 02:51:00,-1284.3876743
2018-04-10 02:52:00,-1284.3876743
2018-04-10 02:53:00,-1273.81286417
2018-04-10 02:54:00,-1273.81286417
2018-04-10 02:55:00,-1284.3876743
2018-04-10 02:56:00,-1273.81286417
2018-04-10 02:57:00,-1273.81286417
2018-04-10 02:58:00,-1252.66324392
2018-04-10 02:59:00,-1242.0884338
2018-04-10 03:00:00,-1242.0884338
2018-04-10 03:01:00,-1242.0884338
2018-04-10 03:02:00,-1242.0884338
2018-04-10 03:03:00,-1242.0884338
2018-04-10 03:04:00,-1242.0884338
2018-04-10 03:05:00,-1242.0884338
2018-04-10 03:06:00,-1242.0884338
2018-04-10 03:07:00,-1242.0884338
2018-04-10 03:08:00,-1252.66324392
2018-04-10 03:09:00,-1252.66324392
2018-04-10 03:10:00,-1252.66324392
2018-04-10 03:11:00,-1252.66324392
2018-04-10 03:12:00,-1252.66324392
2018-04-10 03:13:00,-1252.66324392
2018-04-10 03:14:00,-1252.66324392
2018-04-10 03:15:00,-1252.66324392
2018-04-10 03:16:00,-1252.66324392
2018-04-10 03:17:00,-1252.66324392
2018-04-10 03:18:00,-1252.66324392
2018-04-10 03:19:00,-1252.66324392
2018-04-10 03:20:00,-1252.66324392
2018-04-10 03:21:00,-1252.66324392
2018-04-10 03:22:00,-1252.66324392
2018-04-10 03:23:00,-1252.66324392
2018-04-10 03:24:00,-1263.23805405
2018-04-10 03:25:00,-1263.23805405
2018-04-10 03:26:00,-1263.23805405
2018-04-10 03:27:00,-1263.23805405
2018-04-10 03:28:00,-1284.3876743
2018-04-10 03:29:00,-1284.3876743
2018-04-10 03:30:00,-1284.3876743
2018-04-10 03:31:00,-1284.3876743
2018-04-10 03:32:00,-1252.66324392
2018-04-10 03:33:00,-1263.23805405
2018-04-10 03:34:00,-1263.23805405
2018-04-10 03:35:00,-1273.81286417
2018-04-10 03:36:00,-1263.23805405
2018-04-10 03:37:00,-1273.81286417
2018-04-10 03:38:00,-1273.81286417
2018-04-10 03:39:00,-1273.81286417
2018-04-10 03:40:00,-1284.3876743
2018-04-10 03:41:00,-1284.3876743
2018-04-10 03:42:00,-1284.3876743
2018-04-10 03:43:00,-1284.3876743
2018-04-10 03:44:00,-1284.3876743
2018-04-10 03:45:00,-1284.3876743
2018-04-10 03:46:00,-1284.3876743
2018-04-10 03:47:00,-1284.3876743
2018-04-10 03:48:00,-1284.3876743
2018-04-10 03:49:00,-1284.3876743
2018-04-10 03:50:00,-1284.3876743
2018-04-10 03:51:00,-1263.23805405
2018-04-10 03:52:00,-1263.23805405
2018-04-10 03:53:00,-1263.23805405
2018-04-10 03:54:00,-1273.81286417
2018-04-10 03:55:00,-1263.23805405
2018-04-10 03:56:00,-1263.23805405
2018-04-10 03:57:00,-1263.23805405
2018-04-10 03:58:00,-1263.23805405
2018-04-10 03:59:00,-1263.23805405
2018-04-10 04:00:00,-1263.23805405
2018-04-10 04:01:00,-1263.23805405
2018-04-10 04:02:00,-1263.23805405
2018-04-10 04:03:00,-1263.23805405
2018-04-10 04:04:00,-1263.23805405
2018-04-10 04:05:00,-1284.3876743
2018-04-10 04:06:00,-1284.3876743
2018-04-10 04:07:00,-1284.3876743
2018-04-10 04:08:00,-1284.3876743
2018-04-10 04:09:00,-1284.3876743
2018-04-10 04:10:00,-1284.3876743
2018-04-10 04:11:00,-1284.3876743
2018-04-10 04:12:00,-1284.3876743
2018-04-10 04:13:00,-1284.3876743
2018-04-10 04:14:00,-1284.3876743
2018-04-10 04:15:00,-1284.3876743
2018-04-10 04:16:00,-1284.3876743
2018-04-10 04:17:00,-1284.3876743
2018-04-10 04:18:00,-1284.3876743
2018-04-10 04:19:00,-1284.3876743
2018-04-10 04:20:00,-1284.3876743
2018-04-10 04:21:00,-1284.3876743
2018-04-10 04:22:00,-1284.3876743
2018-04-10 04:23:00,-1284.3876743
2018-04-10 04:24:00,-1284.3876743
2018-04-10 04:25:00,-1284.3876743
2018-04-10 04:26:00,-1284.3876743
2018-04-10 04:27:00,-1294.96248442
2018-04-10 04:28:00,-1305.53729455
2018-04-10 04:29:00,-1326.6869148
2018-04-10 04:30:00,-1326.6869148
2018-04-10 04:31:00,-1305.53729455
2018-04-10 04:32:00,-1305.53729455
2018-04-10 04:33:00,-1305.53729455
2018-04-10 04:34:00,-1305.53729455
2018-04-10 04:35:00,-1294.96248442
2018-04-10 04:36:00,-1273.81286417
2018-04-10 04:37:00,-1263.23805405
2018-04-10 04:38:00,-1263.23805405
2018-04-10 04:39:00,-1263.23805405
2018-04-10 04:40:00,-1263.23805405
2018-04-10 04:41:00,-1263.23805405
2018-04-10 04:42:00,-1263.23805405
2018-04-10 04:43:00,-1263.23805405
2018-04-10 04:44:00,-1263.23805405
2018-04-10 04:45:00,-1263.23805405
2018-04-10 04:46:00,-1242.0884338
2018-04-10 04:47:00,-1252.66324392
2018-04-10 04:48:00,-1263.23805405
2018-04-10 04:49:00,-1263.23805405
2018-04-10 04:50:00,-1263.23805405
2018-04-10 04:51:00,-1263.23805405
2018-04-10 04:52:00,-1263.23805405
2018-04-10 04:53:00,-1263.23805405
2018-04-10 04:54:00,-1263.23805405
2018-04-10 04:55:00,-1263.23805405
2018-04-10 04:56:00,-1263.23805405
2018-04-10 04:57:00,-1263.23805405
2018-04-10 04:58:00,-1263.23805405
2018-04-10 04:59:00,-1263.23805405
2018-04-10 05:00:00,-1263.23805405
2018-04-10 05:01:00,-1263.23805405
2018-04-10 05:02:00,-1263.23805405
2018-04-10 05:03:00,-1263.23805405
2018-04-10 05:04:00,-1242.0884338
2018-04-10 05:05:00,-1252.66324392
2018-04-10 05:06:00,-1263.23805405
2018-04-10 05:07:00,-1263.23805405
2018-04-10 05:08:00,-1263.23805405
2018-04-10 05:09:00,-1263.23805405
2018-04-10 05:10:00,-1242.0884338
2018-04-10 05:11:00,-1252.66324392
2018-04-10 05:12:00,-1263.23805405
2018-04-10 05:13:00,-1263.23805405
2018-04-10 05:14:00,-1263.23805405
2018-04-10 05:15:00,-1252.66324392
2018-04-10 05:16:00,-1263.23805405
2018-04-10 05:17:00,-1263.23805405
2018-04-10 05:18:00,-1263.23805405
2018-04-10 05:19:00,-1263.23805405
2018-04-10 05:20:00,-1263.23805405
2018-04-10 05:21:00,-1263.23805405
2018-04-10 05:22:00,-1263.23805405
2018-04-10 05:23:00,-1263.23805405
2018-04-10 05:24:00,-1263.23805405
2018-04-10 05:25:00,-1252.66324392
2018-04-10 05:26:00,-1252.66324392
2018-04-10 05:27:00,-1252.66324392
2018-04-10 05:28:00,-1252.66324392
2018-04-10 05:29:00,-1252.66324392
2018-04-10 05:30:00,-1252.66324392
2018-04-10 05:31:00,-1252.66324392
2018-04-10 05:32:00,-1252.66324392
2018-04-10 05:33:00,-1263.23805405
2018-04-10 05:34:00,-1263.23805405
2018-04-10 05:35:00,-1263.23805405
2018-04-10 05:36:00,-1263.23805405
2018-04-10 05:37:00,-1263.23805405
2018-04-10 05:38:00,-1263.23805405
2018-04-10 05:39:00,-1263.23805405
2018-04-10 05:40:00,-1273.81286417
2018-04-10 05:41:00,-1273.81286417
2018-04-10 05:42:00,-1273.81286417
2018-04-10 05:43:00,-1273.81286417
2018-04-10 05:44:00,-1273.81286417
2018-04-10 05:45:00,-1273.81286417
2018-04-10 05:46:00,-1252.66324392
2018-04-10 05:47:00,-1252.66324392
2018-04-10 05:48:00,-1252.66324392
2018-04-10 05:49:00,-1252.66324392
2018-04-10 05:50:00,-1252.66324392
2018-04-10 05:51:00,-1273.81286417
2018-04-10 05:52:00,-1273.81286417
2018-04-10 05:53:00,-1273.81286417
2018-04-10 05:54:00,-1273.81286417
2018-04-10 05:55:00,-1231.51362367
2018-04-10 05:56:00,-1242.0884338
2018-04-10 05:57:00,-1231.51362367
2018-04-10 05:58:00,-1242.0884338
2018-04-10 05:59:00,-1242.0884338
2018-04-10 06:00:00,-1220.93881355
2018-04-10 06:01:00,-1189.21438317
2018-04-10 06:02:00,-1189.21438317
2018-04-10 06:03:00,-1189.21438317
2018-04-10 06:04:00,-1189.21438317
2018-04-10 06:05:00,-1189.21438317
2018-04-10 06:06:00,-1189.21438317
2018-04-10 06:07:00,-1189.21438317
2018-04-10 06:08:00,-1189.21438317
2018-04-10 06:09:00,-1189.21438317
2018-04-10 06:10:00,-1189.21438317
2018-04-10 06:11:00,-1189.21438317
2018-04-10 06:12:00,-1189.21438317
2018-04-10 06:13:00,-1168.06476292
2018-04-10 06:14:00,-1168.06476292
2018-04-10 06:15:00,-1157.4899528
2018-04-10 06:16:00,-1157.4899528
2018-04-10 06:17:00,-1157.4899528
2018-04-10 06:18:00,-1168.06476292
2018-04-10 06:19:00,-1168.06476292
2018-04-10 06:20:00,-1168.06476292
2018-04-10 06:21:00,-1168.06476292
2018-04-10 06:22:00,-1168.06476292
2018-04-10 06:23:00,-1168.06476292
2018-04-10 06:24:00,-1168.06476292
2018-04-10 06:25:00,-1168.06476292
2018-04-10 06:26:00,-1168.06476292
2018-04-10 06:27:00,-1168.06476292
2018-04-10 06:28:00,-1168.06476292
2018-04-10 06:29:00,-1168.06476292
2018-04-10 06:30:00,-1199.7891933
2018-04-10 06:31:00,-1316.11210467
2018-04-10 06:32:00,-1263.23805405
2018-04-10 06:33:00,-1252.66324392
2018-04-10 06:34:00,-1252.66324392
2018-04-10 06:35:00,-1284.3876743
2018-04-10 06:36:00,-1263.23805405
2018-04-10 06:37:00,-1242.0884338
2018-04-10 06:38:00,-1189.21438317
2018-04-10 06:39:00,-1210.36400342
2018-04-10 06:40:00,-1199.7891933
2018-04-10 06:41:00,-1199.7891933
2018-04-10 06:42:00,-1199.7891933
2018-04-10 06:43:00,-1199.7891933
2018-04-10 06:44:00,-1210.36400342
2018-04-10 06:45:00,-1231.51362367
2018-04-10 06:46:00,-1231.51362367
2018-04-10 06:47:00,-1263.23805405
2018-04-10 06:48:00,-1252.66324392
2018-04-10 06:49:00,-1252.66324392
2018-04-10 06:50:00,-1242.0884338
2018-04-10 06:51:00,-1231.51362367
2018-04-10 06:52:00,-1220.93881355
2018-04-10 06:53:00,-1220.93881355
2018-04-10 06:54:00,-1220.93881355
2018-04-10 06:55:00,-1220.93881355
2018-04-10 06:56:00,-1220.93881355
2018-04-10 06:57:00,-1231.51362367
2018-04-10 06:58:00,-1220.93881355
2018-04-10 06:59:00,-1220.93881355
2018-04-10 07:00:00,-1220.93881355
2018-04-10 07:01:00,-1220.93881355
2018-04-10 07:02:00,-1220.93881355
2018-04-10 07:03:00,-1220.93881355
2018-04-10 07:04:00,-1220.93881355
2018-04-10 07:05:00,-1220.93881355
2018-04-10 07:06:00,-1220.93881355
2018-04-10 07:07:00,-1220.93881355
2018-04-10 07:08:00,-1220.93881355
2018-04-10 07:09:00,-1220.93881355
2018-04-10 07:10:00,-1220.93881355
2018-04-10 07:11:00,-1199.7891933
2018-04-10 07:12:00,-1210.36400342
2018-04-10 07:13:00,-1210.36400342
2018-04-10 07:14:00,-1220.93881355
2018-04-10 07:15:00,-1220.93881355
2018-04-10 07:16:00,-1199.7891933
2018-04-10 07:17:00,-1199.7891933
2018-04-10 07:18:00,-1199.7891933
2018-04-10 07:19:00,-1199.7891933
2018-04-10 07:20:00,-1178.63957305
2018-04-10 07:21:00,-1189.21438317
2018-04-10 07:22:00,-1178.63957305
2018-04-10 07:23:00,-1146.91514267
2018-04-10 07:24:00,-1146.91514267
2018-04-10 07:25:00,-1146.91514267
2018-04-10 07:26:00,-1146.91514267
2018-04-10 07:27:00,-1146.91514267
2018-04-10 07:28:00,-1157.4899528
2018-04-10 07:29:00,-1178.63957305
2018-04-10 07:30:00,-1189.21438317
2018-04-10 07:31:00,-1178.63957305
2018-04-10 07:32:00,-1178.63957305
2018-04-10 07:33:00,-1178.63957305
2018-04-10 07:34:00,-1178.63957305
2018-04-10 07:35:00,-1178.63957305
2018-04-10 07:36:00,-1199.7891933
2018-04-10 07:37:00,-1199.7891933
2018-04-10 07:38:00,-1199.7891933
2018-04-10 07:39:00,-1199.7891933
2018-04-10 07:40:00,-1242.0884338
2018-04-10 07:41:00,-1242.0884338
2018-04-10 07:42:00,-1231.51362367
2018-04-10 07:43:00,-1231.51362367
2018-04-10 07:44:00,-1220.93881355
2018-04-10 07:45:00,-1199.7891933
2018-04-10 07:46:00,-1178.63957305
2018-04-10 07:47:00,-1157.4899528
2018-04-10 07:48:00,-1157.4899528
2018-04-10 07:49:00,-1157.4899528
2018-04-10 07:50:00,-1157.4899528
2018-04-10 07:51:00,-1157.4899528
2018-04-10 07:52:00,-1157.4899528
2018-04-10 07:53:00,-1136.34033255
2018-04-10 07:54:00,-1136.34033255
2018-04-10 07:55:00,-1125.76552242
2018-04-10 07:56:00,-1125.76552242
2018-04-10 07:57:00,-1125.76552242
2018-04-10 07:58:00,-1115.1907123
2018-04-10 07:59:00,-1115.1907123
2018-04-10 08:00:00,-1125.76552242
2018-04-10 08:01:00,-1157.4899528
2018-04-10 08:02:00,-1157.4899528
2018-04-10 08:03:00,-1157.4899528
2018-04-10 08:04:00,-1157.4899528
2018-04-10 08:05:00,-1136.34033255
2018-04-10 08:06:00,-1083.46628192
2018-04-10 08:07:00,-1062.31666167
2018-04-10 08:08:00,-1072.8914718
2018-04-10 08:09:00,-1062.31666167
2018-04-10 08:10:00,-1062.31666167
2018-04-10 08:11:00,-1062.31666167
2018-04-10 08:12:00,-1062.31666167
2018-04-10 08:13:00,-1072.8914718
2018-04-10 08:14:00,-1072.8914718
2018-04-10 08:15:00,-1072.8914718
2018-04-10 08:16:00,-1072.8914718
2018-04-10 08:17:00,-1072.8914718
2018-04-10 08:18:00,-1072.8914718
2018-04-10 08:19:00,-1072.8914718
2018-04-10 08:20:00,-1072.8914718
2018-04-10 08:21:00,-1072.8914718
2018-04-10 08:22:00,-1072.8914718
2018-04-10 08:23:00,-1062.31666167
2018-04-10 08:24:00,-1062.31666167
2018-04-10 08:25:00,-1062.31666167
2018-04-10 08:26:00,-1062.31666167
2018-04-10 08:27:00,-1062.31666167
2018-04-10 08:28:00,-1062.31666167
2018-04-10 08:29:00,-1072.8914718
2018-04-10 08:30:00,-1072.8914718
2018-04-10 08:31:00,-1062.31666167
2018-04-10 08:32:00,-1062.31666167
2018-04-10 08:33:00,-1062.31666167
2018-04-10 08:34:00,-1062.31666167
2018-04-10 08:35:00,-1062.31666167
2018-04-10 08:36:00,-1062.31666167
2018-04-10 08:37:00,-1062.31666167
2018-04-10 08:38:00,-1062.31666167
2018-04-10 08:39:00,-1062.31666167
2018-04-10 08:40:00,-1062.31666167
2018-04-10 08:41:00,-1062.31666167
2018-04-10 08:42:00,-1062.31666167
2018-04-10 08:43:00,-1062.31666167
2018-04-10 08:44:00,-1062.31666167
2018-04-10 08:45:00,-1072.8914718
2018-04-10 08:46:00,-1072.8914718
2018-04-10 08:47:00,-1083.46628192
2018-04-10 08:48:00,-1094.04109205
2018-04-10 08:49:00,-1072.8914718
2018-04-10 08:50:00,-1072.8914718
2018-04-10 08:51:00,-1062.31666167
2018-04-10 08:52:00,-1062.31666167
2018-04-10 08:53:00,-1072.8914718
2018-04-10 08:54:00,-1072.8914718
2018-04-10 08:55:00,-1051.74185155
2018-04-10 08:56:00,-1072.8914718
2018-04-10 08:57:00,-1062.31666167
2018-04-10 08:58:00,-1062.31666167
2018-04-10 08:59:00,-1062.31666167
2018-04-10 09:00:00,-1062.31666167
2018-04-10 09:01:00,-1062.31666167
2018-04-10 09:02:00,-1062.31666167
2018-04-10 09:03:00,-1062.31666167
2018-04-10 09:04:00,-1062.31666167
2018-04-10 09:05:00,-1062.31666167
2018-04-10 09:06:00,-1062.31666167
2018-04-10 09:07:00,-1062.31666167
2018-04-10 09:08:00,-1062.31666167
2018-04-10 09:09:00,-1083.46628192
2018-04-10 09:10:00,-1083.46628192
2018-04-10 09:11:00,-1083.46628192
2018-04-10 09:12:00,-1083.46628192
2018-04-10 09:13:00,-1094.04109205
2018-04-10 09:14:00,-1083.46628192
2018-04-10 09:15:00,-1083.46628192
2018-04-10 09:16:00,-1072.8914718
2018-04-10 09:17:00,-1072.8914718
2018-04-10 09:18:00,-1072.8914718
2018-04-10 09:19:00,-1062.31666167
2018-04-10 09:20:00,-1062.31666167
2018-04-10 09:21:00,-1072.8914718
2018-04-10 09:22:00,-1072.8914718
2018-04-10 09:23:00,-1083.46628192
2018-04-10 09:24:00,-1083.46628192
2018-04-10 09:25:00,-1083.46628192
2018-04-10 09:26:00,-1072.8914718
2018-04-10 09:27:00,-1083.46628192
2018-04-10 09:28:00,-1083.46628192
2018-04-10 09:29:00,-1072.8914718
2018-04-10 09:30:00,-1072.8914718
2018-04-10 09:31:00,-1072.8914718
2018-04-10 09:32:00,-1072.8914718
2018-04-10 09:33:00,-1072.8914718
2018-04-10 09:34:00,-1083.46628192
2018-04-10 09:35:00,-1083.46628192
2018-04-10 09:36:00,-1083.46628192
2018-04-10 09:37:00,-1072.8914718
2018-04-10 09:38:00,-1072.8914718
2018-04-10 09:39:00,-1072.8914718
2018-04-10 09:40:00,-1083.46628192
2018-04-10 09:41:00,-1072.8914718
2018-04-10 09:42:00,-1072.8914718
2018-04-10 09:43:00,-1072.8914718
2018-04-10 09:44:00,-1072.8914718
2018-04-10 09:45:00,-1083.46628192
2018-04-10 09:46:00,-1083.46628192
2018-04-10 09:47:00,-1072.8914718
2018-04-10 09:48:00,-1072.8914718
2018-04-10 09:49:00,-1072.8914718
2018-04-10 09:50:00,-1072.8914718
2018-04-10 09:51:00,-1072.8914718
2018-04-10 09:52:00,-1072.8914718
2018-04-10 09:53:00,-1072.8914718
2018-04-10 09:54:00,-1072.8914718
2018-04-10 09:55:00,-1072.8914718
2018-04-10 09:56:00,-1072.8914718
2018-04-10 09:57:00,-1072.8914718
2018-04-10 09:58:00,-1072.8914718
2018-04-10 09:59:00,-1072.8914718
2018-04-10 10:00:00,-1072.8914718
2018-04-10 10:01:00,-1072.8914718
2018-04-10 10:02:00,-1072.8914718
2018-04-10 10:03:00,-1072.8914718
2018-04-10 10:04:00,-1072.8914718
2018-04-10 10:05:00,-1083.46628192
2018-04-10 10:06:00,-1083.46628192
2018-04-10 10:07:00,-1072.8914718
2018-04-10 10:08:00,-1072.8914718
2018-04-10 10:09:00,-1072.8914718
2018-04-10 10:10:00,-1072.8914718
2018-04-10 10:11:00,-1072.8914718
2018-04-10 10:12:00,-1072.8914718
2018-04-10 10:13:00,-1083.46628192
2018-04-10 10:14:00,-1072.8914718
2018-04-10 10:15:00,-1062.31666167
2018-04-10 10:16:00,-1072.8914718
2018-04-10 10:17:00,-1072.8914718
2018-04-10 10:18:00,-1083.46628192
2018-04-10 10:19:00,-1094.04109205
2018-04-10 10:20:00,-1094.04109205
2018-04-10 10:21:00,-1083.46628192
2018-04-10 10:22:00,-1083.46628192
2018-04-10 10:23:00,-1083.46628192
2018-04-10 10:24:00,-1083.46628192
2018-04-10 10:25:00,-1020.01742117
2018-04-10 10:26:00,-1020.01742117
2018-04-10 10:27:00,-1009.44261105
2018-04-10 10:28:00,-1020.01742117
2018-04-10 10:29:00,-1020.01742117
2018-04-10 10:30:00,-1009.44261105
2018-04-10 10:31:00,-1009.44261105
2018-04-10 10:32:00,-1009.44261105
2018-04-10 10:33:00,-1030.5922313
2018-04-10 10:34:00,-1030.5922313
2018-04-10 10:35:00,-1030.5922313
2018-04-10 10:36:00,-1051.74185155
2018-04-10 10:37:00,-1072.8914718
2018-04-10 10:38:00,-1083.46628192
2018-04-10 10:39:00,-1083.46628192
2018-04-10 10:40:00,-1083.46628192
2018-04-10 10:41:00,-1083.46628192
2018-04-10 10:42:00,-1083.46628192
2018-04-10 10:43:00,-1072.8914718
2018-04-10 10:44:00,-1062.31666167
2018-04-10 10:45:00,-1051.74185155
2018-04-10 10:46:00,-1051.74185155
2018-04-10 10:47:00,-1051.74185155
2018-04-10 10:48:00,-1051.74185155
2018-04-10 10:49:00,-1051.74185155
2018-04-10 10:50:00,-1051.74185155
2018-04-10 10:51:00,-1051.74185155
2018-04-10 10:52:00,-1072.8914718
2018-04-10 10:53:00,-1083.46628192
2018-04-10 10:54:00,-1083.46628192
2018-04-10 10:55:00,-1083.46628192
2018-04-10 10:56:00,-1083.46628192
2018-04-10 10:57:00,-1083.46628192
2018-04-10 10:58:00,-1083.46628192
2018-04-10 10:59:00,-1104.61590217
2018-04-10 11:00:00,-1062.31666167
2018-04-10 11:01:00,-1062.31666167
2018-04-10 11:02:00,-1062.31666167
2018-04-10 11:03:00,-1062.31666167
2018-04-10 11:04:00,-1062.31666167
2018-04-10 11:05:00,-1072.8914718
2018-04-10 11:06:00,-1072.8914718
2018-04-10 11:07:00,-1072.8914718
2018-04-10 11:08:00,-1104.61590217
2018-04-10 11:09:00,-1104.61590217
2018-04-10 11:10:00,-1104.61590217
2018-04-10 11:11:00,-1104.61590217
2018-04-10 11:12:00,-1104.61590217
2018-04-10 11:13:00,-1104.61590217
2018-04-10 11:14:00,-1104.61590217
2018-04-10 11:15:00,-1104.61590217
2018-04-10 11:16:00,-1104.61590217
2018-04-10 11:17:00,-1104.61590217
2018-04-10 11:18:00,-1104.61590217
2018-04-10 11:19:00,-1104.61590217
2018-04-10 11:20:00,-1104.61590217
2018-04-10 11:21:00,-1104.61590217
2018-04-10 11:22:00,-1062.31666167
2018-04-10 11:23:00,-1062.31666167
2018-04-10 11:24:00,-1094.04109205
2018-04-10 11:25:00,-1083.46628192
2018-04-10 11:26:00,-1083.46628192
2018-04-10 11:27:00,-1051.74185155
2018-04-10 11:28:00,-1041.16704142
2018-04-10 11:29:00,-1041.16704142
2018-04-10 11:30:00,-1051.74185155
2018-04-10 11:31:00,-1051.74185155
2018-04-10 11:32:00,-1062.31666167
2018-04-10 11:33:00,-1083.46628192
2018-04-10 11:34:00,-1062.31666167
2018-04-10 11:35:00,-1062.31666167
2018-04-10 11:36:00,-1083.46628192
2018-04-10 11:37:00,-1083.46628192
2018-04-10 11:38:00,-1083.46628192
2018-04-10 11:39:00,-1083.46628192
2018-04-10 11:40:00,-1083.46628192
2018-04-10 11:41:00,-1083.46628192
2018-04-10 11:42:00,-1083.46628192
2018-04-10 11:43:00,-1083.46628192
2018-04-10 11:44:00,-1083.46628192
2018-04-10 11:45:00,-1051.74185155
2018-04-10 11:46:00,-1062.31666167
2018-04-10 11:47:00,-1062.31666167
2018-04-10 11:48:00,-1062.31666167
2018-04-10 11:49:00,-1072.8914718
2018-04-10 11:50:00,-1094.04109205
2018-04-10 11:51:00,-1094.04109205
2018-04-10 11:52:00,-1094.04109205
2018-04-10 11:53:00,-1094.04109205
2018-04-10 11:54:00,-1094.04109205
2018-04-10 11:55:00,-1104.61590217
2018-04-10 11:56:00,-1104.61590217
2018-04-10 11:57:00,-1104.61590217
2018-04-10 11:58:00,-1104.61590217
2018-04-10 11:59:00,-1094.04109205
2018-04-11 01:29:00,-945.993750299
2018-04-11 01:30:00,-945.993750299
2018-04-11 01:31:00,-945.993750299
2018-04-11 01:32:00,-1104.61590217
2018-04-11 01:33:00,-1104.61590217
2018-04-11 01:34:00,-1104.61590217
2018-04-11 01:35:00,-1104.61590217
2018-04-11 01:36:00,-1104.61590217
2018-04-11 01:37:00,-1062.31666167
2018-04-11 01:38:00,-1062.31666167
2018-04-11 01:39:00,-1083.46628192
2018-04-11 01:40:00,-1083.46628192
2018-04-11 01:41:00,-1094.04109205
2018-04-11 01:42:00,-1094.04109205
2018-04-11 01:43:00,-1104.61590217
2018-04-11 01:44:00,-1104.61590217
2018-04-11 01:45:00,-1104.61590217
2018-04-11 01:46:00,-1094.04109205
2018-04-11 01:47:00,-1094.04109205
2018-04-11 01:48:00,-1094.04109205
2018-04-11 01:49:00,-1094.04109205
2018-04-11 01:50:00,-1083.46628192
2018-04-11 01:51:00,-1083.46628192
2018-04-11 01:52:00,-1083.46628192
2018-04-11 01:53:00,-1083.46628192
2018-04-11 01:54:00,-1062.31666167
2018-04-11 01:55:00,-1062.31666167
2018-04-11 01:56:00,-1062.31666167
2018-04-11 01:57:00,-1062.31666167
2018-04-11 01:58:00,-1062.31666167
2018-04-11 01:59:00,-1083.46628192
2018-04-11 02:00:00,-1083.46628192
2018-04-11 02:01:00,-1083.46628192
2018-04-11 02:02:00,-1083.46628192
2018-04-11 02:03:00,-1072.8914718
2018-04-11 02:04:00,-1072.8914718
2018-04-11 02:05:00,-1030.5922313
2018-04-11 02:06:00,-1030.5922313
2018-04-11 02:07:00,-1030.5922313
2018-04-11 02:08:00,-1030.5922313
2018-04-11 02:09:00,-1030.5922313
2018-04-11 02:10:00,-1030.5922313
2018-04-11 02:11:00,-1030.5922313
2018-04-11 02:12:00,-1030.5922313
2018-04-11 02:13:00,-1030.5922313
2018-04-11 02:14:00,-1030.5922313
2018-04-11 02:15:00,-1020.01742117
2018-04-11 02:16:00,-1020.01742117
2018-04-11 02:17:00,-1030.5922313
2018-04-11 02:18:00,-1030.5922313
2018-04-11 02:19:00,-1030.5922313
2018-04-11 02:20:00,-1030.5922313
2018-04-11 02:21:00,-1030.5922313
2018-04-11 02:22:00,-1030.5922313
2018-04-11 02:23:00,-1041.16704142
2018-04-11 02:24:00,-1041.16704142
2018-04-11 02:25:00,-1041.16704142
2018-04-11 02:26:00,-1041.16704142
2018-04-11 02:27:00,-1041.16704142
2018-04-11 02:28:00,-1041.16704142
2018-04-11 02:29:00,-1041.16704142
2018-04-11 02:30:00,-1072.8914718
2018-04-11 02:31:00,-1072.8914718
2018-04-11 02:32:00,-1051.74185155
2018-04-11 02:33:00,-1062.31666167
2018-04-11 02:34:00,-1062.31666167
2018-04-11 02:35:00,-1062.31666167
2018-04-11 02:36:00,-1062.31666167
2018-04-11 02:37:00,-1062.31666167
2018-04-11 02:38:00,-1051.74185155
2018-04-11 02:39:00,-1062.31666167
2018-04-11 02:40:00,-1051.74185155
2018-04-11 02:41:00,-1051.74185155
2018-04-11 02:42:00,-1051.74185155
2018-04-11 02:43:00,-1051.74185155
2018-04-11 02:44:00,-1072.8914718
2018-04-11 02:45:00,-1072.8914718
2018-04-11 02:46:00,-1072.8914718
2018-04-11 02:47:00,-1062.31666167
2018-04-11 02:48:00,-1062.31666167
2018-04-11 02:49:00,-1051.74185155
2018-04-11 02:50:00,-1062.31666167
2018-04-11 02:51:00,-1062.31666167
2018-04-11 02:52:00,-1062.31666167
2018-04-11 02:53:00,-1062.31666167
2018-04-11 02:54:00,-1051.74185155
2018-04-11 02:55:00,-1072.8914718
2018-04-11 02:56:00,-1072.8914718
2018-04-11 02:57:00,-1051.74185155
2018-04-11 02:58:00,-1051.74185155
2018-04-11 02:59:00,-1051.74185155
2018-04-11 03:00:00,-1051.74185155
2018-04-11 03:01:00,-1041.16704142
2018-04-11 03:02:00,-1041.16704142
2018-04-11 03:03:00,-1041.16704142
2018-04-11 03:04:00,-1041.16704142
2018-04-11 03:05:00,-1041.16704142
2018-04-11 03:06:00,-1041.16704142
2018-04-11 03:07:00,-1041.16704142
2018-04-11 03:08:00,-1041.16704142
2018-04-11 03:09:00,-1041.16704142
2018-04-11 03:10:00,-1041.16704142
2018-04-11 03:11:00,-1030.5922313
2018-04-11 03:12:00,-1051.74185155
2018-04-11 03:13:00,-1051.74185155
2018-04-11 03:14:00,-1051.74185155
2018-04-11 03:15:00,-1051.74185155
2018-04-11 03:16:00,-1051.74185155
2018-04-11 03:17:00,-1051.74185155
2018-04-11 03:18:00,-1051.74185155
2018-04-11 03:19:00,-1051.74185155
2018-04-11 03:20:00,-1051.74185155
2018-04-11 03:21:00,-1051.74185155
2018-04-11 03:22:00,-1051.74185155
2018-04-11 03:23:00,-1062.31666167
2018-04-11 03:24:00,-1062.31666167
2018-04-11 03:25:00,-1062.31666167
2018-04-11 03:26:00,-1051.74185155
2018-04-11 03:27:00,-1030.5922313
2018-04-11 03:28:00,-1051.74185155
2018-04-11 03:29:00,-1030.5922313
2018-04-11 03:30:00,-967.143370549
2018-04-11 03:31:00,-988.292990799
2018-04-11 03:32:00,-988.292990799
2018-04-11 03:33:00,-1009.44261105
2018-04-11 03:34:00,-1030.5922313
2018-04-11 03:35:00,-1030.5922313
2018-04-11 03:36:00,-1041.16704142
2018-04-11 03:37:00,-1051.74185155
2018-04-11 03:38:00,-1051.74185155
2018-04-11 03:39:00,-1051.74185155
2018-04-11 03:40:00,-1051.74185155
2018-04-11 03:41:00,-1051.74185155
2018-04-11 03:42:00,-1051.74185155
2018-04-11 03:43:00,-1051.74185155
2018-04-11 03:44:00,-1051.74185155
2018-04-11 03:45:00,-1072.8914718
2018-04-11 03:46:00,-1094.04109205
2018-04-11 03:47:00,-1094.04109205
2018-04-11 03:48:00,-1094.04109205
2018-04-11 03:49:00,-1083.46628192
2018-04-11 03:50:00,-1094.04109205
2018-04-11 03:51:00,-1094.04109205
2018-04-11 03:52:00,-1094.04109205
2018-04-11 03:53:00,-1083.46628192
2018-04-11 03:54:00,-1072.8914718
2018-04-11 03:55:00,-1072.8914718
2018-04-11 03:56:00,-1062.31666167
2018-04-11 03:57:00,-1062.31666167
2018-04-11 03:58:00,-1062.31666167
2018-04-11 03:59:00,-1062.31666167
2018-04-11 04:00:00,-1062.31666167
2018-04-11 04:01:00,-1062.31666167
2018-04-11 04:02:00,-1072.8914718
2018-04-11 04:03:00,-1072.8914718
2018-04-11 04:04:00,-1072.8914718
2018-04-11 04:05:00,-1094.04109205
2018-04-11 04:06:00,-1083.46628192
2018-04-11 04:07:00,-1094.04109205
2018-04-11 04:08:00,-1083.46628192
2018-04-11 04:09:00,-1083.46628192
2018-04-11 04:10:00,-1083.46628192
2018-04-11 04:11:00,-1094.04109205
2018-04-11 04:12:00,-1094.04109205
2018-04-11 04:13:00,-1094.04109205
2018-04-11 04:14:00,-1094.04109205
2018-04-11 04:15:00,-1094.04109205
2018-04-11 04:16:00,-1104.61590217
2018-04-11 04:17:00,-1115.1907123
2018-04-11 04:18:00,-1115.1907123
2018-04-11 04:19:00,-1115.1907123
2018-04-11 04:20:00,-1094.04109205
2018-04-11 04:21:00,-1094.04109205
2018-04-11 04:22:00,-1094.04109205
2018-04-11 04:23:00,-1104.61590217
2018-04-11 04:24:00,-1104.61590217
2018-04-11 04:25:00,-1104.61590217
2018-04-11 04:26:00,-1094.04109205
2018-04-11 04:27:00,-1104.61590217
2018-04-11 04:28:00,-1094.04109205
2018-04-11 04:29:00,-1104.61590217
2018-04-11 04:30:00,-1104.61590217
2018-04-11 04:31:00,-1104.61590217
2018-04-11 04:32:00,-1125.76552242
2018-04-11 04:33:00,-1125.76552242
2018-04-11 04:34:00,-1115.1907123
2018-04-11 04:35:00,-1115.1907123
2018-04-11 04:36:00,-1115.1907123
2018-04-11 04:37:00,-1115.1907123
2018-04-11 04:38:00,-1115.1907123
2018-04-11 04:39:00,-1115.1907123
2018-04-11 04:40:00,-1115.1907123
2018-04-11 04:41:00,-1115.1907123
2018-04-11 04:42:00,-1115.1907123
2018-04-11 04:43:00,-1115.1907123
2018-04-11 04:44:00,-1115.1907123
2018-04-11 04:45:00,-1104.61590217
2018-04-11 04:46:00,-1104.61590217
2018-04-11 04:47:00,-1094.04109205
2018-04-11 04:48:00,-1094.04109205
2018-04-11 04:49:00,-1083.46628192
2018-04-11 04:50:00,-1072.8914718
2018-04-11 04:51:00,-1072.8914718
2018-04-11 04:52:00,-1083.46628192
2018-04-11 04:53:00,-1083.46628192
2018-04-11 04:54:00,-1083.46628192
2018-04-11 04:55:00,-1083.46628192
2018-04-11 04:56:00,-1083.46628192
2018-04-11 04:57:00,-1083.46628192
2018-04-11 04:58:00,-1083.46628192
2018-04-11 04:59:00,-1083.46628192
2018-04-11 05:00:00,-1051.74185155
2018-04-11 05:01:00,-1051.74185155
2018-04-11 05:02:00,-1051.74185155
2018-04-11 05:03:00,-1051.74185155
2018-04-11 05:04:00,-1051.74185155
2018-04-11 05:05:00,-1062.31666167
2018-04-11 05:06:00,-1062.31666167
2018-04-11 05:07:00,-1062.31666167
2018-04-11 05:08:00,-1062.31666167
2018-04-11 05:09:00,-1062.31666167
2018-04-11 05:10:00,-1062.31666167
2018-04-11 05:11:00,-1062.31666167
2018-04-11 05:12:00,-1062.31666167
2018-04-11 05:13:00,-1062.31666167
2018-04-11 05:14:00,-1062.31666167
2018-04-11 05:15:00,-1062.31666167
2018-04-11 05:16:00,-1062.31666167
2018-04-11 05:17:00,-1051.74185155
2018-04-11 05:18:00,-1041.16704142
2018-04-11 05:19:00,-1041.16704142
2018-04-11 05:20:00,-1051.74185155
2018-04-11 05:21:00,-1051.74185155
2018-04-11 05:22:00,-1051.74185155
2018-04-11 05:23:00,-1051.74185155
2018-04-11 05:24:00,-1041.16704142
2018-04-11 05:25:00,-1083.46628192
2018-04-11 05:26:00,-1083.46628192
2018-04-11 05:27:00,-1072.8914718
2018-04-11 05:28:00,-1094.04109205
2018-04-11 05:29:00,-1083.46628192
2018-04-11 05:30:00,-1083.46628192
2018-04-11 05:31:00,-1083.46628192
2018-04-11 05:32:00,-1083.46628192
2018-04-11 05:33:00,-1072.8914718
2018-04-11 05:34:00,-1083.46628192
2018-04-11 05:35:00,-1094.04109205
2018-04-11 05:36:00,-1094.04109205
2018-04-11 05:37:00,-1083.46628192
2018-04-11 05:38:00,-1083.46628192
2018-04-11 05:39:00,-1072.8914718
2018-04-11 05:40:00,-1041.16704142
2018-04-11 05:41:00,-1041.16704142
2018-04-11 05:42:00,-1030.5922313
2018-04-11 05:43:00,-1062.31666167
2018-04-11 05:44:00,-1062.31666167
2018-04-11 05:45:00,-1062.31666167
2018-04-11 05:46:00,-1062.31666167
2018-04-11 05:47:00,-1062.31666167
2018-04-11 05:48:00,-1062.31666167
2018-04-11 05:49:00,-1062.31666167
2018-04-11 05:50:00,-1062.31666167
2018-04-11 05:51:00,-1083.46628192
2018-04-11 05:52:00,-1083.46628192
2018-04-11 05:53:00,-1083.46628192
2018-04-11 05:54:00,-1062.31666167
2018-04-11 05:55:00,-1062.31666167
2018-04-11 05:56:00,-1072.8914718
2018-04-11 05:57:00,-1041.16704142
2018-04-11 05:58:00,-1051.74185155
2018-04-11 05:59:00,-1051.74185155
2018-04-11 06:00:00,-1030.5922313
2018-04-11 06:01:00,-1020.01742117
2018-04-11 06:02:00,-967.143370549
2018-04-11 06:03:00,-924.844130049
2018-04-11 06:04:00,-945.993750299
2018-04-11 06:05:00,-935.418940174
2018-04-11 06:06:00,-945.993750299
2018-04-11 06:07:00,-945.993750299
2018-04-11 06:08:00,-956.568560424
2018-04-11 06:09:00,-945.993750299
2018-04-11 06:10:00,-945.993750299
2018-04-11 06:11:00,-924.844130049
2018-04-11 06:12:00,-903.694509799
2018-04-11 06:13:00,-903.694509799
2018-04-11 06:14:00,-903.694509799
2018-04-11 06:15:00,-903.694509799
2018-04-11 06:16:00,-935.418940174
2018-04-11 06:17:00,-967.143370549
2018-04-11 06:18:00,-967.143370549
2018-04-11 06:19:00,-935.418940174
2018-04-11 06:20:00,-924.844130049
2018-04-11 06:21:00,-882.544889549
2018-04-11 06:22:00,-882.544889549
2018-04-11 06:23:00,-861.395269299
2018-04-11 06:24:00,-882.544889549
2018-04-11 06:25:00,-924.844130049
2018-04-11 06:26:00,-945.993750299
2018-04-11 06:27:00,-914.269319924
2018-04-11 06:28:00,-945.993750299
2018-04-11 06:29:00,-924.844130049
2018-04-11 06:30:00,-924.844130049
2018-04-11 06:31:00,-903.694509799
2018-04-11 06:32:00,-882.544889549
2018-04-11 06:33:00,-882.544889549
2018-04-11 06:34:00,-903.694509799
2018-04-11 06:35:00,-903.694509799
2018-04-11 06:36:00,-903.694509799
2018-04-11 06:37:00,-924.844130049
2018-04-11 06:38:00,-903.694509799
2018-04-11 06:39:00,-903.694509799
2018-04-11 06:40:00,-903.694509799
2018-04-11 06:41:00,-924.844130049
2018-04-11 06:42:00,-924.844130049
2018-04-11 06:43:00,-924.844130049
2018-04-11 06:44:00,-924.844130049
2018-04-11 06:45:00,-924.844130049
2018-04-11 06:46:00,-924.844130049
2018-04-11 06:47:00,-924.844130049
2018-04-11 06:48:00,-924.844130049
2018-04-11 06:49:00,-924.844130049
2018-04-11 06:50:00,-924.844130049
2018-04-11 06:51:00,-924.844130049
2018-04-11 06:52:00,-924.844130049
2018-04-11 06:53:00,-924.844130049
2018-04-11 06:54:00,-924.844130049
2018-04-11 06:55:00,-924.844130049
2018-04-11 06:56:00,-924.844130049
2018-04-11 06:57:00,-935.418940174
2018-04-11 06:58:00,-924.844130049
2018-04-11 06:59:00,-924.844130049
2018-04-11 07:00:00,-924.844130049
2018-04-11 07:01:00,-924.844130049
2018-04-11 07:02:00,-924.844130049
2018-04-11 07:03:00,-924.844130049
2018-04-11 07:04:00,-924.844130049
2018-04-11 07:05:00,-924.844130049
2018-04-11 07:06:00,-924.844130049
2018-04-11 07:07:00,-914.269319924
2018-04-11 07:08:00,-924.844130049
2018-04-11 07:09:00,-893.119699674
2018-04-11 07:10:00,-893.119699674
2018-04-11 07:11:00,-893.119699674
2018-04-11 07:12:00,-903.694509799
2018-04-11 07:13:00,-903.694509799
2018-04-11 07:14:00,-903.694509799
2018-04-11 07:15:00,-903.694509799
2018-04-11 07:16:00,-903.694509799
2018-04-11 07:17:00,-903.694509799
2018-04-11 07:18:00,-914.269319924
2018-04-11 07:19:00,-924.844130049
2018-04-11 07:20:00,-945.993750299
2018-04-11 07:21:00,-935.418940174
2018-04-11 07:22:00,-935.418940174
2018-04-11 07:23:00,-956.568560424
2018-04-11 07:24:00,-893.119699674
2018-04-11 07:25:00,-893.119699674
2018-04-11 07:26:00,-871.970079424
2018-04-11 07:27:00,-871.970079424
2018-04-11 07:28:00,-893.119699674
2018-04-11 07:29:00,-871.970079424
2018-04-11 07:30:00,-893.119699674
2018-04-11 07:31:00,-893.119699674
2018-04-11 07:32:00,-882.544889549
2018-04-11 07:33:00,-871.970079424
2018-04-11 07:34:00,-882.544889549
2018-04-11 07:35:00,-861.395269299
2018-04-11 07:36:00,-861.395269299
2018-04-11 07:37:00,-861.395269299
2018-04-11 07:38:00,-861.395269299
2018-04-11 07:39:00,-861.395269299
2018-04-11 07:40:00,-861.395269299
2018-04-11 07:41:00,-861.395269299
2018-04-11 07:42:00,-861.395269299
2018-04-11 07:43:00,-861.395269299
2018-04-11 07:44:00,-861.395269299
2018-04-11 07:45:00,-861.395269299
2018-04-11 07:46:00,-861.395269299
2018-04-11 07:47:00,-871.970079424
2018-04-11 07:48:00,-871.970079424
2018-04-11 07:49:00,-882.544889549
2018-04-11 07:50:00,-882.544889549
2018-04-11 07:51:00,-871.970079424
2018-04-11 07:52:00,-871.970079424
2018-04-11 07:53:00,-871.970079424
2018-04-11 07:54:00,-871.970079424
2018-04-11 07:55:00,-871.970079424
2018-04-11 07:56:00,-871.970079424
2018-04-11 07:57:00,-871.970079424
2018-04-11 07:58:00,-882.544889549
2018-04-11 07:59:00,-882.544889549
2018-04-11 08:00:00,-882.544889549
2018-04-11 08:01:00,-882.544889549
2018-04-11 08:02:00,-882.544889549
2018-04-11 08:03:00,-882.544889549
2018-04-11 08:04:00,-882.544889549
2018-04-11 08:05:00,-871.970079424
2018-04-11 08:06:00,-861.395269299
2018-04-11 08:07:00,-861.395269299
2018-04-11 08:08:00,-893.119699674
2018-04-11 08:09:00,-893.119699674
2018-04-11 08:10:00,-893.119699674
2018-04-11 08:11:00,-893.119699674
2018-04-11 08:12:00,-914.269319924
2018-04-11 08:13:00,-903.694509799
2018-04-11 08:14:00,-903.694509799
2018-04-11 08:15:00,-903.694509799
2018-04-11 08:16:00,-893.119699674
2018-04-11 08:17:00,-893.119699674
2018-04-11 08:18:00,-893.119699674
2018-04-11 08:19:00,-893.119699674
2018-04-11 08:20:00,-893.119699674
2018-04-11 08:21:00,-893.119699674
2018-04-11 08:22:00,-882.544889549
2018-04-11 08:23:00,-903.694509799
2018-04-11 08:24:00,-903.694509799
2018-04-11 08:25:00,-903.694509799
2018-04-11 08:26:00,-903.694509799
2018-04-11 08:27:00,-914.269319924
2018-04-11 08:28:00,-903.694509799
2018-04-11 08:29:00,-924.844130049
2018-04-11 08:30:00,-935.418940174
2018-04-11 08:31:00,-924.844130049
2018-04-11 08:32:00,-945.993750299
2018-04-11 08:33:00,-945.993750299
2018-04-11 08:34:00,-935.418940174
2018-04-11 08:35:00,-935.418940174
2018-04-11 08:36:00,-945.993750299
2018-04-11 08:37:00,-935.418940174
2018-04-11 08:38:00,-924.844130049
2018-04-11 08:39:00,-956.568560424
2018-04-11 08:40:00,-956.568560424
2018-04-11 08:41:00,-967.143370549
2018-04-11 08:42:00,-967.143370549
2018-04-11 08:43:00,-967.143370549
2018-04-11 08:44:00,-967.143370549
2018-04-11 08:45:00,-945.993750299
2018-04-11 08:46:00,-945.993750299
2018-04-11 08:47:00,-945.993750299
2018-04-11 08:48:00,-945.993750299
2018-04-11 08:49:00,-945.993750299
2018-04-11 08:50:00,-945.993750299
2018-04-11 08:51:00,-945.993750299
2018-04-11 08:52:00,-945.993750299
2018-04-11 08:53:00,-977.718180674
2018-04-11 08:54:00,-967.143370549
2018-04-11 08:55:00,-967.143370549
2018-04-11 08:56:00,-967.143370549
2018-04-11 08:57:00,-967.143370549
2018-04-11 08:58:00,-967.143370549
2018-04-11 08:59:00,-967.143370549
2018-04-11 09:00:00,-967.143370549
2018-04-11 09:01:00,-967.143370549
2018-04-11 09:02:00,-967.143370549
2018-04-11 09:03:00,-967.143370549
2018-04-11 09:04:00,-967.143370549
2018-04-11 09:05:00,-967.143370549
2018-04-11 09:06:00,-967.143370549
2018-04-11 09:07:00,-967.143370549
2018-04-11 09:08:00,-967.143370549
2018-04-11 09:09:00,-967.143370549
2018-04-11 09:10:00,-945.993750299
2018-04-11 09:11:00,-945.993750299
2018-04-11 09:12:00,-945.993750299
2018-04-11 09:13:00,-945.993750299
2018-04-11 09:14:00,-945.993750299
2018-04-11 09:15:00,-967.143370549
2018-04-11 09:16:00,-967.143370549
2018-04-11 09:17:00,-956.568560424
2018-04-11 09:18:00,-977.718180674
2018-04-11 09:19:00,-977.718180674
2018-04-11 09:20:00,-988.292990799
2018-04-11 09:21:00,-998.867800924
2018-04-11 09:22:00,-998.867800924
2018-04-11 09:23:00,-988.292990799
2018-04-11 09:24:00,-998.867800924
2018-04-11 09:25:00,-998.867800924
2018-04-11 09:26:00,-998.867800924
2018-04-11 09:27:00,-988.292990799
2018-04-11 09:28:00,-988.292990799
2018-04-11 09:29:00,-998.867800924
2018-04-11 09:30:00,-988.292990799
2018-04-11 09:31:00,-988.292990799
2018-04-11 09:32:00,-988.292990799
2018-04-11 09:33:00,-988.292990799
2018-04-11 09:34:00,-1009.44261105
2018-04-11 09:35:00,-1009.44261105
2018-04-11 09:36:00,-1020.01742117
2018-04-11 09:37:00,-1009.44261105
2018-04-11 09:38:00,-1009.44261105
2018-04-11 09:39:00,-1009.44261105
2018-04-11 09:40:00,-1030.5922313
2018-04-11 09:41:00,-1030.5922313
2018-04-11 09:42:00,-1009.44261105
2018-04-11 09:43:00,-1020.01742117
2018-04-11 09:44:00,-1030.5922313
2018-04-11 09:45:00,-1030.5922313
2018-04-11 09:46:00,-1009.44261105
2018-04-11 09:47:00,-998.867800924
2018-04-11 09:48:00,-988.292990799
2018-04-11 09:49:00,-977.718180674
2018-04-11 09:50:00,-977.718180674
2018-04-11 09:51:00,-977.718180674
2018-04-11 09:52:00,-977.718180674
2018-04-11 09:53:00,-977.718180674
2018-04-11 09:54:00,-977.718180674
2018-04-11 09:55:00,-977.718180674
2018-04-11 09:56:00,-956.568560424
2018-04-11 09:57:00,-945.993750299
2018-04-11 09:58:00,-945.993750299
2018-04-11 09:59:00,-924.844130049
2018-04-11 10:00:00,-924.844130049
2018-04-11 10:01:00,-903.694509799
2018-04-11 10:02:00,-914.269319924
2018-04-11 10:03:00,-924.844130049
2018-04-11 10:04:00,-924.844130049
2018-04-11 10:05:00,-945.993750299
2018-04-11 10:06:00,-935.418940174
2018-04-11 10:07:00,-935.418940174
2018-04-11 10:08:00,-935.418940174
2018-04-11 10:09:00,-935.418940174
2018-04-11 10:10:00,-935.418940174
2018-04-11 10:11:00,-935.418940174
2018-04-11 10:12:00,-935.418940174
2018-04-11 10:13:00,-935.418940174
2018-04-11 10:14:00,-924.844130049
2018-04-11 10:15:00,-924.844130049
2018-04-11 10:16:00,-924.844130049
2018-04-11 10:17:00,-924.844130049
2018-04-11 10:18:00,-924.844130049
2018-04-11 10:19:00,-924.844130049
2018-04-11 10:20:00,-924.844130049
2018-04-11 10:21:00,-924.844130049
2018-04-11 10:22:00,-935.418940174
2018-04-11 10:23:00,-935.418940174
2018-04-11 10:24:00,-935.418940174
2018-04-11 10:25:00,-988.292990799
2018-04-11 10:26:00,-988.292990799
2018-04-11 10:27:00,-988.292990799
2018-04-11 10:28:00,-988.292990799
2018-04-11 10:29:00,-988.292990799
2018-04-11 10:30:00,-988.292990799
2018-04-11 10:31:00,-988.292990799
2018-04-11 10:32:00,-988.292990799
2018-04-11 10:33:00,-988.292990799
2018-04-11 10:34:00,-988.292990799
2018-04-11 10:35:00,-988.292990799
2018-04-11 10:36:00,-988.292990799
2018-04-11 10:37:00,-988.292990799
2018-04-11 10:38:00,-988.292990799
2018-04-11 10:39:00,-988.292990799
2018-04-11 10:40:00,-988.292990799
2018-04-11 10:41:00,-988.292990799
2018-04-11 10:42:00,-988.292990799
2018-04-11 10:43:00,-977.718180674
2018-04-11 10:44:00,-998.867800924
2018-04-11 10:45:00,-977.718180674
2018-04-11 10:46:00,-977.718180674
2018-04-11 10:47:00,-977.718180674
2018-04-11 10:48:00,-988.292990799
2018-04-11 10:49:00,-1009.44261105
2018-04-11 10:50:00,-998.867800924
2018-04-11 10:51:00,-998.867800924
2018-04-11 10:52:00,-998.867800924
2018-04-11 10:53:00,-977.718180674
2018-04-11 10:54:00,-977.718180674
2018-04-11 10:55:00,-977.718180674
2018-04-11 10:56:00,-977.718180674
2018-04-11 10:57:00,-977.718180674
2018-04-11 10:58:00,-977.718180674
2018-04-11 10:59:00,-977.718180674
2018-04-11 11:00:00,-977.718180674
2018-04-11 11:01:00,-1020.01742117
2018-04-11 11:02:00,-1020.01742117
2018-04-11 11:03:00,-1051.74185155
2018-04-11 11:04:00,-1051.74185155
2018-04-11 11:05:00,-1051.74185155
2018-04-11 11:06:00,-1051.74185155
2018-04-11 11:07:00,-1051.74185155
2018-04-11 11:08:00,-1051.74185155
2018-04-11 11:09:00,-1051.74185155
2018-04-11 11:10:00,-1051.74185155
2018-04-11 11:11:00,-1051.74185155
2018-04-11 11:12:00,-1051.74185155
2018-04-11 11:13:00,-1051.74185155
2018-04-11 11:14:00,-1051.74185155
2018-04-11 11:15:00,-1051.74185155
2018-04-11 11:16:00,-1051.74185155
2018-04-11 11:17:00,-1051.74185155
2018-04-11 11:18:00,-1051.74185155
2018-04-11 11:19:00,-1051.74185155
2018-04-11 11:20:00,-1062.31666167
2018-04-11 11:21:00,-1072.8914718
2018-04-11 11:22:00,-1083.46628192
2018-04-11 11:23:00,-1083.46628192
2018-04-11 11:24:00,-1083.46628192
2018-04-11 11:25:00,-1083.46628192
2018-04-11 11:26:00,-1062.31666167
2018-04-11 11:27:00,-1041.16704142
2018-04-11 11:28:00,-1041.16704142
2018-04-11 11:29:00,-1041.16704142
2018-04-11 11:30:00,-1072.8914718
2018-04-11 11:31:00,-1083.46628192
2018-04-11 11:32:00,-1072.8914718
2018-04-11 11:33:00,-1083.46628192
2018-04-11 11:34:00,-1083.46628192
2018-04-11 11:35:00,-1083.46628192
2018-04-11 11:36:00,-1072.8914718
2018-04-11 11:37:00,-1072.8914718
2018-04-11 11:38:00,-1072.8914718
2018-04-11 11:39:00,-1072.8914718
2018-04-11 11:40:00,-1062.31666167
2018-04-11 11:41:00,-1062.31666167
2018-04-11 11:42:00,-1072.8914718
2018-04-11 11:43:00,-1072.8914718
2018-04-11 11:44:00,-1072.8914718
2018-04-11 11:45:00,-1030.5922313
2018-04-11 11:46:00,-1030.5922313
2018-04-11 11:47:00,-1030.5922313
2018-04-11 11:48:00,-1041.16704142
2018-04-11 11:49:00,-1041.16704142
2018-04-11 11:50:00,-1041.16704142
2018-04-11 11:51:00,-1041.16704142
2018-04-11 11:52:00,-1041.16704142
2018-04-11 11:53:00,-1041.16704142
2018-04-11 11:54:00,-1041.16704142
2018-04-11 11:55:00,-1041.16704142
2018-04-11 11:56:00,-1041.16704142
2018-04-11 11:57:00,-1041.16704142
2018-04-11 11:58:00,-1041.16704142
2018-04-11 11:59:00,-1041.16704142
2018-04-12 01:29:00,-871.969233439
2018-04-12 01:30:00,-871.969233439
2018-04-12 01:31:00,-871.969233439
2018-04-12 01:32:00,-871.969233439
2018-04-12 01:33:00,-871.969233439
2018-04-12 01:34:00,-903.693663814
2018-04-12 01:35:00,-903.693663814
2018-04-12 01:36:00,-1030.59138531
2018-04-12 01:37:00,-1041.16619544
2018-04-12 01:38:00,-1062.31581569
2018-04-12 01:39:00,-1062.31581569
2018-04-12 01:40:00,-1062.31581569
2018-04-12 01:41:00,-1062.31581569
2018-04-12 01:42:00,-1062.31581569
2018-04-12 01:43:00,-1062.31581569
2018-04-12 01:44:00,-1062.31581569
2018-04-12 01:45:00,-1062.31581569
2018-04-12 01:46:00,-1062.31581569
2018-04-12 01:47:00,-1062.31581569
2018-04-12 01:48:00,-1062.31581569
2018-04-12 01:49:00,-1041.16619544
2018-04-12 01:50:00,-1041.16619544
2018-04-12 01:51:00,-1041.16619544
2018-04-12 01:52:00,-1041.16619544
2018-04-12 01:53:00,-1062.31581569
2018-04-12 01:54:00,-1041.16619544
2018-04-12 01:55:00,-1041.16619544
2018-04-12 01:56:00,-1041.16619544
2018-04-12 01:57:00,-998.866954939
2018-04-12 01:58:00,-1009.44176506
2018-04-12 01:59:00,-977.717334689
2018-04-12 02:00:00,-998.866954939
2018-04-12 02:01:00,-1030.59138531
2018-04-12 02:02:00,-998.866954939
2018-04-12 02:03:00,-1020.01657519
2018-04-12 02:04:00,-1020.01657519
2018-04-12 02:05:00,-1020.01657519
2018-04-12 02:06:00,-1020.01657519
2018-04-12 02:07:00,-1020.01657519
2018-04-12 02:08:00,-998.866954939
2018-04-12 02:09:00,-998.866954939
2018-04-12 02:10:00,-1020.01657519
2018-04-12 02:11:00,-977.717334689
2018-04-12 02:12:00,-977.717334689
2018-04-12 02:13:00,-977.717334689
2018-04-12 02:14:00,-977.717334689
2018-04-12 02:15:00,-998.866954939
2018-04-12 02:16:00,-988.292144814
2018-04-12 02:17:00,-977.717334689
2018-04-12 02:18:00,-967.142524564
2018-04-12 02:19:00,-967.142524564
2018-04-12 02:20:00,-967.142524564
2018-04-12 02:21:00,-967.142524564
2018-04-12 02:22:00,-988.292144814
2018-04-12 02:23:00,-988.292144814
2018-04-12 02:24:00,-988.292144814
2018-04-12 02:25:00,-988.292144814
2018-04-12 02:26:00,-977.717334689
2018-04-12 02:27:00,-977.717334689
2018-04-12 02:28:00,-977.717334689
2018-04-12 02:29:00,-977.717334689
2018-04-12 02:30:00,-977.717334689
2018-04-12 02:31:00,-977.717334689
2018-04-12 02:32:00,-977.717334689
2018-04-12 02:33:00,-977.717334689
2018-04-12 02:34:00,-977.717334689
2018-04-12 02:35:00,-977.717334689
2018-04-12 02:36:00,-977.717334689
2018-04-12 02:37:00,-977.717334689
2018-04-12 02:38:00,-977.717334689
2018-04-12 02:39:00,-977.717334689
2018-04-12 02:40:00,-977.717334689
2018-04-12 02:41:00,-977.717334689
2018-04-12 02:42:00,-977.717334689
2018-04-12 02:43:00,-977.717334689
2018-04-12 02:44:00,-977.717334689
2018-04-12 02:45:00,-977.717334689
2018-04-12 02:46:00,-977.717334689
2018-04-12 02:47:00,-977.717334689
2018-04-12 02:48:00,-977.717334689
2018-04-12 02:49:00,-977.717334689
2018-04-12 02:50:00,-977.717334689
2018-04-12 02:51:00,-977.717334689
2018-04-12 02:52:00,-977.717334689
2018-04-12 02:53:00,-977.717334689
2018-04-12 02:54:00,-977.717334689
2018-04-12 02:55:00,-977.717334689
2018-04-12 02:56:00,-977.717334689
2018-04-12 02:57:00,-945.992904314
2018-04-12 02:58:00,-945.992904314
2018-04-12 02:59:00,-945.992904314
2018-04-12 03:00:00,-945.992904314
2018-04-12 03:01:00,-945.992904314
2018-04-12 03:02:00,-945.992904314
2018-04-12 03:03:00,-945.992904314
2018-04-12 03:04:00,-956.567714439
2018-04-12 03:05:00,-956.567714439
2018-04-12 03:06:00,-967.142524564
2018-04-12 03:07:00,-967.142524564
2018-04-12 03:08:00,-967.142524564
2018-04-12 03:09:00,-956.567714439
2018-04-12 03:10:00,-956.567714439
2018-04-12 03:11:00,-903.693663814
2018-04-12 03:12:00,-924.843284064
2018-04-12 03:13:00,-924.843284064
2018-04-12 03:14:00,-935.418094189
2018-04-12 03:15:00,-945.992904314
2018-04-12 03:16:00,-945.992904314
2018-04-12 03:17:00,-945.992904314
2018-04-12 03:18:00,-945.992904314
2018-04-12 03:19:00,-945.992904314
2018-04-12 03:20:00,-945.992904314
2018-04-12 03:21:00,-945.992904314
2018-04-12 03:22:00,-935.418094189
2018-04-12 03:23:00,-935.418094189
2018-04-12 03:24:00,-935.418094189
2018-04-12 03:25:00,-935.418094189
2018-04-12 03:26:00,-945.992904314
2018-04-12 03:27:00,-945.992904314
2018-04-12 03:28:00,-935.418094189
2018-04-12 03:29:00,-935.418094189
2018-04-12 03:30:00,-924.843284064
2018-04-12 03:31:00,-935.418094189
2018-04-12 03:32:00,-924.843284064
2018-04-12 03:33:00,-935.418094189
2018-04-12 03:34:00,-935.418094189
2018-04-12 03:35:00,-935.418094189
2018-04-12 03:36:00,-924.843284064
2018-04-12 03:37:00,-935.418094189
2018-04-12 03:38:00,-945.992904314
2018-04-12 03:39:00,-945.992904314
2018-04-12 03:40:00,-945.992904314
2018-04-12 03:41:00,-945.992904314
2018-04-12 03:42:00,-945.992904314
2018-04-12 03:43:00,-945.992904314
2018-04-12 03:44:00,-945.992904314
2018-04-12 03:45:00,-945.992904314
2018-04-12 03:46:00,-945.992904314
2018-04-12 03:47:00,-935.418094189
2018-04-12 03:48:00,-924.843284064
2018-04-12 03:49:00,-924.843284064
2018-04-12 03:50:00,-935.418094189
2018-04-12 03:51:00,-935.418094189
2018-04-12 03:52:00,-935.418094189
2018-04-12 03:53:00,-935.418094189
2018-04-12 03:54:00,-924.843284064
2018-04-12 03:55:00,-924.843284064
2018-04-12 03:56:00,-924.843284064
2018-04-12 03:57:00,-924.843284064
2018-04-12 03:58:00,-924.843284064
2018-04-12 03:59:00,-924.843284064
2018-04-12 04:00:00,-903.693663814
2018-04-12 04:01:00,-914.268473939
2018-04-12 04:02:00,-914.268473939
2018-04-12 04:03:00,-935.418094189
2018-04-12 04:04:00,-924.843284064
2018-04-12 04:05:00,-924.843284064
2018-04-12 04:06:00,-914.268473939
2018-04-12 04:07:00,-914.268473939
2018-04-12 04:08:00,-924.843284064
2018-04-12 04:09:00,-967.142524564
2018-04-12 04:10:00,-967.142524564
2018-04-12 04:11:00,-967.142524564
2018-04-12 04:12:00,-967.142524564
2018-04-12 04:13:00,-967.142524564
2018-04-12 04:14:00,-967.142524564
2018-04-12 04:15:00,-967.142524564
2018-04-12 04:16:00,-967.142524564
2018-04-12 04:17:00,-967.142524564
2018-04-12 04:18:00,-967.142524564
2018-04-12 04:19:00,-967.142524564
2018-04-12 04:20:00,-967.142524564
2018-04-12 04:21:00,-967.142524564
2018-04-12 04:22:00,-967.142524564
2018-04-12 04:23:00,-967.142524564
2018-04-12 04:24:00,-967.142524564
2018-04-12 04:25:00,-967.142524564
2018-04-12 04:26:00,-967.142524564
2018-04-12 04:27:00,-967.142524564
2018-04-12 04:28:00,-967.142524564
2018-04-12 04:29:00,-967.142524564
2018-04-12 04:30:00,-967.142524564
2018-04-12 04:31:00,-967.142524564
2018-04-12 04:32:00,-967.142524564
2018-04-12 04:33:00,-967.142524564
2018-04-12 04:34:00,-967.142524564
2018-04-12 04:35:00,-967.142524564
2018-04-12 04:36:00,-967.142524564
2018-04-12 04:37:00,-967.142524564
2018-04-12 04:38:00,-967.142524564
2018-04-12 04:39:00,-967.142524564
2018-04-12 04:40:00,-967.142524564
2018-04-12 04:41:00,-967.142524564
2018-04-12 04:42:00,-967.142524564
2018-04-12 04:43:00,-967.142524564
2018-04-12 04:44:00,-967.142524564
2018-04-12 04:45:00,-967.142524564
2018-04-12 04:46:00,-945.992904314
2018-04-12 04:47:00,-956.567714439
2018-04-12 04:48:00,-945.992904314
2018-04-12 04:49:00,-956.567714439
2018-04-12 04:50:00,-956.567714439
2018-04-12 04:51:00,-956.567714439
2018-04-12 04:52:00,-956.567714439
2018-04-12 04:53:00,-977.717334689
2018-04-12 04:54:00,-998.866954939
2018-04-12 04:55:00,-988.292144814
2018-04-12 04:56:00,-988.292144814
2018-04-12 04:57:00,-988.292144814
2018-04-12 04:58:00,-988.292144814
2018-04-12 04:59:00,-988.292144814
2018-04-12 05:00:00,-988.292144814
2018-04-12 05:01:00,-988.292144814
2018-04-12 05:02:00,-988.292144814
2018-04-12 05:03:00,-977.717334689
2018-04-12 05:04:00,-988.292144814
2018-04-12 05:05:00,-988.292144814
2018-04-12 05:06:00,-988.292144814
2018-04-12 05:07:00,-988.292144814
2018-04-12 05:08:00,-988.292144814
2018-04-12 05:09:00,-998.866954939
2018-04-12 05:10:00,-988.292144814
2018-04-12 05:11:00,-988.292144814
2018-04-12 05:12:00,-988.292144814
2018-04-12 05:13:00,-998.866954939
2018-04-12 05:14:00,-988.292144814
2018-04-12 05:15:00,-988.292144814
2018-04-12 05:16:00,-988.292144814
2018-04-12 05:17:00,-988.292144814
2018-04-12 05:18:00,-998.866954939
2018-04-12 05:19:00,-998.866954939
2018-04-12 05:20:00,-1009.44176506
2018-04-12 05:21:00,-1020.01657519
2018-04-12 05:22:00,-1020.01657519
2018-04-12 05:23:00,-1009.44176506
2018-04-12 05:24:00,-1009.44176506
2018-04-12 05:25:00,-998.866954939
2018-04-12 05:26:00,-998.866954939
2018-04-12 05:27:00,-998.866954939
2018-04-12 05:28:00,-1009.44176506
2018-04-12 05:29:00,-1009.44176506
2018-04-12 05:30:00,-1009.44176506
2018-04-12 05:31:00,-1030.59138531
2018-04-12 05:32:00,-1041.16619544
2018-04-12 05:33:00,-1051.74100556
2018-04-12 05:34:00,-1051.74100556
2018-04-12 05:35:00,-1051.74100556
2018-04-12 05:36:00,-1051.74100556
2018-04-12 05:37:00,-1051.74100556
2018-04-12 05:38:00,-1051.74100556
2018-04-12 05:39:00,-1051.74100556
2018-04-12 05:40:00,-1072.89062581
2018-04-12 05:41:00,-1072.89062581
2018-04-12 05:42:00,-1041.16619544
2018-04-12 05:43:00,-1083.46543594
2018-04-12 05:44:00,-1041.16619544
2018-04-12 05:45:00,-1083.46543594
2018-04-12 05:46:00,-1072.89062581
2018-04-12 05:47:00,-1072.89062581
2018-04-12 05:48:00,-1072.89062581
2018-04-12 05:49:00,-1083.46543594
2018-04-12 05:50:00,-1094.04024606
2018-04-12 05:51:00,-1094.04024606
2018-04-12 05:52:00,-1083.46543594
2018-04-12 05:53:00,-1094.04024606
2018-04-12 05:54:00,-1104.61505619
2018-04-12 05:55:00,-1104.61505619
2018-04-12 05:56:00,-1125.76467644
2018-04-12 05:57:00,-1094.04024606
2018-04-12 05:58:00,-1094.04024606
2018-04-12 05:59:00,-1083.46543594
2018-04-12 06:00:00,-1083.46543594
2018-04-12 06:01:00,-1104.61505619
2018-04-12 06:02:00,-1083.46543594
2018-04-12 06:03:00,-1083.46543594
2018-04-12 06:04:00,-1072.89062581
2018-04-12 06:05:00,-1083.46543594
2018-04-12 06:06:00,-1094.04024606
2018-04-12 06:07:00,-1072.89062581
2018-04-12 06:08:00,-1083.46543594
2018-04-12 06:09:00,-1072.89062581
2018-04-12 06:10:00,-1072.89062581
2018-04-12 06:11:00,-1072.89062581
2018-04-12 06:12:00,-1072.89062581
2018-04-12 06:13:00,-1051.74100556
2018-04-12 06:14:00,-1051.74100556
2018-04-12 06:15:00,-1072.89062581
2018-04-12 06:16:00,-1062.31581569
2018-04-12 06:17:00,-1062.31581569
2018-04-12 06:18:00,-1062.31581569
2018-04-12 06:19:00,-1051.74100556
2018-04-12 06:20:00,-1051.74100556
2018-04-12 06:21:00,-1051.74100556
2018-04-12 06:22:00,-1051.74100556
2018-04-12 06:23:00,-1051.74100556
2018-04-12 06:24:00,-1051.74100556
2018-04-12 06:25:00,-1051.74100556
2018-04-12 06:26:00,-1072.89062581
2018-04-12 06:27:00,-1072.89062581
2018-04-12 06:28:00,-1083.46543594
2018-04-12 06:29:00,-1083.46543594
2018-04-12 06:30:00,-1072.89062581
2018-04-12 06:31:00,-1072.89062581
2018-04-12 06:32:00,-1072.89062581
2018-04-12 06:33:00,-1072.89062581
2018-04-12 06:34:00,-1072.89062581
2018-04-12 06:35:00,-1072.89062581
2018-04-12 06:36:00,-1062.31581569
2018-04-12 06:37:00,-1051.74100556
2018-04-12 06:38:00,-1051.74100556
2018-04-12 06:39:00,-1051.74100556
2018-04-12 06:40:00,-1051.74100556
2018-04-12 06:41:00,-1051.74100556
2018-04-12 06:42:00,-1051.74100556
2018-04-12 06:43:00,-1051.74100556
2018-04-12 06:44:00,-1051.74100556
2018-04-12 06:45:00,-1041.16619544
2018-04-12 06:46:00,-1030.59138531
2018-04-12 06:47:00,-1030.59138531
2018-04-12 06:48:00,-1030.59138531
2018-04-12 06:49:00,-1030.59138531
2018-04-12 06:50:00,-1030.59138531
2018-04-12 06:51:00,-1030.59138531
2018-04-12 06:52:00,-1041.16619544
2018-04-12 06:53:00,-1041.16619544
2018-04-12 06:54:00,-1030.59138531
2018-04-12 06:55:00,-1030.59138531
2018-04-12 06:56:00,-1030.59138531
2018-04-12 06:57:00,-1041.16619544
2018-04-12 06:58:00,-1041.16619544
2018-04-12 06:59:00,-1041.16619544
2018-04-12 07:00:00,-1041.16619544
2018-04-12 07:01:00,-1041.16619544
2018-04-12 07:02:00,-1041.16619544
2018-04-12 07:03:00,-1041.16619544
2018-04-12 07:04:00,-1041.16619544
2018-04-12 07:05:00,-1030.59138531
2018-04-12 07:06:00,-1030.59138531
2018-04-12 07:07:00,-1030.59138531
2018-04-12 07:08:00,-1030.59138531
2018-04-12 07:09:00,-1030.59138531
2018-04-12 07:10:00,-1020.01657519
2018-04-12 07:11:00,-1020.01657519
2018-04-12 07:12:00,-1030.59138531
2018-04-12 07:13:00,-1030.59138531
2018-04-12 07:14:00,-1030.59138531
2018-04-12 07:15:00,-1030.59138531
2018-04-12 07:16:00,-1030.59138531
2018-04-12 07:17:00,-1030.59138531
2018-04-12 07:18:00,-1030.59138531
2018-04-12 07:19:00,-1030.59138531
2018-04-12 07:20:00,-1030.59138531
2018-04-12 07:21:00,-1030.59138531
2018-04-12 07:22:00,-1030.59138531
2018-04-12 07:23:00,-1030.59138531
2018-04-12 07:24:00,-1030.59138531
2018-04-12 07:25:00,-1030.59138531
2018-04-12 07:26:00,-1030.59138531
2018-04-12 07:27:00,-1030.59138531
2018-04-12 07:28:00,-1030.59138531
2018-04-12 07:29:00,-1030.59138531
2018-04-12 07:30:00,-1030.59138531
2018-04-12 07:31:00,-1030.59138531
2018-04-12 07:32:00,-1030.59138531
2018-04-12 07:33:00,-1030.59138531
2018-04-12 07:34:00,-1041.16619544
2018-04-12 07:35:00,-1051.74100556
2018-04-12 07:36:00,-1041.16619544
2018-04-12 07:37:00,-1030.59138531
2018-04-12 07:38:00,-1030.59138531
2018-04-12 07:39:00,-1030.59138531
2018-04-12 07:40:00,-1030.59138531
2018-04-12 07:41:00,-1030.59138531
2018-04-12 07:42:00,-1041.16619544
2018-04-12 07:43:00,-1030.59138531
2018-04-12 07:44:00,-1041.16619544
2018-04-12 07:45:00,-1041.16619544
2018-04-12 07:46:00,-1051.74100556
2018-04-12 07:47:00,-1072.89062581
2018-04-12 07:48:00,-1062.31581569
2018-04-12 07:49:00,-1072.89062581
2018-04-12 07:50:00,-1062.31581569
2018-04-12 07:51:00,-1062.31581569
2018-04-12 07:52:00,-1062.31581569
2018-04-12 07:53:00,-1072.89062581
2018-04-12 07:54:00,-1072.89062581
2018-04-12 07:55:00,-1051.74100556
2018-04-12 07:56:00,-1051.74100556
2018-04-12 07:57:00,-1051.74100556
2018-04-12 07:58:00,-1051.74100556
2018-04-12 07:59:00,-1051.74100556
2018-04-12 08:00:00,-1051.74100556
2018-04-12 08:01:00,-1051.74100556
2018-04-12 08:02:00,-1030.59138531
2018-04-12 08:03:00,-1030.59138531
2018-04-12 08:04:00,-1030.59138531
2018-04-12 08:05:00,-1030.59138531
2018-04-12 08:06:00,-1030.59138531
2018-04-12 08:07:00,-1041.16619544
2018-04-12 08:08:00,-1041.16619544
2018-04-12 08:09:00,-1041.16619544
2018-04-12 08:10:00,-1030.59138531
2018-04-12 08:11:00,-1041.16619544
2018-04-12 08:12:00,-1030.59138531
2018-04-12 08:13:00,-1030.59138531
2018-04-12 08:14:00,-1041.16619544
2018-04-12 08:15:00,-1030.59138531
2018-04-12 08:16:00,-1041.16619544
2018-04-12 08:17:00,-1041.16619544
2018-04-12 08:18:00,-1041.16619544
2018-04-12 08:19:00,-1041.16619544
2018-04-12 08:20:00,-1072.89062581
2018-04-12 08:21:00,-1072.89062581
2018-04-12 08:22:00,-1062.31581569
2018-04-12 08:23:00,-1062.31581569
2018-04-12 08:24:00,-1072.89062581
2018-04-12 08:25:00,-1072.89062581
2018-04-12 08:26:00,-1104.61505619
2018-04-12 08:27:00,-1125.76467644
2018-04-12 08:28:00,-1125.76467644
2018-04-12 08:29:00,-1125.76467644
2018-04-12 08:30:00,-1115.18986631
2018-04-12 08:31:00,-1125.76467644
2018-04-12 08:32:00,-1125.76467644
2018-04-12 08:33:00,-1125.76467644
2018-04-12 08:34:00,-1146.91429669
2018-04-12 08:35:00,-1146.91429669
2018-04-12 08:36:00,-1136.33948656
2018-04-12 08:37:00,-1125.76467644
2018-04-12 08:38:00,-1125.76467644
2018-04-12 08:39:00,-1125.76467644
2018-04-12 08:40:00,-1115.18986631
2018-04-12 08:41:00,-1115.18986631
2018-04-12 08:42:00,-1104.61505619
2018-04-12 08:43:00,-1104.61505619
2018-04-12 08:44:00,-1104.61505619
2018-04-12 08:45:00,-1125.76467644
2018-04-12 08:46:00,-1136.33948656
2018-04-12 08:47:00,-1157.48910681
2018-04-12 08:48:00,-1157.48910681
2018-04-12 08:49:00,-1157.48910681
2018-04-12 08:50:00,-1157.48910681
2018-04-12 08:51:00,-1199.78834731
2018-04-12 08:52:00,-1199.78834731
2018-04-12 08:53:00,-1210.36315744
2018-04-12 08:54:00,-1189.21353719
2018-04-12 08:55:00,-1189.21353719
2018-04-12 08:56:00,-1199.78834731
2018-04-12 08:57:00,-1189.21353719
2018-04-12 08:58:00,-1189.21353719
2018-04-12 08:59:00,-1178.63872706
2018-04-12 09:00:00,-1178.63872706
2018-04-12 09:01:00,-1178.63872706
2018-04-12 09:02:00,-1178.63872706
2018-04-12 09:03:00,-1178.63872706
2018-04-12 09:04:00,-1178.63872706
2018-04-12 09:05:00,-1178.63872706
2018-04-12 09:06:00,-1168.06391694
2018-04-12 09:07:00,-1136.33948656
2018-04-12 09:08:00,-1136.33948656
2018-04-12 09:09:00,-1136.33948656
2018-04-12 09:10:00,-1146.91429669
2018-04-12 09:11:00,-1125.76467644
2018-04-12 09:12:00,-1136.33948656
2018-04-12 09:13:00,-1136.33948656
2018-04-12 09:14:00,-1136.33948656
2018-04-12 09:15:00,-1146.91429669
2018-04-12 09:16:00,-1168.06391694
2018-04-12 09:17:00,-1168.06391694
2018-04-12 09:18:00,-1199.78834731
2018-04-12 09:19:00,-1199.78834731
2018-04-12 09:20:00,-1199.78834731
2018-04-12 09:21:00,-1199.78834731
2018-04-12 09:22:00,-1242.08758781
2018-04-12 09:23:00,-1242.08758781
2018-04-12 09:24:00,-1220.93796756
2018-04-12 09:25:00,-1220.93796756
2018-04-12 09:26:00,-1242.08758781
2018-04-12 09:27:00,-1231.51277769
2018-04-12 09:28:00,-1231.51277769
2018-04-12 09:29:00,-1231.51277769
2018-04-12 09:30:00,-1231.51277769
2018-04-12 09:31:00,-1220.93796756
2018-04-12 09:32:00,-1220.93796756
2018-04-12 09:33:00,-1220.93796756
2018-04-12 09:34:00,-1220.93796756
2018-04-12 09:35:00,-1231.51277769
2018-04-12 09:36:00,-1242.08758781
2018-04-12 09:37:00,-1231.51277769
2018-04-12 09:38:00,-1242.08758781
2018-04-12 09:39:00,-1252.66239794
2018-04-12 09:40:00,-1252.66239794
2018-04-12 09:41:00,-1220.93796756
2018-04-12 09:42:00,-1199.78834731
2018-04-12 09:43:00,-1199.78834731
2018-04-12 09:44:00,-1199.78834731
2018-04-12 09:45:00,-1199.78834731
2018-04-12 09:46:00,-1199.78834731
2018-04-12 09:47:00,-1199.78834731
2018-04-12 09:48:00,-1199.78834731
2018-04-12 09:49:00,-1199.78834731
2018-04-12 09:50:00,-1178.63872706
2018-04-12 09:51:00,-1178.63872706
2018-04-12 09:52:00,-1178.63872706
2018-04-12 09:53:00,-1178.63872706
2018-04-12 09:54:00,-1178.63872706
2018-04-12 09:55:00,-1189.21353719
2018-04-12 09:56:00,-1189.21353719
2018-04-12 09:57:00,-1189.21353719
2018-04-12 09:58:00,-1189.21353719
2018-04-12 09:59:00,-1189.21353719
2018-04-12 10:00:00,-1189.21353719
2018-04-12 10:01:00,-1189.21353719
2018-04-12 10:02:00,-1199.78834731
2018-04-12 10:03:00,-1199.78834731
2018-04-12 10:04:00,-1199.78834731
2018-04-12 10:05:00,-1199.78834731
2018-04-12 10:06:00,-1199.78834731
2018-04-12 10:07:00,-1199.78834731
2018-04-12 10:08:00,-1199.78834731
2018-04-12 10:09:00,-1199.78834731
2018-04-12 10:10:00,-1199.78834731
2018-04-12 10:11:00,-1199.78834731
2018-04-12 10:12:00,-1199.78834731
2018-04-12 10:13:00,-1199.78834731
2018-04-12 10:14:00,-1199.78834731
2018-04-12 10:15:00,-1199.78834731
2018-04-12 10:16:00,-1199.78834731
2018-04-12 10:17:00,-1199.78834731
2018-04-12 10:18:00,-1199.78834731
2018-04-12 10:19:00,-1199.78834731
2018-04-12 10:20:00,-1220.93796756
2018-04-12 10:21:00,-1220.93796756
2018-04-12 10:22:00,-1210.36315744
2018-04-12 10:23:00,-1220.93796756
2018-04-12 10:24:00,-1210.36315744
2018-04-12 10:25:00,-1210.36315744
2018-04-12 10:26:00,-1210.36315744
2018-04-12 10:27:00,-1210.36315744
2018-04-12 10:28:00,-1231.51277769
2018-04-12 10:29:00,-1231.51277769
2018-04-12 10:30:00,-1231.51277769
2018-04-12 10:31:00,-1231.51277769
2018-04-12 10:32:00,-1231.51277769
2018-04-12 10:33:00,-1231.51277769
2018-04-12 10:34:00,-1231.51277769
2018-04-12 10:35:00,-1231.51277769
2018-04-12 10:36:00,-1231.51277769
2018-04-12 10:37:00,-1231.51277769
2018-04-12 10:38:00,-1242.08758781
2018-04-12 10:39:00,-1252.66239794
2018-04-12 10:40:00,-1252.66239794
2018-04-12 10:41:00,-1284.38682831
2018-04-12 10:42:00,-1273.81201819
2018-04-12 10:43:00,-1284.38682831
2018-04-12 10:44:00,-1273.81201819
2018-04-12 10:45:00,-1284.38682831
2018-04-12 10:46:00,-1294.96163844
2018-04-12 10:47:00,-1294.96163844
2018-04-12 10:48:00,-1294.96163844
2018-04-12 10:49:00,-1294.96163844
2018-04-12 10:50:00,-1294.96163844
2018-04-12 10:51:00,-1294.96163844
2018-04-12 10:52:00,-1294.96163844
2018-04-12 10:53:00,-1273.81201819
2018-04-12 10:54:00,-1273.81201819
2018-04-12 10:55:00,-1273.81201819
2018-04-12 10:56:00,-1273.81201819
2018-04-12 10:57:00,-1273.81201819
2018-04-12 10:58:00,-1294.96163844
2018-04-12 10:59:00,-1337.26087894
2018-04-12 11:00:00,-1337.26087894
2018-04-12 11:01:00,-1337.26087894
2018-04-12 11:02:00,-1316.11125869
2018-04-12 11:03:00,-1316.11125869
2018-04-12 11:04:00,-1316.11125869
2018-04-12 11:05:00,-1316.11125869
2018-04-12 11:06:00,-1316.11125869
2018-04-12 11:07:00,-1337.26087894
2018-04-12 11:08:00,-1326.68606881
2018-04-12 11:09:00,-1316.11125869
2018-04-12 11:10:00,-1316.11125869
2018-04-12 11:11:00,-1305.53644856
2018-04-12 11:12:00,-1305.53644856
2018-04-12 11:13:00,-1316.11125869
2018-04-12 11:14:00,-1316.11125869
2018-04-12 11:15:00,-1316.11125869
2018-04-12 11:16:00,-1316.11125869
2018-04-12 11:17:00,-1316.11125869
2018-04-12 11:18:00,-1316.11125869
2018-04-12 11:19:00,-1316.11125869
2018-04-12 11:20:00,-1316.11125869
2018-04-12 11:21:00,-1316.11125869
2018-04-12 11:22:00,-1316.11125869
2018-04-12 11:23:00,-1316.11125869
2018-04-12 11:24:00,-1316.11125869
2018-04-12 11:25:00,-1316.11125869
2018-04-12 11:26:00,-1316.11125869
2018-04-12 11:27:00,-1316.11125869
2018-04-12 11:28:00,-1316.11125869
2018-04-12 11:29:00,-1316.11125869
2018-04-12 11:30:00,-1316.11125869
2018-04-12 11:31:00,-1316.11125869
2018-04-12 11:32:00,-1316.11125869
2018-04-12 11:33:00,-1316.11125869
2018-04-12 11:34:00,-1316.11125869
2018-04-12 11:35:00,-1316.11125869
2018-04-12 11:36:00,-1316.11125869
2018-04-12 11:37:00,-1316.11125869
2018-04-12 11:38:00,-1305.53644856
2018-04-12 11:39:00,-1305.53644856
2018-04-12 11:40:00,-1305.53644856
2018-04-12 11:41:00,-1316.11125869
2018-04-12 11:42:00,-1316.11125869
2018-04-12 11:43:00,-1358.41049919
2018-04-12 11:44:00,-1358.41049919
2018-04-12 11:45:00,-1326.68606881
2018-04-12 11:46:00,-1316.11125869
2018-04-12 11:47:00,-1326.68606881
2018-04-12 11:48:00,-1326.68606881
2018-04-12 11:49:00,-1316.11125869
2018-04-12 11:50:00,-1316.11125869
2018-04-12 11:51:00,-1316.11125869
2018-04-12 11:52:00,-1316.11125869
2018-04-12 11:53:00,-1316.11125869
2018-04-12 11:54:00,-1316.11125869
2018-04-12 11:55:00,-1316.11125869
2018-04-12 11:56:00,-1347.83568906
2018-04-12 11:57:00,-1316.11125869
2018-04-12 11:58:00,-1316.11125869
2018-04-12 11:59:00,-1316.11125869
2018-04-13 01:29:00,-1612.20594219
2018-04-13 01:30:00,-1612.20594219
2018-04-13 01:31:00,-1612.20594219
2018-04-13 01:32:00,-1612.20594219
2018-04-13 01:33:00,-1612.20594219
2018-04-13 01:34:00,-1316.11125869
2018-04-13 01:35:00,-1316.11125869
2018-04-13 01:36:00,-1316.11125869
2018-04-13 01:37:00,-1316.11125869
2018-04-13 01:38:00,-1316.11125869
2018-04-13 01:39:00,-1316.11125869
2018-04-13 01:40:00,-1316.11125869
2018-04-13 01:41:00,-1316.11125869
2018-04-13 01:42:00,-1305.53644856
2018-04-13 01:43:00,-1305.53644856
2018-04-13 01:44:00,-1316.11125869
2018-04-13 01:45:00,-1316.11125869
2018-04-13 01:46:00,-1316.11125869
2018-04-13 01:47:00,-1316.11125869
2018-04-13 01:48:00,-1316.11125869
2018-04-13 01:49:00,-1316.11125869
2018-04-13 01:50:00,-1316.11125869
2018-04-13 01:51:00,-1347.83568906
2018-04-13 01:52:00,-1316.11125869
2018-04-13 01:53:00,-1337.26087894
2018-04-13 01:54:00,-1337.26087894
2018-04-13 01:55:00,-1358.41049919
2018-04-13 01:56:00,-1358.41049919
2018-04-13 01:57:00,-1358.41049919
2018-04-13 01:58:00,-1358.41049919
2018-04-13 01:59:00,-1316.11125869
2018-04-13 02:00:00,-1326.68606881
2018-04-13 02:01:00,-1305.53644856
2018-04-13 02:02:00,-1305.53644856
2018-04-13 02:03:00,-1305.53644856
2018-04-13 02:04:00,-1305.53644856
2018-04-13 02:05:00,-1326.68606881
2018-04-13 02:06:00,-1326.68606881
2018-04-13 02:07:00,-1326.68606881
2018-04-13 02:08:00,-1326.68606881
2018-04-13 02:09:00,-1337.26087894
2018-04-13 02:10:00,-1326.68606881
2018-04-13 02:11:00,-1337.26087894
2018-04-13 02:12:00,-1358.41049919
2018-04-13 02:13:00,-1347.83568906
2018-04-13 02:14:00,-1337.26087894
2018-04-13 02:15:00,-1337.26087894
2018-04-13 02:16:00,-1347.83568906
2018-04-13 02:17:00,-1347.83568906
2018-04-13 02:18:00,-1347.83568906
2018-04-13 02:19:00,-1347.83568906
2018-04-13 02:20:00,-1347.83568906
2018-04-13 02:21:00,-1326.68606881
2018-04-13 02:22:00,-1326.68606881
2018-04-13 02:23:00,-1326.68606881
2018-04-13 02:24:00,-1326.68606881
2018-04-13 02:25:00,-1326.68606881
2018-04-13 02:26:00,-1326.68606881
2018-04-13 02:27:00,-1337.26087894
2018-04-13 02:28:00,-1337.26087894
2018-04-13 02:29:00,-1347.83568906
2018-04-13 02:30:00,-1358.41049919
2018-04-13 02:31:00,-1368.98530931
2018-04-13 02:32:00,-1368.98530931
2018-04-13 02:33:00,-1347.83568906
2018-04-13 02:34:00,-1305.53644856
2018-04-13 02:35:00,-1305.53644856
2018-04-13 02:36:00,-1305.53644856
2018-04-13 02:37:00,-1326.68606881
2018-04-13 02:38:00,-1347.83568906
2018-04-13 02:39:00,-1337.26087894
2018-04-13 02:40:00,-1337.26087894
2018-04-13 02:41:00,-1368.98530931
2018-04-13 02:42:00,-1368.98530931
2018-04-13 02:43:00,-1368.98530931
2018-04-13 02:44:00,-1368.98530931
2018-04-13 02:45:00,-1368.98530931
2018-04-13 02:46:00,-1368.98530931
2018-04-13 02:47:00,-1368.98530931
2018-04-13 02:48:00,-1368.98530931
2018-04-13 02:49:00,-1368.98530931
2018-04-13 02:50:00,-1368.98530931
2018-04-13 02:51:00,-1368.98530931
2018-04-13 02:52:00,-1368.98530931
2018-04-13 02:53:00,-1368.98530931
2018-04-13 02:54:00,-1368.98530931
2018-04-13 02:55:00,-1368.98530931
2018-04-13 02:56:00,-1368.98530931
2018-04-13 02:57:00,-1368.98530931
2018-04-13 02:58:00,-1368.98530931
2018-04-13 02:59:00,-1379.56011944
2018-04-13 03:00:00,-1379.56011944
2018-04-13 03:01:00,-1379.56011944
2018-04-13 03:02:00,-1368.98530931
2018-04-13 03:03:00,-1379.56011944
2018-04-13 03:04:00,-1368.98530931
2018-04-13 03:05:00,-1368.98530931
2018-04-13 03:06:00,-1368.98530931
2018-04-13 03:07:00,-1368.98530931
2018-04-13 03:08:00,-1368.98530931
2018-04-13 03:09:00,-1368.98530931
2018-04-13 03:10:00,-1368.98530931
2018-04-13 03:11:00,-1379.56011944
2018-04-13 03:12:00,-1347.83568906
2018-04-13 03:13:00,-1316.11125869
2018-04-13 03:14:00,-1316.11125869
2018-04-13 03:15:00,-1326.68606881
2018-04-13 03:16:00,-1326.68606881
2018-04-13 03:17:00,-1347.83568906
2018-04-13 03:18:00,-1326.68606881
2018-04-13 03:19:00,-1326.68606881
2018-04-13 03:20:00,-1326.68606881
2018-04-13 03:21:00,-1326.68606881
2018-04-13 03:22:00,-1326.68606881
2018-04-13 03:23:00,-1347.83568906
2018-04-13 03:24:00,-1347.83568906
2018-04-13 03:25:00,-1347.83568906
2018-04-13 03:26:00,-1347.83568906
2018-04-13 03:27:00,-1347.83568906
2018-04-13 03:28:00,-1347.83568906
2018-04-13 03:29:00,-1347.83568906
2018-04-13 03:30:00,-1347.83568906
2018-04-13 03:31:00,-1347.83568906
2018-04-13 03:32:00,-1347.83568906
2018-04-13 03:33:00,-1347.83568906
2018-04-13 03:34:00,-1358.41049919
2018-04-13 03:35:00,-1358.41049919
2018-04-13 03:36:00,-1337.26087894
2018-04-13 03:37:00,-1337.26087894
2018-04-13 03:38:00,-1337.26087894
2018-04-13 03:39:00,-1305.53644856
2018-04-13 03:40:00,-1305.53644856
2018-04-13 03:41:00,-1305.53644856
2018-04-13 03:42:00,-1305.53644856
2018-04-13 03:43:00,-1305.53644856
2018-04-13 03:44:00,-1305.53644856
2018-04-13 03:45:00,-1305.53644856
2018-04-13 03:46:00,-1305.53644856
2018-04-13 03:47:00,-1316.11125869
2018-04-13 03:48:00,-1316.11125869
2018-04-13 03:49:00,-1316.11125869
2018-04-13 03:50:00,-1294.96163844
2018-04-13 03:51:00,-1294.96163844
2018-04-13 03:52:00,-1263.23720806
2018-04-13 03:53:00,-1263.23720806
2018-04-13 03:54:00,-1263.23720806
2018-04-13 03:55:00,-1284.38682831
2018-04-13 03:56:00,-1284.38682831
2018-04-13 03:57:00,-1273.81201819
2018-04-13 03:58:00,-1273.81201819
2018-04-13 03:59:00,-1284.38682831
2018-04-13 04:00:00,-1284.38682831
2018-04-13 04:01:00,-1284.38682831
2018-04-13 04:02:00,-1284.38682831
2018-04-13 04:03:00,-1284.38682831
2018-04-13 04:04:00,-1284.38682831
2018-04-13 04:05:00,-1284.38682831
2018-04-13 04:06:00,-1284.38682831
2018-04-13 04:07:00,-1284.38682831
2018-04-13 04:08:00,-1284.38682831
2018-04-13 04:09:00,-1263.23720806
2018-04-13 04:10:00,-1284.38682831
2018-04-13 04:11:00,-1273.81201819
2018-04-13 04:12:00,-1273.81201819
2018-04-13 04:13:00,-1263.23720806
2018-04-13 04:14:00,-1263.23720806
2018-04-13 04:15:00,-1284.38682831
2018-04-13 04:16:00,-1284.38682831
2018-04-13 04:17:00,-1284.38682831
2018-04-13 04:18:00,-1284.38682831
2018-04-13 04:19:00,-1284.38682831
2018-04-13 04:20:00,-1273.81201819
2018-04-13 04:21:00,-1273.81201819
2018-04-13 04:22:00,-1284.38682831
2018-04-13 04:23:00,-1284.38682831
2018-04-13 04:24:00,-1263.23720806
2018-04-13 04:25:00,-1284.38682831
2018-04-13 04:26:00,-1273.81201819
2018-04-13 04:27:00,-1273.81201819
2018-04-13 04:28:00,-1284.38682831
2018-04-13 04:29:00,-1284.38682831
2018-04-13 04:30:00,-1273.81201819
2018-04-13 04:31:00,-1273.81201819
2018-04-13 04:32:00,-1273.81201819
2018-04-13 04:33:00,-1284.38682831
2018-04-13 04:34:00,-1273.81201819
2018-04-13 04:35:00,-1284.38682831
2018-04-13 04:36:00,-1273.81201819
2018-04-13 04:37:00,-1273.81201819
2018-04-13 04:38:00,-1273.81201819
2018-04-13 04:39:00,-1273.81201819
2018-04-13 04:40:00,-1273.81201819
2018-04-13 04:41:00,-1273.81201819
2018-04-13 04:42:00,-1273.81201819
2018-04-13 04:43:00,-1273.81201819
2018-04-13 04:44:00,-1263.23720806
2018-04-13 04:45:00,-1263.23720806
2018-04-13 04:46:00,-1263.23720806
2018-04-13 04:47:00,-1263.23720806
2018-04-13 04:48:00,-1263.23720806
2018-04-13 04:49:00,-1284.38682831
2018-04-13 04:50:00,-1284.38682831
2018-04-13 04:51:00,-1284.38682831
2018-04-13 04:52:00,-1284.38682831
2018-04-13 04:53:00,-1294.96163844
2018-04-13 04:54:00,-1294.96163844
2018-04-13 04:55:00,-1294.96163844
2018-04-13 04:56:00,-1294.96163844
2018-04-13 04:57:00,-1294.96163844
2018-04-13 04:58:00,-1294.96163844
2018-04-13 04:59:00,-1284.38682831
2018-04-13 05:00:00,-1284.38682831
2018-04-13 05:01:00,-1294.96163844
2018-04-13 05:02:00,-1294.96163844
2018-04-13 05:03:00,-1294.96163844
2018-04-13 05:04:00,-1294.96163844
2018-04-13 05:05:00,-1294.96163844
2018-04-13 05:06:00,-1294.96163844
2018-04-13 05:07:00,-1294.96163844
2018-04-13 05:08:00,-1284.38682831
2018-04-13 05:09:00,-1294.96163844
2018-04-13 05:10:00,-1294.96163844
2018-04-13 05:11:00,-1284.38682831
2018-04-13 05:12:00,-1284.38682831
2018-04-13 05:13:00,-1284.38682831
2018-04-13 05:14:00,-1326.68606881
2018-04-13 05:15:00,-1326.68606881
2018-04-13 05:16:00,-1326.68606881
2018-04-13 05:17:00,-1326.68606881
2018-04-13 05:18:00,-1326.68606881
2018-04-13 05:19:00,-1326.68606881
2018-04-13 05:20:00,-1316.11125869
2018-04-13 05:21:00,-1316.11125869
2018-04-13 05:22:00,-1316.11125869
2018-04-13 05:23:00,-1326.68606881
2018-04-13 05:24:00,-1337.26087894
2018-04-13 05:25:00,-1347.83568906
2018-04-13 05:26:00,-1347.83568906
2018-04-13 05:27:00,-1326.68606881
2018-04-13 05:28:00,-1347.83568906
2018-04-13 05:29:00,-1347.83568906
2018-04-13 05:30:00,-1316.11125869
2018-04-13 05:31:00,-1305.53644856
2018-04-13 05:32:00,-1305.53644856
2018-04-13 05:33:00,-1326.68606881
2018-04-13 05:34:00,-1326.68606881
2018-04-13 05:35:00,-1305.53644856
2018-04-13 05:36:00,-1305.53644856
2018-04-13 05:37:00,-1305.53644856
2018-04-13 05:38:00,-1305.53644856
2018-04-13 05:39:00,-1305.53644856
2018-04-13 05:40:00,-1305.53644856
2018-04-13 05:41:00,-1294.96163844
2018-04-13 05:42:00,-1294.96163844
2018-04-13 05:43:00,-1294.96163844
2018-04-13 05:44:00,-1294.96163844
2018-04-13 05:45:00,-1294.96163844
2018-04-13 05:46:00,-1294.96163844
2018-04-13 05:47:00,-1294.96163844
2018-04-13 05:48:00,-1294.96163844
2018-04-13 05:49:00,-1294.96163844
2018-04-13 05:50:00,-1294.96163844
2018-04-13 05:51:00,-1294.96163844
2018-04-13 05:52:00,-1326.68606881
2018-04-13 05:53:00,-1337.26087894
2018-04-13 05:54:00,-1337.26087894
2018-04-13 05:55:00,-1347.83568906
2018-04-13 05:56:00,-1326.68606881
2018-04-13 05:57:00,-1305.53644856
2018-04-13 05:58:00,-1305.53644856
2018-04-13 05:59:00,-1284.38682831
2018-04-13 06:00:00,-1305.53644856
2018-04-13 06:01:00,-1305.53644856
2018-04-13 06:02:00,-1316.11125869
2018-04-13 06:03:00,-1305.53644856
2018-04-13 06:04:00,-1305.53644856
2018-04-13 06:05:00,-1305.53644856
2018-04-13 06:06:00,-1305.53644856
2018-04-13 06:07:00,-1305.53644856
2018-04-13 06:08:00,-1305.53644856
2018-04-13 06:09:00,-1305.53644856
2018-04-13 06:10:00,-1305.53644856
2018-04-13 06:11:00,-1305.53644856
2018-04-13 06:12:00,-1305.53644856
2018-04-13 06:13:00,-1305.53644856
2018-04-13 06:14:00,-1305.53644856
2018-04-13 06:15:00,-1305.53644856
2018-04-13 06:16:00,-1305.53644856
2018-04-13 06:17:00,-1305.53644856
2018-04-13 06:18:00,-1305.53644856
2018-04-13 06:19:00,-1305.53644856
2018-04-13 06:20:00,-1305.53644856
2018-04-13 06:21:00,-1305.53644856
2018-04-13 06:22:00,-1305.53644856
2018-04-13 06:23:00,-1305.53644856
2018-04-13 06:24:00,-1305.53644856
2018-04-13 06:25:00,-1305.53644856
2018-04-13 06:26:00,-1305.53644856
2018-04-13 06:27:00,-1305.53644856
2018-04-13 06:28:00,-1316.11125869
2018-04-13 06:29:00,-1305.53644856
2018-04-13 06:30:00,-1305.53644856
2018-04-13 06:31:00,-1305.53644856
2018-04-13 06:32:00,-1305.53644856
2018-04-13 06:33:00,-1305.53644856
2018-04-13 06:34:00,-1305.53644856
2018-04-13 06:35:00,-1305.53644856
2018-04-13 06:36:00,-1305.53644856
2018-04-13 06:37:00,-1294.96163844
2018-04-13 06:38:00,-1305.53644856
2018-04-13 06:39:00,-1294.96163844
2018-04-13 06:40:00,-1294.96163844
2018-04-13 06:41:00,-1305.53644856
2018-04-13 06:42:00,-1263.23720806
2018-04-13 06:43:00,-1273.81201819
2018-04-13 06:44:00,-1263.23720806
2018-04-13 06:45:00,-1263.23720806
2018-04-13 06:46:00,-1263.23720806
2018-04-13 06:47:00,-1273.81201819
2018-04-13 06:48:00,-1273.81201819
2018-04-13 06:49:00,-1273.81201819
2018-04-13 06:50:00,-1273.81201819
2018-04-13 06:51:00,-1263.23720806
2018-04-13 06:52:00,-1263.23720806
2018-04-13 06:53:00,-1263.23720806
2018-04-13 06:54:00,-1263.23720806
2018-04-13 06:55:00,-1263.23720806
2018-04-13 06:56:00,-1263.23720806
2018-04-13 06:57:00,-1263.23720806
2018-04-13 06:58:00,-1263.23720806
2018-04-13 06:59:00,-1263.23720806
2018-04-13 07:00:00,-1263.23720806
2018-04-13 07:01:00,-1263.23720806
2018-04-13 07:02:00,-1263.23720806
2018-04-13 07:03:00,-1263.23720806
2018-04-13 07:04:00,-1252.66239794
2018-04-13 07:05:00,-1252.66239794
2018-04-13 07:06:00,-1252.66239794
2018-04-13 07:07:00,-1252.66239794
2018-04-13 07:08:00,-1252.66239794
2018-04-13 07:09:00,-1252.66239794
2018-04-13 07:10:00,-1252.66239794
2018-04-13 07:11:00,-1252.66239794
2018-04-13 07:12:00,-1252.66239794
2018-04-13 07:13:00,-1252.66239794
2018-04-13 07:14:00,-1252.66239794
2018-04-13 07:15:00,-1252.66239794
2018-04-13 07:16:00,-1252.66239794
2018-04-13 07:17:00,-1252.66239794
2018-04-13 07:18:00,-1252.66239794
2018-04-13 07:19:00,-1252.66239794
2018-04-13 07:20:00,-1252.66239794
2018-04-13 07:21:00,-1252.66239794
2018-04-13 07:22:00,-1252.66239794
2018-04-13 07:23:00,-1252.66239794
2018-04-13 07:24:00,-1252.66239794
2018-04-13 07:25:00,-1252.66239794
2018-04-13 07:26:00,-1252.66239794
2018-04-13 07:27:00,-1252.66239794
2018-04-13 07:28:00,-1252.66239794
2018-04-13 07:29:00,-1242.08758781
2018-04-13 07:30:00,-1242.08758781
2018-04-13 07:31:00,-1242.08758781
2018-04-13 07:32:00,-1242.08758781
2018-04-13 07:33:00,-1242.08758781
2018-04-13 07:34:00,-1242.08758781
2018-04-13 07:35:00,-1242.08758781
2018-04-13 07:36:00,-1242.08758781
2018-04-13 07:37:00,-1242.08758781
2018-04-13 07:38:00,-1242.08758781
2018-04-13 07:39:00,-1242.08758781
2018-04-13 07:40:00,-1242.08758781
2018-04-13 07:41:00,-1252.66239794
2018-04-13 07:42:00,-1252.66239794
2018-04-13 07:43:00,-1242.08758781
2018-04-13 07:44:00,-1242.08758781
2018-04-13 07:45:00,-1242.08758781
2018-04-13 07:46:00,-1242.08758781
2018-04-13 07:47:00,-1242.08758781
2018-04-13 07:48:00,-1242.08758781
2018-04-13 07:49:00,-1242.08758781
2018-04-13 07:50:00,-1242.08758781
2018-04-13 07:51:00,-1242.08758781
2018-04-13 07:52:00,-1242.08758781
2018-04-13 07:53:00,-1252.66239794
2018-04-13 07:54:00,-1263.23720806
2018-04-13 07:55:00,-1263.23720806
2018-04-13 07:56:00,-1220.93796756
2018-04-13 07:57:00,-1220.93796756
2018-04-13 07:58:00,-1231.51277769
2018-04-13 07:59:00,-1220.93796756
2018-04-13 08:00:00,-1220.93796756
2018-04-13 08:01:00,-1220.93796756
2018-04-13 08:02:00,-1220.93796756
2018-04-13 08:03:00,-1220.93796756
2018-04-13 08:04:00,-1220.93796756
2018-04-13 08:05:00,-1220.93796756
2018-04-13 08:06:00,-1220.93796756
2018-04-13 08:07:00,-1242.08758781
2018-04-13 08:08:00,-1242.08758781
2018-04-13 08:09:00,-1273.81201819
2018-04-13 08:10:00,-1284.38682831
2018-04-13 08:11:00,-1263.23720806
2018-04-13 08:12:00,-1252.66239794
2018-04-13 08:13:00,-1242.08758781
2018-04-13 08:14:00,-1263.23720806
2018-04-13 08:15:00,-1263.23720806
2018-04-13 08:16:00,-1273.81201819
2018-04-13 08:17:00,-1284.38682831
2018-04-13 08:18:00,-1284.38682831
2018-04-13 08:19:00,-1284.38682831
2018-04-13 08:20:00,-1284.38682831
2018-04-13 08:21:00,-1284.38682831
2018-04-13 08:22:00,-1284.38682831
2018-04-13 08:23:00,-1252.66239794
2018-04-13 08:24:00,-1263.23720806
2018-04-13 08:25:00,-1252.66239794
2018-04-13 08:26:00,-1263.23720806
2018-04-13 08:27:00,-1263.23720806
2018-04-13 08:28:00,-1263.23720806
2018-04-13 08:29:00,-1263.23720806
2018-04-13 08:30:00,-1263.23720806
2018-04-13 08:31:00,-1263.23720806
2018-04-13 08:32:00,-1263.23720806
2018-04-13 08:33:00,-1252.66239794
2018-04-13 08:34:00,-1252.66239794
2018-04-13 08:35:00,-1252.66239794
2018-04-13 08:36:00,-1252.66239794
2018-04-13 08:37:00,-1252.66239794
2018-04-13 08:38:00,-1252.66239794
2018-04-13 08:39:00,-1252.66239794
2018-04-13 08:40:00,-1263.23720806
2018-04-13 08:41:00,-1273.81201819
2018-04-13 08:42:00,-1273.81201819
2018-04-13 08:43:00,-1273.81201819
2018-04-13 08:44:00,-1273.81201819
2018-04-13 08:45:00,-1273.81201819
2018-04-13 08:46:00,-1273.81201819
2018-04-13 08:47:00,-1273.81201819
2018-04-13 08:48:00,-1263.23720806
2018-04-13 08:49:00,-1263.23720806
2018-04-13 08:50:00,-1263.23720806
2018-04-13 08:51:00,-1263.23720806
2018-04-13 08:52:00,-1263.23720806
2018-04-13 08:53:00,-1252.66239794
2018-04-13 08:54:00,-1263.23720806
2018-04-13 08:55:00,-1231.51277769
2018-04-13 08:56:00,-1231.51277769
2018-04-13 08:57:00,-1231.51277769
2018-04-13 08:58:00,-1220.93796756
2018-04-13 08:59:00,-1220.93796756
2018-04-13 09:00:00,-1220.93796756
2018-04-13 09:01:00,-1231.51277769
2018-04-13 09:02:00,-1231.51277769
2018-04-13 09:03:00,-1220.93796756
2018-04-13 09:04:00,-1210.36315744
2018-04-13 09:05:00,-1210.36315744
2018-04-13 09:06:00,-1210.36315744
2018-04-13 09:07:00,-1210.36315744
2018-04-13 09:08:00,-1210.36315744
2018-04-13 09:09:00,-1199.78834731
2018-04-13 09:10:00,-1199.78834731
2018-04-13 09:11:00,-1199.78834731
2018-04-13 09:12:00,-1199.78834731
2018-04-13 09:13:00,-1199.78834731
2018-04-13 09:14:00,-1210.36315744
2018-04-13 09:15:00,-1210.36315744
2018-04-13 09:16:00,-1220.93796756
2018-04-13 09:17:00,-1231.51277769
2018-04-13 09:18:00,-1231.51277769
2018-04-13 09:19:00,-1231.51277769
2018-04-13 09:20:00,-1220.93796756
2018-04-13 09:21:00,-1220.93796756
2018-04-13 09:22:00,-1199.78834731
2018-04-13 09:23:00,-1210.36315744
2018-04-13 09:24:00,-1199.78834731
2018-04-13 09:25:00,-1199.78834731
2018-04-13 09:26:00,-1199.78834731
2018-04-13 09:27:00,-1199.78834731
2018-04-13 09:28:00,-1199.78834731
2018-04-13 09:29:00,-1157.48910681
2018-04-13 09:30:00,-1178.63872706
2018-04-13 09:31:00,-1168.06391694
2018-04-13 09:32:00,-1178.63872706
2018-04-13 09:33:00,-1189.21353719
2018-04-13 09:34:00,-1189.21353719
2018-04-13 09:35:00,-1178.63872706
2018-04-13 09:36:00,-1178.63872706
2018-04-13 09:37:00,-1178.63872706
2018-04-13 09:38:00,-1178.63872706
2018-04-13 09:39:00,-1199.78834731
2018-04-13 09:40:00,-1199.78834731
2018-04-13 09:41:00,-1199.78834731
2018-04-13 09:42:00,-1199.78834731
2018-04-13 09:43:00,-1199.78834731
2018-04-13 09:44:00,-1199.78834731
2018-04-13 09:45:00,-1199.78834731
2018-04-13 09:46:00,-1199.78834731
2018-04-13 09:47:00,-1199.78834731
2018-04-13 09:48:00,-1220.93796756
2018-04-13 09:49:00,-1231.51277769
2018-04-13 09:50:00,-1220.93796756
2018-04-13 09:51:00,-1231.51277769
2018-04-13 09:52:00,-1220.93796756
2018-04-13 09:53:00,-1220.93796756
2018-04-13 09:54:00,-1220.93796756
2018-04-13 09:55:00,-1231.51277769
2018-04-13 09:56:00,-1231.51277769
2018-04-13 09:57:00,-1231.51277769
2018-04-13 09:58:00,-1220.93796756
2018-04-13 09:59:00,-1231.51277769
2018-04-13 10:00:00,-1220.93796756
2018-04-13 10:01:00,-1210.36315744
2018-04-13 10:02:00,-1220.93796756
2018-04-13 10:03:00,-1220.93796756
2018-04-13 10:04:00,-1210.36315744
2018-04-13 10:05:00,-1210.36315744
2018-04-13 10:06:00,-1210.36315744
2018-04-13 10:07:00,-1210.36315744
2018-04-13 10:08:00,-1210.36315744
2018-04-13 10:09:00,-1210.36315744
2018-04-13 10:10:00,-1210.36315744
2018-04-13 10:11:00,-1231.51277769
2018-04-13 10:12:00,-1220.93796756
2018-04-13 10:13:00,-1220.93796756
2018-04-13 10:14:00,-1210.36315744
2018-04-13 10:15:00,-1220.93796756
2018-04-13 10:16:00,-1220.93796756
2018-04-13 10:17:00,-1220.93796756
2018-04-13 10:18:00,-1220.93796756
2018-04-13 10:19:00,-1210.36315744
2018-04-13 10:20:00,-1231.51277769
2018-04-13 10:21:00,-1231.51277769
2018-04-13 10:22:00,-1263.23720806
2018-04-13 10:23:00,-1263.23720806
2018-04-13 10:24:00,-1273.81201819
2018-04-13 10:25:00,-1273.81201819
2018-04-13 10:26:00,-1273.81201819
2018-04-13 10:27:00,-1273.81201819
2018-04-13 10:28:00,-1273.81201819
2018-04-13 10:29:00,-1273.81201819
2018-04-13 10:30:00,-1273.81201819
2018-04-13 10:31:00,-1273.81201819
2018-04-13 10:32:00,-1273.81201819
2018-04-13 10:33:00,-1284.38682831
2018-04-13 10:34:00,-1284.38682831
2018-04-13 10:35:00,-1273.81201819
2018-04-13 10:36:00,-1273.81201819
2018-04-13 10:37:00,-1273.81201819
2018-04-13 10:38:00,-1242.08758781
2018-04-13 10:39:00,-1242.08758781
2018-04-13 10:40:00,-1242.08758781
2018-04-13 10:41:00,-1242.08758781
2018-04-13 10:42:00,-1242.08758781
2018-04-13 10:43:00,-1263.23720806
2018-04-13 10:44:00,-1263.23720806
2018-04-13 10:45:00,-1263.23720806
2018-04-13 10:46:00,-1263.23720806
2018-04-13 10:47:00,-1263.23720806
2018-04-13 10:48:00,-1263.23720806
2018-04-13 10:49:00,-1242.08758781
2018-04-13 10:50:00,-1242.08758781
2018-04-13 10:51:00,-1242.08758781
2018-04-13 10:52:00,-1242.08758781
2018-04-13 10:53:00,-1263.23720806
2018-04-13 10:54:00,-1252.66239794
2018-04-13 10:55:00,-1273.81201819
2018-04-13 10:56:00,-1263.23720806
2018-04-13 10:57:00,-1273.81201819
2018-04-13 10:58:00,-1273.81201819
2018-04-13 10:59:00,-1273.81201819
2018-04-13 11:00:00,-1273.81201819
2018-04-13 11:01:00,-1273.81201819
2018-04-13 11:02:00,-1273.81201819
2018-04-13 11:03:00,-1273.81201819
2018-04-13 11:04:00,-1273.81201819
2018-04-13 11:05:00,-1273.81201819
2018-04-13 11:06:00,-1263.23720806
2018-04-13 11:07:00,-1263.23720806
2018-04-13 11:08:00,-1263.23720806
2018-04-13 11:09:00,-1273.81201819
2018-04-13 11:10:00,-1273.81201819
2018-04-13 11:11:00,-1263.23720806
2018-04-13 11:12:00,-1273.81201819
2018-04-13 11:13:00,-1273.81201819
2018-04-13 11:14:00,-1273.81201819
2018-04-13 11:15:00,-1273.81201819
2018-04-13 11:16:00,-1273.81201819
2018-04-13 11:17:00,-1273.81201819
2018-04-13 11:18:00,-1273.81201819
2018-04-13 11:19:00,-1273.81201819
2018-04-13 11:20:00,-1273.81201819
2018-04-13 11:21:00,-1273.81201819
2018-04-13 11:22:00,-1273.81201819
2018-04-13 11:23:00,-1273.81201819
2018-04-13 11:24:00,-1273.81201819
2018-04-13 11:25:00,-1273.81201819
2018-04-13 11:26:00,-1273.81201819
2018-04-13 11:27:00,-1273.81201819
2018-04-13 11:28:00,-1273.81201819
2018-04-13 11:29:00,-1273.81201819
2018-04-13 11:30:00,-1273.81201819
2018-04-13 11:31:00,-1273.81201819
2018-04-13 11:32:00,-1273.81201819
2018-04-13 11:33:00,-1273.81201819
2018-04-13 11:34:00,-1273.81201819
2018-04-13 11:35:00,-1263.23720806
2018-04-13 11:36:00,-1263.23720806
2018-04-13 11:37:00,-1231.51277769
2018-04-13 11:38:00,-1231.51277769
2018-04-13 11:39:00,-1231.51277769
2018-04-13 11:40:00,-1242.08758781
2018-04-13 11:41:00,-1242.08758781
2018-04-13 11:42:00,-1242.08758781
2018-04-13 11:43:00,-1252.66239794
2018-04-13 11:44:00,-1252.66239794
2018-04-13 11:45:00,-1252.66239794
2018-04-13 11:46:00,-1252.66239794
2018-04-13 11:47:00,-1242.08758781
2018-04-13 11:48:00,-1231.51277769
2018-04-13 11:49:00,-1231.51277769
2018-04-13 11:50:00,-1242.08758781
2018-04-13 11:51:00,-1242.08758781
2018-04-13 11:52:00,-1242.08758781
2018-04-13 11:53:00,-1242.08758781
2018-04-13 11:54:00,-1242.08758781
2018-04-13 11:55:00,-1242.08758781
2018-04-13 11:56:00,-1242.08758781
2018-04-13 11:57:00,-1231.51277769
2018-04-13 11:58:00,-1231.51277769
2018-04-13 11:59:00,-1231.51277769
2018-04-16 01:35:00,-1274.15617652
2018-04-16 01:36:00,-1274.15617652
2018-04-16 01:37:00,-1274.15617652
2018-04-16 01:38:00,-1274.15617652
2018-04-16 01:39:00,-1274.15617652
2018-04-16 01:40:00,-1274.15617652
2018-04-16 01:41:00,-1274.15617652
2018-04-16 01:42:00,-1274.15617652
2018-04-16 01:43:00,-1274.15617652
2018-04-16 01:44:00,-1274.15617652
2018-04-16 01:45:00,-1274.15617652
2018-04-16 01:46:00,-1274.15617652
2018-04-16 01:47:00,-1274.15617652
2018-04-16 01:48:00,-1274.15617652
2018-04-16 01:49:00,-1274.15617652
2018-04-16 01:50:00,-1274.15617652
2018-04-16 01:51:00,-1274.15617652
2018-04-16 01:52:00,-1263.40909292
2018-04-16 01:53:00,-1274.15617652
2018-04-16 01:54:00,-1274.15617652
2018-04-16 01:55:00,-1263.40909292
2018-04-16 01:56:00,-1263.40909292
2018-04-16 01:57:00,-1274.15617652
2018-04-16 01:58:00,-1274.15617652
2018-04-16 01:59:00,-1274.15617652
2018-04-16 02:00:00,-1295.65034372
2018-04-16 02:01:00,-1306.39742732
2018-04-16 02:02:00,-1295.65034372
2018-04-16 02:03:00,-1306.39742732
2018-04-16 02:04:00,-1306.39742732
2018-04-16 02:05:00,-1349.38576172
2018-04-16 02:06:00,-1360.13284532
2018-04-16 02:07:00,-1360.13284532
2018-04-16 02:08:00,-1360.13284532
2018-04-16 02:09:00,-1360.13284532
2018-04-16 02:10:00,-1360.13284532
2018-04-16 02:11:00,-1360.13284532
2018-04-16 02:12:00,-1360.13284532
2018-04-16 02:13:00,-1360.13284532
2018-04-16 02:14:00,-1360.13284532
2018-04-16 02:15:00,-1360.13284532
2018-04-16 02:16:00,-1360.13284532
2018-04-16 02:17:00,-1360.13284532
2018-04-16 02:18:00,-1370.87992892
2018-04-16 02:19:00,-1370.87992892
2018-04-16 02:20:00,-1370.87992892
2018-04-16 02:21:00,-1370.87992892
2018-04-16 02:22:00,-1370.87992892
2018-04-16 02:23:00,-1370.87992892
2018-04-16 02:24:00,-1370.87992892
2018-04-16 02:25:00,-1370.87992892
2018-04-16 02:26:00,-1370.87992892
2018-04-16 02:27:00,-1370.87992892
2018-04-16 02:28:00,-1370.87992892
2018-04-16 02:29:00,-1370.87992892
2018-04-16 02:30:00,-1370.87992892
2018-04-16 02:31:00,-1370.87992892
2018-04-16 02:32:00,-1370.87992892
2018-04-16 02:33:00,-1381.62701252
2018-04-16 02:34:00,-1381.62701252
2018-04-16 02:35:00,-1349.38576172
2018-04-16 02:36:00,-1349.38576172
2018-04-16 02:37:00,-1349.38576172
2018-04-16 02:38:00,-1349.38576172
2018-04-16 02:39:00,-1349.38576172
2018-04-16 02:40:00,-1327.89159452
2018-04-16 02:41:00,-1349.38576172
2018-04-16 02:42:00,-1338.63867812
2018-04-16 02:43:00,-1338.63867812
2018-04-16 02:44:00,-1338.63867812
2018-04-16 02:45:00,-1349.38576172
2018-04-16 02:46:00,-1338.63867812
2018-04-16 02:47:00,-1338.63867812
2018-04-16 02:48:00,-1338.63867812
2018-04-16 02:49:00,-1338.63867812
2018-04-16 02:50:00,-1338.63867812
2018-04-16 02:51:00,-1338.63867812
2018-04-16 02:52:00,-1349.38576172
2018-04-16 02:53:00,-1360.13284532
2018-04-16 02:54:00,-1360.13284532
2018-04-16 02:55:00,-1349.38576172
2018-04-16 02:56:00,-1349.38576172
2018-04-16 02:57:00,-1349.38576172
2018-04-16 02:58:00,-1349.38576172
2018-04-16 02:59:00,-1349.38576172
2018-04-16 03:00:00,-1360.13284532
2018-04-16 03:01:00,-1360.13284532
2018-04-16 03:02:00,-1360.13284532
2018-04-16 03:03:00,-1370.87992892
2018-04-16 03:04:00,-1370.87992892
2018-04-16 03:05:00,-1381.62701252
2018-04-16 03:06:00,-1370.87992892
2018-04-16 03:07:00,-1370.87992892
2018-04-16 03:08:00,-1370.87992892
2018-04-16 03:09:00,-1370.87992892
2018-04-16 03:10:00,-1370.87992892
2018-04-16 03:11:00,-1370.87992892
2018-04-16 03:12:00,-1370.87992892
2018-04-16 03:13:00,-1370.87992892
2018-04-16 03:14:00,-1370.87992892
2018-04-16 03:15:00,-1370.87992892
2018-04-16 03:16:00,-1370.87992892
2018-04-16 03:17:00,-1370.87992892
2018-04-16 03:18:00,-1370.87992892
2018-04-16 03:19:00,-1370.87992892
2018-04-16 03:20:00,-1370.87992892
2018-04-16 03:21:00,-1370.87992892
2018-04-16 03:22:00,-1370.87992892
2018-04-16 03:23:00,-1370.87992892
2018-04-16 03:24:00,-1370.87992892
2018-04-16 03:25:00,-1370.87992892
2018-04-16 03:26:00,-1370.87992892
2018-04-16 03:27:00,-1381.62701252
2018-04-16 03:28:00,-1381.62701252
2018-04-16 03:29:00,-1381.62701252
2018-04-16 03:30:00,-1381.62701252
2018-04-16 03:31:00,-1392.37409612
2018-04-16 03:32:00,-1392.37409612
2018-04-16 03:33:00,-1392.37409612
2018-04-16 03:34:00,-1392.37409612
2018-04-16 03:35:00,-1392.37409612
2018-04-16 03:36:00,-1392.37409612
2018-04-16 03:37:00,-1392.37409612
2018-04-16 03:38:00,-1392.37409612
2018-04-16 03:39:00,-1381.62701252
2018-04-16 03:40:00,-1381.62701252
2018-04-16 03:41:00,-1392.37409612
2018-04-16 03:42:00,-1392.37409612
2018-04-16 03:43:00,-1392.37409612
2018-04-16 03:44:00,-1381.62701252
2018-04-16 03:45:00,-1392.37409612
2018-04-16 03:46:00,-1392.37409612
2018-04-16 03:47:00,-1392.37409612
2018-04-16 03:48:00,-1392.37409612
2018-04-16 03:49:00,-1392.37409612
2018-04-16 03:50:00,-1392.37409612
2018-04-16 03:51:00,-1381.62701252
2018-04-16 03:52:00,-1392.37409612
2018-04-16 03:53:00,-1392.37409612
2018-04-16 03:54:00,-1392.37409612
2018-04-16 03:55:00,-1392.37409612
2018-04-16 03:56:00,-1392.37409612
2018-04-16 03:57:00,-1392.37409612
2018-04-16 03:58:00,-1392.37409612
2018-04-16 03:59:00,-1392.37409612
2018-04-16 04:00:00,-1392.37409612
2018-04-16 04:01:00,-1392.37409612
2018-04-16 04:02:00,-1392.37409612
2018-04-16 04:03:00,-1381.62701252
2018-04-16 04:04:00,-1392.37409612
2018-04-16 04:05:00,-1392.37409612
2018-04-16 04:06:00,-1392.37409612
2018-04-16 04:07:00,-1392.37409612
2018-04-16 04:08:00,-1392.37409612
2018-04-16 04:09:00,-1392.37409612
2018-04-16 04:10:00,-1392.37409612
2018-04-16 04:11:00,-1392.37409612
2018-04-16 04:12:00,-1381.62701252
2018-04-16 04:13:00,-1392.37409612
2018-04-16 04:14:00,-1392.37409612
2018-04-16 04:15:00,-1392.37409612
2018-04-16 04:16:00,-1349.38576172
2018-04-16 04:17:00,-1360.13284532
2018-04-16 04:18:00,-1349.38576172
2018-04-16 04:19:00,-1349.38576172
2018-04-16 04:20:00,-1349.38576172
2018-04-16 04:21:00,-1349.38576172
2018-04-16 04:22:00,-1349.38576172
2018-04-16 04:23:00,-1349.38576172
2018-04-16 04:24:00,-1349.38576172
2018-04-16 04:25:00,-1349.38576172
2018-04-16 04:26:00,-1349.38576172
2018-04-16 04:27:00,-1349.38576172
2018-04-16 04:28:00,-1349.38576172
2018-04-16 04:29:00,-1349.38576172
2018-04-16 04:30:00,-1349.38576172
2018-04-16 04:31:00,-1360.13284532
2018-04-16 04:32:00,-1360.13284532
2018-04-16 04:33:00,-1360.13284532
2018-04-16 04:34:00,-1349.38576172
2018-04-16 04:35:00,-1349.38576172
2018-04-16 04:36:00,-1349.38576172
2018-04-16 04:37:00,-1349.38576172
2018-04-16 04:38:00,-1349.38576172
2018-04-16 04:39:00,-1370.87992892
2018-04-16 04:40:00,-1370.87992892
2018-04-16 04:41:00,-1370.87992892
2018-04-16 04:42:00,-1370.87992892
2018-04-16 04:43:00,-1370.87992892
2018-04-16 04:44:00,-1370.87992892
2018-04-16 04:45:00,-1370.87992892
2018-04-16 04:46:00,-1370.87992892
2018-04-16 04:47:00,-1370.87992892
2018-04-16 04:48:00,-1370.87992892
2018-04-16 04:49:00,-1370.87992892
2018-04-16 04:50:00,-1392.37409612
2018-04-16 04:51:00,-1381.62701252
2018-04-16 04:52:00,-1381.62701252
2018-04-16 04:53:00,-1381.62701252
2018-04-16 04:54:00,-1381.62701252
2018-04-16 04:55:00,-1381.62701252
2018-04-16 04:56:00,-1381.62701252
2018-04-16 04:57:00,-1381.62701252
2018-04-16 04:58:00,-1392.37409612
2018-04-16 04:59:00,-1392.37409612
2018-04-16 05:00:00,-1392.37409612
2018-04-16 05:01:00,-1403.12117972
2018-04-16 05:02:00,-1403.12117972
2018-04-16 05:03:00,-1403.12117972
2018-04-16 05:04:00,-1403.12117972
2018-04-16 05:05:00,-1392.37409612
2018-04-16 05:06:00,-1392.37409612
2018-04-16 05:07:00,-1392.37409612
2018-04-16 05:08:00,-1403.12117972
2018-04-16 05:09:00,-1392.37409612
2018-04-16 05:10:00,-1392.37409612
2018-04-16 05:11:00,-1403.12117972
2018-04-16 05:12:00,-1403.12117972
2018-04-16 05:13:00,-1403.12117972
2018-04-16 05:14:00,-1403.12117972
2018-04-16 05:15:00,-1403.12117972
2018-04-16 05:16:00,-1403.12117972
2018-04-16 05:17:00,-1403.12117972
2018-04-16 05:18:00,-1403.12117972
2018-04-16 05:19:00,-1403.12117972
2018-04-16 05:20:00,-1403.12117972
2018-04-16 05:21:00,-1403.12117972
2018-04-16 05:22:00,-1403.12117972
2018-04-16 05:23:00,-1403.12117972
2018-04-16 05:24:00,-1403.12117972
2018-04-16 05:25:00,-1392.37409612
2018-04-16 05:26:00,-1403.12117972
2018-04-16 05:27:00,-1403.12117972
2018-04-16 05:28:00,-1403.12117972
2018-04-16 05:29:00,-1403.12117972
2018-04-16 05:30:00,-1403.12117972
2018-04-16 05:31:00,-1403.12117972
2018-04-16 05:32:00,-1403.12117972
2018-04-16 05:33:00,-1403.12117972
2018-04-16 05:34:00,-1403.12117972
2018-04-16 05:35:00,-1403.12117972
2018-04-16 05:36:00,-1403.12117972
2018-04-16 05:37:00,-1403.12117972
2018-04-16 05:38:00,-1413.86826332
2018-04-16 05:39:00,-1413.86826332
2018-04-16 05:40:00,-1403.12117972
2018-04-16 05:41:00,-1403.12117972
2018-04-16 05:42:00,-1403.12117972
2018-04-16 05:43:00,-1381.62701252
2018-04-16 05:44:00,-1403.12117972
2018-04-16 05:45:00,-1403.12117972
2018-04-16 05:46:00,-1424.61534692
2018-04-16 05:47:00,-1424.61534692
2018-04-16 05:48:00,-1413.86826332
2018-04-16 05:49:00,-1424.61534692
2018-04-16 05:50:00,-1424.61534692
2018-04-16 05:51:00,-1424.61534692
2018-04-16 05:52:00,-1424.61534692
2018-04-16 05:53:00,-1424.61534692
2018-04-16 05:54:00,-1413.86826332
2018-04-16 05:55:00,-1413.86826332
2018-04-16 05:56:00,-1424.61534692
2018-04-16 05:57:00,-1424.61534692
2018-04-16 05:58:00,-1403.12117972
2018-04-16 05:59:00,-1403.12117972
2018-04-16 06:00:00,-1403.12117972
2018-04-16 06:01:00,-1403.12117972
2018-04-16 06:02:00,-1403.12117972
2018-04-16 06:03:00,-1403.12117972
2018-04-16 06:04:00,-1381.62701252
2018-04-16 06:05:00,-1381.62701252
2018-04-16 06:06:00,-1381.62701252
2018-04-16 06:07:00,-1370.87992892
2018-04-16 06:08:00,-1370.87992892
2018-04-16 06:09:00,-1370.87992892
2018-04-16 06:10:00,-1370.87992892
2018-04-16 06:11:00,-1370.87992892
2018-04-16 06:12:00,-1370.87992892
2018-04-16 06:13:00,-1381.62701252
2018-04-16 06:14:00,-1381.62701252
2018-04-16 06:15:00,-1381.62701252
2018-04-16 06:16:00,-1381.62701252
2018-04-16 06:17:00,-1381.62701252
2018-04-16 06:18:00,-1381.62701252
2018-04-16 06:19:00,-1381.62701252
2018-04-16 06:20:00,-1381.62701252
2018-04-16 06:21:00,-1381.62701252
2018-04-16 06:22:00,-1381.62701252
2018-04-16 06:23:00,-1381.62701252
2018-04-16 06:24:00,-1381.62701252
2018-04-16 06:25:00,-1381.62701252
2018-04-16 06:26:00,-1381.62701252
2018-04-16 06:27:00,-1381.62701252
2018-04-16 06:28:00,-1381.62701252
2018-04-16 06:29:00,-1381.62701252
2018-04-16 06:30:00,-1381.62701252
2018-04-16 06:31:00,-1381.62701252
2018-04-16 06:32:00,-1381.62701252
2018-04-16 06:33:00,-1381.62701252
2018-04-16 06:34:00,-1392.37409612
2018-04-16 06:35:00,-1403.12117972
2018-04-16 06:36:00,-1403.12117972
2018-04-16 06:37:00,-1403.12117972
2018-04-16 06:38:00,-1403.12117972
2018-04-16 06:39:00,-1403.12117972
2018-04-16 06:40:00,-1381.62701252
2018-04-16 06:41:00,-1381.62701252
2018-04-16 06:42:00,-1381.62701252
2018-04-16 06:43:00,-1381.62701252
2018-04-16 06:44:00,-1381.62701252
2018-04-16 06:45:00,-1381.62701252
2018-04-16 06:46:00,-1381.62701252
2018-04-16 06:47:00,-1381.62701252
2018-04-16 06:48:00,-1381.62701252
2018-04-16 06:49:00,-1381.62701252
2018-04-16 06:50:00,-1381.62701252
2018-04-16 06:51:00,-1381.62701252
2018-04-16 06:52:00,-1381.62701252
2018-04-16 06:53:00,-1381.62701252
2018-04-16 06:54:00,-1381.62701252
2018-04-16 06:55:00,-1381.62701252
2018-04-16 06:56:00,-1381.62701252
2018-04-16 06:57:00,-1381.62701252
2018-04-16 06:58:00,-1381.62701252
2018-04-16 06:59:00,-1381.62701252
2018-04-16 07:00:00,-1381.62701252
2018-04-16 07:01:00,-1381.62701252
2018-04-16 07:02:00,-1381.62701252
2018-04-16 07:03:00,-1381.62701252
2018-04-16 07:04:00,-1381.62701252
2018-04-16 07:05:00,-1381.62701252
2018-04-16 07:06:00,-1381.62701252
2018-04-16 07:07:00,-1381.62701252
2018-04-16 07:08:00,-1360.13284532
2018-04-16 07:09:00,-1360.13284532
2018-04-16 07:10:00,-1370.87992892
2018-04-16 07:11:00,-1370.87992892
2018-04-16 07:12:00,-1381.62701252
2018-04-16 07:13:00,-1381.62701252
2018-04-16 07:14:00,-1381.62701252
2018-04-16 07:15:00,-1381.62701252
2018-04-16 07:16:00,-1381.62701252
2018-04-16 07:17:00,-1381.62701252
2018-04-16 07:18:00,-1381.62701252
2018-04-16 07:19:00,-1381.62701252
2018-04-16 07:20:00,-1381.62701252
2018-04-16 07:21:00,-1392.37409612
2018-04-16 07:22:00,-1392.37409612
2018-04-16 07:23:00,-1392.37409612
2018-04-16 07:24:00,-1403.12117972
2018-04-16 07:25:00,-1403.12117972
2018-04-16 07:26:00,-1403.12117972
2018-04-16 07:27:00,-1403.12117972
2018-04-16 07:28:00,-1403.12117972
2018-04-16 07:29:00,-1403.12117972
2018-04-16 07:30:00,-1403.12117972
2018-04-16 07:31:00,-1403.12117972
2018-04-16 07:32:00,-1381.62701252
2018-04-16 07:33:00,-1381.62701252
2018-04-16 07:34:00,-1381.62701252
2018-04-16 07:35:00,-1381.62701252
2018-04-16 07:36:00,-1381.62701252
2018-04-16 07:37:00,-1381.62701252
2018-04-16 07:38:00,-1381.62701252
2018-04-16 07:39:00,-1381.62701252
2018-04-16 07:40:00,-1381.62701252
2018-04-16 07:41:00,-1349.38576172
2018-04-16 07:42:00,-1349.38576172
2018-04-16 07:43:00,-1349.38576172
2018-04-16 07:44:00,-1327.89159452
2018-04-16 07:45:00,-1327.89159452
2018-04-16 07:46:00,-1327.89159452
2018-04-16 07:47:00,-1327.89159452
2018-04-16 07:48:00,-1327.89159452
2018-04-16 07:49:00,-1327.89159452
2018-04-16 07:50:00,-1338.63867812
2018-04-16 07:51:00,-1327.89159452
2018-04-16 07:52:00,-1327.89159452
2018-04-16 07:53:00,-1327.89159452
2018-04-16 07:54:00,-1349.38576172
2018-04-16 07:55:00,-1360.13284532
2018-04-16 07:56:00,-1360.13284532
2018-04-16 07:57:00,-1392.37409612
2018-04-16 07:58:00,-1381.62701252
2018-04-16 07:59:00,-1392.37409612
2018-04-16 08:00:00,-1381.62701252
2018-04-16 08:01:00,-1381.62701252
2018-04-16 08:02:00,-1381.62701252
2018-04-16 08:03:00,-1381.62701252
2018-04-16 08:04:00,-1370.87992892
2018-04-16 08:05:00,-1370.87992892
2018-04-16 08:06:00,-1370.87992892
2018-04-16 08:07:00,-1360.13284532
2018-04-16 08:08:00,-1360.13284532
2018-04-16 08:09:00,-1360.13284532
2018-04-16 08:10:00,-1360.13284532
2018-04-16 08:11:00,-1360.13284532
2018-04-16 08:12:00,-1360.13284532
2018-04-16 08:13:00,-1360.13284532
2018-04-16 08:14:00,-1360.13284532
2018-04-16 08:15:00,-1360.13284532
2018-04-16 08:16:00,-1360.13284532
2018-04-16 08:17:00,-1360.13284532
2018-04-16 08:18:00,-1360.13284532
2018-04-16 08:19:00,-1360.13284532
2018-04-16 08:20:00,-1360.13284532
2018-04-16 08:21:00,-1360.13284532
2018-04-16 08:22:00,-1360.13284532
2018-04-16 08:23:00,-1360.13284532
2018-04-16 08:24:00,-1360.13284532
2018-04-16 08:25:00,-1349.38576172
2018-04-16 08:26:00,-1349.38576172
2018-04-16 08:27:00,-1360.13284532
2018-04-16 08:28:00,-1360.13284532
2018-04-16 08:29:00,-1360.13284532
2018-04-16 08:30:00,-1360.13284532
2018-04-16 08:31:00,-1360.13284532
2018-04-16 08:32:00,-1327.89159452
2018-04-16 08:33:00,-1327.89159452
2018-04-16 08:34:00,-1327.89159452
2018-04-16 08:35:00,-1338.63867812
2018-04-16 08:36:00,-1338.63867812
2018-04-16 08:37:00,-1327.89159452
2018-04-16 08:38:00,-1327.89159452
2018-04-16 08:39:00,-1327.89159452
2018-04-16 08:40:00,-1327.89159452
2018-04-16 08:41:00,-1327.89159452
2018-04-16 08:42:00,-1327.89159452
2018-04-16 08:43:00,-1327.89159452
2018-04-16 08:44:00,-1317.14451092
2018-04-16 08:45:00,-1317.14451092
2018-04-16 08:46:00,-1327.89159452
2018-04-16 08:47:00,-1317.14451092
2018-04-16 08:48:00,-1317.14451092
2018-04-16 08:49:00,-1317.14451092
2018-04-16 08:50:00,-1317.14451092
2018-04-16 08:51:00,-1317.14451092
2018-04-16 08:52:00,-1317.14451092
2018-04-16 08:53:00,-1317.14451092
2018-04-16 08:54:00,-1317.14451092
2018-04-16 08:55:00,-1317.14451092
2018-04-16 08:56:00,-1317.14451092
2018-04-16 08:57:00,-1306.39742732
2018-04-16 08:58:00,-1295.65034372
2018-04-16 08:59:00,-1295.65034372
2018-04-16 09:00:00,-1295.65034372
2018-04-16 09:01:00,-1306.39742732
2018-04-16 09:02:00,-1306.39742732
2018-04-16 09:03:00,-1306.39742732
2018-04-16 09:04:00,-1306.39742732
2018-04-16 09:05:00,-1306.39742732
2018-04-16 09:06:00,-1306.39742732
2018-04-16 09:07:00,-1306.39742732
2018-04-16 09:08:00,-1306.39742732
2018-04-16 09:09:00,-1306.39742732
2018-04-16 09:10:00,-1306.39742732
2018-04-16 09:11:00,-1317.14451092
2018-04-16 09:12:00,-1317.14451092
2018-04-16 09:13:00,-1317.14451092
2018-04-16 09:14:00,-1317.14451092
2018-04-16 09:15:00,-1317.14451092
2018-04-16 09:16:00,-1317.14451092
2018-04-16 09:17:00,-1317.14451092
2018-04-16 09:18:00,-1317.14451092
2018-04-16 09:19:00,-1317.14451092
2018-04-16 09:20:00,-1317.14451092
2018-04-16 09:21:00,-1317.14451092
2018-04-16 09:22:00,-1317.14451092
2018-04-16 09:23:00,-1317.14451092
2018-04-16 09:24:00,-1317.14451092
2018-04-16 09:25:00,-1327.89159452
2018-04-16 09:26:00,-1327.89159452
2018-04-16 09:27:00,-1327.89159452
2018-04-16 09:28:00,-1327.89159452
2018-04-16 09:29:00,-1327.89159452
2018-04-16 09:30:00,-1327.89159452
2018-04-16 09:31:00,-1317.14451092
2018-04-16 09:32:00,-1317.14451092
2018-04-16 09:33:00,-1317.14451092
2018-04-16 09:34:00,-1317.14451092
2018-04-16 09:35:00,-1317.14451092
2018-04-16 09:36:00,-1317.14451092
2018-04-16 09:37:00,-1317.14451092
2018-04-16 09:38:00,-1317.14451092
2018-04-16 09:39:00,-1317.14451092
2018-04-16 09:40:00,-1317.14451092
2018-04-16 09:41:00,-1317.14451092
2018-04-16 09:42:00,-1317.14451092
2018-04-16 09:43:00,-1317.14451092
2018-04-16 09:44:00,-1317.14451092
2018-04-16 09:45:00,-1317.14451092
2018-04-16 09:46:00,-1317.14451092
2018-04-16 09:47:00,-1360.13284532
2018-04-16 09:48:00,-1360.13284532
2018-04-16 09:49:00,-1360.13284532
2018-04-16 09:50:00,-1360.13284532
2018-04-16 09:51:00,-1360.13284532
2018-04-16 09:52:00,-1338.63867812
2018-04-16 09:53:00,-1349.38576172
2018-04-16 09:54:00,-1349.38576172
2018-04-16 09:55:00,-1327.89159452
2018-04-16 09:56:00,-1327.89159452
2018-04-16 09:57:00,-1327.89159452
2018-04-16 09:58:00,-1338.63867812
2018-04-16 09:59:00,-1338.63867812
2018-04-16 10:00:00,-1338.63867812
2018-04-16 10:01:00,-1338.63867812
2018-04-16 10:02:00,-1338.63867812
2018-04-16 10:03:00,-1338.63867812
2018-04-16 10:04:00,-1317.14451092
2018-04-16 10:05:00,-1327.89159452
2018-04-16 10:06:00,-1317.14451092
2018-04-16 10:07:00,-1327.89159452
2018-04-16 10:08:00,-1317.14451092
2018-04-16 10:09:00,-1327.89159452
2018-04-16 10:10:00,-1327.89159452
2018-04-16 10:11:00,-1327.89159452
2018-04-16 10:12:00,-1327.89159452
2018-04-16 10:13:00,-1327.89159452
2018-04-16 10:14:00,-1338.63867812
2018-04-16 10:15:00,-1338.63867812
2018-04-16 10:16:00,-1327.89159452
2018-04-16 10:17:00,-1327.89159452
2018-04-16 10:18:00,-1327.89159452
2018-04-16 10:19:00,-1338.63867812
2018-04-16 10:20:00,-1370.87992892
2018-04-16 10:21:00,-1370.87992892
2018-04-16 10:22:00,-1370.87992892
2018-04-16 10:23:00,-1370.87992892
2018-04-16 10:24:00,-1381.62701252
2018-04-16 10:25:00,-1370.87992892
2018-04-16 10:26:00,-1370.87992892
2018-04-16 10:27:00,-1370.87992892
2018-04-16 10:28:00,-1370.87992892
2018-04-16 10:29:00,-1370.87992892
2018-04-16 10:30:00,-1370.87992892
2018-04-16 10:31:00,-1370.87992892
2018-04-16 10:32:00,-1370.87992892
2018-04-16 10:33:00,-1370.87992892
2018-04-16 10:34:00,-1370.87992892
2018-04-16 10:35:00,-1370.87992892
2018-04-16 10:36:00,-1370.87992892
2018-04-16 10:37:00,-1360.13284532
2018-04-16 10:38:00,-1360.13284532
2018-04-16 10:39:00,-1360.13284532
2018-04-16 10:40:00,-1360.13284532
2018-04-16 10:41:00,-1360.13284532
2018-04-16 10:42:00,-1349.38576172
2018-04-16 10:43:00,-1360.13284532
2018-04-16 10:44:00,-1370.87992892
2018-04-16 10:45:00,-1360.13284532
2018-04-16 10:46:00,-1360.13284532
2018-04-16 10:47:00,-1349.38576172
2018-04-16 10:48:00,-1349.38576172
2018-04-16 10:49:00,-1349.38576172
2018-04-16 10:50:00,-1349.38576172
2018-04-16 10:51:00,-1349.38576172
2018-04-16 10:52:00,-1349.38576172
2018-04-16 10:53:00,-1349.38576172
2018-04-16 10:54:00,-1360.13284532
2018-04-16 10:55:00,-1360.13284532
2018-04-16 10:56:00,-1360.13284532
2018-04-16 10:57:00,-1360.13284532
2018-04-16 10:58:00,-1370.87992892
2018-04-16 10:59:00,-1360.13284532
2018-04-16 11:00:00,-1370.87992892
2018-04-16 11:01:00,-1370.87992892
2018-04-16 11:02:00,-1370.87992892
2018-04-16 11:03:00,-1360.13284532
2018-04-16 11:04:00,-1360.13284532
2018-04-16 11:05:00,-1360.13284532
2018-04-16 11:06:00,-1338.63867812
2018-04-16 11:07:00,-1317.14451092
2018-04-16 11:08:00,-1360.13284532
2018-04-16 11:09:00,-1349.38576172
2018-04-16 11:10:00,-1349.38576172
2018-04-16 11:11:00,-1349.38576172
2018-04-16 11:12:00,-1360.13284532
2018-04-16 11:13:00,-1360.13284532
2018-04-16 11:14:00,-1360.13284532
2018-04-16 11:15:00,-1349.38576172
2018-04-16 11:16:00,-1349.38576172
2018-04-16 11:17:00,-1317.14451092
2018-04-16 11:18:00,-1317.14451092
2018-04-16 11:19:00,-1317.14451092
2018-04-16 11:20:00,-1317.14451092
2018-04-16 11:21:00,-1317.14451092
2018-04-16 11:22:00,-1317.14451092
2018-04-16 11:23:00,-1295.65034372
2018-04-16 11:24:00,-1295.65034372
2018-04-16 11:25:00,-1327.89159452
2018-04-16 11:26:00,-1327.89159452
2018-04-16 11:27:00,-1338.63867812
2018-04-16 11:28:00,-1327.89159452
2018-04-16 11:29:00,-1327.89159452
2018-04-16 11:30:00,-1338.63867812
2018-04-16 11:31:00,-1338.63867812
2018-04-16 11:32:00,-1338.63867812
2018-04-16 11:33:00,-1338.63867812
2018-04-16 11:34:00,-1295.65034372
2018-04-16 11:35:00,-1295.65034372
2018-04-16 11:36:00,-1295.65034372
2018-04-16 11:37:00,-1295.65034372
2018-04-16 11:38:00,-1295.65034372
2018-04-16 11:39:00,-1295.65034372
2018-04-16 11:40:00,-1295.65034372
2018-04-16 11:41:00,-1295.65034372
2018-04-16 11:42:00,-1295.65034372
2018-04-16 11:43:00,-1295.65034372
2018-04-16 11:44:00,-1295.65034372
2018-04-16 11:45:00,-1327.89159452
2018-04-16 11:46:00,-1327.89159452
2018-04-16 11:47:00,-1317.14451092
2018-04-16 11:48:00,-1317.14451092
2018-04-16 11:49:00,-1317.14451092
2018-04-16 11:50:00,-1317.14451092
2018-04-16 11:51:00,-1317.14451092
2018-04-16 11:52:00,-1317.14451092
2018-04-16 11:53:00,-1317.14451092
2018-04-16 11:54:00,-1317.14451092
2018-04-16 11:55:00,-1317.14451092
2018-04-16 11:56:00,-1317.14451092
2018-04-16 11:57:00,-1317.14451092
2018-04-16 11:58:00,-1317.14451092
2018-04-16 11:59:00,-1317.14451092
2018-04-17 01:29:00,-1403.12117972
2018-04-17 01:30:00,-1403.12117972
2018-04-17 01:31:00,-1360.13284532
2018-04-17 01:32:00,-1360.13284532
2018-04-17 01:33:00,-1360.13284532
2018-04-17 01:34:00,-1360.13284532
2018-04-17 01:35:00,-1317.14451092
2018-04-17 01:36:00,-1317.14451092
2018-04-17 01:37:00,-1295.65034372
2018-04-17 01:38:00,-1306.39742732
2018-04-17 01:39:00,-1306.39742732
2018-04-17 01:40:00,-1306.39742732
2018-04-17 01:41:00,-1306.39742732
2018-04-17 01:42:00,-1295.65034372
2018-04-17 01:43:00,-1295.65034372
2018-04-17 01:44:00,-1295.65034372
2018-04-17 01:45:00,-1295.65034372
2018-04-17 01:46:00,-1295.65034372
2018-04-17 01:47:00,-1295.65034372
2018-04-17 01:48:00,-1295.65034372
2018-04-17 01:49:00,-1295.65034372
2018-04-17 01:50:00,-1295.65034372
2018-04-17 01:51:00,-1295.65034372
2018-04-17 01:52:00,-1295.65034372
2018-04-17 01:53:00,-1295.65034372
2018-04-17 01:54:00,-1295.65034372
2018-04-17 01:55:00,-1295.65034372
2018-04-17 01:56:00,-1295.65034372
2018-04-17 01:57:00,-1295.65034372
2018-04-17 01:58:00,-1295.65034372
2018-04-17 01:59:00,-1295.65034372
2018-04-17 02:00:00,-1317.14451092
2018-04-17 02:01:00,-1338.63867812
2018-04-17 02:02:00,-1349.38576172
2018-04-17 02:03:00,-1370.87992892
2018-04-17 02:04:00,-1413.86826332
2018-04-17 02:05:00,-1424.61534692
2018-04-17 02:06:00,-1435.36243052
2018-04-17 02:07:00,-1435.36243052
2018-04-17 02:08:00,-1435.36243052
2018-04-17 02:09:00,-1435.36243052
2018-04-17 02:10:00,-1435.36243052
2018-04-17 02:11:00,-1446.10951412
2018-04-17 02:12:00,-1446.10951412
2018-04-17 02:13:00,-1446.10951412
2018-04-17 02:14:00,-1435.36243052
2018-04-17 02:15:00,-1435.36243052
2018-04-17 02:16:00,-1435.36243052
2018-04-17 02:17:00,-1446.10951412
2018-04-17 02:18:00,-1446.10951412
2018-04-17 02:19:00,-1435.36243052
2018-04-17 02:20:00,-1456.85659772
2018-04-17 02:21:00,-1446.10951412
2018-04-17 02:22:00,-1467.60368132
2018-04-17 02:23:00,-1446.10951412
2018-04-17 02:24:00,-1456.85659772
2018-04-17 02:25:00,-1435.36243052
2018-04-17 02:26:00,-1446.10951412
2018-04-17 02:27:00,-1456.85659772
2018-04-17 02:28:00,-1478.35076492
2018-04-17 02:29:00,-1467.60368132
2018-04-17 02:30:00,-1467.60368132
2018-04-17 02:31:00,-1467.60368132
2018-04-17 02:32:00,-1467.60368132
2018-04-17 02:33:00,-1456.85659772
2018-04-17 02:34:00,-1446.10951412
2018-04-17 02:35:00,-1446.10951412
2018-04-17 02:36:00,-1424.61534692
2018-04-17 02:37:00,-1413.86826332
2018-04-17 02:38:00,-1413.86826332
2018-04-17 02:39:00,-1424.61534692
2018-04-17 02:40:00,-1413.86826332
2018-04-17 02:41:00,-1413.86826332
2018-04-17 02:42:00,-1413.86826332
2018-04-17 02:43:00,-1424.61534692
2018-04-17 02:44:00,-1435.36243052
2018-04-17 02:45:00,-1435.36243052
2018-04-17 02:46:00,-1435.36243052
2018-04-17 02:47:00,-1435.36243052
2018-04-17 02:48:00,-1435.36243052
2018-04-17 02:49:00,-1435.36243052
2018-04-17 02:50:00,-1424.61534692
2018-04-17 02:51:00,-1435.36243052
2018-04-17 02:52:00,-1435.36243052
2018-04-17 02:53:00,-1435.36243052
2018-04-17 02:54:00,-1435.36243052
2018-04-17 02:55:00,-1435.36243052
2018-04-17 02:56:00,-1435.36243052
2018-04-17 02:57:00,-1435.36243052
2018-04-17 02:58:00,-1435.36243052
2018-04-17 02:59:00,-1435.36243052
2018-04-17 03:00:00,-1435.36243052
2018-04-17 03:01:00,-1435.36243052
2018-04-17 03:02:00,-1403.12117972
2018-04-17 03:03:00,-1392.37409612
2018-04-17 03:04:00,-1360.13284532
2018-04-17 03:05:00,-1370.87992892
2018-04-17 03:06:00,-1360.13284532
2018-04-17 03:07:00,-1360.13284532
2018-04-17 03:08:00,-1360.13284532
2018-04-17 03:09:00,-1370.87992892
2018-04-17 03:10:00,-1370.87992892
2018-04-17 03:11:00,-1370.87992892
2018-04-17 03:12:00,-1370.87992892
2018-04-17 03:13:00,-1370.87992892
2018-04-17 03:14:00,-1360.13284532
2018-04-17 03:15:00,-1370.87992892
2018-04-17 03:16:00,-1370.87992892
2018-04-17 03:17:00,-1360.13284532
2018-04-17 03:18:00,-1370.87992892
2018-04-17 03:19:00,-1360.13284532
2018-04-17 03:20:00,-1370.87992892
2018-04-17 03:21:00,-1349.38576172
2018-04-17 03:22:00,-1360.13284532
2018-04-17 03:23:00,-1349.38576172
2018-04-17 03:24:00,-1360.13284532
2018-04-17 03:25:00,-1360.13284532
2018-04-17 03:26:00,-1381.62701252
2018-04-17 03:27:00,-1360.13284532
2018-04-17 03:28:00,-1392.37409612
2018-04-17 03:29:00,-1381.62701252
2018-04-17 03:30:00,-1360.13284532
2018-04-17 03:31:00,-1295.65034372
2018-04-17 03:32:00,-1317.14451092
2018-04-17 03:33:00,-1338.63867812
2018-04-17 03:34:00,-1338.63867812
2018-04-17 03:35:00,-1327.89159452
2018-04-17 03:36:00,-1338.63867812
2018-04-17 03:37:00,-1295.65034372
2018-04-17 03:38:00,-1317.14451092
2018-04-17 03:39:00,-1327.89159452
2018-04-17 03:40:00,-1306.39742732
2018-04-17 03:41:00,-1306.39742732
2018-04-17 03:42:00,-1306.39742732
2018-04-17 03:43:00,-1306.39742732
2018-04-17 03:44:00,-1306.39742732
2018-04-17 03:45:00,-1306.39742732
2018-04-17 03:46:00,-1306.39742732
2018-04-17 03:47:00,-1317.14451092
2018-04-17 03:48:00,-1327.89159452
2018-04-17 03:49:00,-1306.39742732
2018-04-17 03:50:00,-1306.39742732
2018-04-17 03:51:00,-1306.39742732
2018-04-17 03:52:00,-1306.39742732
2018-04-17 03:53:00,-1317.14451092
2018-04-17 03:54:00,-1317.14451092
2018-04-17 03:55:00,-1306.39742732
2018-04-17 03:56:00,-1274.15617652
2018-04-17 03:57:00,-1274.15617652
2018-04-17 03:58:00,-1284.90326012
2018-04-17 03:59:00,-1284.90326012
2018-04-17 04:00:00,-1284.90326012
2018-04-17 04:01:00,-1274.15617652
2018-04-17 04:02:00,-1284.90326012
2018-04-17 04:03:00,-1284.90326012
2018-04-17 04:04:00,-1327.89159452
2018-04-17 04:05:00,-1306.39742732
2018-04-17 04:06:00,-1306.39742732
2018-04-17 04:07:00,-1306.39742732
2018-04-17 04:08:00,-1327.89159452
2018-04-17 04:09:00,-1317.14451092
2018-04-17 04:10:00,-1295.65034372
2018-04-17 04:11:00,-1295.65034372
2018-04-17 04:12:00,-1306.39742732
2018-04-17 04:13:00,-1306.39742732
2018-04-17 04:14:00,-1306.39742732
2018-04-17 04:15:00,-1263.40909292
2018-04-17 04:16:00,-1263.40909292
2018-04-17 04:17:00,-1263.40909292
2018-04-17 04:18:00,-1263.40909292
2018-04-17 04:19:00,-1263.40909292
2018-04-17 04:20:00,-1252.66200932
2018-04-17 04:21:00,-1252.66200932
2018-04-17 04:22:00,-1252.66200932
2018-04-17 04:23:00,-1252.66200932
2018-04-17 04:24:00,-1241.91492572
2018-04-17 04:25:00,-1241.91492572
2018-04-17 04:26:00,-1252.66200932
2018-04-17 04:27:00,-1241.91492572
2018-04-17 04:28:00,-1241.91492572
2018-04-17 04:29:00,-1252.66200932
2018-04-17 04:30:00,-1252.66200932
2018-04-17 04:31:00,-1252.66200932
2018-04-17 04:32:00,-1252.66200932
2018-04-17 04:33:00,-1252.66200932
2018-04-17 04:34:00,-1252.66200932
2018-04-17 04:35:00,-1252.66200932
2018-04-17 04:36:00,-1252.66200932
2018-04-17 04:37:00,-1252.66200932
2018-04-17 04:38:00,-1263.40909292
2018-04-17 04:39:00,-1263.40909292
2018-04-17 04:40:00,-1263.40909292
2018-04-17 04:41:00,-1263.40909292
2018-04-17 04:42:00,-1263.40909292
2018-04-17 04:43:00,-1263.40909292
2018-04-17 04:44:00,-1263.40909292
2018-04-17 04:45:00,-1263.40909292
2018-04-17 04:46:00,-1263.40909292
2018-04-17 04:47:00,-1263.40909292
2018-04-17 04:48:00,-1263.40909292
2018-04-17 04:49:00,-1263.40909292
2018-04-17 04:50:00,-1263.40909292
2018-04-17 04:51:00,-1263.40909292
2018-04-17 04:52:00,-1252.66200932
2018-04-17 04:53:00,-1252.66200932
2018-04-17 04:54:00,-1252.66200932
2018-04-17 04:55:00,-1252.66200932
2018-04-17 04:56:00,-1252.66200932
2018-04-17 04:57:00,-1252.66200932
2018-04-17 04:58:00,-1252.66200932
2018-04-17 04:59:00,-1252.66200932
2018-04-17 05:00:00,-1252.66200932
2018-04-17 05:01:00,-1252.66200932
2018-04-17 05:02:00,-1252.66200932
2018-04-17 05:03:00,-1252.66200932
2018-04-17 05:04:00,-1263.40909292
2018-04-17 05:05:00,-1263.40909292
2018-04-17 05:06:00,-1263.40909292
2018-04-17 05:07:00,-1252.66200932
2018-04-17 05:08:00,-1252.66200932
2018-04-17 05:09:00,-1252.66200932
2018-04-17 05:10:00,-1252.66200932
2018-04-17 05:11:00,-1252.66200932
2018-04-17 05:12:00,-1252.66200932
2018-04-17 05:13:00,-1263.40909292
2018-04-17 05:14:00,-1252.66200932
2018-04-17 05:15:00,-1274.15617652
2018-04-17 05:16:00,-1274.15617652
2018-04-17 05:17:00,-1274.15617652
2018-04-17 05:18:00,-1274.15617652
2018-04-17 05:19:00,-1274.15617652
2018-04-17 05:20:00,-1274.15617652
2018-04-17 05:21:00,-1274.15617652
2018-04-17 05:22:00,-1274.15617652
2018-04-17 05:23:00,-1274.15617652
2018-04-17 05:24:00,-1274.15617652
2018-04-17 05:25:00,-1274.15617652
2018-04-17 05:26:00,-1263.40909292
2018-04-17 05:27:00,-1274.15617652
2018-04-17 05:28:00,-1274.15617652
2018-04-17 05:29:00,-1274.15617652
2018-04-17 05:30:00,-1274.15617652
2018-04-17 05:31:00,-1274.15617652
2018-04-17 05:32:00,-1274.15617652
2018-04-17 05:33:00,-1274.15617652
2018-04-17 05:34:00,-1284.90326012
2018-04-17 05:35:00,-1274.15617652
2018-04-17 05:36:00,-1274.15617652
2018-04-17 05:37:00,-1295.65034372
2018-04-17 05:38:00,-1295.65034372
2018-04-17 05:39:00,-1295.65034372
2018-04-17 05:40:00,-1306.39742732
2018-04-17 05:41:00,-1306.39742732
2018-04-17 05:42:00,-1306.39742732
2018-04-17 05:43:00,-1306.39742732
2018-04-17 05:44:00,-1306.39742732
2018-04-17 05:45:00,-1306.39742732
2018-04-17 05:46:00,-1274.15617652
2018-04-17 05:47:00,-1274.15617652
2018-04-17 05:48:00,-1274.15617652
2018-04-17 05:49:00,-1274.15617652
2018-04-17 05:50:00,-1274.15617652
2018-04-17 05:51:00,-1263.40909292
2018-04-17 05:52:00,-1263.40909292
2018-04-17 05:53:00,-1252.66200932
2018-04-17 05:54:00,-1263.40909292
2018-04-17 05:55:00,-1263.40909292
2018-04-17 05:56:00,-1263.40909292
2018-04-17 05:57:00,-1252.66200932
2018-04-17 05:58:00,-1252.66200932
2018-04-17 05:59:00,-1263.40909292
2018-04-17 06:00:00,-1263.40909292
2018-04-17 06:01:00,-1252.66200932
2018-04-17 06:02:00,-1252.66200932
2018-04-17 06:03:00,-1252.66200932
2018-04-17 06:04:00,-1252.66200932
2018-04-17 06:05:00,-1220.42075852
2018-04-17 06:06:00,-1220.42075852
2018-04-17 06:07:00,-1220.42075852
2018-04-17 06:08:00,-1220.42075852
2018-04-17 06:09:00,-1209.67367492
2018-04-17 06:10:00,-1220.42075852
2018-04-17 06:11:00,-1209.67367492
2018-04-17 06:12:00,-1209.67367492
2018-04-17 06:13:00,-1241.91492572
2018-04-17 06:14:00,-1241.91492572
2018-04-17 06:15:00,-1241.91492572
2018-04-17 06:16:00,-1241.91492572
2018-04-17 06:17:00,-1252.66200932
2018-04-17 06:18:00,-1231.16784212
2018-04-17 06:19:00,-1231.16784212
2018-04-17 06:20:00,-1231.16784212
2018-04-17 06:21:00,-1231.16784212
2018-04-17 06:22:00,-1231.16784212
2018-04-17 06:23:00,-1231.16784212
2018-04-17 06:24:00,-1231.16784212
2018-04-17 06:25:00,-1209.67367492
2018-04-17 06:26:00,-1209.67367492
2018-04-17 06:27:00,-1209.67367492
2018-04-17 06:28:00,-1209.67367492
2018-04-17 06:29:00,-1209.67367492
2018-04-17 06:30:00,-1209.67367492
2018-04-17 06:31:00,-1209.67367492
2018-04-17 06:32:00,-1209.67367492
2018-04-17 06:33:00,-1209.67367492
2018-04-17 06:34:00,-1209.67367492
2018-04-17 06:35:00,-1209.67367492
2018-04-17 06:36:00,-1209.67367492
2018-04-17 06:37:00,-1220.42075852
2018-04-17 06:38:00,-1220.42075852
2018-04-17 06:39:00,-1198.92659132
2018-04-17 06:40:00,-1198.92659132
2018-04-17 06:41:00,-1198.92659132
2018-04-17 06:42:00,-1198.92659132
2018-04-17 06:43:00,-1166.68534052
2018-04-17 06:44:00,-1177.43242412
2018-04-17 06:45:00,-1177.43242412
2018-04-17 06:46:00,-1166.68534052
2018-04-17 06:47:00,-1166.68534052
2018-04-17 06:48:00,-1166.68534052
2018-04-17 06:49:00,-1177.43242412
2018-04-17 06:50:00,-1177.43242412
2018-04-17 06:51:00,-1177.43242412
2018-04-17 06:52:00,-1177.43242412
2018-04-17 06:53:00,-1177.43242412
2018-04-17 06:54:00,-1177.43242412
2018-04-17 06:55:00,-1166.68534052
2018-04-17 06:56:00,-1177.43242412
2018-04-17 06:57:00,-1177.43242412
2018-04-17 06:58:00,-1177.43242412
2018-04-17 06:59:00,-1188.17950772
2018-04-17 07:00:00,-1188.17950772
2018-04-17 07:01:00,-1188.17950772
2018-04-17 07:02:00,-1188.17950772
2018-04-17 07:03:00,-1188.17950772
2018-04-17 07:04:00,-1188.17950772
2018-04-17 07:05:00,-1198.92659132
2018-04-17 07:06:00,-1198.92659132
2018-04-17 07:07:00,-1198.92659132
2018-04-17 07:08:00,-1198.92659132
2018-04-17 07:09:00,-1188.17950772
2018-04-17 07:10:00,-1188.17950772
2018-04-17 07:11:00,-1188.17950772
2018-04-17 07:12:00,-1177.43242412
2018-04-17 07:13:00,-1177.43242412
2018-04-17 07:14:00,-1155.93825692
2018-04-17 07:15:00,-1166.68534052
2018-04-17 07:16:00,-1166.68534052
2018-04-17 07:17:00,-1166.68534052
2018-04-17 07:18:00,-1166.68534052
2018-04-17 07:19:00,-1155.93825692
2018-04-17 07:20:00,-1155.93825692
2018-04-17 07:21:00,-1155.93825692
2018-04-17 07:22:00,-1166.68534052
2018-04-17 07:23:00,-1166.68534052
2018-04-17 07:24:00,-1145.19117332
2018-04-17 07:25:00,-1145.19117332
2018-04-17 07:26:00,-1145.19117332
2018-04-17 07:27:00,-1145.19117332
2018-04-17 07:28:00,-1155.93825692
2018-04-17 07:29:00,-1145.19117332
2018-04-17 07:30:00,-1155.93825692
2018-04-17 07:31:00,-1155.93825692
2018-04-17 07:32:00,-1155.93825692
2018-04-17 07:33:00,-1155.93825692
2018-04-17 07:34:00,-1166.68534052
2018-04-17 07:35:00,-1155.93825692
2018-04-17 07:36:00,-1155.93825692
2018-04-17 07:37:00,-1155.93825692
2018-04-17 07:38:00,-1166.68534052
2018-04-17 07:39:00,-1166.68534052
2018-04-17 07:40:00,-1166.68534052
2018-04-17 07:41:00,-1166.68534052
2018-04-17 07:42:00,-1166.68534052
2018-04-17 07:43:00,-1166.68534052
2018-04-17 07:44:00,-1166.68534052
2018-04-17 07:45:00,-1166.68534052
2018-04-17 07:46:00,-1166.68534052
2018-04-17 07:47:00,-1166.68534052
2018-04-17 07:48:00,-1177.43242412
2018-04-17 07:49:00,-1177.43242412
2018-04-17 07:50:00,-1177.43242412
2018-04-17 07:51:00,-1177.43242412
2018-04-17 07:52:00,-1166.68534052
2018-04-17 07:53:00,-1166.68534052
2018-04-17 07:54:00,-1166.68534052
2018-04-17 07:55:00,-1166.68534052
2018-04-17 07:56:00,-1166.68534052
2018-04-17 07:57:00,-1166.68534052
2018-04-17 07:58:00,-1166.68534052
2018-04-17 07:59:00,-1166.68534052
2018-04-17 08:00:00,-1166.68534052
2018-04-17 08:01:00,-1177.43242412
2018-04-17 08:02:00,-1177.43242412
2018-04-17 08:03:00,-1177.43242412
2018-04-17 08:04:00,-1177.43242412
2018-04-17 08:05:00,-1177.43242412
2018-04-17 08:06:00,-1177.43242412
2018-04-17 08:07:00,-1177.43242412
2018-04-17 08:08:00,-1166.68534052
2018-04-17 08:09:00,-1177.43242412
2018-04-17 08:10:00,-1177.43242412
2018-04-17 08:11:00,-1166.68534052
2018-04-17 08:12:00,-1166.68534052
2018-04-17 08:13:00,-1166.68534052
2018-04-17 08:14:00,-1166.68534052
2018-04-17 08:15:00,-1166.68534052
2018-04-17 08:16:00,-1166.68534052
2018-04-17 08:17:00,-1166.68534052
2018-04-17 08:18:00,-1166.68534052
2018-04-17 08:19:00,-1166.68534052
2018-04-17 08:20:00,-1166.68534052
2018-04-17 08:21:00,-1166.68534052
2018-04-17 08:22:00,-1166.68534052
2018-04-17 08:23:00,-1166.68534052
2018-04-17 08:24:00,-1166.68534052
2018-04-17 08:25:00,-1166.68534052
2018-04-17 08:26:00,-1166.68534052
2018-04-17 08:27:00,-1166.68534052
2018-04-17 08:28:00,-1166.68534052
2018-04-17 08:29:00,-1166.68534052
2018-04-17 08:30:00,-1155.93825692
2018-04-17 08:31:00,-1155.93825692
2018-04-17 08:32:00,-1145.19117332
2018-04-17 08:33:00,-1145.19117332
2018-04-17 08:34:00,-1145.19117332
2018-04-17 08:35:00,-1155.93825692
2018-04-17 08:36:00,-1155.93825692
2018-04-17 08:37:00,-1134.44408972
2018-04-17 08:38:00,-1134.44408972
2018-04-17 08:39:00,-1145.19117332
2018-04-17 08:40:00,-1145.19117332
2018-04-17 08:41:00,-1145.19117332
2018-04-17 08:42:00,-1145.19117332
2018-04-17 08:43:00,-1145.19117332
2018-04-17 08:44:00,-1134.44408972
2018-04-17 08:45:00,-1145.19117332
2018-04-17 08:46:00,-1145.19117332
2018-04-17 08:47:00,-1145.19117332
2018-04-17 08:48:00,-1166.68534052
2018-04-17 08:49:00,-1155.93825692
2018-04-17 08:50:00,-1155.93825692
2018-04-17 08:51:00,-1145.19117332
2018-04-17 08:52:00,-1166.68534052
2018-04-17 08:53:00,-1166.68534052
2018-04-17 08:54:00,-1155.93825692
2018-04-17 08:55:00,-1145.19117332
2018-04-17 08:56:00,-1145.19117332
2018-04-17 08:57:00,-1134.44408972
2018-04-17 08:58:00,-1134.44408972
2018-04-17 08:59:00,-1134.44408972
2018-04-17 09:00:00,-1134.44408972
2018-04-17 09:01:00,-1134.44408972
2018-04-17 09:02:00,-1166.68534052
2018-04-17 09:03:00,-1166.68534052
2018-04-17 09:04:00,-1177.43242412
2018-04-17 09:05:00,-1177.43242412
2018-04-17 09:06:00,-1177.43242412
2018-04-17 09:07:00,-1188.17950772
2018-04-17 09:08:00,-1188.17950772
2018-04-17 09:09:00,-1188.17950772
2018-04-17 09:10:00,-1188.17950772
2018-04-17 09:11:00,-1188.17950772
2018-04-17 09:12:00,-1188.17950772
2018-04-17 09:13:00,-1188.17950772
2018-04-17 09:14:00,-1188.17950772
2018-04-17 09:15:00,-1188.17950772
2018-04-17 09:16:00,-1198.92659132
2018-04-17 09:17:00,-1198.92659132
2018-04-17 09:18:00,-1198.92659132
2018-04-17 09:19:00,-1198.92659132
2018-04-17 09:20:00,-1177.43242412
2018-04-17 09:21:00,-1177.43242412
2018-04-17 09:22:00,-1177.43242412
2018-04-17 09:23:00,-1177.43242412
2018-04-17 09:24:00,-1177.43242412
2018-04-17 09:25:00,-1177.43242412
2018-04-17 09:26:00,-1177.43242412
2018-04-17 09:27:00,-1177.43242412
2018-04-17 09:28:00,-1177.43242412
2018-04-17 09:29:00,-1177.43242412
2018-04-17 09:30:00,-1177.43242412
2018-04-17 09:31:00,-1177.43242412
2018-04-17 09:32:00,-1177.43242412
2018-04-17 09:33:00,-1177.43242412
2018-04-17 09:34:00,-1177.43242412
2018-04-17 09:35:00,-1177.43242412
2018-04-17 09:36:00,-1177.43242412
2018-04-17 09:37:00,-1177.43242412
2018-04-17 09:38:00,-1177.43242412
2018-04-17 09:39:00,-1177.43242412
2018-04-17 09:40:00,-1177.43242412
2018-04-17 09:41:00,-1177.43242412
2018-04-17 09:42:00,-1188.17950772
2018-04-17 09:43:00,-1177.43242412
2018-04-17 09:44:00,-1177.43242412
2018-04-17 09:45:00,-1145.19117332
2018-04-17 09:46:00,-1145.19117332
2018-04-17 09:47:00,-1134.44408972
2018-04-17 09:48:00,-1134.44408972
2018-04-17 09:49:00,-1123.69700612
2018-04-17 09:50:00,-1123.69700612
2018-04-17 09:51:00,-1134.44408972
2018-04-17 09:52:00,-1134.44408972
2018-04-17 09:53:00,-1134.44408972
2018-04-17 09:54:00,-1134.44408972
2018-04-17 09:55:00,-1134.44408972
2018-04-17 09:56:00,-1134.44408972
2018-04-17 09:57:00,-1134.44408972
2018-04-17 09:58:00,-1134.44408972
2018-04-17 09:59:00,-1134.44408972
2018-04-17 10:00:00,-1134.44408972
2018-04-17 10:01:00,-1134.44408972
2018-04-17 10:02:00,-1134.44408972
2018-04-17 10:03:00,-1145.19117332
2018-04-17 10:04:00,-1145.19117332
2018-04-17 10:05:00,-1145.19117332
2018-04-17 10:06:00,-1145.19117332
2018-04-17 10:07:00,-1155.93825692
2018-04-17 10:08:00,-1155.93825692
2018-04-17 10:09:00,-1155.93825692
2018-04-17 10:10:00,-1155.93825692
2018-04-17 10:11:00,-1155.93825692
2018-04-17 10:12:00,-1155.93825692
2018-04-17 10:13:00,-1166.68534052
2018-04-17 10:14:00,-1155.93825692
2018-04-17 10:15:00,-1145.19117332
2018-04-17 10:16:00,-1145.19117332
2018-04-17 10:17:00,-1145.19117332
2018-04-17 10:18:00,-1145.19117332
2018-04-17 10:19:00,-1145.19117332
2018-04-17 10:20:00,-1134.44408972
2018-04-17 10:21:00,-1134.44408972
2018-04-17 10:22:00,-1134.44408972
2018-04-17 10:23:00,-1134.44408972
2018-04-17 10:24:00,-1134.44408972
2018-04-17 10:25:00,-1134.44408972
2018-04-17 10:26:00,-1145.19117332
2018-04-17 10:27:00,-1145.19117332
2018-04-17 10:28:00,-1145.19117332
2018-04-17 10:29:00,-1145.19117332
2018-04-17 10:30:00,-1134.44408972
2018-04-17 10:31:00,-1134.44408972
2018-04-17 10:32:00,-1134.44408972
2018-04-17 10:33:00,-1134.44408972
2018-04-17 10:34:00,-1134.44408972
2018-04-17 10:35:00,-1134.44408972
2018-04-17 10:36:00,-1123.69700612
2018-04-17 10:37:00,-1134.44408972
2018-04-17 10:38:00,-1134.44408972
2018-04-17 10:39:00,-1134.44408972
2018-04-17 10:40:00,-1134.44408972
2018-04-17 10:41:00,-1123.69700612
2018-04-17 10:42:00,-1123.69700612
2018-04-17 10:43:00,-1123.69700612
2018-04-17 10:44:00,-1123.69700612
2018-04-17 10:45:00,-1123.69700612
2018-04-17 10:46:00,-1112.94992252
2018-04-17 10:47:00,-1134.44408972
2018-04-17 10:48:00,-1134.44408972
2018-04-17 10:49:00,-1134.44408972
2018-04-17 10:50:00,-1112.94992252
2018-04-17 10:51:00,-1112.94992252
2018-04-17 10:52:00,-1112.94992252
2018-04-17 10:53:00,-1102.20283892
2018-04-17 10:54:00,-1102.20283892
2018-04-17 10:55:00,-1102.20283892
2018-04-17 10:56:00,-1102.20283892
2018-04-17 10:57:00,-1102.20283892
2018-04-17 10:58:00,-1102.20283892
2018-04-17 10:59:00,-1102.20283892
2018-04-17 11:00:00,-1112.94992252
2018-04-17 11:01:00,-1123.69700612
2018-04-17 11:02:00,-1134.44408972
2018-04-17 11:03:00,-1134.44408972
2018-04-17 11:04:00,-1134.44408972
2018-04-17 11:05:00,-1123.69700612
2018-04-17 11:06:00,-1123.69700612
2018-04-17 11:07:00,-1112.94992252
2018-04-17 11:08:00,-1112.94992252
2018-04-17 11:09:00,-1112.94992252
2018-04-17 11:10:00,-1112.94992252
2018-04-17 11:11:00,-1134.44408972
2018-04-17 11:12:00,-1123.69700612
2018-04-17 11:13:00,-1123.69700612
2018-04-17 11:14:00,-1123.69700612
2018-04-17 11:15:00,-1123.69700612
2018-04-17 11:16:00,-1123.69700612
2018-04-17 11:17:00,-1123.69700612
2018-04-17 11:18:00,-1123.69700612
2018-04-17 11:19:00,-1123.69700612
2018-04-17 11:20:00,-1123.69700612
2018-04-17 11:21:00,-1123.69700612
2018-04-17 11:22:00,-1123.69700612
2018-04-17 11:23:00,-1123.69700612
2018-04-17 11:24:00,-1123.69700612
2018-04-17 11:25:00,-1123.69700612
2018-04-17 11:26:00,-1123.69700612
2018-04-17 11:27:00,-1102.20283892
2018-04-17 11:28:00,-1102.20283892
2018-04-17 11:29:00,-1102.20283892
2018-04-17 11:30:00,-1102.20283892
2018-04-17 11:31:00,-1102.20283892
2018-04-17 11:32:00,-1102.20283892
2018-04-17 11:33:00,-1102.20283892
2018-04-17 11:34:00,-1102.20283892
2018-04-17 11:35:00,-1102.20283892
2018-04-17 11:36:00,-1102.20283892
2018-04-17 11:37:00,-1102.20283892
2018-04-17 11:38:00,-1102.20283892
2018-04-17 11:39:00,-1102.20283892
2018-04-17 11:40:00,-1102.20283892
2018-04-17 11:41:00,-1102.20283892
2018-04-17 11:42:00,-1102.20283892
2018-04-17 11:43:00,-1102.20283892
2018-04-17 11:44:00,-1080.70867172
2018-04-17 11:45:00,-1080.70867172
2018-04-17 11:46:00,-1080.70867172
2018-04-17 11:47:00,-1102.20283892
2018-04-17 11:48:00,-1102.20283892
2018-04-17 11:49:00,-1112.94992252
2018-04-17 11:50:00,-1112.94992252
2018-04-17 11:51:00,-1112.94992252
2018-04-17 11:52:00,-1112.94992252
2018-04-17 11:53:00,-1112.94992252
2018-04-17 11:54:00,-1112.94992252
2018-04-17 11:55:00,-1102.20283892
2018-04-17 11:56:00,-1102.20283892
2018-04-17 11:57:00,-1102.20283892
2018-04-17 11:58:00,-1102.20283892
2018-04-17 11:59:00,-1102.20283892
2018-04-18 01:29:00,-940.996584916
2018-04-18 01:30:00,-940.996584916
2018-04-18 01:31:00,-940.996584916
2018-04-18 01:32:00,-1080.70867172
2018-04-18 01:33:00,-1080.70867172
2018-04-18 01:34:00,-1080.70867172
2018-04-18 01:35:00,-1080.70867172
2018-04-18 01:36:00,-1080.70867172
2018-04-18 01:37:00,-1080.70867172
2018-04-18 01:38:00,-1080.70867172
2018-04-18 01:39:00,-1080.70867172
2018-04-18 01:40:00,-1080.70867172
2018-04-18 01:41:00,-1080.70867172
2018-04-18 01:42:00,-1080.70867172
2018-04-18 01:43:00,-1080.70867172
2018-04-18 01:44:00,-1080.70867172
2018-04-18 01:45:00,-1080.70867172
2018-04-18 01:46:00,-1080.70867172
2018-04-18 01:47:00,-1091.45575532
2018-04-18 01:48:00,-1091.45575532
2018-04-18 01:49:00,-1091.45575532
2018-04-18 01:50:00,-1091.45575532
2018-04-18 01:51:00,-1080.70867172
2018-04-18 01:52:00,-1091.45575532
2018-04-18 01:53:00,-1091.45575532
2018-04-18 01:54:00,-1091.45575532
2018-04-18 01:55:00,-1091.45575532
2018-04-18 01:56:00,-1080.70867172
2018-04-18 01:57:00,-1080.70867172
2018-04-18 01:58:00,-1069.96158812
2018-04-18 01:59:00,-1069.96158812
2018-04-18 02:00:00,-1080.70867172
2018-04-18 02:01:00,-1069.96158812
2018-04-18 02:02:00,-1069.96158812
2018-04-18 02:03:00,-1080.70867172
2018-04-18 02:04:00,-1069.96158812
2018-04-18 02:05:00,-1069.96158812
2018-04-18 02:06:00,-1080.70867172
2018-04-18 02:07:00,-1059.21450452
2018-04-18 02:08:00,-1059.21450452
2018-04-18 02:09:00,-1059.21450452
2018-04-18 02:10:00,-1069.96158812
2018-04-18 02:11:00,-1069.96158812
2018-04-18 02:12:00,-1059.21450452
2018-04-18 02:13:00,-1069.96158812
2018-04-18 02:14:00,-1069.96158812
2018-04-18 02:15:00,-1059.21450452
2018-04-18 02:16:00,-1069.96158812
2018-04-18 02:17:00,-1059.21450452
2018-04-18 02:18:00,-1069.96158812
2018-04-18 02:19:00,-1069.96158812
2018-04-18 02:20:00,-1069.96158812
2018-04-18 02:21:00,-1048.46742092
2018-04-18 02:22:00,-1037.72033732
2018-04-18 02:23:00,-1048.46742092
2018-04-18 02:24:00,-1037.72033732
2018-04-18 02:25:00,-1037.72033732
2018-04-18 02:26:00,-1026.97325372
2018-04-18 02:27:00,-1037.72033732
2018-04-18 02:28:00,-1026.97325372
2018-04-18 02:29:00,-1026.97325372
2018-04-18 02:30:00,-1037.72033732
2018-04-18 02:31:00,-1037.72033732
2018-04-18 02:32:00,-1026.97325372
2018-04-18 02:33:00,-1005.47908652
2018-04-18 02:34:00,-1026.97325372
2018-04-18 02:35:00,-1026.97325372
2018-04-18 02:36:00,-1016.22617012
2018-04-18 02:37:00,-1016.22617012
2018-04-18 02:38:00,-1016.22617012
2018-04-18 02:39:00,-1016.22617012
2018-04-18 02:40:00,-1016.22617012
2018-04-18 02:41:00,-1016.22617012
2018-04-18 02:42:00,-1037.72033732
2018-04-18 02:43:00,-1037.72033732
2018-04-18 02:44:00,-1037.72033732
2018-04-18 02:45:00,-1037.72033732
2018-04-18 02:46:00,-1026.97325372
2018-04-18 02:47:00,-1026.97325372
2018-04-18 02:48:00,-1026.97325372
2018-04-18 02:49:00,-1037.72033732
2018-04-18 02:50:00,-1026.97325372
2018-04-18 02:51:00,-1026.97325372
2018-04-18 02:52:00,-1026.97325372
2018-04-18 02:53:00,-1026.97325372
2018-04-18 02:54:00,-1026.97325372
2018-04-18 02:55:00,-1059.21450452
2018-04-18 02:56:00,-1059.21450452
2018-04-18 02:57:00,-1059.21450452
2018-04-18 02:58:00,-1080.70867172
2018-04-18 02:59:00,-1080.70867172
2018-04-18 03:00:00,-1080.70867172
2018-04-18 03:01:00,-1059.21450452
2018-04-18 03:02:00,-1059.21450452
2018-04-18 03:03:00,-1059.21450452
2018-04-18 03:04:00,-1059.21450452
2018-04-18 03:05:00,-1059.21450452
2018-04-18 03:06:00,-1037.72033732
2018-04-18 03:07:00,-1026.97325372
2018-04-18 03:08:00,-1026.97325372
2018-04-18 03:09:00,-1026.97325372
2018-04-18 03:10:00,-1005.47908652
2018-04-18 03:11:00,-1005.47908652
2018-04-18 03:12:00,-1005.47908652
2018-04-18 03:13:00,-1005.47908652
2018-04-18 03:14:00,-1005.47908652
2018-04-18 03:15:00,-1005.47908652
2018-04-18 03:16:00,-994.732002916
2018-04-18 03:17:00,-994.732002916
2018-04-18 03:18:00,-994.732002916
2018-04-18 03:19:00,-994.732002916
2018-04-18 03:20:00,-994.732002916
2018-04-18 03:21:00,-994.732002916
2018-04-18 03:22:00,-994.732002916
2018-04-18 03:23:00,-1005.47908652
2018-04-18 03:24:00,-1026.97325372
2018-04-18 03:25:00,-1026.97325372
2018-04-18 03:26:00,-1037.72033732
2018-04-18 03:27:00,-1026.97325372
2018-04-18 03:28:00,-1026.97325372
2018-04-18 03:29:00,-1016.22617012
2018-04-18 03:30:00,-833.525748916
2018-04-18 03:31:00,-822.778665316
2018-04-18 03:32:00,-833.525748916
2018-04-18 03:33:00,-801.284498116
2018-04-18 03:34:00,-833.525748916
2018-04-18 03:35:00,-758.296163716
2018-04-18 03:36:00,-758.296163716
2018-04-18 03:37:00,-672.319494916
2018-04-18 03:38:00,-683.066578516
2018-04-18 03:39:00,-683.066578516
2018-04-18 03:40:00,-693.813662116
2018-04-18 03:41:00,-618.584076916
2018-04-18 03:42:00,-618.584076916
2018-04-18 03:43:00,-543.354491716
2018-04-18 03:44:00,-564.848658916
2018-04-18 03:45:00,-564.848658916
2018-04-18 03:46:00,-575.595742516
2018-04-18 03:47:00,-575.595742516
2018-04-18 03:48:00,-586.342826116
2018-04-18 03:49:00,-597.089909716
2018-04-18 03:50:00,-597.089909716
2018-04-18 03:51:00,-597.089909716
2018-04-18 03:52:00,-597.089909716
2018-04-18 03:53:00,-597.089909716
2018-04-18 03:54:00,-607.836993316
2018-04-18 03:55:00,-640.078244116
2018-04-18 03:56:00,-640.078244116
2018-04-18 03:57:00,-640.078244116
2018-04-18 03:58:00,-640.078244116
2018-04-18 03:59:00,-640.078244116
2018-04-18 04:00:00,-618.584076916
2018-04-18 04:01:00,-586.342826116
2018-04-18 04:02:00,-618.584076916
2018-04-18 04:03:00,-640.078244116
2018-04-18 04:04:00,-629.331160516
2018-04-18 04:05:00,-629.331160516
2018-04-18 04:06:00,-629.331160516
2018-04-18 04:07:00,-629.331160516
2018-04-18 04:08:00,-629.331160516
2018-04-18 04:09:00,-640.078244116
2018-04-18 04:10:00,-640.078244116
2018-04-18 04:11:00,-629.331160516
2018-04-18 04:12:00,-629.331160516
2018-04-18 04:13:00,-618.584076916
2018-04-18 04:14:00,-607.836993316
2018-04-18 04:15:00,-618.584076916
2018-04-18 04:16:00,-607.836993316
2018-04-18 04:17:00,-607.836993316
2018-04-18 04:18:00,-618.584076916
2018-04-18 04:19:00,-629.331160516
2018-04-18 04:20:00,-629.331160516
2018-04-18 04:21:00,-629.331160516
2018-04-18 04:22:00,-640.078244116
2018-04-18 04:23:00,-640.078244116
2018-04-18 04:24:00,-661.572411316
2018-04-18 04:25:00,-661.572411316
2018-04-18 04:26:00,-650.825327716
2018-04-18 04:27:00,-650.825327716
2018-04-18 04:28:00,-661.572411316
2018-04-18 04:29:00,-661.572411316
2018-04-18 04:30:00,-661.572411316
2018-04-18 04:31:00,-661.572411316
2018-04-18 04:32:00,-661.572411316
2018-04-18 04:33:00,-661.572411316
2018-04-18 04:34:00,-661.572411316
2018-04-18 04:35:00,-661.572411316
2018-04-18 04:36:00,-661.572411316
2018-04-18 04:37:00,-661.572411316
2018-04-18 04:38:00,-661.572411316
2018-04-18 04:39:00,-661.572411316
2018-04-18 04:40:00,-661.572411316
2018-04-18 04:41:00,-661.572411316
2018-04-18 04:42:00,-661.572411316
2018-04-18 04:43:00,-661.572411316
2018-04-18 04:44:00,-661.572411316
2018-04-18 04:45:00,-661.572411316
2018-04-18 04:46:00,-661.572411316
2018-04-18 04:47:00,-661.572411316
2018-04-18 04:48:00,-640.078244116
2018-04-18 04:49:00,-640.078244116
2018-04-18 04:50:00,-650.825327716
2018-04-18 04:51:00,-640.078244116
2018-04-18 04:52:00,-640.078244116
2018-04-18 04:53:00,-640.078244116
2018-04-18 04:54:00,-650.825327716
2018-04-18 04:55:00,-650.825327716
2018-04-18 04:56:00,-650.825327716
2018-04-18 04:57:00,-650.825327716
2018-04-18 04:58:00,-640.078244116
2018-04-18 04:59:00,-650.825327716
2018-04-18 05:00:00,-650.825327716
2018-04-18 05:01:00,-640.078244116
2018-04-18 05:02:00,-640.078244116
2018-04-18 05:03:00,-661.572411316
2018-04-18 05:04:00,-661.572411316
2018-04-18 05:05:00,-661.572411316
2018-04-18 05:06:00,-661.572411316
2018-04-18 05:07:00,-661.572411316
2018-04-18 05:08:00,-661.572411316
2018-04-18 05:09:00,-661.572411316
2018-04-18 05:10:00,-661.572411316
2018-04-18 05:11:00,-661.572411316
2018-04-18 05:12:00,-661.572411316
2018-04-18 05:13:00,-661.572411316
2018-04-18 05:14:00,-640.078244116
2018-04-18 05:15:00,-640.078244116
2018-04-18 05:16:00,-640.078244116
2018-04-18 05:17:00,-640.078244116
2018-04-18 05:18:00,-618.584076916
2018-04-18 05:19:00,-618.584076916
2018-04-18 05:20:00,-618.584076916
2018-04-18 05:21:00,-607.836993316
2018-04-18 05:22:00,-597.089909716
2018-04-18 05:23:00,-597.089909716
2018-04-18 05:24:00,-597.089909716
2018-04-18 05:25:00,-575.595742516
2018-04-18 05:26:00,-575.595742516
2018-04-18 05:27:00,-586.342826116
2018-04-18 05:28:00,-597.089909716
2018-04-18 05:29:00,-597.089909716
2018-04-18 05:30:00,-597.089909716
2018-04-18 05:31:00,-597.089909716
2018-04-18 05:32:00,-629.331160516
2018-04-18 05:33:00,-650.825327716
2018-04-18 05:34:00,-661.572411316
2018-04-18 05:35:00,-661.572411316
2018-04-18 05:36:00,-661.572411316
2018-04-18 05:37:00,-650.825327716
2018-04-18 05:38:00,-650.825327716
2018-04-18 05:39:00,-661.572411316
2018-04-18 05:40:00,-661.572411316
2018-04-18 05:41:00,-693.813662116
2018-04-18 05:42:00,-715.307829316
2018-04-18 05:43:00,-715.307829316
2018-04-18 05:44:00,-715.307829316
2018-04-18 05:45:00,-715.307829316
2018-04-18 05:46:00,-683.066578516
2018-04-18 05:47:00,-683.066578516
2018-04-18 05:48:00,-715.307829316
2018-04-18 05:49:00,-747.549080116
2018-04-18 05:50:00,-769.043247316
2018-04-18 05:51:00,-747.549080116
2018-04-18 05:52:00,-758.296163716
2018-04-18 05:53:00,-769.043247316
2018-04-18 05:54:00,-779.790330916
2018-04-18 05:55:00,-844.272832516
2018-04-18 05:56:00,-844.272832516
2018-04-18 05:57:00,-822.778665316
2018-04-18 05:58:00,-822.778665316
2018-04-18 05:59:00,-833.525748916
2018-04-18 06:00:00,-812.031581716
2018-04-18 06:01:00,-790.537414516
2018-04-18 06:02:00,-790.537414516
2018-04-18 06:03:00,-790.537414516
2018-04-18 06:04:00,-790.537414516
2018-04-18 06:05:00,-790.537414516
2018-04-18 06:06:00,-812.031581716
2018-04-18 06:07:00,-790.537414516
2018-04-18 06:08:00,-790.537414516
2018-04-18 06:09:00,-790.537414516
2018-04-18 06:10:00,-790.537414516
2018-04-18 06:11:00,-790.537414516
2018-04-18 06:12:00,-790.537414516
2018-04-18 06:13:00,-769.043247316
2018-04-18 06:14:00,-769.043247316
2018-04-18 06:15:00,-769.043247316
2018-04-18 06:16:00,-769.043247316
2018-04-18 06:17:00,-769.043247316
2018-04-18 06:18:00,-769.043247316
2018-04-18 06:19:00,-758.296163716
2018-04-18 06:20:00,-758.296163716
2018-04-18 06:21:00,-758.296163716
2018-04-18 06:22:00,-758.296163716
2018-04-18 06:23:00,-758.296163716
2018-04-18 06:24:00,-758.296163716
2018-04-18 06:25:00,-758.296163716
2018-04-18 06:26:00,-736.801996516
2018-04-18 06:27:00,-736.801996516
2018-04-18 06:28:00,-736.801996516
2018-04-18 06:29:00,-704.560745716
2018-04-18 06:30:00,-704.560745716
2018-04-18 06:31:00,-704.560745716
2018-04-18 06:32:00,-693.813662116
2018-04-18 06:33:00,-693.813662116
2018-04-18 06:34:00,-693.813662116
2018-04-18 06:35:00,-693.813662116
2018-04-18 06:36:00,-693.813662116
2018-04-18 06:37:00,-693.813662116
2018-04-18 06:38:00,-683.066578516
2018-04-18 06:39:00,-683.066578516
2018-04-18 06:40:00,-683.066578516
2018-04-18 06:41:00,-683.066578516
2018-04-18 06:42:00,-683.066578516
2018-04-18 06:43:00,-683.066578516
2018-04-18 06:44:00,-704.560745716
2018-04-18 06:45:00,-704.560745716
2018-04-18 06:46:00,-704.560745716
2018-04-18 06:47:00,-704.560745716
2018-04-18 06:48:00,-704.560745716
2018-04-18 06:49:00,-704.560745716
2018-04-18 06:50:00,-704.560745716
2018-04-18 06:51:00,-715.307829316
2018-04-18 06:52:00,-715.307829316
2018-04-18 06:53:00,-715.307829316
2018-04-18 06:54:00,-736.801996516
2018-04-18 06:55:00,-736.801996516
2018-04-18 06:56:00,-736.801996516
2018-04-18 06:57:00,-747.549080116
2018-04-18 06:58:00,-747.549080116
2018-04-18 06:59:00,-747.549080116
2018-04-18 07:00:00,-747.549080116
2018-04-18 07:01:00,-704.560745716
2018-04-18 07:02:00,-715.307829316
2018-04-18 07:03:00,-736.801996516
2018-04-18 07:04:00,-715.307829316
2018-04-18 07:05:00,-715.307829316
2018-04-18 07:06:00,-715.307829316
2018-04-18 07:07:00,-715.307829316
2018-04-18 07:08:00,-715.307829316
2018-04-18 07:09:00,-715.307829316
2018-04-18 07:10:00,-715.307829316
2018-04-18 07:11:00,-715.307829316
2018-04-18 07:12:00,-715.307829316
2018-04-18 07:13:00,-715.307829316
2018-04-18 07:14:00,-715.307829316
2018-04-18 07:15:00,-715.307829316
2018-04-18 07:16:00,-715.307829316
2018-04-18 07:17:00,-747.549080116
2018-04-18 07:18:00,-747.549080116
2018-04-18 07:19:00,-747.549080116
2018-04-18 07:20:00,-736.801996516
2018-04-18 07:21:00,-736.801996516
2018-04-18 07:22:00,-747.549080116
2018-04-18 07:23:00,-747.549080116
2018-04-18 07:24:00,-747.549080116
2018-04-18 07:25:00,-758.296163716
2018-04-18 07:26:00,-769.043247316
2018-04-18 07:27:00,-769.043247316
2018-04-18 07:28:00,-758.296163716
2018-04-18 07:29:00,-758.296163716
2018-04-18 07:30:00,-779.790330916
2018-04-18 07:31:00,-779.790330916
2018-04-18 07:32:00,-779.790330916
2018-04-18 07:33:00,-779.790330916
2018-04-18 07:34:00,-779.790330916
2018-04-18 07:35:00,-779.790330916
2018-04-18 07:36:00,-779.790330916
2018-04-18 07:37:00,-779.790330916
2018-04-18 07:38:00,-779.790330916
2018-04-18 07:39:00,-779.790330916
2018-04-18 07:40:00,-769.043247316
2018-04-18 07:41:00,-758.296163716
2018-04-18 07:42:00,-769.043247316
2018-04-18 07:43:00,-769.043247316
2018-04-18 07:44:00,-769.043247316
2018-04-18 07:45:00,-769.043247316
2018-04-18 07:46:00,-769.043247316
2018-04-18 07:47:00,-769.043247316
2018-04-18 07:48:00,-769.043247316
2018-04-18 07:49:00,-747.549080116
2018-04-18 07:50:00,-747.549080116
2018-04-18 07:51:00,-758.296163716
2018-04-18 07:52:00,-769.043247316
2018-04-18 07:53:00,-769.043247316
2018-04-18 07:54:00,-758.296163716
2018-04-18 07:55:00,-769.043247316
2018-04-18 07:56:00,-769.043247316
2018-04-18 07:57:00,-769.043247316
2018-04-18 07:58:00,-769.043247316
2018-04-18 07:59:00,-769.043247316
2018-04-18 08:00:00,-769.043247316
2018-04-18 08:01:00,-769.043247316
2018-04-18 08:02:00,-769.043247316
2018-04-18 08:03:00,-769.043247316
2018-04-18 08:04:00,-769.043247316
2018-04-18 08:05:00,-769.043247316
2018-04-18 08:06:00,-747.549080116
2018-04-18 08:07:00,-747.549080116
2018-04-18 08:08:00,-747.549080116
2018-04-18 08:09:00,-747.549080116
2018-04-18 08:10:00,-747.549080116
2018-04-18 08:11:00,-747.549080116
2018-04-18 08:12:00,-747.549080116
2018-04-18 08:13:00,-747.549080116
2018-04-18 08:14:00,-747.549080116
2018-04-18 08:15:00,-747.549080116
2018-04-18 08:16:00,-747.549080116
2018-04-18 08:17:00,-747.549080116
2018-04-18 08:18:00,-747.549080116
2018-04-18 08:19:00,-747.549080116
2018-04-18 08:20:00,-747.549080116
2018-04-18 08:21:00,-747.549080116
2018-04-18 08:22:00,-747.549080116
2018-04-18 08:23:00,-747.549080116
2018-04-18 08:24:00,-747.549080116
2018-04-18 08:25:00,-736.801996516
2018-04-18 08:26:00,-736.801996516
2018-04-18 08:27:00,-736.801996516
2018-04-18 08:28:00,-736.801996516
2018-04-18 08:29:00,-747.549080116
2018-04-18 08:30:00,-747.549080116
2018-04-18 08:31:00,-747.549080116
2018-04-18 08:32:00,-747.549080116
2018-04-18 08:33:00,-747.549080116
2018-04-18 08:34:00,-747.549080116
2018-04-18 08:35:00,-747.549080116
2018-04-18 08:36:00,-769.043247316
2018-04-18 08:37:00,-758.296163716
2018-04-18 08:38:00,-758.296163716
2018-04-18 08:39:00,-758.296163716
2018-04-18 08:40:00,-758.296163716
2018-04-18 08:41:00,-758.296163716
2018-04-18 08:42:00,-758.296163716
2018-04-18 08:43:00,-758.296163716
2018-04-18 08:44:00,-758.296163716
2018-04-18 08:45:00,-758.296163716
2018-04-18 08:46:00,-758.296163716
2018-04-18 08:47:00,-758.296163716
2018-04-18 08:48:00,-769.043247316
2018-04-18 08:49:00,-769.043247316
2018-04-18 08:50:00,-769.043247316
2018-04-18 08:51:00,-790.537414516
2018-04-18 08:52:00,-790.537414516
2018-04-18 08:53:00,-790.537414516
2018-04-18 08:54:00,-790.537414516
2018-04-18 08:55:00,-790.537414516
2018-04-18 08:56:00,-790.537414516
2018-04-18 08:57:00,-790.537414516
2018-04-18 08:58:00,-790.537414516
2018-04-18 08:59:00,-790.537414516
2018-04-18 09:00:00,-790.537414516
2018-04-18 09:01:00,-790.537414516
2018-04-18 09:02:00,-779.790330916
2018-04-18 09:03:00,-769.043247316
2018-04-18 09:04:00,-769.043247316
2018-04-18 09:05:00,-769.043247316
2018-04-18 09:06:00,-758.296163716
2018-04-18 09:07:00,-747.549080116
2018-04-18 09:08:00,-758.296163716
2018-04-18 09:09:00,-758.296163716
2018-04-18 09:10:00,-758.296163716
2018-04-18 09:11:00,-747.549080116
2018-04-18 09:12:00,-747.549080116
2018-04-18 09:13:00,-747.549080116
2018-04-18 09:14:00,-747.549080116
2018-04-18 09:15:00,-747.549080116
2018-04-18 09:16:00,-747.549080116
2018-04-18 09:17:00,-747.549080116
2018-04-18 09:18:00,-747.549080116
2018-04-18 09:19:00,-747.549080116
2018-04-18 09:20:00,-747.549080116
2018-04-18 09:21:00,-747.549080116
2018-04-18 09:22:00,-747.549080116
2018-04-18 09:23:00,-736.801996516
2018-04-18 09:24:00,-747.549080116
2018-04-18 09:25:00,-747.549080116
2018-04-18 09:26:00,-747.549080116
2018-04-18 09:27:00,-747.549080116
2018-04-18 09:28:00,-736.801996516
2018-04-18 09:29:00,-736.801996516
2018-04-18 09:30:00,-736.801996516
2018-04-18 09:31:00,-736.801996516
2018-04-18 09:32:00,-747.549080116
2018-04-18 09:33:00,-736.801996516
2018-04-18 09:34:00,-736.801996516
2018-04-18 09:35:00,-790.537414516
2018-04-18 09:36:00,-790.537414516
2018-04-18 09:37:00,-790.537414516
2018-04-18 09:38:00,-801.284498116
2018-04-18 09:39:00,-812.031581716
2018-04-18 09:40:00,-812.031581716
2018-04-18 09:41:00,-812.031581716
2018-04-18 09:42:00,-812.031581716
2018-04-18 09:43:00,-812.031581716
2018-04-18 09:44:00,-812.031581716
2018-04-18 09:45:00,-812.031581716
2018-04-18 09:46:00,-822.778665316
2018-04-18 09:47:00,-833.525748916
2018-04-18 09:48:00,-833.525748916
2018-04-18 09:49:00,-833.525748916
2018-04-18 09:50:00,-833.525748916
2018-04-18 09:51:00,-833.525748916
2018-04-18 09:52:00,-801.284498116
2018-04-18 09:53:00,-801.284498116
2018-04-18 09:54:00,-801.284498116
2018-04-18 09:55:00,-812.031581716
2018-04-18 09:56:00,-812.031581716
2018-04-18 09:57:00,-812.031581716
2018-04-18 09:58:00,-822.778665316
2018-04-18 09:59:00,-822.778665316
2018-04-18 10:00:00,-822.778665316
2018-04-18 10:01:00,-812.031581716
2018-04-18 10:02:00,-801.284498116
2018-04-18 10:03:00,-822.778665316
2018-04-18 10:04:00,-833.525748916
2018-04-18 10:05:00,-833.525748916
2018-04-18 10:06:00,-833.525748916
2018-04-18 10:07:00,-833.525748916
2018-04-18 10:08:00,-833.525748916
2018-04-18 10:09:00,-833.525748916
2018-04-18 10:10:00,-833.525748916
2018-04-18 10:11:00,-833.525748916
2018-04-18 10:12:00,-833.525748916
2018-04-18 10:13:00,-833.525748916
2018-04-18 10:14:00,-833.525748916
2018-04-18 10:15:00,-833.525748916
2018-04-18 10:16:00,-833.525748916
2018-04-18 10:17:00,-833.525748916
2018-04-18 10:18:00,-833.525748916
2018-04-18 10:19:00,-833.525748916
2018-04-18 10:20:00,-833.525748916
2018-04-18 10:21:00,-833.525748916
2018-04-18 10:22:00,-801.284498116
2018-04-18 10:23:00,-801.284498116
2018-04-18 10:24:00,-801.284498116
2018-04-18 10:25:00,-801.284498116
2018-04-18 10:26:00,-801.284498116
2018-04-18 10:27:00,-801.284498116
2018-04-18 10:28:00,-801.284498116
2018-04-18 10:29:00,-801.284498116
2018-04-18 10:30:00,-801.284498116
2018-04-18 10:31:00,-801.284498116
2018-04-18 10:32:00,-812.031581716
2018-04-18 10:33:00,-812.031581716
2018-04-18 10:34:00,-822.778665316
2018-04-18 10:35:00,-822.778665316
2018-04-18 10:36:00,-812.031581716
2018-04-18 10:37:00,-822.778665316
2018-04-18 10:38:00,-822.778665316
2018-04-18 10:39:00,-822.778665316
2018-04-18 10:40:00,-822.778665316
2018-04-18 10:41:00,-833.525748916
2018-04-18 10:42:00,-833.525748916
2018-04-18 10:43:00,-822.778665316
2018-04-18 10:44:00,-812.031581716
2018-04-18 10:45:00,-812.031581716
2018-04-18 10:46:00,-812.031581716
2018-04-18 10:47:00,-812.031581716
2018-04-18 10:48:00,-833.525748916
2018-04-18 10:49:00,-833.525748916
2018-04-18 10:50:00,-833.525748916
2018-04-18 10:51:00,-833.525748916
2018-04-18 10:52:00,-833.525748916
2018-04-18 10:53:00,-833.525748916
2018-04-18 10:54:00,-833.525748916
2018-04-18 10:55:00,-833.525748916
2018-04-18 10:56:00,-833.525748916
2018-04-18 10:57:00,-833.525748916
2018-04-18 10:58:00,-833.525748916
2018-04-18 10:59:00,-833.525748916
2018-04-18 11:00:00,-844.272832516
2018-04-18 11:01:00,-833.525748916
2018-04-18 11:02:00,-833.525748916
2018-04-18 11:03:00,-844.272832516
2018-04-18 11:04:00,-844.272832516
2018-04-18 11:05:00,-844.272832516
2018-04-18 11:06:00,-855.019916116
2018-04-18 11:07:00,-855.019916116
2018-04-18 11:08:00,-855.019916116
2018-04-18 11:09:00,-844.272832516
2018-04-18 11:10:00,-844.272832516
2018-04-18 11:11:00,-844.272832516
2018-04-18 11:12:00,-844.272832516
2018-04-18 11:13:00,-865.766999716
2018-04-18 11:14:00,-865.766999716
2018-04-18 11:15:00,-865.766999716
2018-04-18 11:16:00,-833.525748916
2018-04-18 11:17:00,-865.766999716
2018-04-18 11:18:00,-865.766999716
2018-04-18 11:19:00,-865.766999716
2018-04-18 11:20:00,-855.019916116
2018-04-18 11:21:00,-844.272832516
2018-04-18 11:22:00,-844.272832516
2018-04-18 11:23:00,-844.272832516
2018-04-18 11:24:00,-844.272832516
2018-04-18 11:25:00,-844.272832516
2018-04-18 11:26:00,-844.272832516
2018-04-18 11:27:00,-844.272832516
2018-04-18 11:28:00,-844.272832516
2018-04-18 11:29:00,-844.272832516
2018-04-18 11:30:00,-844.272832516
2018-04-18 11:31:00,-833.525748916
2018-04-18 11:32:00,-833.525748916
2018-04-18 11:33:00,-833.525748916
2018-04-18 11:34:00,-833.525748916
2018-04-18 11:35:00,-833.525748916
2018-04-18 11:36:00,-833.525748916
2018-04-18 11:37:00,-833.525748916
2018-04-18 11:38:00,-833.525748916
2018-04-18 11:39:00,-833.525748916
2018-04-18 11:40:00,-833.525748916
2018-04-18 11:41:00,-833.525748916
2018-04-18 11:42:00,-833.525748916
2018-04-18 11:43:00,-833.525748916
2018-04-18 11:44:00,-833.525748916
2018-04-18 11:45:00,-833.525748916
2018-04-18 11:46:00,-833.525748916
2018-04-18 11:47:00,-833.525748916
2018-04-18 11:48:00,-822.778665316
2018-04-18 11:49:00,-822.778665316
2018-04-18 11:50:00,-822.778665316
2018-04-18 11:51:00,-822.778665316
2018-04-18 11:52:00,-801.284498116
2018-04-18 11:53:00,-801.284498116
2018-04-18 11:54:00,-801.284498116
2018-04-18 11:55:00,-801.284498116
2018-04-18 11:56:00,-801.284498116
2018-04-18 11:57:00,-801.284498116
2018-04-18 11:58:00,-779.790330916
2018-04-18 11:59:00,-801.284498116
2018-04-19 01:29:00,-543.353631949
2018-04-19 01:30:00,-543.353631949
2018-04-19 01:31:00,-543.353631949
2018-04-19 01:32:00,-543.353631949
2018-04-19 01:33:00,-543.353631949
2018-04-19 01:34:00,-822.777805549
2018-04-19 01:35:00,-812.030721949
2018-04-19 01:36:00,-801.283638349
2018-04-19 01:37:00,-801.283638349
2018-04-19 01:38:00,-801.283638349
2018-04-19 01:39:00,-801.283638349
2018-04-19 01:40:00,-812.030721949
2018-04-19 01:41:00,-812.030721949
2018-04-19 01:42:00,-812.030721949
2018-04-19 01:43:00,-812.030721949
2018-04-19 01:44:00,-812.030721949
2018-04-19 01:45:00,-812.030721949
2018-04-19 01:46:00,-801.283638349
2018-04-19 01:47:00,-801.283638349
2018-04-19 01:48:00,-801.283638349
2018-04-19 01:49:00,-801.283638349
2018-04-19 01:50:00,-801.283638349
2018-04-19 01:51:00,-801.283638349
2018-04-19 01:52:00,-779.789471149
2018-04-19 01:53:00,-779.789471149
2018-04-19 01:54:00,-779.789471149
2018-04-19 01:55:00,-779.789471149
2018-04-19 01:56:00,-779.789471149
2018-04-19 01:57:00,-779.789471149
2018-04-19 01:58:00,-812.030721949
2018-04-19 01:59:00,-812.030721949
2018-04-19 02:00:00,-812.030721949
2018-04-19 02:01:00,-833.524889149
2018-04-19 02:02:00,-833.524889149
2018-04-19 02:03:00,-844.271972749
2018-04-19 02:04:00,-844.271972749
2018-04-19 02:05:00,-844.271972749
2018-04-19 02:06:00,-833.524889149
2018-04-19 02:07:00,-855.019056349
2018-04-19 02:08:00,-844.271972749
2018-04-19 02:09:00,-844.271972749
2018-04-19 02:10:00,-833.524889149
2018-04-19 02:11:00,-855.019056349
2018-04-19 02:12:00,-855.019056349
2018-04-19 02:13:00,-844.271972749
2018-04-19 02:14:00,-844.271972749
2018-04-19 02:15:00,-844.271972749
2018-04-19 02:16:00,-844.271972749
2018-04-19 02:17:00,-833.524889149
2018-04-19 02:18:00,-833.524889149
2018-04-19 02:19:00,-833.524889149
2018-04-19 02:20:00,-844.271972749
2018-04-19 02:21:00,-844.271972749
2018-04-19 02:22:00,-844.271972749
2018-04-19 02:23:00,-844.271972749
2018-04-19 02:24:00,-844.271972749
2018-04-19 02:25:00,-844.271972749
2018-04-19 02:26:00,-844.271972749
2018-04-19 02:27:00,-833.524889149
2018-04-19 02:28:00,-822.777805549
2018-04-19 02:29:00,-812.030721949
2018-04-19 02:30:00,-833.524889149
2018-04-19 02:31:00,-833.524889149
2018-04-19 02:32:00,-855.019056349
2018-04-19 02:33:00,-855.019056349
2018-04-19 02:34:00,-855.019056349
2018-04-19 02:35:00,-855.019056349
2018-04-19 02:36:00,-855.019056349
2018-04-19 02:37:00,-855.019056349
2018-04-19 02:38:00,-887.260307149
2018-04-19 02:39:00,-887.260307149
2018-04-19 02:40:00,-887.260307149
2018-04-19 02:41:00,-887.260307149
2018-04-19 02:42:00,-898.007390749
2018-04-19 02:43:00,-887.260307149
2018-04-19 02:44:00,-844.271972749
2018-04-19 02:45:00,-844.271972749
2018-04-19 02:46:00,-833.524889149
2018-04-19 02:47:00,-822.777805549
2018-04-19 02:48:00,-822.777805549
2018-04-19 02:49:00,-822.777805549
2018-04-19 02:50:00,-822.777805549
2018-04-19 02:51:00,-812.030721949
2018-04-19 02:52:00,-812.030721949
2018-04-19 02:53:00,-812.030721949
2018-04-19 02:54:00,-812.030721949
2018-04-19 02:55:00,-812.030721949
2018-04-19 02:56:00,-833.524889149
2018-04-19 02:57:00,-833.524889149
2018-04-19 02:58:00,-833.524889149
2018-04-19 02:59:00,-833.524889149
2018-04-19 03:00:00,-833.524889149
2018-04-19 03:01:00,-833.524889149
2018-04-19 03:02:00,-833.524889149
2018-04-19 03:03:00,-812.030721949
2018-04-19 03:04:00,-822.777805549
2018-04-19 03:05:00,-833.524889149
2018-04-19 03:06:00,-833.524889149
2018-04-19 03:07:00,-833.524889149
2018-04-19 03:08:00,-833.524889149
2018-04-19 03:09:00,-865.766139949
2018-04-19 03:10:00,-865.766139949
2018-04-19 03:11:00,-865.766139949
2018-04-19 03:12:00,-865.766139949
2018-04-19 03:13:00,-865.766139949
2018-04-19 03:14:00,-876.513223549
2018-04-19 03:15:00,-876.513223549
2018-04-19 03:16:00,-887.260307149
2018-04-19 03:17:00,-887.260307149
2018-04-19 03:18:00,-887.260307149
2018-04-19 03:19:00,-876.513223549
2018-04-19 03:20:00,-887.260307149
2018-04-19 03:21:00,-876.513223549
2018-04-19 03:22:00,-876.513223549
2018-04-19 03:23:00,-898.007390749
2018-04-19 03:24:00,-876.513223549
2018-04-19 03:25:00,-898.007390749
2018-04-19 03:26:00,-898.007390749
2018-04-19 03:27:00,-898.007390749
2018-04-19 03:28:00,-898.007390749
2018-04-19 03:29:00,-865.766139949
2018-04-19 03:30:00,-833.524889149
2018-04-19 03:31:00,-865.766139949
2018-04-19 03:32:00,-855.019056349
2018-04-19 03:33:00,-855.019056349
2018-04-19 03:34:00,-855.019056349
2018-04-19 03:35:00,-919.501557949
2018-04-19 03:36:00,-919.501557949
2018-04-19 03:37:00,-940.995725149
2018-04-19 03:38:00,-940.995725149
2018-04-19 03:39:00,-940.995725149
2018-04-19 03:40:00,-962.489892349
2018-04-19 03:41:00,-940.995725149
2018-04-19 03:42:00,-940.995725149
2018-04-19 03:43:00,-983.984059549
2018-04-19 03:44:00,-983.984059549
2018-04-19 03:45:00,-1005.47822675
2018-04-19 03:46:00,-1005.47822675
2018-04-19 03:47:00,-994.731143149
2018-04-19 03:48:00,-962.489892349
2018-04-19 03:49:00,-940.995725149
2018-04-19 03:50:00,-930.248641549
2018-04-19 03:51:00,-940.995725149
2018-04-19 03:52:00,-973.236975949
2018-04-19 03:53:00,-962.489892349
2018-04-19 03:54:00,-962.489892349
2018-04-19 03:55:00,-973.236975949
2018-04-19 03:56:00,-962.489892349
2018-04-19 03:57:00,-951.742808749
2018-04-19 03:58:00,-973.236975949
2018-04-19 03:59:00,-973.236975949
2018-04-19 04:00:00,-973.236975949
2018-04-19 04:01:00,-962.489892349
2018-04-19 04:02:00,-962.489892349
2018-04-19 04:03:00,-951.742808749
2018-04-19 04:04:00,-973.236975949
2018-04-19 04:05:00,-973.236975949
2018-04-19 04:06:00,-973.236975949
2018-04-19 04:07:00,-973.236975949
2018-04-19 04:08:00,-994.731143149
2018-04-19 04:09:00,-983.984059549
2018-04-19 04:10:00,-983.984059549
2018-04-19 04:11:00,-983.984059549
2018-04-19 04:12:00,-983.984059549
2018-04-19 04:13:00,-983.984059549
2018-04-19 04:14:00,-994.731143149
2018-04-19 04:15:00,-1005.47822675
2018-04-19 04:16:00,-1005.47822675
2018-04-19 04:17:00,-1005.47822675
2018-04-19 04:18:00,-994.731143149
2018-04-19 04:19:00,-1005.47822675
2018-04-19 04:20:00,-1005.47822675
2018-04-19 04:21:00,-1005.47822675
2018-04-19 04:22:00,-1005.47822675
2018-04-19 04:23:00,-1005.47822675
2018-04-19 04:24:00,-1005.47822675
2018-04-19 04:25:00,-1005.47822675
2018-04-19 04:26:00,-1005.47822675
2018-04-19 04:27:00,-1005.47822675
2018-04-19 04:28:00,-1026.97239395
2018-04-19 04:29:00,-1026.97239395
2018-04-19 04:30:00,-1005.47822675
2018-04-19 04:31:00,-1016.22531035
2018-04-19 04:32:00,-1026.97239395
2018-04-19 04:33:00,-1037.71947755
2018-04-19 04:34:00,-1026.97239395
2018-04-19 04:35:00,-1026.97239395
2018-04-19 04:36:00,-1037.71947755
2018-04-19 04:37:00,-1026.97239395
2018-04-19 04:38:00,-1037.71947755
2018-04-19 04:39:00,-1037.71947755
2018-04-19 04:40:00,-1026.97239395
2018-04-19 04:41:00,-1026.97239395
2018-04-19 04:42:00,-1026.97239395
2018-04-19 04:43:00,-1026.97239395
2018-04-19 04:44:00,-1037.71947755
2018-04-19 04:45:00,-1037.71947755
2018-04-19 04:46:00,-1037.71947755
2018-04-19 04:47:00,-1037.71947755
2018-04-19 04:48:00,-1016.22531035
2018-04-19 04:49:00,-1026.97239395
2018-04-19 04:50:00,-1037.71947755
2018-04-19 04:51:00,-1037.71947755
2018-04-19 04:52:00,-1037.71947755
2018-04-19 04:53:00,-1037.71947755
2018-04-19 04:54:00,-1037.71947755
2018-04-19 04:55:00,-1037.71947755
2018-04-19 04:56:00,-1026.97239395
2018-04-19 04:57:00,-1026.97239395
2018-04-19 04:58:00,-1026.97239395
2018-04-19 04:59:00,-1026.97239395
2018-04-19 05:00:00,-1026.97239395
2018-04-19 05:01:00,-1037.71947755
2018-04-19 05:02:00,-1026.97239395
2018-04-19 05:03:00,-1026.97239395
2018-04-19 05:04:00,-1016.22531035
2018-04-19 05:05:00,-994.731143149
2018-04-19 05:06:00,-994.731143149
2018-04-19 05:07:00,-994.731143149
2018-04-19 05:08:00,-994.731143149
2018-04-19 05:09:00,-994.731143149
2018-04-19 05:10:00,-994.731143149
2018-04-19 05:11:00,-994.731143149
2018-04-19 05:12:00,-994.731143149
2018-04-19 05:13:00,-983.984059549
2018-04-19 05:14:00,-994.731143149
2018-04-19 05:15:00,-994.731143149
2018-04-19 05:16:00,-994.731143149
2018-04-19 05:17:00,-1005.47822675
2018-04-19 05:18:00,-1005.47822675
2018-04-19 05:19:00,-1005.47822675
2018-04-19 05:20:00,-1005.47822675
2018-04-19 05:21:00,-1005.47822675
2018-04-19 05:22:00,-1005.47822675
2018-04-19 05:23:00,-1005.47822675
2018-04-19 05:24:00,-1005.47822675
2018-04-19 05:25:00,-1005.47822675
2018-04-19 05:26:00,-1005.47822675
2018-04-19 05:27:00,-1005.47822675
2018-04-19 05:28:00,-1005.47822675
2018-04-19 05:29:00,-1026.97239395
2018-04-19 05:30:00,-1026.97239395
2018-04-19 05:31:00,-1026.97239395
2018-04-19 05:32:00,-1026.97239395
2018-04-19 05:33:00,-1026.97239395
2018-04-19 05:34:00,-1005.47822675
2018-04-19 05:35:00,-994.731143149
2018-04-19 05:36:00,-994.731143149
2018-04-19 05:37:00,-1005.47822675
2018-04-19 05:38:00,-1005.47822675
2018-04-19 05:39:00,-1005.47822675
2018-04-19 05:40:00,-1005.47822675
2018-04-19 05:41:00,-994.731143149
2018-04-19 05:42:00,-994.731143149
2018-04-19 05:43:00,-1026.97239395
2018-04-19 05:44:00,-1037.71947755
2018-04-19 05:45:00,-1026.97239395
2018-04-19 05:46:00,-1026.97239395
2018-04-19 05:47:00,-1026.97239395
2018-04-19 05:48:00,-1026.97239395
2018-04-19 05:49:00,-1026.97239395
2018-04-19 05:50:00,-1016.22531035
2018-04-19 05:51:00,-1037.71947755
2018-04-19 05:52:00,-1037.71947755
2018-04-19 05:53:00,-1037.71947755
2018-04-19 05:54:00,-1026.97239395
2018-04-19 05:55:00,-1016.22531035
2018-04-19 05:56:00,-1026.97239395
2018-04-19 05:57:00,-1026.97239395
2018-04-19 05:58:00,-1037.71947755
2018-04-19 05:59:00,-1026.97239395
2018-04-19 06:00:00,-1005.47822675
2018-04-19 06:01:00,-1005.47822675
2018-04-19 06:02:00,-1005.47822675
2018-04-19 06:03:00,-1005.47822675
2018-04-19 06:04:00,-1005.47822675
2018-04-19 06:05:00,-1026.97239395
2018-04-19 06:06:00,-1026.97239395
2018-04-19 06:07:00,-1005.47822675
2018-04-19 06:08:00,-1005.47822675
2018-04-19 06:09:00,-1026.97239395
2018-04-19 06:10:00,-1048.46656115
2018-04-19 06:11:00,-1048.46656115
2018-04-19 06:12:00,-1037.71947755
2018-04-19 06:13:00,-1026.97239395
2018-04-19 06:14:00,-1026.97239395
2018-04-19 06:15:00,-1026.97239395
2018-04-19 06:16:00,-1026.97239395
2018-04-19 06:17:00,-1037.71947755
2018-04-19 06:18:00,-1026.97239395
2018-04-19 06:19:00,-1026.97239395
2018-04-19 06:20:00,-1037.71947755
2018-04-19 06:21:00,-1026.97239395
2018-04-19 06:22:00,-1026.97239395
2018-04-19 06:23:00,-1026.97239395
2018-04-19 06:24:00,-1026.97239395
2018-04-19 06:25:00,-1037.71947755
2018-04-19 06:26:00,-1026.97239395
2018-04-19 06:27:00,-1037.71947755
2018-04-19 06:28:00,-1026.97239395
2018-04-19 06:29:00,-1026.97239395
2018-04-19 06:30:00,-1048.46656115
2018-04-19 06:31:00,-1026.97239395
2018-04-19 06:32:00,-1026.97239395
2018-04-19 06:33:00,-1026.97239395
2018-04-19 06:34:00,-1026.97239395
2018-04-19 06:35:00,-1026.97239395
2018-04-19 06:36:00,-1026.97239395
2018-04-19 06:37:00,-1026.97239395
2018-04-19 06:38:00,-1026.97239395
2018-04-19 06:39:00,-1026.97239395
2018-04-19 06:40:00,-1026.97239395
2018-04-19 06:41:00,-1026.97239395
2018-04-19 06:42:00,-1026.97239395
2018-04-19 06:43:00,-1026.97239395
2018-04-19 06:44:00,-1026.97239395
2018-04-19 06:45:00,-1016.22531035
2018-04-19 06:46:00,-1016.22531035
2018-04-19 06:47:00,-1016.22531035
2018-04-19 06:48:00,-1016.22531035
2018-04-19 06:49:00,-1016.22531035
2018-04-19 06:50:00,-1026.97239395
2018-04-19 06:51:00,-1026.97239395
2018-04-19 06:52:00,-1026.97239395
2018-04-19 06:53:00,-1026.97239395
2018-04-19 06:54:00,-1026.97239395
2018-04-19 06:55:00,-1026.97239395
2018-04-19 06:56:00,-1026.97239395
2018-04-19 06:57:00,-1026.97239395
2018-04-19 06:58:00,-1026.97239395
2018-04-19 06:59:00,-1026.97239395
2018-04-19 07:00:00,-1048.46656115
2018-04-19 07:01:00,-1048.46656115
2018-04-19 07:02:00,-1048.46656115
2018-04-19 07:03:00,-1048.46656115
2018-04-19 07:04:00,-1059.21364475
2018-04-19 07:05:00,-1069.96072835
2018-04-19 07:06:00,-1069.96072835
2018-04-19 07:07:00,-1069.96072835
2018-04-19 07:08:00,-1091.45489555
2018-04-19 07:09:00,-1091.45489555
2018-04-19 07:10:00,-1102.20197915
2018-04-19 07:11:00,-1091.45489555
2018-04-19 07:12:00,-1069.96072835
2018-04-19 07:13:00,-1069.96072835
2018-04-19 07:14:00,-1059.21364475
2018-04-19 07:15:00,-1048.46656115
2018-04-19 07:16:00,-1037.71947755
2018-04-19 07:17:00,-1037.71947755
2018-04-19 07:18:00,-1048.46656115
2018-04-19 07:19:00,-1048.46656115
2018-04-19 07:20:00,-1069.96072835
2018-04-19 07:21:00,-1080.70781195
2018-04-19 07:22:00,-1069.96072835
2018-04-19 07:23:00,-1048.46656115
2018-04-19 07:24:00,-1059.21364475
2018-04-19 07:25:00,-1059.21364475
2018-04-19 07:26:00,-1069.96072835
2018-04-19 07:27:00,-1059.21364475
2018-04-19 07:28:00,-1069.96072835
2018-04-19 07:29:00,-1069.96072835
2018-04-19 07:30:00,-1069.96072835
2018-04-19 07:31:00,-1069.96072835
2018-04-19 07:32:00,-1069.96072835
2018-04-19 07:33:00,-1091.45489555
2018-04-19 07:34:00,-1091.45489555
2018-04-19 07:35:00,-1102.20197915
2018-04-19 07:36:00,-1102.20197915
2018-04-19 07:37:00,-1102.20197915
2018-04-19 07:38:00,-1123.69614635
2018-04-19 07:39:00,-1134.44322995
2018-04-19 07:40:00,-1134.44322995
2018-04-19 07:41:00,-1134.44322995
2018-04-19 07:42:00,-1134.44322995
2018-04-19 07:43:00,-1134.44322995
2018-04-19 07:44:00,-1134.44322995
2018-04-19 07:45:00,-1134.44322995
2018-04-19 07:46:00,-1112.94906275
2018-04-19 07:47:00,-1112.94906275
2018-04-19 07:48:00,-1112.94906275
2018-04-19 07:49:00,-1112.94906275
2018-04-19 07:50:00,-1123.69614635
2018-04-19 07:51:00,-1123.69614635
2018-04-19 07:52:00,-1112.94906275
2018-04-19 07:53:00,-1145.19031355
2018-04-19 07:54:00,-1134.44322995
2018-04-19 07:55:00,-1134.44322995
2018-04-19 07:56:00,-1134.44322995
2018-04-19 07:57:00,-1134.44322995
2018-04-19 07:58:00,-1123.69614635
2018-04-19 07:59:00,-1112.94906275
2018-04-19 08:00:00,-1112.94906275
2018-04-19 08:01:00,-1134.44322995
2018-04-19 08:02:00,-1112.94906275
2018-04-19 08:03:00,-1112.94906275
2018-04-19 08:04:00,-1112.94906275
2018-04-19 08:05:00,-1112.94906275
2018-04-19 08:06:00,-1112.94906275
2018-04-19 08:07:00,-1112.94906275
2018-04-19 08:08:00,-1112.94906275
2018-04-19 08:09:00,-1112.94906275
2018-04-19 08:10:00,-1112.94906275
2018-04-19 08:11:00,-1112.94906275
2018-04-19 08:12:00,-1102.20197915
2018-04-19 08:13:00,-1102.20197915
2018-04-19 08:14:00,-1102.20197915
2018-04-19 08:15:00,-1102.20197915
2018-04-19 08:16:00,-1102.20197915
2018-04-19 08:17:00,-1091.45489555
2018-04-19 08:18:00,-1080.70781195
2018-04-19 08:19:00,-1069.96072835
2018-04-19 08:20:00,-1080.70781195
2018-04-19 08:21:00,-1102.20197915
2018-04-19 08:22:00,-1102.20197915
2018-04-19 08:23:00,-1102.20197915
2018-04-19 08:24:00,-1112.94906275
2018-04-19 08:25:00,-1123.69614635
2018-04-19 08:26:00,-1123.69614635
2018-04-19 08:27:00,-1134.44322995
2018-04-19 08:28:00,-1134.44322995
2018-04-19 08:29:00,-1134.44322995
2018-04-19 08:30:00,-1134.44322995
2018-04-19 08:31:00,-1145.19031355
2018-04-19 08:32:00,-1145.19031355
2018-04-19 08:33:00,-1155.93739715
2018-04-19 08:34:00,-1134.44322995
2018-04-19 08:35:00,-1134.44322995
2018-04-19 08:36:00,-1134.44322995
2018-04-19 08:37:00,-1134.44322995
2018-04-19 08:38:00,-1155.93739715
2018-04-19 08:39:00,-1134.44322995
2018-04-19 08:40:00,-1145.19031355
2018-04-19 08:41:00,-1134.44322995
2018-04-19 08:42:00,-1134.44322995
2018-04-19 08:43:00,-1155.93739715
2018-04-19 08:44:00,-1134.44322995
2018-04-19 08:45:00,-1145.19031355
2018-04-19 08:46:00,-1134.44322995
2018-04-19 08:47:00,-1134.44322995
2018-04-19 08:48:00,-1134.44322995
2018-04-19 08:49:00,-1134.44322995
2018-04-19 08:50:00,-1134.44322995
2018-04-19 08:51:00,-1123.69614635
2018-04-19 08:52:00,-1123.69614635
2018-04-19 08:53:00,-1134.44322995
2018-04-19 08:54:00,-1134.44322995
2018-04-19 08:55:00,-1112.94906275
2018-04-19 08:56:00,-1112.94906275
2018-04-19 08:57:00,-1102.20197915
2018-04-19 08:58:00,-1112.94906275
2018-04-19 08:59:00,-1102.20197915
2018-04-19 09:00:00,-1112.94906275
2018-04-19 09:01:00,-1102.20197915
2018-04-19 09:02:00,-1112.94906275
2018-04-19 09:03:00,-1102.20197915
2018-04-19 09:04:00,-1069.96072835
2018-04-19 09:05:00,-1069.96072835
2018-04-19 09:06:00,-1080.70781195
2018-04-19 09:07:00,-1080.70781195
2018-04-19 09:08:00,-1069.96072835
2018-04-19 09:09:00,-1069.96072835
2018-04-19 09:10:00,-1069.96072835
2018-04-19 09:11:00,-1069.96072835
2018-04-19 09:12:00,-1069.96072835
2018-04-19 09:13:00,-1080.70781195
2018-04-19 09:14:00,-1112.94906275
2018-04-19 09:15:00,-1112.94906275
2018-04-19 09:16:00,-1112.94906275
2018-04-19 09:17:00,-1112.94906275
2018-04-19 09:18:00,-1123.69614635
2018-04-19 09:19:00,-1091.45489555
2018-04-19 09:20:00,-1091.45489555
2018-04-19 09:21:00,-1091.45489555
2018-04-19 09:22:00,-1080.70781195
2018-04-19 09:23:00,-1091.45489555
2018-04-19 09:24:00,-1080.70781195
2018-04-19 09:25:00,-1123.69614635
2018-04-19 09:26:00,-1134.44322995
2018-04-19 09:27:00,-1134.44322995
2018-04-19 09:28:00,-1134.44322995
2018-04-19 09:29:00,-1134.44322995
2018-04-19 09:30:00,-1134.44322995
2018-04-19 09:31:00,-1134.44322995
2018-04-19 09:32:00,-1134.44322995
2018-04-19 09:33:00,-1134.44322995
2018-04-19 09:34:00,-1145.19031355
2018-04-19 09:35:00,-1145.19031355
2018-04-19 09:36:00,-1145.19031355
2018-04-19 09:37:00,-1155.93739715
2018-04-19 09:38:00,-1177.43156435
2018-04-19 09:39:00,-1155.93739715
2018-04-19 09:40:00,-1155.93739715
2018-04-19 09:41:00,-1155.93739715
2018-04-19 09:42:00,-1145.19031355
2018-04-19 09:43:00,-1145.19031355
2018-04-19 09:44:00,-1145.19031355
2018-04-19 09:45:00,-1155.93739715
2018-04-19 09:46:00,-1145.19031355
2018-04-19 09:47:00,-1145.19031355
2018-04-19 09:48:00,-1145.19031355
2018-04-19 09:49:00,-1145.19031355
2018-04-19 09:50:00,-1145.19031355
2018-04-19 09:51:00,-1145.19031355
2018-04-19 09:52:00,-1145.19031355
2018-04-19 09:53:00,-1134.44322995
2018-04-19 09:54:00,-1134.44322995
2018-04-19 09:55:00,-1145.19031355
2018-04-19 09:56:00,-1145.19031355
2018-04-19 09:57:00,-1155.93739715
2018-04-19 09:58:00,-1155.93739715
2018-04-19 09:59:00,-1177.43156435
2018-04-19 10:00:00,-1198.92573155
2018-04-19 10:01:00,-1177.43156435
2018-04-19 10:02:00,-1188.17864795
2018-04-19 10:03:00,-1177.43156435
2018-04-19 10:04:00,-1177.43156435
2018-04-19 10:05:00,-1177.43156435
2018-04-19 10:06:00,-1177.43156435
2018-04-19 10:07:00,-1177.43156435
2018-04-19 10:08:00,-1155.93739715
2018-04-19 10:09:00,-1155.93739715
2018-04-19 10:10:00,-1155.93739715
2018-04-19 10:11:00,-1134.44322995
2018-04-19 10:12:00,-1145.19031355
2018-04-19 10:13:00,-1177.43156435
2018-04-19 10:14:00,-1155.93739715
2018-04-19 10:15:00,-1155.93739715
2018-04-19 10:16:00,-1155.93739715
2018-04-19 10:17:00,-1198.92573155
2018-04-19 10:18:00,-1188.17864795
2018-04-19 10:19:00,-1188.17864795
2018-04-19 10:20:00,-1155.93739715
2018-04-19 10:21:00,-1134.44322995
2018-04-19 10:22:00,-1166.68448075
2018-04-19 10:23:00,-1166.68448075
2018-04-19 10:24:00,-1166.68448075
2018-04-19 10:25:00,-1166.68448075
2018-04-19 10:26:00,-1177.43156435
2018-04-19 10:27:00,-1177.43156435
2018-04-19 10:28:00,-1188.17864795
2018-04-19 10:29:00,-1198.92573155
2018-04-19 10:30:00,-1198.92573155
2018-04-19 10:31:00,-1198.92573155
2018-04-19 10:32:00,-1177.43156435
2018-04-19 10:33:00,-1198.92573155
2018-04-19 10:34:00,-1188.17864795
2018-04-19 10:35:00,-1188.17864795
2018-04-19 10:36:00,-1198.92573155
2018-04-19 10:37:00,-1198.92573155
2018-04-19 10:38:00,-1198.92573155
2018-04-19 10:39:00,-1198.92573155
2018-04-19 10:40:00,-1198.92573155
2018-04-19 10:41:00,-1198.92573155
2018-04-19 10:42:00,-1198.92573155
2018-04-19 10:43:00,-1198.92573155
2018-04-19 10:44:00,-1209.67281515
2018-04-19 10:45:00,-1209.67281515
2018-04-19 10:46:00,-1209.67281515
2018-04-19 10:47:00,-1209.67281515
2018-04-19 10:48:00,-1198.92573155
2018-04-19 10:49:00,-1209.67281515
2018-04-19 10:50:00,-1231.16698235
2018-04-19 10:51:00,-1231.16698235
2018-04-19 10:52:00,-1241.91406595
2018-04-19 10:53:00,-1231.16698235
2018-04-19 10:54:00,-1231.16698235
2018-04-19 10:55:00,-1220.41989875
2018-04-19 10:56:00,-1231.16698235
2018-04-19 10:57:00,-1188.17864795
2018-04-19 10:58:00,-1209.67281515
2018-04-19 10:59:00,-1166.68448075
2018-04-19 11:00:00,-1166.68448075
2018-04-19 11:01:00,-1188.17864795
2018-04-19 11:02:00,-1177.43156435
2018-04-19 11:03:00,-1166.68448075
2018-04-19 11:04:00,-1166.68448075
2018-04-19 11:05:00,-1166.68448075
2018-04-19 11:06:00,-1166.68448075
2018-04-19 11:07:00,-1166.68448075
2018-04-19 11:08:00,-1166.68448075
2018-04-19 11:09:00,-1166.68448075
2018-04-19 11:10:00,-1155.93739715
2018-04-19 11:11:00,-1155.93739715
2018-04-19 11:12:00,-1155.93739715
2018-04-19 11:13:00,-1145.19031355
2018-04-19 11:14:00,-1145.19031355
2018-04-19 11:15:00,-1166.68448075
2018-04-19 11:16:00,-1145.19031355
2018-04-19 11:17:00,-1145.19031355
2018-04-19 11:18:00,-1145.19031355
2018-04-19 11:19:00,-1155.93739715
2018-04-19 11:20:00,-1155.93739715
2018-04-19 11:21:00,-1145.19031355
2018-04-19 11:22:00,-1145.19031355
2018-04-19 11:23:00,-1155.93739715
2018-04-19 11:24:00,-1155.93739715
2018-04-19 11:25:00,-1166.68448075
2018-04-19 11:26:00,-1166.68448075
2018-04-19 11:27:00,-1166.68448075
2018-04-19 11:28:00,-1166.68448075
2018-04-19 11:29:00,-1166.68448075
2018-04-19 11:30:00,-1166.68448075
2018-04-19 11:31:00,-1145.19031355
2018-04-19 11:32:00,-1145.19031355
2018-04-19 11:33:00,-1145.19031355
2018-04-19 11:34:00,-1166.68448075
2018-04-19 11:35:00,-1145.19031355
2018-04-19 11:36:00,-1145.19031355
2018-04-19 11:37:00,-1145.19031355
2018-04-19 11:38:00,-1145.19031355
2018-04-19 11:39:00,-1145.19031355
2018-04-19 11:40:00,-1145.19031355
2018-04-19 11:41:00,-1145.19031355
2018-04-19 11:42:00,-1145.19031355
2018-04-19 11:43:00,-1145.19031355
2018-04-19 11:44:00,-1145.19031355
2018-04-19 11:45:00,-1134.44322995
2018-04-19 11:46:00,-1112.94906275
2018-04-19 11:47:00,-1112.94906275
2018-04-19 11:48:00,-1123.69614635
2018-04-19 11:49:00,-1123.69614635
2018-04-19 11:50:00,-1123.69614635
2018-04-19 11:51:00,-1123.69614635
2018-04-19 11:52:00,-1123.69614635
2018-04-19 11:53:00,-1123.69614635
2018-04-19 11:54:00,-1123.69614635
2018-04-19 11:55:00,-1123.69614635
2018-04-19 11:56:00,-1123.69614635
2018-04-19 11:57:00,-1123.69614635
2018-04-19 11:58:00,-1123.69614635
2018-04-19 11:59:00,-1134.44322995
2018-04-20 01:29:00,-1392.37323635
2018-04-20 01:30:00,-1392.37323635
2018-04-20 01:31:00,-1392.37323635
2018-04-20 01:32:00,-1392.37323635
2018-04-20 01:33:00,-1392.37323635
2018-04-20 01:34:00,-898.007390749
2018-04-20 01:35:00,-898.007390749
2018-04-20 01:36:00,-468.124046749
2018-04-20 01:37:00,-478.871130349
2018-04-20 01:38:00,-478.871130349
2018-04-20 01:39:00,-543.353631949
2018-04-20 01:40:00,-543.353631949
2018-04-20 01:41:00,-543.353631949
2018-04-20 01:42:00,-532.606548349
2018-04-20 01:43:00,-543.353631949
2018-04-20 01:44:00,-521.859464749
2018-04-20 01:45:00,-521.859464749
2018-04-20 01:46:00,-521.859464749
2018-04-20 01:47:00,-543.353631949
2018-04-20 01:48:00,-554.100715549
2018-04-20 01:49:00,-554.100715549
2018-04-20 01:50:00,-543.353631949
2018-04-20 01:51:00,-543.353631949
2018-04-20 01:52:00,-543.353631949
2018-04-20 01:53:00,-554.100715549
2018-04-20 01:54:00,-554.100715549
2018-04-20 01:55:00,-554.100715549
2018-04-20 01:56:00,-564.847799149
2018-04-20 01:57:00,-521.859464749
2018-04-20 01:58:00,-532.606548349
2018-04-20 01:59:00,-543.353631949
2018-04-20 02:00:00,-543.353631949
2018-04-20 02:01:00,-575.594882749
2018-04-20 02:02:00,-597.089049949
2018-04-20 02:03:00,-607.836133549
2018-04-20 02:04:00,-597.089049949
2018-04-20 02:05:00,-618.583217149
2018-04-20 02:06:00,-618.583217149
2018-04-20 02:07:00,-629.330300749
2018-04-20 02:08:00,-618.583217149
2018-04-20 02:09:00,-618.583217149
2018-04-20 02:10:00,-629.330300749
2018-04-20 02:11:00,-661.571551549
2018-04-20 02:12:00,-661.571551549
2018-04-20 02:13:00,-672.318635149
2018-04-20 02:14:00,-661.571551549
2018-04-20 02:15:00,-661.571551549
2018-04-20 02:16:00,-607.836133549
2018-04-20 02:17:00,-607.836133549
2018-04-20 02:18:00,-607.836133549
2018-04-20 02:19:00,-575.594882749
2018-04-20 02:20:00,-629.330300749
2018-04-20 02:21:00,-629.330300749
2018-04-20 02:22:00,-629.330300749
2018-04-20 02:23:00,-650.824467949
2018-04-20 02:24:00,-618.583217149
2018-04-20 02:25:00,-629.330300749
2018-04-20 02:26:00,-640.077384349
2018-04-20 02:27:00,-629.330300749
2018-04-20 02:28:00,-640.077384349
2018-04-20 02:29:00,-640.077384349
2018-04-20 02:30:00,-683.065718749
2018-04-20 02:31:00,-672.318635149
2018-04-20 02:32:00,-661.571551549
2018-04-20 02:33:00,-661.571551549
2018-04-20 02:34:00,-672.318635149
2018-04-20 02:35:00,-640.077384349
2018-04-20 02:36:00,-640.077384349
2018-04-20 02:37:00,-661.571551549
2018-04-20 02:38:00,-661.571551549
2018-04-20 02:39:00,-640.077384349
2018-04-20 02:40:00,-661.571551549
2018-04-20 02:41:00,-640.077384349
2018-04-20 02:42:00,-618.583217149
2018-04-20 02:43:00,-618.583217149
2018-04-20 02:44:00,-607.836133549
2018-04-20 02:45:00,-607.836133549
2018-04-20 02:46:00,-607.836133549
2018-04-20 02:47:00,-629.330300749
2018-04-20 02:48:00,-640.077384349
2018-04-20 02:49:00,-640.077384349
2018-04-20 02:50:00,-640.077384349
2018-04-20 02:51:00,-640.077384349
2018-04-20 02:52:00,-650.824467949
2018-04-20 02:53:00,-661.571551549
2018-04-20 02:54:00,-640.077384349
2018-04-20 02:55:00,-640.077384349
2018-04-20 02:56:00,-640.077384349
2018-04-20 02:57:00,-650.824467949
2018-04-20 02:58:00,-640.077384349
2018-04-20 02:59:00,-640.077384349
2018-04-20 03:00:00,-640.077384349
2018-04-20 03:01:00,-640.077384349
2018-04-20 03:02:00,-640.077384349
2018-04-20 03:03:00,-640.077384349
2018-04-20 03:04:00,-650.824467949
2018-04-20 03:05:00,-661.571551549
2018-04-20 03:06:00,-661.571551549
2018-04-20 03:07:00,-661.571551549
2018-04-20 03:08:00,-672.318635149
2018-04-20 03:09:00,-672.318635149
2018-04-20 03:10:00,-683.065718749
2018-04-20 03:11:00,-704.559885949
2018-04-20 03:12:00,-726.054053149
2018-04-20 03:13:00,-726.054053149
2018-04-20 03:14:00,-747.548220349
2018-04-20 03:15:00,-736.801136749
2018-04-20 03:16:00,-747.548220349
2018-04-20 03:17:00,-747.548220349
2018-04-20 03:18:00,-726.054053149
2018-04-20 03:19:00,-736.801136749
2018-04-20 03:20:00,-736.801136749
2018-04-20 03:21:00,-726.054053149
2018-04-20 03:22:00,-726.054053149
2018-04-20 03:23:00,-726.054053149
2018-04-20 03:24:00,-726.054053149
2018-04-20 03:25:00,-715.306969549
2018-04-20 03:26:00,-715.306969549
2018-04-20 03:27:00,-715.306969549
2018-04-20 03:28:00,-715.306969549
2018-04-20 03:29:00,-715.306969549
2018-04-20 03:30:00,-726.054053149
2018-04-20 03:31:00,-715.306969549
2018-04-20 03:32:00,-812.030721949
2018-04-20 03:33:00,-801.283638349
2018-04-20 03:34:00,-801.283638349
2018-04-20 03:35:00,-769.042387549
2018-04-20 03:36:00,-758.295303949
2018-04-20 03:37:00,-769.042387549
2018-04-20 03:38:00,-769.042387549
2018-04-20 03:39:00,-769.042387549
2018-04-20 03:40:00,-769.042387549
2018-04-20 03:41:00,-758.295303949
2018-04-20 03:42:00,-758.295303949
2018-04-20 03:43:00,-758.295303949
2018-04-20 03:44:00,-758.295303949
2018-04-20 03:45:00,-747.548220349
2018-04-20 03:46:00,-747.548220349
2018-04-20 03:47:00,-747.548220349
2018-04-20 03:48:00,-726.054053149
2018-04-20 03:49:00,-736.801136749
2018-04-20 03:50:00,-758.295303949
2018-04-20 03:51:00,-736.801136749
2018-04-20 03:52:00,-747.548220349
2018-04-20 03:53:00,-747.548220349
2018-04-20 03:54:00,-736.801136749
2018-04-20 03:55:00,-704.559885949
2018-04-20 03:56:00,-715.306969549
2018-04-20 03:57:00,-704.559885949
2018-04-20 03:58:00,-661.571551549
2018-04-20 03:59:00,-661.571551549
2018-04-20 04:00:00,-661.571551549
2018-04-20 04:01:00,-661.571551549
2018-04-20 04:02:00,-661.571551549
2018-04-20 04:03:00,-661.571551549
2018-04-20 04:04:00,-661.571551549
2018-04-20 04:05:00,-672.318635149
2018-04-20 04:06:00,-683.065718749
2018-04-20 04:07:00,-683.065718749
2018-04-20 04:08:00,-683.065718749
2018-04-20 04:09:00,-704.559885949
2018-04-20 04:10:00,-704.559885949
2018-04-20 04:11:00,-726.054053149
2018-04-20 04:12:00,-726.054053149
2018-04-20 04:13:00,-726.054053149
2018-04-20 04:14:00,-726.054053149
2018-04-20 04:15:00,-726.054053149
2018-04-20 04:16:00,-736.801136749
2018-04-20 04:17:00,-736.801136749
2018-04-20 04:18:00,-736.801136749
2018-04-20 04:19:00,-736.801136749
2018-04-20 04:20:00,-736.801136749
2018-04-20 04:21:00,-736.801136749
2018-04-20 04:22:00,-736.801136749
2018-04-20 04:23:00,-715.306969549
2018-04-20 04:24:00,-736.801136749
2018-04-20 04:25:00,-736.801136749
2018-04-20 04:26:00,-736.801136749
2018-04-20 04:27:00,-736.801136749
2018-04-20 04:28:00,-736.801136749
2018-04-20 04:29:00,-736.801136749
2018-04-20 04:30:00,-736.801136749
2018-04-20 04:31:00,-715.306969549
2018-04-20 04:32:00,-715.306969549
2018-04-20 04:33:00,-726.054053149
2018-04-20 04:34:00,-715.306969549
2018-04-20 04:35:00,-736.801136749
2018-04-20 04:36:00,-715.306969549
2018-04-20 04:37:00,-726.054053149
2018-04-20 04:38:00,-726.054053149
2018-04-20 04:39:00,-769.042387549
2018-04-20 04:40:00,-769.042387549
2018-04-20 04:41:00,-790.536554749
2018-04-20 04:42:00,-769.042387549
2018-04-20 04:43:00,-790.536554749
2018-04-20 04:44:00,-790.536554749
2018-04-20 04:45:00,-790.536554749
2018-04-20 04:46:00,-801.283638349
2018-04-20 04:47:00,-801.283638349
2018-04-20 04:48:00,-812.030721949
2018-04-20 04:49:00,-822.777805549
2018-04-20 04:50:00,-812.030721949
2018-04-20 04:51:00,-812.030721949
2018-04-20 04:52:00,-812.030721949
2018-04-20 04:53:00,-812.030721949
2018-04-20 04:54:00,-812.030721949
2018-04-20 04:55:00,-801.283638349
2018-04-20 04:56:00,-801.283638349
2018-04-20 04:57:00,-812.030721949
2018-04-20 04:58:00,-779.789471149
2018-04-20 04:59:00,-769.042387549
2018-04-20 05:00:00,-747.548220349
2018-04-20 05:01:00,-747.548220349
2018-04-20 05:02:00,-747.548220349
2018-04-20 05:03:00,-736.801136749
2018-04-20 05:04:00,-747.548220349
2018-04-20 05:05:00,-747.548220349
2018-04-20 05:06:00,-747.548220349
2018-04-20 05:07:00,-747.548220349
2018-04-20 05:08:00,-747.548220349
2018-04-20 05:09:00,-747.548220349
2018-04-20 05:10:00,-747.548220349
2018-04-20 05:11:00,-747.548220349
2018-04-20 05:12:00,-747.548220349
2018-04-20 05:13:00,-747.548220349
2018-04-20 05:14:00,-747.548220349
2018-04-20 05:15:00,-747.548220349
2018-04-20 05:16:00,-758.295303949
2018-04-20 05:17:00,-758.295303949
2018-04-20 05:18:00,-790.536554749
2018-04-20 05:19:00,-779.789471149
2018-04-20 05:20:00,-769.042387549
2018-04-20 05:21:00,-790.536554749
2018-04-20 05:22:00,-779.789471149
2018-04-20 05:23:00,-790.536554749
2018-04-20 05:24:00,-790.536554749
2018-04-20 05:25:00,-790.536554749
2018-04-20 05:26:00,-790.536554749
2018-04-20 05:27:00,-790.536554749
2018-04-20 05:28:00,-812.030721949
2018-04-20 05:29:00,-812.030721949
2018-04-20 05:30:00,-812.030721949
2018-04-20 05:31:00,-812.030721949
2018-04-20 05:32:00,-812.030721949
2018-04-20 05:33:00,-812.030721949
2018-04-20 05:34:00,-833.524889149
2018-04-20 05:35:00,-833.524889149
2018-04-20 05:36:00,-855.019056349
2018-04-20 05:37:00,-855.019056349
2018-04-20 05:38:00,-865.766139949
2018-04-20 05:39:00,-876.513223549
2018-04-20 05:40:00,-855.019056349
2018-04-20 05:41:00,-844.271972749
2018-04-20 05:42:00,-855.019056349
2018-04-20 05:43:00,-855.019056349
2018-04-20 05:44:00,-855.019056349
2018-04-20 05:45:00,-855.019056349
2018-04-20 05:46:00,-855.019056349
2018-04-20 05:47:00,-855.019056349
2018-04-20 05:48:00,-833.524889149
2018-04-20 05:49:00,-844.271972749
2018-04-20 05:50:00,-822.777805549
2018-04-20 05:51:00,-833.524889149
2018-04-20 05:52:00,-833.524889149
2018-04-20 05:53:00,-822.777805549
2018-04-20 05:54:00,-833.524889149
2018-04-20 05:55:00,-790.536554749
2018-04-20 05:56:00,-790.536554749
2018-04-20 05:57:00,-779.789471149
2018-04-20 05:58:00,-833.524889149
2018-04-20 05:59:00,-790.536554749
2018-04-20 06:00:00,-790.536554749
2018-04-20 06:01:00,-790.536554749
2018-04-20 06:02:00,-790.536554749
2018-04-20 06:03:00,-779.789471149
2018-04-20 06:04:00,-779.789471149
2018-04-20 06:05:00,-779.789471149
2018-04-20 06:06:00,-779.789471149
2018-04-20 06:07:00,-779.789471149
2018-04-20 06:08:00,-747.548220349
2018-04-20 06:09:00,-747.548220349
2018-04-20 06:10:00,-726.054053149
2018-04-20 06:11:00,-726.054053149
2018-04-20 06:12:00,-726.054053149
2018-04-20 06:13:00,-726.054053149
2018-04-20 06:14:00,-726.054053149
2018-04-20 06:15:00,-736.801136749
2018-04-20 06:16:00,-726.054053149
2018-04-20 06:17:00,-747.548220349
2018-04-20 06:18:00,-747.548220349
2018-04-20 06:19:00,-747.548220349
2018-04-20 06:20:00,-769.042387549
2018-04-20 06:21:00,-769.042387549
2018-04-20 06:22:00,-726.054053149
2018-04-20 06:23:00,-736.801136749
2018-04-20 06:24:00,-726.054053149
2018-04-20 06:25:00,-726.054053149
2018-04-20 06:26:00,-726.054053149
2018-04-20 06:27:00,-726.054053149
2018-04-20 06:28:00,-726.054053149
2018-04-20 06:29:00,-726.054053149
2018-04-20 06:30:00,-726.054053149
2018-04-20 06:31:00,-726.054053149
2018-04-20 06:32:00,-726.054053149
2018-04-20 06:33:00,-726.054053149
2018-04-20 06:34:00,-726.054053149
2018-04-20 06:35:00,-726.054053149
2018-04-20 06:36:00,-726.054053149
2018-04-20 06:37:00,-726.054053149
2018-04-20 06:38:00,-726.054053149
2018-04-20 06:39:00,-736.801136749
2018-04-20 06:40:00,-736.801136749
2018-04-20 06:41:00,-747.548220349
2018-04-20 06:42:00,-726.054053149
2018-04-20 06:43:00,-726.054053149
2018-04-20 06:44:00,-726.054053149
2018-04-20 06:45:00,-726.054053149
2018-04-20 06:46:00,-726.054053149
2018-04-20 06:47:00,-726.054053149
2018-04-20 06:48:00,-726.054053149
2018-04-20 06:49:00,-726.054053149
2018-04-20 06:50:00,-726.054053149
2018-04-20 06:51:00,-726.054053149
2018-04-20 06:52:00,-726.054053149
2018-04-20 06:53:00,-726.054053149
2018-04-20 06:54:00,-726.054053149
2018-04-20 06:55:00,-726.054053149
2018-04-20 06:56:00,-726.054053149
2018-04-20 06:57:00,-726.054053149
2018-04-20 06:58:00,-726.054053149
2018-04-20 06:59:00,-769.042387549
2018-04-20 07:00:00,-769.042387549
2018-04-20 07:01:00,-769.042387549
2018-04-20 07:02:00,-779.789471149
2018-04-20 07:03:00,-790.536554749
2018-04-20 07:04:00,-790.536554749
2018-04-20 07:05:00,-790.536554749
2018-04-20 07:06:00,-790.536554749
2018-04-20 07:07:00,-769.042387549
2018-04-20 07:08:00,-736.801136749
2018-04-20 07:09:00,-758.295303949
2018-04-20 07:10:00,-747.548220349
2018-04-20 07:11:00,-747.548220349
2018-04-20 07:12:00,-747.548220349
2018-04-20 07:13:00,-736.801136749
2018-04-20 07:14:00,-747.548220349
2018-04-20 07:15:00,-747.548220349
2018-04-20 07:16:00,-736.801136749
2018-04-20 07:17:00,-747.548220349
2018-04-20 07:18:00,-747.548220349
2018-04-20 07:19:00,-736.801136749
2018-04-20 07:20:00,-747.548220349
2018-04-20 07:21:00,-726.054053149
2018-04-20 07:22:00,-715.306969549
2018-04-20 07:23:00,-704.559885949
2018-04-20 07:24:00,-683.065718749
2018-04-20 07:25:00,-683.065718749
2018-04-20 07:26:00,-704.559885949
2018-04-20 07:27:00,-683.065718749
2018-04-20 07:28:00,-683.065718749
2018-04-20 07:29:00,-683.065718749
2018-04-20 07:30:00,-683.065718749
2018-04-20 07:31:00,-661.571551549
2018-04-20 07:32:00,-661.571551549
2018-04-20 07:33:00,-672.318635149
2018-04-20 07:34:00,-672.318635149
2018-04-20 07:35:00,-672.318635149
2018-04-20 07:36:00,-672.318635149
2018-04-20 07:37:00,-672.318635149
2018-04-20 07:38:00,-672.318635149
2018-04-20 07:39:00,-672.318635149
2018-04-20 07:40:00,-672.318635149
2018-04-20 07:41:00,-661.571551549
2018-04-20 07:42:00,-672.318635149
2018-04-20 07:43:00,-672.318635149
2018-04-20 07:44:00,-661.571551549
2018-04-20 07:45:00,-672.318635149
2018-04-20 07:46:00,-672.318635149
2018-04-20 07:47:00,-683.065718749
2018-04-20 07:48:00,-683.065718749
2018-04-20 07:49:00,-683.065718749
2018-04-20 07:50:00,-683.065718749
2018-04-20 07:51:00,-693.812802349
2018-04-20 07:52:00,-683.065718749
2018-04-20 07:53:00,-704.559885949
2018-04-20 07:54:00,-693.812802349
2018-04-20 07:55:00,-693.812802349
2018-04-20 07:56:00,-693.812802349
2018-04-20 07:57:00,-726.054053149
2018-04-20 07:58:00,-726.054053149
2018-04-20 07:59:00,-726.054053149
2018-04-20 08:00:00,-726.054053149
2018-04-20 08:01:00,-715.306969549
2018-04-20 08:02:00,-704.559885949
2018-04-20 08:03:00,-704.559885949
2018-04-20 08:04:00,-693.812802349
2018-04-20 08:05:00,-693.812802349
2018-04-20 08:06:00,-693.812802349
2018-04-20 08:07:00,-672.318635149
2018-04-20 08:08:00,-661.571551549
2018-04-20 08:09:00,-661.571551549
2018-04-20 08:10:00,-661.571551549
2018-04-20 08:11:00,-672.318635149
2018-04-20 08:12:00,-672.318635149
2018-04-20 08:13:00,-672.318635149
2018-04-20 08:14:00,-672.318635149
2018-04-20 08:15:00,-661.571551549
2018-04-20 08:16:00,-661.571551549
2018-04-20 08:17:00,-672.318635149
2018-04-20 08:18:00,-672.318635149
2018-04-20 08:19:00,-672.318635149
2018-04-20 08:20:00,-704.559885949
2018-04-20 08:21:00,-704.559885949
2018-04-20 08:22:00,-726.054053149
2018-04-20 08:23:00,-715.306969549
2018-04-20 08:24:00,-704.559885949
2018-04-20 08:25:00,-704.559885949
2018-04-20 08:26:00,-693.812802349
2018-04-20 08:27:00,-693.812802349
2018-04-20 08:28:00,-683.065718749
2018-04-20 08:29:00,-693.812802349
2018-04-20 08:30:00,-683.065718749
2018-04-20 08:31:00,-683.065718749
2018-04-20 08:32:00,-693.812802349
2018-04-20 08:33:00,-683.065718749
2018-04-20 08:34:00,-683.065718749
2018-04-20 08:35:00,-693.812802349
2018-04-20 08:36:00,-704.559885949
2018-04-20 08:37:00,-693.812802349
2018-04-20 08:38:00,-736.801136749
2018-04-20 08:39:00,-715.306969549
2018-04-20 08:40:00,-715.306969549
2018-04-20 08:41:00,-736.801136749
2018-04-20 08:42:00,-726.054053149
2018-04-20 08:43:00,-726.054053149
2018-04-20 08:44:00,-726.054053149
2018-04-20 08:45:00,-726.054053149
2018-04-20 08:46:00,-736.801136749
2018-04-20 08:47:00,-736.801136749
2018-04-20 08:48:00,-736.801136749
2018-04-20 08:49:00,-736.801136749
2018-04-20 08:50:00,-736.801136749
2018-04-20 08:51:00,-726.054053149
2018-04-20 08:52:00,-726.054053149
2018-04-20 08:53:00,-736.801136749
2018-04-20 08:54:00,-736.801136749
2018-04-20 08:55:00,-726.054053149
2018-04-20 08:56:00,-715.306969549
2018-04-20 08:57:00,-715.306969549
2018-04-20 08:58:00,-715.306969549
2018-04-20 08:59:00,-736.801136749
2018-04-20 09:00:00,-715.306969549
2018-04-20 09:01:00,-715.306969549
2018-04-20 09:02:00,-715.306969549
2018-04-20 09:03:00,-715.306969549
2018-04-20 09:04:00,-715.306969549
2018-04-20 09:05:00,-715.306969549
2018-04-20 09:06:00,-715.306969549
2018-04-20 09:07:00,-715.306969549
2018-04-20 09:08:00,-715.306969549
2018-04-20 09:09:00,-715.306969549
2018-04-20 09:10:00,-726.054053149
2018-04-20 09:11:00,-726.054053149
2018-04-20 09:12:00,-726.054053149
2018-04-20 09:13:00,-726.054053149
2018-04-20 09:14:00,-726.054053149
2018-04-20 09:15:00,-726.054053149
2018-04-20 09:16:00,-726.054053149
2018-04-20 09:17:00,-726.054053149
2018-04-20 09:18:00,-726.054053149
2018-04-20 09:19:00,-726.054053149
2018-04-20 09:20:00,-726.054053149
2018-04-20 09:21:00,-726.054053149
2018-04-20 09:22:00,-704.559885949
2018-04-20 09:23:00,-693.812802349
2018-04-20 09:24:00,-693.812802349
2018-04-20 09:25:00,-693.812802349
2018-04-20 09:26:00,-704.559885949
2018-04-20 09:27:00,-715.306969549
2018-04-20 09:28:00,-704.559885949
2018-04-20 09:29:00,-704.559885949
2018-04-20 09:30:00,-704.559885949
2018-04-20 09:31:00,-704.559885949
2018-04-20 09:32:00,-704.559885949
2018-04-20 09:33:00,-715.306969549
2018-04-20 09:34:00,-715.306969549
2018-04-20 09:35:00,-726.054053149
2018-04-20 09:36:00,-704.559885949
2018-04-20 09:37:00,-704.559885949
2018-04-20 09:38:00,-693.812802349
2018-04-20 09:39:00,-726.054053149
2018-04-20 09:40:00,-726.054053149
2018-04-20 09:41:00,-726.054053149
2018-04-20 09:42:00,-726.054053149
2018-04-20 09:43:00,-726.054053149
2018-04-20 09:44:00,-726.054053149
2018-04-20 09:45:00,-726.054053149
2018-04-20 09:46:00,-726.054053149
2018-04-20 09:47:00,-726.054053149
2018-04-20 09:48:00,-715.306969549
2018-04-20 09:49:00,-715.306969549
2018-04-20 09:50:00,-650.824467949
2018-04-20 09:51:00,-661.571551549
2018-04-20 09:52:00,-650.824467949
2018-04-20 09:53:00,-640.077384349
2018-04-20 09:54:00,-640.077384349
2018-04-20 09:55:00,-640.077384349
2018-04-20 09:56:00,-650.824467949
2018-04-20 09:57:00,-650.824467949
2018-04-20 09:58:00,-650.824467949
2018-04-20 09:59:00,-650.824467949
2018-04-20 10:00:00,-640.077384349
2018-04-20 10:01:00,-629.330300749
2018-04-20 10:02:00,-629.330300749
2018-04-20 10:03:00,-607.836133549
2018-04-20 10:04:00,-693.812802349
2018-04-20 10:05:00,-693.812802349
2018-04-20 10:06:00,-683.065718749
2018-04-20 10:07:00,-683.065718749
2018-04-20 10:08:00,-683.065718749
2018-04-20 10:09:00,-683.065718749
2018-04-20 10:10:00,-661.571551549
2018-04-20 10:11:00,-683.065718749
2018-04-20 10:12:00,-693.812802349
2018-04-20 10:13:00,-693.812802349
2018-04-20 10:14:00,-726.054053149
2018-04-20 10:15:00,-715.306969549
2018-04-20 10:16:00,-715.306969549
2018-04-20 10:17:00,-715.306969549
2018-04-20 10:18:00,-726.054053149
2018-04-20 10:19:00,-715.306969549
2018-04-20 10:20:00,-715.306969549
2018-04-20 10:21:00,-704.559885949
2018-04-20 10:22:00,-704.559885949
2018-04-20 10:23:00,-704.559885949
2018-04-20 10:24:00,-693.812802349
2018-04-20 10:25:00,-672.318635149
2018-04-20 10:26:00,-672.318635149
2018-04-20 10:27:00,-661.571551549
2018-04-20 10:28:00,-661.571551549
2018-04-20 10:29:00,-650.824467949
2018-04-20 10:30:00,-650.824467949
2018-04-20 10:31:00,-650.824467949
2018-04-20 10:32:00,-650.824467949
2018-04-20 10:33:00,-650.824467949
2018-04-20 10:34:00,-650.824467949
2018-04-20 10:35:00,-704.559885949
2018-04-20 10:36:00,-704.559885949
2018-04-20 10:37:00,-715.306969549
2018-04-20 10:38:00,-715.306969549
2018-04-20 10:39:00,-747.548220349
2018-04-20 10:40:00,-758.295303949
2018-04-20 10:41:00,-758.295303949
2018-04-20 10:42:00,-758.295303949
2018-04-20 10:43:00,-747.548220349
2018-04-20 10:44:00,-747.548220349
2018-04-20 10:45:00,-747.548220349
2018-04-20 10:46:00,-726.054053149
2018-04-20 10:47:00,-726.054053149
2018-04-20 10:48:00,-726.054053149
2018-04-20 10:49:00,-726.054053149
2018-04-20 10:50:00,-715.306969549
2018-04-20 10:51:00,-715.306969549
2018-04-20 10:52:00,-715.306969549
2018-04-20 10:53:00,-726.054053149
2018-04-20 10:54:00,-726.054053149
2018-04-20 10:55:00,-726.054053149
2018-04-20 10:56:00,-715.306969549
2018-04-20 10:57:00,-715.306969549
2018-04-20 10:58:00,-715.306969549
2018-04-20 10:59:00,-715.306969549
2018-04-20 11:00:00,-693.812802349
2018-04-20 11:01:00,-704.559885949
2018-04-20 11:02:00,-704.559885949
2018-04-20 11:03:00,-693.812802349
2018-04-20 11:04:00,-683.065718749
2018-04-20 11:05:00,-693.812802349
2018-04-20 11:06:00,-693.812802349
2018-04-20 11:07:00,-704.559885949
2018-04-20 11:08:00,-693.812802349
2018-04-20 11:09:00,-693.812802349
2018-04-20 11:10:00,-693.812802349
2018-04-20 11:11:00,-693.812802349
2018-04-20 11:12:00,-693.812802349
2018-04-20 11:13:00,-693.812802349
2018-04-20 11:14:00,-693.812802349
2018-04-20 11:15:00,-693.812802349
2018-04-20 11:16:00,-715.306969549
2018-04-20 11:17:00,-715.306969549
2018-04-20 11:18:00,-715.306969549
2018-04-20 11:19:00,-726.054053149
2018-04-20 11:20:00,-726.054053149
2018-04-20 11:21:00,-726.054053149
2018-04-20 11:22:00,-715.306969549
2018-04-20 11:23:00,-726.054053149
2018-04-20 11:24:00,-736.801136749
2018-04-20 11:25:00,-736.801136749
2018-04-20 11:26:00,-736.801136749
2018-04-20 11:27:00,-736.801136749
2018-04-20 11:28:00,-736.801136749
2018-04-20 11:29:00,-726.054053149
2018-04-20 11:30:00,-715.306969549
2018-04-20 11:31:00,-736.801136749
2018-04-20 11:32:00,-736.801136749
2018-04-20 11:33:00,-736.801136749
2018-04-20 11:34:00,-747.548220349
2018-04-20 11:35:00,-747.548220349
2018-04-20 11:36:00,-747.548220349
2018-04-20 11:37:00,-747.548220349
2018-04-20 11:38:00,-704.559885949
2018-04-20 11:39:00,-704.559885949
2018-04-20 11:40:00,-747.548220349
2018-04-20 11:41:00,-747.548220349
2018-04-20 11:42:00,-747.548220349
2018-04-20 11:43:00,-747.548220349
2018-04-20 11:44:00,-747.548220349
2018-04-20 11:45:00,-736.801136749
2018-04-20 11:46:00,-736.801136749
2018-04-20 11:47:00,-747.548220349
2018-04-20 11:48:00,-726.054053149
2018-04-20 11:49:00,-726.054053149
2018-04-20 11:50:00,-715.306969549
2018-04-20 11:51:00,-715.306969549
2018-04-20 11:52:00,-715.306969549
2018-04-20 11:53:00,-726.054053149
2018-04-20 11:54:00,-715.306969549
2018-04-20 11:55:00,-715.306969549
2018-04-20 11:56:00,-715.306969549
2018-04-20 11:57:00,-715.306969549
2018-04-20 11:58:00,-715.306969549
2018-04-20 11:59:00,-715.306969549
2018-04-23 01:29:00,-273.632303701
2018-04-23 01:30:00,-273.632303701
2018-04-23 01:31:00,-273.632303701
2018-04-23 01:32:00,-273.632303701
2018-04-23 01:33:00,-273.632303701
2018-04-23 01:34:00,-718.532684101
2018-04-23 01:35:00,-718.532684101
2018-04-23 01:36:00,-718.532684101
2018-04-23 01:37:00,-718.532684101
2018-04-23 01:38:00,-718.532684101
2018-04-23 01:39:00,-728.204431501
2018-04-23 01:40:00,-708.860936701
2018-04-23 01:41:00,-708.860936701
2018-04-23 01:42:00,-708.860936701
2018-04-23 01:43:00,-708.860936701
2018-04-23 01:44:00,-708.860936701
2018-04-23 01:45:00,-718.532684101
2018-04-23 01:46:00,-708.860936701
2018-04-23 01:47:00,-728.204431501
2018-04-23 01:48:00,-728.204431501
2018-04-23 01:49:00,-728.204431501
2018-04-23 01:50:00,-718.532684101
2018-04-23 01:51:00,-728.204431501
2018-04-23 01:52:00,-708.860936701
2018-04-23 01:53:00,-708.860936701
2018-04-23 01:54:00,-708.860936701
2018-04-23 01:55:00,-708.860936701
2018-04-23 01:56:00,-708.860936701
2018-04-23 01:57:00,-708.860936701
2018-04-23 01:58:00,-708.860936701
2018-04-23 01:59:00,-708.860936701
2018-04-23 02:00:00,-795.906663301
2018-04-23 02:01:00,-805.578410701
2018-04-23 02:02:00,-795.906663301
2018-04-23 02:03:00,-805.578410701
2018-04-23 02:04:00,-805.578410701
2018-04-23 02:05:00,-805.578410701
2018-04-23 02:06:00,-805.578410701
2018-04-23 02:07:00,-805.578410701
2018-04-23 02:08:00,-815.250158101
2018-04-23 02:09:00,-795.906663301
2018-04-23 02:10:00,-795.906663301
2018-04-23 02:11:00,-786.234915901
2018-04-23 02:12:00,-805.578410701
2018-04-23 02:13:00,-786.234915901
2018-04-23 02:14:00,-805.578410701
2018-04-23 02:15:00,-795.906663301
2018-04-23 02:16:00,-795.906663301
2018-04-23 02:17:00,-805.578410701
2018-04-23 02:18:00,-805.578410701
2018-04-23 02:19:00,-805.578410701
2018-04-23 02:20:00,-795.906663301
2018-04-23 02:21:00,-786.234915901
2018-04-23 02:22:00,-786.234915901
2018-04-23 02:23:00,-766.891421101
2018-04-23 02:24:00,-776.563168501
2018-04-23 02:25:00,-766.891421101
2018-04-23 02:26:00,-728.204431501
2018-04-23 02:27:00,-737.876178901
2018-04-23 02:28:00,-747.547926301
2018-04-23 02:29:00,-728.204431501
2018-04-23 02:30:00,-766.891421101
2018-04-23 02:31:00,-757.219673701
2018-04-23 02:32:00,-747.547926301
2018-04-23 02:33:00,-747.547926301
2018-04-23 02:34:00,-728.204431501
2018-04-23 02:35:00,-728.204431501
2018-04-23 02:36:00,-718.532684101
2018-04-23 02:37:00,-728.204431501
2018-04-23 02:38:00,-747.547926301
2018-04-23 02:39:00,-737.876178901
2018-04-23 02:40:00,-766.891421101
2018-04-23 02:41:00,-757.219673701
2018-04-23 02:42:00,-747.547926301
2018-04-23 02:43:00,-766.891421101
2018-04-23 02:44:00,-776.563168501
2018-04-23 02:45:00,-757.219673701
2018-04-23 02:46:00,-737.876178901
2018-04-23 02:47:00,-728.204431501
2018-04-23 02:48:00,-737.876178901
2018-04-23 02:49:00,-747.547926301
2018-04-23 02:50:00,-747.547926301
2018-04-23 02:51:00,-747.547926301
2018-04-23 02:52:00,-747.547926301
2018-04-23 02:53:00,-737.876178901
2018-04-23 02:54:00,-747.547926301
2018-04-23 02:55:00,-766.891421101
2018-04-23 02:56:00,-766.891421101
2018-04-23 02:57:00,-766.891421101
2018-04-23 02:58:00,-786.234915901
2018-04-23 02:59:00,-824.921905501
2018-04-23 03:00:00,-824.921905501
2018-04-23 03:01:00,-844.265400301
2018-04-23 03:02:00,-834.593652901
2018-04-23 03:03:00,-834.593652901
2018-04-23 03:04:00,-844.265400301
2018-04-23 03:05:00,-824.921905501
2018-04-23 03:06:00,-844.265400301
2018-04-23 03:07:00,-834.593652901
2018-04-23 03:08:00,-844.265400301
2018-04-23 03:09:00,-834.593652901
2018-04-23 03:10:00,-824.921905501
2018-04-23 03:11:00,-834.593652901
2018-04-23 03:12:00,-824.921905501
2018-04-23 03:13:00,-824.921905501
2018-04-23 03:14:00,-824.921905501
2018-04-23 03:15:00,-824.921905501
2018-04-23 03:16:00,-824.921905501
2018-04-23 03:17:00,-834.593652901
2018-04-23 03:18:00,-834.593652901
2018-04-23 03:19:00,-834.593652901
2018-04-23 03:20:00,-834.593652901
2018-04-23 03:21:00,-824.921905501
2018-04-23 03:22:00,-824.921905501
2018-04-23 03:23:00,-824.921905501
2018-04-23 03:24:00,-834.593652901
2018-04-23 03:25:00,-824.921905501
2018-04-23 03:26:00,-824.921905501
2018-04-23 03:27:00,-834.593652901
2018-04-23 03:28:00,-834.593652901
2018-04-23 03:29:00,-824.921905501
2018-04-23 03:30:00,-824.921905501
2018-04-23 03:31:00,-834.593652901
2018-04-23 03:32:00,-824.921905501
2018-04-23 03:33:00,-834.593652901
2018-04-23 03:34:00,-834.593652901
2018-04-23 03:35:00,-824.921905501
2018-04-23 03:36:00,-844.265400301
2018-04-23 03:37:00,-844.265400301
2018-04-23 03:38:00,-844.265400301
2018-04-23 03:39:00,-853.937147701
2018-04-23 03:40:00,-844.265400301
2018-04-23 03:41:00,-853.937147701
2018-04-23 03:42:00,-853.937147701
2018-04-23 03:43:00,-863.608895101
2018-04-23 03:44:00,-863.608895101
2018-04-23 03:45:00,-863.608895101
2018-04-23 03:46:00,-853.937147701
2018-04-23 03:47:00,-853.937147701
2018-04-23 03:48:00,-834.593652901
2018-04-23 03:49:00,-834.593652901
2018-04-23 03:50:00,-824.921905501
2018-04-23 03:51:00,-824.921905501
2018-04-23 03:52:00,-844.265400301
2018-04-23 03:53:00,-844.265400301
2018-04-23 03:54:00,-844.265400301
2018-04-23 03:55:00,-844.265400301
2018-04-23 03:56:00,-844.265400301
2018-04-23 03:57:00,-844.265400301
2018-04-23 03:58:00,-844.265400301
2018-04-23 03:59:00,-853.937147701
2018-04-23 04:00:00,-853.937147701
2018-04-23 04:01:00,-863.608895101
2018-04-23 04:02:00,-863.608895101
2018-04-23 04:03:00,-863.608895101
2018-04-23 04:04:00,-863.608895101
2018-04-23 04:05:00,-863.608895101
2018-04-23 04:06:00,-863.608895101
2018-04-23 04:07:00,-853.937147701
2018-04-23 04:08:00,-853.937147701
2018-04-23 04:09:00,-853.937147701
2018-04-23 04:10:00,-853.937147701
2018-04-23 04:11:00,-853.937147701
2018-04-23 04:12:00,-853.937147701
2018-04-23 04:13:00,-853.937147701
2018-04-23 04:14:00,-834.593652901
2018-04-23 04:15:00,-844.265400301
2018-04-23 04:16:00,-844.265400301
2018-04-23 04:17:00,-853.937147701
2018-04-23 04:18:00,-853.937147701
2018-04-23 04:19:00,-853.937147701
2018-04-23 04:20:00,-853.937147701
2018-04-23 04:21:00,-853.937147701
2018-04-23 04:22:00,-853.937147701
2018-04-23 04:23:00,-853.937147701
2018-04-23 04:24:00,-853.937147701
2018-04-23 04:25:00,-853.937147701
2018-04-23 04:26:00,-853.937147701
2018-04-23 04:27:00,-853.937147701
2018-04-23 04:28:00,-853.937147701
2018-04-23 04:29:00,-844.265400301
2018-04-23 04:30:00,-853.937147701
2018-04-23 04:31:00,-834.593652901
2018-04-23 04:32:00,-844.265400301
2018-04-23 04:33:00,-844.265400301
2018-04-23 04:34:00,-834.593652901
2018-04-23 04:35:00,-844.265400301
2018-04-23 04:36:00,-834.593652901
2018-04-23 04:37:00,-834.593652901
2018-04-23 04:38:00,-834.593652901
2018-04-23 04:39:00,-834.593652901
2018-04-23 04:40:00,-844.265400301
2018-04-23 04:41:00,-844.265400301
2018-04-23 04:42:00,-844.265400301
2018-04-23 04:43:00,-834.593652901
2018-04-23 04:44:00,-834.593652901
2018-04-23 04:45:00,-834.593652901
2018-04-23 04:46:00,-834.593652901
2018-04-23 04:47:00,-834.593652901
2018-04-23 04:48:00,-834.593652901
2018-04-23 04:49:00,-834.593652901
2018-04-23 04:50:00,-815.250158101
2018-04-23 04:51:00,-815.250158101
2018-04-23 04:52:00,-805.578410701
2018-04-23 04:53:00,-805.578410701
2018-04-23 04:54:00,-815.250158101
2018-04-23 04:55:00,-815.250158101
2018-04-23 04:56:00,-815.250158101
2018-04-23 04:57:00,-815.250158101
2018-04-23 04:58:00,-815.250158101
2018-04-23 04:59:00,-815.250158101
2018-04-23 05:00:00,-824.921905501
2018-04-23 05:01:00,-815.250158101
2018-04-23 05:02:00,-815.250158101
2018-04-23 05:03:00,-815.250158101
2018-04-23 05:04:00,-795.906663301
2018-04-23 05:05:00,-795.906663301
2018-04-23 05:06:00,-795.906663301
2018-04-23 05:07:00,-815.250158101
2018-04-23 05:08:00,-795.906663301
2018-04-23 05:09:00,-805.578410701
2018-04-23 05:10:00,-805.578410701
2018-04-23 05:11:00,-805.578410701
2018-04-23 05:12:00,-805.578410701
2018-04-23 05:13:00,-805.578410701
2018-04-23 05:14:00,-805.578410701
2018-04-23 05:15:00,-805.578410701
2018-04-23 05:16:00,-805.578410701
2018-04-23 05:17:00,-805.578410701
2018-04-23 05:18:00,-824.921905501
2018-04-23 05:19:00,-824.921905501
2018-04-23 05:20:00,-824.921905501
2018-04-23 05:21:00,-795.906663301
2018-04-23 05:22:00,-795.906663301
2018-04-23 05:23:00,-795.906663301
2018-04-23 05:24:00,-795.906663301
2018-04-23 05:25:00,-795.906663301
2018-04-23 05:26:00,-795.906663301
2018-04-23 05:27:00,-795.906663301
2018-04-23 05:28:00,-795.906663301
2018-04-23 05:29:00,-795.906663301
2018-04-23 05:30:00,-786.234915901
2018-04-23 05:31:00,-776.563168501
2018-04-23 05:32:00,-776.563168501
2018-04-23 05:33:00,-776.563168501
2018-04-23 05:34:00,-786.234915901
2018-04-23 05:35:00,-786.234915901
2018-04-23 05:36:00,-786.234915901
2018-04-23 05:37:00,-786.234915901
2018-04-23 05:38:00,-786.234915901
2018-04-23 05:39:00,-786.234915901
2018-04-23 05:40:00,-786.234915901
2018-04-23 05:41:00,-786.234915901
2018-04-23 05:42:00,-786.234915901
2018-04-23 05:43:00,-786.234915901
2018-04-23 05:44:00,-766.891421101
2018-04-23 05:45:00,-766.891421101
2018-04-23 05:46:00,-757.219673701
2018-04-23 05:47:00,-766.891421101
2018-04-23 05:48:00,-795.906663301
2018-04-23 05:49:00,-766.891421101
2018-04-23 05:50:00,-766.891421101
2018-04-23 05:51:00,-776.563168501
2018-04-23 05:52:00,-776.563168501
2018-04-23 05:53:00,-786.234915901
2018-04-23 05:54:00,-786.234915901
2018-04-23 05:55:00,-786.234915901
2018-04-23 05:56:00,-805.578410701
2018-04-23 05:57:00,-795.906663301
2018-04-23 05:58:00,-786.234915901
2018-04-23 05:59:00,-786.234915901
2018-04-23 06:00:00,-786.234915901
2018-04-23 06:01:00,-786.234915901
2018-04-23 06:02:00,-786.234915901
2018-04-23 06:03:00,-786.234915901
2018-04-23 06:04:00,-786.234915901
2018-04-23 06:05:00,-815.250158101
2018-04-23 06:06:00,-815.250158101
2018-04-23 06:07:00,-815.250158101
2018-04-23 06:08:00,-815.250158101
2018-04-23 06:09:00,-824.921905501
2018-04-23 06:10:00,-834.593652901
2018-04-23 06:11:00,-844.265400301
2018-04-23 06:12:00,-834.593652901
2018-04-23 06:13:00,-805.578410701
2018-04-23 06:14:00,-815.250158101
2018-04-23 06:15:00,-824.921905501
2018-04-23 06:16:00,-815.250158101
2018-04-23 06:17:00,-815.250158101
2018-04-23 06:18:00,-815.250158101
2018-04-23 06:19:00,-815.250158101
2018-04-23 06:20:00,-815.250158101
2018-04-23 06:21:00,-815.250158101
2018-04-23 06:22:00,-815.250158101
2018-04-23 06:23:00,-824.921905501
2018-04-23 06:24:00,-815.250158101
2018-04-23 06:25:00,-815.250158101
2018-04-23 06:26:00,-824.921905501
2018-04-23 06:27:00,-824.921905501
2018-04-23 06:28:00,-824.921905501
2018-04-23 06:29:00,-824.921905501
2018-04-23 06:30:00,-824.921905501
2018-04-23 06:31:00,-824.921905501
2018-04-23 06:32:00,-795.906663301
2018-04-23 06:33:00,-805.578410701
2018-04-23 06:34:00,-795.906663301
2018-04-23 06:35:00,-795.906663301
2018-04-23 06:36:00,-805.578410701
2018-04-23 06:37:00,-805.578410701
2018-04-23 06:38:00,-805.578410701
2018-04-23 06:39:00,-815.250158101
2018-04-23 06:40:00,-815.250158101
2018-04-23 06:41:00,-824.921905501
2018-04-23 06:42:00,-824.921905501
2018-04-23 06:43:00,-824.921905501
2018-04-23 06:44:00,-824.921905501
2018-04-23 06:45:00,-824.921905501
2018-04-23 06:46:00,-805.578410701
2018-04-23 06:47:00,-805.578410701
2018-04-23 06:48:00,-805.578410701
2018-04-23 06:49:00,-805.578410701
2018-04-23 06:50:00,-805.578410701
2018-04-23 06:51:00,-805.578410701
2018-04-23 06:52:00,-805.578410701
2018-04-23 06:53:00,-805.578410701
2018-04-23 06:54:00,-795.906663301
2018-04-23 06:55:00,-805.578410701
2018-04-23 06:56:00,-795.906663301
2018-04-23 06:57:00,-795.906663301
2018-04-23 06:58:00,-795.906663301
2018-04-23 06:59:00,-786.234915901
2018-04-23 07:00:00,-795.906663301
2018-04-23 07:01:00,-786.234915901
2018-04-23 07:02:00,-795.906663301
2018-04-23 07:03:00,-795.906663301
2018-04-23 07:04:00,-795.906663301
2018-04-23 07:05:00,-805.578410701
2018-04-23 07:06:00,-805.578410701
2018-04-23 07:07:00,-805.578410701
2018-04-23 07:08:00,-805.578410701
2018-04-23 07:09:00,-805.578410701
2018-04-23 07:10:00,-805.578410701
2018-04-23 07:11:00,-805.578410701
2018-04-23 07:12:00,-815.250158101
2018-04-23 07:13:00,-815.250158101
2018-04-23 07:14:00,-805.578410701
2018-04-23 07:15:00,-805.578410701
2018-04-23 07:16:00,-805.578410701
2018-04-23 07:17:00,-805.578410701
2018-04-23 07:18:00,-805.578410701
2018-04-23 07:19:00,-795.906663301
2018-04-23 07:20:00,-786.234915901
2018-04-23 07:21:00,-766.891421101
2018-04-23 07:22:00,-786.234915901
2018-04-23 07:23:00,-776.563168501
2018-04-23 07:24:00,-786.234915901
2018-04-23 07:25:00,-766.891421101
2018-04-23 07:26:00,-786.234915901
2018-04-23 07:27:00,-786.234915901
2018-04-23 07:28:00,-786.234915901
2018-04-23 07:29:00,-786.234915901
2018-04-23 07:30:00,-786.234915901
2018-04-23 07:31:00,-786.234915901
2018-04-23 07:32:00,-786.234915901
2018-04-23 07:33:00,-786.234915901
2018-04-23 07:34:00,-786.234915901
2018-04-23 07:35:00,-786.234915901
2018-04-23 07:36:00,-786.234915901
2018-04-23 07:37:00,-766.891421101
2018-04-23 07:38:00,-776.563168501
2018-04-23 07:39:00,-776.563168501
2018-04-23 07:40:00,-786.234915901
2018-04-23 07:41:00,-786.234915901
2018-04-23 07:42:00,-786.234915901
2018-04-23 07:43:00,-776.563168501
2018-04-23 07:44:00,-786.234915901
2018-04-23 07:45:00,-786.234915901
2018-04-23 07:46:00,-786.234915901
2018-04-23 07:47:00,-776.563168501
2018-04-23 07:48:00,-776.563168501
2018-04-23 07:49:00,-776.563168501
2018-04-23 07:50:00,-786.234915901
2018-04-23 07:51:00,-786.234915901
2018-04-23 07:52:00,-786.234915901
2018-04-23 07:53:00,-795.906663301
2018-04-23 07:54:00,-795.906663301
2018-04-23 07:55:00,-795.906663301
2018-04-23 07:56:00,-786.234915901
2018-04-23 07:57:00,-786.234915901
2018-04-23 07:58:00,-786.234915901
2018-04-23 07:59:00,-786.234915901
2018-04-23 08:00:00,-795.906663301
2018-04-23 08:01:00,-795.906663301
2018-04-23 08:02:00,-776.563168501
2018-04-23 08:03:00,-786.234915901
2018-04-23 08:04:00,-786.234915901
2018-04-23 08:05:00,-786.234915901
2018-04-23 08:06:00,-805.578410701
2018-04-23 08:07:00,-805.578410701
2018-04-23 08:08:00,-805.578410701
2018-04-23 08:09:00,-815.250158101
2018-04-23 08:10:00,-815.250158101
2018-04-23 08:11:00,-805.578410701
2018-04-23 08:12:00,-815.250158101
2018-04-23 08:13:00,-815.250158101
2018-04-23 08:14:00,-815.250158101
2018-04-23 08:15:00,-815.250158101
2018-04-23 08:16:00,-815.250158101
2018-04-23 08:17:00,-815.250158101
2018-04-23 08:18:00,-815.250158101
2018-04-23 08:19:00,-815.250158101
2018-04-23 08:20:00,-805.578410701
2018-04-23 08:21:00,-815.250158101
2018-04-23 08:22:00,-805.578410701
2018-04-23 08:23:00,-805.578410701
2018-04-23 08:24:00,-795.906663301
2018-04-23 08:25:00,-795.906663301
2018-04-23 08:26:00,-795.906663301
2018-04-23 08:27:00,-805.578410701
2018-04-23 08:28:00,-805.578410701
2018-04-23 08:29:00,-805.578410701
2018-04-23 08:30:00,-786.234915901
2018-04-23 08:31:00,-786.234915901
2018-04-23 08:32:00,-786.234915901
2018-04-23 08:33:00,-786.234915901
2018-04-23 08:34:00,-786.234915901
2018-04-23 08:35:00,-786.234915901
2018-04-23 08:36:00,-786.234915901
2018-04-23 08:37:00,-786.234915901
2018-04-23 08:38:00,-786.234915901
2018-04-23 08:39:00,-786.234915901
2018-04-23 08:40:00,-786.234915901
2018-04-23 08:41:00,-786.234915901
2018-04-23 08:42:00,-795.906663301
2018-04-23 08:43:00,-795.906663301
2018-04-23 08:44:00,-795.906663301
2018-04-23 08:45:00,-795.906663301
2018-04-23 08:46:00,-795.906663301
2018-04-23 08:47:00,-795.906663301
2018-04-23 08:48:00,-795.906663301
2018-04-23 08:49:00,-795.906663301
2018-04-23 08:50:00,-795.906663301
2018-04-23 08:51:00,-795.906663301
2018-04-23 08:52:00,-795.906663301
2018-04-23 08:53:00,-815.250158101
2018-04-23 08:54:00,-795.906663301
2018-04-23 08:55:00,-795.906663301
2018-04-23 08:56:00,-766.891421101
2018-04-23 08:57:00,-766.891421101
2018-04-23 08:58:00,-786.234915901
2018-04-23 08:59:00,-786.234915901
2018-04-23 09:00:00,-786.234915901
2018-04-23 09:01:00,-786.234915901
2018-04-23 09:02:00,-795.906663301
2018-04-23 09:03:00,-786.234915901
2018-04-23 09:04:00,-786.234915901
2018-04-23 09:05:00,-795.906663301
2018-04-23 09:06:00,-795.906663301
2018-04-23 09:07:00,-795.906663301
2018-04-23 09:08:00,-815.250158101
2018-04-23 09:09:00,-815.250158101
2018-04-23 09:10:00,-815.250158101
2018-04-23 09:11:00,-815.250158101
2018-04-23 09:12:00,-815.250158101
2018-04-23 09:13:00,-815.250158101
2018-04-23 09:14:00,-815.250158101
2018-04-23 09:15:00,-815.250158101
2018-04-23 09:16:00,-815.250158101
2018-04-23 09:17:00,-805.578410701
2018-04-23 09:18:00,-815.250158101
2018-04-23 09:19:00,-815.250158101
2018-04-23 09:20:00,-815.250158101
2018-04-23 09:21:00,-815.250158101
2018-04-23 09:22:00,-815.250158101
2018-04-23 09:23:00,-815.250158101
2018-04-23 09:24:00,-815.250158101
2018-04-23 09:25:00,-815.250158101
2018-04-23 09:26:00,-805.578410701
2018-04-23 09:27:00,-795.906663301
2018-04-23 09:28:00,-815.250158101
2018-04-23 09:29:00,-815.250158101
2018-04-23 09:30:00,-815.250158101
2018-04-23 09:31:00,-805.578410701
2018-04-23 09:32:00,-815.250158101
2018-04-23 09:33:00,-815.250158101
2018-04-23 09:34:00,-805.578410701
2018-04-23 09:35:00,-795.906663301
2018-04-23 09:36:00,-795.906663301
2018-04-23 09:37:00,-815.250158101
2018-04-23 09:38:00,-815.250158101
2018-04-23 09:39:00,-815.250158101
2018-04-23 09:40:00,-815.250158101
2018-04-23 09:41:00,-815.250158101
2018-04-23 09:42:00,-815.250158101
2018-04-23 09:43:00,-815.250158101
2018-04-23 09:44:00,-815.250158101
2018-04-23 09:45:00,-815.250158101
2018-04-23 09:46:00,-815.250158101
2018-04-23 09:47:00,-815.250158101
2018-04-23 09:48:00,-815.250158101
2018-04-23 09:49:00,-815.250158101
2018-04-23 09:50:00,-815.250158101
2018-04-23 09:51:00,-815.250158101
2018-04-23 09:52:00,-815.250158101
2018-04-23 09:53:00,-815.250158101
2018-04-23 09:54:00,-815.250158101
2018-04-23 09:55:00,-815.250158101
2018-04-23 09:56:00,-815.250158101
2018-04-23 09:57:00,-815.250158101
2018-04-23 09:58:00,-815.250158101
2018-04-23 09:59:00,-815.250158101
2018-04-23 10:00:00,-815.250158101
2018-04-23 10:01:00,-795.906663301
2018-04-23 10:02:00,-795.906663301
2018-04-23 10:03:00,-786.234915901
2018-04-23 10:04:00,-786.234915901
2018-04-23 10:05:00,-786.234915901
2018-04-23 10:06:00,-786.234915901
2018-04-23 10:07:00,-786.234915901
2018-04-23 10:08:00,-786.234915901
2018-04-23 10:09:00,-786.234915901
2018-04-23 10:10:00,-786.234915901
2018-04-23 10:11:00,-786.234915901
2018-04-23 10:12:00,-776.563168501
2018-04-23 10:13:00,-766.891421101
2018-04-23 10:14:00,-766.891421101
2018-04-23 10:15:00,-766.891421101
2018-04-23 10:16:00,-776.563168501
2018-04-23 10:17:00,-776.563168501
2018-04-23 10:18:00,-766.891421101
2018-04-23 10:19:00,-776.563168501
2018-04-23 10:20:00,-786.234915901
2018-04-23 10:21:00,-786.234915901
2018-04-23 10:22:00,-786.234915901
2018-04-23 10:23:00,-786.234915901
2018-04-23 10:24:00,-786.234915901
2018-04-23 10:25:00,-786.234915901
2018-04-23 10:26:00,-786.234915901
2018-04-23 10:27:00,-786.234915901
2018-04-23 10:28:00,-786.234915901
2018-04-23 10:29:00,-805.578410701
2018-04-23 10:30:00,-805.578410701
2018-04-23 10:31:00,-786.234915901
2018-04-23 10:32:00,-786.234915901
2018-04-23 10:33:00,-786.234915901
2018-04-23 10:34:00,-805.578410701
2018-04-23 10:35:00,-815.250158101
2018-04-23 10:36:00,-815.250158101
2018-04-23 10:37:00,-815.250158101
2018-04-23 10:38:00,-815.250158101
2018-04-23 10:39:00,-815.250158101
2018-04-23 10:40:00,-815.250158101
2018-04-23 10:41:00,-815.250158101
2018-04-23 10:42:00,-815.250158101
2018-04-23 10:43:00,-815.250158101
2018-04-23 10:44:00,-815.250158101
2018-04-23 10:45:00,-815.250158101
2018-04-23 10:46:00,-805.578410701
2018-04-23 10:47:00,-824.921905501
2018-04-23 10:48:00,-824.921905501
2018-04-23 10:49:00,-824.921905501
2018-04-23 10:50:00,-824.921905501
2018-04-23 10:51:00,-824.921905501
2018-04-23 10:52:00,-824.921905501
2018-04-23 10:53:00,-824.921905501
2018-04-23 10:54:00,-834.593652901
2018-04-23 10:55:00,-844.265400301
2018-04-23 10:56:00,-834.593652901
2018-04-23 10:57:00,-844.265400301
2018-04-23 10:58:00,-824.921905501
2018-04-23 10:59:00,-815.250158101
2018-04-23 11:00:00,-815.250158101
2018-04-23 11:01:00,-815.250158101
2018-04-23 11:02:00,-815.250158101
2018-04-23 11:03:00,-815.250158101
2018-04-23 11:04:00,-815.250158101
2018-04-23 11:05:00,-805.578410701
2018-04-23 11:06:00,-834.593652901
2018-04-23 11:07:00,-815.250158101
2018-04-23 11:08:00,-815.250158101
2018-04-23 11:09:00,-815.250158101
2018-04-23 11:10:00,-815.250158101
2018-04-23 11:11:00,-824.921905501
2018-04-23 11:12:00,-815.250158101
2018-04-23 11:13:00,-815.250158101
2018-04-23 11:14:00,-815.250158101
2018-04-23 11:15:00,-815.250158101
2018-04-23 11:16:00,-805.578410701
2018-04-23 11:17:00,-805.578410701
2018-04-23 11:18:00,-805.578410701
2018-04-23 11:19:00,-805.578410701
2018-04-23 11:20:00,-805.578410701
2018-04-23 11:21:00,-805.578410701
2018-04-23 11:22:00,-805.578410701
2018-04-23 11:23:00,-805.578410701
2018-04-23 11:24:00,-795.906663301
2018-04-23 11:25:00,-795.906663301
2018-04-23 11:26:00,-786.234915901
2018-04-23 11:27:00,-795.906663301
2018-04-23 11:28:00,-795.906663301
2018-04-23 11:29:00,-786.234915901
2018-04-23 11:30:00,-786.234915901
2018-04-23 11:31:00,-786.234915901
2018-04-23 11:32:00,-786.234915901
2018-04-23 11:33:00,-786.234915901
2018-04-23 11:34:00,-786.234915901
2018-04-23 11:35:00,-795.906663301
2018-04-23 11:36:00,-795.906663301
2018-04-23 11:37:00,-795.906663301
2018-04-23 11:38:00,-776.563168501
2018-04-23 11:39:00,-776.563168501
2018-04-23 11:40:00,-776.563168501
2018-04-23 11:41:00,-776.563168501
2018-04-23 11:42:00,-805.578410701
2018-04-23 11:43:00,-795.906663301
2018-04-23 11:44:00,-795.906663301
2018-04-23 11:45:00,-776.563168501
2018-04-23 11:46:00,-786.234915901
2018-04-23 11:47:00,-776.563168501
2018-04-23 11:48:00,-795.906663301
2018-04-23 11:49:00,-795.906663301
2018-04-23 11:50:00,-795.906663301
2018-04-23 11:51:00,-795.906663301
2018-04-23 11:52:00,-795.906663301
2018-04-23 11:53:00,-795.906663301
2018-04-23 11:54:00,-795.906663301
2018-04-23 11:55:00,-795.906663301
2018-04-23 11:56:00,-795.906663301
2018-04-23 11:57:00,-795.906663301
2018-04-23 11:58:00,-795.906663301
2018-04-23 11:59:00,-795.906663301
2018-04-24 01:29:00,-873.280642501
2018-04-24 01:30:00,-873.280642501
2018-04-24 01:31:00,-873.280642501
2018-04-24 01:32:00,-873.280642501
2018-04-24 01:33:00,-873.280642501
2018-04-24 01:34:00,-873.280642501
2018-04-24 01:35:00,-873.280642501
2018-04-24 01:36:00,-737.876178901
2018-04-24 01:37:00,-737.876178901
2018-04-24 01:38:00,-747.547926301
2018-04-24 01:39:00,-737.876178901
2018-04-24 01:40:00,-737.876178901
2018-04-24 01:41:00,-737.876178901
2018-04-24 01:42:00,-737.876178901
2018-04-24 01:43:00,-737.876178901
2018-04-24 01:44:00,-747.547926301
2018-04-24 01:45:00,-747.547926301
2018-04-24 01:46:00,-737.876178901
2018-04-24 01:47:00,-737.876178901
2018-04-24 01:48:00,-737.876178901
2018-04-24 01:49:00,-737.876178901
2018-04-24 01:50:00,-747.547926301
2018-04-24 01:51:00,-747.547926301
2018-04-24 01:52:00,-747.547926301
2018-04-24 01:53:00,-747.547926301
2018-04-24 01:54:00,-747.547926301
2018-04-24 01:55:00,-747.547926301
2018-04-24 01:56:00,-747.547926301
2018-04-24 01:57:00,-728.204431501
2018-04-24 01:58:00,-708.860936701
2018-04-24 01:59:00,-708.860936701
2018-04-24 02:00:00,-708.860936701
2018-04-24 02:01:00,-708.860936701
2018-04-24 02:02:00,-689.517441901
2018-04-24 02:03:00,-689.517441901
2018-04-24 02:04:00,-670.173947101
2018-04-24 02:05:00,-670.173947101
2018-04-24 02:06:00,-689.517441901
2018-04-24 02:07:00,-689.517441901
2018-04-24 02:08:00,-689.517441901
2018-04-24 02:09:00,-699.189189301
2018-04-24 02:10:00,-699.189189301
2018-04-24 02:11:00,-679.845694501
2018-04-24 02:12:00,-689.517441901
2018-04-24 02:13:00,-689.517441901
2018-04-24 02:14:00,-699.189189301
2018-04-24 02:15:00,-699.189189301
2018-04-24 02:16:00,-689.517441901
2018-04-24 02:17:00,-689.517441901
2018-04-24 02:18:00,-689.517441901
2018-04-24 02:19:00,-689.517441901
2018-04-24 02:20:00,-670.173947101
2018-04-24 02:21:00,-679.845694501
2018-04-24 02:22:00,-689.517441901
2018-04-24 02:23:00,-708.860936701
2018-04-24 02:24:00,-747.547926301
2018-04-24 02:25:00,-747.547926301
2018-04-24 02:26:00,-766.891421101
2018-04-24 02:27:00,-757.219673701
2018-04-24 02:28:00,-766.891421101
2018-04-24 02:29:00,-747.547926301
2018-04-24 02:30:00,-747.547926301
2018-04-24 02:31:00,-747.547926301
2018-04-24 02:32:00,-737.876178901
2018-04-24 02:33:00,-737.876178901
2018-04-24 02:34:00,-718.532684101
2018-04-24 02:35:00,-718.532684101
2018-04-24 02:36:00,-728.204431501
2018-04-24 02:37:00,-728.204431501
2018-04-24 02:38:00,-728.204431501
2018-04-24 02:39:00,-728.204431501
2018-04-24 02:40:00,-747.547926301
2018-04-24 02:41:00,-747.547926301
2018-04-24 02:42:00,-747.547926301
2018-04-24 02:43:00,-747.547926301
2018-04-24 02:44:00,-747.547926301
2018-04-24 02:45:00,-747.547926301
2018-04-24 02:46:00,-766.891421101
2018-04-24 02:47:00,-757.219673701
2018-04-24 02:48:00,-757.219673701
2018-04-24 02:49:00,-757.219673701
2018-04-24 02:50:00,-757.219673701
2018-04-24 02:51:00,-757.219673701
2018-04-24 02:52:00,-786.234915901
2018-04-24 02:53:00,-776.563168501
2018-04-24 02:54:00,-786.234915901
2018-04-24 02:55:00,-786.234915901
2018-04-24 02:56:00,-805.578410701
2018-04-24 02:57:00,-795.906663301
2018-04-24 02:58:00,-776.563168501
2018-04-24 02:59:00,-776.563168501
2018-04-24 03:00:00,-766.891421101
2018-04-24 03:01:00,-766.891421101
2018-04-24 03:02:00,-766.891421101
2018-04-24 03:03:00,-766.891421101
2018-04-24 03:04:00,-795.906663301
2018-04-24 03:05:00,-805.578410701
2018-04-24 03:06:00,-824.921905501
2018-04-24 03:07:00,-834.593652901
2018-04-24 03:08:00,-834.593652901
2018-04-24 03:09:00,-834.593652901
2018-04-24 03:10:00,-834.593652901
2018-04-24 03:11:00,-853.937147701
2018-04-24 03:12:00,-853.937147701
2018-04-24 03:13:00,-844.265400301
2018-04-24 03:14:00,-844.265400301
2018-04-24 03:15:00,-824.921905501
2018-04-24 03:16:00,-824.921905501
2018-04-24 03:17:00,-824.921905501
2018-04-24 03:18:00,-824.921905501
2018-04-24 03:19:00,-824.921905501
2018-04-24 03:20:00,-824.921905501
2018-04-24 03:21:00,-824.921905501
2018-04-24 03:22:00,-824.921905501
2018-04-24 03:23:00,-815.250158101
2018-04-24 03:24:00,-815.250158101
2018-04-24 03:25:00,-815.250158101
2018-04-24 03:26:00,-815.250158101
2018-04-24 03:27:00,-815.250158101
2018-04-24 03:28:00,-815.250158101
2018-04-24 03:29:00,-795.906663301
2018-04-24 03:30:00,-786.234915901
2018-04-24 03:31:00,-795.906663301
2018-04-24 03:32:00,-795.906663301
2018-04-24 03:33:00,-795.906663301
2018-04-24 03:34:00,-795.906663301
2018-04-24 03:35:00,-795.906663301
2018-04-24 03:36:00,-795.906663301
2018-04-24 03:37:00,-795.906663301
2018-04-24 03:38:00,-795.906663301
2018-04-24 03:39:00,-795.906663301
2018-04-24 03:40:00,-795.906663301
2018-04-24 03:41:00,-795.906663301
2018-04-24 03:42:00,-786.234915901
2018-04-24 03:43:00,-786.234915901
2018-04-24 03:44:00,-786.234915901
2018-04-24 03:45:00,-795.906663301
2018-04-24 03:46:00,-786.234915901
2018-04-24 03:47:00,-786.234915901
2018-04-24 03:48:00,-786.234915901
2018-04-24 03:49:00,-786.234915901
2018-04-24 03:50:00,-786.234915901
2018-04-24 03:51:00,-786.234915901
2018-04-24 03:52:00,-795.906663301
2018-04-24 03:53:00,-805.578410701
2018-04-24 03:54:00,-805.578410701
2018-04-24 03:55:00,-805.578410701
2018-04-24 03:56:00,-805.578410701
2018-04-24 03:57:00,-805.578410701
2018-04-24 03:58:00,-805.578410701
2018-04-24 03:59:00,-805.578410701
2018-04-24 04:00:00,-805.578410701
2018-04-24 04:01:00,-805.578410701
2018-04-24 04:02:00,-805.578410701
2018-04-24 04:03:00,-805.578410701
2018-04-24 04:04:00,-824.921905501
2018-04-24 04:05:00,-805.578410701
2018-04-24 04:06:00,-815.250158101
2018-04-24 04:07:00,-805.578410701
2018-04-24 04:08:00,-824.921905501
2018-04-24 04:09:00,-834.593652901
2018-04-24 04:10:00,-834.593652901
2018-04-24 04:11:00,-844.265400301
2018-04-24 04:12:00,-853.937147701
2018-04-24 04:13:00,-853.937147701
2018-04-24 04:14:00,-863.608895101
2018-04-24 04:15:00,-863.608895101
2018-04-24 04:16:00,-863.608895101
2018-04-24 04:17:00,-863.608895101
2018-04-24 04:18:00,-863.608895101
2018-04-24 04:19:00,-873.280642501
2018-04-24 04:20:00,-873.280642501
2018-04-24 04:21:00,-873.280642501
2018-04-24 04:22:00,-873.280642501
2018-04-24 04:23:00,-863.608895101
2018-04-24 04:24:00,-863.608895101
2018-04-24 04:25:00,-863.608895101
2018-04-24 04:26:00,-863.608895101
2018-04-24 04:27:00,-863.608895101
2018-04-24 04:28:00,-882.952389901
2018-04-24 04:29:00,-882.952389901
2018-04-24 04:30:00,-882.952389901
2018-04-24 04:31:00,-882.952389901
2018-04-24 04:32:00,-911.967632101
2018-04-24 04:33:00,-892.624137301
2018-04-24 04:34:00,-892.624137301
2018-04-24 04:35:00,-892.624137301
2018-04-24 04:36:00,-911.967632101
2018-04-24 04:37:00,-911.967632101
2018-04-24 04:38:00,-902.295884701
2018-04-24 04:39:00,-902.295884701
2018-04-24 04:40:00,-902.295884701
2018-04-24 04:41:00,-902.295884701
2018-04-24 04:42:00,-892.624137301
2018-04-24 04:43:00,-921.639379501
2018-04-24 04:44:00,-921.639379501
2018-04-24 04:45:00,-902.295884701
2018-04-24 04:46:00,-902.295884701
2018-04-24 04:47:00,-902.295884701
2018-04-24 04:48:00,-902.295884701
2018-04-24 04:49:00,-911.967632101
2018-04-24 04:50:00,-921.639379501
2018-04-24 04:51:00,-921.639379501
2018-04-24 04:52:00,-921.639379501
2018-04-24 04:53:00,-921.639379501
2018-04-24 04:54:00,-921.639379501
2018-04-24 04:55:00,-902.295884701
2018-04-24 04:56:00,-902.295884701
2018-04-24 04:57:00,-921.639379501
2018-04-24 04:58:00,-921.639379501
2018-04-24 04:59:00,-921.639379501
2018-04-24 05:00:00,-902.295884701
2018-04-24 05:01:00,-902.295884701
2018-04-24 05:02:00,-902.295884701
2018-04-24 05:03:00,-911.967632101
2018-04-24 05:04:00,-902.295884701
2018-04-24 05:05:00,-902.295884701
2018-04-24 05:06:00,-902.295884701
2018-04-24 05:07:00,-902.295884701
2018-04-24 05:08:00,-902.295884701
2018-04-24 05:09:00,-902.295884701
2018-04-24 05:10:00,-902.295884701
2018-04-24 05:11:00,-902.295884701
2018-04-24 05:12:00,-902.295884701
2018-04-24 05:13:00,-902.295884701
2018-04-24 05:14:00,-902.295884701
2018-04-24 05:15:00,-902.295884701
2018-04-24 05:16:00,-902.295884701
2018-04-24 05:17:00,-902.295884701
2018-04-24 05:18:00,-911.967632101
2018-04-24 05:19:00,-911.967632101
2018-04-24 05:20:00,-902.295884701
2018-04-24 05:21:00,-902.295884701
2018-04-24 05:22:00,-902.295884701
2018-04-24 05:23:00,-902.295884701
2018-04-24 05:24:00,-921.639379501
2018-04-24 05:25:00,-921.639379501
2018-04-24 05:26:00,-921.639379501
2018-04-24 05:27:00,-921.639379501
2018-04-24 05:28:00,-921.639379501
2018-04-24 05:29:00,-921.639379501
2018-04-24 05:30:00,-921.639379501
2018-04-24 05:31:00,-921.639379501
2018-04-24 05:32:00,-921.639379501
2018-04-24 05:33:00,-921.639379501
2018-04-24 05:34:00,-921.639379501
2018-04-24 05:35:00,-921.639379501
2018-04-24 05:36:00,-921.639379501
2018-04-24 05:37:00,-921.639379501
2018-04-24 05:38:00,-921.639379501
2018-04-24 05:39:00,-921.639379501
2018-04-24 05:40:00,-921.639379501
2018-04-24 05:41:00,-931.311126901
2018-04-24 05:42:00,-931.311126901
2018-04-24 05:43:00,-931.311126901
2018-04-24 05:44:00,-911.967632101
2018-04-24 05:45:00,-911.967632101
2018-04-24 05:46:00,-911.967632101
2018-04-24 05:47:00,-940.982874301
2018-04-24 05:48:00,-911.967632101
2018-04-24 05:49:00,-921.639379501
2018-04-24 05:50:00,-921.639379501
2018-04-24 05:51:00,-921.639379501
2018-04-24 05:52:00,-911.967632101
2018-04-24 05:53:00,-911.967632101
2018-04-24 05:54:00,-911.967632101
2018-04-24 05:55:00,-911.967632101
2018-04-24 05:56:00,-931.311126901
2018-04-24 05:57:00,-940.982874301
2018-04-24 05:58:00,-940.982874301
2018-04-24 05:59:00,-950.654621701
2018-04-24 06:00:00,-950.654621701
2018-04-24 06:01:00,-960.326369101
2018-04-24 06:02:00,-960.326369101
2018-04-24 06:03:00,-960.326369101
2018-04-24 06:04:00,-960.326369101
2018-04-24 06:05:00,-931.311126901
2018-04-24 06:06:00,-931.311126901
2018-04-24 06:07:00,-931.311126901
2018-04-24 06:08:00,-931.311126901
2018-04-24 06:09:00,-940.982874301
2018-04-24 06:10:00,-940.982874301
2018-04-24 06:11:00,-940.982874301
2018-04-24 06:12:00,-921.639379501
2018-04-24 06:13:00,-931.311126901
2018-04-24 06:14:00,-960.326369101
2018-04-24 06:15:00,-960.326369101
2018-04-24 06:16:00,-960.326369101
2018-04-24 06:17:00,-960.326369101
2018-04-24 06:18:00,-960.326369101
2018-04-24 06:19:00,-960.326369101
2018-04-24 06:20:00,-960.326369101
2018-04-24 06:21:00,-960.326369101
2018-04-24 06:22:00,-960.326369101
2018-04-24 06:23:00,-960.326369101
2018-04-24 06:24:00,-960.326369101
2018-04-24 06:25:00,-960.326369101
2018-04-24 06:26:00,-960.326369101
2018-04-24 06:27:00,-960.326369101
2018-04-24 06:28:00,-960.326369101
2018-04-24 06:29:00,-960.326369101
2018-04-24 06:30:00,-960.326369101
2018-04-24 06:31:00,-960.326369101
2018-04-24 06:32:00,-960.326369101
2018-04-24 06:33:00,-960.326369101
2018-04-24 06:34:00,-960.326369101
2018-04-24 06:35:00,-960.326369101
2018-04-24 06:36:00,-960.326369101
2018-04-24 06:37:00,-960.326369101
2018-04-24 06:38:00,-960.326369101
2018-04-24 06:39:00,-960.326369101
2018-04-24 06:40:00,-960.326369101
2018-04-24 06:41:00,-960.326369101
2018-04-24 06:42:00,-960.326369101
2018-04-24 06:43:00,-960.326369101
2018-04-24 06:44:00,-960.326369101
2018-04-24 06:45:00,-960.326369101
2018-04-24 06:46:00,-960.326369101
2018-04-24 06:47:00,-969.998116501
2018-04-24 06:48:00,-969.998116501
2018-04-24 06:49:00,-969.998116501
2018-04-24 06:50:00,-969.998116501
2018-04-24 06:51:00,-969.998116501
2018-04-24 06:52:00,-969.998116501
2018-04-24 06:53:00,-950.654621701
2018-04-24 06:54:00,-950.654621701
2018-04-24 06:55:00,-950.654621701
2018-04-24 06:56:00,-969.998116501
2018-04-24 06:57:00,-969.998116501
2018-04-24 06:58:00,-969.998116501
2018-04-24 06:59:00,-969.998116501
2018-04-24 07:00:00,-969.998116501
2018-04-24 07:01:00,-969.998116501
2018-04-24 07:02:00,-969.998116501
2018-04-24 07:03:00,-969.998116501
2018-04-24 07:04:00,-950.654621701
2018-04-24 07:05:00,-950.654621701
2018-04-24 07:06:00,-931.311126901
2018-04-24 07:07:00,-921.639379501
2018-04-24 07:08:00,-921.639379501
2018-04-24 07:09:00,-921.639379501
2018-04-24 07:10:00,-931.311126901
2018-04-24 07:11:00,-921.639379501
2018-04-24 07:12:00,-921.639379501
2018-04-24 07:13:00,-921.639379501
2018-04-24 07:14:00,-902.295884701
2018-04-24 07:15:00,-911.967632101
2018-04-24 07:16:00,-921.639379501
2018-04-24 07:17:00,-921.639379501
2018-04-24 07:18:00,-921.639379501
2018-04-24 07:19:00,-940.982874301
2018-04-24 07:20:00,-940.982874301
2018-04-24 07:21:00,-940.982874301
2018-04-24 07:22:00,-940.982874301
2018-04-24 07:23:00,-931.311126901
2018-04-24 07:24:00,-931.311126901
2018-04-24 07:25:00,-931.311126901
2018-04-24 07:26:00,-931.311126901
2018-04-24 07:27:00,-931.311126901
2018-04-24 07:28:00,-931.311126901
2018-04-24 07:29:00,-931.311126901
2018-04-24 07:30:00,-931.311126901
2018-04-24 07:31:00,-931.311126901
2018-04-24 07:32:00,-931.311126901
2018-04-24 07:33:00,-931.311126901
2018-04-24 07:34:00,-931.311126901
2018-04-24 07:35:00,-940.982874301
2018-04-24 07:36:00,-940.982874301
2018-04-24 07:37:00,-931.311126901
2018-04-24 07:38:00,-931.311126901
2018-04-24 07:39:00,-960.326369101
2018-04-24 07:40:00,-960.326369101
2018-04-24 07:41:00,-969.998116501
2018-04-24 07:42:00,-969.998116501
2018-04-24 07:43:00,-969.998116501
2018-04-24 07:44:00,-969.998116501
2018-04-24 07:45:00,-979.669863901
2018-04-24 07:46:00,-969.998116501
2018-04-24 07:47:00,-969.998116501
2018-04-24 07:48:00,-950.654621701
2018-04-24 07:49:00,-940.982874301
2018-04-24 07:50:00,-940.982874301
2018-04-24 07:51:00,-940.982874301
2018-04-24 07:52:00,-940.982874301
2018-04-24 07:53:00,-921.639379501
2018-04-24 07:54:00,-921.639379501
2018-04-24 07:55:00,-921.639379501
2018-04-24 07:56:00,-921.639379501
2018-04-24 07:57:00,-921.639379501
2018-04-24 07:58:00,-940.982874301
2018-04-24 07:59:00,-940.982874301
2018-04-24 08:00:00,-940.982874301
2018-04-24 08:01:00,-940.982874301
2018-04-24 08:02:00,-931.311126901
2018-04-24 08:03:00,-940.982874301
2018-04-24 08:04:00,-940.982874301
2018-04-24 08:05:00,-940.982874301
2018-04-24 08:06:00,-940.982874301
2018-04-24 08:07:00,-969.998116501
2018-04-24 08:08:00,-969.998116501
2018-04-24 08:09:00,-960.326369101
2018-04-24 08:10:00,-960.326369101
2018-04-24 08:11:00,-960.326369101
2018-04-24 08:12:00,-960.326369101
2018-04-24 08:13:00,-960.326369101
2018-04-24 08:14:00,-960.326369101
2018-04-24 08:15:00,-960.326369101
2018-04-24 08:16:00,-979.669863901
2018-04-24 08:17:00,-979.669863901
2018-04-24 08:18:00,-979.669863901
2018-04-24 08:19:00,-979.669863901
2018-04-24 08:20:00,-979.669863901
2018-04-24 08:21:00,-979.669863901
2018-04-24 08:22:00,-979.669863901
2018-04-24 08:23:00,-969.998116501
2018-04-24 08:24:00,-999.013358701
2018-04-24 08:25:00,-989.341611301
2018-04-24 08:26:00,-999.013358701
2018-04-24 08:27:00,-1018.3568535
2018-04-24 08:28:00,-1018.3568535
2018-04-24 08:29:00,-1008.6851061
2018-04-24 08:30:00,-1008.6851061
2018-04-24 08:31:00,-1018.3568535
2018-04-24 08:32:00,-1018.3568535
2018-04-24 08:33:00,-1037.7003483
2018-04-24 08:34:00,-1037.7003483
2018-04-24 08:35:00,-1057.0438431
2018-04-24 08:36:00,-1057.0438431
2018-04-24 08:37:00,-1076.3873379
2018-04-24 08:38:00,-1076.3873379
2018-04-24 08:39:00,-1066.7155905
2018-04-24 08:40:00,-1066.7155905
2018-04-24 08:41:00,-1086.0590853
2018-04-24 08:42:00,-1115.0743275
2018-04-24 08:43:00,-1095.7308327
2018-04-24 08:44:00,-1095.7308327
2018-04-24 08:45:00,-1115.0743275
2018-04-24 08:46:00,-1105.4025801
2018-04-24 08:47:00,-1095.7308327
2018-04-24 08:48:00,-1105.4025801
2018-04-24 08:49:00,-1095.7308327
2018-04-24 08:50:00,-1086.0590853
2018-04-24 08:51:00,-1076.3873379
2018-04-24 08:52:00,-1086.0590853
2018-04-24 08:53:00,-1076.3873379
2018-04-24 08:54:00,-1066.7155905
2018-04-24 08:55:00,-1047.3720957
2018-04-24 08:56:00,-1076.3873379
2018-04-24 08:57:00,-1066.7155905
2018-04-24 08:58:00,-1086.0590853
2018-04-24 08:59:00,-1057.0438431
2018-04-24 09:00:00,-1057.0438431
2018-04-24 09:01:00,-1066.7155905
2018-04-24 09:02:00,-1066.7155905
2018-04-24 09:03:00,-1066.7155905
2018-04-24 09:04:00,-1066.7155905
2018-04-24 09:05:00,-1047.3720957
2018-04-24 09:06:00,-1028.0286009
2018-04-24 09:07:00,-1028.0286009
2018-04-24 09:08:00,-1028.0286009
2018-04-24 09:09:00,-1028.0286009
2018-04-24 09:10:00,-999.013358701
2018-04-24 09:11:00,-1008.6851061
2018-04-24 09:12:00,-999.013358701
2018-04-24 09:13:00,-999.013358701
2018-04-24 09:14:00,-999.013358701
2018-04-24 09:15:00,-989.341611301
2018-04-24 09:16:00,-989.341611301
2018-04-24 09:17:00,-989.341611301
2018-04-24 09:18:00,-989.341611301
2018-04-24 09:19:00,-989.341611301
2018-04-24 09:20:00,-989.341611301
2018-04-24 09:21:00,-999.013358701
2018-04-24 09:22:00,-979.669863901
2018-04-24 09:23:00,-999.013358701
2018-04-24 09:24:00,-999.013358701
2018-04-24 09:25:00,-999.013358701
2018-04-24 09:26:00,-1018.3568535
2018-04-24 09:27:00,-1018.3568535
2018-04-24 09:28:00,-1018.3568535
2018-04-24 09:29:00,-1018.3568535
2018-04-24 09:30:00,-1018.3568535
2018-04-24 09:31:00,-1018.3568535
2018-04-24 09:32:00,-1008.6851061
2018-04-24 09:33:00,-1008.6851061
2018-04-24 09:34:00,-999.013358701
2018-04-24 09:35:00,-1008.6851061
2018-04-24 09:36:00,-1008.6851061
2018-04-24 09:37:00,-999.013358701
2018-04-24 09:38:00,-999.013358701
2018-04-24 09:39:00,-999.013358701
2018-04-24 09:40:00,-999.013358701
2018-04-24 09:41:00,-1018.3568535
2018-04-24 09:42:00,-1018.3568535
2018-04-24 09:43:00,-1018.3568535
2018-04-24 09:44:00,-1018.3568535
2018-04-24 09:45:00,-1018.3568535
2018-04-24 09:46:00,-1008.6851061
2018-04-24 09:47:00,-1018.3568535
2018-04-24 09:48:00,-1008.6851061
2018-04-24 09:49:00,-1018.3568535
2018-04-24 09:50:00,-1028.0286009
2018-04-24 09:51:00,-1028.0286009
2018-04-24 09:52:00,-1028.0286009
2018-04-24 09:53:00,-1037.7003483
2018-04-24 09:54:00,-1028.0286009
2018-04-24 09:55:00,-1047.3720957
2018-04-24 09:56:00,-1057.0438431
2018-04-24 09:57:00,-1057.0438431
2018-04-24 09:58:00,-1057.0438431
2018-04-24 09:59:00,-1057.0438431
2018-04-24 10:00:00,-1057.0438431
2018-04-24 10:01:00,-1057.0438431
2018-04-24 10:02:00,-1057.0438431
2018-04-24 10:03:00,-1066.7155905
2018-04-24 10:04:00,-1066.7155905
2018-04-24 10:05:00,-1057.0438431
2018-04-24 10:06:00,-1057.0438431
2018-04-24 10:07:00,-1066.7155905
2018-04-24 10:08:00,-1066.7155905
2018-04-24 10:09:00,-1047.3720957
2018-04-24 10:10:00,-1047.3720957
2018-04-24 10:11:00,-1047.3720957
2018-04-24 10:12:00,-1028.0286009
2018-04-24 10:13:00,-1028.0286009
2018-04-24 10:14:00,-1028.0286009
2018-04-24 10:15:00,-1028.0286009
2018-04-24 10:16:00,-1028.0286009
2018-04-24 10:17:00,-1028.0286009
2018-04-24 10:18:00,-1028.0286009
2018-04-24 10:19:00,-1037.7003483
2018-04-24 10:20:00,-1037.7003483
2018-04-24 10:21:00,-1037.7003483
2018-04-24 10:22:00,-1037.7003483
2018-04-24 10:23:00,-1037.7003483
2018-04-24 10:24:00,-1028.0286009
2018-04-24 10:25:00,-1028.0286009
2018-04-24 10:26:00,-1028.0286009
2018-04-24 10:27:00,-1028.0286009
2018-04-24 10:28:00,-1037.7003483
2018-04-24 10:29:00,-1047.3720957
2018-04-24 10:30:00,-1037.7003483
2018-04-24 10:31:00,-1037.7003483
2018-04-24 10:32:00,-1057.0438431
2018-04-24 10:33:00,-1057.0438431
2018-04-24 10:34:00,-1057.0438431
2018-04-24 10:35:00,-1057.0438431
2018-04-24 10:36:00,-1047.3720957
2018-04-24 10:37:00,-1047.3720957
2018-04-24 10:38:00,-1066.7155905
2018-04-24 10:39:00,-1066.7155905
2018-04-24 10:40:00,-1066.7155905
2018-04-24 10:41:00,-1057.0438431
2018-04-24 10:42:00,-1057.0438431
2018-04-24 10:43:00,-1057.0438431
2018-04-24 10:44:00,-1037.7003483
2018-04-24 10:45:00,-1057.0438431
2018-04-24 10:46:00,-1057.0438431
2018-04-24 10:47:00,-1057.0438431
2018-04-24 10:48:00,-1057.0438431
2018-04-24 10:49:00,-1057.0438431
2018-04-24 10:50:00,-1057.0438431
2018-04-24 10:51:00,-1057.0438431
2018-04-24 10:52:00,-1066.7155905
2018-04-24 10:53:00,-1076.3873379
2018-04-24 10:54:00,-1076.3873379
2018-04-24 10:55:00,-1066.7155905
2018-04-24 10:56:00,-1066.7155905
2018-04-24 10:57:00,-1066.7155905
2018-04-24 10:58:00,-1066.7155905
2018-04-24 10:59:00,-1057.0438431
2018-04-24 11:00:00,-1057.0438431
2018-04-24 11:01:00,-1076.3873379
2018-04-24 11:02:00,-1076.3873379
2018-04-24 11:03:00,-1086.0590853
2018-04-24 11:04:00,-1086.0590853
2018-04-24 11:05:00,-1086.0590853
2018-04-24 11:06:00,-1086.0590853
2018-04-24 11:07:00,-1086.0590853
2018-04-24 11:08:00,-1066.7155905
2018-04-24 11:09:00,-1057.0438431
2018-04-24 11:10:00,-1066.7155905
2018-04-24 11:11:00,-1066.7155905
2018-04-24 11:12:00,-1066.7155905
2018-04-24 11:13:00,-1066.7155905
2018-04-24 11:14:00,-1057.0438431
2018-04-24 11:15:00,-1037.7003483
2018-04-24 11:16:00,-1037.7003483
2018-04-24 11:17:00,-1037.7003483
2018-04-24 11:18:00,-1037.7003483
2018-04-24 11:19:00,-1037.7003483
2018-04-24 11:20:00,-1037.7003483
2018-04-24 11:21:00,-1037.7003483
2018-04-24 11:22:00,-1057.0438431
2018-04-24 11:23:00,-1057.0438431
2018-04-24 11:24:00,-1057.0438431
2018-04-24 11:25:00,-1057.0438431
2018-04-24 11:26:00,-1028.0286009
2018-04-24 11:27:00,-1028.0286009
2018-04-24 11:28:00,-1028.0286009
2018-04-24 11:29:00,-1028.0286009
2018-04-24 11:30:00,-1028.0286009
2018-04-24 11:31:00,-1028.0286009
2018-04-24 11:32:00,-1028.0286009
2018-04-24 11:33:00,-1037.7003483
2018-04-24 11:34:00,-1028.0286009
2018-04-24 11:35:00,-989.341611301
2018-04-24 11:36:00,-989.341611301
2018-04-24 11:37:00,-989.341611301
2018-04-24 11:38:00,-1018.3568535
2018-04-24 11:39:00,-1018.3568535
2018-04-24 11:40:00,-999.013358701
2018-04-24 11:41:00,-1018.3568535
2018-04-24 11:42:00,-1018.3568535
2018-04-24 11:43:00,-989.341611301
2018-04-24 11:44:00,-989.341611301
2018-04-24 11:45:00,-989.341611301
2018-04-24 11:46:00,-989.341611301
2018-04-24 11:47:00,-989.341611301
2018-04-24 11:48:00,-1008.6851061
2018-04-24 11:49:00,-1008.6851061
2018-04-24 11:50:00,-1008.6851061
2018-04-24 11:51:00,-1008.6851061
2018-04-24 11:52:00,-1008.6851061
2018-04-24 11:53:00,-1008.6851061
2018-04-24 11:54:00,-1008.6851061
2018-04-24 11:55:00,-1008.6851061
2018-04-24 11:56:00,-1008.6851061
2018-04-24 11:57:00,-1008.6851061
2018-04-24 11:58:00,-989.341611301
2018-04-24 11:59:00,-989.341611301
2018-04-25 01:29:00,-1279.4940333
2018-04-25 01:30:00,-1279.4940333
2018-04-25 01:31:00,-1008.6851061
2018-04-25 01:32:00,-1008.6851061
2018-04-25 01:33:00,-1008.6851061
2018-04-25 01:34:00,-989.341611301
2018-04-25 01:35:00,-989.341611301
2018-04-25 01:36:00,-989.341611301
2018-04-25 01:37:00,-989.341611301
2018-04-25 01:38:00,-979.669863901
2018-04-25 01:39:00,-989.341611301
2018-04-25 01:40:00,-989.341611301
2018-04-25 01:41:00,-1008.6851061
2018-04-25 01:42:00,-1008.6851061
2018-04-25 01:43:00,-1008.6851061
2018-04-25 01:44:00,-979.669863901
2018-04-25 01:45:00,-979.669863901
2018-04-25 01:46:00,-979.669863901
2018-04-25 01:47:00,-989.341611301
2018-04-25 01:48:00,-999.013358701
2018-04-25 01:49:00,-999.013358701
2018-04-25 01:50:00,-989.341611301
2018-04-25 01:51:00,-989.341611301
2018-04-25 01:52:00,-989.341611301
2018-04-25 01:53:00,-989.341611301
2018-04-25 01:54:00,-999.013358701
2018-04-25 01:55:00,-999.013358701
2018-04-25 01:56:00,-1008.6851061
2018-04-25 01:57:00,-1008.6851061
2018-04-25 01:58:00,-1008.6851061
2018-04-25 01:59:00,-1008.6851061
2018-04-25 02:00:00,-1037.7003483
2018-04-25 02:01:00,-1057.0438431
2018-04-25 02:02:00,-1057.0438431
2018-04-25 02:03:00,-1066.7155905
2018-04-25 02:04:00,-1076.3873379
2018-04-25 02:05:00,-1066.7155905
2018-04-25 02:06:00,-1057.0438431
2018-04-25 02:07:00,-1057.0438431
2018-04-25 02:08:00,-1037.7003483
2018-04-25 02:09:00,-1037.7003483
2018-04-25 02:10:00,-1037.7003483
2018-04-25 02:11:00,-1037.7003483
2018-04-25 02:12:00,-1028.0286009
2018-04-25 02:13:00,-1008.6851061
2018-04-25 02:14:00,-999.013358701
2018-04-25 02:15:00,-999.013358701
2018-04-25 02:16:00,-979.669863901
2018-04-25 02:17:00,-999.013358701
2018-04-25 02:18:00,-999.013358701
2018-04-25 02:19:00,-999.013358701
2018-04-25 02:20:00,-999.013358701
2018-04-25 02:21:00,-1008.6851061
2018-04-25 02:22:00,-1018.3568535
2018-04-25 02:23:00,-1018.3568535
2018-04-25 02:24:00,-1018.3568535
2018-04-25 02:25:00,-1018.3568535
2018-04-25 02:26:00,-1018.3568535
2018-04-25 02:27:00,-1018.3568535
2018-04-25 02:28:00,-1018.3568535
2018-04-25 02:29:00,-1018.3568535
2018-04-25 02:30:00,-1018.3568535
2018-04-25 02:31:00,-1018.3568535
2018-04-25 02:32:00,-1018.3568535
2018-04-25 02:33:00,-1018.3568535
2018-04-25 02:34:00,-1008.6851061
2018-04-25 02:35:00,-999.013358701
2018-04-25 02:36:00,-1008.6851061
2018-04-25 02:37:00,-1008.6851061
2018-04-25 02:38:00,-1008.6851061
2018-04-25 02:39:00,-1008.6851061
2018-04-25 02:40:00,-1018.3568535
2018-04-25 02:41:00,-1028.0286009
2018-04-25 02:42:00,-1037.7003483
2018-04-25 02:43:00,-1028.0286009
2018-04-25 02:44:00,-1037.7003483
2018-04-25 02:45:00,-1037.7003483
2018-04-25 02:46:00,-1037.7003483
2018-04-25 02:47:00,-1028.0286009
2018-04-25 02:48:00,-1028.0286009
2018-04-25 02:49:00,-1028.0286009
2018-04-25 02:50:00,-1028.0286009
2018-04-25 02:51:00,-1028.0286009
2018-04-25 02:52:00,-1057.0438431
2018-04-25 02:53:00,-1066.7155905
2018-04-25 02:54:00,-1057.0438431
2018-04-25 02:55:00,-1057.0438431
2018-04-25 02:56:00,-1066.7155905
2018-04-25 02:57:00,-1037.7003483
2018-04-25 02:58:00,-1028.0286009
2018-04-25 02:59:00,-1037.7003483
2018-04-25 03:00:00,-1037.7003483
2018-04-25 03:01:00,-1047.3720957
2018-04-25 03:02:00,-1057.0438431
2018-04-25 03:03:00,-1037.7003483
2018-04-25 03:04:00,-1037.7003483
2018-04-25 03:05:00,-1037.7003483
2018-04-25 03:06:00,-1018.3568535
2018-04-25 03:07:00,-1018.3568535
2018-04-25 03:08:00,-1028.0286009
2018-04-25 03:09:00,-1028.0286009
2018-04-25 03:10:00,-1028.0286009
2018-04-25 03:11:00,-1028.0286009
2018-04-25 03:12:00,-1028.0286009
2018-04-25 03:13:00,-1037.7003483
2018-04-25 03:14:00,-1037.7003483
2018-04-25 03:15:00,-1037.7003483
2018-04-25 03:16:00,-1037.7003483
2018-04-25 03:17:00,-1047.3720957
2018-04-25 03:18:00,-1047.3720957
2018-04-25 03:19:00,-1057.0438431
2018-04-25 03:20:00,-1057.0438431
2018-04-25 03:21:00,-1066.7155905
2018-04-25 03:22:00,-1086.0590853
2018-04-25 03:23:00,-1086.0590853
2018-04-25 03:24:00,-1105.4025801
2018-04-25 03:25:00,-1095.7308327
2018-04-25 03:26:00,-1086.0590853
2018-04-25 03:27:00,-1076.3873379
2018-04-25 03:28:00,-1095.7308327
2018-04-25 03:29:00,-1105.4025801
2018-04-25 03:30:00,-1095.7308327
2018-04-25 03:31:00,-1095.7308327
2018-04-25 03:32:00,-1095.7308327
2018-04-25 03:33:00,-1095.7308327
2018-04-25 03:34:00,-1095.7308327
2018-04-25 03:35:00,-1095.7308327
2018-04-25 03:36:00,-1095.7308327
2018-04-25 03:37:00,-1095.7308327
2018-04-25 03:38:00,-1095.7308327
2018-04-25 03:39:00,-1095.7308327
2018-04-25 03:40:00,-1095.7308327
2018-04-25 03:41:00,-1076.3873379
2018-04-25 03:42:00,-1076.3873379
2018-04-25 03:43:00,-1076.3873379
2018-04-25 03:44:00,-1076.3873379
2018-04-25 03:45:00,-1076.3873379
2018-04-25 03:46:00,-1076.3873379
2018-04-25 03:47:00,-1076.3873379
2018-04-25 03:48:00,-1057.0438431
2018-04-25 03:49:00,-1057.0438431
2018-04-25 03:50:00,-1057.0438431
2018-04-25 03:51:00,-1057.0438431
2018-04-25 03:52:00,-1057.0438431
2018-04-25 03:53:00,-1057.0438431
2018-04-25 03:54:00,-1057.0438431
2018-04-25 03:55:00,-1057.0438431
2018-04-25 03:56:00,-1057.0438431
2018-04-25 03:57:00,-1057.0438431
2018-04-25 03:58:00,-1057.0438431
2018-04-25 03:59:00,-1076.3873379
2018-04-25 04:00:00,-1076.3873379
2018-04-25 04:01:00,-1076.3873379
2018-04-25 04:02:00,-1057.0438431
2018-04-25 04:03:00,-1057.0438431
2018-04-25 04:04:00,-1076.3873379
2018-04-25 04:05:00,-1076.3873379
2018-04-25 04:06:00,-1057.0438431
2018-04-25 04:07:00,-1047.3720957
2018-04-25 04:08:00,-1037.7003483
2018-04-25 04:09:00,-1066.7155905
2018-04-25 04:10:00,-1076.3873379
2018-04-25 04:11:00,-1076.3873379
2018-04-25 04:12:00,-1076.3873379
2018-04-25 04:13:00,-1066.7155905
2018-04-25 04:14:00,-1076.3873379
2018-04-25 04:15:00,-1076.3873379
2018-04-25 04:16:00,-1076.3873379
2018-04-25 04:17:00,-1086.0590853
2018-04-25 04:18:00,-1086.0590853
2018-04-25 04:19:00,-1086.0590853
2018-04-25 04:20:00,-1076.3873379
2018-04-25 04:21:00,-1076.3873379
2018-04-25 04:22:00,-1076.3873379
2018-04-25 04:23:00,-1066.7155905
2018-04-25 04:24:00,-1066.7155905
2018-04-25 04:25:00,-1076.3873379
2018-04-25 04:26:00,-1057.0438431
2018-04-25 04:27:00,-1057.0438431
2018-04-25 04:28:00,-1057.0438431
2018-04-25 04:29:00,-1057.0438431
2018-04-25 04:30:00,-1057.0438431
2018-04-25 04:31:00,-1057.0438431
2018-04-25 04:32:00,-1057.0438431
2018-04-25 04:33:00,-1057.0438431
2018-04-25 04:34:00,-1057.0438431
2018-04-25 04:35:00,-1057.0438431
2018-04-25 04:36:00,-1057.0438431
2018-04-25 04:37:00,-1057.0438431
2018-04-25 04:38:00,-1057.0438431
2018-04-25 04:39:00,-1057.0438431
2018-04-25 04:40:00,-1066.7155905
2018-04-25 04:41:00,-1066.7155905
2018-04-25 04:42:00,-1076.3873379
2018-04-25 04:43:00,-1076.3873379
2018-04-25 04:44:00,-1066.7155905
2018-04-25 04:45:00,-1066.7155905
2018-04-25 04:46:00,-1066.7155905
2018-04-25 04:47:00,-1057.0438431
2018-04-25 04:48:00,-1066.7155905
2018-04-25 04:49:00,-1066.7155905
2018-04-25 04:50:00,-1066.7155905
2018-04-25 04:51:00,-1076.3873379
2018-04-25 04:52:00,-1076.3873379
2018-04-25 04:53:00,-1076.3873379
2018-04-25 04:54:00,-1066.7155905
2018-04-25 04:55:00,-1076.3873379
2018-04-25 04:56:00,-1086.0590853
2018-04-25 04:57:00,-1086.0590853
2018-04-25 04:58:00,-1086.0590853
2018-04-25 04:59:00,-1057.0438431
2018-04-25 05:00:00,-1057.0438431
2018-04-25 05:01:00,-1057.0438431
2018-04-25 05:02:00,-1057.0438431
2018-04-25 05:03:00,-1076.3873379
2018-04-25 05:04:00,-1076.3873379
2018-04-25 05:05:00,-1076.3873379
2018-04-25 05:06:00,-1076.3873379
2018-04-25 05:07:00,-1076.3873379
2018-04-25 05:08:00,-1076.3873379
2018-04-25 05:09:00,-1076.3873379
2018-04-25 05:10:00,-1076.3873379
2018-04-25 05:11:00,-1076.3873379
2018-04-25 05:12:00,-1076.3873379
2018-04-25 05:13:00,-1086.0590853
2018-04-25 05:14:00,-1086.0590853
2018-04-25 05:15:00,-1076.3873379
2018-04-25 05:16:00,-1076.3873379
2018-04-25 05:17:00,-1076.3873379
2018-04-25 05:18:00,-1076.3873379
2018-04-25 05:19:00,-1076.3873379
2018-04-25 05:20:00,-1076.3873379
2018-04-25 05:21:00,-1076.3873379
2018-04-25 05:22:00,-1076.3873379
2018-04-25 05:23:00,-1076.3873379
2018-04-25 05:24:00,-1076.3873379
2018-04-25 05:25:00,-1076.3873379
2018-04-25 05:26:00,-1076.3873379
2018-04-25 05:27:00,-1076.3873379
2018-04-25 05:28:00,-1086.0590853
2018-04-25 05:29:00,-1086.0590853
2018-04-25 05:30:00,-1076.3873379
2018-04-25 05:31:00,-1095.7308327
2018-04-25 05:32:00,-1086.0590853
2018-04-25 05:33:00,-1086.0590853
2018-04-25 05:34:00,-1086.0590853
2018-04-25 05:35:00,-1086.0590853
2018-04-25 05:36:00,-1086.0590853
2018-04-25 05:37:00,-1095.7308327
2018-04-25 05:38:00,-1095.7308327
2018-04-25 05:39:00,-1095.7308327
2018-04-25 05:40:00,-1095.7308327
2018-04-25 05:41:00,-1105.4025801
2018-04-25 05:42:00,-1076.3873379
2018-04-25 05:43:00,-1076.3873379
2018-04-25 05:44:00,-1066.7155905
2018-04-25 05:45:00,-1066.7155905
2018-04-25 05:46:00,-1066.7155905
2018-04-25 05:47:00,-1086.0590853
2018-04-25 05:48:00,-1095.7308327
2018-04-25 05:49:00,-1076.3873379
2018-04-25 05:50:00,-1076.3873379
2018-04-25 05:51:00,-1086.0590853
2018-04-25 05:52:00,-1086.0590853
2018-04-25 05:53:00,-1076.3873379
2018-04-25 05:54:00,-1086.0590853
2018-04-25 05:55:00,-1086.0590853
2018-04-25 05:56:00,-1086.0590853
2018-04-25 05:57:00,-1086.0590853
2018-04-25 05:58:00,-1086.0590853
2018-04-25 05:59:00,-1076.3873379
2018-04-25 06:00:00,-1076.3873379
2018-04-25 06:01:00,-1076.3873379
2018-04-25 06:02:00,-1076.3873379
2018-04-25 06:03:00,-1076.3873379
2018-04-25 06:04:00,-1047.3720957
2018-04-25 06:05:00,-1047.3720957
2018-04-25 06:06:00,-1047.3720957
2018-04-25 06:07:00,-1047.3720957
2018-04-25 06:08:00,-1047.3720957
2018-04-25 06:09:00,-1047.3720957
2018-04-25 06:10:00,-1047.3720957
2018-04-25 06:11:00,-1047.3720957
2018-04-25 06:12:00,-1047.3720957
2018-04-25 06:13:00,-1047.3720957
2018-04-25 06:14:00,-1047.3720957
2018-04-25 06:15:00,-1047.3720957
2018-04-25 06:16:00,-1047.3720957
2018-04-25 06:17:00,-1047.3720957
2018-04-25 06:18:00,-1057.0438431
2018-04-25 06:19:00,-1057.0438431
2018-04-25 06:20:00,-1057.0438431
2018-04-25 06:21:00,-1057.0438431
2018-04-25 06:22:00,-1057.0438431
2018-04-25 06:23:00,-1057.0438431
2018-04-25 06:24:00,-1057.0438431
2018-04-25 06:25:00,-1057.0438431
2018-04-25 06:26:00,-1057.0438431
2018-04-25 06:27:00,-1057.0438431
2018-04-25 06:28:00,-1057.0438431
2018-04-25 06:29:00,-1057.0438431
2018-04-25 06:30:00,-1057.0438431
2018-04-25 06:31:00,-1057.0438431
2018-04-25 06:32:00,-1057.0438431
2018-04-25 06:33:00,-1057.0438431
2018-04-25 06:34:00,-1057.0438431
2018-04-25 06:35:00,-1057.0438431
2018-04-25 06:36:00,-1057.0438431
2018-04-25 06:37:00,-1057.0438431
2018-04-25 06:38:00,-1057.0438431
2018-04-25 06:39:00,-1057.0438431
2018-04-25 06:40:00,-1057.0438431
2018-04-25 06:41:00,-1057.0438431
2018-04-25 06:42:00,-1057.0438431
2018-04-25 06:43:00,-1057.0438431
2018-04-25 06:44:00,-1057.0438431
2018-04-25 06:45:00,-1057.0438431
2018-04-25 06:46:00,-1057.0438431
2018-04-25 06:47:00,-1066.7155905
2018-04-25 06:48:00,-1066.7155905
2018-04-25 06:49:00,-1057.0438431
2018-04-25 06:50:00,-1057.0438431
2018-04-25 06:51:00,-1057.0438431
2018-04-25 06:52:00,-1057.0438431
2018-04-25 06:53:00,-1057.0438431
2018-04-25 06:54:00,-1057.0438431
2018-04-25 06:55:00,-1057.0438431
2018-04-25 06:56:00,-1057.0438431
2018-04-25 06:57:00,-1057.0438431
2018-04-25 06:58:00,-1057.0438431
2018-04-25 06:59:00,-1057.0438431
2018-04-25 07:00:00,-1076.3873379
2018-04-25 07:01:00,-1076.3873379
2018-04-25 07:02:00,-1076.3873379
2018-04-25 07:03:00,-1076.3873379
2018-04-25 07:04:00,-1076.3873379
2018-04-25 07:05:00,-1076.3873379
2018-04-25 07:06:00,-1076.3873379
2018-04-25 07:07:00,-1076.3873379
2018-04-25 07:08:00,-1076.3873379
2018-04-25 07:09:00,-1076.3873379
2018-04-25 07:10:00,-1076.3873379
2018-04-25 07:11:00,-1095.7308327
2018-04-25 07:12:00,-1095.7308327
2018-04-25 07:13:00,-1115.0743275
2018-04-25 07:14:00,-1115.0743275
2018-04-25 07:15:00,-1105.4025801
2018-04-25 07:16:00,-1095.7308327
2018-04-25 07:17:00,-1115.0743275
2018-04-25 07:18:00,-1115.0743275
2018-04-25 07:19:00,-1115.0743275
2018-04-25 07:20:00,-1115.0743275
2018-04-25 07:21:00,-1095.7308327
2018-04-25 07:22:00,-1057.0438431
2018-04-25 07:23:00,-1057.0438431
2018-04-25 07:24:00,-1057.0438431
2018-04-25 07:25:00,-1057.0438431
2018-04-25 07:26:00,-1057.0438431
2018-04-25 07:27:00,-1057.0438431
2018-04-25 07:28:00,-1057.0438431
2018-04-25 07:29:00,-1057.0438431
2018-04-25 07:30:00,-1057.0438431
2018-04-25 07:31:00,-1057.0438431
2018-04-25 07:32:00,-1057.0438431
2018-04-25 07:33:00,-1057.0438431
2018-04-25 07:34:00,-1057.0438431
2018-04-25 07:35:00,-1057.0438431
2018-04-25 07:36:00,-1057.0438431
2018-04-25 07:37:00,-1057.0438431
2018-04-25 07:38:00,-1076.3873379
2018-04-25 07:39:00,-1076.3873379
2018-04-25 07:40:00,-1076.3873379
2018-04-25 07:41:00,-1076.3873379
2018-04-25 07:42:00,-1076.3873379
2018-04-25 07:43:00,-1076.3873379
2018-04-25 07:44:00,-1076.3873379
2018-04-25 07:45:00,-1076.3873379
2018-04-25 07:46:00,-1057.0438431
2018-04-25 07:47:00,-1066.7155905
2018-04-25 07:48:00,-1066.7155905
2018-04-25 07:49:00,-1057.0438431
2018-04-25 07:50:00,-1057.0438431
2018-04-25 07:51:00,-1057.0438431
2018-04-25 07:52:00,-1057.0438431
2018-04-25 07:53:00,-1047.3720957
2018-04-25 07:54:00,-1037.7003483
2018-04-25 07:55:00,-1047.3720957
2018-04-25 07:56:00,-1047.3720957
2018-04-25 07:57:00,-1037.7003483
2018-04-25 07:58:00,-1037.7003483
2018-04-25 07:59:00,-1047.3720957
2018-04-25 08:00:00,-1057.0438431
2018-04-25 08:01:00,-1037.7003483
2018-04-25 08:02:00,-1047.3720957
2018-04-25 08:03:00,-1047.3720957
2018-04-25 08:04:00,-1047.3720957
2018-04-25 08:05:00,-1066.7155905
2018-04-25 08:06:00,-1047.3720957
2018-04-25 08:07:00,-1047.3720957
2018-04-25 08:08:00,-1047.3720957
2018-04-25 08:09:00,-1057.0438431
2018-04-25 08:10:00,-1066.7155905
2018-04-25 08:11:00,-1066.7155905
2018-04-25 08:12:00,-1066.7155905
2018-04-25 08:13:00,-1047.3720957
2018-04-25 08:14:00,-1047.3720957
2018-04-25 08:15:00,-1037.7003483
2018-04-25 08:16:00,-1037.7003483
2018-04-25 08:17:00,-1037.7003483
2018-04-25 08:18:00,-1037.7003483
2018-04-25 08:19:00,-1018.3568535
2018-04-25 08:20:00,-1018.3568535
2018-04-25 08:21:00,-1037.7003483
2018-04-25 08:22:00,-1037.7003483
2018-04-25 08:23:00,-1037.7003483
2018-04-25 08:24:00,-999.013358701
2018-04-25 08:25:00,-999.013358701
2018-04-25 08:26:00,-999.013358701
2018-04-25 08:27:00,-1018.3568535
2018-04-25 08:28:00,-1018.3568535
2018-04-25 08:29:00,-1018.3568535
2018-04-25 08:30:00,-999.013358701
2018-04-25 08:31:00,-999.013358701
2018-04-25 08:32:00,-1008.6851061
2018-04-25 08:33:00,-1018.3568535
2018-04-25 08:34:00,-1028.0286009
2018-04-25 08:35:00,-1018.3568535
2018-04-25 08:36:00,-1008.6851061
2018-04-25 08:37:00,-999.013358701
2018-04-25 08:38:00,-999.013358701
2018-04-25 08:39:00,-999.013358701
2018-04-25 08:40:00,-1018.3568535
2018-04-25 08:41:00,-1018.3568535
2018-04-25 08:42:00,-1018.3568535
2018-04-25 08:43:00,-1008.6851061
2018-04-25 08:44:00,-1008.6851061
2018-04-25 08:45:00,-999.013358701
2018-04-25 08:46:00,-999.013358701
2018-04-25 08:47:00,-999.013358701
2018-04-25 08:48:00,-1018.3568535
2018-04-25 08:49:00,-1018.3568535
2018-04-25 08:50:00,-999.013358701
2018-04-25 08:51:00,-1018.3568535
2018-04-25 08:52:00,-1018.3568535
2018-04-25 08:53:00,-1018.3568535
2018-04-25 08:54:00,-1018.3568535
2018-04-25 08:55:00,-1008.6851061
2018-04-25 08:56:00,-1018.3568535
2018-04-25 08:57:00,-1018.3568535
2018-04-25 08:58:00,-999.013358701
2018-04-25 08:59:00,-999.013358701
2018-04-25 09:00:00,-999.013358701
2018-04-25 09:01:00,-999.013358701
2018-04-25 09:02:00,-999.013358701
2018-04-25 09:03:00,-999.013358701
2018-04-25 09:04:00,-999.013358701
2018-04-25 09:05:00,-1018.3568535
2018-04-25 09:06:00,-1008.6851061
2018-04-25 09:07:00,-1018.3568535
2018-04-25 09:08:00,-1018.3568535
2018-04-25 09:09:00,-1018.3568535
2018-04-25 09:10:00,-1018.3568535
2018-04-25 09:11:00,-1008.6851061
2018-04-25 09:12:00,-1008.6851061
2018-04-25 09:13:00,-1008.6851061
2018-04-25 09:14:00,-1008.6851061
2018-04-25 09:15:00,-999.013358701
2018-04-25 09:16:00,-999.013358701
2018-04-25 09:17:00,-999.013358701
2018-04-25 09:18:00,-999.013358701
2018-04-25 09:19:00,-999.013358701
2018-04-25 09:20:00,-999.013358701
2018-04-25 09:21:00,-999.013358701
2018-04-25 09:22:00,-979.669863901
2018-04-25 09:23:00,-979.669863901
2018-04-25 09:24:00,-999.013358701
2018-04-25 09:25:00,-1018.3568535
2018-04-25 09:26:00,-1028.0286009
2018-04-25 09:27:00,-1018.3568535
2018-04-25 09:28:00,-1018.3568535
2018-04-25 09:29:00,-1037.7003483
2018-04-25 09:30:00,-1037.7003483
2018-04-25 09:31:00,-1018.3568535
2018-04-25 09:32:00,-1018.3568535
2018-04-25 09:33:00,-1018.3568535
2018-04-25 09:34:00,-1018.3568535
2018-04-25 09:35:00,-1018.3568535
2018-04-25 09:36:00,-1018.3568535
2018-04-25 09:37:00,-1018.3568535
2018-04-25 09:38:00,-1018.3568535
2018-04-25 09:39:00,-1018.3568535
2018-04-25 09:40:00,-1018.3568535
2018-04-25 09:41:00,-1018.3568535
2018-04-25 09:42:00,-1018.3568535
2018-04-25 09:43:00,-1018.3568535
2018-04-25 09:44:00,-1047.3720957
2018-04-25 09:45:00,-1037.7003483
2018-04-25 09:46:00,-1047.3720957
2018-04-25 09:47:00,-1037.7003483
2018-04-25 09:48:00,-1037.7003483
2018-04-25 09:49:00,-1037.7003483
2018-04-25 09:50:00,-1037.7003483
2018-04-25 09:51:00,-1037.7003483
2018-04-25 09:52:00,-1037.7003483
2018-04-25 09:53:00,-1037.7003483
2018-04-25 09:54:00,-1037.7003483
2018-04-25 09:55:00,-1018.3568535
2018-04-25 09:56:00,-1018.3568535
2018-04-25 09:57:00,-1037.7003483
2018-04-25 09:58:00,-1037.7003483
2018-04-25 09:59:00,-1037.7003483
2018-04-25 10:00:00,-1018.3568535
2018-04-25 10:01:00,-1018.3568535
2018-04-25 10:02:00,-1028.0286009
2018-04-25 10:03:00,-1047.3720957
2018-04-25 10:04:00,-1047.3720957
2018-04-25 10:05:00,-1037.7003483
2018-04-25 10:06:00,-1028.0286009
2018-04-25 10:07:00,-1028.0286009
2018-04-25 10:08:00,-1018.3568535
2018-04-25 10:09:00,-1018.3568535
2018-04-25 10:10:00,-999.013358701
2018-04-25 10:11:00,-999.013358701
2018-04-25 10:12:00,-999.013358701
2018-04-25 10:13:00,-999.013358701
2018-04-25 10:14:00,-1028.0286009
2018-04-25 10:15:00,-1037.7003483
2018-04-25 10:16:00,-1037.7003483
2018-04-25 10:17:00,-1037.7003483
2018-04-25 10:18:00,-1028.0286009
2018-04-25 10:19:00,-1028.0286009
2018-04-25 10:20:00,-1028.0286009
2018-04-25 10:21:00,-1028.0286009
2018-04-25 10:22:00,-1028.0286009
2018-04-25 10:23:00,-1028.0286009
2018-04-25 10:24:00,-1047.3720957
2018-04-25 10:25:00,-1037.7003483
2018-04-25 10:26:00,-1037.7003483
2018-04-25 10:27:00,-1037.7003483
2018-04-25 10:28:00,-1037.7003483
2018-04-25 10:29:00,-1037.7003483
2018-04-25 10:30:00,-1028.0286009
2018-04-25 10:31:00,-1018.3568535
2018-04-25 10:32:00,-1018.3568535
2018-04-25 10:33:00,-1018.3568535
2018-04-25 10:34:00,-1018.3568535
2018-04-25 10:35:00,-1018.3568535
2018-04-25 10:36:00,-1037.7003483
2018-04-25 10:37:00,-1037.7003483
2018-04-25 10:38:00,-1028.0286009
2018-04-25 10:39:00,-999.013358701
2018-04-25 10:40:00,-999.013358701
2018-04-25 10:41:00,-999.013358701
2018-04-25 10:42:00,-989.341611301
2018-04-25 10:43:00,-989.341611301
2018-04-25 10:44:00,-1008.6851061
2018-04-25 10:45:00,-989.341611301
2018-04-25 10:46:00,-989.341611301
2018-04-25 10:47:00,-979.669863901
2018-04-25 10:48:00,-979.669863901
2018-04-25 10:49:00,-979.669863901
2018-04-25 10:50:00,-979.669863901
2018-04-25 10:51:00,-979.669863901
2018-04-25 10:52:00,-979.669863901
2018-04-25 10:53:00,-979.669863901
2018-04-25 10:54:00,-979.669863901
2018-04-25 10:55:00,-979.669863901
2018-04-25 10:56:00,-979.669863901
2018-04-25 10:57:00,-969.998116501
2018-04-25 10:58:00,-989.341611301
2018-04-25 10:59:00,-950.654621701
2018-04-25 11:00:00,-960.326369101
2018-04-25 11:01:00,-989.341611301
2018-04-25 11:02:00,-989.341611301
2018-04-25 11:03:00,-989.341611301
2018-04-25 11:04:00,-1008.6851061
2018-04-25 11:05:00,-1008.6851061
2018-04-25 11:06:00,-960.326369101
2018-04-25 11:07:00,-960.326369101
2018-04-25 11:08:00,-979.669863901
2018-04-25 11:09:00,-979.669863901
2018-04-25 11:10:00,-969.998116501
2018-04-25 11:11:00,-969.998116501
2018-04-25 11:12:00,-979.669863901
2018-04-25 11:13:00,-989.341611301
2018-04-25 11:14:00,-1008.6851061
2018-04-25 11:15:00,-1008.6851061
2018-04-25 11:16:00,-1028.0286009
2018-04-25 11:17:00,-1028.0286009
2018-04-25 11:18:00,-1028.0286009
2018-04-25 11:19:00,-1037.7003483
2018-04-25 11:20:00,-1037.7003483
2018-04-25 11:21:00,-1037.7003483
2018-04-25 11:22:00,-1037.7003483
2018-04-25 11:23:00,-1037.7003483
2018-04-25 11:24:00,-1018.3568535
2018-04-25 11:25:00,-1018.3568535
2018-04-25 11:26:00,-1018.3568535
2018-04-25 11:27:00,-1018.3568535
2018-04-25 11:28:00,-1018.3568535
2018-04-25 11:29:00,-1018.3568535
2018-04-25 11:30:00,-1018.3568535
2018-04-25 11:31:00,-1018.3568535
2018-04-25 11:32:00,-1018.3568535
2018-04-25 11:33:00,-1018.3568535
2018-04-25 11:34:00,-999.013358701
2018-04-25 11:35:00,-1008.6851061
2018-04-25 11:36:00,-999.013358701
2018-04-25 11:37:00,-1008.6851061
2018-04-25 11:38:00,-1008.6851061
2018-04-25 11:39:00,-1008.6851061
2018-04-25 11:40:00,-1008.6851061
2018-04-25 11:41:00,-1008.6851061
2018-04-25 11:42:00,-1008.6851061
2018-04-25 11:43:00,-1018.3568535
2018-04-25 11:44:00,-1008.6851061
2018-04-25 11:45:00,-1008.6851061
2018-04-25 11:46:00,-1008.6851061
2018-04-25 11:47:00,-1008.6851061
2018-04-25 11:48:00,-999.013358701
2018-04-25 11:49:00,-989.341611301
2018-04-25 11:50:00,-989.341611301
2018-04-25 11:51:00,-989.341611301
2018-04-25 11:52:00,-989.341611301
2018-04-25 11:53:00,-999.013358701
2018-04-25 11:54:00,-989.341611301
2018-04-25 11:55:00,-989.341611301
2018-04-25 11:56:00,-999.013358701
2018-04-25 11:57:00,-999.013358701
2018-04-25 11:58:00,-999.013358701
2018-04-25 11:59:00,-1008.6851061
2018-04-26 01:29:00,-950.653847961
2018-04-26 01:30:00,-950.653847961
2018-04-26 01:31:00,-950.653847961
2018-04-26 01:32:00,-950.653847961
2018-04-26 01:33:00,-950.653847961
2018-04-26 01:34:00,-969.997342761
2018-04-26 01:35:00,-969.997342761
2018-04-26 01:36:00,-969.997342761
2018-04-26 01:37:00,-969.997342761
2018-04-26 01:38:00,-969.997342761
2018-04-26 01:39:00,-940.982100561
2018-04-26 01:40:00,-940.982100561
2018-04-26 01:41:00,-940.982100561
2018-04-26 01:42:00,-940.982100561
2018-04-26 01:43:00,-940.982100561
2018-04-26 01:44:00,-931.310353161
2018-04-26 01:45:00,-931.310353161
2018-04-26 01:46:00,-921.638605761
2018-04-26 01:47:00,-921.638605761
2018-04-26 01:48:00,-921.638605761
2018-04-26 01:49:00,-921.638605761
2018-04-26 01:50:00,-921.638605761
2018-04-26 01:51:00,-931.310353161
2018-04-26 01:52:00,-940.982100561
2018-04-26 01:53:00,-940.982100561
2018-04-26 01:54:00,-940.982100561
2018-04-26 01:55:00,-921.638605761
2018-04-26 01:56:00,-921.638605761
2018-04-26 01:57:00,-921.638605761
2018-04-26 01:58:00,-921.638605761
2018-04-26 01:59:00,-921.638605761
2018-04-26 02:00:00,-931.310353161
2018-04-26 02:01:00,-931.310353161
2018-04-26 02:02:00,-921.638605761
2018-04-26 02:03:00,-921.638605761
2018-04-26 02:04:00,-921.638605761
2018-04-26 02:05:00,-921.638605761
2018-04-26 02:06:00,-921.638605761
2018-04-26 02:07:00,-921.638605761
2018-04-26 02:08:00,-902.295110961
2018-04-26 02:09:00,-902.295110961
2018-04-26 02:10:00,-892.623363561
2018-04-26 02:11:00,-902.295110961
2018-04-26 02:12:00,-902.295110961
2018-04-26 02:13:00,-902.295110961
2018-04-26 02:14:00,-902.295110961
2018-04-26 02:15:00,-892.623363561
2018-04-26 02:16:00,-882.951616161
2018-04-26 02:17:00,-882.951616161
2018-04-26 02:18:00,-902.295110961
2018-04-26 02:19:00,-902.295110961
2018-04-26 02:20:00,-902.295110961
2018-04-26 02:21:00,-902.295110961
2018-04-26 02:22:00,-902.295110961
2018-04-26 02:23:00,-902.295110961
2018-04-26 02:24:00,-902.295110961
2018-04-26 02:25:00,-921.638605761
2018-04-26 02:26:00,-950.653847961
2018-04-26 02:27:00,-960.325595361
2018-04-26 02:28:00,-960.325595361
2018-04-26 02:29:00,-960.325595361
2018-04-26 02:30:00,-960.325595361
2018-04-26 02:31:00,-931.310353161
2018-04-26 02:32:00,-931.310353161
2018-04-26 02:33:00,-940.982100561
2018-04-26 02:34:00,-940.982100561
2018-04-26 02:35:00,-940.982100561
2018-04-26 02:36:00,-940.982100561
2018-04-26 02:37:00,-940.982100561
2018-04-26 02:38:00,-950.653847961
2018-04-26 02:39:00,-950.653847961
2018-04-26 02:40:00,-950.653847961
2018-04-26 02:41:00,-921.638605761
2018-04-26 02:42:00,-921.638605761
2018-04-26 02:43:00,-921.638605761
2018-04-26 02:44:00,-921.638605761
2018-04-26 02:45:00,-921.638605761
2018-04-26 02:46:00,-921.638605761
2018-04-26 02:47:00,-921.638605761
2018-04-26 02:48:00,-921.638605761
2018-04-26 02:49:00,-921.638605761
2018-04-26 02:50:00,-921.638605761
2018-04-26 02:51:00,-921.638605761
2018-04-26 02:52:00,-921.638605761
2018-04-26 02:53:00,-931.310353161
2018-04-26 02:54:00,-921.638605761
2018-04-26 02:55:00,-892.623363561
2018-04-26 02:56:00,-902.295110961
2018-04-26 02:57:00,-921.638605761
2018-04-26 02:58:00,-911.966858361
2018-04-26 02:59:00,-911.966858361
2018-04-26 03:00:00,-921.638605761
2018-04-26 03:01:00,-921.638605761
2018-04-26 03:02:00,-921.638605761
2018-04-26 03:03:00,-921.638605761
2018-04-26 03:04:00,-921.638605761
2018-04-26 03:05:00,-921.638605761
2018-04-26 03:06:00,-921.638605761
2018-04-26 03:07:00,-921.638605761
2018-04-26 03:08:00,-921.638605761
2018-04-26 03:09:00,-921.638605761
2018-04-26 03:10:00,-921.638605761
2018-04-26 03:11:00,-921.638605761
2018-04-26 03:12:00,-921.638605761
2018-04-26 03:13:00,-960.325595361
2018-04-26 03:14:00,-960.325595361
2018-04-26 03:15:00,-979.669090161
2018-04-26 03:16:00,-999.012584961
2018-04-26 03:17:00,-999.012584961
2018-04-26 03:18:00,-999.012584961
2018-04-26 03:19:00,-999.012584961
2018-04-26 03:20:00,-1018.35607976
2018-04-26 03:21:00,-1018.35607976
2018-04-26 03:22:00,-1018.35607976
2018-04-26 03:23:00,-999.012584961
2018-04-26 03:24:00,-999.012584961
2018-04-26 03:25:00,-999.012584961
2018-04-26 03:26:00,-989.340837561
2018-04-26 03:27:00,-989.340837561
2018-04-26 03:28:00,-979.669090161
2018-04-26 03:29:00,-989.340837561
2018-04-26 03:30:00,-979.669090161
2018-04-26 03:31:00,-979.669090161
2018-04-26 03:32:00,-960.325595361
2018-04-26 03:33:00,-960.325595361
2018-04-26 03:34:00,-960.325595361
2018-04-26 03:35:00,-960.325595361
2018-04-26 03:36:00,-960.325595361
2018-04-26 03:37:00,-960.325595361
2018-04-26 03:38:00,-960.325595361
2018-04-26 03:39:00,-940.982100561
2018-04-26 03:40:00,-931.310353161
2018-04-26 03:41:00,-921.638605761
2018-04-26 03:42:00,-921.638605761
2018-04-26 03:43:00,-921.638605761
2018-04-26 03:44:00,-931.310353161
2018-04-26 03:45:00,-940.982100561
2018-04-26 03:46:00,-940.982100561
2018-04-26 03:47:00,-940.982100561
2018-04-26 03:48:00,-921.638605761
2018-04-26 03:49:00,-921.638605761
2018-04-26 03:50:00,-921.638605761
2018-04-26 03:51:00,-921.638605761
2018-04-26 03:52:00,-931.310353161
2018-04-26 03:53:00,-931.310353161
2018-04-26 03:54:00,-931.310353161
2018-04-26 03:55:00,-921.638605761
2018-04-26 03:56:00,-931.310353161
2018-04-26 03:57:00,-931.310353161
2018-04-26 03:58:00,-940.982100561
2018-04-26 03:59:00,-950.653847961
2018-04-26 04:00:00,-960.325595361
2018-04-26 04:01:00,-979.669090161
2018-04-26 04:02:00,-979.669090161
2018-04-26 04:03:00,-979.669090161
2018-04-26 04:04:00,-989.340837561
2018-04-26 04:05:00,-979.669090161
2018-04-26 04:06:00,-979.669090161
2018-04-26 04:07:00,-979.669090161
2018-04-26 04:08:00,-979.669090161
2018-04-26 04:09:00,-989.340837561
2018-04-26 04:10:00,-989.340837561
2018-04-26 04:11:00,-989.340837561
2018-04-26 04:12:00,-989.340837561
2018-04-26 04:13:00,-989.340837561
2018-04-26 04:14:00,-989.340837561
2018-04-26 04:15:00,-989.340837561
2018-04-26 04:16:00,-989.340837561
2018-04-26 04:17:00,-989.340837561
2018-04-26 04:18:00,-979.669090161
2018-04-26 04:19:00,-979.669090161
2018-04-26 04:20:00,-989.340837561
2018-04-26 04:21:00,-989.340837561
2018-04-26 04:22:00,-989.340837561
2018-04-26 04:23:00,-989.340837561
2018-04-26 04:24:00,-989.340837561
2018-04-26 04:25:00,-979.669090161
2018-04-26 04:26:00,-979.669090161
2018-04-26 04:27:00,-979.669090161
2018-04-26 04:28:00,-969.997342761
2018-04-26 04:29:00,-969.997342761
2018-04-26 04:30:00,-969.997342761
2018-04-26 04:31:00,-969.997342761
2018-04-26 04:32:00,-969.997342761
2018-04-26 04:33:00,-969.997342761
2018-04-26 04:34:00,-969.997342761
2018-04-26 04:35:00,-969.997342761
2018-04-26 04:36:00,-969.997342761
2018-04-26 04:37:00,-969.997342761
2018-04-26 04:38:00,-969.997342761
2018-04-26 04:39:00,-969.997342761
2018-04-26 04:40:00,-969.997342761
2018-04-26 04:41:00,-979.669090161
2018-04-26 04:42:00,-979.669090161
2018-04-26 04:43:00,-999.012584961
2018-04-26 04:44:00,-999.012584961
2018-04-26 04:45:00,-999.012584961
2018-04-26 04:46:00,-999.012584961
2018-04-26 04:47:00,-989.340837561
2018-04-26 04:48:00,-989.340837561
2018-04-26 04:49:00,-989.340837561
2018-04-26 04:50:00,-989.340837561
2018-04-26 04:51:00,-989.340837561
2018-04-26 04:52:00,-989.340837561
2018-04-26 04:53:00,-1008.68433236
2018-04-26 04:54:00,-1008.68433236
2018-04-26 04:55:00,-979.669090161
2018-04-26 04:56:00,-979.669090161
2018-04-26 04:57:00,-989.340837561
2018-04-26 04:58:00,-989.340837561
2018-04-26 04:59:00,-989.340837561
2018-04-26 05:00:00,-989.340837561
2018-04-26 05:01:00,-989.340837561
2018-04-26 05:02:00,-989.340837561
2018-04-26 05:03:00,-999.012584961
2018-04-26 05:04:00,-999.012584961
2018-04-26 05:05:00,-999.012584961
2018-04-26 05:06:00,-999.012584961
2018-04-26 05:07:00,-999.012584961
2018-04-26 05:08:00,-989.340837561
2018-04-26 05:09:00,-999.012584961
2018-04-26 05:10:00,-989.340837561
2018-04-26 05:11:00,-989.340837561
2018-04-26 05:12:00,-989.340837561
2018-04-26 05:13:00,-999.012584961
2018-04-26 05:14:00,-999.012584961
2018-04-26 05:15:00,-999.012584961
2018-04-26 05:16:00,-979.669090161
2018-04-26 05:17:00,-989.340837561
2018-04-26 05:18:00,-999.012584961
2018-04-26 05:19:00,-999.012584961
2018-04-26 05:20:00,-999.012584961
2018-04-26 05:21:00,-1008.68433236
2018-04-26 05:22:00,-999.012584961
2018-04-26 05:23:00,-999.012584961
2018-04-26 05:24:00,-1008.68433236
2018-04-26 05:25:00,-1018.35607976
2018-04-26 05:26:00,-1018.35607976
2018-04-26 05:27:00,-1018.35607976
2018-04-26 05:28:00,-1018.35607976
2018-04-26 05:29:00,-1018.35607976
2018-04-26 05:30:00,-1018.35607976
2018-04-26 05:31:00,-1028.02782716
2018-04-26 05:32:00,-1028.02782716
2018-04-26 05:33:00,-1018.35607976
2018-04-26 05:34:00,-1018.35607976
2018-04-26 05:35:00,-1018.35607976
2018-04-26 05:36:00,-1018.35607976
2018-04-26 05:37:00,-1018.35607976
2018-04-26 05:38:00,-1018.35607976
2018-04-26 05:39:00,-1018.35607976
2018-04-26 05:40:00,-1018.35607976
2018-04-26 05:41:00,-1028.02782716
2018-04-26 05:42:00,-1028.02782716
2018-04-26 05:43:00,-1028.02782716
2018-04-26 05:44:00,-1008.68433236
2018-04-26 05:45:00,-1008.68433236
2018-04-26 05:46:00,-1018.35607976
2018-04-26 05:47:00,-1018.35607976
2018-04-26 05:48:00,-1018.35607976
2018-04-26 05:49:00,-1018.35607976
2018-04-26 05:50:00,-1018.35607976
2018-04-26 05:51:00,-1018.35607976
2018-04-26 05:52:00,-1018.35607976
2018-04-26 05:53:00,-1028.02782716
2018-04-26 05:54:00,-1028.02782716
2018-04-26 05:55:00,-1028.02782716
2018-04-26 05:56:00,-1028.02782716
2018-04-26 05:57:00,-1037.69957456
2018-04-26 05:58:00,-1037.69957456
2018-04-26 05:59:00,-1037.69957456
2018-04-26 06:00:00,-1037.69957456
2018-04-26 06:01:00,-1037.69957456
2018-04-26 06:02:00,-1037.69957456
2018-04-26 06:03:00,-1037.69957456
2018-04-26 06:04:00,-1037.69957456
2018-04-26 06:05:00,-1037.69957456
2018-04-26 06:06:00,-1037.69957456
2018-04-26 06:07:00,-1037.69957456
2018-04-26 06:08:00,-1037.69957456
2018-04-26 06:09:00,-1037.69957456
2018-04-26 06:10:00,-1037.69957456
2018-04-26 06:11:00,-1037.69957456
2018-04-26 06:12:00,-1057.04306936
2018-04-26 06:13:00,-1057.04306936
2018-04-26 06:14:00,-1047.37132196
2018-04-26 06:15:00,-1047.37132196
2018-04-26 06:16:00,-1037.69957456
2018-04-26 06:17:00,-1037.69957456
2018-04-26 06:18:00,-1037.69957456
2018-04-26 06:19:00,-1018.35607976
2018-04-26 06:20:00,-1018.35607976
2018-04-26 06:21:00,-1018.35607976
2018-04-26 06:22:00,-1018.35607976
2018-04-26 06:23:00,-1018.35607976
2018-04-26 06:24:00,-1018.35607976
2018-04-26 06:25:00,-1018.35607976
2018-04-26 06:26:00,-1008.68433236
2018-04-26 06:27:00,-1018.35607976
2018-04-26 06:28:00,-1018.35607976
2018-04-26 06:29:00,-999.012584961
2018-04-26 06:30:00,-999.012584961
2018-04-26 06:31:00,-999.012584961
2018-04-26 06:32:00,-1028.02782716
2018-04-26 06:33:00,-1028.02782716
2018-04-26 06:34:00,-1047.37132196
2018-04-26 06:35:00,-1037.69957456
2018-04-26 06:36:00,-1028.02782716
2018-04-26 06:37:00,-1028.02782716
2018-04-26 06:38:00,-1028.02782716
2018-04-26 06:39:00,-1028.02782716
2018-04-26 06:40:00,-1028.02782716
2018-04-26 06:41:00,-1028.02782716
2018-04-26 06:42:00,-1028.02782716
2018-04-26 06:43:00,-1047.37132196
2018-04-26 06:44:00,-1047.37132196
2018-04-26 06:45:00,-1037.69957456
2018-04-26 06:46:00,-1066.71481676
2018-04-26 06:47:00,-1066.71481676
2018-04-26 06:48:00,-1066.71481676
2018-04-26 06:49:00,-1066.71481676
2018-04-26 06:50:00,-1066.71481676
2018-04-26 06:51:00,-1066.71481676
2018-04-26 06:52:00,-1086.05831156
2018-04-26 06:53:00,-1086.05831156
2018-04-26 06:54:00,-1086.05831156
2018-04-26 06:55:00,-1105.40180636
2018-04-26 06:56:00,-1076.38656416
2018-04-26 06:57:00,-1076.38656416
2018-04-26 06:58:00,-1037.69957456
2018-04-26 06:59:00,-1037.69957456
2018-04-26 07:00:00,-1037.69957456
2018-04-26 07:01:00,-1037.69957456
2018-04-26 07:02:00,-1037.69957456
2018-04-26 07:03:00,-1057.04306936
2018-04-26 07:04:00,-1037.69957456
2018-04-26 07:05:00,-1076.38656416
2018-04-26 07:06:00,-1076.38656416
2018-04-26 07:07:00,-1066.71481676
2018-04-26 07:08:00,-1047.37132196
2018-04-26 07:09:00,-1037.69957456
2018-04-26 07:10:00,-1047.37132196
2018-04-26 07:11:00,-1057.04306936
2018-04-26 07:12:00,-1037.69957456
2018-04-26 07:13:00,-1047.37132196
2018-04-26 07:14:00,-1037.69957456
2018-04-26 07:15:00,-1037.69957456
2018-04-26 07:16:00,-1057.04306936
2018-04-26 07:17:00,-1037.69957456
2018-04-26 07:18:00,-1057.04306936
2018-04-26 07:19:00,-1057.04306936
2018-04-26 07:20:00,-1086.05831156
2018-04-26 07:21:00,-1095.73005896
2018-04-26 07:22:00,-1066.71481676
2018-04-26 07:23:00,-1086.05831156
2018-04-26 07:24:00,-1066.71481676
2018-04-26 07:25:00,-1066.71481676
2018-04-26 07:26:00,-1066.71481676
2018-04-26 07:27:00,-1057.04306936
2018-04-26 07:28:00,-1066.71481676
2018-04-26 07:29:00,-1047.37132196
2018-04-26 07:30:00,-1037.69957456
2018-04-26 07:31:00,-1037.69957456
2018-04-26 07:32:00,-1066.71481676
2018-04-26 07:33:00,-1086.05831156
2018-04-26 07:34:00,-1086.05831156
2018-04-26 07:35:00,-1105.40180636
2018-04-26 07:36:00,-1105.40180636
2018-04-26 07:37:00,-1105.40180636
2018-04-26 07:38:00,-1105.40180636
2018-04-26 07:39:00,-1105.40180636
2018-04-26 07:40:00,-1124.74530116
2018-04-26 07:41:00,-1124.74530116
2018-04-26 07:42:00,-1105.40180636
2018-04-26 07:43:00,-1086.05831156
2018-04-26 07:44:00,-1086.05831156
2018-04-26 07:45:00,-1086.05831156
2018-04-26 07:46:00,-1105.40180636
2018-04-26 07:47:00,-1076.38656416
2018-04-26 07:48:00,-1037.69957456
2018-04-26 07:49:00,-1047.37132196
2018-04-26 07:50:00,-1047.37132196
2018-04-26 07:51:00,-1028.02782716
2018-04-26 07:52:00,-1047.37132196
2018-04-26 07:53:00,-1028.02782716
2018-04-26 07:54:00,-1037.69957456
2018-04-26 07:55:00,-999.012584961
2018-04-26 07:56:00,-1008.68433236
2018-04-26 07:57:00,-979.669090161
2018-04-26 07:58:00,-979.669090161
2018-04-26 07:59:00,-1008.68433236
2018-04-26 08:00:00,-1008.68433236
2018-04-26 08:01:00,-1008.68433236
2018-04-26 08:02:00,-1008.68433236
2018-04-26 08:03:00,-1008.68433236
2018-04-26 08:04:00,-1008.68433236
2018-04-26 08:05:00,-1047.37132196
2018-04-26 08:06:00,-1086.05831156
2018-04-26 08:07:00,-1076.38656416
2018-04-26 08:08:00,-1086.05831156
2018-04-26 08:09:00,-1105.40180636
2018-04-26 08:10:00,-1086.05831156
2018-04-26 08:11:00,-1086.05831156
2018-04-26 08:12:00,-1105.40180636
2018-04-26 08:13:00,-1124.74530116
2018-04-26 08:14:00,-1144.08879596
2018-04-26 08:15:00,-1105.40180636
2018-04-26 08:16:00,-1105.40180636
2018-04-26 08:17:00,-1095.73005896
2018-04-26 08:18:00,-1086.05831156
2018-04-26 08:19:00,-1086.05831156
2018-04-26 08:20:00,-1086.05831156
2018-04-26 08:21:00,-1105.40180636
2018-04-26 08:22:00,-1105.40180636
2018-04-26 08:23:00,-1105.40180636
2018-04-26 08:24:00,-1105.40180636
2018-04-26 08:25:00,-1105.40180636
2018-04-26 08:26:00,-1086.05831156
2018-04-26 08:27:00,-1086.05831156
2018-04-26 08:28:00,-1086.05831156
2018-04-26 08:29:00,-1086.05831156
2018-04-26 08:30:00,-1086.05831156
2018-04-26 08:31:00,-1095.73005896
2018-04-26 08:32:00,-1115.07355376
2018-04-26 08:33:00,-1105.40180636
2018-04-26 08:34:00,-1105.40180636
2018-04-26 08:35:00,-1105.40180636
2018-04-26 08:36:00,-1105.40180636
2018-04-26 08:37:00,-1095.73005896
2018-04-26 08:38:00,-1095.73005896
2018-04-26 08:39:00,-1095.73005896
2018-04-26 08:40:00,-1095.73005896
2018-04-26 08:41:00,-1095.73005896
2018-04-26 08:42:00,-1105.40180636
2018-04-26 08:43:00,-1095.73005896
2018-04-26 08:44:00,-1076.38656416
2018-04-26 08:45:00,-1028.02782716
2018-04-26 08:46:00,-1028.02782716
2018-04-26 08:47:00,-1018.35607976
2018-04-26 08:48:00,-1008.68433236
2018-04-26 08:49:00,-1008.68433236
2018-04-26 08:50:00,-1008.68433236
2018-04-26 08:51:00,-1008.68433236
2018-04-26 08:52:00,-1018.35607976
2018-04-26 08:53:00,-1018.35607976
2018-04-26 08:54:00,-1008.68433236
2018-04-26 08:55:00,-1018.35607976
2018-04-26 08:56:00,-999.012584961
2018-04-26 08:57:00,-1008.68433236
2018-04-26 08:58:00,-1008.68433236
2018-04-26 08:59:00,-1018.35607976
2018-04-26 09:00:00,-1008.68433236
2018-04-26 09:01:00,-1008.68433236
2018-04-26 09:02:00,-1008.68433236
2018-04-26 09:03:00,-1008.68433236
2018-04-26 09:04:00,-1008.68433236
2018-04-26 09:05:00,-999.012584961
2018-04-26 09:06:00,-969.997342761
2018-04-26 09:07:00,-960.325595361
2018-04-26 09:08:00,-950.653847961
2018-04-26 09:09:00,-940.982100561
2018-04-26 09:10:00,-960.325595361
2018-04-26 09:11:00,-960.325595361
2018-04-26 09:12:00,-960.325595361
2018-04-26 09:13:00,-960.325595361
2018-04-26 09:14:00,-960.325595361
2018-04-26 09:15:00,-950.653847961
2018-04-26 09:16:00,-960.325595361
2018-04-26 09:17:00,-950.653847961
2018-04-26 09:18:00,-950.653847961
2018-04-26 09:19:00,-950.653847961
2018-04-26 09:20:00,-960.325595361
2018-04-26 09:21:00,-940.982100561
2018-04-26 09:22:00,-950.653847961
2018-04-26 09:23:00,-950.653847961
2018-04-26 09:24:00,-950.653847961
2018-04-26 09:25:00,-940.982100561
2018-04-26 09:26:00,-950.653847961
2018-04-26 09:27:00,-931.310353161
2018-04-26 09:28:00,-911.966858361
2018-04-26 09:29:00,-911.966858361
2018-04-26 09:30:00,-931.310353161
2018-04-26 09:31:00,-940.982100561
2018-04-26 09:32:00,-931.310353161
2018-04-26 09:33:00,-931.310353161
2018-04-26 09:34:00,-940.982100561
2018-04-26 09:35:00,-940.982100561
2018-04-26 09:36:00,-940.982100561
2018-04-26 09:37:00,-940.982100561
2018-04-26 09:38:00,-940.982100561
2018-04-26 09:39:00,-950.653847961
2018-04-26 09:40:00,-931.310353161
2018-04-26 09:41:00,-931.310353161
2018-04-26 09:42:00,-931.310353161
2018-04-26 09:43:00,-931.310353161
2018-04-26 09:44:00,-931.310353161
2018-04-26 09:45:00,-931.310353161
2018-04-26 09:46:00,-969.997342761
2018-04-26 09:47:00,-979.669090161
2018-04-26 09:48:00,-979.669090161
2018-04-26 09:49:00,-999.012584961
2018-04-26 09:50:00,-989.340837561
2018-04-26 09:51:00,-989.340837561
2018-04-26 09:52:00,-989.340837561
2018-04-26 09:53:00,-969.997342761
2018-04-26 09:54:00,-979.669090161
2018-04-26 09:55:00,-969.997342761
2018-04-26 09:56:00,-969.997342761
2018-04-26 09:57:00,-979.669090161
2018-04-26 09:58:00,-969.997342761
2018-04-26 09:59:00,-950.653847961
2018-04-26 10:00:00,-950.653847961
2018-04-26 10:01:00,-950.653847961
2018-04-26 10:02:00,-960.325595361
2018-04-26 10:03:00,-950.653847961
2018-04-26 10:04:00,-950.653847961
2018-04-26 10:05:00,-950.653847961
2018-04-26 10:06:00,-940.982100561
2018-04-26 10:07:00,-940.982100561
2018-04-26 10:08:00,-940.982100561
2018-04-26 10:09:00,-940.982100561
2018-04-26 10:10:00,-950.653847961
2018-04-26 10:11:00,-950.653847961
2018-04-26 10:12:00,-940.982100561
2018-04-26 10:13:00,-940.982100561
2018-04-26 10:14:00,-940.982100561
2018-04-26 10:15:00,-950.653847961
2018-04-26 10:16:00,-921.638605761
2018-04-26 10:17:00,-921.638605761
2018-04-26 10:18:00,-921.638605761
2018-04-26 10:19:00,-921.638605761
2018-04-26 10:20:00,-921.638605761
2018-04-26 10:21:00,-902.295110961
2018-04-26 10:22:00,-902.295110961
2018-04-26 10:23:00,-902.295110961
2018-04-26 10:24:00,-902.295110961
2018-04-26 10:25:00,-902.295110961
2018-04-26 10:26:00,-902.295110961
2018-04-26 10:27:00,-902.295110961
2018-04-26 10:28:00,-902.295110961
2018-04-26 10:29:00,-902.295110961
2018-04-26 10:30:00,-902.295110961
2018-04-26 10:31:00,-902.295110961
2018-04-26 10:32:00,-902.295110961
2018-04-26 10:33:00,-892.623363561
2018-04-26 10:34:00,-892.623363561
2018-04-26 10:35:00,-892.623363561
2018-04-26 10:36:00,-892.623363561
2018-04-26 10:37:00,-892.623363561
2018-04-26 10:38:00,-902.295110961
2018-04-26 10:39:00,-902.295110961
2018-04-26 10:40:00,-911.966858361
2018-04-26 10:41:00,-902.295110961
2018-04-26 10:42:00,-902.295110961
2018-04-26 10:43:00,-902.295110961
2018-04-26 10:44:00,-921.638605761
2018-04-26 10:45:00,-921.638605761
2018-04-26 10:46:00,-921.638605761
2018-04-26 10:47:00,-921.638605761
2018-04-26 10:48:00,-921.638605761
2018-04-26 10:49:00,-911.966858361
2018-04-26 10:50:00,-921.638605761
2018-04-26 10:51:00,-921.638605761
2018-04-26 10:52:00,-921.638605761
2018-04-26 10:53:00,-892.623363561
2018-04-26 10:54:00,-892.623363561
2018-04-26 10:55:00,-892.623363561
2018-04-26 10:56:00,-892.623363561
2018-04-26 10:57:00,-892.623363561
2018-04-26 10:58:00,-892.623363561
2018-04-26 10:59:00,-892.623363561
2018-04-26 11:00:00,-902.295110961
2018-04-26 11:01:00,-902.295110961
2018-04-26 11:02:00,-902.295110961
2018-04-26 11:03:00,-911.966858361
2018-04-26 11:04:00,-911.966858361
2018-04-26 11:05:00,-892.623363561
2018-04-26 11:06:00,-892.623363561
2018-04-26 11:07:00,-892.623363561
2018-04-26 11:08:00,-892.623363561
2018-04-26 11:09:00,-882.951616161
2018-04-26 11:10:00,-892.623363561
2018-04-26 11:11:00,-892.623363561
2018-04-26 11:12:00,-892.623363561
2018-04-26 11:13:00,-892.623363561
2018-04-26 11:14:00,-892.623363561
2018-04-26 11:15:00,-902.295110961
2018-04-26 11:16:00,-892.623363561
2018-04-26 11:17:00,-902.295110961
2018-04-26 11:18:00,-892.623363561
2018-04-26 11:19:00,-892.623363561
2018-04-26 11:20:00,-892.623363561
2018-04-26 11:21:00,-892.623363561
2018-04-26 11:22:00,-892.623363561
2018-04-26 11:23:00,-892.623363561
2018-04-26 11:24:00,-892.623363561
2018-04-26 11:25:00,-892.623363561
2018-04-26 11:26:00,-902.295110961
2018-04-26 11:27:00,-902.295110961
2018-04-26 11:28:00,-902.295110961
2018-04-26 11:29:00,-902.295110961
2018-04-26 11:30:00,-892.623363561
2018-04-26 11:31:00,-892.623363561
2018-04-26 11:32:00,-892.623363561
2018-04-26 11:33:00,-892.623363561
2018-04-26 11:34:00,-892.623363561
2018-04-26 11:35:00,-892.623363561
2018-04-26 11:36:00,-892.623363561
2018-04-26 11:37:00,-892.623363561
2018-04-26 11:38:00,-892.623363561
2018-04-26 11:39:00,-892.623363561
2018-04-26 11:40:00,-892.623363561
2018-04-26 11:41:00,-892.623363561
2018-04-26 11:42:00,-902.295110961
2018-04-26 11:43:00,-902.295110961
2018-04-26 11:44:00,-902.295110961
2018-04-26 11:45:00,-902.295110961
2018-04-26 11:46:00,-902.295110961
2018-04-26 11:47:00,-892.623363561
2018-04-26 11:48:00,-911.966858361
2018-04-26 11:49:00,-911.966858361
2018-04-26 11:50:00,-911.966858361
2018-04-26 11:51:00,-911.966858361
2018-04-26 11:52:00,-911.966858361
2018-04-26 11:53:00,-911.966858361
2018-04-26 11:54:00,-911.966858361
2018-04-26 11:55:00,-911.966858361
2018-04-26 11:56:00,-911.966858361
2018-04-26 11:57:00,-911.966858361
2018-04-26 11:58:00,-931.310353161
2018-04-26 11:59:00,-931.310353161
2018-04-27 01:29:00,-892.623363561
2018-04-27 01:30:00,-892.623363561
2018-04-27 01:31:00,-853.936373961
2018-04-27 01:32:00,-873.279868761
2018-04-27 01:33:00,-873.279868761
2018-04-27 01:34:00,-834.592879161
2018-04-27 01:35:00,-834.592879161
2018-04-27 01:36:00,-853.936373961
2018-04-27 01:37:00,-834.592879161
2018-04-27 01:38:00,-834.592879161
2018-04-27 01:39:00,-834.592879161
2018-04-27 01:40:00,-834.592879161
2018-04-27 01:41:00,-834.592879161
2018-04-27 01:42:00,-834.592879161
2018-04-27 01:43:00,-834.592879161
2018-04-27 01:44:00,-834.592879161
2018-04-27 01:45:00,-834.592879161
2018-04-27 01:46:00,-853.936373961
2018-04-27 01:47:00,-844.264626561
2018-04-27 01:48:00,-853.936373961
2018-04-27 01:49:00,-853.936373961
2018-04-27 01:50:00,-844.264626561
2018-04-27 01:51:00,-844.264626561
2018-04-27 01:52:00,-844.264626561
2018-04-27 01:53:00,-844.264626561
2018-04-27 01:54:00,-844.264626561
2018-04-27 01:55:00,-834.592879161
2018-04-27 01:56:00,-873.279868761
2018-04-27 01:57:00,-873.279868761
2018-04-27 01:58:00,-844.264626561
2018-04-27 01:59:00,-834.592879161
2018-04-27 02:00:00,-824.921131761
2018-04-27 02:01:00,-824.921131761
2018-04-27 02:02:00,-815.249384361
2018-04-27 02:03:00,-805.577636961
2018-04-27 02:04:00,-766.890647361
2018-04-27 02:05:00,-786.234142161
2018-04-27 02:06:00,-805.577636961
2018-04-27 02:07:00,-805.577636961
2018-04-27 02:08:00,-795.905889561
2018-04-27 02:09:00,-786.234142161
2018-04-27 02:10:00,-776.562394761
2018-04-27 02:11:00,-786.234142161
2018-04-27 02:12:00,-805.577636961
2018-04-27 02:13:00,-795.905889561
2018-04-27 02:14:00,-795.905889561
2018-04-27 02:15:00,-805.577636961
2018-04-27 02:16:00,-834.592879161
2018-04-27 02:17:00,-834.592879161
2018-04-27 02:18:00,-844.264626561
2018-04-27 02:19:00,-844.264626561
2018-04-27 02:20:00,-834.592879161
2018-04-27 02:21:00,-834.592879161
2018-04-27 02:22:00,-834.592879161
2018-04-27 02:23:00,-834.592879161
2018-04-27 02:24:00,-815.249384361
2018-04-27 02:25:00,-815.249384361
2018-04-27 02:26:00,-815.249384361
2018-04-27 02:27:00,-815.249384361
2018-04-27 02:28:00,-815.249384361
2018-04-27 02:29:00,-853.936373961
2018-04-27 02:30:00,-853.936373961
2018-04-27 02:31:00,-844.264626561
2018-04-27 02:32:00,-844.264626561
2018-04-27 02:33:00,-834.592879161
2018-04-27 02:34:00,-834.592879161
2018-04-27 02:35:00,-824.921131761
2018-04-27 02:36:00,-824.921131761
2018-04-27 02:37:00,-824.921131761
2018-04-27 02:38:00,-834.592879161
2018-04-27 02:39:00,-844.264626561
2018-04-27 02:40:00,-844.264626561
2018-04-27 02:41:00,-834.592879161
2018-04-27 02:42:00,-834.592879161
2018-04-27 02:43:00,-844.264626561
2018-04-27 02:44:00,-844.264626561
2018-04-27 02:45:00,-873.279868761
2018-04-27 02:46:00,-892.623363561
2018-04-27 02:47:00,-882.951616161
2018-04-27 02:48:00,-892.623363561
2018-04-27 02:49:00,-882.951616161
2018-04-27 02:50:00,-882.951616161
2018-04-27 02:51:00,-882.951616161
2018-04-27 02:52:00,-882.951616161
2018-04-27 02:53:00,-882.951616161
2018-04-27 02:54:00,-882.951616161
2018-04-27 02:55:00,-882.951616161
2018-04-27 02:56:00,-902.295110961
2018-04-27 02:57:00,-892.623363561
2018-04-27 02:58:00,-902.295110961
2018-04-27 02:59:00,-892.623363561
2018-04-27 03:00:00,-902.295110961
2018-04-27 03:01:00,-902.295110961
2018-04-27 03:02:00,-882.951616161
2018-04-27 03:03:00,-863.608121361
2018-04-27 03:04:00,-844.264626561
2018-04-27 03:05:00,-844.264626561
2018-04-27 03:06:00,-844.264626561
2018-04-27 03:07:00,-844.264626561
2018-04-27 03:08:00,-853.936373961
2018-04-27 03:09:00,-853.936373961
2018-04-27 03:10:00,-844.264626561
2018-04-27 03:11:00,-844.264626561
2018-04-27 03:12:00,-844.264626561
2018-04-27 03:13:00,-844.264626561
2018-04-27 03:14:00,-853.936373961
2018-04-27 03:15:00,-882.951616161
2018-04-27 03:16:00,-873.279868761
2018-04-27 03:17:00,-873.279868761
2018-04-27 03:18:00,-863.608121361
2018-04-27 03:19:00,-873.279868761
2018-04-27 03:20:00,-873.279868761
2018-04-27 03:21:00,-882.951616161
2018-04-27 03:22:00,-873.279868761
2018-04-27 03:23:00,-863.608121361
2018-04-27 03:24:00,-834.592879161
2018-04-27 03:25:00,-824.921131761
2018-04-27 03:26:00,-834.592879161
2018-04-27 03:27:00,-824.921131761
2018-04-27 03:28:00,-815.249384361
2018-04-27 03:29:00,-834.592879161
2018-04-27 03:30:00,-612.142688961
2018-04-27 03:31:00,-476.738225361
2018-04-27 03:32:00,-544.440457161
2018-04-27 03:33:00,-544.440457161
2018-04-27 03:34:00,-467.066477961
2018-04-27 03:35:00,-505.753467561
2018-04-27 03:36:00,-525.096962361
2018-04-27 03:37:00,-467.066477961
2018-04-27 03:38:00,-457.394730561
2018-04-27 03:39:00,-457.394730561
2018-04-27 03:40:00,-476.738225361
2018-04-27 03:41:00,-496.081720161
2018-04-27 03:42:00,-428.379488361
2018-04-27 03:43:00,-476.738225361
2018-04-27 03:44:00,-496.081720161
2018-04-27 03:45:00,-505.753467561
2018-04-27 03:46:00,-496.081720161
2018-04-27 03:47:00,-496.081720161
2018-04-27 03:48:00,-467.066477961
2018-04-27 03:49:00,-486.409972761
2018-04-27 03:50:00,-505.753467561
2018-04-27 03:51:00,-505.753467561
2018-04-27 03:52:00,-505.753467561
2018-04-27 03:53:00,-515.425214961
2018-04-27 03:54:00,-534.768709761
2018-04-27 03:55:00,-544.440457161
2018-04-27 03:56:00,-563.783951961
2018-04-27 03:57:00,-573.455699361
2018-04-27 03:58:00,-563.783951961
2018-04-27 03:59:00,-563.783951961
2018-04-27 04:00:00,-563.783951961
2018-04-27 04:01:00,-592.799194161
2018-04-27 04:02:00,-592.799194161
2018-04-27 04:03:00,-592.799194161
2018-04-27 04:04:00,-612.142688961
2018-04-27 04:05:00,-612.142688961
2018-04-27 04:06:00,-563.783951961
2018-04-27 04:07:00,-573.455699361
2018-04-27 04:08:00,-544.440457161
2018-04-27 04:09:00,-563.783951961
2018-04-27 04:10:00,-554.112204561
2018-04-27 04:11:00,-554.112204561
2018-04-27 04:12:00,-544.440457161
2018-04-27 04:13:00,-554.112204561
2018-04-27 04:14:00,-525.096962361
2018-04-27 04:15:00,-505.753467561
2018-04-27 04:16:00,-505.753467561
2018-04-27 04:17:00,-496.081720161
2018-04-27 04:18:00,-496.081720161
2018-04-27 04:19:00,-496.081720161
2018-04-27 04:20:00,-486.409972761
2018-04-27 04:21:00,-476.738225361
2018-04-27 04:22:00,-476.738225361
2018-04-27 04:23:00,-476.738225361
2018-04-27 04:24:00,-476.738225361
2018-04-27 04:25:00,-476.738225361
2018-04-27 04:26:00,-486.409972761
2018-04-27 04:27:00,-486.409972761
2018-04-27 04:28:00,-486.409972761
2018-04-27 04:29:00,-486.409972761
2018-04-27 04:30:00,-496.081720161
2018-04-27 04:31:00,-496.081720161
2018-04-27 04:32:00,-496.081720161
2018-04-27 04:33:00,-496.081720161
2018-04-27 04:34:00,-496.081720161
2018-04-27 04:35:00,-476.738225361
2018-04-27 04:36:00,-476.738225361
2018-04-27 04:37:00,-476.738225361
2018-04-27 04:38:00,-476.738225361
2018-04-27 04:39:00,-476.738225361
2018-04-27 04:40:00,-476.738225361
2018-04-27 04:41:00,-476.738225361
2018-04-27 04:42:00,-476.738225361
2018-04-27 04:43:00,-476.738225361
2018-04-27 04:44:00,-476.738225361
2018-04-27 04:45:00,-476.738225361
2018-04-27 04:46:00,-476.738225361
2018-04-27 04:47:00,-476.738225361
2018-04-27 04:48:00,-476.738225361
2018-04-27 04:49:00,-467.066477961
2018-04-27 04:50:00,-476.738225361
2018-04-27 04:51:00,-486.409972761
2018-04-27 04:52:00,-486.409972761
2018-04-27 04:53:00,-476.738225361
2018-04-27 04:54:00,-476.738225361
2018-04-27 04:55:00,-476.738225361
2018-04-27 04:56:00,-476.738225361
2018-04-27 04:57:00,-476.738225361
2018-04-27 04:58:00,-476.738225361
2018-04-27 04:59:00,-476.738225361
2018-04-27 05:00:00,-476.738225361
2018-04-27 05:01:00,-476.738225361
2018-04-27 05:02:00,-457.394730561
2018-04-27 05:03:00,-438.051235761
2018-04-27 05:04:00,-438.051235761
2018-04-27 05:05:00,-447.722983161
2018-04-27 05:06:00,-447.722983161
2018-04-27 05:07:00,-447.722983161
2018-04-27 05:08:00,-438.051235761
2018-04-27 05:09:00,-438.051235761
2018-04-27 05:10:00,-438.051235761
2018-04-27 05:11:00,-438.051235761
2018-04-27 05:12:00,-447.722983161
2018-04-27 05:13:00,-447.722983161
2018-04-27 05:14:00,-447.722983161
2018-04-27 05:15:00,-457.394730561
2018-04-27 05:16:00,-457.394730561
2018-04-27 05:17:00,-457.394730561
2018-04-27 05:18:00,-457.394730561
2018-04-27 05:19:00,-496.081720161
2018-04-27 05:20:00,-486.409972761
2018-04-27 05:21:00,-486.409972761
2018-04-27 05:22:00,-486.409972761
2018-04-27 05:23:00,-486.409972761
2018-04-27 05:24:00,-496.081720161
2018-04-27 05:25:00,-496.081720161
2018-04-27 05:26:00,-496.081720161
2018-04-27 05:27:00,-496.081720161
2018-04-27 05:28:00,-496.081720161
2018-04-27 05:29:00,-496.081720161
2018-04-27 05:30:00,-496.081720161
2018-04-27 05:31:00,-496.081720161
2018-04-27 05:32:00,-496.081720161
2018-04-27 05:33:00,-496.081720161
2018-04-27 05:34:00,-496.081720161
2018-04-27 05:35:00,-496.081720161
2018-04-27 05:36:00,-505.753467561
2018-04-27 05:37:00,-505.753467561
2018-04-27 05:38:00,-525.096962361
2018-04-27 05:39:00,-525.096962361
2018-04-27 05:40:00,-525.096962361
2018-04-27 05:41:00,-515.425214961
2018-04-27 05:42:00,-534.768709761
2018-04-27 05:43:00,-505.753467561
2018-04-27 05:44:00,-505.753467561
2018-04-27 05:45:00,-505.753467561
2018-04-27 05:46:00,-505.753467561
2018-04-27 05:47:00,-505.753467561
2018-04-27 05:48:00,-505.753467561
2018-04-27 05:49:00,-496.081720161
2018-04-27 05:50:00,-505.753467561
2018-04-27 05:51:00,-505.753467561
2018-04-27 05:52:00,-534.768709761
2018-04-27 05:53:00,-525.096962361
2018-04-27 05:54:00,-525.096962361
2018-04-27 05:55:00,-496.081720161
2018-04-27 05:56:00,-486.409972761
2018-04-27 05:57:00,-525.096962361
2018-04-27 05:58:00,-515.425214961
2018-04-27 05:59:00,-525.096962361
2018-04-27 06:00:00,-515.425214961
2018-04-27 06:01:00,-515.425214961
2018-04-27 06:02:00,-534.768709761
2018-04-27 06:03:00,-544.440457161
2018-04-27 06:04:00,-554.112204561
2018-04-27 06:05:00,-554.112204561
2018-04-27 06:06:00,-525.096962361
2018-04-27 06:07:00,-515.425214961
2018-04-27 06:08:00,-554.112204561
2018-04-27 06:09:00,-554.112204561
2018-04-27 06:10:00,-563.783951961
2018-04-27 06:11:00,-534.768709761
2018-04-27 06:12:00,-525.096962361
2018-04-27 06:13:00,-515.425214961
2018-04-27 06:14:00,-534.768709761
2018-04-27 06:15:00,-515.425214961
2018-04-27 06:16:00,-515.425214961
2018-04-27 06:17:00,-515.425214961
2018-04-27 06:18:00,-544.440457161
2018-04-27 06:19:00,-554.112204561
2018-04-27 06:20:00,-554.112204561
2018-04-27 06:21:00,-544.440457161
2018-04-27 06:22:00,-544.440457161
2018-04-27 06:23:00,-534.768709761
2018-04-27 06:24:00,-534.768709761
2018-04-27 06:25:00,-544.440457161
2018-04-27 06:26:00,-563.783951961
2018-04-27 06:27:00,-554.112204561
2018-04-27 06:28:00,-554.112204561
2018-04-27 06:29:00,-554.112204561
2018-04-27 06:30:00,-554.112204561
2018-04-27 06:31:00,-554.112204561
2018-04-27 06:32:00,-563.783951961
2018-04-27 06:33:00,-563.783951961
2018-04-27 06:34:00,-554.112204561
2018-04-27 06:35:00,-554.112204561
2018-04-27 06:36:00,-554.112204561
2018-04-27 06:37:00,-554.112204561
2018-04-27 06:38:00,-573.455699361
2018-04-27 06:39:00,-573.455699361
2018-04-27 06:40:00,-583.127446761
2018-04-27 06:41:00,-583.127446761
2018-04-27 06:42:00,-592.799194161
2018-04-27 06:43:00,-602.470941561
2018-04-27 06:44:00,-602.470941561
2018-04-27 06:45:00,-592.799194161
2018-04-27 06:46:00,-592.799194161
2018-04-27 06:47:00,-602.470941561
2018-04-27 06:48:00,-602.470941561
2018-04-27 06:49:00,-583.127446761
2018-04-27 06:50:00,-534.768709761
2018-04-27 06:51:00,-525.096962361
2018-04-27 06:52:00,-515.425214961
2018-04-27 06:53:00,-525.096962361
2018-04-27 06:54:00,-534.768709761
2018-04-27 06:55:00,-534.768709761
2018-04-27 06:56:00,-525.096962361
2018-04-27 06:57:00,-525.096962361
2018-04-27 06:58:00,-515.425214961
2018-04-27 06:59:00,-515.425214961
2018-04-27 07:00:00,-515.425214961
2018-04-27 07:01:00,-534.768709761
2018-04-27 07:02:00,-525.096962361
2018-04-27 07:03:00,-534.768709761
2018-04-27 07:04:00,-515.425214961
2018-04-27 07:05:00,-515.425214961
2018-04-27 07:06:00,-515.425214961
2018-04-27 07:07:00,-515.425214961
2018-04-27 07:08:00,-515.425214961
2018-04-27 07:09:00,-515.425214961
2018-04-27 07:10:00,-515.425214961
2018-04-27 07:11:00,-534.768709761
2018-04-27 07:12:00,-525.096962361
2018-04-27 07:13:00,-544.440457161
2018-04-27 07:14:00,-554.112204561
2018-04-27 07:15:00,-583.127446761
2018-04-27 07:16:00,-583.127446761
2018-04-27 07:17:00,-583.127446761
2018-04-27 07:18:00,-583.127446761
2018-04-27 07:19:00,-583.127446761
2018-04-27 07:20:00,-573.455699361
2018-04-27 07:21:00,-592.799194161
2018-04-27 07:22:00,-563.783951961
2018-04-27 07:23:00,-583.127446761
2018-04-27 07:24:00,-602.470941561
2018-04-27 07:25:00,-583.127446761
2018-04-27 07:26:00,-592.799194161
2018-04-27 07:27:00,-592.799194161
2018-04-27 07:28:00,-592.799194161
2018-04-27 07:29:00,-563.783951961
2018-04-27 07:30:00,-621.814436361
2018-04-27 07:31:00,-592.799194161
2018-04-27 07:32:00,-592.799194161
2018-04-27 07:33:00,-602.470941561
2018-04-27 07:34:00,-612.142688961
2018-04-27 07:35:00,-592.799194161
2018-04-27 07:36:00,-592.799194161
2018-04-27 07:37:00,-592.799194161
2018-04-27 07:38:00,-592.799194161
2018-04-27 07:39:00,-592.799194161
2018-04-27 07:40:00,-592.799194161
2018-04-27 07:41:00,-612.142688961
2018-04-27 07:42:00,-612.142688961
2018-04-27 07:43:00,-612.142688961
2018-04-27 07:44:00,-612.142688961
2018-04-27 07:45:00,-612.142688961
2018-04-27 07:46:00,-612.142688961
2018-04-27 07:47:00,-602.470941561
2018-04-27 07:48:00,-592.799194161
2018-04-27 07:49:00,-602.470941561
2018-04-27 07:50:00,-592.799194161
2018-04-27 07:51:00,-592.799194161
2018-04-27 07:52:00,-573.455699361
2018-04-27 07:53:00,-563.783951961
2018-04-27 07:54:00,-573.455699361
2018-04-27 07:55:00,-554.112204561
2018-04-27 07:56:00,-544.440457161
2018-04-27 07:57:00,-544.440457161
2018-04-27 07:58:00,-554.112204561
2018-04-27 07:59:00,-544.440457161
2018-04-27 08:00:00,-544.440457161
2018-04-27 08:01:00,-534.768709761
2018-04-27 08:02:00,-534.768709761
2018-04-27 08:03:00,-534.768709761
2018-04-27 08:04:00,-534.768709761
2018-04-27 08:05:00,-534.768709761
2018-04-27 08:06:00,-534.768709761
2018-04-27 08:07:00,-534.768709761
2018-04-27 08:08:00,-534.768709761
2018-04-27 08:09:00,-534.768709761
2018-04-27 08:10:00,-515.425214961
2018-04-27 08:11:00,-515.425214961
2018-04-27 08:12:00,-544.440457161
2018-04-27 08:13:00,-544.440457161
2018-04-27 08:14:00,-544.440457161
2018-04-27 08:15:00,-544.440457161
2018-04-27 08:16:00,-544.440457161
2018-04-27 08:17:00,-544.440457161
2018-04-27 08:18:00,-554.112204561
2018-04-27 08:19:00,-554.112204561
2018-04-27 08:20:00,-534.768709761
2018-04-27 08:21:00,-563.783951961
2018-04-27 08:22:00,-573.455699361
2018-04-27 08:23:00,-573.455699361
2018-04-27 08:24:00,-573.455699361
2018-04-27 08:25:00,-573.455699361
2018-04-27 08:26:00,-573.455699361
2018-04-27 08:27:00,-573.455699361
2018-04-27 08:28:00,-573.455699361
2018-04-27 08:29:00,-573.455699361
2018-04-27 08:30:00,-544.440457161
2018-04-27 08:31:00,-534.768709761
2018-04-27 08:32:00,-496.081720161
2018-04-27 08:33:00,-496.081720161
2018-04-27 08:34:00,-496.081720161
2018-04-27 08:35:00,-496.081720161
2018-04-27 08:36:00,-496.081720161
2018-04-27 08:37:00,-496.081720161
2018-04-27 08:38:00,-496.081720161
2018-04-27 08:39:00,-496.081720161
2018-04-27 08:40:00,-476.738225361
2018-04-27 08:41:00,-496.081720161
2018-04-27 08:42:00,-496.081720161
2018-04-27 08:43:00,-476.738225361
2018-04-27 08:44:00,-496.081720161
2018-04-27 08:45:00,-476.738225361
2018-04-27 08:46:00,-447.722983161
2018-04-27 08:47:00,-447.722983161
2018-04-27 08:48:00,-447.722983161
2018-04-27 08:49:00,-438.051235761
2018-04-27 08:50:00,-428.379488361
2018-04-27 08:51:00,-438.051235761
2018-04-27 08:52:00,-438.051235761
2018-04-27 08:53:00,-438.051235761
2018-04-27 08:54:00,-438.051235761
2018-04-27 08:55:00,-438.051235761
2018-04-27 08:56:00,-457.394730561
2018-04-27 08:57:00,-467.066477961
2018-04-27 08:58:00,-476.738225361
2018-04-27 08:59:00,-467.066477961
2018-04-27 09:00:00,-476.738225361
2018-04-27 09:01:00,-476.738225361
2018-04-27 09:02:00,-476.738225361
2018-04-27 09:03:00,-486.409972761
2018-04-27 09:04:00,-457.394730561
2018-04-27 09:05:00,-467.066477961
2018-04-27 09:06:00,-476.738225361
2018-04-27 09:07:00,-476.738225361
2018-04-27 09:08:00,-476.738225361
2018-04-27 09:09:00,-476.738225361
2018-04-27 09:10:00,-467.066477961
2018-04-27 09:11:00,-476.738225361
2018-04-27 09:12:00,-476.738225361
2018-04-27 09:13:00,-457.394730561
2018-04-27 09:14:00,-457.394730561
2018-04-27 09:15:00,-457.394730561
2018-04-27 09:16:00,-457.394730561
2018-04-27 09:17:00,-457.394730561
2018-04-27 09:18:00,-457.394730561
2018-04-27 09:19:00,-457.394730561
2018-04-27 09:20:00,-457.394730561
2018-04-27 09:21:00,-457.394730561
2018-04-27 09:22:00,-457.394730561
2018-04-27 09:23:00,-457.394730561
2018-04-27 09:24:00,-457.394730561
2018-04-27 09:25:00,-457.394730561
2018-04-27 09:26:00,-457.394730561
2018-04-27 09:27:00,-457.394730561
2018-04-27 09:28:00,-457.394730561
2018-04-27 09:29:00,-457.394730561
2018-04-27 09:30:00,-457.394730561
2018-04-27 09:31:00,-457.394730561
2018-04-27 09:32:00,-457.394730561
2018-04-27 09:33:00,-447.722983161
2018-04-27 09:34:00,-447.722983161
2018-04-27 09:35:00,-438.051235761
2018-04-27 09:36:00,-438.051235761
2018-04-27 09:37:00,-438.051235761
2018-04-27 09:38:00,-438.051235761
2018-04-27 09:39:00,-438.051235761
2018-04-27 09:40:00,-438.051235761
2018-04-27 09:41:00,-438.051235761
2018-04-27 09:42:00,-438.051235761
2018-04-27 09:43:00,-438.051235761
2018-04-27 09:44:00,-438.051235761
2018-04-27 09:45:00,-438.051235761
2018-04-27 09:46:00,-438.051235761
2018-04-27 09:47:00,-438.051235761
2018-04-27 09:48:00,-438.051235761
2018-04-27 09:49:00,-438.051235761
2018-04-27 09:50:00,-418.707740961
2018-04-27 09:51:00,-418.707740961
2018-04-27 09:52:00,-418.707740961
2018-04-27 09:53:00,-418.707740961
2018-04-27 09:54:00,-418.707740961
2018-04-27 09:55:00,-418.707740961
2018-04-27 09:56:00,-438.051235761
2018-04-27 09:57:00,-438.051235761
2018-04-27 09:58:00,-438.051235761
2018-04-27 09:59:00,-399.364246161
2018-04-27 10:00:00,-370.349003961
2018-04-27 10:01:00,-380.020751361
2018-04-27 10:02:00,-380.020751361
2018-04-27 10:03:00,-380.020751361
2018-04-27 10:04:00,-380.020751361
2018-04-27 10:05:00,-380.020751361
2018-04-27 10:06:00,-380.020751361
2018-04-27 10:07:00,-380.020751361
2018-04-27 10:08:00,-341.333761761
2018-04-27 10:09:00,-341.333761761
2018-04-27 10:10:00,-360.677256561
2018-04-27 10:11:00,-360.677256561
2018-04-27 10:12:00,-360.677256561
2018-04-27 10:13:00,-360.677256561
2018-04-27 10:14:00,-331.662014361
2018-04-27 10:15:00,-321.990266961
2018-04-27 10:16:00,-321.990266961
2018-04-27 10:17:00,-321.990266961
2018-04-27 10:18:00,-321.990266961
2018-04-27 10:19:00,-312.318519561
2018-04-27 10:20:00,-321.990266961
2018-04-27 10:21:00,-331.662014361
2018-04-27 10:22:00,-331.662014361
2018-04-27 10:23:00,-321.990266961
2018-04-27 10:24:00,-302.646772161
2018-04-27 10:25:00,-312.318519561
2018-04-27 10:26:00,-312.318519561
2018-04-27 10:27:00,-312.318519561
2018-04-27 10:28:00,-331.662014361
2018-04-27 10:29:00,-321.990266961
2018-04-27 10:30:00,-321.990266961
2018-04-27 10:31:00,-341.333761761
2018-04-27 10:32:00,-321.990266961
2018-04-27 10:33:00,-341.333761761
2018-04-27 10:34:00,-360.677256561
2018-04-27 10:35:00,-341.333761761
2018-04-27 10:36:00,-341.333761761
2018-04-27 10:37:00,-341.333761761
2018-04-27 10:38:00,-341.333761761
2018-04-27 10:39:00,-370.349003961
2018-04-27 10:40:00,-360.677256561
2018-04-27 10:41:00,-341.333761761
2018-04-27 10:42:00,-341.333761761
2018-04-27 10:43:00,-380.020751361
2018-04-27 10:44:00,-380.020751361
2018-04-27 10:45:00,-380.020751361
2018-04-27 10:46:00,-370.349003961
2018-04-27 10:47:00,-370.349003961
2018-04-27 10:48:00,-341.333761761
2018-04-27 10:49:00,-351.005509161
2018-04-27 10:50:00,-351.005509161
2018-04-27 10:51:00,-351.005509161
2018-04-27 10:52:00,-351.005509161
2018-04-27 10:53:00,-341.333761761
2018-04-27 10:54:00,-341.333761761
2018-04-27 10:55:00,-321.990266961
2018-04-27 10:56:00,-312.318519561
2018-04-27 10:57:00,-351.005509161
2018-04-27 10:58:00,-351.005509161
2018-04-27 10:59:00,-321.990266961
2018-04-27 11:00:00,-312.318519561
2018-04-27 11:01:00,-312.318519561
2018-04-27 11:02:00,-312.318519561
2018-04-27 11:03:00,-312.318519561
2018-04-27 11:04:00,-312.318519561
2018-04-27 11:05:00,-380.020751361
2018-04-27 11:06:00,-380.020751361
2018-04-27 11:07:00,-380.020751361
2018-04-27 11:08:00,-438.051235761
2018-04-27 11:09:00,-399.364246161
2018-04-27 11:10:00,-399.364246161
2018-04-27 11:11:00,-418.707740961
2018-04-27 11:12:00,-418.707740961
2018-04-27 11:13:00,-409.035993561
2018-04-27 11:14:00,-409.035993561
2018-04-27 11:15:00,-409.035993561
2018-04-27 11:16:00,-389.692498761
2018-04-27 11:17:00,-399.364246161
2018-04-27 11:18:00,-399.364246161
2018-04-27 11:19:00,-399.364246161
2018-04-27 11:20:00,-399.364246161
2018-04-27 11:21:00,-389.692498761
2018-04-27 11:22:00,-399.364246161
2018-04-27 11:23:00,-399.364246161
2018-04-27 11:24:00,-399.364246161
2018-04-27 11:25:00,-389.692498761
2018-04-27 11:26:00,-389.692498761
2018-04-27 11:27:00,-399.364246161
2018-04-27 11:28:00,-389.692498761
2018-04-27 11:29:00,-399.364246161
2018-04-27 11:30:00,-389.692498761
2018-04-27 11:31:00,-389.692498761
2018-04-27 11:32:00,-389.692498761
2018-04-27 11:33:00,-389.692498761
2018-04-27 11:34:00,-389.692498761
2018-04-27 11:35:00,-389.692498761
2018-04-27 11:36:00,-389.692498761
2018-04-27 11:37:00,-380.020751361
2018-04-27 11:38:00,-380.020751361
2018-04-27 11:39:00,-389.692498761
2018-04-27 11:40:00,-389.692498761
2018-04-27 11:41:00,-380.020751361
2018-04-27 11:42:00,-380.020751361
2018-04-27 11:43:00,-380.020751361
2018-04-27 11:44:00,-380.020751361
2018-04-27 11:45:00,-389.692498761
2018-04-27 11:46:00,-389.692498761
2018-04-27 11:47:00,-389.692498761
2018-04-27 11:48:00,-380.020751361
2018-04-27 11:49:00,-370.349003961
2018-04-27 11:50:00,-370.349003961
2018-04-27 11:51:00,-370.349003961
2018-04-27 11:52:00,-370.349003961
2018-04-27 11:53:00,-370.349003961
2018-04-27 11:54:00,-370.349003961
2018-04-27 11:55:00,-370.349003961
2018-04-27 11:56:00,-370.349003961
2018-04-27 11:57:00,-370.349003961
2018-04-27 11:58:00,-370.349003961
2018-04-27 11:59:00,-351.005509161
2018-04-30 01:30:00,-322.076317602
2018-04-30 01:31:00,-322.076317602
2018-04-30 01:32:00,-331.735771114
2018-04-30 01:33:00,-322.076317602
2018-04-30 01:34:00,-322.076317602
2018-04-30 01:35:00,-331.735771114
2018-04-30 01:36:00,-331.735771114
2018-04-30 01:37:00,-351.054678139
2018-04-30 01:38:00,-351.054678139
2018-04-30 01:39:00,-351.054678139
2018-04-30 01:40:00,-351.054678139
2018-04-30 01:41:00,-351.054678139
2018-04-30 01:42:00,-351.054678139
2018-04-30 01:43:00,-351.054678139
2018-04-30 01:44:00,-351.054678139
2018-04-30 01:45:00,-351.054678139
2018-04-30 01:46:00,-351.054678139
2018-04-30 01:47:00,-341.395224627
2018-04-30 01:48:00,-312.416864089
2018-04-30 01:49:00,-341.395224627
2018-04-30 01:50:00,-302.757410577
2018-04-30 01:51:00,-322.076317602
2018-04-30 01:52:00,-312.416864089
2018-04-30 01:53:00,-322.076317602
2018-04-30 01:54:00,-322.076317602
2018-04-30 01:55:00,-331.735771114
2018-04-30 01:56:00,-331.735771114
2018-04-30 01:57:00,-331.735771114
2018-04-30 01:58:00,-331.735771114
2018-04-30 01:59:00,-331.735771114
2018-04-30 02:00:00,-341.395224627
2018-04-30 02:01:00,-341.395224627
2018-04-30 02:02:00,-360.714131652
2018-04-30 02:03:00,-360.714131652
2018-04-30 02:04:00,-370.373585164
2018-04-30 02:05:00,-360.714131652
2018-04-30 02:06:00,-360.714131652
2018-04-30 02:07:00,-389.692492189
2018-04-30 02:08:00,-399.351945702
2018-04-30 02:09:00,-399.351945702
2018-04-30 02:10:00,-389.692492189
2018-04-30 02:11:00,-389.692492189
2018-04-30 02:12:00,-370.373585164
2018-04-30 02:13:00,-360.714131652
2018-04-30 02:14:00,-360.714131652
2018-04-30 02:15:00,-360.714131652
2018-04-30 02:16:00,-360.714131652
2018-04-30 02:17:00,-351.054678139
2018-04-30 02:18:00,-341.395224627
2018-04-30 02:19:00,-351.054678139
2018-04-30 02:20:00,-341.395224627
2018-04-30 02:21:00,-341.395224627
2018-04-30 02:22:00,-341.395224627
2018-04-30 02:23:00,-331.735771114
2018-04-30 02:24:00,-322.076317602
2018-04-30 02:25:00,-331.735771114
2018-04-30 02:26:00,-322.076317602
2018-04-30 02:27:00,-322.076317602
2018-04-30 02:28:00,-312.416864089
2018-04-30 02:29:00,-312.416864089
2018-04-30 02:30:00,-312.416864089
2018-04-30 02:31:00,-302.757410577
2018-04-30 02:32:00,-273.779050039
2018-04-30 02:33:00,-273.779050039
2018-04-30 02:34:00,-264.119596527
2018-04-30 02:35:00,-264.119596527
2018-04-30 02:36:00,-254.460143014
2018-04-30 02:37:00,-264.119596527
2018-04-30 02:38:00,-273.779050039
2018-04-30 02:39:00,-273.779050039
2018-04-30 02:40:00,-283.438503552
2018-04-30 02:41:00,-283.438503552
2018-04-30 02:42:00,-283.438503552
2018-04-30 02:43:00,-293.097957064
2018-04-30 02:44:00,-273.779050039
2018-04-30 02:45:00,-273.779050039
2018-04-30 02:46:00,-283.438503552
2018-04-30 02:47:00,-283.438503552
2018-04-30 02:48:00,-283.438503552
2018-04-30 02:49:00,-273.779050039
2018-04-30 02:50:00,-264.119596527
2018-04-30 02:51:00,-244.800689502
2018-04-30 02:52:00,-244.800689502
2018-04-30 02:53:00,-235.141235989
2018-04-30 02:54:00,-235.141235989
2018-04-30 02:55:00,-235.141235989
2018-04-30 02:56:00,-235.141235989
2018-04-30 02:57:00,-235.141235989
2018-04-30 02:58:00,-235.141235989
2018-04-30 02:59:00,-225.481782477
2018-04-30 03:00:00,-225.481782477
2018-04-30 03:01:00,-225.481782477
2018-04-30 03:02:00,-235.141235989
2018-04-30 03:03:00,-264.119596527
2018-04-30 03:04:00,-264.119596527
2018-04-30 03:05:00,-264.119596527
2018-04-30 03:06:00,-302.757410577
2018-04-30 03:07:00,-302.757410577
2018-04-30 03:08:00,-302.757410577
2018-04-30 03:09:00,-302.757410577
2018-04-30 03:10:00,-302.757410577
2018-04-30 03:11:00,-302.757410577
2018-04-30 03:12:00,-302.757410577
2018-04-30 03:13:00,-302.757410577
2018-04-30 03:14:00,-312.416864089
2018-04-30 03:15:00,-312.416864089
2018-04-30 03:16:00,-331.735771114
2018-04-30 03:17:00,-331.735771114
2018-04-30 03:18:00,-331.735771114
2018-04-30 03:19:00,-322.076317602
2018-04-30 03:20:00,-322.076317602
2018-04-30 03:21:00,-322.076317602
2018-04-30 03:22:00,-312.416864089
2018-04-30 03:23:00,-312.416864089
2018-04-30 03:24:00,-312.416864089
2018-04-30 03:25:00,-312.416864089
2018-04-30 03:26:00,-312.416864089
2018-04-30 03:27:00,-302.757410577
2018-04-30 03:28:00,-302.757410577
2018-04-30 03:29:00,-244.800689502
2018-04-30 03:30:00,-244.800689502
2018-04-30 03:31:00,-244.800689502
2018-04-30 03:32:00,-225.481782477
2018-04-30 03:33:00,-225.481782477
2018-04-30 03:34:00,-225.481782477
2018-04-30 03:35:00,-244.800689502
2018-04-30 03:36:00,-254.460143014
2018-04-30 03:37:00,-244.800689502
2018-04-30 03:38:00,-225.481782477
2018-04-30 03:39:00,-244.800689502
2018-04-30 03:40:00,-254.460143014
2018-04-30 03:41:00,-244.800689502
2018-04-30 03:42:00,-235.141235989
2018-04-30 03:43:00,-225.481782477
2018-04-30 03:44:00,-244.800689502
2018-04-30 03:45:00,-244.800689502
2018-04-30 03:46:00,-244.800689502
2018-04-30 03:47:00,-244.800689502
2018-04-30 03:48:00,-254.460143014
2018-04-30 03:49:00,-254.460143014
2018-04-30 03:50:00,-244.800689502
2018-04-30 03:51:00,-244.800689502
2018-04-30 03:52:00,-254.460143014
2018-04-30 03:53:00,-254.460143014
2018-04-30 03:54:00,-254.460143014
2018-04-30 03:55:00,-254.460143014
2018-04-30 03:56:00,-235.141235989
2018-04-30 03:57:00,-235.141235989
2018-04-30 03:58:00,-235.141235989
2018-04-30 03:59:00,-235.141235989
2018-04-30 04:00:00,-235.141235989
2018-04-30 04:01:00,-235.141235989
2018-04-30 04:02:00,-244.800689502
2018-04-30 04:03:00,-235.141235989
2018-04-30 04:04:00,-235.141235989
2018-04-30 04:05:00,-225.481782477
2018-04-30 04:06:00,-225.481782477
2018-04-30 04:07:00,-225.481782477
2018-04-30 04:08:00,-235.141235989
2018-04-30 04:09:00,-235.141235989
2018-04-30 04:10:00,-225.481782477
2018-04-30 04:11:00,-215.822328964
2018-04-30 04:12:00,-225.481782477
2018-04-30 04:13:00,-215.822328964
2018-04-30 04:14:00,-225.481782477
2018-04-30 04:15:00,-225.481782477
2018-04-30 04:16:00,-206.162875452
2018-04-30 04:17:00,-215.822328964
2018-04-30 04:18:00,-215.822328964
2018-04-30 04:19:00,-225.481782477
2018-04-30 04:20:00,-225.481782477
2018-04-30 04:21:00,-215.822328964
2018-04-30 04:22:00,-215.822328964
2018-04-30 04:23:00,-215.822328964
2018-04-30 04:24:00,-215.822328964
2018-04-30 04:25:00,-215.822328964
2018-04-30 04:26:00,-215.822328964
2018-04-30 04:27:00,-225.481782477
2018-04-30 04:28:00,-225.481782477
2018-04-30 04:29:00,-235.141235989
2018-04-30 04:30:00,-206.162875452
2018-04-30 04:31:00,-186.843968427
2018-04-30 04:32:00,-186.843968427
2018-04-30 04:33:00,-186.843968427
2018-04-30 04:34:00,-215.822328964
2018-04-30 04:35:00,-206.162875452
2018-04-30 04:36:00,-215.822328964
2018-04-30 04:37:00,-196.503421939
2018-04-30 04:38:00,-186.843968427
2018-04-30 04:39:00,-167.525061402
2018-04-30 04:40:00,-157.865607889
2018-04-30 04:41:00,-157.865607889
2018-04-30 04:42:00,-157.865607889
2018-04-30 04:43:00,-157.865607889
2018-04-30 04:44:00,-167.525061402
2018-04-30 04:45:00,-167.525061402
2018-04-30 04:46:00,-167.525061402
2018-04-30 04:47:00,-167.525061402
2018-04-30 04:48:00,-167.525061402
2018-04-30 04:49:00,-167.525061402
2018-04-30 04:50:00,-186.843968427
2018-04-30 04:51:00,-186.843968427
2018-04-30 04:52:00,-186.843968427
2018-04-30 04:53:00,-167.525061402
2018-04-30 04:54:00,-167.525061402
2018-04-30 04:55:00,-167.525061402
2018-04-30 04:56:00,-167.525061402
2018-04-30 04:57:00,-148.206154377
2018-04-30 04:58:00,-128.887247352
2018-04-30 04:59:00,-138.546700864
2018-04-30 05:00:00,-167.525061402
2018-04-30 05:01:00,-167.525061402
2018-04-30 05:02:00,-167.525061402
2018-04-30 05:03:00,-167.525061402
2018-04-30 05:04:00,-167.525061402
2018-04-30 05:05:00,-167.525061402
2018-04-30 05:06:00,-157.865607889
2018-04-30 05:07:00,-167.525061402
2018-04-30 05:08:00,-167.525061402
2018-04-30 05:09:00,-167.525061402
2018-04-30 05:10:00,-177.184514914
2018-04-30 05:11:00,-177.184514914
2018-04-30 05:12:00,-167.525061402
2018-04-30 05:13:00,-177.184514914
2018-04-30 05:14:00,-167.525061402
2018-04-30 05:15:00,-167.525061402
2018-04-30 05:16:00,-167.525061402
2018-04-30 05:17:00,-186.843968427
2018-04-30 05:18:00,-186.843968427
2018-04-30 05:19:00,-186.843968427
2018-04-30 05:20:00,-186.843968427
2018-04-30 05:21:00,-186.843968427
2018-04-30 05:22:00,-186.843968427
2018-04-30 05:23:00,-186.843968427
2018-04-30 05:24:00,-186.843968427
2018-04-30 05:25:00,-186.843968427
2018-04-30 05:26:00,-186.843968427
2018-04-30 05:27:00,-186.843968427
2018-04-30 05:28:00,-186.843968427
2018-04-30 05:29:00,-186.843968427
2018-04-30 05:30:00,-186.843968427
2018-04-30 05:31:00,-186.843968427
2018-04-30 05:32:00,-186.843968427
2018-04-30 05:33:00,-186.843968427
2018-04-30 05:34:00,-186.843968427
2018-04-30 05:35:00,-186.843968427
2018-04-30 05:36:00,-196.503421939
2018-04-30 05:37:00,-206.162875452
2018-04-30 05:38:00,-206.162875452
2018-04-30 05:39:00,-206.162875452
2018-04-30 05:40:00,-206.162875452
2018-04-30 05:41:00,-206.162875452
2018-04-30 05:42:00,-196.503421939
2018-04-30 05:43:00,-186.843968427
2018-04-30 05:44:00,-186.843968427
2018-04-30 05:45:00,-186.843968427
2018-04-30 05:46:00,-167.525061402
2018-04-30 05:47:00,-167.525061402
2018-04-30 05:48:00,-196.503421939
2018-04-30 05:49:00,-206.162875452
2018-04-30 05:50:00,-215.822328964
2018-04-30 05:51:00,-215.822328964
2018-04-30 05:52:00,-235.141235989
2018-04-30 05:53:00,-225.481782477
2018-04-30 05:54:00,-196.503421939
2018-04-30 05:55:00,-196.503421939
2018-04-30 05:56:00,-196.503421939
2018-04-30 05:57:00,-196.503421939
2018-04-30 05:58:00,-196.503421939
2018-04-30 05:59:00,-196.503421939
2018-04-30 06:00:00,-186.843968427
2018-04-30 06:01:00,-186.843968427
2018-04-30 06:02:00,-186.843968427
2018-04-30 06:03:00,-196.503421939
2018-04-30 06:04:00,-186.843968427
2018-04-30 06:05:00,-215.822328964
2018-04-30 06:06:00,-235.141235989
2018-04-30 06:07:00,-235.141235989
2018-04-30 06:08:00,-215.822328964
2018-04-30 06:09:00,-215.822328964
2018-04-30 06:10:00,-215.822328964
2018-04-30 06:11:00,-215.822328964
2018-04-30 06:12:00,-215.822328964
2018-04-30 06:13:00,-225.481782477
2018-04-30 06:14:00,-225.481782477
2018-04-30 06:15:00,-225.481782477
2018-04-30 06:16:00,-225.481782477
2018-04-30 06:17:00,-225.481782477
2018-04-30 06:18:00,-235.141235989
2018-04-30 06:19:00,-235.141235989
2018-04-30 06:20:00,-235.141235989
2018-04-30 06:21:00,-235.141235989
2018-04-30 06:22:00,-254.460143014
2018-04-30 06:23:00,-254.460143014
2018-04-30 06:24:00,-254.460143014
2018-04-30 06:25:00,-264.119596527
2018-04-30 06:26:00,-254.460143014
2018-04-30 06:27:00,-264.119596527
2018-04-30 06:28:00,-264.119596527
2018-04-30 06:29:00,-264.119596527
2018-04-30 06:30:00,-264.119596527
2018-04-30 06:31:00,-254.460143014
2018-04-30 06:32:00,-244.800689502
2018-04-30 06:33:00,-244.800689502
2018-04-30 06:34:00,-244.800689502
2018-04-30 06:35:00,-244.800689502
2018-04-30 06:36:00,-244.800689502
2018-04-30 06:37:00,-254.460143014
2018-04-30 06:38:00,-244.800689502
2018-04-30 06:39:00,-244.800689502
2018-04-30 06:40:00,-254.460143014
2018-04-30 06:41:00,-254.460143014
2018-04-30 06:42:00,-254.460143014
2018-04-30 06:43:00,-244.800689502
2018-04-30 06:44:00,-244.800689502
2018-04-30 06:45:00,-254.460143014
2018-04-30 06:46:00,-254.460143014
2018-04-30 06:47:00,-244.800689502
2018-04-30 06:48:00,-244.800689502
2018-04-30 06:49:00,-244.800689502
2018-04-30 06:50:00,-244.800689502
2018-04-30 06:51:00,-244.800689502
2018-04-30 06:52:00,-244.800689502
2018-04-30 06:53:00,-244.800689502
2018-04-30 06:54:00,-244.800689502
2018-04-30 06:55:00,-244.800689502
2018-04-30 06:56:00,-244.800689502
2018-04-30 06:57:00,-244.800689502
2018-04-30 06:58:00,-244.800689502
2018-04-30 06:59:00,-235.141235989
2018-04-30 07:00:00,-215.822328964
2018-04-30 07:01:00,-206.162875452
2018-04-30 07:02:00,-206.162875452
2018-04-30 07:03:00,-215.822328964
2018-04-30 07:04:00,-206.162875452
2018-04-30 07:05:00,-206.162875452
2018-04-30 07:06:00,-206.162875452
2018-04-30 07:07:00,-206.162875452
2018-04-30 07:08:00,-206.162875452
2018-04-30 07:09:00,-196.503421939
2018-04-30 07:10:00,-196.503421939
2018-04-30 07:11:00,-186.843968427
2018-04-30 07:12:00,-167.525061402
2018-04-30 07:13:00,-177.184514914
2018-04-30 07:14:00,-186.843968427
2018-04-30 07:15:00,-177.184514914
2018-04-30 07:16:00,-177.184514914
2018-04-30 07:17:00,-177.184514914
2018-04-30 07:18:00,-196.503421939
2018-04-30 07:19:00,-225.481782477
2018-04-30 07:20:00,-215.822328964
2018-04-30 07:21:00,-225.481782477
2018-04-30 07:22:00,-235.141235989
2018-04-30 07:23:00,-235.141235989
2018-04-30 07:24:00,-235.141235989
2018-04-30 07:25:00,-235.141235989
2018-04-30 07:26:00,-206.162875452
2018-04-30 07:27:00,-206.162875452
2018-04-30 07:28:00,-215.822328964
2018-04-30 07:29:00,-206.162875452
2018-04-30 07:30:00,-206.162875452
2018-04-30 07:31:00,-206.162875452
2018-04-30 07:32:00,-196.503421939
2018-04-30 07:33:00,-196.503421939
2018-04-30 07:34:00,-196.503421939
2018-04-30 07:35:00,-215.822328964
2018-04-30 07:36:00,-177.184514914
2018-04-30 07:37:00,-167.525061402
2018-04-30 07:38:00,-177.184514914
2018-04-30 07:39:00,-177.184514914
2018-04-30 07:40:00,-177.184514914
2018-04-30 07:41:00,-177.184514914
2018-04-30 07:42:00,-157.865607889
2018-04-30 07:43:00,-157.865607889
2018-04-30 07:44:00,-177.184514914
2018-04-30 07:45:00,-167.525061402
2018-04-30 07:46:00,-177.184514914
2018-04-30 07:47:00,-186.843968427
2018-04-30 07:48:00,-186.843968427
2018-04-30 07:49:00,-186.843968427
2018-04-30 07:50:00,-177.184514914
2018-04-30 07:51:00,-177.184514914
2018-04-30 07:52:00,-186.843968427
2018-04-30 07:53:00,-186.843968427
2018-04-30 07:54:00,-186.843968427
2018-04-30 07:55:00,-177.184514914
2018-04-30 07:56:00,-177.184514914
2018-04-30 07:57:00,-177.184514914
2018-04-30 07:58:00,-177.184514914
2018-04-30 07:59:00,-138.546700864
2018-04-30 08:00:00,-138.546700864
2018-04-30 08:01:00,-177.184514914
2018-04-30 08:02:00,-157.865607889
2018-04-30 08:03:00,-167.525061402
2018-04-30 08:04:00,-167.525061402
2018-04-30 08:05:00,-167.525061402
2018-04-30 08:06:00,-177.184514914
2018-04-30 08:07:00,-186.843968427
2018-04-30 08:08:00,-186.843968427
2018-04-30 08:09:00,-186.843968427
2018-04-30 08:10:00,-206.162875452
2018-04-30 08:11:00,-206.162875452
2018-04-30 08:12:00,-206.162875452
2018-04-30 08:13:00,-206.162875452
2018-04-30 08:14:00,-215.822328964
2018-04-30 08:15:00,-225.481782477
2018-04-30 08:16:00,-215.822328964
2018-04-30 08:17:00,-225.481782477
2018-04-30 08:18:00,-235.141235989
2018-04-30 08:19:00,-235.141235989
2018-04-30 08:20:00,-235.141235989
2018-04-30 08:21:00,-235.141235989
2018-04-30 08:22:00,-244.800689502
2018-04-30 08:23:00,-235.141235989
2018-04-30 08:24:00,-244.800689502
2018-04-30 08:25:00,-244.800689502
2018-04-30 08:26:00,-235.141235989
2018-04-30 08:27:00,-235.141235989
2018-04-30 08:28:00,-235.141235989
2018-04-30 08:29:00,-244.800689502
2018-04-30 08:30:00,-244.800689502
2018-04-30 08:31:00,-244.800689502
2018-04-30 08:32:00,-235.141235989
2018-04-30 08:33:00,-235.141235989
2018-04-30 08:34:00,-235.141235989
2018-04-30 08:35:00,-235.141235989
2018-04-30 08:36:00,-244.800689502
2018-04-30 08:37:00,-264.119596527
2018-04-30 08:38:00,-273.779050039
2018-04-30 08:39:00,-283.438503552
2018-04-30 08:40:00,-283.438503552
2018-04-30 08:41:00,-283.438503552
2018-04-30 08:42:00,-283.438503552
2018-04-30 08:43:00,-293.097957064
2018-04-30 08:44:00,-273.779050039
2018-04-30 08:45:00,-264.119596527
2018-04-30 08:46:00,-273.779050039
2018-04-30 08:47:00,-283.438503552
2018-04-30 08:48:00,-283.438503552
2018-04-30 08:49:00,-293.097957064
2018-04-30 08:50:00,-293.097957064
2018-04-30 08:51:00,-293.097957064
2018-04-30 08:52:00,-293.097957064
2018-04-30 08:53:00,-293.097957064
2018-04-30 08:54:00,-283.438503552
2018-04-30 08:55:00,-273.779050039
2018-04-30 08:56:00,-273.779050039
2018-04-30 08:57:00,-273.779050039
2018-04-30 08:58:00,-264.119596527
2018-04-30 08:59:00,-264.119596527
2018-04-30 09:00:00,-264.119596527
2018-04-30 09:01:00,-264.119596527
2018-04-30 09:02:00,-264.119596527
2018-04-30 09:03:00,-264.119596527
2018-04-30 09:04:00,-264.119596527
2018-04-30 09:05:00,-264.119596527
2018-04-30 09:06:00,-264.119596527
2018-04-30 09:07:00,-264.119596527
2018-04-30 09:08:00,-264.119596527
2018-04-30 09:09:00,-254.460143014
2018-04-30 09:10:00,-264.119596527
2018-04-30 09:11:00,-264.119596527
2018-04-30 09:12:00,-264.119596527
2018-04-30 09:13:00,-264.119596527
2018-04-30 09:14:00,-264.119596527
2018-04-30 09:15:00,-254.460143014
2018-04-30 09:16:00,-254.460143014
2018-04-30 09:17:00,-244.800689502
2018-04-30 09:18:00,-244.800689502
2018-04-30 09:19:00,-244.800689502
2018-04-30 09:20:00,-244.800689502
2018-04-30 09:21:00,-254.460143014
2018-04-30 09:22:00,-244.800689502
2018-04-30 09:23:00,-244.800689502
2018-04-30 09:24:00,-244.800689502
2018-04-30 09:25:00,-244.800689502
2018-04-30 09:26:00,-254.460143014
2018-04-30 09:27:00,-244.800689502
2018-04-30 09:28:00,-244.800689502
2018-04-30 09:29:00,-244.800689502
2018-04-30 09:30:00,-244.800689502
2018-04-30 09:31:00,-244.800689502
2018-04-30 09:32:00,-244.800689502
2018-04-30 09:33:00,-244.800689502
2018-04-30 09:34:00,-244.800689502
2018-04-30 09:35:00,-244.800689502
2018-04-30 09:36:00,-244.800689502
2018-04-30 09:37:00,-244.800689502
2018-04-30 09:38:00,-244.800689502
2018-04-30 09:39:00,-244.800689502
2018-04-30 09:40:00,-254.460143014
2018-04-30 09:41:00,-264.119596527
2018-04-30 09:42:00,-264.119596527
2018-04-30 09:43:00,-264.119596527
2018-04-30 09:44:00,-264.119596527
2018-04-30 09:45:00,-264.119596527
2018-04-30 09:46:00,-264.119596527
2018-04-30 09:47:00,-254.460143014
2018-04-30 09:48:00,-264.119596527
2018-04-30 09:49:00,-264.119596527
2018-04-30 09:50:00,-264.119596527
2018-04-30 09:51:00,-254.460143014
2018-04-30 09:52:00,-264.119596527
2018-04-30 09:53:00,-264.119596527
2018-04-30 09:54:00,-254.460143014
2018-04-30 09:55:00,-264.119596527
2018-04-30 09:56:00,-254.460143014
2018-04-30 09:57:00,-254.460143014
2018-04-30 09:58:00,-254.460143014
2018-04-30 09:59:00,-264.119596527
2018-04-30 10:00:00,-254.460143014
2018-04-30 10:01:00,-264.119596527
2018-04-30 10:02:00,-264.119596527
2018-04-30 10:03:00,-254.460143014
2018-04-30 10:04:00,-254.460143014
2018-04-30 10:05:00,-264.119596527
2018-04-30 10:06:00,-254.460143014
2018-04-30 10:07:00,-264.119596527
2018-04-30 10:08:00,-264.119596527
2018-04-30 10:09:00,-254.460143014
2018-04-30 10:10:00,-254.460143014
2018-04-30 10:11:00,-254.460143014
2018-04-30 10:12:00,-254.460143014
2018-04-30 10:13:00,-264.119596527
2018-04-30 10:14:00,-254.460143014
2018-04-30 10:15:00,-254.460143014
2018-04-30 10:16:00,-254.460143014
2018-04-30 10:17:00,-244.800689502
2018-04-30 10:18:00,-244.800689502
2018-04-30 10:19:00,-244.800689502
2018-04-30 10:20:00,-244.800689502
2018-04-30 10:21:00,-244.800689502
2018-04-30 10:22:00,-244.800689502
2018-04-30 10:23:00,-254.460143014
2018-04-30 10:24:00,-244.800689502
2018-04-30 10:25:00,-244.800689502
2018-04-30 10:26:00,-244.800689502
2018-04-30 10:27:00,-244.800689502
2018-04-30 10:28:00,-244.800689502
2018-04-30 10:29:00,-264.119596527
2018-04-30 10:30:00,-264.119596527
2018-04-30 10:31:00,-264.119596527
2018-04-30 10:32:00,-254.460143014
2018-04-30 10:33:00,-244.800689502
2018-04-30 10:34:00,-244.800689502
2018-04-30 10:35:00,-244.800689502
2018-04-30 10:36:00,-254.460143014
2018-04-30 10:37:00,-244.800689502
2018-04-30 10:38:00,-254.460143014
2018-04-30 10:39:00,-244.800689502
2018-04-30 10:40:00,-254.460143014
2018-04-30 10:41:00,-254.460143014
2018-04-30 10:42:00,-244.800689502
2018-04-30 10:43:00,-254.460143014
2018-04-30 10:44:00,-254.460143014
2018-04-30 10:45:00,-264.119596527
2018-04-30 10:46:00,-264.119596527
2018-04-30 10:47:00,-264.119596527
2018-04-30 10:48:00,-264.119596527
2018-04-30 10:49:00,-264.119596527
2018-04-30 10:50:00,-264.119596527
2018-04-30 10:51:00,-254.460143014
2018-04-30 10:52:00,-254.460143014
2018-04-30 10:53:00,-244.800689502
2018-04-30 10:54:00,-264.119596527
2018-04-30 10:55:00,-264.119596527
2018-04-30 10:56:00,-264.119596527
2018-04-30 10:57:00,-264.119596527
2018-04-30 10:58:00,-264.119596527
2018-04-30 10:59:00,-264.119596527
2018-04-30 11:00:00,-254.460143014
2018-04-30 11:01:00,-254.460143014
2018-04-30 11:02:00,-264.119596527
2018-04-30 11:03:00,-264.119596527
2018-04-30 11:04:00,-264.119596527
2018-04-30 11:05:00,-264.119596527
2018-04-30 11:06:00,-264.119596527
2018-04-30 11:07:00,-273.779050039
2018-04-30 11:08:00,-273.779050039
2018-04-30 11:09:00,-264.119596527
2018-04-30 11:10:00,-264.119596527
2018-04-30 11:11:00,-264.119596527
2018-04-30 11:12:00,-264.119596527
2018-04-30 11:13:00,-264.119596527
2018-04-30 11:14:00,-264.119596527
2018-04-30 11:15:00,-264.119596527
2018-04-30 11:16:00,-264.119596527
2018-04-30 11:17:00,-244.800689502
2018-04-30 11:18:00,-244.800689502
2018-04-30 11:19:00,-264.119596527
2018-04-30 11:20:00,-254.460143014
2018-04-30 11:21:00,-254.460143014
2018-04-30 11:22:00,-254.460143014
2018-04-30 11:23:00,-254.460143014
2018-04-30 11:24:00,-254.460143014
2018-04-30 11:25:00,-254.460143014
2018-04-30 11:26:00,-254.460143014
2018-04-30 11:27:00,-254.460143014
2018-04-30 11:28:00,-264.119596527
2018-04-30 11:29:00,-264.119596527
2018-04-30 11:30:00,-264.119596527
2018-04-30 11:31:00,-264.119596527
2018-04-30 11:32:00,-264.119596527
2018-04-30 11:33:00,-264.119596527
2018-04-30 11:34:00,-264.119596527
2018-04-30 11:35:00,-273.779050039
2018-04-30 11:36:00,-273.779050039
2018-04-30 11:37:00,-273.779050039
2018-04-30 11:38:00,-273.779050039
2018-04-30 11:39:00,-273.779050039
2018-04-30 11:40:00,-273.779050039
2018-04-30 11:41:00,-273.779050039
2018-04-30 11:42:00,-273.779050039
2018-04-30 11:43:00,-283.438503552
2018-04-30 11:44:00,-283.438503552
2018-04-30 11:45:00,-273.779050039
2018-04-30 11:46:00,-273.779050039
2018-04-30 11:47:00,-283.438503552
2018-04-30 11:48:00,-264.119596527
2018-04-30 11:49:00,-264.119596527
2018-04-30 11:50:00,-264.119596527
2018-04-30 11:51:00,-264.119596527
2018-04-30 11:52:00,-264.119596527
2018-04-30 11:53:00,-264.119596527
2018-04-30 11:54:00,-264.119596527
2018-04-30 11:55:00,-264.119596527
2018-04-30 11:56:00,-264.119596527
2018-04-30 11:57:00,-264.119596527
2018-04-30 11:58:00,-264.119596527
2018-04-30 11:59:00,-264.119596527
2018-05-01 01:29:00,-167.524288645
2018-05-01 01:30:00,-167.524288645
2018-05-01 01:31:00,-167.524288645
2018-05-01 01:32:00,-167.524288645
2018-05-01 01:33:00,-167.524288645
2018-05-01 01:34:00,-244.799916745
2018-05-01 01:35:00,-283.437730795
2018-05-01 01:36:00,-293.097184308
2018-05-01 01:37:00,-293.097184308
2018-05-01 01:38:00,-254.459370258
2018-05-01 01:39:00,-254.459370258
2018-05-01 01:40:00,-254.459370258
2018-05-01 01:41:00,-273.778277283
2018-05-01 01:42:00,-273.778277283
2018-05-01 01:43:00,-273.778277283
2018-05-01 01:44:00,-273.778277283
2018-05-01 01:45:00,-273.778277283
2018-05-01 01:46:00,-273.778277283
2018-05-01 01:47:00,-264.11882377
2018-05-01 01:48:00,-264.11882377
2018-05-01 01:49:00,-264.11882377
2018-05-01 01:50:00,-264.11882377
2018-05-01 01:51:00,-273.778277283
2018-05-01 01:52:00,-273.778277283
2018-05-01 01:53:00,-273.778277283
2018-05-01 01:54:00,-273.778277283
2018-05-01 01:55:00,-283.437730795
2018-05-01 01:56:00,-283.437730795
2018-05-01 01:57:00,-283.437730795
2018-05-01 01:58:00,-283.437730795
2018-05-01 01:59:00,-273.778277283
2018-05-01 02:00:00,-283.437730795
2018-05-01 02:01:00,-293.097184308
2018-05-01 02:02:00,-293.097184308
2018-05-01 02:03:00,-293.097184308
2018-05-01 02:04:00,-293.097184308
2018-05-01 02:05:00,-293.097184308
2018-05-01 02:06:00,-283.437730795
2018-05-01 02:07:00,-283.437730795
2018-05-01 02:08:00,-283.437730795
2018-05-01 02:09:00,-293.097184308
2018-05-01 02:10:00,-293.097184308
2018-05-01 02:11:00,-312.416091333
2018-05-01 02:12:00,-312.416091333
2018-05-01 02:13:00,-312.416091333
2018-05-01 02:14:00,-312.416091333
2018-05-01 02:15:00,-302.75663782
2018-05-01 02:16:00,-322.075544845
2018-05-01 02:17:00,-322.075544845
2018-05-01 02:18:00,-322.075544845
2018-05-01 02:19:00,-322.075544845
2018-05-01 02:20:00,-322.075544845
2018-05-01 02:21:00,-322.075544845
2018-05-01 02:22:00,-322.075544845
2018-05-01 02:23:00,-322.075544845
2018-05-01 02:24:00,-322.075544845
2018-05-01 02:25:00,-322.075544845
2018-05-01 02:26:00,-312.416091333
2018-05-01 02:27:00,-312.416091333
2018-05-01 02:28:00,-312.416091333
2018-05-01 02:29:00,-322.075544845
2018-05-01 02:30:00,-331.734998358
2018-05-01 02:31:00,-331.734998358
2018-05-01 02:32:00,-331.734998358
2018-05-01 02:33:00,-331.734998358
2018-05-01 02:34:00,-331.734998358
2018-05-01 02:35:00,-331.734998358
2018-05-01 02:36:00,-331.734998358
2018-05-01 02:37:00,-331.734998358
2018-05-01 02:38:00,-331.734998358
2018-05-01 02:39:00,-331.734998358
2018-05-01 02:40:00,-331.734998358
2018-05-01 02:41:00,-322.075544845
2018-05-01 02:42:00,-322.075544845
2018-05-01 02:43:00,-331.734998358
2018-05-01 02:44:00,-331.734998358
2018-05-01 02:45:00,-331.734998358
2018-05-01 02:46:00,-331.734998358
2018-05-01 02:47:00,-331.734998358
2018-05-01 02:48:00,-331.734998358
2018-05-01 02:49:00,-331.734998358
2018-05-01 02:50:00,-331.734998358
2018-05-01 02:51:00,-331.734998358
2018-05-01 02:52:00,-331.734998358
2018-05-01 02:53:00,-331.734998358
2018-05-01 02:54:00,-331.734998358
2018-05-01 02:55:00,-331.734998358
2018-05-01 02:56:00,-331.734998358
2018-05-01 02:57:00,-331.734998358
2018-05-01 02:58:00,-322.075544845
2018-05-01 02:59:00,-322.075544845
2018-05-01 03:00:00,-312.416091333
2018-05-01 03:01:00,-322.075544845
2018-05-01 03:02:00,-312.416091333
2018-05-01 03:03:00,-322.075544845
2018-05-01 03:04:00,-322.075544845
2018-05-01 03:05:00,-322.075544845
2018-05-01 03:06:00,-312.416091333
2018-05-01 03:07:00,-312.416091333
2018-05-01 03:08:00,-322.075544845
2018-05-01 03:09:00,-322.075544845
2018-05-01 03:10:00,-322.075544845
2018-05-01 03:11:00,-312.416091333
2018-05-01 03:12:00,-312.416091333
2018-05-01 03:13:00,-312.416091333
2018-05-01 03:14:00,-312.416091333
2018-05-01 03:15:00,-312.416091333
2018-05-01 03:16:00,-312.416091333
2018-05-01 03:17:00,-312.416091333
2018-05-01 03:18:00,-312.416091333
2018-05-01 03:19:00,-312.416091333
2018-05-01 03:20:00,-312.416091333
2018-05-01 03:21:00,-322.075544845
2018-05-01 03:22:00,-322.075544845
2018-05-01 03:23:00,-331.734998358
2018-05-01 03:24:00,-322.075544845
2018-05-01 03:25:00,-312.416091333
2018-05-01 03:26:00,-312.416091333
2018-05-01 03:27:00,-312.416091333
2018-05-01 03:28:00,-293.097184308
2018-05-01 03:29:00,-302.75663782
2018-05-01 03:30:00,-273.778277283
2018-05-01 03:31:00,-254.459370258
2018-05-01 03:32:00,-254.459370258
2018-05-01 03:33:00,-235.140463233
2018-05-01 03:34:00,-225.48100972
2018-05-01 03:35:00,-215.821556208
2018-05-01 03:36:00,-215.821556208
2018-05-01 03:37:00,-215.821556208
2018-05-01 03:38:00,-215.821556208
2018-05-01 03:39:00,-244.799916745
2018-05-01 03:40:00,-206.162102695
2018-05-01 03:41:00,-215.821556208
2018-05-01 03:42:00,-215.821556208
2018-05-01 03:43:00,-215.821556208
2018-05-01 03:44:00,-215.821556208
2018-05-01 03:45:00,-215.821556208
2018-05-01 03:46:00,-215.821556208
2018-05-01 03:47:00,-215.821556208
2018-05-01 03:48:00,-215.821556208
2018-05-01 03:49:00,-206.162102695
2018-05-01 03:50:00,-186.84319567
2018-05-01 03:51:00,-167.524288645
2018-05-01 03:52:00,-177.183742158
2018-05-01 03:53:00,-177.183742158
2018-05-01 03:54:00,-167.524288645
2018-05-01 03:55:00,-148.20538162
2018-05-01 03:56:00,-148.20538162
2018-05-01 03:57:00,-128.886474595
2018-05-01 03:58:00,-109.56756757
2018-05-01 03:59:00,-128.886474595
2018-05-01 04:00:00,-119.227021083
2018-05-01 04:01:00,-109.56756757
2018-05-01 04:02:00,-90.2486605454
2018-05-01 04:03:00,-80.5892070329
2018-05-01 04:04:00,-80.5892070329
2018-05-01 04:05:00,-90.2486605454
2018-05-01 04:06:00,-90.2486605454
2018-05-01 04:07:00,-90.2486605454
2018-05-01 04:08:00,-90.2486605454
2018-05-01 04:09:00,-90.2486605454
2018-05-01 04:10:00,-90.2486605454
2018-05-01 04:11:00,-70.9297535204
2018-05-01 04:12:00,-70.9297535204
2018-05-01 04:13:00,-90.2486605454
2018-05-01 04:14:00,-90.2486605454
2018-05-01 04:15:00,-80.5892070329
2018-05-01 04:16:00,-90.2486605454
2018-05-01 04:17:00,-90.2486605454
2018-05-01 04:18:00,-90.2486605454
2018-05-01 04:19:00,-90.2486605454
2018-05-01 04:20:00,-90.2486605454
2018-05-01 04:21:00,-90.2486605454
2018-05-01 04:22:00,-90.2486605454
2018-05-01 04:23:00,-90.2486605454
2018-05-01 04:24:00,-90.2486605454
2018-05-01 04:25:00,-90.2486605454
2018-05-01 04:26:00,-90.2486605454
2018-05-01 04:27:00,-90.2486605454
2018-05-01 04:28:00,-90.2486605454
2018-05-01 04:29:00,-90.2486605454
2018-05-01 04:30:00,-90.2486605454
2018-05-01 04:31:00,-99.9081140579
2018-05-01 04:32:00,-90.2486605454
2018-05-01 04:33:00,-90.2486605454
2018-05-01 04:34:00,-90.2486605454
2018-05-01 04:35:00,-90.2486605454
2018-05-01 04:36:00,-90.2486605454
2018-05-01 04:37:00,-90.2486605454
2018-05-01 04:38:00,-90.2486605454
2018-05-01 04:39:00,-90.2486605454
2018-05-01 04:40:00,-90.2486605454
2018-05-01 04:41:00,-90.2486605454
2018-05-01 04:42:00,-90.2486605454
2018-05-01 04:43:00,-99.9081140579
2018-05-01 04:44:00,-99.9081140579
2018-05-01 04:45:00,-119.227021083
2018-05-01 04:46:00,-109.56756757
2018-05-01 04:47:00,-99.9081140579
2018-05-01 04:48:00,-90.2486605454
2018-05-01 04:49:00,-90.2486605454
2018-05-01 04:50:00,-90.2486605454
2018-05-01 04:51:00,-80.5892070329
2018-05-01 04:52:00,-80.5892070329
2018-05-01 04:53:00,-90.2486605454
2018-05-01 04:54:00,-90.2486605454
2018-05-01 04:55:00,-90.2486605454
2018-05-01 04:56:00,-90.2486605454
2018-05-01 04:57:00,-90.2486605454
2018-05-01 04:58:00,-90.2486605454
2018-05-01 04:59:00,-90.2486605454
2018-05-01 05:00:00,-90.2486605454
2018-05-01 05:01:00,-90.2486605454
2018-05-01 05:02:00,-90.2486605454
2018-05-01 05:03:00,-90.2486605454
2018-05-01 05:04:00,-90.2486605454
2018-05-01 05:05:00,-90.2486605454
2018-05-01 05:06:00,-90.2486605454
2018-05-01 05:07:00,-90.2486605454
2018-05-01 05:08:00,-90.2486605454
2018-05-01 05:09:00,-90.2486605454
2018-05-01 05:10:00,-90.2486605454
2018-05-01 05:11:00,-90.2486605454
2018-05-01 05:12:00,-99.9081140579
2018-05-01 05:13:00,-99.9081140579
2018-05-01 05:14:00,-99.9081140579
2018-05-01 05:15:00,-80.5892070329
2018-05-01 05:16:00,-80.5892070329
2018-05-01 05:17:00,-80.5892070329
2018-05-01 05:18:00,-80.5892070329
2018-05-01 05:19:00,-80.5892070329
2018-05-01 05:20:00,-80.5892070329
2018-05-01 05:21:00,-80.5892070329
2018-05-01 05:22:00,-99.9081140579
2018-05-01 05:23:00,-99.9081140579
2018-05-01 05:24:00,-109.56756757
2018-05-01 05:25:00,-99.9081140579
2018-05-01 05:26:00,-99.9081140579
2018-05-01 05:27:00,-109.56756757
2018-05-01 05:28:00,-109.56756757
2018-05-01 05:29:00,-109.56756757
2018-05-01 05:30:00,-90.2486605454
2018-05-01 05:31:00,-90.2486605454
2018-05-01 05:32:00,-90.2486605454
2018-05-01 05:33:00,-90.2486605454
2018-05-01 05:34:00,-90.2486605454
2018-05-01 05:35:00,-90.2486605454
2018-05-01 05:36:00,-99.9081140579
2018-05-01 05:37:00,-90.2486605454
2018-05-01 05:38:00,-99.9081140579
2018-05-01 05:39:00,-99.9081140579
2018-05-01 05:40:00,-99.9081140579
2018-05-01 05:41:00,-99.9081140579
2018-05-01 05:42:00,-99.9081140579
2018-05-01 05:43:00,-109.56756757
2018-05-01 05:44:00,-109.56756757
2018-05-01 05:45:00,-109.56756757
2018-05-01 05:46:00,-109.56756757
2018-05-01 05:47:00,-109.56756757
2018-05-01 05:48:00,-109.56756757
2018-05-01 05:49:00,-119.227021083
2018-05-01 05:50:00,-119.227021083
2018-05-01 05:51:00,-119.227021083
2018-05-01 05:52:00,-119.227021083
2018-05-01 05:53:00,-119.227021083
2018-05-01 05:54:00,-119.227021083
2018-05-01 05:55:00,-109.56756757
2018-05-01 05:56:00,-109.56756757
2018-05-01 05:57:00,-109.56756757
2018-05-01 05:58:00,-109.56756757
2018-05-01 05:59:00,-109.56756757
2018-05-01 06:00:00,-109.56756757
2018-05-01 06:01:00,-99.9081140579
2018-05-01 06:02:00,-99.9081140579
2018-05-01 06:03:00,-109.56756757
2018-05-01 06:04:00,-109.56756757
2018-05-01 06:05:00,-99.9081140579
2018-05-01 06:06:00,-90.2486605454
2018-05-01 06:07:00,-90.2486605454
2018-05-01 06:08:00,-90.2486605454
2018-05-01 06:09:00,-90.2486605454
2018-05-01 06:10:00,-90.2486605454
2018-05-01 06:11:00,-90.2486605454
2018-05-01 06:12:00,-109.56756757
2018-05-01 06:13:00,-109.56756757
2018-05-01 06:14:00,-109.56756757
2018-05-01 06:15:00,-138.545928108
2018-05-01 06:16:00,-138.545928108
2018-05-01 06:17:00,-138.545928108
2018-05-01 06:18:00,-138.545928108
2018-05-01 06:19:00,-138.545928108
2018-05-01 06:20:00,-128.886474595
2018-05-01 06:21:00,-128.886474595
2018-05-01 06:22:00,-138.545928108
2018-05-01 06:23:00,-119.227021083
2018-05-01 06:24:00,-109.56756757
2018-05-01 06:25:00,-109.56756757
2018-05-01 06:26:00,-109.56756757
2018-05-01 06:27:00,-109.56756757
2018-05-01 06:28:00,-109.56756757
2018-05-01 06:29:00,-109.56756757
2018-05-01 06:30:00,-119.227021083
2018-05-01 06:31:00,-119.227021083
2018-05-01 06:32:00,-119.227021083
2018-05-01 06:33:00,-138.545928108
2018-05-01 06:34:00,-138.545928108
2018-05-01 06:35:00,-138.545928108
2018-05-01 06:36:00,-138.545928108
2018-05-01 06:37:00,-138.545928108
2018-05-01 06:38:00,-138.545928108
2018-05-01 06:39:00,-138.545928108
2018-05-01 06:40:00,-138.545928108
2018-05-01 06:41:00,-138.545928108
2018-05-01 06:42:00,-138.545928108
2018-05-01 06:43:00,-138.545928108
2018-05-01 06:44:00,-138.545928108
2018-05-01 06:45:00,-138.545928108
2018-05-01 06:46:00,-138.545928108
2018-05-01 06:47:00,-138.545928108
2018-05-01 06:48:00,-138.545928108
2018-05-01 06:49:00,-148.20538162
2018-05-01 06:50:00,-148.20538162
2018-05-01 06:51:00,-148.20538162
2018-05-01 06:52:00,-138.545928108
2018-05-01 06:53:00,-138.545928108
2018-05-01 06:54:00,-138.545928108
2018-05-01 06:55:00,-138.545928108
2018-05-01 06:56:00,-138.545928108
2018-05-01 06:57:00,-138.545928108
2018-05-01 06:58:00,-138.545928108
2018-05-01 06:59:00,-138.545928108
2018-05-01 07:00:00,-138.545928108
2018-05-01 07:01:00,-138.545928108
2018-05-01 07:02:00,-138.545928108
2018-05-01 07:03:00,-138.545928108
2018-05-01 07:04:00,-138.545928108
2018-05-01 07:05:00,-138.545928108
2018-05-01 07:06:00,-138.545928108
2018-05-01 07:07:00,-138.545928108
2018-05-01 07:08:00,-138.545928108
2018-05-01 07:09:00,-138.545928108
2018-05-01 07:10:00,-128.886474595
2018-05-01 07:11:00,-128.886474595
2018-05-01 07:12:00,-128.886474595
2018-05-01 07:13:00,-128.886474595
2018-05-01 07:14:00,-128.886474595
2018-05-01 07:15:00,-128.886474595
2018-05-01 07:16:00,-128.886474595
2018-05-01 07:17:00,-128.886474595
2018-05-01 07:18:00,-128.886474595
2018-05-01 07:19:00,-109.56756757
2018-05-01 07:20:00,-128.886474595
2018-05-01 07:21:00,-138.545928108
2018-05-01 07:22:00,-109.56756757
2018-05-01 07:23:00,-109.56756757
2018-05-01 07:24:00,-109.56756757
2018-05-01 07:25:00,-109.56756757
2018-05-01 07:26:00,-109.56756757
2018-05-01 07:27:00,-109.56756757
2018-05-01 07:28:00,-109.56756757
2018-05-01 07:29:00,-109.56756757
2018-05-01 07:30:00,-138.545928108
2018-05-01 07:31:00,-138.545928108
2018-05-01 07:32:00,-138.545928108
2018-05-01 07:33:00,-138.545928108
2018-05-01 07:34:00,-128.886474595
2018-05-01 07:35:00,-128.886474595
2018-05-01 07:36:00,-109.56756757
2018-05-01 07:37:00,-128.886474595
2018-05-01 07:38:00,-109.56756757
2018-05-01 07:39:00,-109.56756757
2018-05-01 07:40:00,-109.56756757
2018-05-01 07:41:00,-119.227021083
2018-05-01 07:42:00,-119.227021083
2018-05-01 07:43:00,-119.227021083
2018-05-01 07:44:00,-119.227021083
2018-05-01 07:45:00,-119.227021083
2018-05-01 07:46:00,-119.227021083
2018-05-01 07:47:00,-119.227021083
2018-05-01 07:48:00,-119.227021083
2018-05-01 07:49:00,-109.56756757
2018-05-01 07:50:00,-128.886474595
2018-05-01 07:51:00,-128.886474595
2018-05-01 07:52:00,-128.886474595
2018-05-01 07:53:00,-128.886474595
2018-05-01 07:54:00,-128.886474595
2018-05-01 07:55:00,-128.886474595
2018-05-01 07:56:00,-119.227021083
2018-05-01 07:57:00,-119.227021083
2018-05-01 07:58:00,-119.227021083
2018-05-01 07:59:00,-119.227021083
2018-05-01 08:00:00,-109.56756757
2018-05-01 08:01:00,-99.9081140579
2018-05-01 08:02:00,-99.9081140579
2018-05-01 08:03:00,-109.56756757
2018-05-01 08:04:00,-109.56756757
2018-05-01 08:05:00,-80.5892070329
2018-05-01 08:06:00,-70.9297535204
2018-05-01 08:07:00,-70.9297535204
2018-05-01 08:08:00,-70.9297535204
2018-05-01 08:09:00,-99.9081140579
2018-05-01 08:10:00,-99.9081140579
2018-05-01 08:11:00,-109.56756757
2018-05-01 08:12:00,-109.56756757
2018-05-01 08:13:00,-109.56756757
2018-05-01 08:14:00,-109.56756757
2018-05-01 08:15:00,-109.56756757
2018-05-01 08:16:00,-109.56756757
2018-05-01 08:17:00,-109.56756757
2018-05-01 08:18:00,-109.56756757
2018-05-01 08:19:00,-109.56756757
2018-05-01 08:20:00,-109.56756757
2018-05-01 08:21:00,-109.56756757
2018-05-01 08:22:00,-109.56756757
2018-05-01 08:23:00,-90.2486605454
2018-05-01 08:24:00,-80.5892070329
2018-05-01 08:25:00,-70.9297535204
2018-05-01 08:26:00,-90.2486605454
2018-05-01 08:27:00,-90.2486605454
2018-05-01 08:28:00,-90.2486605454
2018-05-01 08:29:00,-80.5892070329
2018-05-01 08:30:00,-70.9297535204
2018-05-01 08:31:00,-70.9297535204
2018-05-01 08:32:00,-70.9297535204
2018-05-01 08:33:00,-70.9297535204
2018-05-01 08:34:00,-80.5892070329
2018-05-01 08:35:00,-90.2486605454
2018-05-01 08:36:00,-90.2486605454
2018-05-01 08:37:00,-99.9081140579
2018-05-01 08:38:00,-99.9081140579
2018-05-01 08:39:00,-99.9081140579
2018-05-01 08:40:00,-99.9081140579
2018-05-01 08:41:00,-99.9081140579
2018-05-01 08:42:00,-80.5892070329
2018-05-01 08:43:00,-99.9081140579
2018-05-01 08:44:00,-109.56756757
2018-05-01 08:45:00,-90.2486605454
2018-05-01 08:46:00,-80.5892070329
2018-05-01 08:47:00,-80.5892070329
2018-05-01 08:48:00,-99.9081140579
2018-05-01 08:49:00,-109.56756757
2018-05-01 08:50:00,-109.56756757
2018-05-01 08:51:00,-109.56756757
2018-05-01 08:52:00,-109.56756757
2018-05-01 08:53:00,-119.227021083
2018-05-01 08:54:00,-119.227021083
2018-05-01 08:55:00,-119.227021083
2018-05-01 08:56:00,-119.227021083
2018-05-01 08:57:00,-99.9081140579
2018-05-01 08:58:00,-99.9081140579
2018-05-01 08:59:00,-99.9081140579
2018-05-01 09:00:00,-109.56756757
2018-05-01 09:01:00,-109.56756757
2018-05-01 09:02:00,-109.56756757
2018-05-01 09:03:00,-109.56756757
2018-05-01 09:04:00,-109.56756757
2018-05-01 09:05:00,-109.56756757
2018-05-01 09:06:00,-109.56756757
2018-05-01 09:07:00,-90.2486605454
2018-05-01 09:08:00,-90.2486605454
2018-05-01 09:09:00,-90.2486605454
2018-05-01 09:10:00,-70.9297535204
2018-05-01 09:11:00,-51.6108464954
2018-05-01 09:12:00,-61.2703000079
2018-05-01 09:13:00,-70.9297535204
2018-05-01 09:14:00,-70.9297535204
2018-05-01 09:15:00,-70.9297535204
2018-05-01 09:16:00,-70.9297535204
2018-05-01 09:17:00,-70.9297535204
2018-05-01 09:18:00,-70.9297535204
2018-05-01 09:19:00,-70.9297535204
2018-05-01 09:20:00,-70.9297535204
2018-05-01 09:21:00,-70.9297535204
2018-05-01 09:22:00,-70.9297535204
2018-05-01 09:23:00,-70.9297535204
2018-05-01 09:24:00,-70.9297535204
2018-05-01 09:25:00,-70.9297535204
2018-05-01 09:26:00,-70.9297535204
2018-05-01 09:27:00,-99.9081140579
2018-05-01 09:28:00,-99.9081140579
2018-05-01 09:29:00,-90.2486605454
2018-05-01 09:30:00,-90.2486605454
2018-05-01 09:31:00,-90.2486605454
2018-05-01 09:32:00,-70.9297535204
2018-05-01 09:33:00,-70.9297535204
2018-05-01 09:34:00,-70.9297535204
2018-05-01 09:35:00,-70.9297535204
2018-05-01 09:36:00,-51.6108464954
2018-05-01 09:37:00,-61.2703000079
2018-05-01 09:38:00,-70.9297535204
2018-05-01 09:39:00,-70.9297535204
2018-05-01 09:40:00,-61.2703000079
2018-05-01 09:41:00,-61.2703000079
2018-05-01 09:42:00,-61.2703000079
2018-05-01 09:43:00,-61.2703000079
2018-05-01 09:44:00,-61.2703000079
2018-05-01 09:45:00,-90.2486605454
2018-05-01 09:46:00,-70.9297535204
2018-05-01 09:47:00,-70.9297535204
2018-05-01 09:48:00,-70.9297535204
2018-05-01 09:49:00,-61.2703000079
2018-05-01 09:50:00,-61.2703000079
2018-05-01 09:51:00,-90.2486605454
2018-05-01 09:52:00,-90.2486605454
2018-05-01 09:53:00,-90.2486605454
2018-05-01 09:54:00,-90.2486605454
2018-05-01 09:55:00,-70.9297535204
2018-05-01 09:56:00,-80.5892070329
2018-05-01 09:57:00,-80.5892070329
2018-05-01 09:58:00,-61.2703000079
2018-05-01 09:59:00,-70.9297535204
2018-05-01 10:00:00,-70.9297535204
2018-05-01 10:01:00,-61.2703000079
2018-05-01 10:02:00,-70.9297535204
2018-05-01 10:03:00,-70.9297535204
2018-05-01 10:04:00,-70.9297535204
2018-05-01 10:05:00,-41.9513929829
2018-05-01 10:06:00,-41.9513929829
2018-05-01 10:07:00,-41.9513929829
2018-05-01 10:08:00,-41.9513929829
2018-05-01 10:09:00,-51.6108464954
2018-05-01 10:10:00,-51.6108464954
2018-05-01 10:11:00,-41.9513929829
2018-05-01 10:12:00,-32.2919394704
2018-05-01 10:13:00,-61.2703000079
2018-05-01 10:14:00,-61.2703000079
2018-05-01 10:15:00,-61.2703000079
2018-05-01 10:16:00,-61.2703000079
2018-05-01 10:17:00,-61.2703000079
2018-05-01 10:18:00,-61.2703000079
2018-05-01 10:19:00,-61.2703000079
2018-05-01 10:20:00,-61.2703000079
2018-05-01 10:21:00,-51.6108464954
2018-05-01 10:22:00,-51.6108464954
2018-05-01 10:23:00,-51.6108464954
2018-05-01 10:24:00,-51.6108464954
2018-05-01 10:25:00,-51.6108464954
2018-05-01 10:26:00,-51.6108464954
2018-05-01 10:27:00,-51.6108464954
2018-05-01 10:28:00,-51.6108464954
2018-05-01 10:29:00,-51.6108464954
2018-05-01 10:30:00,-51.6108464954
2018-05-01 10:31:00,-61.2703000079
2018-05-01 10:32:00,-70.9297535204
2018-05-01 10:33:00,-90.2486605454
2018-05-01 10:34:00,-90.2486605454
2018-05-01 10:35:00,-90.2486605454
2018-05-01 10:36:00,-109.56756757
2018-05-01 10:37:00,-109.56756757
2018-05-01 10:38:00,-109.56756757
2018-05-01 10:39:00,-109.56756757
2018-05-01 10:40:00,-109.56756757
2018-05-01 10:41:00,-109.56756757
2018-05-01 10:42:00,-109.56756757
2018-05-01 10:43:00,-99.9081140579
2018-05-01 10:44:00,-99.9081140579
2018-05-01 10:45:00,-99.9081140579
2018-05-01 10:46:00,-90.2486605454
2018-05-01 10:47:00,-90.2486605454
2018-05-01 10:48:00,-90.2486605454
2018-05-01 10:49:00,-90.2486605454
2018-05-01 10:50:00,-109.56756757
2018-05-01 10:51:00,-109.56756757
2018-05-01 10:52:00,-109.56756757
2018-05-01 10:53:00,-109.56756757
2018-05-01 10:54:00,-109.56756757
2018-05-01 10:55:00,-109.56756757
2018-05-01 10:56:00,-109.56756757
2018-05-01 10:57:00,-109.56756757
2018-05-01 10:58:00,-109.56756757
2018-05-01 10:59:00,-109.56756757
2018-05-01 11:00:00,-109.56756757
2018-05-01 11:01:00,-119.227021083
2018-05-01 11:02:00,-119.227021083
2018-05-01 11:03:00,-119.227021083
2018-05-01 11:04:00,-119.227021083
2018-05-01 11:05:00,-119.227021083
2018-05-01 11:06:00,-119.227021083
2018-05-01 11:07:00,-119.227021083
2018-05-01 11:08:00,-119.227021083
2018-05-01 11:09:00,-119.227021083
2018-05-01 11:10:00,-119.227021083
2018-05-01 11:11:00,-119.227021083
2018-05-01 11:12:00,-119.227021083
2018-05-01 11:13:00,-119.227021083
2018-05-01 11:14:00,-109.56756757
2018-05-01 11:15:00,-119.227021083
2018-05-01 11:16:00,-109.56756757
2018-05-01 11:17:00,-109.56756757
2018-05-01 11:18:00,-109.56756757
2018-05-01 11:19:00,-109.56756757
2018-05-01 11:20:00,-109.56756757
2018-05-01 11:21:00,-109.56756757
2018-05-01 11:22:00,-109.56756757
2018-05-01 11:23:00,-109.56756757
2018-05-01 11:24:00,-109.56756757
2018-05-01 11:25:00,-61.2703000079
2018-05-01 11:26:00,-80.5892070329
2018-05-01 11:27:00,-80.5892070329
2018-05-01 11:28:00,-90.2486605454
2018-05-01 11:29:00,-90.2486605454
2018-05-01 11:30:00,-90.2486605454
2018-05-01 11:31:00,-90.2486605454
2018-05-01 11:32:00,-90.2486605454
2018-05-01 11:33:00,-61.2703000079
2018-05-01 11:34:00,-61.2703000079
2018-05-01 11:35:00,-61.2703000079
2018-05-01 11:36:00,-61.2703000079
2018-05-01 11:37:00,-61.2703000079
2018-05-01 11:38:00,-80.5892070329
2018-05-01 11:39:00,-70.9297535204
2018-05-01 11:40:00,-70.9297535204
2018-05-01 11:41:00,-70.9297535204
2018-05-01 11:42:00,-70.9297535204
2018-05-01 11:43:00,-70.9297535204
2018-05-01 11:44:00,-70.9297535204
2018-05-01 11:45:00,-109.56756757
2018-05-01 11:46:00,-109.56756757
2018-05-01 11:47:00,-109.56756757
2018-05-01 11:48:00,-99.9081140579
2018-05-01 11:49:00,-90.2486605454
2018-05-01 11:50:00,-90.2486605454
2018-05-01 11:51:00,-90.2486605454
2018-05-01 11:52:00,-90.2486605454
2018-05-01 11:53:00,-90.2486605454
2018-05-01 11:54:00,-99.9081140579
2018-05-01 11:55:00,-99.9081140579
2018-05-01 11:56:00,-99.9081140579
2018-05-01 11:57:00,-99.9081140579
2018-05-01 11:58:00,-80.5892070329
2018-05-01 11:59:00,-99.9081140579
2018-05-02 01:29:00,83.6222754359
2018-05-02 01:30:00,83.6222754359
2018-05-02 01:31:00,83.6222754359
2018-05-02 01:32:00,-61.2695272516
2018-05-02 01:33:00,-61.2695272516
2018-05-02 01:34:00,-61.2695272516
2018-05-02 01:35:00,-61.2695272516
2018-05-02 01:36:00,-61.2695272516
2018-05-02 01:37:00,-80.5884342766
2018-05-02 01:38:00,-80.5884342766
2018-05-02 01:39:00,-80.5884342766
2018-05-02 01:40:00,-80.5884342766
2018-05-02 01:41:00,-80.5884342766
2018-05-02 01:42:00,-80.5884342766
2018-05-02 01:43:00,-80.5884342766
2018-05-02 01:44:00,-80.5884342766
2018-05-02 01:45:00,-90.2478877891
2018-05-02 01:46:00,-80.5884342766
2018-05-02 01:47:00,-80.5884342766
2018-05-02 01:48:00,-80.5884342766
2018-05-02 01:49:00,-80.5884342766
2018-05-02 01:50:00,-80.5884342766
2018-05-02 01:51:00,-80.5884342766
2018-05-02 01:52:00,-80.5884342766
2018-05-02 01:53:00,-80.5884342766
2018-05-02 01:54:00,-80.5884342766
2018-05-02 01:55:00,-80.5884342766
2018-05-02 01:56:00,-80.5884342766
2018-05-02 01:57:00,-80.5884342766
2018-05-02 01:58:00,-80.5884342766
2018-05-02 01:59:00,-80.5884342766
2018-05-02 02:00:00,-90.2478877891
2018-05-02 02:01:00,-90.2478877891
2018-05-02 02:02:00,-99.9073413016
2018-05-02 02:03:00,-90.2478877891
2018-05-02 02:04:00,-90.2478877891
2018-05-02 02:05:00,-90.2478877891
2018-05-02 02:06:00,-90.2478877891
2018-05-02 02:07:00,-90.2478877891
2018-05-02 02:08:00,-90.2478877891
2018-05-02 02:09:00,-90.2478877891
2018-05-02 02:10:00,-99.9073413016
2018-05-02 02:11:00,-99.9073413016
2018-05-02 02:12:00,-119.226248327
2018-05-02 02:13:00,-109.566794814
2018-05-02 02:14:00,-119.226248327
2018-05-02 02:15:00,-109.566794814
2018-05-02 02:16:00,-109.566794814
2018-05-02 02:17:00,-119.226248327
2018-05-02 02:18:00,-119.226248327
2018-05-02 02:19:00,-119.226248327
2018-05-02 02:20:00,-109.566794814
2018-05-02 02:21:00,-109.566794814
2018-05-02 02:22:00,-109.566794814
2018-05-02 02:23:00,-109.566794814
2018-05-02 02:24:00,-109.566794814
2018-05-02 02:25:00,-109.566794814
2018-05-02 02:26:00,-90.2478877891
2018-05-02 02:27:00,-90.2478877891
2018-05-02 02:28:00,-90.2478877891
2018-05-02 02:29:00,-90.2478877891
2018-05-02 02:30:00,-51.6100737391
2018-05-02 02:31:00,-51.6100737391
2018-05-02 02:32:00,-51.6100737391
2018-05-02 02:33:00,-70.9289807641
2018-05-02 02:34:00,-70.9289807641
2018-05-02 02:35:00,-70.9289807641
2018-05-02 02:36:00,-90.2478877891
2018-05-02 02:37:00,-90.2478877891
2018-05-02 02:38:00,-109.566794814
2018-05-02 02:39:00,-119.226248327
2018-05-02 02:40:00,-109.566794814
2018-05-02 02:41:00,-109.566794814
2018-05-02 02:42:00,-109.566794814
2018-05-02 02:43:00,-109.566794814
2018-05-02 02:44:00,-109.566794814
2018-05-02 02:45:00,-109.566794814
2018-05-02 02:46:00,-109.566794814
2018-05-02 02:47:00,-99.9073413016
2018-05-02 02:48:00,-99.9073413016
2018-05-02 02:49:00,-109.566794814
2018-05-02 02:50:00,-109.566794814
2018-05-02 02:51:00,-109.566794814
2018-05-02 02:52:00,-109.566794814
2018-05-02 02:53:00,-109.566794814
2018-05-02 02:54:00,-109.566794814
2018-05-02 02:55:00,-109.566794814
2018-05-02 02:56:00,-109.566794814
2018-05-02 02:57:00,-109.566794814
2018-05-02 02:58:00,-109.566794814
2018-05-02 02:59:00,-109.566794814
2018-05-02 03:00:00,-109.566794814
2018-05-02 03:01:00,-128.885701839
2018-05-02 03:02:00,-128.885701839
2018-05-02 03:03:00,-128.885701839
2018-05-02 03:04:00,-157.864062377
2018-05-02 03:05:00,-167.523515889
2018-05-02 03:06:00,-177.182969402
2018-05-02 03:07:00,-177.182969402
2018-05-02 03:08:00,-167.523515889
2018-05-02 03:09:00,-167.523515889
2018-05-02 03:10:00,-167.523515889
2018-05-02 03:11:00,-128.885701839
2018-05-02 03:12:00,-119.226248327
2018-05-02 03:13:00,-128.885701839
2018-05-02 03:14:00,-148.204608864
2018-05-02 03:15:00,-128.885701839
2018-05-02 03:16:00,-128.885701839
2018-05-02 03:17:00,-148.204608864
2018-05-02 03:18:00,-167.523515889
2018-05-02 03:19:00,-167.523515889
2018-05-02 03:20:00,-167.523515889
2018-05-02 03:21:00,-167.523515889
2018-05-02 03:22:00,-167.523515889
2018-05-02 03:23:00,-167.523515889
2018-05-02 03:24:00,-167.523515889
2018-05-02 03:25:00,-167.523515889
2018-05-02 03:26:00,-177.182969402
2018-05-02 03:27:00,-167.523515889
2018-05-02 03:28:00,-177.182969402
2018-05-02 03:29:00,-177.182969402
2018-05-02 03:30:00,-215.820783452
2018-05-02 03:31:00,-206.161329939
2018-05-02 03:32:00,-206.161329939
2018-05-02 03:33:00,-215.820783452
2018-05-02 03:34:00,-186.842422914
2018-05-02 03:35:00,-215.820783452
2018-05-02 03:36:00,-215.820783452
2018-05-02 03:37:00,-215.820783452
2018-05-02 03:38:00,-215.820783452
2018-05-02 03:39:00,-215.820783452
2018-05-02 03:40:00,-206.161329939
2018-05-02 03:41:00,-206.161329939
2018-05-02 03:42:00,-235.139690477
2018-05-02 03:43:00,-215.820783452
2018-05-02 03:44:00,-254.458597502
2018-05-02 03:45:00,-254.458597502
2018-05-02 03:46:00,-273.777504527
2018-05-02 03:47:00,-273.777504527
2018-05-02 03:48:00,-225.480236964
2018-05-02 03:49:00,-196.501876427
2018-05-02 03:50:00,-215.820783452
2018-05-02 03:51:00,-235.139690477
2018-05-02 03:52:00,-235.139690477
2018-05-02 03:53:00,-235.139690477
2018-05-02 03:54:00,-235.139690477
2018-05-02 03:55:00,-244.799143989
2018-05-02 03:56:00,-244.799143989
2018-05-02 03:57:00,-244.799143989
2018-05-02 03:58:00,-235.139690477
2018-05-02 03:59:00,-225.480236964
2018-05-02 04:00:00,-235.139690477
2018-05-02 04:01:00,-225.480236964
2018-05-02 04:02:00,-225.480236964
2018-05-02 04:03:00,-225.480236964
2018-05-02 04:04:00,-225.480236964
2018-05-02 04:05:00,-215.820783452
2018-05-02 04:06:00,-206.161329939
2018-05-02 04:07:00,-196.501876427
2018-05-02 04:08:00,-206.161329939
2018-05-02 04:09:00,-196.501876427
2018-05-02 04:10:00,-206.161329939
2018-05-02 04:11:00,-206.161329939
2018-05-02 04:12:00,-206.161329939
2018-05-02 04:13:00,-225.480236964
2018-05-02 04:14:00,-235.139690477
2018-05-02 04:15:00,-235.139690477
2018-05-02 04:16:00,-235.139690477
2018-05-02 04:17:00,-225.480236964
2018-05-02 04:18:00,-235.139690477
2018-05-02 04:19:00,-244.799143989
2018-05-02 04:20:00,-244.799143989
2018-05-02 04:21:00,-244.799143989
2018-05-02 04:22:00,-235.139690477
2018-05-02 04:23:00,-225.480236964
2018-05-02 04:24:00,-235.139690477
2018-05-02 04:25:00,-235.139690477
2018-05-02 04:26:00,-225.480236964
2018-05-02 04:27:00,-235.139690477
2018-05-02 04:28:00,-235.139690477
2018-05-02 04:29:00,-225.480236964
2018-05-02 04:30:00,-215.820783452
2018-05-02 04:31:00,-225.480236964
2018-05-02 04:32:00,-225.480236964
2018-05-02 04:33:00,-225.480236964
2018-05-02 04:34:00,-225.480236964
2018-05-02 04:35:00,-235.139690477
2018-05-02 04:36:00,-225.480236964
2018-05-02 04:37:00,-225.480236964
2018-05-02 04:38:00,-235.139690477
2018-05-02 04:39:00,-225.480236964
2018-05-02 04:40:00,-225.480236964
2018-05-02 04:41:00,-225.480236964
2018-05-02 04:42:00,-225.480236964
2018-05-02 04:43:00,-225.480236964
2018-05-02 04:44:00,-225.480236964
2018-05-02 04:45:00,-215.820783452
2018-05-02 04:46:00,-215.820783452
2018-05-02 04:47:00,-235.139690477
2018-05-02 04:48:00,-244.799143989
2018-05-02 04:49:00,-244.799143989
2018-05-02 04:50:00,-244.799143989
2018-05-02 04:51:00,-244.799143989
2018-05-02 04:52:00,-264.118051014
2018-05-02 04:53:00,-264.118051014
2018-05-02 04:54:00,-244.799143989
2018-05-02 04:55:00,-264.118051014
2018-05-02 04:56:00,-273.777504527
2018-05-02 04:57:00,-273.777504527
2018-05-02 04:58:00,-264.118051014
2018-05-02 04:59:00,-254.458597502
2018-05-02 05:00:00,-264.118051014
2018-05-02 05:01:00,-254.458597502
2018-05-02 05:02:00,-264.118051014
2018-05-02 05:03:00,-264.118051014
2018-05-02 05:04:00,-264.118051014
2018-05-02 05:05:00,-264.118051014
2018-05-02 05:06:00,-264.118051014
2018-05-02 05:07:00,-264.118051014
2018-05-02 05:08:00,-264.118051014
2018-05-02 05:09:00,-264.118051014
2018-05-02 05:10:00,-254.458597502
2018-05-02 05:11:00,-264.118051014
2018-05-02 05:12:00,-254.458597502
2018-05-02 05:13:00,-254.458597502
2018-05-02 05:14:00,-244.799143989
2018-05-02 05:15:00,-244.799143989
2018-05-02 05:16:00,-264.118051014
2018-05-02 05:17:00,-264.118051014
2018-05-02 05:18:00,-264.118051014
2018-05-02 05:19:00,-264.118051014
2018-05-02 05:20:00,-264.118051014
2018-05-02 05:21:00,-264.118051014
2018-05-02 05:22:00,-264.118051014
2018-05-02 05:23:00,-264.118051014
2018-05-02 05:24:00,-254.458597502
2018-05-02 05:25:00,-264.118051014
2018-05-02 05:26:00,-264.118051014
2018-05-02 05:27:00,-264.118051014
2018-05-02 05:28:00,-264.118051014
2018-05-02 05:29:00,-264.118051014
2018-05-02 05:30:00,-264.118051014
2018-05-02 05:31:00,-264.118051014
2018-05-02 05:32:00,-264.118051014
2018-05-02 05:33:00,-264.118051014
2018-05-02 05:34:00,-264.118051014
2018-05-02 05:35:00,-264.118051014
2018-05-02 05:36:00,-283.436958039
2018-05-02 05:37:00,-302.755865064
2018-05-02 05:38:00,-302.755865064
2018-05-02 05:39:00,-312.415318577
2018-05-02 05:40:00,-312.415318577
2018-05-02 05:41:00,-312.415318577
2018-05-02 05:42:00,-312.415318577
2018-05-02 05:43:00,-302.755865064
2018-05-02 05:44:00,-302.755865064
2018-05-02 05:45:00,-302.755865064
2018-05-02 05:46:00,-302.755865064
2018-05-02 05:47:00,-302.755865064
2018-05-02 05:48:00,-302.755865064
2018-05-02 05:49:00,-302.755865064
2018-05-02 05:50:00,-302.755865064
2018-05-02 05:51:00,-312.415318577
2018-05-02 05:52:00,-312.415318577
2018-05-02 05:53:00,-322.074772089
2018-05-02 05:54:00,-322.074772089
2018-05-02 05:55:00,-312.415318577
2018-05-02 05:56:00,-312.415318577
2018-05-02 05:57:00,-312.415318577
2018-05-02 05:58:00,-312.415318577
2018-05-02 05:59:00,-293.096411552
2018-05-02 06:00:00,-293.096411552
2018-05-02 06:01:00,-283.436958039
2018-05-02 06:02:00,-283.436958039
2018-05-02 06:03:00,-273.777504527
2018-05-02 06:04:00,-273.777504527
2018-05-02 06:05:00,-273.777504527
2018-05-02 06:06:00,-264.118051014
2018-05-02 06:07:00,-264.118051014
2018-05-02 06:08:00,-264.118051014
2018-05-02 06:09:00,-264.118051014
2018-05-02 06:10:00,-273.777504527
2018-05-02 06:11:00,-273.777504527
2018-05-02 06:12:00,-273.777504527
2018-05-02 06:13:00,-273.777504527
2018-05-02 06:14:00,-273.777504527
2018-05-02 06:15:00,-283.436958039
2018-05-02 06:16:00,-283.436958039
2018-05-02 06:17:00,-273.777504527
2018-05-02 06:18:00,-264.118051014
2018-05-02 06:19:00,-264.118051014
2018-05-02 06:20:00,-273.777504527
2018-05-02 06:21:00,-264.118051014
2018-05-02 06:22:00,-264.118051014
2018-05-02 06:23:00,-273.777504527
2018-05-02 06:24:00,-273.777504527
2018-05-02 06:25:00,-273.777504527
2018-05-02 06:26:00,-273.777504527
2018-05-02 06:27:00,-273.777504527
2018-05-02 06:28:00,-273.777504527
2018-05-02 06:29:00,-273.777504527
2018-05-02 06:30:00,-273.777504527
2018-05-02 06:31:00,-273.777504527
2018-05-02 06:32:00,-273.777504527
2018-05-02 06:33:00,-273.777504527
2018-05-02 06:34:00,-273.777504527
2018-05-02 06:35:00,-273.777504527
2018-05-02 06:36:00,-273.777504527
2018-05-02 06:37:00,-264.118051014
2018-05-02 06:38:00,-264.118051014
2018-05-02 06:39:00,-264.118051014
2018-05-02 06:40:00,-264.118051014
2018-05-02 06:41:00,-264.118051014
2018-05-02 06:42:00,-264.118051014
2018-05-02 06:43:00,-254.458597502
2018-05-02 06:44:00,-254.458597502
2018-05-02 06:45:00,-264.118051014
2018-05-02 06:46:00,-264.118051014
2018-05-02 06:47:00,-264.118051014
2018-05-02 06:48:00,-264.118051014
2018-05-02 06:49:00,-254.458597502
2018-05-02 06:50:00,-264.118051014
2018-05-02 06:51:00,-254.458597502
2018-05-02 06:52:00,-264.118051014
2018-05-02 06:53:00,-254.458597502
2018-05-02 06:54:00,-254.458597502
2018-05-02 06:55:00,-283.436958039
2018-05-02 06:56:00,-283.436958039
2018-05-02 06:57:00,-293.096411552
2018-05-02 06:58:00,-293.096411552
2018-05-02 06:59:00,-322.074772089
2018-05-02 07:00:00,-312.415318577
2018-05-02 07:01:00,-302.755865064
2018-05-02 07:02:00,-312.415318577
2018-05-02 07:03:00,-331.734225602
2018-05-02 07:04:00,-341.393679114
2018-05-02 07:05:00,-341.393679114
2018-05-02 07:06:00,-341.393679114
2018-05-02 07:07:00,-341.393679114
2018-05-02 07:08:00,-331.734225602
2018-05-02 07:09:00,-322.074772089
2018-05-02 07:10:00,-293.096411552
2018-05-02 07:11:00,-283.436958039
2018-05-02 07:12:00,-273.777504527
2018-05-02 07:13:00,-283.436958039
2018-05-02 07:14:00,-273.777504527
2018-05-02 07:15:00,-273.777504527
2018-05-02 07:16:00,-273.777504527
2018-05-02 07:17:00,-264.118051014
2018-05-02 07:18:00,-264.118051014
2018-05-02 07:19:00,-264.118051014
2018-05-02 07:20:00,-264.118051014
2018-05-02 07:21:00,-264.118051014
2018-05-02 07:22:00,-264.118051014
2018-05-02 07:23:00,-264.118051014
2018-05-02 07:24:00,-264.118051014
2018-05-02 07:25:00,-254.458597502
2018-05-02 07:26:00,-312.415318577
2018-05-02 07:27:00,-322.074772089
2018-05-02 07:28:00,-322.074772089
2018-05-02 07:29:00,-312.415318577
2018-05-02 07:30:00,-302.755865064
2018-05-02 07:31:00,-302.755865064
2018-05-02 07:32:00,-302.755865064
2018-05-02 07:33:00,-302.755865064
2018-05-02 07:34:00,-302.755865064
2018-05-02 07:35:00,-302.755865064
2018-05-02 07:36:00,-302.755865064
2018-05-02 07:37:00,-312.415318577
2018-05-02 07:38:00,-312.415318577
2018-05-02 07:39:00,-312.415318577
2018-05-02 07:40:00,-312.415318577
2018-05-02 07:41:00,-312.415318577
2018-05-02 07:42:00,-312.415318577
2018-05-02 07:43:00,-312.415318577
2018-05-02 07:44:00,-322.074772089
2018-05-02 07:45:00,-322.074772089
2018-05-02 07:46:00,-312.415318577
2018-05-02 07:47:00,-312.415318577
2018-05-02 07:48:00,-312.415318577
2018-05-02 07:49:00,-312.415318577
2018-05-02 07:50:00,-312.415318577
2018-05-02 07:51:00,-312.415318577
2018-05-02 07:52:00,-331.734225602
2018-05-02 07:53:00,-331.734225602
2018-05-02 07:54:00,-331.734225602
2018-05-02 07:55:00,-331.734225602
2018-05-02 07:56:00,-312.415318577
2018-05-02 07:57:00,-312.415318577
2018-05-02 07:58:00,-312.415318577
2018-05-02 07:59:00,-312.415318577
2018-05-02 08:00:00,-312.415318577
2018-05-02 08:01:00,-312.415318577
2018-05-02 08:02:00,-322.074772089
2018-05-02 08:03:00,-312.415318577
2018-05-02 08:04:00,-322.074772089
2018-05-02 08:05:00,-312.415318577
2018-05-02 08:06:00,-312.415318577
2018-05-02 08:07:00,-312.415318577
2018-05-02 08:08:00,-312.415318577
2018-05-02 08:09:00,-312.415318577
2018-05-02 08:10:00,-312.415318577
2018-05-02 08:11:00,-312.415318577
2018-05-02 08:12:00,-312.415318577
2018-05-02 08:13:00,-293.096411552
2018-05-02 08:14:00,-283.436958039
2018-05-02 08:15:00,-312.415318577
2018-05-02 08:16:00,-293.096411552
2018-05-02 08:17:00,-302.755865064
2018-05-02 08:18:00,-312.415318577
2018-05-02 08:19:00,-312.415318577
2018-05-02 08:20:00,-312.415318577
2018-05-02 08:21:00,-312.415318577
2018-05-02 08:22:00,-302.755865064
2018-05-02 08:23:00,-302.755865064
2018-05-02 08:24:00,-302.755865064
2018-05-02 08:25:00,-293.096411552
2018-05-02 08:26:00,-283.436958039
2018-05-02 08:27:00,-283.436958039
2018-05-02 08:28:00,-293.096411552
2018-05-02 08:29:00,-293.096411552
2018-05-02 08:30:00,-293.096411552
2018-05-02 08:31:00,-293.096411552
2018-05-02 08:32:00,-283.436958039
2018-05-02 08:33:00,-293.096411552
2018-05-02 08:34:00,-293.096411552
2018-05-02 08:35:00,-293.096411552
2018-05-02 08:36:00,-312.415318577
2018-05-02 08:37:00,-312.415318577
2018-05-02 08:38:00,-312.415318577
2018-05-02 08:39:00,-312.415318577
2018-05-02 08:40:00,-312.415318577
2018-05-02 08:41:00,-322.074772089
2018-05-02 08:42:00,-322.074772089
2018-05-02 08:43:00,-312.415318577
2018-05-02 08:44:00,-322.074772089
2018-05-02 08:45:00,-322.074772089
2018-05-02 08:46:00,-322.074772089
2018-05-02 08:47:00,-322.074772089
2018-05-02 08:48:00,-331.734225602
2018-05-02 08:49:00,-322.074772089
2018-05-02 08:50:00,-322.074772089
2018-05-02 08:51:00,-322.074772089
2018-05-02 08:52:00,-322.074772089
2018-05-02 08:53:00,-312.415318577
2018-05-02 08:54:00,-312.415318577
2018-05-02 08:55:00,-312.415318577
2018-05-02 08:56:00,-312.415318577
2018-05-02 08:57:00,-283.436958039
2018-05-02 08:58:00,-293.096411552
2018-05-02 08:59:00,-293.096411552
2018-05-02 09:00:00,-312.415318577
2018-05-02 09:01:00,-312.415318577
2018-05-02 09:02:00,-331.734225602
2018-05-02 09:03:00,-331.734225602
2018-05-02 09:04:00,-331.734225602
2018-05-02 09:05:00,-331.734225602
2018-05-02 09:06:00,-331.734225602
2018-05-02 09:07:00,-331.734225602
2018-05-02 09:08:00,-331.734225602
2018-05-02 09:09:00,-331.734225602
2018-05-02 09:10:00,-331.734225602
2018-05-02 09:11:00,-331.734225602
2018-05-02 09:12:00,-331.734225602
2018-05-02 09:13:00,-351.053132627
2018-05-02 09:14:00,-351.053132627
2018-05-02 09:15:00,-351.053132627
2018-05-02 09:16:00,-351.053132627
2018-05-02 09:17:00,-351.053132627
2018-05-02 09:18:00,-331.734225602
2018-05-02 09:19:00,-322.074772089
2018-05-02 09:20:00,-322.074772089
2018-05-02 09:21:00,-322.074772089
2018-05-02 09:22:00,-322.074772089
2018-05-02 09:23:00,-322.074772089
2018-05-02 09:24:00,-322.074772089
2018-05-02 09:25:00,-331.734225602
2018-05-02 09:26:00,-331.734225602
2018-05-02 09:27:00,-322.074772089
2018-05-02 09:28:00,-331.734225602
2018-05-02 09:29:00,-322.074772089
2018-05-02 09:30:00,-312.415318577
2018-05-02 09:31:00,-312.415318577
2018-05-02 09:32:00,-322.074772089
2018-05-02 09:33:00,-322.074772089
2018-05-02 09:34:00,-322.074772089
2018-05-02 09:35:00,-302.755865064
2018-05-02 09:36:00,-302.755865064
2018-05-02 09:37:00,-302.755865064
2018-05-02 09:38:00,-302.755865064
2018-05-02 09:39:00,-322.074772089
2018-05-02 09:40:00,-322.074772089
2018-05-02 09:41:00,-322.074772089
2018-05-02 09:42:00,-322.074772089
2018-05-02 09:43:00,-302.755865064
2018-05-02 09:44:00,-312.415318577
2018-05-02 09:45:00,-312.415318577
2018-05-02 09:46:00,-312.415318577
2018-05-02 09:47:00,-322.074772089
2018-05-02 09:48:00,-322.074772089
2018-05-02 09:49:00,-322.074772089
2018-05-02 09:50:00,-322.074772089
2018-05-02 09:51:00,-312.415318577
2018-05-02 09:52:00,-302.755865064
2018-05-02 09:53:00,-322.074772089
2018-05-02 09:54:00,-302.755865064
2018-05-02 09:55:00,-302.755865064
2018-05-02 09:56:00,-302.755865064
2018-05-02 09:57:00,-302.755865064
2018-05-02 09:58:00,-312.415318577
2018-05-02 09:59:00,-312.415318577
2018-05-02 10:00:00,-312.415318577
2018-05-02 10:01:00,-322.074772089
2018-05-02 10:02:00,-322.074772089
2018-05-02 10:03:00,-341.393679114
2018-05-02 10:04:00,-341.393679114
2018-05-02 10:05:00,-351.053132627
2018-05-02 10:06:00,-351.053132627
2018-05-02 10:07:00,-351.053132627
2018-05-02 10:08:00,-351.053132627
2018-05-02 10:09:00,-351.053132627
2018-05-02 10:10:00,-360.712586139
2018-05-02 10:11:00,-370.372039652
2018-05-02 10:12:00,-389.690946677
2018-05-02 10:13:00,-370.372039652
2018-05-02 10:14:00,-370.372039652
2018-05-02 10:15:00,-370.372039652
2018-05-02 10:16:00,-370.372039652
2018-05-02 10:17:00,-370.372039652
2018-05-02 10:18:00,-370.372039652
2018-05-02 10:19:00,-370.372039652
2018-05-02 10:20:00,-370.372039652
2018-05-02 10:21:00,-370.372039652
2018-05-02 10:22:00,-370.372039652
2018-05-02 10:23:00,-370.372039652
2018-05-02 10:24:00,-370.372039652
2018-05-02 10:25:00,-370.372039652
2018-05-02 10:26:00,-370.372039652
2018-05-02 10:27:00,-370.372039652
2018-05-02 10:28:00,-370.372039652
2018-05-02 10:29:00,-370.372039652
2018-05-02 10:30:00,-370.372039652
2018-05-02 10:31:00,-370.372039652
2018-05-02 10:32:00,-370.372039652
2018-05-02 10:33:00,-370.372039652
2018-05-02 10:34:00,-370.372039652
2018-05-02 10:35:00,-370.372039652
2018-05-02 10:36:00,-380.031493164
2018-05-02 10:37:00,-370.372039652
2018-05-02 10:38:00,-380.031493164
2018-05-02 10:39:00,-380.031493164
2018-05-02 10:40:00,-380.031493164
2018-05-02 10:41:00,-380.031493164
2018-05-02 10:42:00,-370.372039652
2018-05-02 10:43:00,-370.372039652
2018-05-02 10:44:00,-370.372039652
2018-05-02 10:45:00,-331.734225602
2018-05-02 10:46:00,-370.372039652
2018-05-02 10:47:00,-380.031493164
2018-05-02 10:48:00,-380.031493164
2018-05-02 10:49:00,-389.690946677
2018-05-02 10:50:00,-389.690946677
2018-05-02 10:51:00,-380.031493164
2018-05-02 10:52:00,-389.690946677
2018-05-02 10:53:00,-389.690946677
2018-05-02 10:54:00,-409.009853702
2018-05-02 10:55:00,-370.372039652
2018-05-02 10:56:00,-399.350400189
2018-05-02 10:57:00,-380.031493164
2018-05-02 10:58:00,-409.009853702
2018-05-02 10:59:00,-418.669307214
2018-05-02 11:00:00,-418.669307214
2018-05-02 11:01:00,-428.328760727
2018-05-02 11:02:00,-437.988214239
2018-05-02 11:03:00,-428.328760727
2018-05-02 11:04:00,-437.988214239
2018-05-02 11:05:00,-437.988214239
2018-05-02 11:06:00,-437.988214239
2018-05-02 11:07:00,-428.328760727
2018-05-02 11:08:00,-437.988214239
2018-05-02 11:09:00,-437.988214239
2018-05-02 11:10:00,-428.328760727
2018-05-02 11:11:00,-428.328760727
2018-05-02 11:12:00,-428.328760727
2018-05-02 11:13:00,-428.328760727
2018-05-02 11:14:00,-428.328760727
2018-05-02 11:15:00,-428.328760727
2018-05-02 11:16:00,-428.328760727
2018-05-02 11:17:00,-428.328760727
2018-05-02 11:18:00,-428.328760727
2018-05-02 11:19:00,-437.988214239
2018-05-02 11:20:00,-437.988214239
2018-05-02 11:21:00,-437.988214239
2018-05-02 11:22:00,-437.988214239
2018-05-02 11:23:00,-447.647667752
2018-05-02 11:24:00,-409.009853702
2018-05-02 11:25:00,-418.669307214
2018-05-02 11:26:00,-437.988214239
2018-05-02 11:27:00,-437.988214239
2018-05-02 11:28:00,-437.988214239
2018-05-02 11:29:00,-437.988214239
2018-05-02 11:30:00,-437.988214239
2018-05-02 11:31:00,-418.669307214
2018-05-02 11:32:00,-428.328760727
2018-05-02 11:33:00,-418.669307214
2018-05-02 11:34:00,-418.669307214
2018-05-02 11:35:00,-418.669307214
2018-05-02 11:36:00,-418.669307214
2018-05-02 11:37:00,-409.009853702
2018-05-02 11:38:00,-409.009853702
2018-05-02 11:39:00,-447.647667752
2018-05-02 11:40:00,-428.328760727
2018-05-02 11:41:00,-437.988214239
2018-05-02 11:42:00,-447.647667752
2018-05-02 11:43:00,-428.328760727
2018-05-02 11:44:00,-428.328760727
2018-05-02 11:45:00,-428.328760727
2018-05-02 11:46:00,-428.328760727
2018-05-02 11:47:00,-428.328760727
2018-05-02 11:48:00,-447.647667752
2018-05-02 11:49:00,-447.647667752
2018-05-02 11:50:00,-428.328760727
2018-05-02 11:51:00,-437.988214239
2018-05-02 11:52:00,-447.647667752
2018-05-02 11:53:00,-447.647667752
2018-05-02 11:54:00,-447.647667752
2018-05-02 11:55:00,-447.647667752
2018-05-02 11:56:00,-447.647667752
2018-05-02 11:57:00,-447.647667752
2018-05-02 11:58:00,-447.647667752
2018-05-02 11:59:00,-447.647667752
2018-05-03 01:29:00,-727.771046858
2018-05-03 01:30:00,-611.857604708
2018-05-03 01:31:00,-611.857604708
2018-05-03 01:32:00,-611.857604708
2018-05-03 01:33:00,-437.987441483
2018-05-03 01:34:00,-418.668534458
2018-05-03 01:35:00,-409.009080945
2018-05-03 01:36:00,-409.009080945
2018-05-03 01:37:00,-399.349627433
2018-05-03 01:38:00,-380.030720408
2018-05-03 01:39:00,-380.030720408
2018-05-03 01:40:00,-399.349627433
2018-05-03 01:41:00,-399.349627433
2018-05-03 01:42:00,-399.349627433
2018-05-03 01:43:00,-399.349627433
2018-05-03 01:44:00,-399.349627433
2018-05-03 01:45:00,-389.69017392
2018-05-03 01:46:00,-380.030720408
2018-05-03 01:47:00,-370.371266895
2018-05-03 01:48:00,-370.371266895
2018-05-03 01:49:00,-370.371266895
2018-05-03 01:50:00,-370.371266895
2018-05-03 01:51:00,-370.371266895
2018-05-03 01:52:00,-370.371266895
2018-05-03 01:53:00,-370.371266895
2018-05-03 01:54:00,-341.392906358
2018-05-03 01:55:00,-341.392906358
2018-05-03 01:56:00,-341.392906358
2018-05-03 01:57:00,-341.392906358
2018-05-03 01:58:00,-341.392906358
2018-05-03 01:59:00,-341.392906358
2018-05-03 02:00:00,-360.711813383
2018-05-03 02:01:00,-409.009080945
2018-05-03 02:02:00,-409.009080945
2018-05-03 02:03:00,-418.668534458
2018-05-03 02:04:00,-418.668534458
2018-05-03 02:05:00,-418.668534458
2018-05-03 02:06:00,-418.668534458
2018-05-03 02:07:00,-418.668534458
2018-05-03 02:08:00,-399.349627433
2018-05-03 02:09:00,-409.009080945
2018-05-03 02:10:00,-418.668534458
2018-05-03 02:11:00,-418.668534458
2018-05-03 02:12:00,-418.668534458
2018-05-03 02:13:00,-418.668534458
2018-05-03 02:14:00,-418.668534458
2018-05-03 02:15:00,-418.668534458
2018-05-03 02:16:00,-418.668534458
2018-05-03 02:17:00,-428.32798797
2018-05-03 02:18:00,-418.668534458
2018-05-03 02:19:00,-428.32798797
2018-05-03 02:20:00,-418.668534458
2018-05-03 02:21:00,-418.668534458
2018-05-03 02:22:00,-418.668534458
2018-05-03 02:23:00,-418.668534458
2018-05-03 02:24:00,-418.668534458
2018-05-03 02:25:00,-399.349627433
2018-05-03 02:26:00,-418.668534458
2018-05-03 02:27:00,-418.668534458
2018-05-03 02:28:00,-418.668534458
2018-05-03 02:29:00,-418.668534458
2018-05-03 02:30:00,-437.987441483
2018-05-03 02:31:00,-428.32798797
2018-05-03 02:32:00,-418.668534458
2018-05-03 02:33:00,-418.668534458
2018-05-03 02:34:00,-409.009080945
2018-05-03 02:35:00,-418.668534458
2018-05-03 02:36:00,-437.987441483
2018-05-03 02:37:00,-437.987441483
2018-05-03 02:38:00,-437.987441483
2018-05-03 02:39:00,-418.668534458
2018-05-03 02:40:00,-428.32798797
2018-05-03 02:41:00,-428.32798797
2018-05-03 02:42:00,-409.009080945
2018-05-03 02:43:00,-409.009080945
2018-05-03 02:44:00,-409.009080945
2018-05-03 02:45:00,-418.668534458
2018-05-03 02:46:00,-418.668534458
2018-05-03 02:47:00,-418.668534458
2018-05-03 02:48:00,-418.668534458
2018-05-03 02:49:00,-418.668534458
2018-05-03 02:50:00,-418.668534458
2018-05-03 02:51:00,-418.668534458
2018-05-03 02:52:00,-418.668534458
2018-05-03 02:53:00,-418.668534458
2018-05-03 02:54:00,-428.32798797
2018-05-03 02:55:00,-428.32798797
2018-05-03 02:56:00,-428.32798797
2018-05-03 02:57:00,-428.32798797
2018-05-03 02:58:00,-428.32798797
2018-05-03 02:59:00,-418.668534458
2018-05-03 03:00:00,-418.668534458
2018-05-03 03:01:00,-418.668534458
2018-05-03 03:02:00,-409.009080945
2018-05-03 03:03:00,-418.668534458
2018-05-03 03:04:00,-409.009080945
2018-05-03 03:05:00,-399.349627433
2018-05-03 03:06:00,-409.009080945
2018-05-03 03:07:00,-399.349627433
2018-05-03 03:08:00,-389.69017392
2018-05-03 03:09:00,-380.030720408
2018-05-03 03:10:00,-409.009080945
2018-05-03 03:11:00,-409.009080945
2018-05-03 03:12:00,-399.349627433
2018-05-03 03:13:00,-409.009080945
2018-05-03 03:14:00,-409.009080945
2018-05-03 03:15:00,-409.009080945
2018-05-03 03:16:00,-409.009080945
2018-05-03 03:17:00,-409.009080945
2018-05-03 03:18:00,-409.009080945
2018-05-03 03:19:00,-409.009080945
2018-05-03 03:20:00,-409.009080945
2018-05-03 03:21:00,-409.009080945
2018-05-03 03:22:00,-409.009080945
2018-05-03 03:23:00,-409.009080945
2018-05-03 03:24:00,-409.009080945
2018-05-03 03:25:00,-409.009080945
2018-05-03 03:26:00,-428.32798797
2018-05-03 03:27:00,-437.987441483
2018-05-03 03:28:00,-437.987441483
2018-05-03 03:29:00,-409.009080945
2018-05-03 03:30:00,-331.733452845
2018-05-03 03:31:00,-273.77673177
2018-05-03 03:32:00,-283.436185283
2018-05-03 03:33:00,-273.77673177
2018-05-03 03:34:00,-273.77673177
2018-05-03 03:35:00,-264.117278258
2018-05-03 03:36:00,-244.798371233
2018-05-03 03:37:00,-254.457824745
2018-05-03 03:38:00,-235.13891772
2018-05-03 03:39:00,-206.160557183
2018-05-03 03:40:00,-206.160557183
2018-05-03 03:41:00,-215.820010695
2018-05-03 03:42:00,-215.820010695
2018-05-03 03:43:00,-206.160557183
2018-05-03 03:44:00,-225.479464208
2018-05-03 03:45:00,-235.13891772
2018-05-03 03:46:00,-244.798371233
2018-05-03 03:47:00,-235.13891772
2018-05-03 03:48:00,-244.798371233
2018-05-03 03:49:00,-244.798371233
2018-05-03 03:50:00,-244.798371233
2018-05-03 03:51:00,-225.479464208
2018-05-03 03:52:00,-225.479464208
2018-05-03 03:53:00,-215.820010695
2018-05-03 03:54:00,-215.820010695
2018-05-03 03:55:00,-215.820010695
2018-05-03 03:56:00,-215.820010695
2018-05-03 03:57:00,-215.820010695
2018-05-03 03:58:00,-186.841650158
2018-05-03 03:59:00,-186.841650158
2018-05-03 04:00:00,-157.86328962
2018-05-03 04:01:00,-167.522743133
2018-05-03 04:02:00,-177.182196645
2018-05-03 04:03:00,-167.522743133
2018-05-03 04:04:00,-167.522743133
2018-05-03 04:05:00,-167.522743133
2018-05-03 04:06:00,-167.522743133
2018-05-03 04:07:00,-177.182196645
2018-05-03 04:08:00,-177.182196645
2018-05-03 04:09:00,-186.841650158
2018-05-03 04:10:00,-186.841650158
2018-05-03 04:11:00,-186.841650158
2018-05-03 04:12:00,-186.841650158
2018-05-03 04:13:00,-177.182196645
2018-05-03 04:14:00,-177.182196645
2018-05-03 04:15:00,-177.182196645
2018-05-03 04:16:00,-167.522743133
2018-05-03 04:17:00,-177.182196645
2018-05-03 04:18:00,-167.522743133
2018-05-03 04:19:00,-167.522743133
2018-05-03 04:20:00,-177.182196645
2018-05-03 04:21:00,-167.522743133
2018-05-03 04:22:00,-186.841650158
2018-05-03 04:23:00,-177.182196645
2018-05-03 04:24:00,-186.841650158
2018-05-03 04:25:00,-186.841650158
2018-05-03 04:26:00,-186.841650158
2018-05-03 04:27:00,-186.841650158
2018-05-03 04:28:00,-186.841650158
2018-05-03 04:29:00,-186.841650158
2018-05-03 04:30:00,-167.522743133
2018-05-03 04:31:00,-167.522743133
2018-05-03 04:32:00,-157.86328962
2018-05-03 04:33:00,-167.522743133
2018-05-03 04:34:00,-186.841650158
2018-05-03 04:35:00,-186.841650158
2018-05-03 04:36:00,-186.841650158
2018-05-03 04:37:00,-186.841650158
2018-05-03 04:38:00,-196.50110367
2018-05-03 04:39:00,-196.50110367
2018-05-03 04:40:00,-196.50110367
2018-05-03 04:41:00,-196.50110367
2018-05-03 04:42:00,-196.50110367
2018-05-03 04:43:00,-196.50110367
2018-05-03 04:44:00,-196.50110367
2018-05-03 04:45:00,-196.50110367
2018-05-03 04:46:00,-177.182196645
2018-05-03 04:47:00,-167.522743133
2018-05-03 04:48:00,-167.522743133
2018-05-03 04:49:00,-167.522743133
2018-05-03 04:50:00,-167.522743133
2018-05-03 04:51:00,-167.522743133
2018-05-03 04:52:00,-196.50110367
2018-05-03 04:53:00,-196.50110367
2018-05-03 04:54:00,-196.50110367
2018-05-03 04:55:00,-186.841650158
2018-05-03 04:56:00,-177.182196645
2018-05-03 04:57:00,-157.86328962
2018-05-03 04:58:00,-177.182196645
2018-05-03 04:59:00,-177.182196645
2018-05-03 05:00:00,-177.182196645
2018-05-03 05:01:00,-177.182196645
2018-05-03 05:02:00,-177.182196645
2018-05-03 05:03:00,-177.182196645
2018-05-03 05:04:00,-186.841650158
2018-05-03 05:05:00,-186.841650158
2018-05-03 05:06:00,-186.841650158
2018-05-03 05:07:00,-186.841650158
2018-05-03 05:08:00,-186.841650158
2018-05-03 05:09:00,-177.182196645
2018-05-03 05:10:00,-157.86328962
2018-05-03 05:11:00,-148.203836108
2018-05-03 05:12:00,-157.86328962
2018-05-03 05:13:00,-186.841650158
2018-05-03 05:14:00,-186.841650158
2018-05-03 05:15:00,-177.182196645
2018-05-03 05:16:00,-177.182196645
2018-05-03 05:17:00,-177.182196645
2018-05-03 05:18:00,-177.182196645
2018-05-03 05:19:00,-177.182196645
2018-05-03 05:20:00,-177.182196645
2018-05-03 05:21:00,-177.182196645
2018-05-03 05:22:00,-177.182196645
2018-05-03 05:23:00,-148.203836108
2018-05-03 05:24:00,-138.544382595
2018-05-03 05:25:00,-128.884929083
2018-05-03 05:26:00,-119.22547557
2018-05-03 05:27:00,-119.22547557
2018-05-03 05:28:00,-119.22547557
2018-05-03 05:29:00,-148.203836108
2018-05-03 05:30:00,-138.544382595
2018-05-03 05:31:00,-119.22547557
2018-05-03 05:32:00,-119.22547557
2018-05-03 05:33:00,-128.884929083
2018-05-03 05:34:00,-128.884929083
2018-05-03 05:35:00,-138.544382595
2018-05-03 05:36:00,-157.86328962
2018-05-03 05:37:00,-167.522743133
2018-05-03 05:38:00,-177.182196645
2018-05-03 05:39:00,-167.522743133
2018-05-03 05:40:00,-177.182196645
2018-05-03 05:41:00,-177.182196645
2018-05-03 05:42:00,-177.182196645
2018-05-03 05:43:00,-177.182196645
2018-05-03 05:44:00,-177.182196645
2018-05-03 05:45:00,-177.182196645
2018-05-03 05:46:00,-177.182196645
2018-05-03 05:47:00,-177.182196645
2018-05-03 05:48:00,-177.182196645
2018-05-03 05:49:00,-177.182196645
2018-05-03 05:50:00,-177.182196645
2018-05-03 05:51:00,-177.182196645
2018-05-03 05:52:00,-186.841650158
2018-05-03 05:53:00,-186.841650158
2018-05-03 05:54:00,-186.841650158
2018-05-03 05:55:00,-186.841650158
2018-05-03 05:56:00,-177.182196645
2018-05-03 05:57:00,-186.841650158
2018-05-03 05:58:00,-186.841650158
2018-05-03 05:59:00,-167.522743133
2018-05-03 06:00:00,-157.86328962
2018-05-03 06:01:00,-157.86328962
2018-05-03 06:02:00,-157.86328962
2018-05-03 06:03:00,-157.86328962
2018-05-03 06:04:00,-148.203836108
2018-05-03 06:05:00,-128.884929083
2018-05-03 06:06:00,-119.22547557
2018-05-03 06:07:00,-119.22547557
2018-05-03 06:08:00,-128.884929083
2018-05-03 06:09:00,-119.22547557
2018-05-03 06:10:00,-119.22547557
2018-05-03 06:11:00,-99.9065685454
2018-05-03 06:12:00,-99.9065685454
2018-05-03 06:13:00,-99.9065685454
2018-05-03 06:14:00,-99.9065685454
2018-05-03 06:15:00,-80.5876615204
2018-05-03 06:16:00,-80.5876615204
2018-05-03 06:17:00,-80.5876615204
2018-05-03 06:18:00,-90.2471150329
2018-05-03 06:19:00,-99.9065685454
2018-05-03 06:20:00,-90.2471150329
2018-05-03 06:21:00,-90.2471150329
2018-05-03 06:22:00,-99.9065685454
2018-05-03 06:23:00,-99.9065685454
2018-05-03 06:24:00,-99.9065685454
2018-05-03 06:25:00,-99.9065685454
2018-05-03 06:26:00,-99.9065685454
2018-05-03 06:27:00,-99.9065685454
2018-05-03 06:28:00,-99.9065685454
2018-05-03 06:29:00,-99.9065685454
2018-05-03 06:30:00,-99.9065685454
2018-05-03 06:31:00,-99.9065685454
2018-05-03 06:32:00,-99.9065685454
2018-05-03 06:33:00,-99.9065685454
2018-05-03 06:34:00,-99.9065685454
2018-05-03 06:35:00,-99.9065685454
2018-05-03 06:36:00,-109.566022058
2018-05-03 06:37:00,-109.566022058
2018-05-03 06:38:00,-90.2471150329
2018-05-03 06:39:00,-99.9065685454
2018-05-03 06:40:00,-90.2471150329
2018-05-03 06:41:00,-90.2471150329
2018-05-03 06:42:00,-90.2471150329
2018-05-03 06:43:00,-90.2471150329
2018-05-03 06:44:00,-90.2471150329
2018-05-03 06:45:00,-80.5876615204
2018-05-03 06:46:00,-99.9065685454
2018-05-03 06:47:00,-90.2471150329
2018-05-03 06:48:00,-90.2471150329
2018-05-03 06:49:00,-90.2471150329
2018-05-03 06:50:00,-70.9282080079
2018-05-03 06:51:00,-70.9282080079
2018-05-03 06:52:00,-70.9282080079
2018-05-03 06:53:00,-61.2687544954
2018-05-03 06:54:00,-61.2687544954
2018-05-03 06:55:00,-70.9282080079
2018-05-03 06:56:00,-61.2687544954
2018-05-03 06:57:00,-61.2687544954
2018-05-03 06:58:00,-61.2687544954
2018-05-03 06:59:00,-90.2471150329
2018-05-03 07:00:00,-90.2471150329
2018-05-03 07:01:00,-90.2471150329
2018-05-03 07:02:00,-90.2471150329
2018-05-03 07:03:00,-80.5876615204
2018-05-03 07:04:00,-90.2471150329
2018-05-03 07:05:00,-80.5876615204
2018-05-03 07:06:00,-80.5876615204
2018-05-03 07:07:00,-80.5876615204
2018-05-03 07:08:00,-90.2471150329
2018-05-03 07:09:00,-90.2471150329
2018-05-03 07:10:00,-90.2471150329
2018-05-03 07:11:00,-90.2471150329
2018-05-03 07:12:00,-70.9282080079
2018-05-03 07:13:00,-70.9282080079
2018-05-03 07:14:00,-80.5876615204
2018-05-03 07:15:00,-80.5876615204
2018-05-03 07:16:00,-80.5876615204
2018-05-03 07:17:00,-70.9282080079
2018-05-03 07:18:00,-70.9282080079
2018-05-03 07:19:00,-99.9065685454
2018-05-03 07:20:00,-99.9065685454
2018-05-03 07:21:00,-99.9065685454
2018-05-03 07:22:00,-99.9065685454
2018-05-03 07:23:00,-99.9065685454
2018-05-03 07:24:00,-99.9065685454
2018-05-03 07:25:00,-109.566022058
2018-05-03 07:26:00,-99.9065685454
2018-05-03 07:27:00,-99.9065685454
2018-05-03 07:28:00,-90.2471150329
2018-05-03 07:29:00,-99.9065685454
2018-05-03 07:30:00,-90.2471150329
2018-05-03 07:31:00,-99.9065685454
2018-05-03 07:32:00,-99.9065685454
2018-05-03 07:33:00,-90.2471150329
2018-05-03 07:34:00,-90.2471150329
2018-05-03 07:35:00,-90.2471150329
2018-05-03 07:36:00,-109.566022058
2018-05-03 07:37:00,-80.5876615204
2018-05-03 07:38:00,-80.5876615204
2018-05-03 07:39:00,-90.2471150329
2018-05-03 07:40:00,-90.2471150329
2018-05-03 07:41:00,-90.2471150329
2018-05-03 07:42:00,-90.2471150329
2018-05-03 07:43:00,-90.2471150329
2018-05-03 07:44:00,-99.9065685454
2018-05-03 07:45:00,-90.2471150329
2018-05-03 07:46:00,-90.2471150329
2018-05-03 07:47:00,-90.2471150329
2018-05-03 07:48:00,-90.2471150329
2018-05-03 07:49:00,-90.2471150329
2018-05-03 07:50:00,-90.2471150329
2018-05-03 07:51:00,-99.9065685454
2018-05-03 07:52:00,-90.2471150329
2018-05-03 07:53:00,-80.5876615204
2018-05-03 07:54:00,-70.9282080079
2018-05-03 07:55:00,-70.9282080079
2018-05-03 07:56:00,-70.9282080079
2018-05-03 07:57:00,-70.9282080079
2018-05-03 07:58:00,-70.9282080079
2018-05-03 07:59:00,-70.9282080079
2018-05-03 08:00:00,-61.2687544954
2018-05-03 08:01:00,-61.2687544954
2018-05-03 08:02:00,-61.2687544954
2018-05-03 08:03:00,-51.6093009829
2018-05-03 08:04:00,-51.6093009829
2018-05-03 08:05:00,-51.6093009829
2018-05-03 08:06:00,-51.6093009829
2018-05-03 08:07:00,-51.6093009829
2018-05-03 08:08:00,-51.6093009829
2018-05-03 08:09:00,-51.6093009829
2018-05-03 08:10:00,-51.6093009829
2018-05-03 08:11:00,-61.2687544954
2018-05-03 08:12:00,-51.6093009829
2018-05-03 08:13:00,-61.2687544954
2018-05-03 08:14:00,-70.9282080079
2018-05-03 08:15:00,-70.9282080079
2018-05-03 08:16:00,-61.2687544954
2018-05-03 08:17:00,-61.2687544954
2018-05-03 08:18:00,-70.9282080079
2018-05-03 08:19:00,-70.9282080079
2018-05-03 08:20:00,-61.2687544954
2018-05-03 08:21:00,-61.2687544954
2018-05-03 08:22:00,-70.9282080079
2018-05-03 08:23:00,-70.9282080079
2018-05-03 08:24:00,-70.9282080079
2018-05-03 08:25:00,-70.9282080079
2018-05-03 08:26:00,-70.9282080079
2018-05-03 08:27:00,-70.9282080079
2018-05-03 08:28:00,-90.2471150329
2018-05-03 08:29:00,-90.2471150329
2018-05-03 08:30:00,-90.2471150329
2018-05-03 08:31:00,-99.9065685454
2018-05-03 08:32:00,-99.9065685454
2018-05-03 08:33:00,-90.2471150329
2018-05-03 08:34:00,-90.2471150329
2018-05-03 08:35:00,-80.5876615204
2018-05-03 08:36:00,-90.2471150329
2018-05-03 08:37:00,-80.5876615204
2018-05-03 08:38:00,-80.5876615204
2018-05-03 08:39:00,-90.2471150329
2018-05-03 08:40:00,-90.2471150329
2018-05-03 08:41:00,-90.2471150329
2018-05-03 08:42:00,-90.2471150329
2018-05-03 08:43:00,-70.9282080079
2018-05-03 08:44:00,-90.2471150329
2018-05-03 08:45:00,-90.2471150329
2018-05-03 08:46:00,-70.9282080079
2018-05-03 08:47:00,-70.9282080079
2018-05-03 08:48:00,-61.2687544954
2018-05-03 08:49:00,-61.2687544954
2018-05-03 08:50:00,-61.2687544954
2018-05-03 08:51:00,-51.6093009829
2018-05-03 08:52:00,-80.5876615204
2018-05-03 08:53:00,-70.9282080079
2018-05-03 08:54:00,-70.9282080079
2018-05-03 08:55:00,-70.9282080079
2018-05-03 08:56:00,-80.5876615204
2018-05-03 08:57:00,-80.5876615204
2018-05-03 08:58:00,-70.9282080079
2018-05-03 08:59:00,-70.9282080079
2018-05-03 09:00:00,-41.9498474704
2018-05-03 09:01:00,-41.9498474704
2018-05-03 09:02:00,-61.2687544954
2018-05-03 09:03:00,-51.6093009829
2018-05-03 09:04:00,-51.6093009829
2018-05-03 09:05:00,-41.9498474704
2018-05-03 09:06:00,-41.9498474704
2018-05-03 09:07:00,-41.9498474704
2018-05-03 09:08:00,-41.9498474704
2018-05-03 09:09:00,-51.6093009829
2018-05-03 09:10:00,-70.9282080079
2018-05-03 09:11:00,-51.6093009829
2018-05-03 09:12:00,-22.6309404454
2018-05-03 09:13:00,-32.2903939579
2018-05-03 09:14:00,-32.2903939579
2018-05-03 09:15:00,-41.9498474704
2018-05-03 09:16:00,-41.9498474704
2018-05-03 09:17:00,-41.9498474704
2018-05-03 09:18:00,-32.2903939579
2018-05-03 09:19:00,-32.2903939579
2018-05-03 09:20:00,-32.2903939579
2018-05-03 09:21:00,-32.2903939579
2018-05-03 09:22:00,-32.2903939579
2018-05-03 09:23:00,-32.2903939579
2018-05-03 09:24:00,-32.2903939579
2018-05-03 09:25:00,-32.2903939579
2018-05-03 09:26:00,-32.2903939579
2018-05-03 09:27:00,-32.2903939579
2018-05-03 09:28:00,-32.2903939579
2018-05-03 09:29:00,-22.6309404454
2018-05-03 09:30:00,-12.9714869329
2018-05-03 09:31:00,-12.9714869329
2018-05-03 09:32:00,-12.9714869329
2018-05-03 09:33:00,-12.9714869329
2018-05-03 09:34:00,-3.31203342037
2018-05-03 09:35:00,16.0068736046
2018-05-03 09:36:00,16.0068736046
2018-05-03 09:37:00,16.0068736046
2018-05-03 09:38:00,16.0068736046
2018-05-03 09:39:00,16.0068736046
2018-05-03 09:40:00,54.6446876546
2018-05-03 09:41:00,44.9852341421
2018-05-03 09:42:00,44.9852341421
2018-05-03 09:43:00,44.9852341421
2018-05-03 09:44:00,25.6663271171
2018-05-03 09:45:00,44.9852341421
2018-05-03 09:46:00,16.0068736046
2018-05-03 09:47:00,83.6230481921
2018-05-03 09:48:00,141.579769267
2018-05-03 09:49:00,160.898676292
2018-05-03 09:50:00,151.23922278
2018-05-03 09:51:00,151.23922278
2018-05-03 09:52:00,160.898676292
2018-05-03 09:53:00,180.217583317
2018-05-03 09:54:00,189.87703683
2018-05-03 09:55:00,209.195943855
2018-05-03 09:56:00,189.87703683
2018-05-03 09:57:00,180.217583317
2018-05-03 09:58:00,170.558129805
2018-05-03 09:59:00,170.558129805
2018-05-03 10:00:00,151.23922278
2018-05-03 10:01:00,160.898676292
2018-05-03 10:02:00,160.898676292
2018-05-03 10:03:00,160.898676292
2018-05-03 10:04:00,160.898676292
2018-05-03 10:05:00,151.23922278
2018-05-03 10:06:00,151.23922278
2018-05-03 10:07:00,151.23922278
2018-05-03 10:08:00,151.23922278
2018-05-03 10:09:00,180.217583317
2018-05-03 10:10:00,160.898676292
2018-05-03 10:11:00,160.898676292
2018-05-03 10:12:00,160.898676292
2018-05-03 10:13:00,160.898676292
2018-05-03 10:14:00,151.23922278
2018-05-03 10:15:00,141.579769267
2018-05-03 10:16:00,151.23922278
2018-05-03 10:17:00,151.23922278
2018-05-03 10:18:00,151.23922278
2018-05-03 10:19:00,151.23922278
2018-05-03 10:20:00,151.23922278
2018-05-03 10:21:00,151.23922278
2018-05-03 10:22:00,151.23922278
2018-05-03 10:23:00,160.898676292
2018-05-03 10:24:00,151.23922278
2018-05-03 10:25:00,151.23922278
2018-05-03 10:26:00,180.217583317
2018-05-03 10:27:00,180.217583317
2018-05-03 10:28:00,180.217583317
2018-05-03 10:29:00,180.217583317
2018-05-03 10:30:00,189.87703683
2018-05-03 10:31:00,180.217583317
2018-05-03 10:32:00,189.87703683
2018-05-03 10:33:00,199.536490342
2018-05-03 10:34:00,180.217583317
2018-05-03 10:35:00,170.558129805
2018-05-03 10:36:00,170.558129805
2018-05-03 10:37:00,199.536490342
2018-05-03 10:38:00,180.217583317
2018-05-03 10:39:00,180.217583317
2018-05-03 10:40:00,180.217583317
2018-05-03 10:41:00,170.558129805
2018-05-03 10:42:00,170.558129805
2018-05-03 10:43:00,170.558129805
2018-05-03 10:44:00,160.898676292
2018-05-03 10:45:00,160.898676292
2018-05-03 10:46:00,160.898676292
2018-05-03 10:47:00,151.23922278
2018-05-03 10:48:00,151.23922278
2018-05-03 10:49:00,151.23922278
2018-05-03 10:50:00,131.920315755
2018-05-03 10:51:00,131.920315755
2018-05-03 10:52:00,141.579769267
2018-05-03 10:53:00,131.920315755
2018-05-03 10:54:00,122.260862242
2018-05-03 10:55:00,122.260862242
2018-05-03 10:56:00,131.920315755
2018-05-03 10:57:00,131.920315755
2018-05-03 10:58:00,141.579769267
2018-05-03 10:59:00,151.23922278
2018-05-03 11:00:00,151.23922278
2018-05-03 11:01:00,170.558129805
2018-05-03 11:02:00,160.898676292
2018-05-03 11:03:00,131.920315755
2018-05-03 11:04:00,131.920315755
2018-05-03 11:05:00,131.920315755
2018-05-03 11:06:00,112.60140873
2018-05-03 11:07:00,112.60140873
2018-05-03 11:08:00,112.60140873
2018-05-03 11:09:00,112.60140873
2018-05-03 11:10:00,112.60140873
2018-05-03 11:11:00,102.941955217
2018-05-03 11:12:00,102.941955217
2018-05-03 11:13:00,102.941955217
2018-05-03 11:14:00,102.941955217
2018-05-03 11:15:00,102.941955217
2018-05-03 11:16:00,112.60140873
2018-05-03 11:17:00,141.579769267
2018-05-03 11:18:00,131.920315755
2018-05-03 11:19:00,122.260862242
2018-05-03 11:20:00,112.60140873
2018-05-03 11:21:00,112.60140873
2018-05-03 11:22:00,112.60140873
2018-05-03 11:23:00,122.260862242
2018-05-03 11:24:00,131.920315755
2018-05-03 11:25:00,131.920315755
2018-05-03 11:26:00,122.260862242
2018-05-03 11:27:00,131.920315755
2018-05-03 11:28:00,131.920315755
2018-05-03 11:29:00,131.920315755
2018-05-03 11:30:00,131.920315755
2018-05-03 11:31:00,122.260862242
2018-05-03 11:32:00,122.260862242
2018-05-03 11:33:00,131.920315755
2018-05-03 11:34:00,131.920315755
2018-05-03 11:35:00,131.920315755
2018-05-03 11:36:00,131.920315755
2018-05-03 11:37:00,131.920315755
2018-05-03 11:38:00,122.260862242
2018-05-03 11:39:00,122.260862242
2018-05-03 11:40:00,122.260862242
2018-05-03 11:41:00,112.60140873
2018-05-03 11:42:00,112.60140873
2018-05-03 11:43:00,112.60140873
2018-05-03 11:44:00,112.60140873
2018-05-03 11:45:00,112.60140873
2018-05-03 11:46:00,112.60140873
2018-05-03 11:47:00,112.60140873
2018-05-03 11:48:00,112.60140873
2018-05-03 11:49:00,122.260862242
2018-05-03 11:50:00,112.60140873
2018-05-03 11:51:00,112.60140873
2018-05-03 11:52:00,112.60140873
2018-05-03 11:53:00,112.60140873
2018-05-03 11:54:00,112.60140873
2018-05-03 11:55:00,112.60140873
2018-05-03 11:56:00,112.60140873
2018-05-03 11:57:00,112.60140873
2018-05-03 11:58:00,112.60140873
2018-05-03 11:59:00,112.60140873
2018-05-04 01:29:00,605.233537867
2018-05-04 01:30:00,605.233537867
2018-05-04 01:31:00,605.233537867
2018-05-04 01:32:00,605.233537867
2018-05-04 01:33:00,605.233537867
2018-05-04 01:34:00,334.768839517
2018-05-04 01:35:00,334.768839517
2018-05-04 01:36:00,151.23922278
2018-05-04 01:37:00,151.23922278
2018-05-04 01:38:00,151.23922278
2018-05-04 01:39:00,170.558129805
2018-05-04 01:40:00,170.558129805
2018-05-04 01:41:00,151.23922278
2018-05-04 01:42:00,151.23922278
2018-05-04 01:43:00,160.898676292
2018-05-04 01:44:00,141.579769267
2018-05-04 01:45:00,141.579769267
2018-05-04 01:46:00,141.579769267
2018-05-04 01:47:00,141.579769267
2018-05-04 01:48:00,141.579769267
2018-05-04 01:49:00,141.579769267
2018-05-04 01:50:00,141.579769267
2018-05-04 01:51:00,141.579769267
2018-05-04 01:52:00,141.579769267
2018-05-04 01:53:00,141.579769267
2018-05-04 01:54:00,141.579769267
2018-05-04 01:55:00,141.579769267
2018-05-04 01:56:00,141.579769267
2018-05-04 01:57:00,141.579769267
2018-05-04 01:58:00,141.579769267
2018-05-04 01:59:00,141.579769267
2018-05-04 02:00:00,141.579769267
2018-05-04 02:01:00,141.579769267
2018-05-04 02:02:00,160.898676292
2018-05-04 02:03:00,141.579769267
2018-05-04 02:04:00,122.260862242
2018-05-04 02:05:00,122.260862242
2018-05-04 02:06:00,141.579769267
2018-05-04 02:07:00,151.23922278
2018-05-04 02:08:00,141.579769267
2018-05-04 02:09:00,141.579769267
2018-05-04 02:10:00,141.579769267
2018-05-04 02:11:00,141.579769267
2018-05-04 02:12:00,141.579769267
2018-05-04 02:13:00,160.898676292
2018-05-04 02:14:00,160.898676292
2018-05-04 02:15:00,141.579769267
2018-05-04 02:16:00,151.23922278
2018-05-04 02:17:00,160.898676292
2018-05-04 02:18:00,160.898676292
2018-05-04 02:19:00,160.898676292
2018-05-04 02:20:00,160.898676292
2018-05-04 02:21:00,160.898676292
2018-05-04 02:22:00,170.558129805
2018-05-04 02:23:00,189.87703683
2018-05-04 02:24:00,180.217583317
2018-05-04 02:25:00,199.536490342
2018-05-04 02:26:00,199.536490342
2018-05-04 02:27:00,199.536490342
2018-05-04 02:28:00,209.195943855
2018-05-04 02:29:00,218.855397367
2018-05-04 02:30:00,218.855397367
2018-05-04 02:31:00,209.195943855
2018-05-04 02:32:00,209.195943855
2018-05-04 02:33:00,209.195943855
2018-05-04 02:34:00,199.536490342
2018-05-04 02:35:00,199.536490342
2018-05-04 02:36:00,180.217583317
2018-05-04 02:37:00,180.217583317
2018-05-04 02:38:00,160.898676292
2018-05-04 02:39:00,199.536490342
2018-05-04 02:40:00,199.536490342
2018-05-04 02:41:00,199.536490342
2018-05-04 02:42:00,199.536490342
2018-05-04 02:43:00,180.217583317
2018-05-04 02:44:00,180.217583317
2018-05-04 02:45:00,180.217583317
2018-05-04 02:46:00,189.87703683
2018-05-04 02:47:00,189.87703683
2018-05-04 02:48:00,189.87703683
2018-05-04 02:49:00,180.217583317
2018-05-04 02:50:00,180.217583317
2018-05-04 02:51:00,180.217583317
2018-05-04 02:52:00,180.217583317
2018-05-04 02:53:00,180.217583317
2018-05-04 02:54:00,180.217583317
2018-05-04 02:55:00,209.195943855
2018-05-04 02:56:00,189.87703683
2018-05-04 02:57:00,180.217583317
2018-05-04 02:58:00,180.217583317
2018-05-04 02:59:00,170.558129805
2018-05-04 03:00:00,170.558129805
2018-05-04 03:01:00,170.558129805
2018-05-04 03:02:00,170.558129805
2018-05-04 03:03:00,170.558129805
2018-05-04 03:04:00,170.558129805
2018-05-04 03:05:00,170.558129805
2018-05-04 03:06:00,170.558129805
2018-05-04 03:07:00,180.217583317
2018-05-04 03:08:00,170.558129805
2018-05-04 03:09:00,170.558129805
2018-05-04 03:10:00,170.558129805
2018-05-04 03:11:00,170.558129805
2018-05-04 03:12:00,170.558129805
2018-05-04 03:13:00,170.558129805
2018-05-04 03:14:00,170.558129805
2018-05-04 03:15:00,160.898676292
2018-05-04 03:16:00,160.898676292
2018-05-04 03:17:00,160.898676292
2018-05-04 03:18:00,160.898676292
2018-05-04 03:19:00,151.23922278
2018-05-04 03:20:00,151.23922278
2018-05-04 03:21:00,151.23922278
2018-05-04 03:22:00,151.23922278
2018-05-04 03:23:00,151.23922278
2018-05-04 03:24:00,151.23922278
2018-05-04 03:25:00,151.23922278
2018-05-04 03:26:00,151.23922278
2018-05-04 03:27:00,151.23922278
2018-05-04 03:28:00,151.23922278
2018-05-04 03:29:00,151.23922278
2018-05-04 03:30:00,151.23922278
2018-05-04 03:31:00,151.23922278
2018-05-04 03:32:00,141.579769267
2018-05-04 03:33:00,141.579769267
2018-05-04 03:34:00,141.579769267
2018-05-04 03:35:00,141.579769267
2018-05-04 03:36:00,160.898676292
2018-05-04 03:37:00,160.898676292
2018-05-04 03:38:00,160.898676292
2018-05-04 03:39:00,160.898676292
2018-05-04 03:40:00,160.898676292
2018-05-04 03:41:00,160.898676292
2018-05-04 03:42:00,160.898676292
2018-05-04 03:43:00,160.898676292
2018-05-04 03:44:00,160.898676292
2018-05-04 03:45:00,160.898676292
2018-05-04 03:46:00,160.898676292
2018-05-04 03:47:00,160.898676292
2018-05-04 03:48:00,151.23922278
2018-05-04 03:49:00,160.898676292
2018-05-04 03:50:00,160.898676292
2018-05-04 03:51:00,160.898676292
2018-05-04 03:52:00,160.898676292
2018-05-04 03:53:00,160.898676292
2018-05-04 03:54:00,160.898676292
2018-05-04 03:55:00,160.898676292
2018-05-04 03:56:00,160.898676292
2018-05-04 03:57:00,160.898676292
2018-05-04 03:58:00,160.898676292
2018-05-04 03:59:00,160.898676292
2018-05-04 04:00:00,180.217583317
2018-05-04 04:01:00,180.217583317
2018-05-04 04:02:00,180.217583317
2018-05-04 04:03:00,180.217583317
2018-05-04 04:04:00,180.217583317
2018-05-04 04:05:00,180.217583317
2018-05-04 04:06:00,189.87703683
2018-05-04 04:07:00,199.536490342
2018-05-04 04:08:00,180.217583317
2018-05-04 04:09:00,170.558129805
2018-05-04 04:10:00,180.217583317
2018-05-04 04:11:00,180.217583317
2018-05-04 04:12:00,170.558129805
2018-05-04 04:13:00,160.898676292
2018-05-04 04:14:00,160.898676292
2018-05-04 04:15:00,160.898676292
2018-05-04 04:16:00,160.898676292
2018-05-04 04:17:00,160.898676292
2018-05-04 04:18:00,160.898676292
2018-05-04 04:19:00,160.898676292
2018-05-04 04:20:00,160.898676292
2018-05-04 04:21:00,160.898676292
2018-05-04 04:22:00,160.898676292
2018-05-04 04:23:00,160.898676292
2018-05-04 04:24:00,160.898676292
2018-05-04 04:25:00,160.898676292
2018-05-04 04:26:00,160.898676292
2018-05-04 04:27:00,141.579769267
2018-05-04 04:28:00,122.260862242
2018-05-04 04:29:00,122.260862242
2018-05-04 04:30:00,122.260862242
2018-05-04 04:31:00,122.260862242
2018-05-04 04:32:00,122.260862242
2018-05-04 04:33:00,122.260862242
2018-05-04 04:34:00,122.260862242
2018-05-04 04:35:00,122.260862242
2018-05-04 04:36:00,141.579769267
2018-05-04 04:37:00,141.579769267
2018-05-04 04:38:00,141.579769267
2018-05-04 04:39:00,141.579769267
2018-05-04 04:40:00,141.579769267
2018-05-04 04:41:00,151.23922278
2018-05-04 04:42:00,141.579769267
2018-05-04 04:43:00,141.579769267
2018-05-04 04:44:00,131.920315755
2018-05-04 04:45:00,131.920315755
2018-05-04 04:46:00,131.920315755
2018-05-04 04:47:00,131.920315755
2018-05-04 04:48:00,131.920315755
2018-05-04 04:49:00,131.920315755
2018-05-04 04:50:00,131.920315755
2018-05-04 04:51:00,131.920315755
2018-05-04 04:52:00,131.920315755
2018-05-04 04:53:00,131.920315755
2018-05-04 04:54:00,131.920315755
2018-05-04 04:55:00,131.920315755
2018-05-04 04:56:00,131.920315755
2018-05-04 04:57:00,131.920315755
2018-05-04 04:58:00,131.920315755
2018-05-04 04:59:00,131.920315755
2018-05-04 05:00:00,102.941955217
2018-05-04 05:01:00,93.2825017046
2018-05-04 05:02:00,93.2825017046
2018-05-04 05:03:00,93.2825017046
2018-05-04 05:04:00,102.941955217
2018-05-04 05:05:00,102.941955217
2018-05-04 05:06:00,102.941955217
2018-05-04 05:07:00,102.941955217
2018-05-04 05:08:00,102.941955217
2018-05-04 05:09:00,102.941955217
2018-05-04 05:10:00,102.941955217
2018-05-04 05:11:00,102.941955217
2018-05-04 05:12:00,112.60140873
2018-05-04 05:13:00,102.941955217
2018-05-04 05:14:00,112.60140873
2018-05-04 05:15:00,112.60140873
2018-05-04 05:16:00,112.60140873
2018-05-04 05:17:00,112.60140873
2018-05-04 05:18:00,112.60140873
2018-05-04 05:19:00,112.60140873
2018-05-04 05:20:00,112.60140873
2018-05-04 05:21:00,112.60140873
2018-05-04 05:22:00,112.60140873
2018-05-04 05:23:00,93.2825017046
2018-05-04 05:24:00,93.2825017046
2018-05-04 05:25:00,102.941955217
2018-05-04 05:26:00,102.941955217
2018-05-04 05:27:00,102.941955217
2018-05-04 05:28:00,102.941955217
2018-05-04 05:29:00,112.60140873
2018-05-04 05:30:00,112.60140873
2018-05-04 05:31:00,112.60140873
2018-05-04 05:32:00,112.60140873
2018-05-04 05:33:00,93.2825017046
2018-05-04 05:34:00,93.2825017046
2018-05-04 05:35:00,93.2825017046
2018-05-04 05:36:00,102.941955217
2018-05-04 05:37:00,112.60140873
2018-05-04 05:38:00,102.941955217
2018-05-04 05:39:00,102.941955217
2018-05-04 05:40:00,102.941955217
2018-05-04 05:41:00,102.941955217
2018-05-04 05:42:00,102.941955217
2018-05-04 05:43:00,93.2825017046
2018-05-04 05:44:00,73.9635946796
2018-05-04 05:45:00,93.2825017046
2018-05-04 05:46:00,93.2825017046
2018-05-04 05:47:00,93.2825017046
2018-05-04 05:48:00,93.2825017046
2018-05-04 05:49:00,93.2825017046
2018-05-04 05:50:00,73.9635946796
2018-05-04 05:51:00,73.9635946796
2018-05-04 05:52:00,73.9635946796
2018-05-04 05:53:00,73.9635946796
2018-05-04 05:54:00,83.6230481921
2018-05-04 05:55:00,102.941955217
2018-05-04 05:56:00,122.260862242
2018-05-04 05:57:00,122.260862242
2018-05-04 05:58:00,122.260862242
2018-05-04 05:59:00,122.260862242
2018-05-04 06:00:00,112.60140873
2018-05-04 06:01:00,102.941955217
2018-05-04 06:02:00,102.941955217
2018-05-04 06:03:00,83.6230481921
2018-05-04 06:04:00,83.6230481921
2018-05-04 06:05:00,83.6230481921
2018-05-04 06:06:00,83.6230481921
2018-05-04 06:07:00,73.9635946796
2018-05-04 06:08:00,83.6230481921
2018-05-04 06:09:00,83.6230481921
2018-05-04 06:10:00,83.6230481921
2018-05-04 06:11:00,83.6230481921
2018-05-04 06:12:00,83.6230481921
2018-05-04 06:13:00,83.6230481921
2018-05-04 06:14:00,83.6230481921
2018-05-04 06:15:00,83.6230481921
2018-05-04 06:16:00,83.6230481921
2018-05-04 06:17:00,83.6230481921
2018-05-04 06:18:00,83.6230481921
2018-05-04 06:19:00,83.6230481921
2018-05-04 06:20:00,83.6230481921
2018-05-04 06:21:00,93.2825017046
2018-05-04 06:22:00,93.2825017046
2018-05-04 06:23:00,93.2825017046
2018-05-04 06:24:00,93.2825017046
2018-05-04 06:25:00,83.6230481921
2018-05-04 06:26:00,93.2825017046
2018-05-04 06:27:00,93.2825017046
2018-05-04 06:28:00,93.2825017046
2018-05-04 06:29:00,93.2825017046
2018-05-04 06:30:00,83.6230481921
2018-05-04 06:31:00,83.6230481921
2018-05-04 06:32:00,83.6230481921
2018-05-04 06:33:00,93.2825017046
2018-05-04 06:34:00,93.2825017046
2018-05-04 06:35:00,93.2825017046
2018-05-04 06:36:00,93.2825017046
2018-05-04 06:37:00,93.2825017046
2018-05-04 06:38:00,112.60140873
2018-05-04 06:39:00,102.941955217
2018-05-04 06:40:00,112.60140873
2018-05-04 06:41:00,93.2825017046
2018-05-04 06:42:00,93.2825017046
2018-05-04 06:43:00,93.2825017046
2018-05-04 06:44:00,93.2825017046
2018-05-04 06:45:00,83.6230481921
2018-05-04 06:46:00,83.6230481921
2018-05-04 06:47:00,83.6230481921
2018-05-04 06:48:00,83.6230481921
2018-05-04 06:49:00,83.6230481921
2018-05-04 06:50:00,83.6230481921
2018-05-04 06:51:00,93.2825017046
2018-05-04 06:52:00,83.6230481921
2018-05-04 06:53:00,83.6230481921
2018-05-04 06:54:00,83.6230481921
2018-05-04 06:55:00,83.6230481921
2018-05-04 06:56:00,83.6230481921
2018-05-04 06:57:00,93.2825017046
2018-05-04 06:58:00,83.6230481921
2018-05-04 06:59:00,93.2825017046
2018-05-04 07:00:00,83.6230481921
2018-05-04 07:01:00,83.6230481921
2018-05-04 07:02:00,83.6230481921
2018-05-04 07:03:00,83.6230481921
2018-05-04 07:04:00,83.6230481921
2018-05-04 07:05:00,102.941955217
2018-05-04 07:06:00,102.941955217
2018-05-04 07:07:00,73.9635946796
2018-05-04 07:08:00,73.9635946796
2018-05-04 07:09:00,73.9635946796
2018-05-04 07:10:00,73.9635946796
2018-05-04 07:11:00,73.9635946796
2018-05-04 07:12:00,73.9635946796
2018-05-04 07:13:00,73.9635946796
2018-05-04 07:14:00,93.2825017046
2018-05-04 07:15:00,93.2825017046
2018-05-04 07:16:00,93.2825017046
2018-05-04 07:17:00,83.6230481921
2018-05-04 07:18:00,93.2825017046
2018-05-04 07:19:00,83.6230481921
2018-05-04 07:20:00,83.6230481921
2018-05-04 07:21:00,83.6230481921
2018-05-04 07:22:00,93.2825017046
2018-05-04 07:23:00,102.941955217
2018-05-04 07:24:00,102.941955217
2018-05-04 07:25:00,83.6230481921
2018-05-04 07:26:00,73.9635946796
2018-05-04 07:27:00,83.6230481921
2018-05-04 07:28:00,93.2825017046
2018-05-04 07:29:00,83.6230481921
2018-05-04 07:30:00,83.6230481921
2018-05-04 07:31:00,93.2825017046
2018-05-04 07:32:00,93.2825017046
2018-05-04 07:33:00,102.941955217
2018-05-04 07:34:00,122.260862242
2018-05-04 07:35:00,131.920315755
2018-05-04 07:36:00,131.920315755
2018-05-04 07:37:00,160.898676292
2018-05-04 07:38:00,151.23922278
2018-05-04 07:39:00,170.558129805
2018-05-04 07:40:00,160.898676292
2018-05-04 07:41:00,151.23922278
2018-05-04 07:42:00,160.898676292
2018-05-04 07:43:00,160.898676292
2018-05-04 07:44:00,151.23922278
2018-05-04 07:45:00,160.898676292
2018-05-04 07:46:00,160.898676292
2018-05-04 07:47:00,141.579769267
2018-05-04 07:48:00,141.579769267
2018-05-04 07:49:00,151.23922278
2018-05-04 07:50:00,151.23922278
2018-05-04 07:51:00,151.23922278
2018-05-04 07:52:00,151.23922278
2018-05-04 07:53:00,151.23922278
2018-05-04 07:54:00,151.23922278
2018-05-04 07:55:00,151.23922278
2018-05-04 07:56:00,151.23922278
2018-05-04 07:57:00,112.60140873
2018-05-04 07:58:00,93.2825017046
2018-05-04 07:59:00,83.6230481921
2018-05-04 08:00:00,64.3041411671
2018-05-04 08:01:00,44.9852341421
2018-05-04 08:02:00,44.9852341421
2018-05-04 08:03:00,54.6446876546
2018-05-04 08:04:00,73.9635946796
2018-05-04 08:05:00,73.9635946796
2018-05-04 08:06:00,83.6230481921
2018-05-04 08:07:00,83.6230481921
2018-05-04 08:08:00,64.3041411671
2018-05-04 08:09:00,83.6230481921
2018-05-04 08:10:00,64.3041411671
2018-05-04 08:11:00,83.6230481921
2018-05-04 08:12:00,93.2825017046
2018-05-04 08:13:00,102.941955217
2018-05-04 08:14:00,122.260862242
2018-05-04 08:15:00,102.941955217
2018-05-04 08:16:00,112.60140873
2018-05-04 08:17:00,102.941955217
2018-05-04 08:18:00,122.260862242
2018-05-04 08:19:00,112.60140873
2018-05-04 08:20:00,122.260862242
2018-05-04 08:21:00,122.260862242
2018-05-04 08:22:00,122.260862242
2018-05-04 08:23:00,122.260862242
2018-05-04 08:24:00,122.260862242
2018-05-04 08:25:00,122.260862242
2018-05-04 08:26:00,122.260862242
2018-05-04 08:27:00,122.260862242
2018-05-04 08:28:00,131.920315755
2018-05-04 08:29:00,122.260862242
2018-05-04 08:30:00,112.60140873
2018-05-04 08:31:00,102.941955217
2018-05-04 08:32:00,102.941955217
2018-05-04 08:33:00,102.941955217
2018-05-04 08:34:00,93.2825017046
2018-05-04 08:35:00,102.941955217
2018-05-04 08:36:00,122.260862242
2018-05-04 08:37:00,122.260862242
2018-05-04 08:38:00,102.941955217
2018-05-04 08:39:00,102.941955217
2018-05-04 08:40:00,122.260862242
2018-05-04 08:41:00,122.260862242
2018-05-04 08:42:00,122.260862242
2018-05-04 08:43:00,93.2825017046
2018-05-04 08:44:00,102.941955217
2018-05-04 08:45:00,102.941955217
2018-05-04 08:46:00,102.941955217
2018-05-04 08:47:00,102.941955217
2018-05-04 08:48:00,83.6230481921
2018-05-04 08:49:00,93.2825017046
2018-05-04 08:50:00,102.941955217
2018-05-04 08:51:00,102.941955217
2018-05-04 08:52:00,102.941955217
2018-05-04 08:53:00,102.941955217
2018-05-04 08:54:00,93.2825017046
2018-05-04 08:55:00,102.941955217
2018-05-04 08:56:00,93.2825017046
2018-05-04 08:57:00,93.2825017046
2018-05-04 08:58:00,102.941955217
2018-05-04 08:59:00,102.941955217
2018-05-04 09:00:00,102.941955217
2018-05-04 09:01:00,93.2825017046
2018-05-04 09:02:00,93.2825017046
2018-05-04 09:03:00,102.941955217
2018-05-04 09:04:00,102.941955217
2018-05-04 09:05:00,102.941955217
2018-05-04 09:06:00,102.941955217
2018-05-04 09:07:00,93.2825017046
2018-05-04 09:08:00,93.2825017046
2018-05-04 09:09:00,93.2825017046
2018-05-04 09:10:00,93.2825017046
2018-05-04 09:11:00,83.6230481921
2018-05-04 09:12:00,83.6230481921
2018-05-04 09:13:00,83.6230481921
2018-05-04 09:14:00,93.2825017046
2018-05-04 09:15:00,93.2825017046
2018-05-04 09:16:00,102.941955217
2018-05-04 09:17:00,93.2825017046
2018-05-04 09:18:00,102.941955217
2018-05-04 09:19:00,102.941955217
2018-05-04 09:20:00,102.941955217
2018-05-04 09:21:00,102.941955217
2018-05-04 09:22:00,93.2825017046
2018-05-04 09:23:00,93.2825017046
2018-05-04 09:24:00,93.2825017046
2018-05-04 09:25:00,93.2825017046
2018-05-04 09:26:00,64.3041411671
2018-05-04 09:27:00,64.3041411671
2018-05-04 09:28:00,64.3041411671
2018-05-04 09:29:00,64.3041411671
2018-05-04 09:30:00,64.3041411671
2018-05-04 09:31:00,64.3041411671
2018-05-04 09:32:00,64.3041411671
2018-05-04 09:33:00,64.3041411671
2018-05-04 09:34:00,64.3041411671
2018-05-04 09:35:00,54.6446876546
2018-05-04 09:36:00,64.3041411671
2018-05-04 09:37:00,54.6446876546
2018-05-04 09:38:00,64.3041411671
2018-05-04 09:39:00,64.3041411671
2018-05-04 09:40:00,64.3041411671
2018-05-04 09:41:00,64.3041411671
2018-05-04 09:42:00,64.3041411671
2018-05-04 09:43:00,64.3041411671
2018-05-04 09:44:00,64.3041411671
2018-05-04 09:45:00,64.3041411671
2018-05-04 09:46:00,64.3041411671
2018-05-04 09:47:00,64.3041411671
2018-05-04 09:48:00,64.3041411671
2018-05-04 09:49:00,64.3041411671
2018-05-04 09:50:00,64.3041411671
2018-05-04 09:51:00,64.3041411671
2018-05-04 09:52:00,64.3041411671
2018-05-04 09:53:00,64.3041411671
2018-05-04 09:54:00,64.3041411671
2018-05-04 09:55:00,64.3041411671
2018-05-04 09:56:00,64.3041411671
2018-05-04 09:57:00,64.3041411671
2018-05-04 09:58:00,54.6446876546
2018-05-04 09:59:00,54.6446876546
2018-05-04 10:00:00,54.6446876546
2018-05-04 10:01:00,54.6446876546
2018-05-04 10:02:00,54.6446876546
2018-05-04 10:03:00,54.6446876546
2018-05-04 10:04:00,64.3041411671
2018-05-04 10:05:00,64.3041411671
2018-05-04 10:06:00,64.3041411671
2018-05-04 10:07:00,64.3041411671
2018-05-04 10:08:00,64.3041411671
2018-05-04 10:09:00,64.3041411671
2018-05-04 10:10:00,64.3041411671
2018-05-04 10:11:00,64.3041411671
2018-05-04 10:12:00,64.3041411671
2018-05-04 10:13:00,64.3041411671
2018-05-04 10:14:00,64.3041411671
2018-05-04 10:15:00,64.3041411671
2018-05-04 10:16:00,64.3041411671
2018-05-04 10:17:00,64.3041411671
2018-05-04 10:18:00,64.3041411671
2018-05-04 10:19:00,64.3041411671
2018-05-04 10:20:00,44.9852341421
2018-05-04 10:21:00,44.9852341421
2018-05-04 10:22:00,35.3257806296
2018-05-04 10:23:00,35.3257806296
2018-05-04 10:24:00,35.3257806296
2018-05-04 10:25:00,16.0068736046
2018-05-04 10:26:00,16.0068736046
2018-05-04 10:27:00,25.6663271171
2018-05-04 10:28:00,16.0068736046
2018-05-04 10:29:00,16.0068736046
2018-05-04 10:30:00,16.0068736046
2018-05-04 10:31:00,16.0068736046
2018-05-04 10:32:00,6.34742009213
2018-05-04 10:33:00,25.6663271171
2018-05-04 10:34:00,6.34742009213
2018-05-04 10:35:00,6.34742009213
2018-05-04 10:36:00,16.0068736046
2018-05-04 10:37:00,25.6663271171
2018-05-04 10:38:00,25.6663271171
2018-05-04 10:39:00,25.6663271171
2018-05-04 10:40:00,25.6663271171
2018-05-04 10:41:00,6.34742009213
2018-05-04 10:42:00,6.34742009213
2018-05-04 10:43:00,6.34742009213
2018-05-04 10:44:00,6.34742009213
2018-05-04 10:45:00,6.34742009213
2018-05-04 10:46:00,6.34742009213
2018-05-04 10:47:00,6.34742009213
2018-05-04 10:48:00,6.34742009213
2018-05-04 10:49:00,6.34742009213
2018-05-04 10:50:00,6.34742009213
2018-05-04 10:51:00,16.0068736046
2018-05-04 10:52:00,25.6663271171
2018-05-04 10:53:00,35.3257806296
2018-05-04 10:54:00,35.3257806296
2018-05-04 10:55:00,35.3257806296
2018-05-04 10:56:00,35.3257806296
2018-05-04 10:57:00,-3.31203342037
2018-05-04 10:58:00,-3.31203342037
2018-05-04 10:59:00,35.3257806296
2018-05-04 11:00:00,25.6663271171
2018-05-04 11:01:00,-3.31203342037
2018-05-04 11:02:00,-3.31203342037
2018-05-04 11:03:00,-3.31203342037
2018-05-04 11:04:00,-3.31203342037
2018-05-04 11:05:00,25.6663271171
2018-05-04 11:06:00,16.0068736046
2018-05-04 11:07:00,16.0068736046
2018-05-04 11:08:00,16.0068736046
2018-05-04 11:09:00,25.6663271171
2018-05-04 11:10:00,25.6663271171
2018-05-04 11:11:00,25.6663271171
2018-05-04 11:12:00,35.3257806296
2018-05-04 11:13:00,54.6446876546
2018-05-04 11:14:00,54.6446876546
2018-05-04 11:15:00,54.6446876546
2018-05-04 11:16:00,54.6446876546
2018-05-04 11:17:00,35.3257806296
2018-05-04 11:18:00,35.3257806296
2018-05-04 11:19:00,16.0068736046
2018-05-04 11:20:00,25.6663271171
2018-05-04 11:21:00,16.0068736046
2018-05-04 11:22:00,16.0068736046
2018-05-04 11:23:00,16.0068736046
2018-05-04 11:24:00,16.0068736046
2018-05-04 11:25:00,16.0068736046
2018-05-04 11:26:00,16.0068736046
2018-05-04 11:27:00,16.0068736046
2018-05-04 11:28:00,16.0068736046
2018-05-04 11:29:00,16.0068736046
2018-05-04 11:30:00,35.3257806296
2018-05-04 11:31:00,35.3257806296
2018-05-04 11:32:00,35.3257806296
2018-05-04 11:33:00,35.3257806296
2018-05-04 11:34:00,16.0068736046
2018-05-04 11:35:00,16.0068736046
2018-05-04 11:36:00,16.0068736046
2018-05-04 11:37:00,16.0068736046
2018-05-04 11:38:00,16.0068736046
2018-05-04 11:39:00,16.0068736046
2018-05-04 11:40:00,16.0068736046
2018-05-04 11:41:00,16.0068736046
2018-05-04 11:42:00,16.0068736046
2018-05-04 11:43:00,35.3257806296
2018-05-04 11:44:00,35.3257806296
2018-05-04 11:45:00,25.6663271171
2018-05-04 11:46:00,35.3257806296
2018-05-04 11:47:00,35.3257806296
2018-05-04 11:48:00,54.6446876546
2018-05-04 11:49:00,54.6446876546
2018-05-04 11:50:00,54.6446876546
2018-05-04 11:51:00,54.6446876546
2018-05-04 11:52:00,54.6446876546
2018-05-04 11:53:00,54.6446876546
2018-05-04 11:54:00,54.6446876546
2018-05-04 11:55:00,54.6446876546
2018-05-04 11:56:00,54.6446876546
2018-05-04 11:57:00,54.6446876546
2018-05-04 11:58:00,54.6446876546
2018-05-04 11:59:00,54.6446876546
2018-05-08 01:29:00,-78.3601978529
2018-05-08 01:30:00,-78.3601978529
2018-05-08 01:31:00,-23.3134139279
2018-05-08 01:32:00,-23.3134139279
2018-05-08 01:33:00,-23.3134139279
2018-05-08 01:34:00,0.278064897084
2018-05-08 01:35:00,-7.58576137792
2018-05-08 01:36:00,-7.58576137792
2018-05-08 01:37:00,-7.58576137792
2018-05-08 01:38:00,0.278064897084
2018-05-08 01:39:00,-23.3134139279
2018-05-08 01:40:00,-23.3134139279
2018-05-08 01:41:00,-39.0410664779
2018-05-08 01:42:00,-39.0410664779
2018-05-08 01:43:00,-39.0410664779
2018-05-08 01:44:00,-39.0410664779
2018-05-08 01:45:00,-39.0410664779
2018-05-08 01:46:00,-39.0410664779
2018-05-08 01:47:00,-31.1772402029
2018-05-08 01:48:00,-39.0410664779
2018-05-08 01:49:00,-31.1772402029
2018-05-08 01:50:00,-23.3134139279
2018-05-08 01:51:00,-23.3134139279
2018-05-08 01:52:00,-23.3134139279
2018-05-08 01:53:00,-23.3134139279
2018-05-08 01:54:00,-23.3134139279
2018-05-08 01:55:00,-39.0410664779
2018-05-08 01:56:00,-39.0410664779
2018-05-08 01:57:00,-39.0410664779
2018-05-08 01:58:00,-39.0410664779
2018-05-08 01:59:00,-39.0410664779
2018-05-08 02:00:00,-31.1772402029
2018-05-08 02:01:00,-31.1772402029
2018-05-08 02:02:00,-31.1772402029
2018-05-08 02:03:00,-23.3134139279
2018-05-08 02:04:00,-7.58576137792
2018-05-08 02:05:00,-7.58576137792
2018-05-08 02:06:00,-7.58576137792
2018-05-08 02:07:00,-7.58576137792
2018-05-08 02:08:00,-7.58576137792
2018-05-08 02:09:00,8.14189117208
2018-05-08 02:10:00,8.14189117208
2018-05-08 02:11:00,0.278064897084
2018-05-08 02:12:00,0.278064897084
2018-05-08 02:13:00,0.278064897084
2018-05-08 02:14:00,0.278064897084
2018-05-08 02:15:00,-7.58576137792
2018-05-08 02:16:00,-7.58576137792
2018-05-08 02:17:00,-7.58576137792
2018-05-08 02:18:00,-7.58576137792
2018-05-08 02:19:00,-7.58576137792
2018-05-08 02:20:00,-7.58576137792
2018-05-08 02:21:00,-7.58576137792
2018-05-08 02:22:00,-7.58576137792
2018-05-08 02:23:00,-7.58576137792
2018-05-08 02:24:00,-7.58576137792
2018-05-08 02:25:00,-7.58576137792
2018-05-08 02:26:00,-7.58576137792
2018-05-08 02:27:00,-23.3134139279
2018-05-08 02:28:00,-15.4495876529
2018-05-08 02:29:00,-15.4495876529
2018-05-08 02:30:00,-15.4495876529
2018-05-08 02:31:00,-7.58576137792
2018-05-08 02:32:00,-7.58576137792
2018-05-08 02:33:00,-7.58576137792
2018-05-08 02:34:00,-7.58576137792
2018-05-08 02:35:00,-7.58576137792
2018-05-08 02:36:00,-7.58576137792
2018-05-08 02:37:00,-7.58576137792
2018-05-08 02:38:00,-7.58576137792
2018-05-08 02:39:00,8.14189117208
2018-05-08 02:40:00,23.8695437221
2018-05-08 02:41:00,23.8695437221
2018-05-08 02:42:00,23.8695437221
2018-05-08 02:43:00,16.0057174471
2018-05-08 02:44:00,23.8695437221
2018-05-08 02:45:00,23.8695437221
2018-05-08 02:46:00,23.8695437221
2018-05-08 02:47:00,23.8695437221
2018-05-08 02:48:00,31.7333699971
2018-05-08 02:49:00,31.7333699971
2018-05-08 02:50:00,31.7333699971
2018-05-08 02:51:00,23.8695437221
2018-05-08 02:52:00,8.14189117208
2018-05-08 02:53:00,8.14189117208
2018-05-08 02:54:00,8.14189117208
2018-05-08 02:55:00,8.14189117208
2018-05-08 02:56:00,8.14189117208
2018-05-08 02:57:00,8.14189117208
2018-05-08 02:58:00,8.14189117208
2018-05-08 02:59:00,8.14189117208
2018-05-08 03:00:00,23.8695437221
2018-05-08 03:01:00,23.8695437221
2018-05-08 03:02:00,23.8695437221
2018-05-08 03:03:00,23.8695437221
2018-05-08 03:04:00,23.8695437221
2018-05-08 03:05:00,8.14189117208
2018-05-08 03:06:00,8.14189117208
2018-05-08 03:07:00,8.14189117208
2018-05-08 03:08:00,8.14189117208
2018-05-08 03:09:00,0.278064897084
2018-05-08 03:10:00,-7.58576137792
2018-05-08 03:11:00,-7.58576137792
2018-05-08 03:12:00,-7.58576137792
2018-05-08 03:13:00,-7.58576137792
2018-05-08 03:14:00,-7.58576137792
2018-05-08 03:15:00,-7.58576137792
2018-05-08 03:16:00,0.278064897084
2018-05-08 03:17:00,8.14189117208
2018-05-08 03:18:00,8.14189117208
2018-05-08 03:19:00,23.8695437221
2018-05-08 03:20:00,23.8695437221
2018-05-08 03:21:00,16.0057174471
2018-05-08 03:22:00,16.0057174471
2018-05-08 03:23:00,16.0057174471
2018-05-08 03:24:00,23.8695437221
2018-05-08 03:25:00,23.8695437221
2018-05-08 03:26:00,23.8695437221
2018-05-08 03:27:00,23.8695437221
2018-05-08 03:28:00,16.0057174471
2018-05-08 03:29:00,16.0057174471
2018-05-08 03:30:00,16.0057174471
2018-05-08 03:31:00,16.0057174471
2018-05-08 03:32:00,16.0057174471
2018-05-08 03:33:00,16.0057174471
2018-05-08 03:34:00,16.0057174471
2018-05-08 03:35:00,16.0057174471
2018-05-08 03:36:00,16.0057174471
2018-05-08 03:37:00,16.0057174471
2018-05-08 03:38:00,16.0057174471
2018-05-08 03:39:00,16.0057174471
2018-05-08 03:40:00,16.0057174471
2018-05-08 03:41:00,16.0057174471
2018-05-08 03:42:00,16.0057174471
2018-05-08 03:43:00,16.0057174471
2018-05-08 03:44:00,23.8695437221
2018-05-08 03:45:00,23.8695437221
2018-05-08 03:46:00,23.8695437221
2018-05-08 03:47:00,16.0057174471
2018-05-08 03:48:00,16.0057174471
2018-05-08 03:49:00,16.0057174471
2018-05-08 03:50:00,16.0057174471
2018-05-08 03:51:00,16.0057174471
2018-05-08 03:52:00,8.14189117208
2018-05-08 03:53:00,8.14189117208
2018-05-08 03:54:00,8.14189117208
2018-05-08 03:55:00,8.14189117208
2018-05-08 03:56:00,8.14189117208
2018-05-08 03:57:00,-7.58576137792
2018-05-08 03:58:00,-7.58576137792
2018-05-08 03:59:00,-7.58576137792
2018-05-08 04:00:00,-7.58576137792
2018-05-08 04:01:00,0.278064897084
2018-05-08 04:02:00,0.278064897084
2018-05-08 04:03:00,-7.58576137792
2018-05-08 04:04:00,0.278064897084
2018-05-08 04:05:00,-7.58576137792
2018-05-08 04:06:00,8.14189117208
2018-05-08 04:07:00,-7.58576137792
2018-05-08 04:08:00,-23.3134139279
2018-05-08 04:09:00,-23.3134139279
2018-05-08 04:10:00,-23.3134139279
2018-05-08 04:11:00,-23.3134139279
2018-05-08 04:12:00,-23.3134139279
2018-05-08 04:13:00,-23.3134139279
2018-05-08 04:14:00,-23.3134139279
2018-05-08 04:15:00,-23.3134139279
2018-05-08 04:16:00,-23.3134139279
2018-05-08 04:17:00,-23.3134139279
2018-05-08 04:18:00,-23.3134139279
2018-05-08 04:19:00,-23.3134139279
2018-05-08 04:20:00,-23.3134139279
2018-05-08 04:21:00,-23.3134139279
2018-05-08 04:22:00,-23.3134139279
2018-05-08 04:23:00,-23.3134139279
2018-05-08 04:24:00,-23.3134139279
2018-05-08 04:25:00,-23.3134139279
2018-05-08 04:26:00,-23.3134139279
2018-05-08 04:27:00,-23.3134139279
2018-05-08 04:28:00,-23.3134139279
2018-05-08 04:29:00,-23.3134139279
2018-05-08 04:30:00,-23.3134139279
2018-05-08 04:31:00,-23.3134139279
2018-05-08 04:32:00,-23.3134139279
2018-05-08 04:33:00,-39.0410664779
2018-05-08 04:34:00,-39.0410664779
2018-05-08 04:35:00,-39.0410664779
2018-05-08 04:36:00,-46.9048927529
2018-05-08 04:37:00,-46.9048927529
2018-05-08 04:38:00,-23.3134139279
2018-05-08 04:39:00,-31.1772402029
2018-05-08 04:40:00,-23.3134139279
2018-05-08 04:41:00,-31.1772402029
2018-05-08 04:42:00,-39.0410664779
2018-05-08 04:43:00,-39.0410664779
2018-05-08 04:44:00,-39.0410664779
2018-05-08 04:45:00,-39.0410664779
2018-05-08 04:46:00,-46.9048927529
2018-05-08 04:47:00,-39.0410664779
2018-05-08 04:48:00,-39.0410664779
2018-05-08 04:49:00,-46.9048927529
2018-05-08 04:50:00,-39.0410664779
2018-05-08 04:51:00,-39.0410664779
2018-05-08 04:52:00,-39.0410664779
2018-05-08 04:53:00,-39.0410664779
2018-05-08 04:54:00,-39.0410664779
2018-05-08 04:55:00,-39.0410664779
2018-05-08 04:56:00,-39.0410664779
2018-05-08 04:57:00,-39.0410664779
2018-05-08 04:58:00,-39.0410664779
2018-05-08 04:59:00,-39.0410664779
2018-05-08 05:00:00,-46.9048927529
2018-05-08 05:01:00,-54.7687190279
2018-05-08 05:02:00,-54.7687190279
2018-05-08 05:03:00,-54.7687190279
2018-05-08 05:04:00,-54.7687190279
2018-05-08 05:05:00,-54.7687190279
2018-05-08 05:06:00,-54.7687190279
2018-05-08 05:07:00,-54.7687190279
2018-05-08 05:08:00,-70.4963715779
2018-05-08 05:09:00,-70.4963715779
2018-05-08 05:10:00,-54.7687190279
2018-05-08 05:11:00,-54.7687190279
2018-05-08 05:12:00,-54.7687190279
2018-05-08 05:13:00,-54.7687190279
2018-05-08 05:14:00,-54.7687190279
2018-05-08 05:15:00,-46.9048927529
2018-05-08 05:16:00,-54.7687190279
2018-05-08 05:17:00,-46.9048927529
2018-05-08 05:18:00,-46.9048927529
2018-05-08 05:19:00,-46.9048927529
2018-05-08 05:20:00,-39.0410664779
2018-05-08 05:21:00,-39.0410664779
2018-05-08 05:22:00,-39.0410664779
2018-05-08 05:23:00,-39.0410664779
2018-05-08 05:24:00,-39.0410664779
2018-05-08 05:25:00,-39.0410664779
2018-05-08 05:26:00,-31.1772402029
2018-05-08 05:27:00,-31.1772402029
2018-05-08 05:28:00,-31.1772402029
2018-05-08 05:29:00,-31.1772402029
2018-05-08 05:30:00,-39.0410664779
2018-05-08 05:31:00,-39.0410664779
2018-05-08 05:32:00,-39.0410664779
2018-05-08 05:33:00,-31.1772402029
2018-05-08 05:34:00,-39.0410664779
2018-05-08 05:35:00,-54.7687190279
2018-05-08 05:36:00,-54.7687190279
2018-05-08 05:37:00,-54.7687190279
2018-05-08 05:38:00,-54.7687190279
2018-05-08 05:39:00,-31.1772402029
2018-05-08 05:40:00,-31.1772402029
2018-05-08 05:41:00,-31.1772402029
2018-05-08 05:42:00,-31.1772402029
2018-05-08 05:43:00,-31.1772402029
2018-05-08 05:44:00,-31.1772402029
2018-05-08 05:45:00,-31.1772402029
2018-05-08 05:46:00,-31.1772402029
2018-05-08 05:47:00,-31.1772402029
2018-05-08 05:48:00,-31.1772402029
2018-05-08 05:49:00,-31.1772402029
2018-05-08 05:50:00,-62.6325453029
2018-05-08 05:51:00,-62.6325453029
2018-05-08 05:52:00,-54.7687190279
2018-05-08 05:53:00,-46.9048927529
2018-05-08 05:54:00,-54.7687190279
2018-05-08 05:55:00,-46.9048927529
2018-05-08 05:56:00,-54.7687190279
2018-05-08 05:57:00,-39.0410664779
2018-05-08 05:58:00,-54.7687190279
2018-05-08 05:59:00,-54.7687190279
2018-05-08 06:00:00,-54.7687190279
2018-05-08 06:01:00,-54.7687190279
2018-05-08 06:02:00,-54.7687190279
2018-05-08 06:03:00,-54.7687190279
2018-05-08 06:04:00,-62.6325453029
2018-05-08 06:05:00,-54.7687190279
2018-05-08 06:06:00,-62.6325453029
2018-05-08 06:07:00,-54.7687190279
2018-05-08 06:08:00,-62.6325453029
2018-05-08 06:09:00,-54.7687190279
2018-05-08 06:10:00,-54.7687190279
2018-05-08 06:11:00,-54.7687190279
2018-05-08 06:12:00,-54.7687190279
2018-05-08 06:13:00,-54.7687190279
2018-05-08 06:14:00,-54.7687190279
2018-05-08 06:15:00,-54.7687190279
2018-05-08 06:16:00,-54.7687190279
2018-05-08 06:17:00,-70.4963715779
2018-05-08 06:18:00,-70.4963715779
2018-05-08 06:19:00,-62.6325453029
2018-05-08 06:20:00,-62.6325453029
2018-05-08 06:21:00,-62.6325453029
2018-05-08 06:22:00,-70.4963715779
2018-05-08 06:23:00,-54.7687190279
2018-05-08 06:24:00,-54.7687190279
2018-05-08 06:25:00,-54.7687190279
2018-05-08 06:26:00,-54.7687190279
2018-05-08 06:27:00,-70.4963715779
2018-05-08 06:28:00,-62.6325453029
2018-05-08 06:29:00,-70.4963715779
2018-05-08 06:30:00,-62.6325453029
2018-05-08 06:31:00,-54.7687190279
2018-05-08 06:32:00,-54.7687190279
2018-05-08 06:33:00,-70.4963715779
2018-05-08 06:34:00,-54.7687190279
2018-05-08 06:35:00,-70.4963715779
2018-05-08 06:36:00,-70.4963715779
2018-05-08 06:37:00,-70.4963715779
2018-05-08 06:38:00,-86.2240241279
2018-05-08 06:39:00,-94.0878504029
2018-05-08 06:40:00,-70.4963715779
2018-05-08 06:41:00,-70.4963715779
2018-05-08 06:42:00,-70.4963715779
2018-05-08 06:43:00,-94.0878504029
2018-05-08 06:44:00,-94.0878504029
2018-05-08 06:45:00,-86.2240241279
2018-05-08 06:46:00,-86.2240241279
2018-05-08 06:47:00,-86.2240241279
2018-05-08 06:48:00,-94.0878504029
2018-05-08 06:49:00,-86.2240241279
2018-05-08 06:50:00,-86.2240241279
2018-05-08 06:51:00,-94.0878504029
2018-05-08 06:52:00,-94.0878504029
2018-05-08 06:53:00,-86.2240241279
2018-05-08 06:54:00,-86.2240241279
2018-05-08 06:55:00,-86.2240241279
2018-05-08 06:56:00,-86.2240241279
2018-05-08 06:57:00,-86.2240241279
2018-05-08 06:58:00,-86.2240241279
2018-05-08 06:59:00,-86.2240241279
2018-05-08 07:00:00,-86.2240241279
2018-05-08 07:01:00,-86.2240241279
2018-05-08 07:02:00,-86.2240241279
2018-05-08 07:03:00,-86.2240241279
2018-05-08 07:04:00,-94.0878504029
2018-05-08 07:05:00,-94.0878504029
2018-05-08 07:06:00,-86.2240241279
2018-05-08 07:07:00,-94.0878504029
2018-05-08 07:08:00,-94.0878504029
2018-05-08 07:09:00,-94.0878504029
2018-05-08 07:10:00,-94.0878504029
2018-05-08 07:11:00,-94.0878504029
2018-05-08 07:12:00,-94.0878504029
2018-05-08 07:13:00,-94.0878504029
2018-05-08 07:14:00,-94.0878504029
2018-05-08 07:15:00,-86.2240241279
2018-05-08 07:16:00,-86.2240241279
2018-05-08 07:17:00,-86.2240241279
2018-05-08 07:18:00,-86.2240241279
2018-05-08 07:19:00,-86.2240241279
2018-05-08 07:20:00,-86.2240241279
2018-05-08 07:21:00,-86.2240241279
2018-05-08 07:22:00,-86.2240241279
2018-05-08 07:23:00,-86.2240241279
2018-05-08 07:24:00,-86.2240241279
2018-05-08 07:25:00,-86.2240241279
2018-05-08 07:26:00,-86.2240241279
2018-05-08 07:27:00,-86.2240241279
2018-05-08 07:28:00,-86.2240241279
2018-05-08 07:29:00,-94.0878504029
2018-05-08 07:30:00,-94.0878504029
2018-05-08 07:31:00,-86.2240241279
2018-05-08 07:32:00,-86.2240241279
2018-05-08 07:33:00,-86.2240241279
2018-05-08 07:34:00,-94.0878504029
2018-05-08 07:35:00,-101.951676678
2018-05-08 07:36:00,-101.951676678
2018-05-08 07:37:00,-101.951676678
2018-05-08 07:38:00,-86.2240241279
2018-05-08 07:39:00,-101.951676678
2018-05-08 07:40:00,-101.951676678
2018-05-08 07:41:00,-101.951676678
2018-05-08 07:42:00,-109.815502953
2018-05-08 07:43:00,-101.951676678
2018-05-08 07:44:00,-109.815502953
2018-05-08 07:45:00,-109.815502953
2018-05-08 07:46:00,-101.951676678
2018-05-08 07:47:00,-109.815502953
2018-05-08 07:48:00,-109.815502953
2018-05-08 07:49:00,-109.815502953
2018-05-08 07:50:00,-109.815502953
2018-05-08 07:51:00,-109.815502953
2018-05-08 07:52:00,-109.815502953
2018-05-08 07:53:00,-109.815502953
2018-05-08 07:54:00,-109.815502953
2018-05-08 07:55:00,-109.815502953
2018-05-08 07:56:00,-109.815502953
2018-05-08 07:57:00,-117.679329228
2018-05-08 07:58:00,-141.270808053
2018-05-08 07:59:00,-141.270808053
2018-05-08 08:00:00,-141.270808053
2018-05-08 08:01:00,-141.270808053
2018-05-08 08:02:00,-133.406981778
2018-05-08 08:03:00,-133.406981778
2018-05-08 08:04:00,-125.543155503
2018-05-08 08:05:00,-125.543155503
2018-05-08 08:06:00,-125.543155503
2018-05-08 08:07:00,-133.406981778
2018-05-08 08:08:00,-141.270808053
2018-05-08 08:09:00,-149.134634328
2018-05-08 08:10:00,-141.270808053
2018-05-08 08:11:00,-141.270808053
2018-05-08 08:12:00,-141.270808053
2018-05-08 08:13:00,-141.270808053
2018-05-08 08:14:00,-141.270808053
2018-05-08 08:15:00,-149.134634328
2018-05-08 08:16:00,-149.134634328
2018-05-08 08:17:00,-149.134634328
2018-05-08 08:18:00,-149.134634328
2018-05-08 08:19:00,-149.134634328
2018-05-08 08:20:00,-149.134634328
2018-05-08 08:21:00,-149.134634328
2018-05-08 08:22:00,-149.134634328
2018-05-08 08:23:00,-149.134634328
2018-05-08 08:24:00,-149.134634328
2018-05-08 08:25:00,-149.134634328
2018-05-08 08:26:00,-149.134634328
2018-05-08 08:27:00,-149.134634328
2018-05-08 08:28:00,-149.134634328
2018-05-08 08:29:00,-149.134634328
2018-05-08 08:30:00,-149.134634328
2018-05-08 08:31:00,-149.134634328
2018-05-08 08:32:00,-149.134634328
2018-05-08 08:33:00,-149.134634328
2018-05-08 08:34:00,-149.134634328
2018-05-08 08:35:00,-149.134634328
2018-05-08 08:36:00,-149.134634328
2018-05-08 08:37:00,-149.134634328
2018-05-08 08:38:00,-149.134634328
2018-05-08 08:39:00,-133.406981778
2018-05-08 08:40:00,-117.679329228
2018-05-08 08:41:00,-117.679329228
2018-05-08 08:42:00,-117.679329228
2018-05-08 08:43:00,-117.679329228
2018-05-08 08:44:00,-117.679329228
2018-05-08 08:45:00,-117.679329228
2018-05-08 08:46:00,-117.679329228
2018-05-08 08:47:00,-117.679329228
2018-05-08 08:48:00,-117.679329228
2018-05-08 08:49:00,-117.679329228
2018-05-08 08:50:00,-117.679329228
2018-05-08 08:51:00,-117.679329228
2018-05-08 08:52:00,-117.679329228
2018-05-08 08:53:00,-117.679329228
2018-05-08 08:54:00,-125.543155503
2018-05-08 08:55:00,-133.406981778
2018-05-08 08:56:00,-133.406981778
2018-05-08 08:57:00,-133.406981778
2018-05-08 08:58:00,-133.406981778
2018-05-08 08:59:00,-133.406981778
2018-05-08 09:00:00,-133.406981778
2018-05-08 09:01:00,-133.406981778
2018-05-08 09:02:00,-133.406981778
2018-05-08 09:03:00,-133.406981778
2018-05-08 09:04:00,-125.543155503
2018-05-08 09:05:00,-117.679329228
2018-05-08 09:06:00,-117.679329228
2018-05-08 09:07:00,-133.406981778
2018-05-08 09:08:00,-109.815502953
2018-05-08 09:09:00,-133.406981778
2018-05-08 09:10:00,-133.406981778
2018-05-08 09:11:00,-133.406981778
2018-05-08 09:12:00,-133.406981778
2018-05-08 09:13:00,-133.406981778
2018-05-08 09:14:00,-133.406981778
2018-05-08 09:15:00,-133.406981778
2018-05-08 09:16:00,-133.406981778
2018-05-08 09:17:00,-133.406981778
2018-05-08 09:18:00,-133.406981778
2018-05-08 09:19:00,-133.406981778
2018-05-08 09:20:00,-133.406981778
2018-05-08 09:21:00,-141.270808053
2018-05-08 09:22:00,-141.270808053
2018-05-08 09:23:00,-133.406981778
2018-05-08 09:24:00,-141.270808053
2018-05-08 09:25:00,-149.134634328
2018-05-08 09:26:00,-149.134634328
2018-05-08 09:27:00,-149.134634328
2018-05-08 09:28:00,-149.134634328
2018-05-08 09:29:00,-149.134634328
2018-05-08 09:30:00,-149.134634328
2018-05-08 09:31:00,-141.270808053
2018-05-08 09:32:00,-149.134634328
2018-05-08 09:33:00,-149.134634328
2018-05-08 09:34:00,-149.134634328
2018-05-08 09:35:00,-149.134634328
2018-05-08 09:36:00,-156.998460603
2018-05-08 09:37:00,-164.862286878
2018-05-08 09:38:00,-164.862286878
2018-05-08 09:39:00,-149.134634328
2018-05-08 09:40:00,-156.998460603
2018-05-08 09:41:00,-149.134634328
2018-05-08 09:42:00,-149.134634328
2018-05-08 09:43:00,-149.134634328
2018-05-08 09:44:00,-149.134634328
2018-05-08 09:45:00,-149.134634328
2018-05-08 09:46:00,-149.134634328
2018-05-08 09:47:00,-156.998460603
2018-05-08 09:48:00,-156.998460603
2018-05-08 09:49:00,-156.998460603
2018-05-08 09:50:00,-156.998460603
2018-05-08 09:51:00,-156.998460603
2018-05-08 09:52:00,-156.998460603
2018-05-08 09:53:00,-156.998460603
2018-05-08 09:54:00,-156.998460603
2018-05-08 09:55:00,-149.134634328
2018-05-08 09:56:00,-149.134634328
2018-05-08 09:57:00,-141.270808053
2018-05-08 09:58:00,-133.406981778
2018-05-08 09:59:00,-133.406981778
2018-05-08 10:00:00,-133.406981778
2018-05-08 10:01:00,-133.406981778
2018-05-08 10:02:00,-125.543155503
2018-05-08 10:03:00,-125.543155503
2018-05-08 10:04:00,-125.543155503
2018-05-08 10:05:00,-125.543155503
2018-05-08 10:06:00,-125.543155503
2018-05-08 10:07:00,-117.679329228
2018-05-08 10:08:00,-117.679329228
2018-05-08 10:09:00,-109.815502953
2018-05-08 10:10:00,-101.951676678
2018-05-08 10:11:00,-109.815502953
2018-05-08 10:12:00,-117.679329228
2018-05-08 10:13:00,-117.679329228
2018-05-08 10:14:00,-117.679329228
2018-05-08 10:15:00,-117.679329228
2018-05-08 10:16:00,-133.406981778
2018-05-08 10:17:00,-133.406981778
2018-05-08 10:18:00,-133.406981778
2018-05-08 10:19:00,-117.679329228
2018-05-08 10:20:00,-117.679329228
2018-05-08 10:21:00,-109.815502953
2018-05-08 10:22:00,-133.406981778
2018-05-08 10:23:00,-133.406981778
2018-05-08 10:24:00,-133.406981778
2018-05-08 10:25:00,-125.543155503
2018-05-08 10:26:00,-125.543155503
2018-05-08 10:27:00,-125.543155503
2018-05-08 10:28:00,-125.543155503
2018-05-08 10:29:00,-125.543155503
2018-05-08 10:30:00,-133.406981778
2018-05-08 10:31:00,-141.270808053
2018-05-08 10:32:00,-141.270808053
2018-05-08 10:33:00,-141.270808053
2018-05-08 10:34:00,-133.406981778
2018-05-08 10:35:00,-133.406981778
2018-05-08 10:36:00,-133.406981778
2018-05-08 10:37:00,-133.406981778
2018-05-08 10:38:00,-133.406981778
2018-05-08 10:39:00,-133.406981778
2018-05-08 10:40:00,-133.406981778
2018-05-08 10:41:00,-133.406981778
2018-05-08 10:42:00,-133.406981778
2018-05-08 10:43:00,-133.406981778
2018-05-08 10:44:00,-133.406981778
2018-05-08 10:45:00,-133.406981778
2018-05-08 10:46:00,-133.406981778
2018-05-08 10:47:00,-133.406981778
2018-05-08 10:48:00,-133.406981778
2018-05-08 10:49:00,-133.406981778
2018-05-08 10:50:00,-133.406981778
2018-05-08 10:51:00,-133.406981778
2018-05-08 10:52:00,-133.406981778
2018-05-08 10:53:00,-125.543155503
2018-05-08 10:54:00,-125.543155503
2018-05-08 10:55:00,-125.543155503
2018-05-08 10:56:00,-125.543155503
2018-05-08 10:57:00,-125.543155503
2018-05-08 10:58:00,-141.270808053
2018-05-08 10:59:00,-133.406981778
2018-05-08 11:00:00,-133.406981778
2018-05-08 11:01:00,-133.406981778
2018-05-08 11:02:00,-141.270808053
2018-05-08 11:03:00,-141.270808053
2018-05-08 11:04:00,-141.270808053
2018-05-08 11:05:00,-141.270808053
2018-05-08 11:06:00,-141.270808053
2018-05-08 11:07:00,-141.270808053
2018-05-08 11:08:00,-141.270808053
2018-05-08 11:09:00,-141.270808053
2018-05-08 11:10:00,-141.270808053
2018-05-08 11:11:00,-141.270808053
2018-05-08 11:12:00,-141.270808053
2018-05-08 11:13:00,-141.270808053
2018-05-08 11:14:00,-141.270808053
2018-05-08 11:15:00,-109.815502953
2018-05-08 11:16:00,-141.270808053
2018-05-08 11:17:00,-125.543155503
2018-05-08 11:18:00,-125.543155503
2018-05-08 11:19:00,-133.406981778
2018-05-08 11:20:00,-125.543155503
2018-05-08 11:21:00,-125.543155503
2018-05-08 11:22:00,-141.270808053
2018-05-08 11:23:00,-141.270808053
2018-05-08 11:24:00,-141.270808053
2018-05-08 11:25:00,-141.270808053
2018-05-08 11:26:00,-141.270808053
2018-05-08 11:27:00,-141.270808053
2018-05-08 11:28:00,-141.270808053
2018-05-08 11:29:00,-141.270808053
2018-05-08 11:30:00,-141.270808053
2018-05-08 11:31:00,-141.270808053
2018-05-08 11:32:00,-141.270808053
2018-05-08 11:33:00,-141.270808053
2018-05-08 11:34:00,-156.998460603
2018-05-08 11:35:00,-156.998460603
2018-05-08 11:36:00,-149.134634328
2018-05-08 11:37:00,-149.134634328
2018-05-08 11:38:00,-156.998460603
2018-05-08 11:39:00,-149.134634328
2018-05-08 11:40:00,-149.134634328
2018-05-08 11:41:00,-149.134634328
2018-05-08 11:42:00,-149.134634328
2018-05-08 11:43:00,-149.134634328
2018-05-08 11:44:00,-149.134634328
2018-05-08 11:45:00,-141.270808053
2018-05-08 11:46:00,-133.406981778
2018-05-08 11:47:00,-133.406981778
2018-05-08 11:48:00,-149.134634328
2018-05-08 11:49:00,-149.134634328
2018-05-08 11:50:00,-141.270808053
2018-05-08 11:51:00,-141.270808053
2018-05-08 11:52:00,-141.270808053
2018-05-08 11:53:00,-141.270808053
2018-05-08 11:54:00,-141.270808053
2018-05-08 11:55:00,-149.134634328
2018-05-08 11:56:00,-141.270808053
2018-05-08 11:57:00,-141.270808053
2018-05-08 11:58:00,-149.134634328
2018-05-08 11:59:00,-149.134634328
2018-05-09 01:29:00,-259.228831284
2018-05-09 01:30:00,-259.228831284
2018-05-09 01:31:00,-156.999089709
2018-05-09 01:32:00,-156.999089709
2018-05-09 01:33:00,-156.999089709
2018-05-09 01:34:00,-196.318221084
2018-05-09 01:35:00,-204.182047359
2018-05-09 01:36:00,-204.182047359
2018-05-09 01:37:00,-196.318221084
2018-05-09 01:38:00,-196.318221084
2018-05-09 01:39:00,-196.318221084
2018-05-09 01:40:00,-180.590568534
2018-05-09 01:41:00,-180.590568534
2018-05-09 01:42:00,-180.590568534
2018-05-09 01:43:00,-180.590568534
2018-05-09 01:44:00,-172.726742259
2018-05-09 01:45:00,-180.590568534
2018-05-09 01:46:00,-180.590568534
2018-05-09 01:47:00,-188.454394809
2018-05-09 01:48:00,-188.454394809
2018-05-09 01:49:00,-188.454394809
2018-05-09 01:50:00,-188.454394809
2018-05-09 01:51:00,-188.454394809
2018-05-09 01:52:00,-188.454394809
2018-05-09 01:53:00,-188.454394809
2018-05-09 01:54:00,-188.454394809
2018-05-09 01:55:00,-188.454394809
2018-05-09 01:56:00,-188.454394809
2018-05-09 01:57:00,-188.454394809
2018-05-09 01:58:00,-188.454394809
2018-05-09 01:59:00,-196.318221084
2018-05-09 02:00:00,-188.454394809
2018-05-09 02:01:00,-180.590568534
2018-05-09 02:02:00,-180.590568534
2018-05-09 02:03:00,-188.454394809
2018-05-09 02:04:00,-196.318221084
2018-05-09 02:05:00,-204.182047359
2018-05-09 02:06:00,-204.182047359
2018-05-09 02:07:00,-204.182047359
2018-05-09 02:08:00,-204.182047359
2018-05-09 02:09:00,-204.182047359
2018-05-09 02:10:00,-219.909699909
2018-05-09 02:11:00,-212.045873634
2018-05-09 02:12:00,-212.045873634
2018-05-09 02:13:00,-227.773526184
2018-05-09 02:14:00,-227.773526184
2018-05-09 02:15:00,-227.773526184
2018-05-09 02:16:00,-235.637352459
2018-05-09 02:17:00,-227.773526184
2018-05-09 02:18:00,-227.773526184
2018-05-09 02:19:00,-227.773526184
2018-05-09 02:20:00,-227.773526184
2018-05-09 02:21:00,-227.773526184
2018-05-09 02:22:00,-227.773526184
2018-05-09 02:23:00,-219.909699909
2018-05-09 02:24:00,-219.909699909
2018-05-09 02:25:00,-219.909699909
2018-05-09 02:26:00,-227.773526184
2018-05-09 02:27:00,-227.773526184
2018-05-09 02:28:00,-219.909699909
2018-05-09 02:29:00,-227.773526184
2018-05-09 02:30:00,-227.773526184
2018-05-09 02:31:00,-235.637352459
2018-05-09 02:32:00,-235.637352459
2018-05-09 02:33:00,-235.637352459
2018-05-09 02:34:00,-235.637352459
2018-05-09 02:35:00,-235.637352459
2018-05-09 02:36:00,-243.501178734
2018-05-09 02:37:00,-243.501178734
2018-05-09 02:38:00,-235.637352459
2018-05-09 02:39:00,-235.637352459
2018-05-09 02:40:00,-235.637352459
2018-05-09 02:41:00,-235.637352459
2018-05-09 02:42:00,-235.637352459
2018-05-09 02:43:00,-235.637352459
2018-05-09 02:44:00,-235.637352459
2018-05-09 02:45:00,-235.637352459
2018-05-09 02:46:00,-235.637352459
2018-05-09 02:47:00,-235.637352459
2018-05-09 02:48:00,-235.637352459
2018-05-09 02:49:00,-235.637352459
2018-05-09 02:50:00,-235.637352459
2018-05-09 02:51:00,-235.637352459
2018-05-09 02:52:00,-235.637352459
2018-05-09 02:53:00,-235.637352459
2018-05-09 02:54:00,-235.637352459
2018-05-09 02:55:00,-235.637352459
2018-05-09 02:56:00,-235.637352459
2018-05-09 02:57:00,-227.773526184
2018-05-09 02:58:00,-243.501178734
2018-05-09 02:59:00,-251.365005009
2018-05-09 03:00:00,-259.228831284
2018-05-09 03:01:00,-259.228831284
2018-05-09 03:02:00,-243.501178734
2018-05-09 03:03:00,-235.637352459
2018-05-09 03:04:00,-235.637352459
2018-05-09 03:05:00,-235.637352459
2018-05-09 03:06:00,-235.637352459
2018-05-09 03:07:00,-235.637352459
2018-05-09 03:08:00,-235.637352459
2018-05-09 03:09:00,-235.637352459
2018-05-09 03:10:00,-235.637352459
2018-05-09 03:11:00,-235.637352459
2018-05-09 03:12:00,-235.637352459
2018-05-09 03:13:00,-235.637352459
2018-05-09 03:14:00,-235.637352459
2018-05-09 03:15:00,-235.637352459
2018-05-09 03:16:00,-219.909699909
2018-05-09 03:17:00,-227.773526184
2018-05-09 03:18:00,-243.501178734
2018-05-09 03:19:00,-243.501178734
2018-05-09 03:20:00,-243.501178734
2018-05-09 03:21:00,-243.501178734
2018-05-09 03:22:00,-243.501178734
2018-05-09 03:23:00,-251.365005009
2018-05-09 03:24:00,-251.365005009
2018-05-09 03:25:00,-251.365005009
2018-05-09 03:26:00,-251.365005009
2018-05-09 03:27:00,-251.365005009
2018-05-09 03:28:00,-259.228831284
2018-05-09 03:29:00,-259.228831284
2018-05-09 03:30:00,-259.228831284
2018-05-09 03:31:00,-259.228831284
2018-05-09 03:32:00,-259.228831284
2018-05-09 03:33:00,-259.228831284
2018-05-09 03:34:00,-259.228831284
2018-05-09 03:35:00,-259.228831284
2018-05-09 03:36:00,-259.228831284
2018-05-09 03:37:00,-259.228831284
2018-05-09 03:38:00,-259.228831284
2018-05-09 03:39:00,-259.228831284
2018-05-09 03:40:00,-251.365005009
2018-05-09 03:41:00,-251.365005009
2018-05-09 03:42:00,-251.365005009
2018-05-09 03:43:00,-251.365005009
2018-05-09 03:44:00,-251.365005009
2018-05-09 03:45:00,-251.365005009
2018-05-09 03:46:00,-251.365005009
2018-05-09 03:47:00,-259.228831284
2018-05-09 03:48:00,-259.228831284
2018-05-09 03:49:00,-259.228831284
2018-05-09 03:50:00,-259.228831284
2018-05-09 03:51:00,-274.956483834
2018-05-09 03:52:00,-274.956483834
2018-05-09 03:53:00,-274.956483834
2018-05-09 03:54:00,-290.684136384
2018-05-09 03:55:00,-290.684136384
2018-05-09 03:56:00,-282.820310109
2018-05-09 03:57:00,-290.684136384
2018-05-09 03:58:00,-290.684136384
2018-05-09 03:59:00,-290.684136384
2018-05-09 04:00:00,-290.684136384
2018-05-09 04:01:00,-274.956483834
2018-05-09 04:02:00,-274.956483834
2018-05-09 04:03:00,-274.956483834
2018-05-09 04:04:00,-274.956483834
2018-05-09 04:05:00,-274.956483834
2018-05-09 04:06:00,-274.956483834
2018-05-09 04:07:00,-274.956483834
2018-05-09 04:08:00,-282.820310109
2018-05-09 04:09:00,-282.820310109
2018-05-09 04:10:00,-282.820310109
2018-05-09 04:11:00,-282.820310109
2018-05-09 04:12:00,-282.820310109
2018-05-09 04:13:00,-282.820310109
2018-05-09 04:14:00,-290.684136384
2018-05-09 04:15:00,-290.684136384
2018-05-09 04:16:00,-282.820310109
2018-05-09 04:17:00,-282.820310109
2018-05-09 04:18:00,-282.820310109
2018-05-09 04:19:00,-282.820310109
2018-05-09 04:20:00,-282.820310109
2018-05-09 04:21:00,-282.820310109
2018-05-09 04:22:00,-282.820310109
2018-05-09 04:23:00,-290.684136384
2018-05-09 04:24:00,-290.684136384
2018-05-09 04:25:00,-290.684136384
2018-05-09 04:26:00,-290.684136384
2018-05-09 04:27:00,-290.684136384
2018-05-09 04:28:00,-290.684136384
2018-05-09 04:29:00,-290.684136384
2018-05-09 04:30:00,-274.956483834
2018-05-09 04:31:00,-274.956483834
2018-05-09 04:32:00,-274.956483834
2018-05-09 04:33:00,-274.956483834
2018-05-09 04:34:00,-290.684136384
2018-05-09 04:35:00,-282.820310109
2018-05-09 04:36:00,-290.684136384
2018-05-09 04:37:00,-290.684136384
2018-05-09 04:38:00,-290.684136384
2018-05-09 04:39:00,-290.684136384
2018-05-09 04:40:00,-282.820310109
2018-05-09 04:41:00,-282.820310109
2018-05-09 04:42:00,-282.820310109
2018-05-09 04:43:00,-282.820310109
2018-05-09 04:44:00,-282.820310109
2018-05-09 04:45:00,-282.820310109
2018-05-09 04:46:00,-282.820310109
2018-05-09 04:47:00,-282.820310109
2018-05-09 04:48:00,-282.820310109
2018-05-09 04:49:00,-282.820310109
2018-05-09 04:50:00,-298.547962659
2018-05-09 04:51:00,-298.547962659
2018-05-09 04:52:00,-306.411788934
2018-05-09 04:53:00,-306.411788934
2018-05-09 04:54:00,-298.547962659
2018-05-09 04:55:00,-306.411788934
2018-05-09 04:56:00,-306.411788934
2018-05-09 04:57:00,-314.275615209
2018-05-09 04:58:00,-314.275615209
2018-05-09 04:59:00,-306.411788934
2018-05-09 05:00:00,-282.820310109
2018-05-09 05:01:00,-282.820310109
2018-05-09 05:02:00,-282.820310109
2018-05-09 05:03:00,-282.820310109
2018-05-09 05:04:00,-290.684136384
2018-05-09 05:05:00,-290.684136384
2018-05-09 05:06:00,-290.684136384
2018-05-09 05:07:00,-290.684136384
2018-05-09 05:08:00,-290.684136384
2018-05-09 05:09:00,-282.820310109
2018-05-09 05:10:00,-282.820310109
2018-05-09 05:11:00,-282.820310109
2018-05-09 05:12:00,-282.820310109
2018-05-09 05:13:00,-282.820310109
2018-05-09 05:14:00,-282.820310109
2018-05-09 05:15:00,-282.820310109
2018-05-09 05:16:00,-282.820310109
2018-05-09 05:17:00,-282.820310109
2018-05-09 05:18:00,-282.820310109
2018-05-09 05:19:00,-282.820310109
2018-05-09 05:20:00,-282.820310109
2018-05-09 05:21:00,-282.820310109
2018-05-09 05:22:00,-282.820310109
2018-05-09 05:23:00,-274.956483834
2018-05-09 05:24:00,-274.956483834
2018-05-09 05:25:00,-274.956483834
2018-05-09 05:26:00,-267.092657559
2018-05-09 05:27:00,-274.956483834
2018-05-09 05:28:00,-274.956483834
2018-05-09 05:29:00,-267.092657559
2018-05-09 05:30:00,-267.092657559
2018-05-09 05:31:00,-267.092657559
2018-05-09 05:32:00,-259.228831284
2018-05-09 05:33:00,-267.092657559
2018-05-09 05:34:00,-267.092657559
2018-05-09 05:35:00,-267.092657559
2018-05-09 05:36:00,-267.092657559
2018-05-09 05:37:00,-267.092657559
2018-05-09 05:38:00,-267.092657559
2018-05-09 05:39:00,-259.228831284
2018-05-09 05:40:00,-267.092657559
2018-05-09 05:41:00,-259.228831284
2018-05-09 05:42:00,-274.956483834
2018-05-09 05:43:00,-274.956483834
2018-05-09 05:44:00,-274.956483834
2018-05-09 05:45:00,-274.956483834
2018-05-09 05:46:00,-274.956483834
2018-05-09 05:47:00,-274.956483834
2018-05-09 05:48:00,-274.956483834
2018-05-09 05:49:00,-274.956483834
2018-05-09 05:50:00,-259.228831284
2018-05-09 05:51:00,-259.228831284
2018-05-09 05:52:00,-259.228831284
2018-05-09 05:53:00,-259.228831284
2018-05-09 05:54:00,-259.228831284
2018-05-09 05:55:00,-267.092657559
2018-05-09 05:56:00,-259.228831284
2018-05-09 05:57:00,-274.956483834
2018-05-09 05:58:00,-267.092657559
2018-05-09 05:59:00,-267.092657559
2018-05-09 06:00:00,-267.092657559
2018-05-09 06:01:00,-282.820310109
2018-05-09 06:02:00,-290.684136384
2018-05-09 06:03:00,-290.684136384
2018-05-09 06:04:00,-290.684136384
2018-05-09 06:05:00,-290.684136384
2018-05-09 06:06:00,-306.411788934
2018-05-09 06:07:00,-306.411788934
2018-05-09 06:08:00,-314.275615209
2018-05-09 06:09:00,-298.547962659
2018-05-09 06:10:00,-298.547962659
2018-05-09 06:11:00,-298.547962659
2018-05-09 06:12:00,-298.547962659
2018-05-09 06:13:00,-298.547962659
2018-05-09 06:14:00,-298.547962659
2018-05-09 06:15:00,-298.547962659
2018-05-09 06:16:00,-290.684136384
2018-05-09 06:17:00,-274.956483834
2018-05-09 06:18:00,-282.820310109
2018-05-09 06:19:00,-274.956483834
2018-05-09 06:20:00,-274.956483834
2018-05-09 06:21:00,-274.956483834
2018-05-09 06:22:00,-267.092657559
2018-05-09 06:23:00,-267.092657559
2018-05-09 06:24:00,-267.092657559
2018-05-09 06:25:00,-267.092657559
2018-05-09 06:26:00,-267.092657559
2018-05-09 06:27:00,-267.092657559
2018-05-09 06:28:00,-267.092657559
2018-05-09 06:29:00,-267.092657559
2018-05-09 06:30:00,-267.092657559
2018-05-09 06:31:00,-267.092657559
2018-05-09 06:32:00,-267.092657559
2018-05-09 06:33:00,-267.092657559
2018-05-09 06:34:00,-267.092657559
2018-05-09 06:35:00,-267.092657559
2018-05-09 06:36:00,-267.092657559
2018-05-09 06:37:00,-282.820310109
2018-05-09 06:38:00,-267.092657559
2018-05-09 06:39:00,-267.092657559
2018-05-09 06:40:00,-274.956483834
2018-05-09 06:41:00,-274.956483834
2018-05-09 06:42:00,-274.956483834
2018-05-09 06:43:00,-274.956483834
2018-05-09 06:44:00,-274.956483834
2018-05-09 06:45:00,-282.820310109
2018-05-09 06:46:00,-282.820310109
2018-05-09 06:47:00,-282.820310109
2018-05-09 06:48:00,-282.820310109
2018-05-09 06:49:00,-282.820310109
2018-05-09 06:50:00,-290.684136384
2018-05-09 06:51:00,-290.684136384
2018-05-09 06:52:00,-282.820310109
2018-05-09 06:53:00,-282.820310109
2018-05-09 06:54:00,-282.820310109
2018-05-09 06:55:00,-282.820310109
2018-05-09 06:56:00,-274.956483834
2018-05-09 06:57:00,-298.547962659
2018-05-09 06:58:00,-298.547962659
2018-05-09 06:59:00,-298.547962659
2018-05-09 07:00:00,-298.547962659
2018-05-09 07:01:00,-298.547962659
2018-05-09 07:02:00,-298.547962659
2018-05-09 07:03:00,-290.684136384
2018-05-09 07:04:00,-290.684136384
2018-05-09 07:05:00,-274.956483834
2018-05-09 07:06:00,-274.956483834
2018-05-09 07:07:00,-274.956483834
2018-05-09 07:08:00,-274.956483834
2018-05-09 07:09:00,-274.956483834
2018-05-09 07:10:00,-274.956483834
2018-05-09 07:11:00,-274.956483834
2018-05-09 07:12:00,-274.956483834
2018-05-09 07:13:00,-274.956483834
2018-05-09 07:14:00,-274.956483834
2018-05-09 07:15:00,-274.956483834
2018-05-09 07:16:00,-274.956483834
2018-05-09 07:17:00,-274.956483834
2018-05-09 07:18:00,-274.956483834
2018-05-09 07:19:00,-274.956483834
2018-05-09 07:20:00,-282.820310109
2018-05-09 07:21:00,-282.820310109
2018-05-09 07:22:00,-282.820310109
2018-05-09 07:23:00,-274.956483834
2018-05-09 07:24:00,-274.956483834
2018-05-09 07:25:00,-290.684136384
2018-05-09 07:26:00,-282.820310109
2018-05-09 07:27:00,-282.820310109
2018-05-09 07:28:00,-282.820310109
2018-05-09 07:29:00,-282.820310109
2018-05-09 07:30:00,-274.956483834
2018-05-09 07:31:00,-274.956483834
2018-05-09 07:32:00,-274.956483834
2018-05-09 07:33:00,-274.956483834
2018-05-09 07:34:00,-282.820310109
2018-05-09 07:35:00,-274.956483834
2018-05-09 07:36:00,-282.820310109
2018-05-09 07:37:00,-282.820310109
2018-05-09 07:38:00,-282.820310109
2018-05-09 07:39:00,-282.820310109
2018-05-09 07:40:00,-282.820310109
2018-05-09 07:41:00,-282.820310109
2018-05-09 07:42:00,-282.820310109
2018-05-09 07:43:00,-282.820310109
2018-05-09 07:44:00,-282.820310109
2018-05-09 07:45:00,-282.820310109
2018-05-09 07:46:00,-290.684136384
2018-05-09 07:47:00,-290.684136384
2018-05-09 07:48:00,-282.820310109
2018-05-09 07:49:00,-290.684136384
2018-05-09 07:50:00,-290.684136384
2018-05-09 07:51:00,-290.684136384
2018-05-09 07:52:00,-290.684136384
2018-05-09 07:53:00,-290.684136384
2018-05-09 07:54:00,-282.820310109
2018-05-09 07:55:00,-282.820310109
2018-05-09 07:56:00,-298.547962659
2018-05-09 07:57:00,-298.547962659
2018-05-09 07:58:00,-298.547962659
2018-05-09 07:59:00,-298.547962659
2018-05-09 08:00:00,-298.547962659
2018-05-09 08:01:00,-282.820310109
2018-05-09 08:02:00,-282.820310109
2018-05-09 08:03:00,-282.820310109
2018-05-09 08:04:00,-282.820310109
2018-05-09 08:05:00,-282.820310109
2018-05-09 08:06:00,-282.820310109
2018-05-09 08:07:00,-282.820310109
2018-05-09 08:08:00,-282.820310109
2018-05-09 08:09:00,-282.820310109
2018-05-09 08:10:00,-282.820310109
2018-05-09 08:11:00,-282.820310109
2018-05-09 08:12:00,-282.820310109
2018-05-09 08:13:00,-282.820310109
2018-05-09 08:14:00,-282.820310109
2018-05-09 08:15:00,-290.684136384
2018-05-09 08:16:00,-290.684136384
2018-05-09 08:17:00,-290.684136384
2018-05-09 08:18:00,-282.820310109
2018-05-09 08:19:00,-267.092657559
2018-05-09 08:20:00,-274.956483834
2018-05-09 08:21:00,-274.956483834
2018-05-09 08:22:00,-267.092657559
2018-05-09 08:23:00,-259.228831284
2018-05-09 08:24:00,-267.092657559
2018-05-09 08:25:00,-267.092657559
2018-05-09 08:26:00,-267.092657559
2018-05-09 08:27:00,-267.092657559
2018-05-09 08:28:00,-267.092657559
2018-05-09 08:29:00,-267.092657559
2018-05-09 08:30:00,-267.092657559
2018-05-09 08:31:00,-267.092657559
2018-05-09 08:32:00,-267.092657559
2018-05-09 08:33:00,-267.092657559
2018-05-09 08:34:00,-267.092657559
2018-05-09 08:35:00,-267.092657559
2018-05-09 08:36:00,-267.092657559
2018-05-09 08:37:00,-267.092657559
2018-05-09 08:38:00,-267.092657559
2018-05-09 08:39:00,-267.092657559
2018-05-09 08:40:00,-251.365005009
2018-05-09 08:41:00,-251.365005009
2018-05-09 08:42:00,-251.365005009
2018-05-09 08:43:00,-259.228831284
2018-05-09 08:44:00,-267.092657559
2018-05-09 08:45:00,-267.092657559
2018-05-09 08:46:00,-267.092657559
2018-05-09 08:47:00,-267.092657559
2018-05-09 08:48:00,-274.956483834
2018-05-09 08:49:00,-274.956483834
2018-05-09 08:50:00,-274.956483834
2018-05-09 08:51:00,-274.956483834
2018-05-09 08:52:00,-274.956483834
2018-05-09 08:53:00,-274.956483834
2018-05-09 08:54:00,-274.956483834
2018-05-09 08:55:00,-274.956483834
2018-05-09 08:56:00,-267.092657559
2018-05-09 08:57:00,-267.092657559
2018-05-09 08:58:00,-267.092657559
2018-05-09 08:59:00,-267.092657559
2018-05-09 09:00:00,-267.092657559
2018-05-09 09:01:00,-267.092657559
2018-05-09 09:02:00,-267.092657559
2018-05-09 09:03:00,-274.956483834
2018-05-09 09:04:00,-274.956483834
2018-05-09 09:05:00,-274.956483834
2018-05-09 09:06:00,-274.956483834
2018-05-09 09:07:00,-274.956483834
2018-05-09 09:08:00,-267.092657559
2018-05-09 09:09:00,-267.092657559
2018-05-09 09:10:00,-267.092657559
2018-05-09 09:11:00,-267.092657559
2018-05-09 09:12:00,-267.092657559
2018-05-09 09:13:00,-267.092657559
2018-05-09 09:14:00,-219.909699909
2018-05-09 09:15:00,-227.773526184
2018-05-09 09:16:00,-219.909699909
2018-05-09 09:17:00,-227.773526184
2018-05-09 09:18:00,-219.909699909
2018-05-09 09:19:00,-219.909699909
2018-05-09 09:20:00,-227.773526184
2018-05-09 09:21:00,-227.773526184
2018-05-09 09:22:00,-227.773526184
2018-05-09 09:23:00,-227.773526184
2018-05-09 09:24:00,-227.773526184
2018-05-09 09:25:00,-219.909699909
2018-05-09 09:26:00,-219.909699909
2018-05-09 09:27:00,-219.909699909
2018-05-09 09:28:00,-219.909699909
2018-05-09 09:29:00,-212.045873634
2018-05-09 09:30:00,-219.909699909
2018-05-09 09:31:00,-219.909699909
2018-05-09 09:32:00,-219.909699909
2018-05-09 09:33:00,-219.909699909
2018-05-09 09:34:00,-219.909699909
2018-05-09 09:35:00,-219.909699909
2018-05-09 09:36:00,-219.909699909
2018-05-09 09:37:00,-219.909699909
2018-05-09 09:38:00,-219.909699909
2018-05-09 09:39:00,-219.909699909
2018-05-09 09:40:00,-219.909699909
2018-05-09 09:41:00,-227.773526184
2018-05-09 09:42:00,-227.773526184
2018-05-09 09:43:00,-227.773526184
2018-05-09 09:44:00,-227.773526184
2018-05-09 09:45:00,-219.909699909
2018-05-09 09:46:00,-227.773526184
2018-05-09 09:47:00,-227.773526184
2018-05-09 09:48:00,-243.501178734
2018-05-09 09:49:00,-290.684136384
2018-05-09 09:50:00,-290.684136384
2018-05-09 09:51:00,-290.684136384
2018-05-09 09:52:00,-290.684136384
2018-05-09 09:53:00,-290.684136384
2018-05-09 09:54:00,-290.684136384
2018-05-09 09:55:00,-290.684136384
2018-05-09 09:56:00,-290.684136384
2018-05-09 09:57:00,-290.684136384
2018-05-09 09:58:00,-290.684136384
2018-05-09 09:59:00,-290.684136384
2018-05-09 10:00:00,-290.684136384
2018-05-09 10:01:00,-282.820310109
2018-05-09 10:02:00,-282.820310109
2018-05-09 10:03:00,-290.684136384
2018-05-09 10:04:00,-290.684136384
2018-05-09 10:05:00,-290.684136384
2018-05-09 10:06:00,-290.684136384
2018-05-09 10:07:00,-290.684136384
2018-05-09 10:08:00,-290.684136384
2018-05-09 10:09:00,-290.684136384
2018-05-09 10:10:00,-290.684136384
2018-05-09 10:11:00,-290.684136384
2018-05-09 10:12:00,-290.684136384
2018-05-09 10:13:00,-290.684136384
2018-05-09 10:14:00,-298.547962659
2018-05-09 10:15:00,-298.547962659
2018-05-09 10:16:00,-298.547962659
2018-05-09 10:17:00,-306.411788934
2018-05-09 10:18:00,-298.547962659
2018-05-09 10:19:00,-298.547962659
2018-05-09 10:20:00,-298.547962659
2018-05-09 10:21:00,-298.547962659
2018-05-09 10:22:00,-298.547962659
2018-05-09 10:23:00,-298.547962659
2018-05-09 10:24:00,-298.547962659
2018-05-09 10:25:00,-298.547962659
2018-05-09 10:26:00,-290.684136384
2018-05-09 10:27:00,-290.684136384
2018-05-09 10:28:00,-298.547962659
2018-05-09 10:29:00,-290.684136384
2018-05-09 10:30:00,-290.684136384
2018-05-09 10:31:00,-282.820310109
2018-05-09 10:32:00,-282.820310109
2018-05-09 10:33:00,-290.684136384
2018-05-09 10:34:00,-282.820310109
2018-05-09 10:35:00,-282.820310109
2018-05-09 10:36:00,-282.820310109
2018-05-09 10:37:00,-282.820310109
2018-05-09 10:38:00,-290.684136384
2018-05-09 10:39:00,-282.820310109
2018-05-09 10:40:00,-290.684136384
2018-05-09 10:41:00,-290.684136384
2018-05-09 10:42:00,-282.820310109
2018-05-09 10:43:00,-298.547962659
2018-05-09 10:44:00,-282.820310109
2018-05-09 10:45:00,-290.684136384
2018-05-09 10:46:00,-290.684136384
2018-05-09 10:47:00,-290.684136384
2018-05-09 10:48:00,-290.684136384
2018-05-09 10:49:00,-290.684136384
2018-05-09 10:50:00,-290.684136384
2018-05-09 10:51:00,-290.684136384
2018-05-09 10:52:00,-290.684136384
2018-05-09 10:53:00,-298.547962659
2018-05-09 10:54:00,-298.547962659
2018-05-09 10:55:00,-298.547962659
2018-05-09 10:56:00,-298.547962659
2018-05-09 10:57:00,-298.547962659
2018-05-09 10:58:00,-298.547962659
2018-05-09 10:59:00,-290.684136384
2018-05-09 11:00:00,-298.547962659
2018-05-09 11:01:00,-298.547962659
2018-05-09 11:02:00,-290.684136384
2018-05-09 11:03:00,-290.684136384
2018-05-09 11:04:00,-290.684136384
2018-05-09 11:05:00,-290.684136384
2018-05-09 11:06:00,-290.684136384
2018-05-09 11:07:00,-290.684136384
2018-05-09 11:08:00,-282.820310109
2018-05-09 11:09:00,-282.820310109
2018-05-09 11:10:00,-282.820310109
2018-05-09 11:11:00,-282.820310109
2018-05-09 11:12:00,-282.820310109
2018-05-09 11:13:00,-282.820310109
2018-05-09 11:14:00,-282.820310109
2018-05-09 11:15:00,-282.820310109
2018-05-09 11:16:00,-282.820310109
2018-05-09 11:17:00,-282.820310109
2018-05-09 11:18:00,-282.820310109
2018-05-09 11:19:00,-282.820310109
2018-05-09 11:20:00,-282.820310109
2018-05-09 11:21:00,-282.820310109
2018-05-09 11:22:00,-282.820310109
2018-05-09 11:23:00,-282.820310109
2018-05-09 11:24:00,-274.956483834
2018-05-09 11:25:00,-314.275615209
2018-05-09 11:26:00,-306.411788934
2018-05-09 11:27:00,-306.411788934
2018-05-09 11:28:00,-314.275615209
2018-05-09 11:29:00,-314.275615209
2018-05-09 11:30:00,-314.275615209
2018-05-09 11:31:00,-314.275615209
2018-05-09 11:32:00,-314.275615209
2018-05-09 11:33:00,-314.275615209
2018-05-09 11:34:00,-314.275615209
2018-05-09 11:35:00,-314.275615209
2018-05-09 11:36:00,-314.275615209
2018-05-09 11:37:00,-314.275615209
2018-05-09 11:38:00,-314.275615209
2018-05-09 11:39:00,-314.275615209
2018-05-09 11:40:00,-314.275615209
2018-05-09 11:41:00,-314.275615209
2018-05-09 11:42:00,-314.275615209
2018-05-09 11:43:00,-314.275615209
2018-05-09 11:44:00,-314.275615209
2018-05-09 11:45:00,-314.275615209
2018-05-09 11:46:00,-314.275615209
2018-05-09 11:47:00,-314.275615209
2018-05-09 11:48:00,-298.547962659
2018-05-09 11:49:00,-298.547962659
2018-05-09 11:50:00,-298.547962659
2018-05-09 11:51:00,-298.547962659
2018-05-09 11:52:00,-298.547962659
2018-05-09 11:53:00,-298.547962659
2018-05-09 11:54:00,-298.547962659
2018-05-09 11:55:00,-298.547962659
2018-05-09 11:56:00,-298.547962659
2018-05-09 11:57:00,-298.547962659
2018-05-09 11:58:00,-298.547962659
2018-05-09 11:59:00,-298.547962659
2018-05-10 01:29:00,-487.279164153
2018-05-10 01:30:00,-432.232380228
2018-05-10 01:31:00,-432.232380228
2018-05-10 01:32:00,-432.232380228
2018-05-10 01:33:00,-432.232380228
2018-05-10 01:34:00,-290.683507278
2018-05-10 01:35:00,-282.819681003
2018-05-10 01:36:00,-290.683507278
2018-05-10 01:37:00,-306.411159828
2018-05-10 01:38:00,-306.411159828
2018-05-10 01:39:00,-306.411159828
2018-05-10 01:40:00,-290.683507278
2018-05-10 01:41:00,-298.547333553
2018-05-10 01:42:00,-298.547333553
2018-05-10 01:43:00,-282.819681003
2018-05-10 01:44:00,-282.819681003
2018-05-10 01:45:00,-290.683507278
2018-05-10 01:46:00,-290.683507278
2018-05-10 01:47:00,-290.683507278
2018-05-10 01:48:00,-298.547333553
2018-05-10 01:49:00,-298.547333553
2018-05-10 01:50:00,-298.547333553
2018-05-10 01:51:00,-298.547333553
2018-05-10 01:52:00,-298.547333553
2018-05-10 01:53:00,-298.547333553
2018-05-10 01:54:00,-298.547333553
2018-05-10 01:55:00,-290.683507278
2018-05-10 01:56:00,-282.819681003
2018-05-10 01:57:00,-274.955854728
2018-05-10 01:58:00,-259.228202178
2018-05-10 01:59:00,-251.364375903
2018-05-10 02:00:00,-259.228202178
2018-05-10 02:01:00,-251.364375903
2018-05-10 02:02:00,-243.500549628
2018-05-10 02:03:00,-251.364375903
2018-05-10 02:04:00,-251.364375903
2018-05-10 02:05:00,-227.772897078
2018-05-10 02:06:00,-251.364375903
2018-05-10 02:07:00,-251.364375903
2018-05-10 02:08:00,-251.364375903
2018-05-10 02:09:00,-259.228202178
2018-05-10 02:10:00,-259.228202178
2018-05-10 02:11:00,-267.092028453
2018-05-10 02:12:00,-243.500549628
2018-05-10 02:13:00,-243.500549628
2018-05-10 02:14:00,-243.500549628
2018-05-10 02:15:00,-243.500549628
2018-05-10 02:16:00,-243.500549628
2018-05-10 02:17:00,-243.500549628
2018-05-10 02:18:00,-267.092028453
2018-05-10 02:19:00,-290.683507278
2018-05-10 02:20:00,-274.955854728
2018-05-10 02:21:00,-274.955854728
2018-05-10 02:22:00,-274.955854728
2018-05-10 02:23:00,-290.683507278
2018-05-10 02:24:00,-274.955854728
2018-05-10 02:25:00,-274.955854728
2018-05-10 02:26:00,-274.955854728
2018-05-10 02:27:00,-274.955854728
2018-05-10 02:28:00,-274.955854728
2018-05-10 02:29:00,-274.955854728
2018-05-10 02:30:00,-274.955854728
2018-05-10 02:31:00,-274.955854728
2018-05-10 02:32:00,-282.819681003
2018-05-10 02:33:00,-282.819681003
2018-05-10 02:34:00,-290.683507278
2018-05-10 02:35:00,-306.411159828
2018-05-10 02:36:00,-298.547333553
2018-05-10 02:37:00,-306.411159828
2018-05-10 02:38:00,-306.411159828
2018-05-10 02:39:00,-306.411159828
2018-05-10 02:40:00,-306.411159828
2018-05-10 02:41:00,-306.411159828
2018-05-10 02:42:00,-306.411159828
2018-05-10 02:43:00,-306.411159828
2018-05-10 02:44:00,-306.411159828
2018-05-10 02:45:00,-306.411159828
2018-05-10 02:46:00,-290.683507278
2018-05-10 02:47:00,-290.683507278
2018-05-10 02:48:00,-290.683507278
2018-05-10 02:49:00,-290.683507278
2018-05-10 02:50:00,-306.411159828
2018-05-10 02:51:00,-306.411159828
2018-05-10 02:52:00,-306.411159828
2018-05-10 02:53:00,-306.411159828
2018-05-10 02:54:00,-298.547333553
2018-05-10 02:55:00,-298.547333553
2018-05-10 02:56:00,-298.547333553
2018-05-10 02:57:00,-290.683507278
2018-05-10 02:58:00,-290.683507278
2018-05-10 02:59:00,-290.683507278
2018-05-10 03:00:00,-282.819681003
2018-05-10 03:01:00,-274.955854728
2018-05-10 03:02:00,-274.955854728
2018-05-10 03:03:00,-274.955854728
2018-05-10 03:04:00,-290.683507278
2018-05-10 03:05:00,-290.683507278
2018-05-10 03:06:00,-298.547333553
2018-05-10 03:07:00,-306.411159828
2018-05-10 03:08:00,-306.411159828
2018-05-10 03:09:00,-306.411159828
2018-05-10 03:10:00,-306.411159828
2018-05-10 03:11:00,-314.274986103
2018-05-10 03:12:00,-306.411159828
2018-05-10 03:13:00,-306.411159828
2018-05-10 03:14:00,-306.411159828
2018-05-10 03:15:00,-290.683507278
2018-05-10 03:16:00,-290.683507278
2018-05-10 03:17:00,-274.955854728
2018-05-10 03:18:00,-274.955854728
2018-05-10 03:19:00,-274.955854728
2018-05-10 03:20:00,-274.955854728
2018-05-10 03:21:00,-274.955854728
2018-05-10 03:22:00,-274.955854728
2018-05-10 03:23:00,-298.547333553
2018-05-10 03:24:00,-298.547333553
2018-05-10 03:25:00,-298.547333553
2018-05-10 03:26:00,-298.547333553
2018-05-10 03:27:00,-298.547333553
2018-05-10 03:28:00,-290.683507278
2018-05-10 03:29:00,-282.819681003
2018-05-10 03:30:00,-282.819681003
2018-05-10 03:31:00,-274.955854728
2018-05-10 03:32:00,-282.819681003
2018-05-10 03:33:00,-282.819681003
2018-05-10 03:34:00,-274.955854728
2018-05-10 03:35:00,-274.955854728
2018-05-10 03:36:00,-274.955854728
2018-05-10 03:37:00,-274.955854728
2018-05-10 03:38:00,-267.092028453
2018-05-10 03:39:00,-267.092028453
2018-05-10 03:40:00,-274.955854728
2018-05-10 03:41:00,-274.955854728
2018-05-10 03:42:00,-274.955854728
2018-05-10 03:43:00,-282.819681003
2018-05-10 03:44:00,-282.819681003
2018-05-10 03:45:00,-282.819681003
2018-05-10 03:46:00,-290.683507278
2018-05-10 03:47:00,-290.683507278
2018-05-10 03:48:00,-290.683507278
2018-05-10 03:49:00,-290.683507278
2018-05-10 03:50:00,-290.683507278
2018-05-10 03:51:00,-290.683507278
2018-05-10 03:52:00,-290.683507278
2018-05-10 03:53:00,-290.683507278
2018-05-10 03:54:00,-290.683507278
2018-05-10 03:55:00,-290.683507278
2018-05-10 03:56:00,-290.683507278
2018-05-10 03:57:00,-290.683507278
2018-05-10 03:58:00,-274.955854728
2018-05-10 03:59:00,-274.955854728
2018-05-10 04:00:00,-267.092028453
2018-05-10 04:01:00,-274.955854728
2018-05-10 04:02:00,-274.955854728
2018-05-10 04:03:00,-267.092028453
2018-05-10 04:04:00,-274.955854728
2018-05-10 04:05:00,-274.955854728
2018-05-10 04:06:00,-274.955854728
2018-05-10 04:07:00,-274.955854728
2018-05-10 04:08:00,-274.955854728
2018-05-10 04:09:00,-274.955854728
2018-05-10 04:10:00,-290.683507278
2018-05-10 04:11:00,-290.683507278
2018-05-10 04:12:00,-282.819681003
2018-05-10 04:13:00,-282.819681003
2018-05-10 04:14:00,-282.819681003
2018-05-10 04:15:00,-290.683507278
2018-05-10 04:16:00,-290.683507278
2018-05-10 04:17:00,-290.683507278
2018-05-10 04:18:00,-290.683507278
2018-05-10 04:19:00,-290.683507278
2018-05-10 04:20:00,-290.683507278
2018-05-10 04:21:00,-290.683507278
2018-05-10 04:22:00,-290.683507278
2018-05-10 04:23:00,-290.683507278
2018-05-10 04:24:00,-290.683507278
2018-05-10 04:25:00,-290.683507278
2018-05-10 04:26:00,-290.683507278
2018-05-10 04:27:00,-290.683507278
2018-05-10 04:28:00,-290.683507278
2018-05-10 04:29:00,-290.683507278
2018-05-10 04:30:00,-290.683507278
2018-05-10 04:31:00,-290.683507278
2018-05-10 04:32:00,-306.411159828
2018-05-10 04:33:00,-306.411159828
2018-05-10 04:34:00,-306.411159828
2018-05-10 04:35:00,-314.274986103
2018-05-10 04:36:00,-306.411159828
2018-05-10 04:37:00,-298.547333553
2018-05-10 04:38:00,-290.683507278
2018-05-10 04:39:00,-298.547333553
2018-05-10 04:40:00,-314.274986103
2018-05-10 04:41:00,-314.274986103
2018-05-10 04:42:00,-306.411159828
2018-05-10 04:43:00,-306.411159828
2018-05-10 04:44:00,-306.411159828
2018-05-10 04:45:00,-306.411159828
2018-05-10 04:46:00,-290.683507278
2018-05-10 04:47:00,-282.819681003
2018-05-10 04:48:00,-282.819681003
2018-05-10 04:49:00,-282.819681003
2018-05-10 04:50:00,-282.819681003
2018-05-10 04:51:00,-282.819681003
2018-05-10 04:52:00,-282.819681003
2018-05-10 04:53:00,-282.819681003
2018-05-10 04:54:00,-282.819681003
2018-05-10 04:55:00,-282.819681003
2018-05-10 04:56:00,-282.819681003
2018-05-10 04:57:00,-282.819681003
2018-05-10 04:58:00,-282.819681003
2018-05-10 04:59:00,-298.547333553
2018-05-10 05:00:00,-282.819681003
2018-05-10 05:01:00,-282.819681003
2018-05-10 05:02:00,-298.547333553
2018-05-10 05:03:00,-298.547333553
2018-05-10 05:04:00,-298.547333553
2018-05-10 05:05:00,-290.683507278
2018-05-10 05:06:00,-290.683507278
2018-05-10 05:07:00,-298.547333553
2018-05-10 05:08:00,-290.683507278
2018-05-10 05:09:00,-306.411159828
2018-05-10 05:10:00,-314.274986103
2018-05-10 05:11:00,-322.138812378
2018-05-10 05:12:00,-314.274986103
2018-05-10 05:13:00,-322.138812378
2018-05-10 05:14:00,-314.274986103
2018-05-10 05:15:00,-306.411159828
2018-05-10 05:16:00,-330.002638653
2018-05-10 05:17:00,-330.002638653
2018-05-10 05:18:00,-330.002638653
2018-05-10 05:19:00,-330.002638653
2018-05-10 05:20:00,-345.730291203
2018-05-10 05:21:00,-337.866464928
2018-05-10 05:22:00,-345.730291203
2018-05-10 05:23:00,-345.730291203
2018-05-10 05:24:00,-345.730291203
2018-05-10 05:25:00,-345.730291203
2018-05-10 05:26:00,-345.730291203
2018-05-10 05:27:00,-345.730291203
2018-05-10 05:28:00,-345.730291203
2018-05-10 05:29:00,-345.730291203
2018-05-10 05:30:00,-345.730291203
2018-05-10 05:31:00,-353.594117478
2018-05-10 05:32:00,-353.594117478
2018-05-10 05:33:00,-361.457943753
2018-05-10 05:34:00,-353.594117478
2018-05-10 05:35:00,-353.594117478
2018-05-10 05:36:00,-353.594117478
2018-05-10 05:37:00,-345.730291203
2018-05-10 05:38:00,-353.594117478
2018-05-10 05:39:00,-353.594117478
2018-05-10 05:40:00,-345.730291203
2018-05-10 05:41:00,-345.730291203
2018-05-10 05:42:00,-345.730291203
2018-05-10 05:43:00,-353.594117478
2018-05-10 05:44:00,-345.730291203
2018-05-10 05:45:00,-361.457943753
2018-05-10 05:46:00,-330.002638653
2018-05-10 05:47:00,-306.411159828
2018-05-10 05:48:00,-314.274986103
2018-05-10 05:49:00,-314.274986103
2018-05-10 05:50:00,-290.683507278
2018-05-10 05:51:00,-314.274986103
2018-05-10 05:52:00,-298.547333553
2018-05-10 05:53:00,-298.547333553
2018-05-10 05:54:00,-282.819681003
2018-05-10 05:55:00,-267.092028453
2018-05-10 05:56:00,-219.909070803
2018-05-10 05:57:00,-219.909070803
2018-05-10 05:58:00,-227.772897078
2018-05-10 05:59:00,-259.228202178
2018-05-10 06:00:00,-94.0878504029
2018-05-10 06:01:00,-94.0878504029
2018-05-10 06:02:00,-125.543155503
2018-05-10 06:03:00,-133.406981778
2018-05-10 06:04:00,-117.679329228
2018-05-10 06:05:00,-117.679329228
2018-05-10 06:06:00,-109.815502953
2018-05-10 06:07:00,-141.270808053
2018-05-10 06:08:00,-117.679329228
2018-05-10 06:09:00,-109.815502953
2018-05-10 06:10:00,-109.815502953
2018-05-10 06:11:00,-94.0878504029
2018-05-10 06:12:00,-62.6325453029
2018-05-10 06:13:00,-54.7687190279
2018-05-10 06:14:00,-39.0410664779
2018-05-10 06:15:00,-46.9048927529
2018-05-10 06:16:00,-46.9048927529
2018-05-10 06:17:00,-62.6325453029
2018-05-10 06:18:00,-62.6325453029
2018-05-10 06:19:00,-46.9048927529
2018-05-10 06:20:00,-31.1772402029
2018-05-10 06:21:00,-39.0410664779
2018-05-10 06:22:00,-39.0410664779
2018-05-10 06:23:00,-39.0410664779
2018-05-10 06:24:00,-39.0410664779
2018-05-10 06:25:00,-39.0410664779
2018-05-10 06:26:00,-31.1772402029
2018-05-10 06:27:00,-39.0410664779
2018-05-10 06:28:00,-31.1772402029
2018-05-10 06:29:00,-31.1772402029
2018-05-10 06:30:00,16.0057174471
2018-05-10 06:31:00,47.4610225471
2018-05-10 06:32:00,-15.4495876529
2018-05-10 06:33:00,-15.4495876529
2018-05-10 06:34:00,-15.4495876529
2018-05-10 06:35:00,-31.1772402029
2018-05-10 06:36:00,-46.9048927529
2018-05-10 06:37:00,-78.3601978529
2018-05-10 06:38:00,-78.3601978529
2018-05-10 06:39:00,-78.3601978529
2018-05-10 06:40:00,-78.3601978529
2018-05-10 06:41:00,-46.9048927529
2018-05-10 06:42:00,-31.1772402029
2018-05-10 06:43:00,-31.1772402029
2018-05-10 06:44:00,-15.4495876529
2018-05-10 06:45:00,-31.1772402029
2018-05-10 06:46:00,-78.3601978529
2018-05-10 06:47:00,-70.4963715779
2018-05-10 06:48:00,-70.4963715779
2018-05-10 06:49:00,-62.6325453029
2018-05-10 06:50:00,-62.6325453029
2018-05-10 06:51:00,-62.6325453029
2018-05-10 06:52:00,-62.6325453029
2018-05-10 06:53:00,-54.7687190279
2018-05-10 06:54:00,-54.7687190279
2018-05-10 06:55:00,-46.9048927529
2018-05-10 06:56:00,-46.9048927529
2018-05-10 06:57:00,-39.0410664779
2018-05-10 06:58:00,-46.9048927529
2018-05-10 06:59:00,-31.1772402029
2018-05-10 07:00:00,-31.1772402029
2018-05-10 07:01:00,-31.1772402029
2018-05-10 07:02:00,-31.1772402029
2018-05-10 07:03:00,-7.58576137792
2018-05-10 07:04:00,0.278064897084
2018-05-10 07:05:00,-15.4495876529
2018-05-10 07:06:00,-15.4495876529
2018-05-10 07:07:00,-15.4495876529
2018-05-10 07:08:00,-31.1772402029
2018-05-10 07:09:00,-31.1772402029
2018-05-10 07:10:00,-23.3134139279
2018-05-10 07:11:00,-31.1772402029
2018-05-10 07:12:00,-31.1772402029
2018-05-10 07:13:00,-46.9048927529
2018-05-10 07:14:00,-39.0410664779
2018-05-10 07:15:00,-39.0410664779
2018-05-10 07:16:00,-39.0410664779
2018-05-10 07:17:00,-39.0410664779
2018-05-10 07:18:00,-23.3134139279
2018-05-10 07:19:00,-23.3134139279
2018-05-10 07:20:00,-23.3134139279
2018-05-10 07:21:00,-23.3134139279
2018-05-10 07:22:00,-7.58576137792
2018-05-10 07:23:00,0.278064897084
2018-05-10 07:24:00,0.278064897084
2018-05-10 07:25:00,0.278064897084
2018-05-10 07:26:00,-7.58576137792
2018-05-10 07:27:00,-23.3134139279
2018-05-10 07:28:00,-15.4495876529
2018-05-10 07:29:00,-15.4495876529
2018-05-10 07:30:00,0.278064897084
2018-05-10 07:31:00,0.278064897084
2018-05-10 07:32:00,0.278064897084
2018-05-10 07:33:00,0.278064897084
2018-05-10 07:34:00,-15.4495876529
2018-05-10 07:35:00,-15.4495876529
2018-05-10 07:36:00,8.14189117208
2018-05-10 07:37:00,16.0057174471
2018-05-10 07:38:00,16.0057174471
2018-05-10 07:39:00,31.7333699971
2018-05-10 07:40:00,16.0057174471
2018-05-10 07:41:00,31.7333699971
2018-05-10 07:42:00,31.7333699971
2018-05-10 07:43:00,8.14189117208
2018-05-10 07:44:00,8.14189117208
2018-05-10 07:45:00,-7.58576137792
2018-05-10 07:46:00,-7.58576137792
2018-05-10 07:47:00,-7.58576137792
2018-05-10 07:48:00,-15.4495876529
2018-05-10 07:49:00,-15.4495876529
2018-05-10 07:50:00,-7.58576137792
2018-05-10 07:51:00,-7.58576137792
2018-05-10 07:52:00,-7.58576137792
2018-05-10 07:53:00,-7.58576137792
2018-05-10 07:54:00,16.0057174471
2018-05-10 07:55:00,16.0057174471
2018-05-10 07:56:00,23.8695437221
2018-05-10 07:57:00,31.7333699971
2018-05-10 07:58:00,16.0057174471
2018-05-10 07:59:00,8.14189117208
2018-05-10 08:00:00,39.5971962721
2018-05-10 08:01:00,47.4610225471
2018-05-10 08:02:00,47.4610225471
2018-05-10 08:03:00,47.4610225471
2018-05-10 08:04:00,47.4610225471
2018-05-10 08:05:00,55.3248488221
2018-05-10 08:06:00,55.3248488221
2018-05-10 08:07:00,55.3248488221
2018-05-10 08:08:00,55.3248488221
2018-05-10 08:09:00,55.3248488221
2018-05-10 08:10:00,71.0525013721
2018-05-10 08:11:00,71.0525013721
2018-05-10 08:12:00,63.1886750971
2018-05-10 08:13:00,63.1886750971
2018-05-10 08:14:00,71.0525013721
2018-05-10 08:15:00,71.0525013721
2018-05-10 08:16:00,71.0525013721
2018-05-10 08:17:00,71.0525013721
2018-05-10 08:18:00,71.0525013721
2018-05-10 08:19:00,71.0525013721
2018-05-10 08:20:00,71.0525013721
2018-05-10 08:21:00,55.3248488221
2018-05-10 08:22:00,47.4610225471
2018-05-10 08:23:00,39.5971962721
2018-05-10 08:24:00,23.8695437221
2018-05-10 08:25:00,23.8695437221
2018-05-10 08:26:00,23.8695437221
2018-05-10 08:27:00,23.8695437221
2018-05-10 08:28:00,31.7333699971
2018-05-10 08:29:00,39.5971962721
2018-05-10 08:30:00,31.7333699971
2018-05-10 08:31:00,23.8695437221
2018-05-10 08:32:00,23.8695437221
2018-05-10 08:33:00,23.8695437221
2018-05-10 08:34:00,39.5971962721
2018-05-10 08:35:00,39.5971962721
2018-05-10 08:36:00,23.8695437221
2018-05-10 08:37:00,39.5971962721
2018-05-10 08:38:00,39.5971962721
2018-05-10 08:39:00,39.5971962721
2018-05-10 08:40:00,39.5971962721
2018-05-10 08:41:00,31.7333699971
2018-05-10 08:42:00,39.5971962721
2018-05-10 08:43:00,31.7333699971
2018-05-10 08:44:00,31.7333699971
2018-05-10 08:45:00,31.7333699971
2018-05-10 08:46:00,23.8695437221
2018-05-10 08:47:00,23.8695437221
2018-05-10 08:48:00,47.4610225471
2018-05-10 08:49:00,47.4610225471
2018-05-10 08:50:00,47.4610225471
2018-05-10 08:51:00,47.4610225471
2018-05-10 08:52:00,47.4610225471
2018-05-10 08:53:00,47.4610225471
2018-05-10 08:54:00,47.4610225471
2018-05-10 08:55:00,55.3248488221
2018-05-10 08:56:00,47.4610225471
2018-05-10 08:57:00,55.3248488221
2018-05-10 08:58:00,86.7801539221
2018-05-10 08:59:00,94.6439801971
2018-05-10 09:00:00,94.6439801971
2018-05-10 09:01:00,94.6439801971
2018-05-10 09:02:00,94.6439801971
2018-05-10 09:03:00,110.371632747
2018-05-10 09:04:00,110.371632747
2018-05-10 09:05:00,102.507806472
2018-05-10 09:06:00,78.9163276471
2018-05-10 09:07:00,78.9163276471
2018-05-10 09:08:00,78.9163276471
2018-05-10 09:09:00,78.9163276471
2018-05-10 09:10:00,71.0525013721
2018-05-10 09:11:00,94.6439801971
2018-05-10 09:12:00,71.0525013721
2018-05-10 09:13:00,71.0525013721
2018-05-10 09:14:00,71.0525013721
2018-05-10 09:15:00,71.0525013721
2018-05-10 09:16:00,63.1886750971
2018-05-10 09:17:00,63.1886750971
2018-05-10 09:18:00,63.1886750971
2018-05-10 09:19:00,63.1886750971
2018-05-10 09:20:00,78.9163276471
2018-05-10 09:21:00,78.9163276471
2018-05-10 09:22:00,86.7801539221
2018-05-10 09:23:00,78.9163276471
2018-05-10 09:24:00,63.1886750971
2018-05-10 09:25:00,63.1886750971
2018-05-10 09:26:00,63.1886750971
2018-05-10 09:27:00,63.1886750971
2018-05-10 09:28:00,55.3248488221
2018-05-10 09:29:00,55.3248488221
2018-05-10 09:30:00,55.3248488221
2018-05-10 09:31:00,55.3248488221
2018-05-10 09:32:00,55.3248488221
2018-05-10 09:33:00,63.1886750971
2018-05-10 09:34:00,63.1886750971
2018-05-10 09:35:00,55.3248488221
2018-05-10 09:36:00,55.3248488221
2018-05-10 09:37:00,55.3248488221
2018-05-10 09:38:00,71.0525013721
2018-05-10 09:39:00,63.1886750971
2018-05-10 09:40:00,63.1886750971
2018-05-10 09:41:00,55.3248488221
2018-05-10 09:42:00,55.3248488221
2018-05-10 09:43:00,55.3248488221
2018-05-10 09:44:00,55.3248488221
2018-05-10 09:45:00,55.3248488221
2018-05-10 09:46:00,55.3248488221
2018-05-10 09:47:00,55.3248488221
2018-05-10 09:48:00,55.3248488221
2018-05-10 09:49:00,55.3248488221
2018-05-10 09:50:00,55.3248488221
2018-05-10 09:51:00,55.3248488221
2018-05-10 09:52:00,55.3248488221
2018-05-10 09:53:00,55.3248488221
2018-05-10 09:54:00,47.4610225471
2018-05-10 09:55:00,39.5971962721
2018-05-10 09:56:00,39.5971962721
2018-05-10 09:57:00,39.5971962721
2018-05-10 09:58:00,39.5971962721
2018-05-10 09:59:00,39.5971962721
2018-05-10 10:00:00,39.5971962721
2018-05-10 10:01:00,39.5971962721
2018-05-10 10:02:00,39.5971962721
2018-05-10 10:03:00,39.5971962721
2018-05-10 10:04:00,39.5971962721
2018-05-10 10:05:00,23.8695437221
2018-05-10 10:06:00,-15.4495876529
2018-05-10 10:07:00,-39.0410664779
2018-05-10 10:08:00,-23.3134139279
2018-05-10 10:09:00,-23.3134139279
2018-05-10 10:10:00,-23.3134139279
2018-05-10 10:11:00,31.7333699971
2018-05-10 10:12:00,23.8695437221
2018-05-10 10:13:00,-7.58576137792
2018-05-10 10:14:00,-23.3134139279
2018-05-10 10:15:00,-23.3134139279
2018-05-10 10:16:00,-23.3134139279
2018-05-10 10:17:00,-15.4495876529
2018-05-10 10:18:00,-15.4495876529
2018-05-10 10:19:00,-7.58576137792
2018-05-10 10:20:00,-7.58576137792
2018-05-10 10:21:00,-7.58576137792
2018-05-10 10:22:00,-7.58576137792
2018-05-10 10:23:00,-7.58576137792
2018-05-10 10:24:00,-15.4495876529
2018-05-10 10:25:00,-15.4495876529
2018-05-10 10:26:00,-15.4495876529
2018-05-10 10:27:00,-23.3134139279
2018-05-10 10:28:00,-15.4495876529
2018-05-10 10:29:00,-7.58576137792
2018-05-10 10:30:00,-7.58576137792
2018-05-10 10:31:00,-7.58576137792
2018-05-10 10:32:00,-7.58576137792
2018-05-10 10:33:00,-7.58576137792
2018-05-10 10:34:00,-7.58576137792
2018-05-10 10:35:00,-7.58576137792
2018-05-10 10:36:00,-7.58576137792
2018-05-10 10:37:00,-7.58576137792
2018-05-10 10:38:00,-15.4495876529
2018-05-10 10:39:00,-23.3134139279
2018-05-10 10:40:00,-23.3134139279
2018-05-10 10:41:00,-31.1772402029
2018-05-10 10:42:00,-31.1772402029
2018-05-10 10:43:00,-31.1772402029
2018-05-10 10:44:00,-31.1772402029
2018-05-10 10:45:00,-31.1772402029
2018-05-10 10:46:00,-31.1772402029
2018-05-10 10:47:00,-31.1772402029
2018-05-10 10:48:00,-31.1772402029
2018-05-10 10:49:00,-31.1772402029
2018-05-10 10:50:00,-31.1772402029
2018-05-10 10:51:00,-31.1772402029
2018-05-10 10:52:00,-31.1772402029
2018-05-10 10:53:00,-39.0410664779
2018-05-10 10:54:00,-39.0410664779
2018-05-10 10:55:00,-39.0410664779
2018-05-10 10:56:00,-39.0410664779
2018-05-10 10:57:00,-46.9048927529
2018-05-10 10:58:00,-46.9048927529
2018-05-10 10:59:00,-46.9048927529
2018-05-10 11:00:00,-23.3134139279
2018-05-10 11:01:00,-23.3134139279
2018-05-10 11:02:00,-31.1772402029
2018-05-10 11:03:00,-31.1772402029
2018-05-10 11:04:00,-31.1772402029
2018-05-10 11:05:00,-31.1772402029
2018-05-10 11:06:00,-31.1772402029
2018-05-10 11:07:00,-31.1772402029
2018-05-10 11:08:00,-31.1772402029
2018-05-10 11:09:00,-31.1772402029
2018-05-10 11:10:00,-31.1772402029
2018-05-10 11:11:00,-31.1772402029
2018-05-10 11:12:00,-31.1772402029
2018-05-10 11:13:00,-31.1772402029
2018-05-10 11:14:00,-39.0410664779
2018-05-10 11:15:00,-46.9048927529
2018-05-10 11:16:00,-54.7687190279
2018-05-10 11:17:00,-54.7687190279
2018-05-10 11:18:00,-54.7687190279
2018-05-10 11:19:00,-54.7687190279
2018-05-10 11:20:00,-54.7687190279
2018-05-10 11:21:00,-54.7687190279
2018-05-10 11:22:00,-46.9048927529
2018-05-10 11:23:00,-46.9048927529
2018-05-10 11:24:00,-39.0410664779
2018-05-10 11:25:00,-46.9048927529
2018-05-10 11:26:00,-46.9048927529
2018-05-10 11:27:00,-46.9048927529
2018-05-10 11:28:00,-46.9048927529
2018-05-10 11:29:00,-46.9048927529
2018-05-10 11:30:00,-46.9048927529
2018-05-10 11:31:00,-46.9048927529
2018-05-10 11:32:00,-46.9048927529
2018-05-10 11:33:00,-46.9048927529
2018-05-10 11:34:00,-46.9048927529
2018-05-10 11:35:00,-46.9048927529
2018-05-10 11:36:00,-46.9048927529
2018-05-10 11:37:00,-46.9048927529
2018-05-10 11:38:00,-46.9048927529
2018-05-10 11:39:00,-46.9048927529
2018-05-10 11:40:00,-46.9048927529
2018-05-10 11:41:00,-46.9048927529
2018-05-10 11:42:00,-46.9048927529
2018-05-10 11:43:00,-39.0410664779
2018-05-10 11:44:00,-39.0410664779
2018-05-10 11:45:00,-46.9048927529
2018-05-10 11:46:00,-46.9048927529
2018-05-10 11:47:00,-46.9048927529
2018-05-10 11:48:00,-31.1772402029
2018-05-10 11:49:00,-31.1772402029
2018-05-10 11:50:00,-31.1772402029
2018-05-10 11:51:00,-31.1772402029
2018-05-10 11:52:00,-31.1772402029
2018-05-10 11:53:00,-31.1772402029
2018-05-10 11:54:00,-31.1772402029
2018-05-10 11:55:00,-31.1772402029
2018-05-10 11:56:00,-31.1772402029
2018-05-10 11:57:00,-31.1772402029
2018-05-10 11:58:00,-31.1772402029
2018-05-10 11:59:00,-15.4495876529
2018-05-11 01:29:00,275.511984522
2018-05-11 01:30:00,275.511984522
2018-05-11 01:31:00,275.511984522
2018-05-11 01:32:00,275.511984522
2018-05-11 01:33:00,275.511984522
2018-05-11 01:34:00,94.6439801971
2018-05-11 01:35:00,94.6439801971
2018-05-11 01:36:00,94.6439801971
2018-05-11 01:37:00,-70.4963715779
2018-05-11 01:38:00,-70.4963715779
2018-05-11 01:39:00,-70.4963715779
2018-05-11 01:40:00,-70.4963715779
2018-05-11 01:41:00,-70.4963715779
2018-05-11 01:42:00,-70.4963715779
2018-05-11 01:43:00,-70.4963715779
2018-05-11 01:44:00,-70.4963715779
2018-05-11 01:45:00,-70.4963715779
2018-05-11 01:46:00,-70.4963715779
2018-05-11 01:47:00,-70.4963715779
2018-05-11 01:48:00,-70.4963715779
2018-05-11 01:49:00,-62.6325453029
2018-05-11 01:50:00,-62.6325453029
2018-05-11 01:51:00,-70.4963715779
2018-05-11 01:52:00,-70.4963715779
2018-05-11 01:53:00,-70.4963715779
2018-05-11 01:54:00,-94.0878504029
2018-05-11 01:55:00,-101.951676678
2018-05-11 01:56:00,-141.270808053
2018-05-11 01:57:00,-141.270808053
2018-05-11 01:58:00,-133.406981778
2018-05-11 01:59:00,-125.543155503
2018-05-11 02:00:00,-78.3601978529
2018-05-11 02:01:00,-86.2240241279
2018-05-11 02:02:00,-86.2240241279
2018-05-11 02:03:00,-78.3601978529
2018-05-11 02:04:00,-78.3601978529
2018-05-11 02:05:00,-70.4963715779
2018-05-11 02:06:00,-78.3601978529
2018-05-11 02:07:00,-70.4963715779
2018-05-11 02:08:00,-70.4963715779
2018-05-11 02:09:00,-70.4963715779
2018-05-11 02:10:00,-70.4963715779
2018-05-11 02:11:00,-70.4963715779
2018-05-11 02:12:00,-86.2240241279
2018-05-11 02:13:00,-133.406981778
2018-05-11 02:14:00,-125.543155503
2018-05-11 02:15:00,-125.543155503
2018-05-11 02:16:00,-133.406981778
2018-05-11 02:17:00,-133.406981778
2018-05-11 02:18:00,-133.406981778
2018-05-11 02:19:00,-133.406981778
2018-05-11 02:20:00,-133.406981778
2018-05-11 02:21:00,-133.406981778
2018-05-11 02:22:00,-133.406981778
2018-05-11 02:23:00,-133.406981778
2018-05-11 02:24:00,-133.406981778
2018-05-11 02:25:00,-133.406981778
2018-05-11 02:26:00,-133.406981778
2018-05-11 02:27:00,-133.406981778
2018-05-11 02:28:00,-149.134634328
2018-05-11 02:29:00,-141.270808053
2018-05-11 02:30:00,-133.406981778
2018-05-11 02:31:00,-133.406981778
2018-05-11 02:32:00,-117.679329228
2018-05-11 02:33:00,-117.679329228
2018-05-11 02:34:00,-125.543155503
2018-05-11 02:35:00,-125.543155503
2018-05-11 02:36:00,-117.679329228
2018-05-11 02:37:00,-125.543155503
2018-05-11 02:38:00,-117.679329228
2018-05-11 02:39:00,-109.815502953
2018-05-11 02:40:00,-109.815502953
2018-05-11 02:41:00,-101.951676678
2018-05-11 02:42:00,-94.0878504029
2018-05-11 02:43:00,-86.2240241279
2018-05-11 02:44:00,-86.2240241279
2018-05-11 02:45:00,-78.3601978529
2018-05-11 02:46:00,-70.4963715779
2018-05-11 02:47:00,-70.4963715779
2018-05-11 02:48:00,-70.4963715779
2018-05-11 02:49:00,-70.4963715779
2018-05-11 02:50:00,-70.4963715779
2018-05-11 02:51:00,-70.4963715779
2018-05-11 02:52:00,-70.4963715779
2018-05-11 02:53:00,-70.4963715779
2018-05-11 02:54:00,-70.4963715779
2018-05-11 02:55:00,-70.4963715779
2018-05-11 02:56:00,-70.4963715779
2018-05-11 02:57:00,-62.6325453029
2018-05-11 02:58:00,-62.6325453029
2018-05-11 02:59:00,-62.6325453029
2018-05-11 03:00:00,-62.6325453029
2018-05-11 03:01:00,-94.0878504029
2018-05-11 03:02:00,-86.2240241279
2018-05-11 03:03:00,-94.0878504029
2018-05-11 03:04:00,-101.951676678
2018-05-11 03:05:00,-94.0878504029
2018-05-11 03:06:00,-94.0878504029
2018-05-11 03:07:00,-86.2240241279
2018-05-11 03:08:00,-94.0878504029
2018-05-11 03:09:00,-94.0878504029
2018-05-11 03:10:00,-94.0878504029
2018-05-11 03:11:00,-94.0878504029
2018-05-11 03:12:00,-94.0878504029
2018-05-11 03:13:00,-86.2240241279
2018-05-11 03:14:00,-94.0878504029
2018-05-11 03:15:00,-86.2240241279
2018-05-11 03:16:00,-86.2240241279
2018-05-11 03:17:00,-86.2240241279
2018-05-11 03:18:00,-86.2240241279
2018-05-11 03:19:00,-86.2240241279
2018-05-11 03:20:00,-86.2240241279
2018-05-11 03:21:00,-86.2240241279
2018-05-11 03:22:00,-94.0878504029
2018-05-11 03:23:00,-94.0878504029
2018-05-11 03:24:00,-117.679329228
2018-05-11 03:25:00,-117.679329228
2018-05-11 03:26:00,-101.951676678
2018-05-11 03:27:00,-94.0878504029
2018-05-11 03:28:00,-94.0878504029
2018-05-11 03:29:00,-94.0878504029
2018-05-11 03:30:00,-78.3601978529
2018-05-11 03:31:00,-78.3601978529
2018-05-11 03:32:00,-78.3601978529
2018-05-11 03:33:00,-78.3601978529
2018-05-11 03:34:00,-78.3601978529
2018-05-11 03:35:00,-78.3601978529
2018-05-11 03:36:00,-78.3601978529
2018-05-11 03:37:00,-78.3601978529
2018-05-11 03:38:00,-78.3601978529
2018-05-11 03:39:00,-78.3601978529
2018-05-11 03:40:00,-39.0410664779
2018-05-11 03:41:00,-39.0410664779
2018-05-11 03:42:00,-39.0410664779
2018-05-11 03:43:00,-39.0410664779
2018-05-11 03:44:00,-54.7687190279
2018-05-11 03:45:00,-54.7687190279
2018-05-11 03:46:00,-70.4963715779
2018-05-11 03:47:00,-70.4963715779
2018-05-11 03:48:00,-70.4963715779
2018-05-11 03:49:00,-70.4963715779
2018-05-11 03:50:00,-70.4963715779
2018-05-11 03:51:00,-70.4963715779
2018-05-11 03:52:00,-70.4963715779
2018-05-11 03:53:00,-70.4963715779
2018-05-11 03:54:00,-62.6325453029
2018-05-11 03:55:00,-62.6325453029
2018-05-11 03:56:00,-62.6325453029
2018-05-11 03:57:00,-62.6325453029
2018-05-11 03:58:00,-62.6325453029
2018-05-11 03:59:00,-62.6325453029
2018-05-11 04:00:00,-70.4963715779
2018-05-11 04:01:00,-70.4963715779
2018-05-11 04:02:00,-62.6325453029
2018-05-11 04:03:00,-62.6325453029
2018-05-11 04:04:00,-62.6325453029
2018-05-11 04:05:00,-62.6325453029
2018-05-11 04:06:00,-62.6325453029
2018-05-11 04:07:00,-62.6325453029
2018-05-11 04:08:00,-62.6325453029
2018-05-11 04:09:00,-62.6325453029
2018-05-11 04:10:00,-62.6325453029
2018-05-11 04:11:00,-62.6325453029
2018-05-11 04:12:00,-62.6325453029
2018-05-11 04:13:00,-62.6325453029
2018-05-11 04:14:00,-62.6325453029
2018-05-11 04:15:00,-62.6325453029
2018-05-11 04:16:00,-62.6325453029
2018-05-11 04:17:00,-62.6325453029
2018-05-11 04:18:00,-54.7687190279
2018-05-11 04:19:00,-54.7687190279
2018-05-11 04:20:00,-54.7687190279
2018-05-11 04:21:00,-54.7687190279
2018-05-11 04:22:00,-62.6325453029
2018-05-11 04:23:00,-70.4963715779
2018-05-11 04:24:00,-62.6325453029
2018-05-11 04:25:00,-62.6325453029
2018-05-11 04:26:00,-70.4963715779
2018-05-11 04:27:00,-70.4963715779
2018-05-11 04:28:00,-70.4963715779
2018-05-11 04:29:00,-70.4963715779
2018-05-11 04:30:00,-70.4963715779
2018-05-11 04:31:00,-62.6325453029
2018-05-11 04:32:00,-62.6325453029
2018-05-11 04:33:00,-62.6325453029
2018-05-11 04:34:00,-78.3601978529
2018-05-11 04:35:00,-86.2240241279
2018-05-11 04:36:00,-86.2240241279
2018-05-11 04:37:00,-86.2240241279
2018-05-11 04:38:00,-86.2240241279
2018-05-11 04:39:00,-86.2240241279
2018-05-11 04:40:00,-86.2240241279
2018-05-11 04:41:00,-86.2240241279
2018-05-11 04:42:00,-86.2240241279
2018-05-11 04:43:00,-86.2240241279
2018-05-11 04:44:00,-86.2240241279
2018-05-11 04:45:00,-86.2240241279
2018-05-11 04:46:00,-86.2240241279
2018-05-11 04:47:00,-86.2240241279
2018-05-11 04:48:00,-86.2240241279
2018-05-11 04:49:00,-86.2240241279
2018-05-11 04:50:00,-86.2240241279
2018-05-11 04:51:00,-70.4963715779
2018-05-11 04:52:00,-46.9048927529
2018-05-11 04:53:00,-46.9048927529
2018-05-11 04:54:00,-46.9048927529
2018-05-11 04:55:00,-39.0410664779
2018-05-11 04:56:00,-39.0410664779
2018-05-11 04:57:00,-39.0410664779
2018-05-11 04:58:00,-39.0410664779
2018-05-11 04:59:00,-39.0410664779
2018-05-11 05:00:00,-39.0410664779
2018-05-11 05:01:00,-39.0410664779
2018-05-11 05:02:00,-39.0410664779
2018-05-11 05:03:00,-39.0410664779
2018-05-11 05:04:00,-39.0410664779
2018-05-11 05:05:00,-39.0410664779
2018-05-11 05:06:00,-39.0410664779
2018-05-11 05:07:00,-70.4963715779
2018-05-11 05:08:00,-70.4963715779
2018-05-11 05:09:00,-62.6325453029
2018-05-11 05:10:00,-62.6325453029
2018-05-11 05:11:00,-54.7687190279
2018-05-11 05:12:00,-70.4963715779
2018-05-11 05:13:00,-62.6325453029
2018-05-11 05:14:00,-70.4963715779
2018-05-11 05:15:00,-70.4963715779
2018-05-11 05:16:00,-70.4963715779
2018-05-11 05:17:00,-70.4963715779
2018-05-11 05:18:00,-70.4963715779
2018-05-11 05:19:00,-70.4963715779
2018-05-11 05:20:00,-78.3601978529
2018-05-11 05:21:00,-70.4963715779
2018-05-11 05:22:00,-70.4963715779
2018-05-11 05:23:00,-86.2240241279
2018-05-11 05:24:00,-86.2240241279
2018-05-11 05:25:00,-86.2240241279
2018-05-11 05:26:00,-70.4963715779
2018-05-11 05:27:00,-70.4963715779
2018-05-11 05:28:00,-70.4963715779
2018-05-11 05:29:00,-86.2240241279
2018-05-11 05:30:00,-86.2240241279
2018-05-11 05:31:00,-86.2240241279
2018-05-11 05:32:00,-86.2240241279
2018-05-11 05:33:00,-86.2240241279
2018-05-11 05:34:00,-86.2240241279
2018-05-11 05:35:00,-86.2240241279
2018-05-11 05:36:00,-86.2240241279
2018-05-11 05:37:00,-86.2240241279
2018-05-11 05:38:00,-86.2240241279
2018-05-11 05:39:00,-94.0878504029
2018-05-11 05:40:00,-62.6325453029
2018-05-11 05:41:00,-78.3601978529
2018-05-11 05:42:00,-70.4963715779
2018-05-11 05:43:00,-86.2240241279
2018-05-11 05:44:00,-62.6325453029
2018-05-11 05:45:00,-94.0878504029
2018-05-11 05:46:00,-78.3601978529
2018-05-11 05:47:00,-78.3601978529
2018-05-11 05:48:00,-78.3601978529
2018-05-11 05:49:00,-78.3601978529
2018-05-11 05:50:00,-78.3601978529
2018-05-11 05:51:00,-78.3601978529
2018-05-11 05:52:00,-78.3601978529
2018-05-11 05:53:00,-78.3601978529
2018-05-11 05:54:00,-78.3601978529
2018-05-11 05:55:00,-70.4963715779
2018-05-11 05:56:00,-86.2240241279
2018-05-11 05:57:00,-86.2240241279
2018-05-11 05:58:00,-86.2240241279
2018-05-11 05:59:00,-86.2240241279
2018-05-11 06:00:00,-94.0878504029
2018-05-11 06:01:00,-101.951676678
2018-05-11 06:02:00,-94.0878504029
2018-05-11 06:03:00,-94.0878504029
2018-05-11 06:04:00,-94.0878504029
2018-05-11 06:05:00,-78.3601978529
2018-05-11 06:06:00,-78.3601978529
2018-05-11 06:07:00,-86.2240241279
2018-05-11 06:08:00,-86.2240241279
2018-05-11 06:09:00,-86.2240241279
2018-05-11 06:10:00,-86.2240241279
2018-05-11 06:11:00,-86.2240241279
2018-05-11 06:12:00,-86.2240241279
2018-05-11 06:13:00,-78.3601978529
2018-05-11 06:14:00,-70.4963715779
2018-05-11 06:15:00,-70.4963715779
2018-05-11 06:16:00,-70.4963715779
2018-05-11 06:17:00,-70.4963715779
2018-05-11 06:18:00,-70.4963715779
2018-05-11 06:19:00,-70.4963715779
2018-05-11 06:20:00,-70.4963715779
2018-05-11 06:21:00,-62.6325453029
2018-05-11 06:22:00,-62.6325453029
2018-05-11 06:23:00,-54.7687190279
2018-05-11 06:24:00,-54.7687190279
2018-05-11 06:25:00,-70.4963715779
2018-05-11 06:26:00,-70.4963715779
2018-05-11 06:27:00,-70.4963715779
2018-05-11 06:28:00,-70.4963715779
2018-05-11 06:29:00,-70.4963715779
2018-05-11 06:30:00,-70.4963715779
2018-05-11 06:31:00,-54.7687190279
2018-05-11 06:32:00,-54.7687190279
2018-05-11 06:33:00,-54.7687190279
2018-05-11 06:34:00,-54.7687190279
2018-05-11 06:35:00,-54.7687190279
2018-05-11 06:36:00,-54.7687190279
2018-05-11 06:37:00,-54.7687190279
2018-05-11 06:38:00,-54.7687190279
2018-05-11 06:39:00,-54.7687190279
2018-05-11 06:40:00,-54.7687190279
2018-05-11 06:41:00,-54.7687190279
2018-05-11 06:42:00,-46.9048927529
2018-05-11 06:43:00,-54.7687190279
2018-05-11 06:44:00,-54.7687190279
2018-05-11 06:45:00,-46.9048927529
2018-05-11 06:46:00,-46.9048927529
2018-05-11 06:47:00,-54.7687190279
2018-05-11 06:48:00,-54.7687190279
2018-05-11 06:49:00,-54.7687190279
2018-05-11 06:50:00,-46.9048927529
2018-05-11 06:51:00,-46.9048927529
2018-05-11 06:52:00,-46.9048927529
2018-05-11 06:53:00,-62.6325453029
2018-05-11 06:54:00,-62.6325453029
2018-05-11 06:55:00,-62.6325453029
2018-05-11 06:56:00,-54.7687190279
2018-05-11 06:57:00,-54.7687190279
2018-05-11 06:58:00,-54.7687190279
2018-05-11 06:59:00,-46.9048927529
2018-05-11 07:00:00,-46.9048927529
2018-05-11 07:01:00,-54.7687190279
2018-05-11 07:02:00,-54.7687190279
2018-05-11 07:03:00,-54.7687190279
2018-05-11 07:04:00,-54.7687190279
2018-05-11 07:05:00,-62.6325453029
2018-05-11 07:06:00,-54.7687190279
2018-05-11 07:07:00,-70.4963715779
2018-05-11 07:08:00,-62.6325453029
2018-05-11 07:09:00,-62.6325453029
2018-05-11 07:10:00,-62.6325453029
2018-05-11 07:11:00,-70.4963715779
2018-05-11 07:12:00,-70.4963715779
2018-05-11 07:13:00,-54.7687190279
2018-05-11 07:14:00,-46.9048927529
2018-05-11 07:15:00,-39.0410664779
2018-05-11 07:16:00,-39.0410664779
2018-05-11 07:17:00,-39.0410664779
2018-05-11 07:18:00,-39.0410664779
2018-05-11 07:19:00,-39.0410664779
2018-05-11 07:20:00,-39.0410664779
2018-05-11 07:21:00,-39.0410664779
2018-05-11 07:22:00,-23.3134139279
2018-05-11 07:23:00,-39.0410664779
2018-05-11 07:24:00,-39.0410664779
2018-05-11 07:25:00,-46.9048927529
2018-05-11 07:26:00,-39.0410664779
2018-05-11 07:27:00,-54.7687190279
2018-05-11 07:28:00,-70.4963715779
2018-05-11 07:29:00,-70.4963715779
2018-05-11 07:30:00,-70.4963715779
2018-05-11 07:31:00,-54.7687190279
2018-05-11 07:32:00,-54.7687190279
2018-05-11 07:33:00,-54.7687190279
2018-05-11 07:34:00,-39.0410664779
2018-05-11 07:35:00,-39.0410664779
2018-05-11 07:36:00,-39.0410664779
2018-05-11 07:37:00,-39.0410664779
2018-05-11 07:38:00,-39.0410664779
2018-05-11 07:39:00,-31.1772402029
2018-05-11 07:40:00,-23.3134139279
2018-05-11 07:41:00,-23.3134139279
2018-05-11 07:42:00,-39.0410664779
2018-05-11 07:43:00,-39.0410664779
2018-05-11 07:44:00,-39.0410664779
2018-05-11 07:45:00,-39.0410664779
2018-05-11 07:46:00,-39.0410664779
2018-05-11 07:47:00,-39.0410664779
2018-05-11 07:48:00,-31.1772402029
2018-05-11 07:49:00,-39.0410664779
2018-05-11 07:50:00,-39.0410664779
2018-05-11 07:51:00,-39.0410664779
2018-05-11 07:52:00,-39.0410664779
2018-05-11 07:53:00,-39.0410664779
2018-05-11 07:54:00,-39.0410664779
2018-05-11 07:55:00,-39.0410664779
2018-05-11 07:56:00,-39.0410664779
2018-05-11 07:57:00,-39.0410664779
2018-05-11 07:58:00,-39.0410664779
2018-05-11 07:59:00,-39.0410664779
2018-05-11 08:00:00,-31.1772402029
2018-05-11 08:01:00,-39.0410664779
2018-05-11 08:02:00,-39.0410664779
2018-05-11 08:03:00,-39.0410664779
2018-05-11 08:04:00,-39.0410664779
2018-05-11 08:05:00,-39.0410664779
2018-05-11 08:06:00,-54.7687190279
2018-05-11 08:07:00,-39.0410664779
2018-05-11 08:08:00,-54.7687190279
2018-05-11 08:09:00,-54.7687190279
2018-05-11 08:10:00,-54.7687190279
2018-05-11 08:11:00,-54.7687190279
2018-05-11 08:12:00,-54.7687190279
2018-05-11 08:13:00,-54.7687190279
2018-05-11 08:14:00,-54.7687190279
2018-05-11 08:15:00,-54.7687190279
2018-05-11 08:16:00,-54.7687190279
2018-05-11 08:17:00,-39.0410664779
2018-05-11 08:18:00,-39.0410664779
2018-05-11 08:19:00,-39.0410664779
2018-05-11 08:20:00,-39.0410664779
2018-05-11 08:21:00,-39.0410664779
2018-05-11 08:22:00,-39.0410664779
2018-05-11 08:23:00,-54.7687190279
2018-05-11 08:24:00,-54.7687190279
2018-05-11 08:25:00,-54.7687190279
2018-05-11 08:26:00,-54.7687190279
2018-05-11 08:27:00,-39.0410664779
2018-05-11 08:28:00,-54.7687190279
2018-05-11 08:29:00,-62.6325453029
2018-05-11 08:30:00,-70.4963715779
2018-05-11 08:31:00,-70.4963715779
2018-05-11 08:32:00,-70.4963715779
2018-05-11 08:33:00,-70.4963715779
2018-05-11 08:34:00,-70.4963715779
2018-05-11 08:35:00,-70.4963715779
2018-05-11 08:36:00,-70.4963715779
2018-05-11 08:37:00,-70.4963715779
2018-05-11 08:38:00,-70.4963715779
2018-05-11 08:39:00,-70.4963715779
2018-05-11 08:40:00,-78.3601978529
2018-05-11 08:41:00,-70.4963715779
2018-05-11 08:42:00,-70.4963715779
2018-05-11 08:43:00,-70.4963715779
2018-05-11 08:44:00,-70.4963715779
2018-05-11 08:45:00,-70.4963715779
2018-05-11 08:46:00,-78.3601978529
2018-05-11 08:47:00,-86.2240241279
2018-05-11 08:48:00,-86.2240241279
2018-05-11 08:49:00,-94.0878504029
2018-05-11 08:50:00,-86.2240241279
2018-05-11 08:51:00,-86.2240241279
2018-05-11 08:52:00,-86.2240241279
2018-05-11 08:53:00,-78.3601978529
2018-05-11 08:54:00,-78.3601978529
2018-05-11 08:55:00,-78.3601978529
2018-05-11 08:56:00,-70.4963715779
2018-05-11 08:57:00,-70.4963715779
2018-05-11 08:58:00,-70.4963715779
2018-05-11 08:59:00,-70.4963715779
2018-05-11 09:00:00,-70.4963715779
2018-05-11 09:01:00,-70.4963715779
2018-05-11 09:02:00,-70.4963715779
2018-05-11 09:03:00,-70.4963715779
2018-05-11 09:04:00,-70.4963715779
2018-05-11 09:05:00,-70.4963715779
2018-05-11 09:06:00,-70.4963715779
2018-05-11 09:07:00,-70.4963715779
2018-05-11 09:08:00,-70.4963715779
2018-05-11 09:09:00,-78.3601978529
2018-05-11 09:10:00,-78.3601978529
2018-05-11 09:11:00,-78.3601978529
2018-05-11 09:12:00,-70.4963715779
2018-05-11 09:13:00,-78.3601978529
2018-05-11 09:14:00,-86.2240241279
2018-05-11 09:15:00,-86.2240241279
2018-05-11 09:16:00,-94.0878504029
2018-05-11 09:17:00,-94.0878504029
2018-05-11 09:18:00,-86.2240241279
2018-05-11 09:19:00,-94.0878504029
2018-05-11 09:20:00,-94.0878504029
2018-05-11 09:21:00,-94.0878504029
2018-05-11 09:22:00,-94.0878504029
2018-05-11 09:23:00,-101.951676678
2018-05-11 09:24:00,-101.951676678
2018-05-11 09:25:00,-101.951676678
2018-05-11 09:26:00,-101.951676678
2018-05-11 09:27:00,-101.951676678
2018-05-11 09:28:00,-101.951676678
2018-05-11 09:29:00,-101.951676678
2018-05-11 09:30:00,-117.679329228
2018-05-11 09:31:00,-117.679329228
2018-05-11 09:32:00,-117.679329228
2018-05-11 09:33:00,-109.815502953
2018-05-11 09:34:00,-117.679329228
2018-05-11 09:35:00,-109.815502953
2018-05-11 09:36:00,-109.815502953
2018-05-11 09:37:00,-117.679329228
2018-05-11 09:38:00,-101.951676678
2018-05-11 09:39:00,-101.951676678
2018-05-11 09:40:00,-101.951676678
2018-05-11 09:41:00,-94.0878504029
2018-05-11 09:42:00,-101.951676678
2018-05-11 09:43:00,-101.951676678
2018-05-11 09:44:00,-101.951676678
2018-05-11 09:45:00,-101.951676678
2018-05-11 09:46:00,-101.951676678
2018-05-11 09:47:00,-109.815502953
2018-05-11 09:48:00,-101.951676678
2018-05-11 09:49:00,-101.951676678
2018-05-11 09:50:00,-101.951676678
2018-05-11 09:51:00,-101.951676678
2018-05-11 09:52:00,-101.951676678
2018-05-11 09:53:00,-101.951676678
2018-05-11 09:54:00,-94.0878504029
2018-05-11 09:55:00,-94.0878504029
2018-05-11 09:56:00,-94.0878504029
2018-05-11 09:57:00,-94.0878504029
2018-05-11 09:58:00,-94.0878504029
2018-05-11 09:59:00,-94.0878504029
2018-05-11 10:00:00,-94.0878504029
2018-05-11 10:01:00,-94.0878504029
2018-05-11 10:02:00,-94.0878504029
2018-05-11 10:03:00,-101.951676678
2018-05-11 10:04:00,-101.951676678
2018-05-11 10:05:00,-101.951676678
2018-05-11 10:06:00,-101.951676678
2018-05-11 10:07:00,-94.0878504029
2018-05-11 10:08:00,-94.0878504029
2018-05-11 10:09:00,-94.0878504029
2018-05-11 10:10:00,-94.0878504029
2018-05-11 10:11:00,-94.0878504029
2018-05-11 10:12:00,-94.0878504029
2018-05-11 10:13:00,-94.0878504029
2018-05-11 10:14:00,-94.0878504029
2018-05-11 10:15:00,-94.0878504029
2018-05-11 10:16:00,-94.0878504029
2018-05-11 10:17:00,-94.0878504029
2018-05-11 10:18:00,-94.0878504029
2018-05-11 10:19:00,-94.0878504029
2018-05-11 10:20:00,-94.0878504029
2018-05-11 10:21:00,-94.0878504029
2018-05-11 10:22:00,-94.0878504029
2018-05-11 10:23:00,-94.0878504029
2018-05-11 10:24:00,-86.2240241279
2018-05-11 10:25:00,-86.2240241279
2018-05-11 10:26:00,-86.2240241279
2018-05-11 10:27:00,-94.0878504029
2018-05-11 10:28:00,-94.0878504029
2018-05-11 10:29:00,-94.0878504029
2018-05-11 10:30:00,-94.0878504029
2018-05-11 10:31:00,-94.0878504029
2018-05-11 10:32:00,-94.0878504029
2018-05-11 10:33:00,-94.0878504029
2018-05-11 10:34:00,-94.0878504029
2018-05-11 10:35:00,-94.0878504029
2018-05-11 10:36:00,-70.4963715779
2018-05-11 10:37:00,-70.4963715779
2018-05-11 10:38:00,-78.3601978529
2018-05-11 10:39:00,-78.3601978529
2018-05-11 10:40:00,-78.3601978529
2018-05-11 10:41:00,-70.4963715779
2018-05-11 10:42:00,-70.4963715779
2018-05-11 10:43:00,-70.4963715779
2018-05-11 10:44:00,-70.4963715779
2018-05-11 10:45:00,-70.4963715779
2018-05-11 10:46:00,-70.4963715779
2018-05-11 10:47:00,-70.4963715779
2018-05-11 10:48:00,-62.6325453029
2018-05-11 10:49:00,-62.6325453029
2018-05-11 10:50:00,-62.6325453029
2018-05-11 10:51:00,-62.6325453029
2018-05-11 10:52:00,-62.6325453029
2018-05-11 10:53:00,-54.7687190279
2018-05-11 10:54:00,-54.7687190279
2018-05-11 10:55:00,-54.7687190279
2018-05-11 10:56:00,-54.7687190279
2018-05-11 10:57:00,-54.7687190279
2018-05-11 10:58:00,-54.7687190279
2018-05-11 10:59:00,-54.7687190279
2018-05-11 11:00:00,-62.6325453029
2018-05-11 11:01:00,-62.6325453029
2018-05-11 11:02:00,-54.7687190279
2018-05-11 11:03:00,-62.6325453029
2018-05-11 11:04:00,-62.6325453029
2018-05-11 11:05:00,-62.6325453029
2018-05-11 11:06:00,-62.6325453029
2018-05-11 11:07:00,-62.6325453029
2018-05-11 11:08:00,-62.6325453029
2018-05-11 11:09:00,-62.6325453029
2018-05-11 11:10:00,-62.6325453029
2018-05-11 11:11:00,-62.6325453029
2018-05-11 11:12:00,-54.7687190279
2018-05-11 11:13:00,-62.6325453029
2018-05-11 11:14:00,-62.6325453029
2018-05-11 11:15:00,-62.6325453029
2018-05-11 11:16:00,-78.3601978529
2018-05-11 11:17:00,-78.3601978529
2018-05-11 11:18:00,-78.3601978529
2018-05-11 11:19:00,-78.3601978529
2018-05-11 11:20:00,-78.3601978529
2018-05-11 11:21:00,-78.3601978529
2018-05-11 11:22:00,-78.3601978529
2018-05-11 11:23:00,-78.3601978529
2018-05-11 11:24:00,-78.3601978529
2018-05-11 11:25:00,-78.3601978529
2018-05-11 11:26:00,-78.3601978529
2018-05-11 11:27:00,-94.0878504029
2018-05-11 11:28:00,-94.0878504029
2018-05-11 11:29:00,-94.0878504029
2018-05-11 11:30:00,-94.0878504029
2018-05-11 11:31:00,-94.0878504029
2018-05-11 11:32:00,-94.0878504029
2018-05-11 11:33:00,-101.951676678
2018-05-11 11:34:00,-94.0878504029
2018-05-11 11:35:00,-94.0878504029
2018-05-11 11:36:00,-94.0878504029
2018-05-11 11:37:00,-94.0878504029
2018-05-11 11:38:00,-94.0878504029
2018-05-11 11:39:00,-94.0878504029
2018-05-11 11:40:00,-94.0878504029
2018-05-11 11:41:00,-101.951676678
2018-05-11 11:42:00,-101.951676678
2018-05-11 11:43:00,-101.951676678
2018-05-11 11:44:00,-101.951676678
2018-05-11 11:45:00,-94.0878504029
2018-05-11 11:46:00,-101.951676678
2018-05-11 11:47:00,-101.951676678
2018-05-11 11:48:00,-86.2240241279
2018-05-11 11:49:00,-86.2240241279
2018-05-11 11:50:00,-86.2240241279
2018-05-11 11:51:00,-86.2240241279
2018-05-11 11:52:00,-86.2240241279
2018-05-11 11:53:00,-86.2240241279
2018-05-11 11:54:00,-86.2240241279
2018-05-11 11:55:00,-86.2240241279
2018-05-11 11:56:00,-86.2240241279
2018-05-11 11:57:00,-86.2240241279
2018-05-11 11:58:00,-86.2240241279
2018-05-11 11:59:00,-86.2240241279
2018-05-14 01:37:00,-57.8119135038
2018-05-14 01:38:00,-57.8119135038
2018-05-14 01:39:00,-57.8119135038
2018-05-14 01:40:00,-50.5566208038
2018-05-14 01:41:00,-50.5566208038
2018-05-14 01:42:00,-57.8119135038
2018-05-14 01:43:00,-57.8119135038
2018-05-14 01:44:00,-50.5566208038
2018-05-14 01:45:00,-57.8119135038
2018-05-14 01:46:00,-57.8119135038
2018-05-14 01:47:00,-57.8119135038
2018-05-14 01:48:00,-72.3224989038
2018-05-14 01:49:00,-72.3224989038
2018-05-14 01:50:00,-72.3224989038
2018-05-14 01:51:00,-72.3224989038
2018-05-14 01:52:00,-72.3224989038
2018-05-14 01:53:00,-72.3224989038
2018-05-14 01:54:00,-72.3224989038
2018-05-14 01:55:00,-72.3224989038
2018-05-14 01:56:00,-72.3224989038
2018-05-14 01:57:00,-72.3224989038
2018-05-14 01:58:00,-72.3224989038
2018-05-14 01:59:00,-79.5777916038
2018-05-14 02:00:00,-57.8119135038
2018-05-14 02:01:00,-57.8119135038
2018-05-14 02:02:00,-86.8330843038
2018-05-14 02:03:00,-94.0883770038
2018-05-14 02:04:00,-108.598962404
2018-05-14 02:05:00,-115.854255104
2018-05-14 02:06:00,-123.109547804
2018-05-14 02:07:00,-115.854255104
2018-05-14 02:08:00,-115.854255104
2018-05-14 02:09:00,-152.130718604
2018-05-14 02:10:00,-152.130718604
2018-05-14 02:11:00,-173.896596704
2018-05-14 02:12:00,-173.896596704
2018-05-14 02:13:00,-173.896596704
2018-05-14 02:14:00,-173.896596704
2018-05-14 02:15:00,-173.896596704
2018-05-14 02:16:00,-159.386011304
2018-05-14 02:17:00,-159.386011304
2018-05-14 02:18:00,-144.875425904
2018-05-14 02:19:00,-144.875425904
2018-05-14 02:20:00,-144.875425904
2018-05-14 02:21:00,-130.364840504
2018-05-14 02:22:00,-144.875425904
2018-05-14 02:23:00,-144.875425904
2018-05-14 02:24:00,-144.875425904
2018-05-14 02:25:00,-144.875425904
2018-05-14 02:26:00,-130.364840504
2018-05-14 02:27:00,-130.364840504
2018-05-14 02:28:00,-152.130718604
2018-05-14 02:29:00,-130.364840504
2018-05-14 02:30:00,-130.364840504
2018-05-14 02:31:00,-130.364840504
2018-05-14 02:32:00,-130.364840504
2018-05-14 02:33:00,-137.620133204
2018-05-14 02:34:00,-159.386011304
2018-05-14 02:35:00,-159.386011304
2018-05-14 02:36:00,-159.386011304
2018-05-14 02:37:00,-173.896596704
2018-05-14 02:38:00,-188.407182104
2018-05-14 02:39:00,-173.896596704
2018-05-14 02:40:00,-173.896596704
2018-05-14 02:41:00,-166.641304004
2018-05-14 02:42:00,-166.641304004
2018-05-14 02:43:00,-166.641304004
2018-05-14 02:44:00,-166.641304004
2018-05-14 02:45:00,-166.641304004
2018-05-14 02:46:00,-152.130718604
2018-05-14 02:47:00,-152.130718604
2018-05-14 02:48:00,-152.130718604
2018-05-14 02:49:00,-144.875425904
2018-05-14 02:50:00,-144.875425904
2018-05-14 02:51:00,-144.875425904
2018-05-14 02:52:00,-144.875425904
2018-05-14 02:53:00,-144.875425904
2018-05-14 02:54:00,-144.875425904
2018-05-14 02:55:00,-144.875425904
2018-05-14 02:56:00,-144.875425904
2018-05-14 02:57:00,-144.875425904
2018-05-14 02:58:00,-144.875425904
2018-05-14 02:59:00,-144.875425904
2018-05-14 03:00:00,-144.875425904
2018-05-14 03:01:00,-144.875425904
2018-05-14 03:02:00,-144.875425904
2018-05-14 03:03:00,-144.875425904
2018-05-14 03:04:00,-144.875425904
2018-05-14 03:05:00,-144.875425904
2018-05-14 03:06:00,-144.875425904
2018-05-14 03:07:00,-144.875425904
2018-05-14 03:08:00,-144.875425904
2018-05-14 03:09:00,-144.875425904
2018-05-14 03:10:00,-144.875425904
2018-05-14 03:11:00,-144.875425904
2018-05-14 03:12:00,-144.875425904
2018-05-14 03:13:00,-144.875425904
2018-05-14 03:14:00,-144.875425904
2018-05-14 03:15:00,-144.875425904
2018-05-14 03:16:00,-144.875425904
2018-05-14 03:17:00,-144.875425904
2018-05-14 03:18:00,-144.875425904
2018-05-14 03:19:00,-144.875425904
2018-05-14 03:20:00,-159.386011304
2018-05-14 03:21:00,-166.641304004
2018-05-14 03:22:00,-166.641304004
2018-05-14 03:23:00,-166.641304004
2018-05-14 03:24:00,-173.896596704
2018-05-14 03:25:00,-173.896596704
2018-05-14 03:26:00,-181.151889404
2018-05-14 03:27:00,-159.386011304
2018-05-14 03:28:00,-159.386011304
2018-05-14 03:29:00,-159.386011304
2018-05-14 03:30:00,-144.875425904
2018-05-14 03:31:00,-144.875425904
2018-05-14 03:32:00,-144.875425904
2018-05-14 03:33:00,-144.875425904
2018-05-14 03:34:00,-152.130718604
2018-05-14 03:35:00,-144.875425904
2018-05-14 03:36:00,-144.875425904
2018-05-14 03:37:00,-144.875425904
2018-05-14 03:38:00,-144.875425904
2018-05-14 03:39:00,-173.896596704
2018-05-14 03:40:00,-173.896596704
2018-05-14 03:41:00,-173.896596704
2018-05-14 03:42:00,-173.896596704
2018-05-14 03:43:00,-173.896596704
2018-05-14 03:44:00,-173.896596704
2018-05-14 03:45:00,-173.896596704
2018-05-14 03:46:00,-195.662474804
2018-05-14 03:47:00,-188.407182104
2018-05-14 03:48:00,-188.407182104
2018-05-14 03:49:00,-202.917767504
2018-05-14 03:50:00,-202.917767504
2018-05-14 03:51:00,-202.917767504
2018-05-14 03:52:00,-202.917767504
2018-05-14 03:53:00,-202.917767504
2018-05-14 03:54:00,-202.917767504
2018-05-14 03:55:00,-202.917767504
2018-05-14 03:56:00,-202.917767504
2018-05-14 03:57:00,-202.917767504
2018-05-14 03:58:00,-202.917767504
2018-05-14 03:59:00,-202.917767504
2018-05-14 04:00:00,-202.917767504
2018-05-14 04:01:00,-202.917767504
2018-05-14 04:02:00,-231.938938304
2018-05-14 04:03:00,-246.449523704
2018-05-14 04:04:00,-239.194231004
2018-05-14 04:05:00,-239.194231004
2018-05-14 04:06:00,-246.449523704
2018-05-14 04:07:00,-246.449523704
2018-05-14 04:08:00,-231.938938304
2018-05-14 04:09:00,-231.938938304
2018-05-14 04:10:00,-231.938938304
2018-05-14 04:11:00,-217.428352904
2018-05-14 04:12:00,-217.428352904
2018-05-14 04:13:00,-217.428352904
2018-05-14 04:14:00,-195.662474804
2018-05-14 04:15:00,-195.662474804
2018-05-14 04:16:00,-202.917767504
2018-05-14 04:17:00,-202.917767504
2018-05-14 04:18:00,-202.917767504
2018-05-14 04:19:00,-202.917767504
2018-05-14 04:20:00,-202.917767504
2018-05-14 04:21:00,-202.917767504
2018-05-14 04:22:00,-202.917767504
2018-05-14 04:23:00,-202.917767504
2018-05-14 04:24:00,-202.917767504
2018-05-14 04:25:00,-202.917767504
2018-05-14 04:26:00,-202.917767504
2018-05-14 04:27:00,-202.917767504
2018-05-14 04:28:00,-202.917767504
2018-05-14 04:29:00,-217.428352904
2018-05-14 04:30:00,-217.428352904
2018-05-14 04:31:00,-210.173060204
2018-05-14 04:32:00,-202.917767504
2018-05-14 04:33:00,-202.917767504
2018-05-14 04:34:00,-224.683645604
2018-05-14 04:35:00,-224.683645604
2018-05-14 04:36:00,-224.683645604
2018-05-14 04:37:00,-217.428352904
2018-05-14 04:38:00,-217.428352904
2018-05-14 04:39:00,-217.428352904
2018-05-14 04:40:00,-217.428352904
2018-05-14 04:41:00,-224.683645604
2018-05-14 04:42:00,-224.683645604
2018-05-14 04:43:00,-224.683645604
2018-05-14 04:44:00,-224.683645604
2018-05-14 04:45:00,-224.683645604
2018-05-14 04:46:00,-224.683645604
2018-05-14 04:47:00,-217.428352904
2018-05-14 04:48:00,-224.683645604
2018-05-14 04:49:00,-217.428352904
2018-05-14 04:50:00,-217.428352904
2018-05-14 04:51:00,-231.938938304
2018-05-14 04:52:00,-231.938938304
2018-05-14 04:53:00,-231.938938304
2018-05-14 04:54:00,-231.938938304
2018-05-14 04:55:00,-224.683645604
2018-05-14 04:56:00,-202.917767504
2018-05-14 04:57:00,-202.917767504
2018-05-14 04:58:00,-217.428352904
2018-05-14 04:59:00,-210.173060204
2018-05-14 05:00:00,-202.917767504
2018-05-14 05:01:00,-195.662474804
2018-05-14 05:02:00,-195.662474804
2018-05-14 05:03:00,-195.662474804
2018-05-14 05:04:00,-195.662474804
2018-05-14 05:05:00,-188.407182104
2018-05-14 05:06:00,-188.407182104
2018-05-14 05:07:00,-188.407182104
2018-05-14 05:08:00,-188.407182104
2018-05-14 05:09:00,-188.407182104
2018-05-14 05:10:00,-188.407182104
2018-05-14 05:11:00,-188.407182104
2018-05-14 05:12:00,-188.407182104
2018-05-14 05:13:00,-188.407182104
2018-05-14 05:14:00,-188.407182104
2018-05-14 05:15:00,-188.407182104
2018-05-14 05:16:00,-188.407182104
2018-05-14 05:17:00,-188.407182104
2018-05-14 05:18:00,-188.407182104
2018-05-14 05:19:00,-188.407182104
2018-05-14 05:20:00,-188.407182104
2018-05-14 05:21:00,-188.407182104
2018-05-14 05:22:00,-188.407182104
2018-05-14 05:23:00,-188.407182104
2018-05-14 05:24:00,-188.407182104
2018-05-14 05:25:00,-188.407182104
2018-05-14 05:26:00,-188.407182104
2018-05-14 05:27:00,-188.407182104
2018-05-14 05:28:00,-202.917767504
2018-05-14 05:29:00,-202.917767504
2018-05-14 05:30:00,-202.917767504
2018-05-14 05:31:00,-202.917767504
2018-05-14 05:32:00,-210.173060204
2018-05-14 05:33:00,-202.917767504
2018-05-14 05:34:00,-202.917767504
2018-05-14 05:35:00,-188.407182104
2018-05-14 05:36:00,-188.407182104
2018-05-14 05:37:00,-188.407182104
2018-05-14 05:38:00,-188.407182104
2018-05-14 05:39:00,-188.407182104
2018-05-14 05:40:00,-188.407182104
2018-05-14 05:41:00,-188.407182104
2018-05-14 05:42:00,-188.407182104
2018-05-14 05:43:00,-188.407182104
2018-05-14 05:44:00,-195.662474804
2018-05-14 05:45:00,-195.662474804
2018-05-14 05:46:00,-210.173060204
2018-05-14 05:47:00,-188.407182104
2018-05-14 05:48:00,-188.407182104
2018-05-14 05:49:00,-188.407182104
2018-05-14 05:50:00,-188.407182104
2018-05-14 05:51:00,-188.407182104
2018-05-14 05:52:00,-181.151889404
2018-05-14 05:53:00,-181.151889404
2018-05-14 05:54:00,-188.407182104
2018-05-14 05:55:00,-181.151889404
2018-05-14 05:56:00,-181.151889404
2018-05-14 05:57:00,-188.407182104
2018-05-14 05:58:00,-181.151889404
2018-05-14 05:59:00,-181.151889404
2018-05-14 06:00:00,-181.151889404
2018-05-14 06:01:00,-173.896596704
2018-05-14 06:02:00,-173.896596704
2018-05-14 06:03:00,-173.896596704
2018-05-14 06:04:00,-173.896596704
2018-05-14 06:05:00,-173.896596704
2018-05-14 06:06:00,-173.896596704
2018-05-14 06:07:00,-173.896596704
2018-05-14 06:08:00,-173.896596704
2018-05-14 06:09:00,-173.896596704
2018-05-14 06:10:00,-173.896596704
2018-05-14 06:11:00,-188.407182104
2018-05-14 06:12:00,-188.407182104
2018-05-14 06:13:00,-195.662474804
2018-05-14 06:14:00,-188.407182104
2018-05-14 06:15:00,-188.407182104
2018-05-14 06:16:00,-188.407182104
2018-05-14 06:17:00,-188.407182104
2018-05-14 06:18:00,-188.407182104
2018-05-14 06:19:00,-188.407182104
2018-05-14 06:20:00,-188.407182104
2018-05-14 06:21:00,-188.407182104
2018-05-14 06:22:00,-188.407182104
2018-05-14 06:23:00,-188.407182104
2018-05-14 06:24:00,-173.896596704
2018-05-14 06:25:00,-173.896596704
2018-05-14 06:26:00,-173.896596704
2018-05-14 06:27:00,-159.386011304
2018-05-14 06:28:00,-159.386011304
2018-05-14 06:29:00,-159.386011304
2018-05-14 06:30:00,-159.386011304
2018-05-14 06:31:00,-144.875425904
2018-05-14 06:32:00,-159.386011304
2018-05-14 06:33:00,-159.386011304
2018-05-14 06:34:00,-144.875425904
2018-05-14 06:35:00,-144.875425904
2018-05-14 06:36:00,-144.875425904
2018-05-14 06:37:00,-144.875425904
2018-05-14 06:38:00,-144.875425904
2018-05-14 06:39:00,-144.875425904
2018-05-14 06:40:00,-144.875425904
2018-05-14 06:41:00,-144.875425904
2018-05-14 06:42:00,-137.620133204
2018-05-14 06:43:00,-130.364840504
2018-05-14 06:44:00,-130.364840504
2018-05-14 06:45:00,-123.109547804
2018-05-14 06:46:00,-115.854255104
2018-05-14 06:47:00,-115.854255104
2018-05-14 06:48:00,-115.854255104
2018-05-14 06:49:00,-130.364840504
2018-05-14 06:50:00,-130.364840504
2018-05-14 06:51:00,-130.364840504
2018-05-14 06:52:00,-130.364840504
2018-05-14 06:53:00,-137.620133204
2018-05-14 06:54:00,-130.364840504
2018-05-14 06:55:00,-115.854255104
2018-05-14 06:56:00,-115.854255104
2018-05-14 06:57:00,-115.854255104
2018-05-14 06:58:00,-115.854255104
2018-05-14 06:59:00,-115.854255104
2018-05-14 07:00:00,-123.109547804
2018-05-14 07:01:00,-144.875425904
2018-05-14 07:02:00,-137.620133204
2018-05-14 07:03:00,-130.364840504
2018-05-14 07:04:00,-130.364840504
2018-05-14 07:05:00,-130.364840504
2018-05-14 07:06:00,-137.620133204
2018-05-14 07:07:00,-137.620133204
2018-05-14 07:08:00,-137.620133204
2018-05-14 07:09:00,-137.620133204
2018-05-14 07:10:00,-137.620133204
2018-05-14 07:11:00,-144.875425904
2018-05-14 07:12:00,-144.875425904
2018-05-14 07:13:00,-144.875425904
2018-05-14 07:14:00,-144.875425904
2018-05-14 07:15:00,-144.875425904
2018-05-14 07:16:00,-144.875425904
2018-05-14 07:17:00,-137.620133204
2018-05-14 07:18:00,-137.620133204
2018-05-14 07:19:00,-137.620133204
2018-05-14 07:20:00,-137.620133204
2018-05-14 07:21:00,-137.620133204
2018-05-14 07:22:00,-152.130718604
2018-05-14 07:23:00,-144.875425904
2018-05-14 07:24:00,-144.875425904
2018-05-14 07:25:00,-137.620133204
2018-05-14 07:26:00,-137.620133204
2018-05-14 07:27:00,-130.364840504
2018-05-14 07:28:00,-130.364840504
2018-05-14 07:29:00,-137.620133204
2018-05-14 07:30:00,-137.620133204
2018-05-14 07:31:00,-137.620133204
2018-05-14 07:32:00,-137.620133204
2018-05-14 07:33:00,-137.620133204
2018-05-14 07:34:00,-137.620133204
2018-05-14 07:35:00,-137.620133204
2018-05-14 07:36:00,-137.620133204
2018-05-14 07:37:00,-130.364840504
2018-05-14 07:38:00,-130.364840504
2018-05-14 07:39:00,-137.620133204
2018-05-14 07:40:00,-137.620133204
2018-05-14 07:41:00,-137.620133204
2018-05-14 07:42:00,-137.620133204
2018-05-14 07:43:00,-144.875425904
2018-05-14 07:44:00,-159.386011304
2018-05-14 07:45:00,-159.386011304
2018-05-14 07:46:00,-159.386011304
2018-05-14 07:47:00,-152.130718604
2018-05-14 07:48:00,-152.130718604
2018-05-14 07:49:00,-152.130718604
2018-05-14 07:50:00,-152.130718604
2018-05-14 07:51:00,-152.130718604
2018-05-14 07:52:00,-152.130718604
2018-05-14 07:53:00,-152.130718604
2018-05-14 07:54:00,-159.386011304
2018-05-14 07:55:00,-137.620133204
2018-05-14 07:56:00,-159.386011304
2018-05-14 07:57:00,-152.130718604
2018-05-14 07:58:00,-152.130718604
2018-05-14 07:59:00,-152.130718604
2018-05-14 08:00:00,-152.130718604
2018-05-14 08:01:00,-152.130718604
2018-05-14 08:02:00,-152.130718604
2018-05-14 08:03:00,-152.130718604
2018-05-14 08:04:00,-152.130718604
2018-05-14 08:05:00,-152.130718604
2018-05-14 08:06:00,-152.130718604
2018-05-14 08:07:00,-152.130718604
2018-05-14 08:08:00,-144.875425904
2018-05-14 08:09:00,-144.875425904
2018-05-14 08:10:00,-159.386011304
2018-05-14 08:11:00,-173.896596704
2018-05-14 08:12:00,-166.641304004
2018-05-14 08:13:00,-173.896596704
2018-05-14 08:14:00,-173.896596704
2018-05-14 08:15:00,-173.896596704
2018-05-14 08:16:00,-173.896596704
2018-05-14 08:17:00,-181.151889404
2018-05-14 08:18:00,-181.151889404
2018-05-14 08:19:00,-173.896596704
2018-05-14 08:20:00,-173.896596704
2018-05-14 08:21:00,-173.896596704
2018-05-14 08:22:00,-173.896596704
2018-05-14 08:23:00,-173.896596704
2018-05-14 08:24:00,-173.896596704
2018-05-14 08:25:00,-173.896596704
2018-05-14 08:26:00,-173.896596704
2018-05-14 08:27:00,-173.896596704
2018-05-14 08:28:00,-173.896596704
2018-05-14 08:29:00,-173.896596704
2018-05-14 08:30:00,-173.896596704
2018-05-14 08:31:00,-181.151889404
2018-05-14 08:32:00,-181.151889404
2018-05-14 08:33:00,-181.151889404
2018-05-14 08:34:00,-181.151889404
2018-05-14 08:35:00,-181.151889404
2018-05-14 08:36:00,-181.151889404
2018-05-14 08:37:00,-181.151889404
2018-05-14 08:38:00,-173.896596704
2018-05-14 08:39:00,-166.641304004
2018-05-14 08:40:00,-166.641304004
2018-05-14 08:41:00,-166.641304004
2018-05-14 08:42:00,-166.641304004
2018-05-14 08:43:00,-166.641304004
2018-05-14 08:44:00,-173.896596704
2018-05-14 08:45:00,-173.896596704
2018-05-14 08:46:00,-173.896596704
2018-05-14 08:47:00,-173.896596704
2018-05-14 08:48:00,-173.896596704
2018-05-14 08:49:00,-173.896596704
2018-05-14 08:50:00,-173.896596704
2018-05-14 08:51:00,-181.151889404
2018-05-14 08:52:00,-173.896596704
2018-05-14 08:53:00,-173.896596704
2018-05-14 08:54:00,-173.896596704
2018-05-14 08:55:00,-188.407182104
2018-05-14 08:56:00,-188.407182104
2018-05-14 08:57:00,-195.662474804
2018-05-14 08:58:00,-195.662474804
2018-05-14 08:59:00,-195.662474804
2018-05-14 09:00:00,-195.662474804
2018-05-14 09:01:00,-195.662474804
2018-05-14 09:02:00,-202.917767504
2018-05-14 09:03:00,-217.428352904
2018-05-14 09:04:00,-210.173060204
2018-05-14 09:05:00,-210.173060204
2018-05-14 09:06:00,-202.917767504
2018-05-14 09:07:00,-202.917767504
2018-05-14 09:08:00,-202.917767504
2018-05-14 09:09:00,-202.917767504
2018-05-14 09:10:00,-202.917767504
2018-05-14 09:11:00,-202.917767504
2018-05-14 09:12:00,-202.917767504
2018-05-14 09:13:00,-202.917767504
2018-05-14 09:14:00,-202.917767504
2018-05-14 09:15:00,-202.917767504
2018-05-14 09:16:00,-202.917767504
2018-05-14 09:17:00,-202.917767504
2018-05-14 09:18:00,-202.917767504
2018-05-14 09:19:00,-202.917767504
2018-05-14 09:20:00,-202.917767504
2018-05-14 09:21:00,-202.917767504
2018-05-14 09:22:00,-188.407182104
2018-05-14 09:23:00,-173.896596704
2018-05-14 09:24:00,-166.641304004
2018-05-14 09:25:00,-159.386011304
2018-05-14 09:26:00,-159.386011304
2018-05-14 09:27:00,-159.386011304
2018-05-14 09:28:00,-159.386011304
2018-05-14 09:29:00,-173.896596704
2018-05-14 09:30:00,-166.641304004
2018-05-14 09:31:00,-173.896596704
2018-05-14 09:32:00,-166.641304004
2018-05-14 09:33:00,-159.386011304
2018-05-14 09:34:00,-144.875425904
2018-05-14 09:35:00,-144.875425904
2018-05-14 09:36:00,-144.875425904
2018-05-14 09:37:00,-144.875425904
2018-05-14 09:38:00,-152.130718604
2018-05-14 09:39:00,-144.875425904
2018-05-14 09:40:00,-144.875425904
2018-05-14 09:41:00,-152.130718604
2018-05-14 09:42:00,-152.130718604
2018-05-14 09:43:00,-152.130718604
2018-05-14 09:44:00,-152.130718604
2018-05-14 09:45:00,-152.130718604
2018-05-14 09:46:00,-152.130718604
2018-05-14 09:47:00,-152.130718604
2018-05-14 09:48:00,-130.364840504
2018-05-14 09:49:00,-137.620133204
2018-05-14 09:50:00,-137.620133204
2018-05-14 09:51:00,-137.620133204
2018-05-14 09:52:00,-137.620133204
2018-05-14 09:53:00,-144.875425904
2018-05-14 09:54:00,-152.130718604
2018-05-14 09:55:00,-152.130718604
2018-05-14 09:56:00,-152.130718604
2018-05-14 09:57:00,-144.875425904
2018-05-14 09:58:00,-152.130718604
2018-05-14 09:59:00,-152.130718604
2018-05-14 10:00:00,-152.130718604
2018-05-14 10:01:00,-159.386011304
2018-05-14 10:02:00,-152.130718604
2018-05-14 10:03:00,-152.130718604
2018-05-14 10:04:00,-173.896596704
2018-05-14 10:05:00,-181.151889404
2018-05-14 10:06:00,-181.151889404
2018-05-14 10:07:00,-181.151889404
2018-05-14 10:08:00,-173.896596704
2018-05-14 10:09:00,-173.896596704
2018-05-14 10:10:00,-173.896596704
2018-05-14 10:11:00,-173.896596704
2018-05-14 10:12:00,-173.896596704
2018-05-14 10:13:00,-173.896596704
2018-05-14 10:14:00,-188.407182104
2018-05-14 10:15:00,-195.662474804
2018-05-14 10:16:00,-195.662474804
2018-05-14 10:17:00,-195.662474804
2018-05-14 10:18:00,-195.662474804
2018-05-14 10:19:00,-195.662474804
2018-05-14 10:20:00,-195.662474804
2018-05-14 10:21:00,-195.662474804
2018-05-14 10:22:00,-195.662474804
2018-05-14 10:23:00,-195.662474804
2018-05-14 10:24:00,-195.662474804
2018-05-14 10:25:00,-173.896596704
2018-05-14 10:26:00,-173.896596704
2018-05-14 10:27:00,-188.407182104
2018-05-14 10:28:00,-181.151889404
2018-05-14 10:29:00,-181.151889404
2018-05-14 10:30:00,-188.407182104
2018-05-14 10:31:00,-188.407182104
2018-05-14 10:32:00,-188.407182104
2018-05-14 10:33:00,-195.662474804
2018-05-14 10:34:00,-195.662474804
2018-05-14 10:35:00,-195.662474804
2018-05-14 10:36:00,-188.407182104
2018-05-14 10:37:00,-173.896596704
2018-05-14 10:38:00,-181.151889404
2018-05-14 10:39:00,-181.151889404
2018-05-14 10:40:00,-181.151889404
2018-05-14 10:41:00,-181.151889404
2018-05-14 10:42:00,-181.151889404
2018-05-14 10:43:00,-181.151889404
2018-05-14 10:44:00,-181.151889404
2018-05-14 10:45:00,-181.151889404
2018-05-14 10:46:00,-181.151889404
2018-05-14 10:47:00,-181.151889404
2018-05-14 10:48:00,-181.151889404
2018-05-14 10:49:00,-181.151889404
2018-05-14 10:50:00,-181.151889404
2018-05-14 10:51:00,-181.151889404
2018-05-14 10:52:00,-181.151889404
2018-05-14 10:53:00,-181.151889404
2018-05-14 10:54:00,-181.151889404
2018-05-14 10:55:00,-181.151889404
2018-05-14 10:56:00,-181.151889404
2018-05-14 10:57:00,-181.151889404
2018-05-14 10:58:00,-181.151889404
2018-05-14 10:59:00,-181.151889404
2018-05-14 11:00:00,-166.641304004
2018-05-14 11:01:00,-166.641304004
2018-05-14 11:02:00,-166.641304004
2018-05-14 11:03:00,-166.641304004
2018-05-14 11:04:00,-166.641304004
2018-05-14 11:05:00,-152.130718604
2018-05-14 11:06:00,-166.641304004
2018-05-14 11:07:00,-144.875425904
2018-05-14 11:08:00,-144.875425904
2018-05-14 11:09:00,-144.875425904
2018-05-14 11:10:00,-144.875425904
2018-05-14 11:11:00,-144.875425904
2018-05-14 11:12:00,-144.875425904
2018-05-14 11:13:00,-144.875425904
2018-05-14 11:14:00,-137.620133204
2018-05-14 11:15:00,-137.620133204
2018-05-14 11:16:00,-137.620133204
2018-05-14 11:17:00,-137.620133204
2018-05-14 11:18:00,-137.620133204
2018-05-14 11:19:00,-137.620133204
2018-05-14 11:20:00,-137.620133204
2018-05-14 11:21:00,-137.620133204
2018-05-14 11:22:00,-152.130718604
2018-05-14 11:23:00,-152.130718604
2018-05-14 11:24:00,-137.620133204
2018-05-14 11:25:00,-137.620133204
2018-05-14 11:26:00,-130.364840504
2018-05-14 11:27:00,-130.364840504
2018-05-14 11:28:00,-130.364840504
2018-05-14 11:29:00,-130.364840504
2018-05-14 11:30:00,-130.364840504
2018-05-14 11:31:00,-130.364840504
2018-05-14 11:32:00,-130.364840504
2018-05-14 11:33:00,-130.364840504
2018-05-14 11:34:00,-130.364840504
2018-05-14 11:35:00,-137.620133204
2018-05-14 11:36:00,-144.875425904
2018-05-14 11:37:00,-144.875425904
2018-05-14 11:38:00,-144.875425904
2018-05-14 11:39:00,-144.875425904
2018-05-14 11:40:00,-137.620133204
2018-05-14 11:41:00,-137.620133204
2018-05-14 11:42:00,-137.620133204
2018-05-14 11:43:00,-137.620133204
2018-05-14 11:44:00,-137.620133204
2018-05-14 11:45:00,-137.620133204
2018-05-14 11:46:00,-130.364840504
2018-05-14 11:47:00,-130.364840504
2018-05-14 11:48:00,-137.620133204
2018-05-14 11:49:00,-137.620133204
2018-05-14 11:50:00,-137.620133204
2018-05-14 11:51:00,-137.620133204
2018-05-14 11:52:00,-137.620133204
2018-05-14 11:53:00,-137.620133204
2018-05-14 11:54:00,-137.620133204
2018-05-14 11:55:00,-137.620133204
2018-05-14 11:56:00,-137.620133204
2018-05-14 11:57:00,-137.620133204
2018-05-14 11:58:00,-137.620133204
2018-05-14 11:59:00,-137.620133204
2018-05-15 01:29:00,-275.47011408
2018-05-15 01:30:00,-275.47011408
2018-05-15 01:31:00,-275.47011408
2018-05-15 01:32:00,-275.47011408
2018-05-15 01:33:00,-275.47011408
2018-05-15 01:34:00,-188.40660168
2018-05-15 01:35:00,-188.40660168
2018-05-15 01:36:00,-188.40660168
2018-05-15 01:37:00,-173.89601628
2018-05-15 01:38:00,-166.64072358
2018-05-15 01:39:00,-166.64072358
2018-05-15 01:40:00,-173.89601628
2018-05-15 01:41:00,-181.15130898
2018-05-15 01:42:00,-188.40660168
2018-05-15 01:43:00,-181.15130898
2018-05-15 01:44:00,-173.89601628
2018-05-15 01:45:00,-173.89601628
2018-05-15 01:46:00,-181.15130898
2018-05-15 01:47:00,-181.15130898
2018-05-15 01:48:00,-181.15130898
2018-05-15 01:49:00,-181.15130898
2018-05-15 01:50:00,-181.15130898
2018-05-15 01:51:00,-181.15130898
2018-05-15 01:52:00,-210.17247978
2018-05-15 01:53:00,-224.68306518
2018-05-15 01:54:00,-217.42777248
2018-05-15 01:55:00,-210.17247978
2018-05-15 01:56:00,-217.42777248
2018-05-15 01:57:00,-217.42777248
2018-05-15 01:58:00,-217.42777248
2018-05-15 01:59:00,-224.68306518
2018-05-15 02:00:00,-195.66189438
2018-05-15 02:01:00,-202.91718708
2018-05-15 02:02:00,-188.40660168
2018-05-15 02:03:00,-195.66189438
2018-05-15 02:04:00,-188.40660168
2018-05-15 02:05:00,-188.40660168
2018-05-15 02:06:00,-188.40660168
2018-05-15 02:07:00,-188.40660168
2018-05-15 02:08:00,-188.40660168
2018-05-15 02:09:00,-181.15130898
2018-05-15 02:10:00,-181.15130898
2018-05-15 02:11:00,-181.15130898
2018-05-15 02:12:00,-181.15130898
2018-05-15 02:13:00,-181.15130898
2018-05-15 02:14:00,-166.64072358
2018-05-15 02:15:00,-144.87484548
2018-05-15 02:16:00,-152.13013818
2018-05-15 02:17:00,-166.64072358
2018-05-15 02:18:00,-166.64072358
2018-05-15 02:19:00,-159.38543088
2018-05-15 02:20:00,-152.13013818
2018-05-15 02:21:00,-152.13013818
2018-05-15 02:22:00,-152.13013818
2018-05-15 02:23:00,-173.89601628
2018-05-15 02:24:00,-173.89601628
2018-05-15 02:25:00,-173.89601628
2018-05-15 02:26:00,-159.38543088
2018-05-15 02:27:00,-159.38543088
2018-05-15 02:28:00,-152.13013818
2018-05-15 02:29:00,-152.13013818
2018-05-15 02:30:00,-152.13013818
2018-05-15 02:31:00,-159.38543088
2018-05-15 02:32:00,-159.38543088
2018-05-15 02:33:00,-159.38543088
2018-05-15 02:34:00,-159.38543088
2018-05-15 02:35:00,-159.38543088
2018-05-15 02:36:00,-152.13013818
2018-05-15 02:37:00,-152.13013818
2018-05-15 02:38:00,-152.13013818
2018-05-15 02:39:00,-159.38543088
2018-05-15 02:40:00,-166.64072358
2018-05-15 02:41:00,-166.64072358
2018-05-15 02:42:00,-166.64072358
2018-05-15 02:43:00,-166.64072358
2018-05-15 02:44:00,-144.87484548
2018-05-15 02:45:00,-152.13013818
2018-05-15 02:46:00,-144.87484548
2018-05-15 02:47:00,-144.87484548
2018-05-15 02:48:00,-144.87484548
2018-05-15 02:49:00,-144.87484548
2018-05-15 02:50:00,-144.87484548
2018-05-15 02:51:00,-144.87484548
2018-05-15 02:52:00,-144.87484548
2018-05-15 02:53:00,-144.87484548
2018-05-15 02:54:00,-159.38543088
2018-05-15 02:55:00,-159.38543088
2018-05-15 02:56:00,-159.38543088
2018-05-15 02:57:00,-159.38543088
2018-05-15 02:58:00,-137.61955278
2018-05-15 02:59:00,-137.61955278
2018-05-15 03:00:00,-130.36426008
2018-05-15 03:01:00,-137.61955278
2018-05-15 03:02:00,-123.10896738
2018-05-15 03:03:00,-137.61955278
2018-05-15 03:04:00,-130.36426008
2018-05-15 03:05:00,-130.36426008
2018-05-15 03:06:00,-137.61955278
2018-05-15 03:07:00,-166.64072358
2018-05-15 03:08:00,-166.64072358
2018-05-15 03:09:00,-166.64072358
2018-05-15 03:10:00,-166.64072358
2018-05-15 03:11:00,-166.64072358
2018-05-15 03:12:00,-173.89601628
2018-05-15 03:13:00,-173.89601628
2018-05-15 03:14:00,-173.89601628
2018-05-15 03:15:00,-166.64072358
2018-05-15 03:16:00,-152.13013818
2018-05-15 03:17:00,-159.38543088
2018-05-15 03:18:00,-166.64072358
2018-05-15 03:19:00,-166.64072358
2018-05-15 03:20:00,-159.38543088
2018-05-15 03:21:00,-159.38543088
2018-05-15 03:22:00,-159.38543088
2018-05-15 03:23:00,-181.15130898
2018-05-15 03:24:00,-188.40660168
2018-05-15 03:25:00,-181.15130898
2018-05-15 03:26:00,-173.89601628
2018-05-15 03:27:00,-152.13013818
2018-05-15 03:28:00,-159.38543088
2018-05-15 03:29:00,-144.87484548
2018-05-15 03:30:00,-188.40660168
2018-05-15 03:31:00,-166.64072358
2018-05-15 03:32:00,-166.64072358
2018-05-15 03:33:00,-159.38543088
2018-05-15 03:34:00,-159.38543088
2018-05-15 03:35:00,-166.64072358
2018-05-15 03:36:00,-188.40660168
2018-05-15 03:37:00,-181.15130898
2018-05-15 03:38:00,-188.40660168
2018-05-15 03:39:00,-217.42777248
2018-05-15 03:40:00,-217.42777248
2018-05-15 03:41:00,-217.42777248
2018-05-15 03:42:00,-217.42777248
2018-05-15 03:43:00,-210.17247978
2018-05-15 03:44:00,-210.17247978
2018-05-15 03:45:00,-202.91718708
2018-05-15 03:46:00,-217.42777248
2018-05-15 03:47:00,-217.42777248
2018-05-15 03:48:00,-224.68306518
2018-05-15 03:49:00,-231.93835788
2018-05-15 03:50:00,-231.93835788
2018-05-15 03:51:00,-231.93835788
2018-05-15 03:52:00,-210.17247978
2018-05-15 03:53:00,-217.42777248
2018-05-15 03:54:00,-217.42777248
2018-05-15 03:55:00,-210.17247978
2018-05-15 03:56:00,-210.17247978
2018-05-15 03:57:00,-210.17247978
2018-05-15 03:58:00,-195.66189438
2018-05-15 03:59:00,-188.40660168
2018-05-15 04:00:00,-195.66189438
2018-05-15 04:01:00,-195.66189438
2018-05-15 04:02:00,-195.66189438
2018-05-15 04:03:00,-195.66189438
2018-05-15 04:04:00,-195.66189438
2018-05-15 04:05:00,-195.66189438
2018-05-15 04:06:00,-195.66189438
2018-05-15 04:07:00,-195.66189438
2018-05-15 04:08:00,-195.66189438
2018-05-15 04:09:00,-195.66189438
2018-05-15 04:10:00,-181.15130898
2018-05-15 04:11:00,-173.89601628
2018-05-15 04:12:00,-173.89601628
2018-05-15 04:13:00,-173.89601628
2018-05-15 04:14:00,-173.89601628
2018-05-15 04:15:00,-166.64072358
2018-05-15 04:16:00,-166.64072358
2018-05-15 04:17:00,-166.64072358
2018-05-15 04:18:00,-166.64072358
2018-05-15 04:19:00,-166.64072358
2018-05-15 04:20:00,-166.64072358
2018-05-15 04:21:00,-166.64072358
2018-05-15 04:22:00,-173.89601628
2018-05-15 04:23:00,-173.89601628
2018-05-15 04:24:00,-173.89601628
2018-05-15 04:25:00,-173.89601628
2018-05-15 04:26:00,-173.89601628
2018-05-15 04:27:00,-173.89601628
2018-05-15 04:28:00,-173.89601628
2018-05-15 04:29:00,-173.89601628
2018-05-15 04:30:00,-173.89601628
2018-05-15 04:31:00,-159.38543088
2018-05-15 04:32:00,-159.38543088
2018-05-15 04:33:00,-159.38543088
2018-05-15 04:34:00,-159.38543088
2018-05-15 04:35:00,-159.38543088
2018-05-15 04:36:00,-159.38543088
2018-05-15 04:37:00,-159.38543088
2018-05-15 04:38:00,-152.13013818
2018-05-15 04:39:00,-159.38543088
2018-05-15 04:40:00,-159.38543088
2018-05-15 04:41:00,-152.13013818
2018-05-15 04:42:00,-166.64072358
2018-05-15 04:43:00,-166.64072358
2018-05-15 04:44:00,-166.64072358
2018-05-15 04:45:00,-166.64072358
2018-05-15 04:46:00,-159.38543088
2018-05-15 04:47:00,-159.38543088
2018-05-15 04:48:00,-152.13013818
2018-05-15 04:49:00,-166.64072358
2018-05-15 04:50:00,-166.64072358
2018-05-15 04:51:00,-166.64072358
2018-05-15 04:52:00,-166.64072358
2018-05-15 04:53:00,-166.64072358
2018-05-15 04:54:00,-166.64072358
2018-05-15 04:55:00,-166.64072358
2018-05-15 04:56:00,-166.64072358
2018-05-15 04:57:00,-166.64072358
2018-05-15 04:58:00,-166.64072358
2018-05-15 04:59:00,-166.64072358
2018-05-15 05:00:00,-166.64072358
2018-05-15 05:01:00,-166.64072358
2018-05-15 05:02:00,-166.64072358
2018-05-15 05:03:00,-166.64072358
2018-05-15 05:04:00,-166.64072358
2018-05-15 05:05:00,-166.64072358
2018-05-15 05:06:00,-166.64072358
2018-05-15 05:07:00,-166.64072358
2018-05-15 05:08:00,-166.64072358
2018-05-15 05:09:00,-166.64072358
2018-05-15 05:10:00,-166.64072358
2018-05-15 05:11:00,-166.64072358
2018-05-15 05:12:00,-166.64072358
2018-05-15 05:13:00,-166.64072358
2018-05-15 05:14:00,-166.64072358
2018-05-15 05:15:00,-166.64072358
2018-05-15 05:16:00,-166.64072358
2018-05-15 05:17:00,-166.64072358
2018-05-15 05:18:00,-166.64072358
2018-05-15 05:19:00,-166.64072358
2018-05-15 05:20:00,-166.64072358
2018-05-15 05:21:00,-166.64072358
2018-05-15 05:22:00,-166.64072358
2018-05-15 05:23:00,-166.64072358
2018-05-15 05:24:00,-166.64072358
2018-05-15 05:25:00,-166.64072358
2018-05-15 05:26:00,-166.64072358
2018-05-15 05:27:00,-188.40660168
2018-05-15 05:28:00,-188.40660168
2018-05-15 05:29:00,-188.40660168
2018-05-15 05:30:00,-188.40660168
2018-05-15 05:31:00,-188.40660168
2018-05-15 05:32:00,-173.89601628
2018-05-15 05:33:00,-188.40660168
2018-05-15 05:34:00,-188.40660168
2018-05-15 05:35:00,-188.40660168
2018-05-15 05:36:00,-188.40660168
2018-05-15 05:37:00,-188.40660168
2018-05-15 05:38:00,-188.40660168
2018-05-15 05:39:00,-195.66189438
2018-05-15 05:40:00,-195.66189438
2018-05-15 05:41:00,-195.66189438
2018-05-15 05:42:00,-195.66189438
2018-05-15 05:43:00,-202.91718708
2018-05-15 05:44:00,-195.66189438
2018-05-15 05:45:00,-202.91718708
2018-05-15 05:46:00,-202.91718708
2018-05-15 05:47:00,-202.91718708
2018-05-15 05:48:00,-202.91718708
2018-05-15 05:49:00,-202.91718708
2018-05-15 05:50:00,-202.91718708
2018-05-15 05:51:00,-202.91718708
2018-05-15 05:52:00,-202.91718708
2018-05-15 05:53:00,-202.91718708
2018-05-15 05:54:00,-188.40660168
2018-05-15 05:55:00,-181.15130898
2018-05-15 05:56:00,-173.89601628
2018-05-15 05:57:00,-173.89601628
2018-05-15 05:58:00,-166.64072358
2018-05-15 05:59:00,-173.89601628
2018-05-15 06:00:00,-173.89601628
2018-05-15 06:01:00,-181.15130898
2018-05-15 06:02:00,-188.40660168
2018-05-15 06:03:00,-181.15130898
2018-05-15 06:04:00,-188.40660168
2018-05-15 06:05:00,-173.89601628
2018-05-15 06:06:00,-173.89601628
2018-05-15 06:07:00,-173.89601628
2018-05-15 06:08:00,-173.89601628
2018-05-15 06:09:00,-173.89601628
2018-05-15 06:10:00,-181.15130898
2018-05-15 06:11:00,-181.15130898
2018-05-15 06:12:00,-173.89601628
2018-05-15 06:13:00,-181.15130898
2018-05-15 06:14:00,-188.40660168
2018-05-15 06:15:00,-188.40660168
2018-05-15 06:16:00,-188.40660168
2018-05-15 06:17:00,-188.40660168
2018-05-15 06:18:00,-188.40660168
2018-05-15 06:19:00,-195.66189438
2018-05-15 06:20:00,-195.66189438
2018-05-15 06:21:00,-195.66189438
2018-05-15 06:22:00,-188.40660168
2018-05-15 06:23:00,-188.40660168
2018-05-15 06:24:00,-188.40660168
2018-05-15 06:25:00,-188.40660168
2018-05-15 06:26:00,-188.40660168
2018-05-15 06:27:00,-188.40660168
2018-05-15 06:28:00,-188.40660168
2018-05-15 06:29:00,-202.91718708
2018-05-15 06:30:00,-202.91718708
2018-05-15 06:31:00,-202.91718708
2018-05-15 06:32:00,-202.91718708
2018-05-15 06:33:00,-195.66189438
2018-05-15 06:34:00,-195.66189438
2018-05-15 06:35:00,-195.66189438
2018-05-15 06:36:00,-188.40660168
2018-05-15 06:37:00,-188.40660168
2018-05-15 06:38:00,-195.66189438
2018-05-15 06:39:00,-195.66189438
2018-05-15 06:40:00,-188.40660168
2018-05-15 06:41:00,-195.66189438
2018-05-15 06:42:00,-195.66189438
2018-05-15 06:43:00,-195.66189438
2018-05-15 06:44:00,-202.91718708
2018-05-15 06:45:00,-202.91718708
2018-05-15 06:46:00,-202.91718708
2018-05-15 06:47:00,-195.66189438
2018-05-15 06:48:00,-195.66189438
2018-05-15 06:49:00,-195.66189438
2018-05-15 06:50:00,-195.66189438
2018-05-15 06:51:00,-195.66189438
2018-05-15 06:52:00,-195.66189438
2018-05-15 06:53:00,-181.15130898
2018-05-15 06:54:00,-159.38543088
2018-05-15 06:55:00,-159.38543088
2018-05-15 06:56:00,-152.13013818
2018-05-15 06:57:00,-188.40660168
2018-05-15 06:58:00,-181.15130898
2018-05-15 06:59:00,-181.15130898
2018-05-15 07:00:00,-181.15130898
2018-05-15 07:01:00,-181.15130898
2018-05-15 07:02:00,-181.15130898
2018-05-15 07:03:00,-181.15130898
2018-05-15 07:04:00,-188.40660168
2018-05-15 07:05:00,-181.15130898
2018-05-15 07:06:00,-181.15130898
2018-05-15 07:07:00,-181.15130898
2018-05-15 07:08:00,-181.15130898
2018-05-15 07:09:00,-159.38543088
2018-05-15 07:10:00,-166.64072358
2018-05-15 07:11:00,-159.38543088
2018-05-15 07:12:00,-159.38543088
2018-05-15 07:13:00,-159.38543088
2018-05-15 07:14:00,-159.38543088
2018-05-15 07:15:00,-159.38543088
2018-05-15 07:16:00,-159.38543088
2018-05-15 07:17:00,-144.87484548
2018-05-15 07:18:00,-144.87484548
2018-05-15 07:19:00,-152.13013818
2018-05-15 07:20:00,-144.87484548
2018-05-15 07:21:00,-144.87484548
2018-05-15 07:22:00,-144.87484548
2018-05-15 07:23:00,-137.61955278
2018-05-15 07:24:00,-137.61955278
2018-05-15 07:25:00,-137.61955278
2018-05-15 07:26:00,-130.36426008
2018-05-15 07:27:00,-130.36426008
2018-05-15 07:28:00,-144.87484548
2018-05-15 07:29:00,-137.61955278
2018-05-15 07:30:00,-166.64072358
2018-05-15 07:31:00,-166.64072358
2018-05-15 07:32:00,-173.89601628
2018-05-15 07:33:00,-181.15130898
2018-05-15 07:34:00,-188.40660168
2018-05-15 07:35:00,-188.40660168
2018-05-15 07:36:00,-188.40660168
2018-05-15 07:37:00,-188.40660168
2018-05-15 07:38:00,-188.40660168
2018-05-15 07:39:00,-188.40660168
2018-05-15 07:40:00,-188.40660168
2018-05-15 07:41:00,-188.40660168
2018-05-15 07:42:00,-188.40660168
2018-05-15 07:43:00,-188.40660168
2018-05-15 07:44:00,-181.15130898
2018-05-15 07:45:00,-181.15130898
2018-05-15 07:46:00,-181.15130898
2018-05-15 07:47:00,-188.40660168
2018-05-15 07:48:00,-188.40660168
2018-05-15 07:49:00,-188.40660168
2018-05-15 07:50:00,-202.91718708
2018-05-15 07:51:00,-210.17247978
2018-05-15 07:52:00,-210.17247978
2018-05-15 07:53:00,-202.91718708
2018-05-15 07:54:00,-202.91718708
2018-05-15 07:55:00,-202.91718708
2018-05-15 07:56:00,-202.91718708
2018-05-15 07:57:00,-224.68306518
2018-05-15 07:58:00,-202.91718708
2018-05-15 07:59:00,-202.91718708
2018-05-15 08:00:00,-195.66189438
2018-05-15 08:01:00,-202.91718708
2018-05-15 08:02:00,-202.91718708
2018-05-15 08:03:00,-188.40660168
2018-05-15 08:04:00,-188.40660168
2018-05-15 08:05:00,-188.40660168
2018-05-15 08:06:00,-202.91718708
2018-05-15 08:07:00,-202.91718708
2018-05-15 08:08:00,-202.91718708
2018-05-15 08:09:00,-202.91718708
2018-05-15 08:10:00,-202.91718708
2018-05-15 08:11:00,-202.91718708
2018-05-15 08:12:00,-202.91718708
2018-05-15 08:13:00,-202.91718708
2018-05-15 08:14:00,-202.91718708
2018-05-15 08:15:00,-217.42777248
2018-05-15 08:16:00,-224.68306518
2018-05-15 08:17:00,-224.68306518
2018-05-15 08:18:00,-224.68306518
2018-05-15 08:19:00,-224.68306518
2018-05-15 08:20:00,-224.68306518
2018-05-15 08:21:00,-217.42777248
2018-05-15 08:22:00,-217.42777248
2018-05-15 08:23:00,-217.42777248
2018-05-15 08:24:00,-217.42777248
2018-05-15 08:25:00,-217.42777248
2018-05-15 08:26:00,-217.42777248
2018-05-15 08:27:00,-217.42777248
2018-05-15 08:28:00,-217.42777248
2018-05-15 08:29:00,-217.42777248
2018-05-15 08:30:00,-217.42777248
2018-05-15 08:31:00,-217.42777248
2018-05-15 08:32:00,-217.42777248
2018-05-15 08:33:00,-217.42777248
2018-05-15 08:34:00,-217.42777248
2018-05-15 08:35:00,-224.68306518
2018-05-15 08:36:00,-231.93835788
2018-05-15 08:37:00,-239.19365058
2018-05-15 08:38:00,-231.93835788
2018-05-15 08:39:00,-231.93835788
2018-05-15 08:40:00,-231.93835788
2018-05-15 08:41:00,-231.93835788
2018-05-15 08:42:00,-231.93835788
2018-05-15 08:43:00,-231.93835788
2018-05-15 08:44:00,-231.93835788
2018-05-15 08:45:00,-231.93835788
2018-05-15 08:46:00,-231.93835788
2018-05-15 08:47:00,-239.19365058
2018-05-15 08:48:00,-239.19365058
2018-05-15 08:49:00,-231.93835788
2018-05-15 08:50:00,-231.93835788
2018-05-15 08:51:00,-231.93835788
2018-05-15 08:52:00,-253.70423598
2018-05-15 08:53:00,-268.21482138
2018-05-15 08:54:00,-260.95952868
2018-05-15 08:55:00,-260.95952868
2018-05-15 08:56:00,-260.95952868
2018-05-15 08:57:00,-260.95952868
2018-05-15 08:58:00,-260.95952868
2018-05-15 08:59:00,-260.95952868
2018-05-15 09:00:00,-253.70423598
2018-05-15 09:01:00,-260.95952868
2018-05-15 09:02:00,-260.95952868
2018-05-15 09:03:00,-260.95952868
2018-05-15 09:04:00,-260.95952868
2018-05-15 09:05:00,-260.95952868
2018-05-15 09:06:00,-260.95952868
2018-05-15 09:07:00,-246.44894328
2018-05-15 09:08:00,-253.70423598
2018-05-15 09:09:00,-253.70423598
2018-05-15 09:10:00,-253.70423598
2018-05-15 09:11:00,-246.44894328
2018-05-15 09:12:00,-246.44894328
2018-05-15 09:13:00,-246.44894328
2018-05-15 09:14:00,-253.70423598
2018-05-15 09:15:00,-246.44894328
2018-05-15 09:16:00,-260.95952868
2018-05-15 09:17:00,-260.95952868
2018-05-15 09:18:00,-253.70423598
2018-05-15 09:19:00,-246.44894328
2018-05-15 09:20:00,-246.44894328
2018-05-15 09:21:00,-239.19365058
2018-05-15 09:22:00,-239.19365058
2018-05-15 09:23:00,-239.19365058
2018-05-15 09:24:00,-239.19365058
2018-05-15 09:25:00,-239.19365058
2018-05-15 09:26:00,-239.19365058
2018-05-15 09:27:00,-239.19365058
2018-05-15 09:28:00,-239.19365058
2018-05-15 09:29:00,-239.19365058
2018-05-15 09:30:00,-239.19365058
2018-05-15 09:31:00,-239.19365058
2018-05-15 09:32:00,-239.19365058
2018-05-15 09:33:00,-239.19365058
2018-05-15 09:34:00,-239.19365058
2018-05-15 09:35:00,-239.19365058
2018-05-15 09:36:00,-224.68306518
2018-05-15 09:37:00,-217.42777248
2018-05-15 09:38:00,-217.42777248
2018-05-15 09:39:00,-217.42777248
2018-05-15 09:40:00,-217.42777248
2018-05-15 09:41:00,-217.42777248
2018-05-15 09:42:00,-217.42777248
2018-05-15 09:43:00,-217.42777248
2018-05-15 09:44:00,-217.42777248
2018-05-15 09:45:00,-210.17247978
2018-05-15 09:46:00,-210.17247978
2018-05-15 09:47:00,-210.17247978
2018-05-15 09:48:00,-210.17247978
2018-05-15 09:49:00,-217.42777248
2018-05-15 09:50:00,-217.42777248
2018-05-15 09:51:00,-231.93835788
2018-05-15 09:52:00,-217.42777248
2018-05-15 09:53:00,-217.42777248
2018-05-15 09:54:00,-217.42777248
2018-05-15 09:55:00,-217.42777248
2018-05-15 09:56:00,-217.42777248
2018-05-15 09:57:00,-224.68306518
2018-05-15 09:58:00,-210.17247978
2018-05-15 09:59:00,-210.17247978
2018-05-15 10:00:00,-224.68306518
2018-05-15 10:01:00,-224.68306518
2018-05-15 10:02:00,-217.42777248
2018-05-15 10:03:00,-210.17247978
2018-05-15 10:04:00,-224.68306518
2018-05-15 10:05:00,-224.68306518
2018-05-15 10:06:00,-210.17247978
2018-05-15 10:07:00,-224.68306518
2018-05-15 10:08:00,-224.68306518
2018-05-15 10:09:00,-224.68306518
2018-05-15 10:10:00,-224.68306518
2018-05-15 10:11:00,-217.42777248
2018-05-15 10:12:00,-224.68306518
2018-05-15 10:13:00,-224.68306518
2018-05-15 10:14:00,-224.68306518
2018-05-15 10:15:00,-224.68306518
2018-05-15 10:16:00,-224.68306518
2018-05-15 10:17:00,-217.42777248
2018-05-15 10:18:00,-217.42777248
2018-05-15 10:19:00,-217.42777248
2018-05-15 10:20:00,-224.68306518
2018-05-15 10:21:00,-246.44894328
2018-05-15 10:22:00,-224.68306518
2018-05-15 10:23:00,-239.19365058
2018-05-15 10:24:00,-224.68306518
2018-05-15 10:25:00,-217.42777248
2018-05-15 10:26:00,-224.68306518
2018-05-15 10:27:00,-224.68306518
2018-05-15 10:28:00,-224.68306518
2018-05-15 10:29:00,-224.68306518
2018-05-15 10:30:00,-224.68306518
2018-05-15 10:31:00,-224.68306518
2018-05-15 10:32:00,-224.68306518
2018-05-15 10:33:00,-231.93835788
2018-05-15 10:34:00,-224.68306518
2018-05-15 10:35:00,-224.68306518
2018-05-15 10:36:00,-239.19365058
2018-05-15 10:37:00,-239.19365058
2018-05-15 10:38:00,-231.93835788
2018-05-15 10:39:00,-231.93835788
2018-05-15 10:40:00,-231.93835788
2018-05-15 10:41:00,-231.93835788
2018-05-15 10:42:00,-231.93835788
2018-05-15 10:43:00,-231.93835788
2018-05-15 10:44:00,-231.93835788
2018-05-15 10:45:00,-224.68306518
2018-05-15 10:46:00,-224.68306518
2018-05-15 10:47:00,-239.19365058
2018-05-15 10:48:00,-239.19365058
2018-05-15 10:49:00,-239.19365058
2018-05-15 10:50:00,-239.19365058
2018-05-15 10:51:00,-239.19365058
2018-05-15 10:52:00,-246.44894328
2018-05-15 10:53:00,-253.70423598
2018-05-15 10:54:00,-260.95952868
2018-05-15 10:55:00,-260.95952868
2018-05-15 10:56:00,-260.95952868
2018-05-15 10:57:00,-260.95952868
2018-05-15 10:58:00,-268.21482138
2018-05-15 10:59:00,-239.19365058
2018-05-15 11:00:00,-239.19365058
2018-05-15 11:01:00,-231.93835788
2018-05-15 11:02:00,-253.70423598
2018-05-15 11:03:00,-253.70423598
2018-05-15 11:04:00,-253.70423598
2018-05-15 11:05:00,-260.95952868
2018-05-15 11:06:00,-260.95952868
2018-05-15 11:07:00,-260.95952868
2018-05-15 11:08:00,-260.95952868
2018-05-15 11:09:00,-253.70423598
2018-05-15 11:10:00,-231.93835788
2018-05-15 11:11:00,-231.93835788
2018-05-15 11:12:00,-231.93835788
2018-05-15 11:13:00,-231.93835788
2018-05-15 11:14:00,-231.93835788
2018-05-15 11:15:00,-231.93835788
2018-05-15 11:16:00,-231.93835788
2018-05-15 11:17:00,-239.19365058
2018-05-15 11:18:00,-239.19365058
2018-05-15 11:19:00,-239.19365058
2018-05-15 11:20:00,-253.70423598
2018-05-15 11:21:00,-239.19365058
2018-05-15 11:22:00,-231.93835788
2018-05-15 11:23:00,-231.93835788
2018-05-15 11:24:00,-231.93835788
2018-05-15 11:25:00,-231.93835788
2018-05-15 11:26:00,-231.93835788
2018-05-15 11:27:00,-231.93835788
2018-05-15 11:28:00,-260.95952868
2018-05-15 11:29:00,-260.95952868
2018-05-15 11:30:00,-260.95952868
2018-05-15 11:31:00,-260.95952868
2018-05-15 11:32:00,-268.21482138
2018-05-15 11:33:00,-268.21482138
2018-05-15 11:34:00,-268.21482138
2018-05-15 11:35:00,-268.21482138
2018-05-15 11:36:00,-268.21482138
2018-05-15 11:37:00,-268.21482138
2018-05-15 11:38:00,-268.21482138
2018-05-15 11:39:00,-268.21482138
2018-05-15 11:40:00,-268.21482138
2018-05-15 11:41:00,-268.21482138
2018-05-15 11:42:00,-268.21482138
2018-05-15 11:43:00,-268.21482138
2018-05-15 11:44:00,-268.21482138
2018-05-15 11:45:00,-268.21482138
2018-05-15 11:46:00,-268.21482138
2018-05-15 11:47:00,-268.21482138
2018-05-15 11:48:00,-253.70423598
2018-05-15 11:49:00,-253.70423598
2018-05-15 11:50:00,-260.95952868
2018-05-15 11:51:00,-260.95952868
2018-05-15 11:52:00,-260.95952868
2018-05-15 11:53:00,-260.95952868
2018-05-15 11:54:00,-260.95952868
2018-05-15 11:55:00,-260.95952868
2018-05-15 11:56:00,-260.95952868
2018-05-15 11:57:00,-253.70423598
2018-05-15 11:58:00,-253.70423598
2018-05-15 11:59:00,-253.70423598
2018-05-16 01:29:00,-297.23599218
2018-05-16 01:30:00,-297.23599218
2018-05-16 01:31:00,-297.23599218
2018-05-16 01:32:00,-297.23599218
2018-05-16 01:33:00,-297.23599218
2018-05-16 01:34:00,-275.47011408
2018-05-16 01:35:00,-275.47011408
2018-05-16 01:36:00,-217.42777248
2018-05-16 01:37:00,-231.93835788
2018-05-16 01:38:00,-202.91718708
2018-05-16 01:39:00,-202.91718708
2018-05-16 01:40:00,-195.66189438
2018-05-16 01:41:00,-195.66189438
2018-05-16 01:42:00,-217.42777248
2018-05-16 01:43:00,-217.42777248
2018-05-16 01:44:00,-217.42777248
2018-05-16 01:45:00,-217.42777248
2018-05-16 01:46:00,-210.17247978
2018-05-16 01:47:00,-210.17247978
2018-05-16 01:48:00,-202.91718708
2018-05-16 01:49:00,-181.15130898
2018-05-16 01:50:00,-188.40660168
2018-05-16 01:51:00,-173.89601628
2018-05-16 01:52:00,-173.89601628
2018-05-16 01:53:00,-173.89601628
2018-05-16 01:54:00,-173.89601628
2018-05-16 01:55:00,-173.89601628
2018-05-16 01:56:00,-173.89601628
2018-05-16 01:57:00,-173.89601628
2018-05-16 01:58:00,-173.89601628
2018-05-16 01:59:00,-173.89601628
2018-05-16 02:00:00,-202.91718708
2018-05-16 02:01:00,-195.66189438
2018-05-16 02:02:00,-188.40660168
2018-05-16 02:03:00,-188.40660168
2018-05-16 02:04:00,-202.91718708
2018-05-16 02:05:00,-202.91718708
2018-05-16 02:06:00,-202.91718708
2018-05-16 02:07:00,-202.91718708
2018-05-16 02:08:00,-195.66189438
2018-05-16 02:09:00,-195.66189438
2018-05-16 02:10:00,-195.66189438
2018-05-16 02:11:00,-188.40660168
2018-05-16 02:12:00,-188.40660168
2018-05-16 02:13:00,-188.40660168
2018-05-16 02:14:00,-173.89601628
2018-05-16 02:15:00,-188.40660168
2018-05-16 02:16:00,-188.40660168
2018-05-16 02:17:00,-188.40660168
2018-05-16 02:18:00,-188.40660168
2018-05-16 02:19:00,-188.40660168
2018-05-16 02:20:00,-173.89601628
2018-05-16 02:21:00,-166.64072358
2018-05-16 02:22:00,-159.38543088
2018-05-16 02:23:00,-166.64072358
2018-05-16 02:24:00,-159.38543088
2018-05-16 02:25:00,-159.38543088
2018-05-16 02:26:00,-166.64072358
2018-05-16 02:27:00,-159.38543088
2018-05-16 02:28:00,-173.89601628
2018-05-16 02:29:00,-173.89601628
2018-05-16 02:30:00,-159.38543088
2018-05-16 02:31:00,-152.13013818
2018-05-16 02:32:00,-159.38543088
2018-05-16 02:33:00,-188.40660168
2018-05-16 02:34:00,-188.40660168
2018-05-16 02:35:00,-188.40660168
2018-05-16 02:36:00,-188.40660168
2018-05-16 02:37:00,-202.91718708
2018-05-16 02:38:00,-202.91718708
2018-05-16 02:39:00,-202.91718708
2018-05-16 02:40:00,-202.91718708
2018-05-16 02:41:00,-202.91718708
2018-05-16 02:42:00,-202.91718708
2018-05-16 02:43:00,-202.91718708
2018-05-16 02:44:00,-202.91718708
2018-05-16 02:45:00,-202.91718708
2018-05-16 02:46:00,-202.91718708
2018-05-16 02:47:00,-202.91718708
2018-05-16 02:48:00,-217.42777248
2018-05-16 02:49:00,-217.42777248
2018-05-16 02:50:00,-224.68306518
2018-05-16 02:51:00,-217.42777248
2018-05-16 02:52:00,-217.42777248
2018-05-16 02:53:00,-217.42777248
2018-05-16 02:54:00,-217.42777248
2018-05-16 02:55:00,-217.42777248
2018-05-16 02:56:00,-217.42777248
2018-05-16 02:57:00,-217.42777248
2018-05-16 02:58:00,-217.42777248
2018-05-16 02:59:00,-217.42777248
2018-05-16 03:00:00,-202.91718708
2018-05-16 03:01:00,-210.17247978
2018-05-16 03:02:00,-217.42777248
2018-05-16 03:03:00,-217.42777248
2018-05-16 03:04:00,-217.42777248
2018-05-16 03:05:00,-217.42777248
2018-05-16 03:06:00,-217.42777248
2018-05-16 03:07:00,-217.42777248
2018-05-16 03:08:00,-217.42777248
2018-05-16 03:09:00,-217.42777248
2018-05-16 03:10:00,-217.42777248
2018-05-16 03:11:00,-217.42777248
2018-05-16 03:12:00,-217.42777248
2018-05-16 03:13:00,-217.42777248
2018-05-16 03:14:00,-224.68306518
2018-05-16 03:15:00,-224.68306518
2018-05-16 03:16:00,-224.68306518
2018-05-16 03:17:00,-217.42777248
2018-05-16 03:18:00,-217.42777248
2018-05-16 03:19:00,-217.42777248
2018-05-16 03:20:00,-217.42777248
2018-05-16 03:21:00,-217.42777248
2018-05-16 03:22:00,-217.42777248
2018-05-16 03:23:00,-217.42777248
2018-05-16 03:24:00,-217.42777248
2018-05-16 03:25:00,-217.42777248
2018-05-16 03:26:00,-217.42777248
2018-05-16 03:27:00,-210.17247978
2018-05-16 03:28:00,-210.17247978
2018-05-16 03:29:00,-217.42777248
2018-05-16 03:30:00,-231.93835788
2018-05-16 03:31:00,-231.93835788
2018-05-16 03:32:00,-231.93835788
2018-05-16 03:33:00,-231.93835788
2018-05-16 03:34:00,-231.93835788
2018-05-16 03:35:00,-231.93835788
2018-05-16 03:36:00,-224.68306518
2018-05-16 03:37:00,-217.42777248
2018-05-16 03:38:00,-217.42777248
2018-05-16 03:39:00,-217.42777248
2018-05-16 03:40:00,-217.42777248
2018-05-16 03:41:00,-202.91718708
2018-05-16 03:42:00,-202.91718708
2018-05-16 03:43:00,-202.91718708
2018-05-16 03:44:00,-202.91718708
2018-05-16 03:45:00,-202.91718708
2018-05-16 03:46:00,-202.91718708
2018-05-16 03:47:00,-202.91718708
2018-05-16 03:48:00,-202.91718708
2018-05-16 03:49:00,-202.91718708
2018-05-16 03:50:00,-202.91718708
2018-05-16 03:51:00,-202.91718708
2018-05-16 03:52:00,-202.91718708
2018-05-16 03:53:00,-202.91718708
2018-05-16 03:54:00,-202.91718708
2018-05-16 03:55:00,-210.17247978
2018-05-16 03:56:00,-210.17247978
2018-05-16 03:57:00,-188.40660168
2018-05-16 03:58:00,-188.40660168
2018-05-16 03:59:00,-188.40660168
2018-05-16 04:00:00,-188.40660168
2018-05-16 04:01:00,-195.66189438
2018-05-16 04:02:00,-195.66189438
2018-05-16 04:03:00,-188.40660168
2018-05-16 04:04:00,-188.40660168
2018-05-16 04:05:00,-188.40660168
2018-05-16 04:06:00,-181.15130898
2018-05-16 04:07:00,-166.64072358
2018-05-16 04:08:00,-166.64072358
2018-05-16 04:09:00,-159.38543088
2018-05-16 04:10:00,-173.89601628
2018-05-16 04:11:00,-166.64072358
2018-05-16 04:12:00,-181.15130898
2018-05-16 04:13:00,-181.15130898
2018-05-16 04:14:00,-181.15130898
2018-05-16 04:15:00,-166.64072358
2018-05-16 04:16:00,-166.64072358
2018-05-16 04:17:00,-166.64072358
2018-05-16 04:18:00,-181.15130898
2018-05-16 04:19:00,-195.66189438
2018-05-16 04:20:00,-188.40660168
2018-05-16 04:21:00,-188.40660168
2018-05-16 04:22:00,-188.40660168
2018-05-16 04:23:00,-188.40660168
2018-05-16 04:24:00,-188.40660168
2018-05-16 04:25:00,-188.40660168
2018-05-16 04:26:00,-188.40660168
2018-05-16 04:27:00,-188.40660168
2018-05-16 04:28:00,-181.15130898
2018-05-16 04:29:00,-188.40660168
2018-05-16 04:30:00,-188.40660168
2018-05-16 04:31:00,-188.40660168
2018-05-16 04:32:00,-188.40660168
2018-05-16 04:33:00,-181.15130898
2018-05-16 04:34:00,-181.15130898
2018-05-16 04:35:00,-181.15130898
2018-05-16 04:36:00,-181.15130898
2018-05-16 04:37:00,-181.15130898
2018-05-16 04:38:00,-188.40660168
2018-05-16 04:39:00,-181.15130898
2018-05-16 04:40:00,-188.40660168
2018-05-16 04:41:00,-173.89601628
2018-05-16 04:42:00,-173.89601628
2018-05-16 04:43:00,-173.89601628
2018-05-16 04:44:00,-173.89601628
2018-05-16 04:45:00,-173.89601628
2018-05-16 04:46:00,-173.89601628
2018-05-16 04:47:00,-173.89601628
2018-05-16 04:48:00,-188.40660168
2018-05-16 04:49:00,-188.40660168
2018-05-16 04:50:00,-188.40660168
2018-05-16 04:51:00,-188.40660168
2018-05-16 04:52:00,-188.40660168
2018-05-16 04:53:00,-188.40660168
2018-05-16 04:54:00,-188.40660168
2018-05-16 04:55:00,-188.40660168
2018-05-16 04:56:00,-188.40660168
2018-05-16 04:57:00,-181.15130898
2018-05-16 04:58:00,-173.89601628
2018-05-16 04:59:00,-173.89601628
2018-05-16 05:00:00,-173.89601628
2018-05-16 05:01:00,-173.89601628
2018-05-16 05:02:00,-166.64072358
2018-05-16 05:03:00,-166.64072358
2018-05-16 05:04:00,-159.38543088
2018-05-16 05:05:00,-159.38543088
2018-05-16 05:06:00,-159.38543088
2018-05-16 05:07:00,-159.38543088
2018-05-16 05:08:00,-159.38543088
2018-05-16 05:09:00,-159.38543088
2018-05-16 05:10:00,-159.38543088
2018-05-16 05:11:00,-159.38543088
2018-05-16 05:12:00,-159.38543088
2018-05-16 05:13:00,-159.38543088
2018-05-16 05:14:00,-159.38543088
2018-05-16 05:15:00,-159.38543088
2018-05-16 05:16:00,-159.38543088
2018-05-16 05:17:00,-159.38543088
2018-05-16 05:18:00,-159.38543088
2018-05-16 05:19:00,-159.38543088
2018-05-16 05:20:00,-152.13013818
2018-05-16 05:21:00,-159.38543088
2018-05-16 05:22:00,-159.38543088
2018-05-16 05:23:00,-159.38543088
2018-05-16 05:24:00,-159.38543088
2018-05-16 05:25:00,-159.38543088
2018-05-16 05:26:00,-159.38543088
2018-05-16 05:27:00,-159.38543088
2018-05-16 05:28:00,-159.38543088
2018-05-16 05:29:00,-159.38543088
2018-05-16 05:30:00,-159.38543088
2018-05-16 05:31:00,-173.89601628
2018-05-16 05:32:00,-173.89601628
2018-05-16 05:33:00,-173.89601628
2018-05-16 05:34:00,-173.89601628
2018-05-16 05:35:00,-173.89601628
2018-05-16 05:36:00,-173.89601628
2018-05-16 05:37:00,-173.89601628
2018-05-16 05:38:00,-173.89601628
2018-05-16 05:39:00,-181.15130898
2018-05-16 05:40:00,-181.15130898
2018-05-16 05:41:00,-181.15130898
2018-05-16 05:42:00,-166.64072358
2018-05-16 05:43:00,-188.40660168
2018-05-16 05:44:00,-188.40660168
2018-05-16 05:45:00,-188.40660168
2018-05-16 05:46:00,-188.40660168
2018-05-16 05:47:00,-188.40660168
2018-05-16 05:48:00,-195.66189438
2018-05-16 05:49:00,-195.66189438
2018-05-16 05:50:00,-195.66189438
2018-05-16 05:51:00,-195.66189438
2018-05-16 05:52:00,-195.66189438
2018-05-16 05:53:00,-195.66189438
2018-05-16 05:54:00,-188.40660168
2018-05-16 05:55:00,-173.89601628
2018-05-16 05:56:00,-181.15130898
2018-05-16 05:57:00,-173.89601628
2018-05-16 05:58:00,-188.40660168
2018-05-16 05:59:00,-188.40660168
2018-05-16 06:00:00,-188.40660168
2018-05-16 06:01:00,-173.89601628
2018-05-16 06:02:00,-159.38543088
2018-05-16 06:03:00,-159.38543088
2018-05-16 06:04:00,-159.38543088
2018-05-16 06:05:00,-144.87484548
2018-05-16 06:06:00,-144.87484548
2018-05-16 06:07:00,-144.87484548
2018-05-16 06:08:00,-144.87484548
2018-05-16 06:09:00,-144.87484548
2018-05-16 06:10:00,-144.87484548
2018-05-16 06:11:00,-137.61955278
2018-05-16 06:12:00,-130.36426008
2018-05-16 06:13:00,-130.36426008
2018-05-16 06:14:00,-130.36426008
2018-05-16 06:15:00,-130.36426008
2018-05-16 06:16:00,-130.36426008
2018-05-16 06:17:00,-130.36426008
2018-05-16 06:18:00,-159.38543088
2018-05-16 06:19:00,-173.89601628
2018-05-16 06:20:00,-159.38543088
2018-05-16 06:21:00,-159.38543088
2018-05-16 06:22:00,-152.13013818
2018-05-16 06:23:00,-152.13013818
2018-05-16 06:24:00,-159.38543088
2018-05-16 06:25:00,-152.13013818
2018-05-16 06:26:00,-152.13013818
2018-05-16 06:27:00,-159.38543088
2018-05-16 06:28:00,-159.38543088
2018-05-16 06:29:00,-159.38543088
2018-05-16 06:30:00,-159.38543088
2018-05-16 06:31:00,-159.38543088
2018-05-16 06:32:00,-152.13013818
2018-05-16 06:33:00,-159.38543088
2018-05-16 06:34:00,-152.13013818
2018-05-16 06:35:00,-152.13013818
2018-05-16 06:36:00,-159.38543088
2018-05-16 06:37:00,-166.64072358
2018-05-16 06:38:00,-166.64072358
2018-05-16 06:39:00,-173.89601628
2018-05-16 06:40:00,-181.15130898
2018-05-16 06:41:00,-188.40660168
2018-05-16 06:42:00,-173.89601628
2018-05-16 06:43:00,-173.89601628
2018-05-16 06:44:00,-173.89601628
2018-05-16 06:45:00,-173.89601628
2018-05-16 06:46:00,-173.89601628
2018-05-16 06:47:00,-173.89601628
2018-05-16 06:48:00,-173.89601628
2018-05-16 06:49:00,-173.89601628
2018-05-16 06:50:00,-173.89601628
2018-05-16 06:51:00,-166.64072358
2018-05-16 06:52:00,-144.87484548
2018-05-16 06:53:00,-144.87484548
2018-05-16 06:54:00,-144.87484548
2018-05-16 06:55:00,-137.61955278
2018-05-16 06:56:00,-130.36426008
2018-05-16 06:57:00,-123.10896738
2018-05-16 06:58:00,-115.85367468
2018-05-16 06:59:00,-115.85367468
2018-05-16 07:00:00,-115.85367468
2018-05-16 07:01:00,-130.36426008
2018-05-16 07:02:00,-115.85367468
2018-05-16 07:03:00,-123.10896738
2018-05-16 07:04:00,-130.36426008
2018-05-16 07:05:00,-123.10896738
2018-05-16 07:06:00,-115.85367468
2018-05-16 07:07:00,-130.36426008
2018-05-16 07:08:00,-130.36426008
2018-05-16 07:09:00,-115.85367468
2018-05-16 07:10:00,-115.85367468
2018-05-16 07:11:00,-115.85367468
2018-05-16 07:12:00,-115.85367468
2018-05-16 07:13:00,-115.85367468
2018-05-16 07:14:00,-108.59838198
2018-05-16 07:15:00,-108.59838198
2018-05-16 07:16:00,-108.59838198
2018-05-16 07:17:00,-86.8325038804
2018-05-16 07:18:00,-94.0877965804
2018-05-16 07:19:00,-101.34308928
2018-05-16 07:20:00,-101.34308928
2018-05-16 07:21:00,-101.34308928
2018-05-16 07:22:00,-101.34308928
2018-05-16 07:23:00,-101.34308928
2018-05-16 07:24:00,-101.34308928
2018-05-16 07:25:00,-101.34308928
2018-05-16 07:26:00,-65.0666257804
2018-05-16 07:27:00,-65.0666257804
2018-05-16 07:28:00,-65.0666257804
2018-05-16 07:29:00,-65.0666257804
2018-05-16 07:30:00,-65.0666257804
2018-05-16 07:31:00,-72.3219184804
2018-05-16 07:32:00,-86.8325038804
2018-05-16 07:33:00,-86.8325038804
2018-05-16 07:34:00,-86.8325038804
2018-05-16 07:35:00,-86.8325038804
2018-05-16 07:36:00,-86.8325038804
2018-05-16 07:37:00,-86.8325038804
2018-05-16 07:38:00,-86.8325038804
2018-05-16 07:39:00,-86.8325038804
2018-05-16 07:40:00,-86.8325038804
2018-05-16 07:41:00,-94.0877965804
2018-05-16 07:42:00,-101.34308928
2018-05-16 07:43:00,-101.34308928
2018-05-16 07:44:00,-101.34308928
2018-05-16 07:45:00,-86.8325038804
2018-05-16 07:46:00,-115.85367468
2018-05-16 07:47:00,-115.85367468
2018-05-16 07:48:00,-115.85367468
2018-05-16 07:49:00,-94.0877965804
2018-05-16 07:50:00,-94.0877965804
2018-05-16 07:51:00,-86.8325038804
2018-05-16 07:52:00,-79.5772111804
2018-05-16 07:53:00,-72.3219184804
2018-05-16 07:54:00,-72.3219184804
2018-05-16 07:55:00,-86.8325038804
2018-05-16 07:56:00,-79.5772111804
2018-05-16 07:57:00,-86.8325038804
2018-05-16 07:58:00,-101.34308928
2018-05-16 07:59:00,-101.34308928
2018-05-16 08:00:00,-94.0877965804
2018-05-16 08:01:00,-101.34308928
2018-05-16 08:02:00,-94.0877965804
2018-05-16 08:03:00,-101.34308928
2018-05-16 08:04:00,-108.59838198
2018-05-16 08:05:00,-108.59838198
2018-05-16 08:06:00,-108.59838198
2018-05-16 08:07:00,-108.59838198
2018-05-16 08:08:00,-115.85367468
2018-05-16 08:09:00,-115.85367468
2018-05-16 08:10:00,-115.85367468
2018-05-16 08:11:00,-115.85367468
2018-05-16 08:12:00,-115.85367468
2018-05-16 08:13:00,-115.85367468
2018-05-16 08:14:00,-108.59838198
2018-05-16 08:15:00,-101.34308928
2018-05-16 08:16:00,-94.0877965804
2018-05-16 08:17:00,-94.0877965804
2018-05-16 08:18:00,-94.0877965804
2018-05-16 08:19:00,-94.0877965804
2018-05-16 08:20:00,-101.34308928
2018-05-16 08:21:00,-94.0877965804
2018-05-16 08:22:00,-86.8325038804
2018-05-16 08:23:00,-94.0877965804
2018-05-16 08:24:00,-115.85367468
2018-05-16 08:25:00,-115.85367468
2018-05-16 08:26:00,-115.85367468
2018-05-16 08:27:00,-108.59838198
2018-05-16 08:28:00,-123.10896738
2018-05-16 08:29:00,-130.36426008
2018-05-16 08:30:00,-130.36426008
2018-05-16 08:31:00,-130.36426008
2018-05-16 08:32:00,-130.36426008
2018-05-16 08:33:00,-130.36426008
2018-05-16 08:34:00,-130.36426008
2018-05-16 08:35:00,-115.85367468
2018-05-16 08:36:00,-115.85367468
2018-05-16 08:37:00,-115.85367468
2018-05-16 08:38:00,-115.85367468
2018-05-16 08:39:00,-115.85367468
2018-05-16 08:40:00,-115.85367468
2018-05-16 08:41:00,-115.85367468
2018-05-16 08:42:00,-115.85367468
2018-05-16 08:43:00,-115.85367468
2018-05-16 08:44:00,-115.85367468
2018-05-16 08:45:00,-115.85367468
2018-05-16 08:46:00,-115.85367468
2018-05-16 08:47:00,-115.85367468
2018-05-16 08:48:00,-123.10896738
2018-05-16 08:49:00,-123.10896738
2018-05-16 08:50:00,-115.85367468
2018-05-16 08:51:00,-115.85367468
2018-05-16 08:52:00,-130.36426008
2018-05-16 08:53:00,-130.36426008
2018-05-16 08:54:00,-130.36426008
2018-05-16 08:55:00,-130.36426008
2018-05-16 08:56:00,-130.36426008
2018-05-16 08:57:00,-130.36426008
2018-05-16 08:58:00,-130.36426008
2018-05-16 08:59:00,-130.36426008
2018-05-16 09:00:00,-130.36426008
2018-05-16 09:01:00,-144.87484548
2018-05-16 09:02:00,-144.87484548
2018-05-16 09:03:00,-152.13013818
2018-05-16 09:04:00,-159.38543088
2018-05-16 09:05:00,-166.64072358
2018-05-16 09:06:00,-159.38543088
2018-05-16 09:07:00,-130.36426008
2018-05-16 09:08:00,-115.85367468
2018-05-16 09:09:00,-115.85367468
2018-05-16 09:10:00,-144.87484548
2018-05-16 09:11:00,-115.85367468
2018-05-16 09:12:00,-115.85367468
2018-05-16 09:13:00,-130.36426008
2018-05-16 09:14:00,-115.85367468
2018-05-16 09:15:00,-115.85367468
2018-05-16 09:16:00,-130.36426008
2018-05-16 09:17:00,-130.36426008
2018-05-16 09:18:00,-115.85367468
2018-05-16 09:19:00,-115.85367468
2018-05-16 09:20:00,-115.85367468
2018-05-16 09:21:00,-115.85367468
2018-05-16 09:22:00,-115.85367468
2018-05-16 09:23:00,-115.85367468
2018-05-16 09:24:00,-123.10896738
2018-05-16 09:25:00,-123.10896738
2018-05-16 09:26:00,-130.36426008
2018-05-16 09:27:00,-130.36426008
2018-05-16 09:28:00,-130.36426008
2018-05-16 09:29:00,-130.36426008
2018-05-16 09:30:00,-152.13013818
2018-05-16 09:31:00,-152.13013818
2018-05-16 09:32:00,-144.87484548
2018-05-16 09:33:00,-137.61955278
2018-05-16 09:34:00,-137.61955278
2018-05-16 09:35:00,-137.61955278
2018-05-16 09:36:00,-144.87484548
2018-05-16 09:37:00,-144.87484548
2018-05-16 09:38:00,-144.87484548
2018-05-16 09:39:00,-144.87484548
2018-05-16 09:40:00,-130.36426008
2018-05-16 09:41:00,-137.61955278
2018-05-16 09:42:00,-130.36426008
2018-05-16 09:43:00,-159.38543088
2018-05-16 09:44:00,-159.38543088
2018-05-16 09:45:00,-144.87484548
2018-05-16 09:46:00,-137.61955278
2018-05-16 09:47:00,-144.87484548
2018-05-16 09:48:00,-159.38543088
2018-05-16 09:49:00,-144.87484548
2018-05-16 09:50:00,-144.87484548
2018-05-16 09:51:00,-159.38543088
2018-05-16 09:52:00,-144.87484548
2018-05-16 09:53:00,-159.38543088
2018-05-16 09:54:00,-159.38543088
2018-05-16 09:55:00,-159.38543088
2018-05-16 09:56:00,-144.87484548
2018-05-16 09:57:00,-144.87484548
2018-05-16 09:58:00,-144.87484548
2018-05-16 09:59:00,-159.38543088
2018-05-16 10:00:00,-159.38543088
2018-05-16 10:01:00,-144.87484548
2018-05-16 10:02:00,-130.36426008
2018-05-16 10:03:00,-130.36426008
2018-05-16 10:04:00,-130.36426008
2018-05-16 10:05:00,-130.36426008
2018-05-16 10:06:00,-137.61955278
2018-05-16 10:07:00,-137.61955278
2018-05-16 10:08:00,-144.87484548
2018-05-16 10:09:00,-130.36426008
2018-05-16 10:10:00,-123.10896738
2018-05-16 10:11:00,-130.36426008
2018-05-16 10:12:00,-130.36426008
2018-05-16 10:13:00,-130.36426008
2018-05-16 10:14:00,-130.36426008
2018-05-16 10:15:00,-130.36426008
2018-05-16 10:16:00,-130.36426008
2018-05-16 10:17:00,-130.36426008
2018-05-16 10:18:00,-144.87484548
2018-05-16 10:19:00,-152.13013818
2018-05-16 10:20:00,-152.13013818
2018-05-16 10:21:00,-159.38543088
2018-05-16 10:22:00,-159.38543088
2018-05-16 10:23:00,-159.38543088
2018-05-16 10:24:00,-159.38543088
2018-05-16 10:25:00,-159.38543088
2018-05-16 10:26:00,-159.38543088
2018-05-16 10:27:00,-159.38543088
2018-05-16 10:28:00,-159.38543088
2018-05-16 10:29:00,-159.38543088
2018-05-16 10:30:00,-159.38543088
2018-05-16 10:31:00,-159.38543088
2018-05-16 10:32:00,-159.38543088
2018-05-16 10:33:00,-159.38543088
2018-05-16 10:34:00,-159.38543088
2018-05-16 10:35:00,-159.38543088
2018-05-16 10:36:00,-159.38543088
2018-05-16 10:37:00,-159.38543088
2018-05-16 10:38:00,-159.38543088
2018-05-16 10:39:00,-166.64072358
2018-05-16 10:40:00,-159.38543088
2018-05-16 10:41:00,-159.38543088
2018-05-16 10:42:00,-159.38543088
2018-05-16 10:43:00,-159.38543088
2018-05-16 10:44:00,-159.38543088
2018-05-16 10:45:00,-159.38543088
2018-05-16 10:46:00,-144.87484548
2018-05-16 10:47:00,-137.61955278
2018-05-16 10:48:00,-137.61955278
2018-05-16 10:49:00,-137.61955278
2018-05-16 10:50:00,-137.61955278
2018-05-16 10:51:00,-130.36426008
2018-05-16 10:52:00,-137.61955278
2018-05-16 10:53:00,-130.36426008
2018-05-16 10:54:00,-137.61955278
2018-05-16 10:55:00,-144.87484548
2018-05-16 10:56:00,-144.87484548
2018-05-16 10:57:00,-144.87484548
2018-05-16 10:58:00,-144.87484548
2018-05-16 10:59:00,-144.87484548
2018-05-16 11:00:00,-144.87484548
2018-05-16 11:01:00,-144.87484548
2018-05-16 11:02:00,-144.87484548
2018-05-16 11:03:00,-144.87484548
2018-05-16 11:04:00,-144.87484548
2018-05-16 11:05:00,-152.13013818
2018-05-16 11:06:00,-152.13013818
2018-05-16 11:07:00,-152.13013818
2018-05-16 11:08:00,-152.13013818
2018-05-16 11:09:00,-152.13013818
2018-05-16 11:10:00,-159.38543088
2018-05-16 11:11:00,-159.38543088
2018-05-16 11:12:00,-166.64072358
2018-05-16 11:13:00,-159.38543088
2018-05-16 11:14:00,-159.38543088
2018-05-16 11:15:00,-159.38543088
2018-05-16 11:16:00,-159.38543088
2018-05-16 11:17:00,-159.38543088
2018-05-16 11:18:00,-159.38543088
2018-05-16 11:19:00,-159.38543088
2018-05-16 11:20:00,-159.38543088
2018-05-16 11:21:00,-159.38543088
2018-05-16 11:22:00,-159.38543088
2018-05-16 11:23:00,-159.38543088
2018-05-16 11:24:00,-159.38543088
2018-05-16 11:25:00,-159.38543088
2018-05-16 11:26:00,-159.38543088
2018-05-16 11:27:00,-159.38543088
2018-05-16 11:28:00,-166.64072358
2018-05-16 11:29:00,-166.64072358
2018-05-16 11:30:00,-166.64072358
2018-05-16 11:31:00,-166.64072358
2018-05-16 11:32:00,-166.64072358
2018-05-16 11:33:00,-166.64072358
2018-05-16 11:34:00,-166.64072358
2018-05-16 11:35:00,-166.64072358
2018-05-16 11:36:00,-166.64072358
2018-05-16 11:37:00,-166.64072358
2018-05-16 11:38:00,-166.64072358
2018-05-16 11:39:00,-166.64072358
2018-05-16 11:40:00,-166.64072358
2018-05-16 11:41:00,-166.64072358
2018-05-16 11:42:00,-166.64072358
2018-05-16 11:43:00,-166.64072358
2018-05-16 11:44:00,-166.64072358
2018-05-16 11:45:00,-173.89601628
2018-05-16 11:46:00,-173.89601628
2018-05-16 11:47:00,-173.89601628
2018-05-16 11:48:00,-159.38543088
2018-05-16 11:49:00,-152.13013818
2018-05-16 11:50:00,-152.13013818
2018-05-16 11:51:00,-152.13013818
2018-05-16 11:52:00,-152.13013818
2018-05-16 11:53:00,-152.13013818
2018-05-16 11:54:00,-152.13013818
2018-05-16 11:55:00,-152.13013818
2018-05-16 11:56:00,-152.13013818
2018-05-16 11:57:00,-152.13013818
2018-05-16 11:58:00,-152.13013818
2018-05-16 11:59:00,-152.13013818
2018-05-17 01:29:00,-36.044874557
2018-05-17 01:30:00,-36.044874557
2018-05-17 01:31:00,-36.044874557
2018-05-17 01:32:00,-36.044874557
2018-05-17 01:33:00,-36.044874557
2018-05-17 01:34:00,-188.406021257
2018-05-17 01:35:00,-188.406021257
2018-05-17 01:36:00,-282.724826357
2018-05-17 01:37:00,-282.724826357
2018-05-17 01:38:00,-282.724826357
2018-05-17 01:39:00,-319.001289857
2018-05-17 01:40:00,-319.001289857
2018-05-17 01:41:00,-304.490704457
2018-05-17 01:42:00,-326.256582557
2018-05-17 01:43:00,-326.256582557
2018-05-17 01:44:00,-319.001289857
2018-05-17 01:45:00,-304.490704457
2018-05-17 01:46:00,-282.724826357
2018-05-17 01:47:00,-282.724826357
2018-05-17 01:48:00,-297.235411757
2018-05-17 01:49:00,-311.745997157
2018-05-17 01:50:00,-326.256582557
2018-05-17 01:51:00,-319.001289857
2018-05-17 01:52:00,-319.001289857
2018-05-17 01:53:00,-311.745997157
2018-05-17 01:54:00,-326.256582557
2018-05-17 01:55:00,-319.001289857
2018-05-17 01:56:00,-326.256582557
2018-05-17 01:57:00,-319.001289857
2018-05-17 01:58:00,-297.235411757
2018-05-17 01:59:00,-289.980119057
2018-05-17 02:00:00,-319.001289857
2018-05-17 02:01:00,-319.001289857
2018-05-17 02:02:00,-319.001289857
2018-05-17 02:03:00,-319.001289857
2018-05-17 02:04:00,-289.980119057
2018-05-17 02:05:00,-289.980119057
2018-05-17 02:06:00,-275.469533657
2018-05-17 02:07:00,-282.724826357
2018-05-17 02:08:00,-275.469533657
2018-05-17 02:09:00,-275.469533657
2018-05-17 02:10:00,-275.469533657
2018-05-17 02:11:00,-275.469533657
2018-05-17 02:12:00,-268.214240957
2018-05-17 02:13:00,-239.193070157
2018-05-17 02:14:00,-260.958948257
2018-05-17 02:15:00,-253.703655557
2018-05-17 02:16:00,-275.469533657
2018-05-17 02:17:00,-289.980119057
2018-05-17 02:18:00,-289.980119057
2018-05-17 02:19:00,-289.980119057
2018-05-17 02:20:00,-289.980119057
2018-05-17 02:21:00,-289.980119057
2018-05-17 02:22:00,-319.001289857
2018-05-17 02:23:00,-319.001289857
2018-05-17 02:24:00,-319.001289857
2018-05-17 02:25:00,-319.001289857
2018-05-17 02:26:00,-326.256582557
2018-05-17 02:27:00,-326.256582557
2018-05-17 02:28:00,-326.256582557
2018-05-17 02:29:00,-304.490704457
2018-05-17 02:30:00,-289.980119057
2018-05-17 02:31:00,-282.724826357
2018-05-17 02:32:00,-275.469533657
2018-05-17 02:33:00,-289.980119057
2018-05-17 02:34:00,-282.724826357
2018-05-17 02:35:00,-275.469533657
2018-05-17 02:36:00,-282.724826357
2018-05-17 02:37:00,-275.469533657
2018-05-17 02:38:00,-275.469533657
2018-05-17 02:39:00,-275.469533657
2018-05-17 02:40:00,-289.980119057
2018-05-17 02:41:00,-289.980119057
2018-05-17 02:42:00,-289.980119057
2018-05-17 02:43:00,-275.469533657
2018-05-17 02:44:00,-289.980119057
2018-05-17 02:45:00,-289.980119057
2018-05-17 02:46:00,-289.980119057
2018-05-17 02:47:00,-282.724826357
2018-05-17 02:48:00,-275.469533657
2018-05-17 02:49:00,-282.724826357
2018-05-17 02:50:00,-282.724826357
2018-05-17 02:51:00,-282.724826357
2018-05-17 02:52:00,-275.469533657
2018-05-17 02:53:00,-275.469533657
2018-05-17 02:54:00,-275.469533657
2018-05-17 02:55:00,-275.469533657
2018-05-17 02:56:00,-275.469533657
2018-05-17 02:57:00,-289.980119057
2018-05-17 02:58:00,-289.980119057
2018-05-17 02:59:00,-275.469533657
2018-05-17 03:00:00,-275.469533657
2018-05-17 03:01:00,-275.469533657
2018-05-17 03:02:00,-275.469533657
2018-05-17 03:03:00,-275.469533657
2018-05-17 03:04:00,-275.469533657
2018-05-17 03:05:00,-275.469533657
2018-05-17 03:06:00,-268.214240957
2018-05-17 03:07:00,-260.958948257
2018-05-17 03:08:00,-275.469533657
2018-05-17 03:09:00,-275.469533657
2018-05-17 03:10:00,-268.214240957
2018-05-17 03:11:00,-275.469533657
2018-05-17 03:12:00,-275.469533657
2018-05-17 03:13:00,-275.469533657
2018-05-17 03:14:00,-275.469533657
2018-05-17 03:15:00,-275.469533657
2018-05-17 03:16:00,-275.469533657
2018-05-17 03:17:00,-275.469533657
2018-05-17 03:18:00,-275.469533657
2018-05-17 03:19:00,-275.469533657
2018-05-17 03:20:00,-275.469533657
2018-05-17 03:21:00,-275.469533657
2018-05-17 03:22:00,-275.469533657
2018-05-17 03:23:00,-268.214240957
2018-05-17 03:24:00,-268.214240957
2018-05-17 03:25:00,-268.214240957
2018-05-17 03:26:00,-268.214240957
2018-05-17 03:27:00,-268.214240957
2018-05-17 03:28:00,-268.214240957
2018-05-17 03:29:00,-268.214240957
2018-05-17 03:30:00,-268.214240957
2018-05-17 03:31:00,-268.214240957
2018-05-17 03:32:00,-268.214240957
2018-05-17 03:33:00,-268.214240957
2018-05-17 03:34:00,-268.214240957
2018-05-17 03:35:00,-268.214240957
2018-05-17 03:36:00,-268.214240957
2018-05-17 03:37:00,-282.724826357
2018-05-17 03:38:00,-289.980119057
2018-05-17 03:39:00,-282.724826357
2018-05-17 03:40:00,-289.980119057
2018-05-17 03:41:00,-297.235411757
2018-05-17 03:42:00,-289.980119057
2018-05-17 03:43:00,-289.980119057
2018-05-17 03:44:00,-289.980119057
2018-05-17 03:45:00,-289.980119057
2018-05-17 03:46:00,-289.980119057
2018-05-17 03:47:00,-289.980119057
2018-05-17 03:48:00,-289.980119057
2018-05-17 03:49:00,-289.980119057
2018-05-17 03:50:00,-289.980119057
2018-05-17 03:51:00,-289.980119057
2018-05-17 03:52:00,-289.980119057
2018-05-17 03:53:00,-289.980119057
2018-05-17 03:54:00,-289.980119057
2018-05-17 03:55:00,-289.980119057
2018-05-17 03:56:00,-289.980119057
2018-05-17 03:57:00,-289.980119057
2018-05-17 03:58:00,-289.980119057
2018-05-17 03:59:00,-289.980119057
2018-05-17 04:00:00,-275.469533657
2018-05-17 04:01:00,-275.469533657
2018-05-17 04:02:00,-275.469533657
2018-05-17 04:03:00,-275.469533657
2018-05-17 04:04:00,-275.469533657
2018-05-17 04:05:00,-275.469533657
2018-05-17 04:06:00,-275.469533657
2018-05-17 04:07:00,-289.980119057
2018-05-17 04:08:00,-275.469533657
2018-05-17 04:09:00,-282.724826357
2018-05-17 04:10:00,-275.469533657
2018-05-17 04:11:00,-275.469533657
2018-05-17 04:12:00,-275.469533657
2018-05-17 04:13:00,-275.469533657
2018-05-17 04:14:00,-275.469533657
2018-05-17 04:15:00,-275.469533657
2018-05-17 04:16:00,-275.469533657
2018-05-17 04:17:00,-275.469533657
2018-05-17 04:18:00,-268.214240957
2018-05-17 04:19:00,-282.724826357
2018-05-17 04:20:00,-282.724826357
2018-05-17 04:21:00,-282.724826357
2018-05-17 04:22:00,-282.724826357
2018-05-17 04:23:00,-282.724826357
2018-05-17 04:24:00,-282.724826357
2018-05-17 04:25:00,-282.724826357
2018-05-17 04:26:00,-282.724826357
2018-05-17 04:27:00,-282.724826357
2018-05-17 04:28:00,-289.980119057
2018-05-17 04:29:00,-282.724826357
2018-05-17 04:30:00,-289.980119057
2018-05-17 04:31:00,-289.980119057
2018-05-17 04:32:00,-289.980119057
2018-05-17 04:33:00,-282.724826357
2018-05-17 04:34:00,-289.980119057
2018-05-17 04:35:00,-289.980119057
2018-05-17 04:36:00,-275.469533657
2018-05-17 04:37:00,-275.469533657
2018-05-17 04:38:00,-275.469533657
2018-05-17 04:39:00,-275.469533657
2018-05-17 04:40:00,-275.469533657
2018-05-17 04:41:00,-275.469533657
2018-05-17 04:42:00,-275.469533657
2018-05-17 04:43:00,-275.469533657
2018-05-17 04:44:00,-275.469533657
2018-05-17 04:45:00,-275.469533657
2018-05-17 04:46:00,-275.469533657
2018-05-17 04:47:00,-275.469533657
2018-05-17 04:48:00,-275.469533657
2018-05-17 04:49:00,-275.469533657
2018-05-17 04:50:00,-275.469533657
2018-05-17 04:51:00,-275.469533657
2018-05-17 04:52:00,-275.469533657
2018-05-17 04:53:00,-275.469533657
2018-05-17 04:54:00,-275.469533657
2018-05-17 04:55:00,-268.214240957
2018-05-17 04:56:00,-268.214240957
2018-05-17 04:57:00,-260.958948257
2018-05-17 04:58:00,-268.214240957
2018-05-17 04:59:00,-260.958948257
2018-05-17 05:00:00,-268.214240957
2018-05-17 05:01:00,-268.214240957
2018-05-17 05:02:00,-268.214240957
2018-05-17 05:03:00,-260.958948257
2018-05-17 05:04:00,-260.958948257
2018-05-17 05:05:00,-260.958948257
2018-05-17 05:06:00,-260.958948257
2018-05-17 05:07:00,-260.958948257
2018-05-17 05:08:00,-253.703655557
2018-05-17 05:09:00,-253.703655557
2018-05-17 05:10:00,-246.448362857
2018-05-17 05:11:00,-246.448362857
2018-05-17 05:12:00,-246.448362857
2018-05-17 05:13:00,-253.703655557
2018-05-17 05:14:00,-260.958948257
2018-05-17 05:15:00,-260.958948257
2018-05-17 05:16:00,-253.703655557
2018-05-17 05:17:00,-239.193070157
2018-05-17 05:18:00,-239.193070157
2018-05-17 05:19:00,-246.448362857
2018-05-17 05:20:00,-246.448362857
2018-05-17 05:21:00,-239.193070157
2018-05-17 05:22:00,-231.937777457
2018-05-17 05:23:00,-231.937777457
2018-05-17 05:24:00,-224.682484757
2018-05-17 05:25:00,-224.682484757
2018-05-17 05:26:00,-224.682484757
2018-05-17 05:27:00,-224.682484757
2018-05-17 05:28:00,-224.682484757
2018-05-17 05:29:00,-224.682484757
2018-05-17 05:30:00,-224.682484757
2018-05-17 05:31:00,-224.682484757
2018-05-17 05:32:00,-231.937777457
2018-05-17 05:33:00,-224.682484757
2018-05-17 05:34:00,-224.682484757
2018-05-17 05:35:00,-231.937777457
2018-05-17 05:36:00,-231.937777457
2018-05-17 05:37:00,-231.937777457
2018-05-17 05:38:00,-231.937777457
2018-05-17 05:39:00,-246.448362857
2018-05-17 05:40:00,-246.448362857
2018-05-17 05:41:00,-246.448362857
2018-05-17 05:42:00,-246.448362857
2018-05-17 05:43:00,-239.193070157
2018-05-17 05:44:00,-239.193070157
2018-05-17 05:45:00,-231.937777457
2018-05-17 05:46:00,-239.193070157
2018-05-17 05:47:00,-239.193070157
2018-05-17 05:48:00,-239.193070157
2018-05-17 05:49:00,-239.193070157
2018-05-17 05:50:00,-239.193070157
2018-05-17 05:51:00,-239.193070157
2018-05-17 05:52:00,-239.193070157
2018-05-17 05:53:00,-239.193070157
2018-05-17 05:54:00,-217.427192057
2018-05-17 05:55:00,-210.171899357
2018-05-17 05:56:00,-217.427192057
2018-05-17 05:57:00,-217.427192057
2018-05-17 05:58:00,-217.427192057
2018-05-17 05:59:00,-217.427192057
2018-05-17 06:00:00,-224.682484757
2018-05-17 06:01:00,-217.427192057
2018-05-17 06:02:00,-210.171899357
2018-05-17 06:03:00,-210.171899357
2018-05-17 06:04:00,-217.427192057
2018-05-17 06:05:00,-217.427192057
2018-05-17 06:06:00,-224.682484757
2018-05-17 06:07:00,-231.937777457
2018-05-17 06:08:00,-231.937777457
2018-05-17 06:09:00,-231.937777457
2018-05-17 06:10:00,-246.448362857
2018-05-17 06:11:00,-246.448362857
2018-05-17 06:12:00,-246.448362857
2018-05-17 06:13:00,-246.448362857
2018-05-17 06:14:00,-246.448362857
2018-05-17 06:15:00,-253.703655557
2018-05-17 06:16:00,-246.448362857
2018-05-17 06:17:00,-246.448362857
2018-05-17 06:18:00,-246.448362857
2018-05-17 06:19:00,-246.448362857
2018-05-17 06:20:00,-246.448362857
2018-05-17 06:21:00,-246.448362857
2018-05-17 06:22:00,-246.448362857
2018-05-17 06:23:00,-246.448362857
2018-05-17 06:24:00,-239.193070157
2018-05-17 06:25:00,-231.937777457
2018-05-17 06:26:00,-231.937777457
2018-05-17 06:27:00,-231.937777457
2018-05-17 06:28:00,-231.937777457
2018-05-17 06:29:00,-224.682484757
2018-05-17 06:30:00,-224.682484757
2018-05-17 06:31:00,-224.682484757
2018-05-17 06:32:00,-231.937777457
2018-05-17 06:33:00,-246.448362857
2018-05-17 06:34:00,-246.448362857
2018-05-17 06:35:00,-246.448362857
2018-05-17 06:36:00,-246.448362857
2018-05-17 06:37:00,-253.703655557
2018-05-17 06:38:00,-260.958948257
2018-05-17 06:39:00,-260.958948257
2018-05-17 06:40:00,-260.958948257
2018-05-17 06:41:00,-260.958948257
2018-05-17 06:42:00,-260.958948257
2018-05-17 06:43:00,-253.703655557
2018-05-17 06:44:00,-253.703655557
2018-05-17 06:45:00,-246.448362857
2018-05-17 06:46:00,-239.193070157
2018-05-17 06:47:00,-239.193070157
2018-05-17 06:48:00,-239.193070157
2018-05-17 06:49:00,-246.448362857
2018-05-17 06:50:00,-239.193070157
2018-05-17 06:51:00,-239.193070157
2018-05-17 06:52:00,-239.193070157
2018-05-17 06:53:00,-246.448362857
2018-05-17 06:54:00,-246.448362857
2018-05-17 06:55:00,-246.448362857
2018-05-17 06:56:00,-246.448362857
2018-05-17 06:57:00,-275.469533657
2018-05-17 06:58:00,-275.469533657
2018-05-17 06:59:00,-275.469533657
2018-05-17 07:00:00,-275.469533657
2018-05-17 07:01:00,-275.469533657
2018-05-17 07:02:00,-275.469533657
2018-05-17 07:03:00,-275.469533657
2018-05-17 07:04:00,-275.469533657
2018-05-17 07:05:00,-275.469533657
2018-05-17 07:06:00,-275.469533657
2018-05-17 07:07:00,-275.469533657
2018-05-17 07:08:00,-275.469533657
2018-05-17 07:09:00,-275.469533657
2018-05-17 07:10:00,-275.469533657
2018-05-17 07:11:00,-275.469533657
2018-05-17 07:12:00,-275.469533657
2018-05-17 07:13:00,-275.469533657
2018-05-17 07:14:00,-275.469533657
2018-05-17 07:15:00,-275.469533657
2018-05-17 07:16:00,-275.469533657
2018-05-17 07:17:00,-275.469533657
2018-05-17 07:18:00,-275.469533657
2018-05-17 07:19:00,-275.469533657
2018-05-17 07:20:00,-275.469533657
2018-05-17 07:21:00,-268.214240957
2018-05-17 07:22:00,-275.469533657
2018-05-17 07:23:00,-275.469533657
2018-05-17 07:24:00,-275.469533657
2018-05-17 07:25:00,-275.469533657
2018-05-17 07:26:00,-268.214240957
2018-05-17 07:27:00,-275.469533657
2018-05-17 07:28:00,-275.469533657
2018-05-17 07:29:00,-275.469533657
2018-05-17 07:30:00,-275.469533657
2018-05-17 07:31:00,-275.469533657
2018-05-17 07:32:00,-289.980119057
2018-05-17 07:33:00,-289.980119057
2018-05-17 07:34:00,-289.980119057
2018-05-17 07:35:00,-282.724826357
2018-05-17 07:36:00,-282.724826357
2018-05-17 07:37:00,-275.469533657
2018-05-17 07:38:00,-275.469533657
2018-05-17 07:39:00,-275.469533657
2018-05-17 07:40:00,-275.469533657
2018-05-17 07:41:00,-275.469533657
2018-05-17 07:42:00,-275.469533657
2018-05-17 07:43:00,-275.469533657
2018-05-17 07:44:00,-319.001289857
2018-05-17 07:45:00,-304.490704457
2018-05-17 07:46:00,-304.490704457
2018-05-17 07:47:00,-311.745997157
2018-05-17 07:48:00,-304.490704457
2018-05-17 07:49:00,-289.980119057
2018-05-17 07:50:00,-289.980119057
2018-05-17 07:51:00,-289.980119057
2018-05-17 07:52:00,-289.980119057
2018-05-17 07:53:00,-289.980119057
2018-05-17 07:54:00,-282.724826357
2018-05-17 07:55:00,-282.724826357
2018-05-17 07:56:00,-282.724826357
2018-05-17 07:57:00,-282.724826357
2018-05-17 07:58:00,-282.724826357
2018-05-17 07:59:00,-304.490704457
2018-05-17 08:00:00,-304.490704457
2018-05-17 08:01:00,-304.490704457
2018-05-17 08:02:00,-304.490704457
2018-05-17 08:03:00,-304.490704457
2018-05-17 08:04:00,-297.235411757
2018-05-17 08:05:00,-289.980119057
2018-05-17 08:06:00,-289.980119057
2018-05-17 08:07:00,-289.980119057
2018-05-17 08:08:00,-289.980119057
2018-05-17 08:09:00,-289.980119057
2018-05-17 08:10:00,-304.490704457
2018-05-17 08:11:00,-304.490704457
2018-05-17 08:12:00,-304.490704457
2018-05-17 08:13:00,-304.490704457
2018-05-17 08:14:00,-304.490704457
2018-05-17 08:15:00,-304.490704457
2018-05-17 08:16:00,-304.490704457
2018-05-17 08:17:00,-297.235411757
2018-05-17 08:18:00,-304.490704457
2018-05-17 08:19:00,-304.490704457
2018-05-17 08:20:00,-304.490704457
2018-05-17 08:21:00,-304.490704457
2018-05-17 08:22:00,-304.490704457
2018-05-17 08:23:00,-304.490704457
2018-05-17 08:24:00,-304.490704457
2018-05-17 08:25:00,-297.235411757
2018-05-17 08:26:00,-289.980119057
2018-05-17 08:27:00,-297.235411757
2018-05-17 08:28:00,-297.235411757
2018-05-17 08:29:00,-304.490704457
2018-05-17 08:30:00,-319.001289857
2018-05-17 08:31:00,-326.256582557
2018-05-17 08:32:00,-326.256582557
2018-05-17 08:33:00,-326.256582557
2018-05-17 08:34:00,-319.001289857
2018-05-17 08:35:00,-319.001289857
2018-05-17 08:36:00,-319.001289857
2018-05-17 08:37:00,-319.001289857
2018-05-17 08:38:00,-319.001289857
2018-05-17 08:39:00,-326.256582557
2018-05-17 08:40:00,-319.001289857
2018-05-17 08:41:00,-304.490704457
2018-05-17 08:42:00,-297.235411757
2018-05-17 08:43:00,-297.235411757
2018-05-17 08:44:00,-304.490704457
2018-05-17 08:45:00,-304.490704457
2018-05-17 08:46:00,-304.490704457
2018-05-17 08:47:00,-304.490704457
2018-05-17 08:48:00,-304.490704457
2018-05-17 08:49:00,-304.490704457
2018-05-17 08:50:00,-297.235411757
2018-05-17 08:51:00,-297.235411757
2018-05-17 08:52:00,-297.235411757
2018-05-17 08:53:00,-297.235411757
2018-05-17 08:54:00,-297.235411757
2018-05-17 08:55:00,-297.235411757
2018-05-17 08:56:00,-297.235411757
2018-05-17 08:57:00,-297.235411757
2018-05-17 08:58:00,-297.235411757
2018-05-17 08:59:00,-297.235411757
2018-05-17 09:00:00,-297.235411757
2018-05-17 09:01:00,-304.490704457
2018-05-17 09:02:00,-311.745997157
2018-05-17 09:03:00,-311.745997157
2018-05-17 09:04:00,-311.745997157
2018-05-17 09:05:00,-311.745997157
2018-05-17 09:06:00,-311.745997157
2018-05-17 09:07:00,-311.745997157
2018-05-17 09:08:00,-311.745997157
2018-05-17 09:09:00,-311.745997157
2018-05-17 09:10:00,-311.745997157
2018-05-17 09:11:00,-311.745997157
2018-05-17 09:12:00,-304.490704457
2018-05-17 09:13:00,-304.490704457
2018-05-17 09:14:00,-297.235411757
2018-05-17 09:15:00,-297.235411757
2018-05-17 09:16:00,-297.235411757
2018-05-17 09:17:00,-297.235411757
2018-05-17 09:18:00,-289.980119057
2018-05-17 09:19:00,-289.980119057
2018-05-17 09:20:00,-289.980119057
2018-05-17 09:21:00,-289.980119057
2018-05-17 09:22:00,-289.980119057
2018-05-17 09:23:00,-289.980119057
2018-05-17 09:24:00,-289.980119057
2018-05-17 09:25:00,-289.980119057
2018-05-17 09:26:00,-289.980119057
2018-05-17 09:27:00,-289.980119057
2018-05-17 09:28:00,-289.980119057
2018-05-17 09:29:00,-297.235411757
2018-05-17 09:30:00,-289.980119057
2018-05-17 09:31:00,-289.980119057
2018-05-17 09:32:00,-289.980119057
2018-05-17 09:33:00,-289.980119057
2018-05-17 09:34:00,-304.490704457
2018-05-17 09:35:00,-304.490704457
2018-05-17 09:36:00,-311.745997157
2018-05-17 09:37:00,-311.745997157
2018-05-17 09:38:00,-311.745997157
2018-05-17 09:39:00,-311.745997157
2018-05-17 09:40:00,-326.256582557
2018-05-17 09:41:00,-319.001289857
2018-05-17 09:42:00,-326.256582557
2018-05-17 09:43:00,-319.001289857
2018-05-17 09:44:00,-319.001289857
2018-05-17 09:45:00,-319.001289857
2018-05-17 09:46:00,-326.256582557
2018-05-17 09:47:00,-326.256582557
2018-05-17 09:48:00,-326.256582557
2018-05-17 09:49:00,-326.256582557
2018-05-17 09:50:00,-326.256582557
2018-05-17 09:51:00,-333.511875257
2018-05-17 09:52:00,-333.511875257
2018-05-17 09:53:00,-333.511875257
2018-05-17 09:54:00,-333.511875257
2018-05-17 09:55:00,-333.511875257
2018-05-17 09:56:00,-326.256582557
2018-05-17 09:57:00,-319.001289857
2018-05-17 09:58:00,-333.511875257
2018-05-17 09:59:00,-333.511875257
2018-05-17 10:00:00,-333.511875257
2018-05-17 10:01:00,-333.511875257
2018-05-17 10:02:00,-333.511875257
2018-05-17 10:03:00,-333.511875257
2018-05-17 10:04:00,-333.511875257
2018-05-17 10:05:00,-333.511875257
2018-05-17 10:06:00,-333.511875257
2018-05-17 10:07:00,-348.022460657
2018-05-17 10:08:00,-348.022460657
2018-05-17 10:09:00,-348.022460657
2018-05-17 10:10:00,-348.022460657
2018-05-17 10:11:00,-348.022460657
2018-05-17 10:12:00,-348.022460657
2018-05-17 10:13:00,-348.022460657
2018-05-17 10:14:00,-333.511875257
2018-05-17 10:15:00,-348.022460657
2018-05-17 10:16:00,-355.277753357
2018-05-17 10:17:00,-348.022460657
2018-05-17 10:18:00,-348.022460657
2018-05-17 10:19:00,-355.277753357
2018-05-17 10:20:00,-362.533046057
2018-05-17 10:21:00,-362.533046057
2018-05-17 10:22:00,-369.788338757
2018-05-17 10:23:00,-369.788338757
2018-05-17 10:24:00,-362.533046057
2018-05-17 10:25:00,-362.533046057
2018-05-17 10:26:00,-362.533046057
2018-05-17 10:27:00,-362.533046057
2018-05-17 10:28:00,-362.533046057
2018-05-17 10:29:00,-362.533046057
2018-05-17 10:30:00,-362.533046057
2018-05-17 10:31:00,-348.022460657
2018-05-17 10:32:00,-348.022460657
2018-05-17 10:33:00,-333.511875257
2018-05-17 10:34:00,-340.767167957
2018-05-17 10:35:00,-333.511875257
2018-05-17 10:36:00,-333.511875257
2018-05-17 10:37:00,-348.022460657
2018-05-17 10:38:00,-348.022460657
2018-05-17 10:39:00,-348.022460657
2018-05-17 10:40:00,-362.533046057
2018-05-17 10:41:00,-377.043631457
2018-05-17 10:42:00,-377.043631457
2018-05-17 10:43:00,-377.043631457
2018-05-17 10:44:00,-377.043631457
2018-05-17 10:45:00,-377.043631457
2018-05-17 10:46:00,-391.554216857
2018-05-17 10:47:00,-391.554216857
2018-05-17 10:48:00,-391.554216857
2018-05-17 10:49:00,-377.043631457
2018-05-17 10:50:00,-384.298924157
2018-05-17 10:51:00,-391.554216857
2018-05-17 10:52:00,-391.554216857
2018-05-17 10:53:00,-406.064802257
2018-05-17 10:54:00,-406.064802257
2018-05-17 10:55:00,-406.064802257
2018-05-17 10:56:00,-406.064802257
2018-05-17 10:57:00,-398.809509557
2018-05-17 10:58:00,-398.809509557
2018-05-17 10:59:00,-398.809509557
2018-05-17 11:00:00,-406.064802257
2018-05-17 11:01:00,-406.064802257
2018-05-17 11:02:00,-398.809509557
2018-05-17 11:03:00,-391.554216857
2018-05-17 11:04:00,-391.554216857
2018-05-17 11:05:00,-398.809509557
2018-05-17 11:06:00,-391.554216857
2018-05-17 11:07:00,-398.809509557
2018-05-17 11:08:00,-391.554216857
2018-05-17 11:09:00,-391.554216857
2018-05-17 11:10:00,-398.809509557
2018-05-17 11:11:00,-398.809509557
2018-05-17 11:12:00,-398.809509557
2018-05-17 11:13:00,-406.064802257
2018-05-17 11:14:00,-398.809509557
2018-05-17 11:15:00,-398.809509557
2018-05-17 11:16:00,-398.809509557
2018-05-17 11:17:00,-398.809509557
2018-05-17 11:18:00,-398.809509557
2018-05-17 11:19:00,-384.298924157
2018-05-17 11:20:00,-384.298924157
2018-05-17 11:21:00,-391.554216857
2018-05-17 11:22:00,-391.554216857
2018-05-17 11:23:00,-391.554216857
2018-05-17 11:24:00,-391.554216857
2018-05-17 11:25:00,-391.554216857
2018-05-17 11:26:00,-391.554216857
2018-05-17 11:27:00,-391.554216857
2018-05-17 11:28:00,-391.554216857
2018-05-17 11:29:00,-398.809509557
2018-05-17 11:30:00,-398.809509557
2018-05-17 11:31:00,-398.809509557
2018-05-17 11:32:00,-398.809509557
2018-05-17 11:33:00,-398.809509557
2018-05-17 11:34:00,-398.809509557
2018-05-17 11:35:00,-398.809509557
2018-05-17 11:36:00,-398.809509557
2018-05-17 11:37:00,-398.809509557
2018-05-17 11:38:00,-398.809509557
2018-05-17 11:39:00,-413.320094957
2018-05-17 11:40:00,-413.320094957
2018-05-17 11:41:00,-413.320094957
2018-05-17 11:42:00,-413.320094957
2018-05-17 11:43:00,-413.320094957
2018-05-17 11:44:00,-413.320094957
2018-05-17 11:45:00,-398.809509557
2018-05-17 11:46:00,-398.809509557
2018-05-17 11:47:00,-398.809509557
2018-05-17 11:48:00,-406.064802257
2018-05-17 11:49:00,-406.064802257
2018-05-17 11:50:00,-398.809509557
2018-05-17 11:51:00,-398.809509557
2018-05-17 11:52:00,-398.809509557
2018-05-17 11:53:00,-398.809509557
2018-05-17 11:54:00,-398.809509557
2018-05-17 11:55:00,-398.809509557
2018-05-17 11:56:00,-413.320094957
2018-05-17 11:57:00,-413.320094957
2018-05-17 11:58:00,-398.809509557
2018-05-17 11:59:00,-398.809509557
2018-05-18 01:29:00,-609.212997857
2018-05-18 01:30:00,-609.212997857
2018-05-18 01:31:00,-609.212997857
2018-05-18 01:32:00,-609.212997857
2018-05-18 01:33:00,-609.212997857
2018-05-18 01:34:00,-514.894192757
2018-05-18 01:35:00,-340.767167957
2018-05-18 01:36:00,-340.767167957
2018-05-18 01:37:00,-340.767167957
2018-05-18 01:38:00,-340.767167957
2018-05-18 01:39:00,-340.767167957
2018-05-18 01:40:00,-340.767167957
2018-05-18 01:41:00,-340.767167957
2018-05-18 01:42:00,-340.767167957
2018-05-18 01:43:00,-333.511875257
2018-05-18 01:44:00,-319.001289857
2018-05-18 01:45:00,-319.001289857
2018-05-18 01:46:00,-319.001289857
2018-05-18 01:47:00,-326.256582557
2018-05-18 01:48:00,-326.256582557
2018-05-18 01:49:00,-326.256582557
2018-05-18 01:50:00,-326.256582557
2018-05-18 01:51:00,-326.256582557
2018-05-18 01:52:00,-326.256582557
2018-05-18 01:53:00,-297.235411757
2018-05-18 01:54:00,-311.745997157
2018-05-18 01:55:00,-304.490704457
2018-05-18 01:56:00,-304.490704457
2018-05-18 01:57:00,-304.490704457
2018-05-18 01:58:00,-304.490704457
2018-05-18 01:59:00,-304.490704457
2018-05-18 02:00:00,-348.022460657
2018-05-18 02:01:00,-362.533046057
2018-05-18 02:02:00,-369.788338757
2018-05-18 02:03:00,-377.043631457
2018-05-18 02:04:00,-362.533046057
2018-05-18 02:05:00,-362.533046057
2018-05-18 02:06:00,-348.022460657
2018-05-18 02:07:00,-348.022460657
2018-05-18 02:08:00,-348.022460657
2018-05-18 02:09:00,-355.277753357
2018-05-18 02:10:00,-340.767167957
2018-05-18 02:11:00,-340.767167957
2018-05-18 02:12:00,-340.767167957
2018-05-18 02:13:00,-340.767167957
2018-05-18 02:14:00,-333.511875257
2018-05-18 02:15:00,-333.511875257
2018-05-18 02:16:00,-333.511875257
2018-05-18 02:17:00,-333.511875257
2018-05-18 02:18:00,-333.511875257
2018-05-18 02:19:00,-333.511875257
2018-05-18 02:20:00,-348.022460657
2018-05-18 02:21:00,-333.511875257
2018-05-18 02:22:00,-340.767167957
2018-05-18 02:23:00,-333.511875257
2018-05-18 02:24:00,-333.511875257
2018-05-18 02:25:00,-333.511875257
2018-05-18 02:26:00,-333.511875257
2018-05-18 02:27:00,-333.511875257
2018-05-18 02:28:00,-333.511875257
2018-05-18 02:29:00,-348.022460657
2018-05-18 02:30:00,-355.277753357
2018-05-18 02:31:00,-362.533046057
2018-05-18 02:32:00,-362.533046057
2018-05-18 02:33:00,-362.533046057
2018-05-18 02:34:00,-355.277753357
2018-05-18 02:35:00,-348.022460657
2018-05-18 02:36:00,-348.022460657
2018-05-18 02:37:00,-348.022460657
2018-05-18 02:38:00,-348.022460657
2018-05-18 02:39:00,-348.022460657
2018-05-18 02:40:00,-348.022460657
2018-05-18 02:41:00,-333.511875257
2018-05-18 02:42:00,-340.767167957
2018-05-18 02:43:00,-340.767167957
2018-05-18 02:44:00,-333.511875257
2018-05-18 02:45:00,-340.767167957
2018-05-18 02:46:00,-340.767167957
2018-05-18 02:47:00,-340.767167957
2018-05-18 02:48:00,-340.767167957
2018-05-18 02:49:00,-340.767167957
2018-05-18 02:50:00,-340.767167957
2018-05-18 02:51:00,-340.767167957
2018-05-18 02:52:00,-340.767167957
2018-05-18 02:53:00,-340.767167957
2018-05-18 02:54:00,-340.767167957
2018-05-18 02:55:00,-340.767167957
2018-05-18 02:56:00,-340.767167957
2018-05-18 02:57:00,-340.767167957
2018-05-18 02:58:00,-340.767167957
2018-05-18 02:59:00,-340.767167957
2018-05-18 03:00:00,-340.767167957
2018-05-18 03:01:00,-340.767167957
2018-05-18 03:02:00,-340.767167957
2018-05-18 03:03:00,-340.767167957
2018-05-18 03:04:00,-319.001289857
2018-05-18 03:05:00,-333.511875257
2018-05-18 03:06:00,-333.511875257
2018-05-18 03:07:00,-333.511875257
2018-05-18 03:08:00,-326.256582557
2018-05-18 03:09:00,-319.001289857
2018-05-18 03:10:00,-319.001289857
2018-05-18 03:11:00,-319.001289857
2018-05-18 03:12:00,-319.001289857
2018-05-18 03:13:00,-311.745997157
2018-05-18 03:14:00,-311.745997157
2018-05-18 03:15:00,-297.235411757
2018-05-18 03:16:00,-297.235411757
2018-05-18 03:17:00,-319.001289857
2018-05-18 03:18:00,-319.001289857
2018-05-18 03:19:00,-319.001289857
2018-05-18 03:20:00,-319.001289857
2018-05-18 03:21:00,-319.001289857
2018-05-18 03:22:00,-319.001289857
2018-05-18 03:23:00,-319.001289857
2018-05-18 03:24:00,-289.980119057
2018-05-18 03:25:00,-289.980119057
2018-05-18 03:26:00,-297.235411757
2018-05-18 03:27:00,-304.490704457
2018-05-18 03:28:00,-304.490704457
2018-05-18 03:29:00,-304.490704457
2018-05-18 03:30:00,-304.490704457
2018-05-18 03:31:00,-304.490704457
2018-05-18 03:32:00,-304.490704457
2018-05-18 03:33:00,-297.235411757
2018-05-18 03:34:00,-304.490704457
2018-05-18 03:35:00,-304.490704457
2018-05-18 03:36:00,-304.490704457
2018-05-18 03:37:00,-319.001289857
2018-05-18 03:38:00,-319.001289857
2018-05-18 03:39:00,-319.001289857
2018-05-18 03:40:00,-311.745997157
2018-05-18 03:41:00,-311.745997157
2018-05-18 03:42:00,-311.745997157
2018-05-18 03:43:00,-304.490704457
2018-05-18 03:44:00,-304.490704457
2018-05-18 03:45:00,-304.490704457
2018-05-18 03:46:00,-304.490704457
2018-05-18 03:47:00,-311.745997157
2018-05-18 03:48:00,-311.745997157
2018-05-18 03:49:00,-311.745997157
2018-05-18 03:50:00,-304.490704457
2018-05-18 03:51:00,-304.490704457
2018-05-18 03:52:00,-304.490704457
2018-05-18 03:53:00,-304.490704457
2018-05-18 03:54:00,-304.490704457
2018-05-18 03:55:00,-297.235411757
2018-05-18 03:56:00,-297.235411757
2018-05-18 03:57:00,-297.235411757
2018-05-18 03:58:00,-297.235411757
2018-05-18 03:59:00,-297.235411757
2018-05-18 04:00:00,-311.745997157
2018-05-18 04:01:00,-311.745997157
2018-05-18 04:02:00,-311.745997157
2018-05-18 04:03:00,-311.745997157
2018-05-18 04:04:00,-311.745997157
2018-05-18 04:05:00,-304.490704457
2018-05-18 04:06:00,-304.490704457
2018-05-18 04:07:00,-289.980119057
2018-05-18 04:08:00,-289.980119057
2018-05-18 04:09:00,-289.980119057
2018-05-18 04:10:00,-289.980119057
2018-05-18 04:11:00,-289.980119057
2018-05-18 04:12:00,-289.980119057
2018-05-18 04:13:00,-289.980119057
2018-05-18 04:14:00,-289.980119057
2018-05-18 04:15:00,-289.980119057
2018-05-18 04:16:00,-289.980119057
2018-05-18 04:17:00,-289.980119057
2018-05-18 04:18:00,-275.469533657
2018-05-18 04:19:00,-275.469533657
2018-05-18 04:20:00,-275.469533657
2018-05-18 04:21:00,-275.469533657
2018-05-18 04:22:00,-275.469533657
2018-05-18 04:23:00,-275.469533657
2018-05-18 04:24:00,-275.469533657
2018-05-18 04:25:00,-275.469533657
2018-05-18 04:26:00,-275.469533657
2018-05-18 04:27:00,-275.469533657
2018-05-18 04:28:00,-275.469533657
2018-05-18 04:29:00,-275.469533657
2018-05-18 04:30:00,-275.469533657
2018-05-18 04:31:00,-275.469533657
2018-05-18 04:32:00,-268.214240957
2018-05-18 04:33:00,-268.214240957
2018-05-18 04:34:00,-268.214240957
2018-05-18 04:35:00,-260.958948257
2018-05-18 04:36:00,-260.958948257
2018-05-18 04:37:00,-260.958948257
2018-05-18 04:38:00,-260.958948257
2018-05-18 04:39:00,-239.193070157
2018-05-18 04:40:00,-224.682484757
2018-05-18 04:41:00,-224.682484757
2018-05-18 04:42:00,-224.682484757
2018-05-18 04:43:00,-224.682484757
2018-05-18 04:44:00,-224.682484757
2018-05-18 04:45:00,-224.682484757
2018-05-18 04:46:00,-224.682484757
2018-05-18 04:47:00,-224.682484757
2018-05-18 04:48:00,-224.682484757
2018-05-18 04:49:00,-224.682484757
2018-05-18 04:50:00,-231.937777457
2018-05-18 04:51:00,-231.937777457
2018-05-18 04:52:00,-231.937777457
2018-05-18 04:53:00,-231.937777457
2018-05-18 04:54:00,-231.937777457
2018-05-18 04:55:00,-231.937777457
2018-05-18 04:56:00,-239.193070157
2018-05-18 04:57:00,-239.193070157
2018-05-18 04:58:00,-239.193070157
2018-05-18 04:59:00,-231.937777457
2018-05-18 05:00:00,-231.937777457
2018-05-18 05:01:00,-224.682484757
2018-05-18 05:02:00,-231.937777457
2018-05-18 05:03:00,-246.448362857
2018-05-18 05:04:00,-253.703655557
2018-05-18 05:05:00,-246.448362857
2018-05-18 05:06:00,-246.448362857
2018-05-18 05:07:00,-246.448362857
2018-05-18 05:08:00,-246.448362857
2018-05-18 05:09:00,-246.448362857
2018-05-18 05:10:00,-246.448362857
2018-05-18 05:11:00,-253.703655557
2018-05-18 05:12:00,-253.703655557
2018-05-18 05:13:00,-253.703655557
2018-05-18 05:14:00,-253.703655557
2018-05-18 05:15:00,-253.703655557
2018-05-18 05:16:00,-253.703655557
2018-05-18 05:17:00,-253.703655557
2018-05-18 05:18:00,-253.703655557
2018-05-18 05:19:00,-253.703655557
2018-05-18 05:20:00,-253.703655557
2018-05-18 05:21:00,-260.958948257
2018-05-18 05:22:00,-260.958948257
2018-05-18 05:23:00,-253.703655557
2018-05-18 05:24:00,-253.703655557
2018-05-18 05:25:00,-253.703655557
2018-05-18 05:26:00,-253.703655557
2018-05-18 05:27:00,-253.703655557
2018-05-18 05:28:00,-253.703655557
2018-05-18 05:29:00,-260.958948257
2018-05-18 05:30:00,-260.958948257
2018-05-18 05:31:00,-253.703655557
2018-05-18 05:32:00,-253.703655557
2018-05-18 05:33:00,-253.703655557
2018-05-18 05:34:00,-246.448362857
2018-05-18 05:35:00,-239.193070157
2018-05-18 05:36:00,-239.193070157
2018-05-18 05:37:00,-239.193070157
2018-05-18 05:38:00,-239.193070157
2018-05-18 05:39:00,-253.703655557
2018-05-18 05:40:00,-246.448362857
2018-05-18 05:41:00,-253.703655557
2018-05-18 05:42:00,-260.958948257
2018-05-18 05:43:00,-268.214240957
2018-05-18 05:44:00,-239.193070157
2018-05-18 05:45:00,-253.703655557
2018-05-18 05:46:00,-253.703655557
2018-05-18 05:47:00,-253.703655557
2018-05-18 05:48:00,-253.703655557
2018-05-18 05:49:00,-239.193070157
2018-05-18 05:50:00,-239.193070157
2018-05-18 05:51:00,-239.193070157
2018-05-18 05:52:00,-239.193070157
2018-05-18 05:53:00,-239.193070157
2018-05-18 05:54:00,-239.193070157
2018-05-18 05:55:00,-231.937777457
2018-05-18 05:56:00,-239.193070157
2018-05-18 05:57:00,-239.193070157
2018-05-18 05:58:00,-231.937777457
2018-05-18 05:59:00,-231.937777457
2018-05-18 06:00:00,-231.937777457
2018-05-18 06:01:00,-231.937777457
2018-05-18 06:02:00,-224.682484757
2018-05-18 06:03:00,-224.682484757
2018-05-18 06:04:00,-231.937777457
2018-05-18 06:05:00,-231.937777457
2018-05-18 06:06:00,-231.937777457
2018-05-18 06:07:00,-231.937777457
2018-05-18 06:08:00,-224.682484757
2018-05-18 06:09:00,-217.427192057
2018-05-18 06:10:00,-210.171899357
2018-05-18 06:11:00,-210.171899357
2018-05-18 06:12:00,-210.171899357
2018-05-18 06:13:00,-210.171899357
2018-05-18 06:14:00,-210.171899357
2018-05-18 06:15:00,-210.171899357
2018-05-18 06:16:00,-210.171899357
2018-05-18 06:17:00,-210.171899357
2018-05-18 06:18:00,-210.171899357
2018-05-18 06:19:00,-210.171899357
2018-05-18 06:20:00,-210.171899357
2018-05-18 06:21:00,-210.171899357
2018-05-18 06:22:00,-210.171899357
2018-05-18 06:23:00,-210.171899357
2018-05-18 06:24:00,-210.171899357
2018-05-18 06:25:00,-210.171899357
2018-05-18 06:26:00,-210.171899357
2018-05-18 06:27:00,-210.171899357
2018-05-18 06:28:00,-210.171899357
2018-05-18 06:29:00,-210.171899357
2018-05-18 06:30:00,-210.171899357
2018-05-18 06:31:00,-202.916606657
2018-05-18 06:32:00,-202.916606657
2018-05-18 06:33:00,-202.916606657
2018-05-18 06:34:00,-202.916606657
2018-05-18 06:35:00,-202.916606657
2018-05-18 06:36:00,-195.661313957
2018-05-18 06:37:00,-195.661313957
2018-05-18 06:38:00,-195.661313957
2018-05-18 06:39:00,-195.661313957
2018-05-18 06:40:00,-195.661313957
2018-05-18 06:41:00,-195.661313957
2018-05-18 06:42:00,-195.661313957
2018-05-18 06:43:00,-195.661313957
2018-05-18 06:44:00,-195.661313957
2018-05-18 06:45:00,-195.661313957
2018-05-18 06:46:00,-195.661313957
2018-05-18 06:47:00,-195.661313957
2018-05-18 06:48:00,-195.661313957
2018-05-18 06:49:00,-195.661313957
2018-05-18 06:50:00,-195.661313957
2018-05-18 06:51:00,-195.661313957
2018-05-18 06:52:00,-195.661313957
2018-05-18 06:53:00,-195.661313957
2018-05-18 06:54:00,-195.661313957
2018-05-18 06:55:00,-195.661313957
2018-05-18 06:56:00,-195.661313957
2018-05-18 06:57:00,-195.661313957
2018-05-18 06:58:00,-195.661313957
2018-05-18 06:59:00,-195.661313957
2018-05-18 07:00:00,-195.661313957
2018-05-18 07:01:00,-195.661313957
2018-05-18 07:02:00,-195.661313957
2018-05-18 07:03:00,-195.661313957
2018-05-18 07:04:00,-195.661313957
2018-05-18 07:05:00,-195.661313957
2018-05-18 07:06:00,-195.661313957
2018-05-18 07:07:00,-195.661313957
2018-05-18 07:08:00,-195.661313957
2018-05-18 07:09:00,-195.661313957
2018-05-18 07:10:00,-195.661313957
2018-05-18 07:11:00,-195.661313957
2018-05-18 07:12:00,-195.661313957
2018-05-18 07:13:00,-202.916606657
2018-05-18 07:14:00,-202.916606657
2018-05-18 07:15:00,-202.916606657
2018-05-18 07:16:00,-202.916606657
2018-05-18 07:17:00,-202.916606657
2018-05-18 07:18:00,-202.916606657
2018-05-18 07:19:00,-202.916606657
2018-05-18 07:20:00,-202.916606657
2018-05-18 07:21:00,-202.916606657
2018-05-18 07:22:00,-202.916606657
2018-05-18 07:23:00,-202.916606657
2018-05-18 07:24:00,-217.427192057
2018-05-18 07:25:00,-217.427192057
2018-05-18 07:26:00,-217.427192057
2018-05-18 07:27:00,-210.171899357
2018-05-18 07:28:00,-210.171899357
2018-05-18 07:29:00,-210.171899357
2018-05-18 07:30:00,-210.171899357
2018-05-18 07:31:00,-210.171899357
2018-05-18 07:32:00,-210.171899357
2018-05-18 07:33:00,-210.171899357
2018-05-18 07:34:00,-210.171899357
2018-05-18 07:35:00,-202.916606657
2018-05-18 07:36:00,-202.916606657
2018-05-18 07:37:00,-210.171899357
2018-05-18 07:38:00,-210.171899357
2018-05-18 07:39:00,-210.171899357
2018-05-18 07:40:00,-210.171899357
2018-05-18 07:41:00,-210.171899357
2018-05-18 07:42:00,-210.171899357
2018-05-18 07:43:00,-210.171899357
2018-05-18 07:44:00,-210.171899357
2018-05-18 07:45:00,-217.427192057
2018-05-18 07:46:00,-217.427192057
2018-05-18 07:47:00,-217.427192057
2018-05-18 07:48:00,-217.427192057
2018-05-18 07:49:00,-217.427192057
2018-05-18 07:50:00,-217.427192057
2018-05-18 07:51:00,-217.427192057
2018-05-18 07:52:00,-217.427192057
2018-05-18 07:53:00,-210.171899357
2018-05-18 07:54:00,-210.171899357
2018-05-18 07:55:00,-210.171899357
2018-05-18 07:56:00,-210.171899357
2018-05-18 07:57:00,-210.171899357
2018-05-18 07:58:00,-202.916606657
2018-05-18 07:59:00,-195.661313957
2018-05-18 08:00:00,-195.661313957
2018-05-18 08:01:00,-195.661313957
2018-05-18 08:02:00,-195.661313957
2018-05-18 08:03:00,-188.406021257
2018-05-18 08:04:00,-188.406021257
2018-05-18 08:05:00,-188.406021257
2018-05-18 08:06:00,-188.406021257
2018-05-18 08:07:00,-217.427192057
2018-05-18 08:08:00,-217.427192057
2018-05-18 08:09:00,-210.171899357
2018-05-18 08:10:00,-202.916606657
2018-05-18 08:11:00,-202.916606657
2018-05-18 08:12:00,-195.661313957
2018-05-18 08:13:00,-195.661313957
2018-05-18 08:14:00,-195.661313957
2018-05-18 08:15:00,-202.916606657
2018-05-18 08:16:00,-195.661313957
2018-05-18 08:17:00,-202.916606657
2018-05-18 08:18:00,-217.427192057
2018-05-18 08:19:00,-217.427192057
2018-05-18 08:20:00,-217.427192057
2018-05-18 08:21:00,-210.171899357
2018-05-18 08:22:00,-210.171899357
2018-05-18 08:23:00,-202.916606657
2018-05-18 08:24:00,-202.916606657
2018-05-18 08:25:00,-202.916606657
2018-05-18 08:26:00,-202.916606657
2018-05-18 08:27:00,-210.171899357
2018-05-18 08:28:00,-202.916606657
2018-05-18 08:29:00,-217.427192057
2018-05-18 08:30:00,-210.171899357
2018-05-18 08:31:00,-217.427192057
2018-05-18 08:32:00,-246.448362857
2018-05-18 08:33:00,-246.448362857
2018-05-18 08:34:00,-246.448362857
2018-05-18 08:35:00,-224.682484757
2018-05-18 08:36:00,-195.661313957
2018-05-18 08:37:00,-195.661313957
2018-05-18 08:38:00,-202.916606657
2018-05-18 08:39:00,-202.916606657
2018-05-18 08:40:00,-210.171899357
2018-05-18 08:41:00,-210.171899357
2018-05-18 08:42:00,-210.171899357
2018-05-18 08:43:00,-210.171899357
2018-05-18 08:44:00,-210.171899357
2018-05-18 08:45:00,-210.171899357
2018-05-18 08:46:00,-210.171899357
2018-05-18 08:47:00,-210.171899357
2018-05-18 08:48:00,-224.682484757
2018-05-18 08:49:00,-224.682484757
2018-05-18 08:50:00,-224.682484757
2018-05-18 08:51:00,-224.682484757
2018-05-18 08:52:00,-224.682484757
2018-05-18 08:53:00,-217.427192057
2018-05-18 08:54:00,-217.427192057
2018-05-18 08:55:00,-217.427192057
2018-05-18 08:56:00,-217.427192057
2018-05-18 08:57:00,-217.427192057
2018-05-18 08:58:00,-217.427192057
2018-05-18 08:59:00,-217.427192057
2018-05-18 09:00:00,-217.427192057
2018-05-18 09:01:00,-210.171899357
2018-05-18 09:02:00,-210.171899357
2018-05-18 09:03:00,-202.916606657
2018-05-18 09:04:00,-202.916606657
2018-05-18 09:05:00,-231.937777457
2018-05-18 09:06:00,-224.682484757
2018-05-18 09:07:00,-217.427192057
2018-05-18 09:08:00,-239.193070157
2018-05-18 09:09:00,-239.193070157
2018-05-18 09:10:00,-231.937777457
2018-05-18 09:11:00,-231.937777457
2018-05-18 09:12:00,-231.937777457
2018-05-18 09:13:00,-231.937777457
2018-05-18 09:14:00,-231.937777457
2018-05-18 09:15:00,-217.427192057
2018-05-18 09:16:00,-217.427192057
2018-05-18 09:17:00,-217.427192057
2018-05-18 09:18:00,-217.427192057
2018-05-18 09:19:00,-224.682484757
2018-05-18 09:20:00,-231.937777457
2018-05-18 09:21:00,-231.937777457
2018-05-18 09:22:00,-231.937777457
2018-05-18 09:23:00,-231.937777457
2018-05-18 09:24:00,-224.682484757
2018-05-18 09:25:00,-224.682484757
2018-05-18 09:26:00,-217.427192057
2018-05-18 09:27:00,-224.682484757
2018-05-18 09:28:00,-231.937777457
2018-05-18 09:29:00,-224.682484757
2018-05-18 09:30:00,-224.682484757
2018-05-18 09:31:00,-217.427192057
2018-05-18 09:32:00,-217.427192057
2018-05-18 09:33:00,-210.171899357
2018-05-18 09:34:00,-202.916606657
2018-05-18 09:35:00,-210.171899357
2018-05-18 09:36:00,-195.661313957
2018-05-18 09:37:00,-210.171899357
2018-05-18 09:38:00,-210.171899357
2018-05-18 09:39:00,-210.171899357
2018-05-18 09:40:00,-195.661313957
2018-05-18 09:41:00,-188.406021257
2018-05-18 09:42:00,-181.150728557
2018-05-18 09:43:00,-188.406021257
2018-05-18 09:44:00,-188.406021257
2018-05-18 09:45:00,-188.406021257
2018-05-18 09:46:00,-188.406021257
2018-05-18 09:47:00,-188.406021257
2018-05-18 09:48:00,-188.406021257
2018-05-18 09:49:00,-188.406021257
2018-05-18 09:50:00,-188.406021257
2018-05-18 09:51:00,-188.406021257
2018-05-18 09:52:00,-188.406021257
2018-05-18 09:53:00,-188.406021257
2018-05-18 09:54:00,-188.406021257
2018-05-18 09:55:00,-188.406021257
2018-05-18 09:56:00,-188.406021257
2018-05-18 09:57:00,-188.406021257
2018-05-18 09:58:00,-188.406021257
2018-05-18 09:59:00,-188.406021257
2018-05-18 10:00:00,-181.150728557
2018-05-18 10:01:00,-181.150728557
2018-05-18 10:02:00,-181.150728557
2018-05-18 10:03:00,-173.895435857
2018-05-18 10:04:00,-166.640143157
2018-05-18 10:05:00,-166.640143157
2018-05-18 10:06:00,-166.640143157
2018-05-18 10:07:00,-181.150728557
2018-05-18 10:08:00,-166.640143157
2018-05-18 10:09:00,-159.384850457
2018-05-18 10:10:00,-173.895435857
2018-05-18 10:11:00,-173.895435857
2018-05-18 10:12:00,-173.895435857
2018-05-18 10:13:00,-173.895435857
2018-05-18 10:14:00,-166.640143157
2018-05-18 10:15:00,-166.640143157
2018-05-18 10:16:00,-173.895435857
2018-05-18 10:17:00,-173.895435857
2018-05-18 10:18:00,-173.895435857
2018-05-18 10:19:00,-173.895435857
2018-05-18 10:20:00,-173.895435857
2018-05-18 10:21:00,-173.895435857
2018-05-18 10:22:00,-188.406021257
2018-05-18 10:23:00,-173.895435857
2018-05-18 10:24:00,-173.895435857
2018-05-18 10:25:00,-173.895435857
2018-05-18 10:26:00,-173.895435857
2018-05-18 10:27:00,-173.895435857
2018-05-18 10:28:00,-173.895435857
2018-05-18 10:29:00,-166.640143157
2018-05-18 10:30:00,-173.895435857
2018-05-18 10:31:00,-173.895435857
2018-05-18 10:32:00,-173.895435857
2018-05-18 10:33:00,-173.895435857
2018-05-18 10:34:00,-166.640143157
2018-05-18 10:35:00,-173.895435857
2018-05-18 10:36:00,-173.895435857
2018-05-18 10:37:00,-181.150728557
2018-05-18 10:38:00,-173.895435857
2018-05-18 10:39:00,-166.640143157
2018-05-18 10:40:00,-173.895435857
2018-05-18 10:41:00,-166.640143157
2018-05-18 10:42:00,-173.895435857
2018-05-18 10:43:00,-173.895435857
2018-05-18 10:44:00,-173.895435857
2018-05-18 10:45:00,-173.895435857
2018-05-18 10:46:00,-166.640143157
2018-05-18 10:47:00,-173.895435857
2018-05-18 10:48:00,-159.384850457
2018-05-18 10:49:00,-159.384850457
2018-05-18 10:50:00,-159.384850457
2018-05-18 10:51:00,-159.384850457
2018-05-18 10:52:00,-159.384850457
2018-05-18 10:53:00,-152.129557757
2018-05-18 10:54:00,-152.129557757
2018-05-18 10:55:00,-152.129557757
2018-05-18 10:56:00,-152.129557757
2018-05-18 10:57:00,-152.129557757
2018-05-18 10:58:00,-152.129557757
2018-05-18 10:59:00,-173.895435857
2018-05-18 11:00:00,-181.150728557
2018-05-18 11:01:00,-181.150728557
2018-05-18 11:02:00,-181.150728557
2018-05-18 11:03:00,-173.895435857
2018-05-18 11:04:00,-173.895435857
2018-05-18 11:05:00,-173.895435857
2018-05-18 11:06:00,-173.895435857
2018-05-18 11:07:00,-173.895435857
2018-05-18 11:08:00,-173.895435857
2018-05-18 11:09:00,-173.895435857
2018-05-18 11:10:00,-173.895435857
2018-05-18 11:11:00,-173.895435857
2018-05-18 11:12:00,-173.895435857
2018-05-18 11:13:00,-173.895435857
2018-05-18 11:14:00,-173.895435857
2018-05-18 11:15:00,-173.895435857
2018-05-18 11:16:00,-173.895435857
2018-05-18 11:17:00,-173.895435857
2018-05-18 11:18:00,-173.895435857
2018-05-18 11:19:00,-173.895435857
2018-05-18 11:20:00,-173.895435857
2018-05-18 11:21:00,-173.895435857
2018-05-18 11:22:00,-173.895435857
2018-05-18 11:23:00,-173.895435857
2018-05-18 11:24:00,-173.895435857
2018-05-18 11:25:00,-173.895435857
2018-05-18 11:26:00,-173.895435857
2018-05-18 11:27:00,-173.895435857
2018-05-18 11:28:00,-173.895435857
2018-05-18 11:29:00,-166.640143157
2018-05-18 11:30:00,-166.640143157
2018-05-18 11:31:00,-166.640143157
2018-05-18 11:32:00,-159.384850457
2018-05-18 11:33:00,-166.640143157
2018-05-18 11:34:00,-166.640143157
2018-05-18 11:35:00,-166.640143157
2018-05-18 11:36:00,-166.640143157
2018-05-18 11:37:00,-173.895435857
2018-05-18 11:38:00,-166.640143157
2018-05-18 11:39:00,-152.129557757
2018-05-18 11:40:00,-152.129557757
2018-05-18 11:41:00,-152.129557757
2018-05-18 11:42:00,-152.129557757
2018-05-18 11:43:00,-152.129557757
2018-05-18 11:44:00,-152.129557757
2018-05-18 11:45:00,-152.129557757
2018-05-18 11:46:00,-159.384850457
2018-05-18 11:47:00,-159.384850457
2018-05-18 11:48:00,-166.640143157
2018-05-18 11:49:00,-166.640143157
2018-05-18 11:50:00,-166.640143157
2018-05-18 11:51:00,-166.640143157
2018-05-18 11:52:00,-166.640143157
2018-05-18 11:53:00,-173.895435857
2018-05-18 11:54:00,-166.640143157
2018-05-18 11:55:00,-166.640143157
2018-05-18 11:56:00,-166.640143157
2018-05-18 11:57:00,-166.640143157
2018-05-18 11:58:00,-166.640143157
2018-05-18 11:59:00,-173.895435857
2018-05-21 01:29:00,10.3883892406
2018-05-21 01:30:00,10.3883892406
2018-05-21 01:31:00,10.3883892406
2018-05-21 01:32:00,10.3883892406
2018-05-21 01:33:00,10.3883892406
2018-05-21 01:34:00,-54.8325376844
2018-05-21 01:35:00,-54.8325376844
2018-05-21 01:36:00,-175.957116259
2018-05-21 01:37:00,-194.591666809
2018-05-21 01:38:00,-203.908942084
2018-05-21 01:39:00,-213.226217359
2018-05-21 01:40:00,-213.226217359
2018-05-21 01:41:00,-213.226217359
2018-05-21 01:42:00,-213.226217359
2018-05-21 01:43:00,-213.226217359
2018-05-21 01:44:00,-203.908942084
2018-05-21 01:45:00,-194.591666809
2018-05-21 01:46:00,-194.591666809
2018-05-21 01:47:00,-194.591666809
2018-05-21 01:48:00,-194.591666809
2018-05-21 01:49:00,-194.591666809
2018-05-21 01:50:00,-194.591666809
2018-05-21 01:51:00,-185.274391534
2018-05-21 01:52:00,-185.274391534
2018-05-21 01:53:00,-203.908942084
2018-05-21 01:54:00,-203.908942084
2018-05-21 01:55:00,-203.908942084
2018-05-21 01:56:00,-203.908942084
2018-05-21 01:57:00,-203.908942084
2018-05-21 01:58:00,-203.908942084
2018-05-21 01:59:00,-222.543492634
2018-05-21 02:00:00,-194.591666809
2018-05-21 02:01:00,-175.957116259
2018-05-21 02:02:00,-175.957116259
2018-05-21 02:03:00,-194.591666809
2018-05-21 02:04:00,-194.591666809
2018-05-21 02:05:00,-194.591666809
2018-05-21 02:06:00,-175.957116259
2018-05-21 02:07:00,-175.957116259
2018-05-21 02:08:00,-175.957116259
2018-05-21 02:09:00,-148.005290434
2018-05-21 02:10:00,-138.688015159
2018-05-21 02:11:00,-138.688015159
2018-05-21 02:12:00,-138.688015159
2018-05-21 02:13:00,-138.688015159
2018-05-21 02:14:00,-138.688015159
2018-05-21 02:15:00,-138.688015159
2018-05-21 02:16:00,-129.370739884
2018-05-21 02:17:00,-120.053464609
2018-05-21 02:18:00,-120.053464609
2018-05-21 02:19:00,-120.053464609
2018-05-21 02:20:00,-120.053464609
2018-05-21 02:21:00,-120.053464609
2018-05-21 02:22:00,-120.053464609
2018-05-21 02:23:00,-120.053464609
2018-05-21 02:24:00,-110.736189334
2018-05-21 02:25:00,-120.053464609
2018-05-21 02:26:00,-101.418914059
2018-05-21 02:27:00,-101.418914059
2018-05-21 02:28:00,-101.418914059
2018-05-21 02:29:00,-120.053464609
2018-05-21 02:30:00,-110.736189334
2018-05-21 02:31:00,-101.418914059
2018-05-21 02:32:00,-101.418914059
2018-05-21 02:33:00,-82.7843635094
2018-05-21 02:34:00,-82.7843635094
2018-05-21 02:35:00,-82.7843635094
2018-05-21 02:36:00,-101.418914059
2018-05-21 02:37:00,-92.1016387844
2018-05-21 02:38:00,-101.418914059
2018-05-21 02:39:00,-101.418914059
2018-05-21 02:40:00,-101.418914059
2018-05-21 02:41:00,-101.418914059
2018-05-21 02:42:00,-101.418914059
2018-05-21 02:43:00,-101.418914059
2018-05-21 02:44:00,-92.1016387844
2018-05-21 02:45:00,-92.1016387844
2018-05-21 02:46:00,-101.418914059
2018-05-21 02:47:00,-82.7843635094
2018-05-21 02:48:00,-92.1016387844
2018-05-21 02:49:00,-92.1016387844
2018-05-21 02:50:00,-101.418914059
2018-05-21 02:51:00,-101.418914059
2018-05-21 02:52:00,-110.736189334
2018-05-21 02:53:00,-101.418914059
2018-05-21 02:54:00,-101.418914059
2018-05-21 02:55:00,-101.418914059
2018-05-21 02:56:00,-101.418914059
2018-05-21 02:57:00,-120.053464609
2018-05-21 02:58:00,-101.418914059
2018-05-21 02:59:00,-101.418914059
2018-05-21 03:00:00,-101.418914059
2018-05-21 03:01:00,-92.1016387844
2018-05-21 03:02:00,-82.7843635094
2018-05-21 03:03:00,-73.4670882344
2018-05-21 03:04:00,-73.4670882344
2018-05-21 03:05:00,-73.4670882344
2018-05-21 03:06:00,-73.4670882344
2018-05-21 03:07:00,-73.4670882344
2018-05-21 03:08:00,-82.7843635094
2018-05-21 03:09:00,-82.7843635094
2018-05-21 03:10:00,-73.4670882344
2018-05-21 03:11:00,-73.4670882344
2018-05-21 03:12:00,-82.7843635094
2018-05-21 03:13:00,-82.7843635094
2018-05-21 03:14:00,-73.4670882344
2018-05-21 03:15:00,-64.1498129594
2018-05-21 03:16:00,-64.1498129594
2018-05-21 03:17:00,-64.1498129594
2018-05-21 03:18:00,-64.1498129594
2018-05-21 03:19:00,-64.1498129594
2018-05-21 03:20:00,-64.1498129594
2018-05-21 03:21:00,-45.5152624094
2018-05-21 03:22:00,-45.5152624094
2018-05-21 03:23:00,-64.1498129594
2018-05-21 03:24:00,-73.4670882344
2018-05-21 03:25:00,-73.4670882344
2018-05-21 03:26:00,-101.418914059
2018-05-21 03:27:00,-101.418914059
2018-05-21 03:28:00,-120.053464609
2018-05-21 03:29:00,-120.053464609
2018-05-21 03:30:00,-120.053464609
2018-05-21 03:31:00,-120.053464609
2018-05-21 03:32:00,-101.418914059
2018-05-21 03:33:00,-92.1016387844
2018-05-21 03:34:00,-82.7843635094
2018-05-21 03:35:00,-92.1016387844
2018-05-21 03:36:00,-82.7843635094
2018-05-21 03:37:00,-82.7843635094
2018-05-21 03:38:00,-82.7843635094
2018-05-21 03:39:00,-64.1498129594
2018-05-21 03:40:00,-54.8325376844
2018-05-21 03:41:00,-54.8325376844
2018-05-21 03:42:00,-54.8325376844
2018-05-21 03:43:00,-64.1498129594
2018-05-21 03:44:00,-64.1498129594
2018-05-21 03:45:00,-64.1498129594
2018-05-21 03:46:00,-64.1498129594
2018-05-21 03:47:00,-64.1498129594
2018-05-21 03:48:00,-64.1498129594
2018-05-21 03:49:00,-64.1498129594
2018-05-21 03:50:00,-64.1498129594
2018-05-21 03:51:00,-54.8325376844
2018-05-21 03:52:00,-54.8325376844
2018-05-21 03:53:00,-64.1498129594
2018-05-21 03:54:00,-64.1498129594
2018-05-21 03:55:00,-45.5152624094
2018-05-21 03:56:00,-45.5152624094
2018-05-21 03:57:00,-45.5152624094
2018-05-21 03:58:00,-54.8325376844
2018-05-21 03:59:00,-101.418914059
2018-05-21 04:00:00,-101.418914059
2018-05-21 04:01:00,-101.418914059
2018-05-21 04:02:00,-120.053464609
2018-05-21 04:03:00,-129.370739884
2018-05-21 04:04:00,-120.053464609
2018-05-21 04:05:00,-120.053464609
2018-05-21 04:06:00,-129.370739884
2018-05-21 04:07:00,-129.370739884
2018-05-21 04:08:00,-129.370739884
2018-05-21 04:09:00,-129.370739884
2018-05-21 04:10:00,-129.370739884
2018-05-21 04:11:00,-129.370739884
2018-05-21 04:12:00,-129.370739884
2018-05-21 04:13:00,-129.370739884
2018-05-21 04:14:00,-138.688015159
2018-05-21 04:15:00,-129.370739884
2018-05-21 04:16:00,-129.370739884
2018-05-21 04:17:00,-129.370739884
2018-05-21 04:18:00,-129.370739884
2018-05-21 04:19:00,-129.370739884
2018-05-21 04:20:00,-129.370739884
2018-05-21 04:21:00,-129.370739884
2018-05-21 04:22:00,-129.370739884
2018-05-21 04:23:00,-129.370739884
2018-05-21 04:24:00,-129.370739884
2018-05-21 04:25:00,-129.370739884
2018-05-21 04:26:00,-129.370739884
2018-05-21 04:27:00,-129.370739884
2018-05-21 04:28:00,-129.370739884
2018-05-21 04:29:00,-129.370739884
2018-05-21 04:30:00,-129.370739884
2018-05-21 04:31:00,-129.370739884
2018-05-21 04:32:00,-129.370739884
2018-05-21 04:33:00,-129.370739884
2018-05-21 04:34:00,-129.370739884
2018-05-21 04:35:00,-129.370739884
2018-05-21 04:36:00,-110.736189334
2018-05-21 04:37:00,-101.418914059
2018-05-21 04:38:00,-101.418914059
2018-05-21 04:39:00,-110.736189334
2018-05-21 04:40:00,-110.736189334
2018-05-21 04:41:00,-110.736189334
2018-05-21 04:42:00,-110.736189334
2018-05-21 04:43:00,-110.736189334
2018-05-21 04:44:00,-110.736189334
2018-05-21 04:45:00,-129.370739884
2018-05-21 04:46:00,-129.370739884
2018-05-21 04:47:00,-110.736189334
2018-05-21 04:48:00,-110.736189334
2018-05-21 04:49:00,-110.736189334
2018-05-21 04:50:00,-110.736189334
2018-05-21 04:51:00,-110.736189334
2018-05-21 04:52:00,-110.736189334
2018-05-21 04:53:00,-110.736189334
2018-05-21 04:54:00,-110.736189334
2018-05-21 04:55:00,-110.736189334
2018-05-21 04:56:00,-110.736189334
2018-05-21 04:57:00,-120.053464609
2018-05-21 04:58:00,-129.370739884
2018-05-21 04:59:00,-129.370739884
2018-05-21 05:00:00,-129.370739884
2018-05-21 05:01:00,-129.370739884
2018-05-21 05:02:00,-129.370739884
2018-05-21 05:03:00,-129.370739884
2018-05-21 05:04:00,-129.370739884
2018-05-21 05:05:00,-129.370739884
2018-05-21 05:06:00,-110.736189334
2018-05-21 05:07:00,-110.736189334
2018-05-21 05:08:00,-110.736189334
2018-05-21 05:09:00,-110.736189334
2018-05-21 05:10:00,-110.736189334
2018-05-21 05:11:00,-110.736189334
2018-05-21 05:12:00,-110.736189334
2018-05-21 05:13:00,-129.370739884
2018-05-21 05:14:00,-129.370739884
2018-05-21 05:15:00,-129.370739884
2018-05-21 05:16:00,-129.370739884
2018-05-21 05:17:00,-120.053464609
2018-05-21 05:18:00,-120.053464609
2018-05-21 05:19:00,-92.1016387844
2018-05-21 05:20:00,-101.418914059
2018-05-21 05:21:00,-92.1016387844
2018-05-21 05:22:00,-101.418914059
2018-05-21 05:23:00,-120.053464609
2018-05-21 05:24:00,-129.370739884
2018-05-21 05:25:00,-110.736189334
2018-05-21 05:26:00,-110.736189334
2018-05-21 05:27:00,-110.736189334
2018-05-21 05:28:00,-110.736189334
2018-05-21 05:29:00,-101.418914059
2018-05-21 05:30:00,-110.736189334
2018-05-21 05:31:00,-110.736189334
2018-05-21 05:32:00,-101.418914059
2018-05-21 05:33:00,-92.1016387844
2018-05-21 05:34:00,-92.1016387844
2018-05-21 05:35:00,-92.1016387844
2018-05-21 05:36:00,-92.1016387844
2018-05-21 05:37:00,-92.1016387844
2018-05-21 05:38:00,-92.1016387844
2018-05-21 05:39:00,-82.7843635094
2018-05-21 05:40:00,-45.5152624094
2018-05-21 05:41:00,-45.5152624094
2018-05-21 05:42:00,-45.5152624094
2018-05-21 05:43:00,-45.5152624094
2018-05-21 05:44:00,-45.5152624094
2018-05-21 05:45:00,-64.1498129594
2018-05-21 05:46:00,-73.4670882344
2018-05-21 05:47:00,-73.4670882344
2018-05-21 05:48:00,-73.4670882344
2018-05-21 05:49:00,-73.4670882344
2018-05-21 05:50:00,-73.4670882344
2018-05-21 05:51:00,-73.4670882344
2018-05-21 05:52:00,-64.1498129594
2018-05-21 05:53:00,-64.1498129594
2018-05-21 05:54:00,-64.1498129594
2018-05-21 05:55:00,-64.1498129594
2018-05-21 05:56:00,-64.1498129594
2018-05-21 05:57:00,-64.1498129594
2018-05-21 05:58:00,-73.4670882344
2018-05-21 05:59:00,-73.4670882344
2018-05-21 06:00:00,-73.4670882344
2018-05-21 06:01:00,-73.4670882344
2018-05-21 06:02:00,-82.7843635094
2018-05-21 06:03:00,-101.418914059
2018-05-21 06:04:00,-92.1016387844
2018-05-21 06:05:00,-73.4670882344
2018-05-21 06:06:00,-82.7843635094
2018-05-21 06:07:00,-64.1498129594
2018-05-21 06:08:00,-64.1498129594
2018-05-21 06:09:00,-64.1498129594
2018-05-21 06:10:00,-64.1498129594
2018-05-21 06:11:00,-64.1498129594
2018-05-21 06:12:00,-64.1498129594
2018-05-21 06:13:00,-64.1498129594
2018-05-21 06:14:00,-64.1498129594
2018-05-21 06:15:00,-64.1498129594
2018-05-21 06:16:00,-64.1498129594
2018-05-21 06:17:00,-64.1498129594
2018-05-21 06:18:00,-73.4670882344
2018-05-21 06:19:00,-73.4670882344
2018-05-21 06:20:00,-73.4670882344
2018-05-21 06:21:00,-64.1498129594
2018-05-21 06:22:00,-64.1498129594
2018-05-21 06:23:00,-73.4670882344
2018-05-21 06:24:00,-82.7843635094
2018-05-21 06:25:00,-101.418914059
2018-05-21 06:26:00,-101.418914059
2018-05-21 06:27:00,-101.418914059
2018-05-21 06:28:00,-101.418914059
2018-05-21 06:29:00,-101.418914059
2018-05-21 06:30:00,-101.418914059
2018-05-21 06:31:00,-101.418914059
2018-05-21 06:32:00,-101.418914059
2018-05-21 06:33:00,-101.418914059
2018-05-21 06:34:00,-101.418914059
2018-05-21 06:35:00,-64.1498129594
2018-05-21 06:36:00,-82.7843635094
2018-05-21 06:37:00,-82.7843635094
2018-05-21 06:38:00,-73.4670882344
2018-05-21 06:39:00,-54.8325376844
2018-05-21 06:40:00,-64.1498129594
2018-05-21 06:41:00,-64.1498129594
2018-05-21 06:42:00,-64.1498129594
2018-05-21 06:43:00,-64.1498129594
2018-05-21 06:44:00,-64.1498129594
2018-05-21 06:45:00,-64.1498129594
2018-05-21 06:46:00,-64.1498129594
2018-05-21 06:47:00,-73.4670882344
2018-05-21 06:48:00,-73.4670882344
2018-05-21 06:49:00,-73.4670882344
2018-05-21 06:50:00,-82.7843635094
2018-05-21 06:51:00,-82.7843635094
2018-05-21 06:52:00,-82.7843635094
2018-05-21 06:53:00,-82.7843635094
2018-05-21 06:54:00,-82.7843635094
2018-05-21 06:55:00,-82.7843635094
2018-05-21 06:56:00,-82.7843635094
2018-05-21 06:57:00,-82.7843635094
2018-05-21 06:58:00,-82.7843635094
2018-05-21 06:59:00,-73.4670882344
2018-05-21 07:00:00,-73.4670882344
2018-05-21 07:01:00,-101.418914059
2018-05-21 07:02:00,-101.418914059
2018-05-21 07:03:00,-101.418914059
2018-05-21 07:04:00,-101.418914059
2018-05-21 07:05:00,-120.053464609
2018-05-21 07:06:00,-120.053464609
2018-05-21 07:07:00,-110.736189334
2018-05-21 07:08:00,-101.418914059
2018-05-21 07:09:00,-101.418914059
2018-05-21 07:10:00,-101.418914059
2018-05-21 07:11:00,-101.418914059
2018-05-21 07:12:00,-101.418914059
2018-05-21 07:13:00,-101.418914059
2018-05-21 07:14:00,-101.418914059
2018-05-21 07:15:00,-101.418914059
2018-05-21 07:16:00,-101.418914059
2018-05-21 07:17:00,-101.418914059
2018-05-21 07:18:00,-101.418914059
2018-05-21 07:19:00,-101.418914059
2018-05-21 07:20:00,-110.736189334
2018-05-21 07:21:00,-110.736189334
2018-05-21 07:22:00,-110.736189334
2018-05-21 07:23:00,-110.736189334
2018-05-21 07:24:00,-110.736189334
2018-05-21 07:25:00,-101.418914059
2018-05-21 07:26:00,-101.418914059
2018-05-21 07:27:00,-110.736189334
2018-05-21 07:28:00,-110.736189334
2018-05-21 07:29:00,-110.736189334
2018-05-21 07:30:00,-129.370739884
2018-05-21 07:31:00,-138.688015159
2018-05-21 07:32:00,-138.688015159
2018-05-21 07:33:00,-138.688015159
2018-05-21 07:34:00,-138.688015159
2018-05-21 07:35:00,-138.688015159
2018-05-21 07:36:00,-138.688015159
2018-05-21 07:37:00,-129.370739884
2018-05-21 07:38:00,-120.053464609
2018-05-21 07:39:00,-120.053464609
2018-05-21 07:40:00,-129.370739884
2018-05-21 07:41:00,-138.688015159
2018-05-21 07:42:00,-138.688015159
2018-05-21 07:43:00,-120.053464609
2018-05-21 07:44:00,-120.053464609
2018-05-21 07:45:00,-120.053464609
2018-05-21 07:46:00,-120.053464609
2018-05-21 07:47:00,-120.053464609
2018-05-21 07:48:00,-120.053464609
2018-05-21 07:49:00,-129.370739884
2018-05-21 07:50:00,-120.053464609
2018-05-21 07:51:00,-120.053464609
2018-05-21 07:52:00,-120.053464609
2018-05-21 07:53:00,-120.053464609
2018-05-21 07:54:00,-129.370739884
2018-05-21 07:55:00,-129.370739884
2018-05-21 07:56:00,-129.370739884
2018-05-21 07:57:00,-129.370739884
2018-05-21 07:58:00,-129.370739884
2018-05-21 07:59:00,-129.370739884
2018-05-21 08:00:00,-120.053464609
2018-05-21 08:01:00,-129.370739884
2018-05-21 08:02:00,-129.370739884
2018-05-21 08:03:00,-129.370739884
2018-05-21 08:04:00,-129.370739884
2018-05-21 08:05:00,-129.370739884
2018-05-21 08:06:00,-120.053464609
2018-05-21 08:07:00,-120.053464609
2018-05-21 08:08:00,-110.736189334
2018-05-21 08:09:00,-120.053464609
2018-05-21 08:10:00,-120.053464609
2018-05-21 08:11:00,-110.736189334
2018-05-21 08:12:00,-110.736189334
2018-05-21 08:13:00,-101.418914059
2018-05-21 08:14:00,-101.418914059
2018-05-21 08:15:00,-82.7843635094
2018-05-21 08:16:00,-64.1498129594
2018-05-21 08:17:00,-64.1498129594
2018-05-21 08:18:00,-64.1498129594
2018-05-21 08:19:00,-64.1498129594
2018-05-21 08:20:00,-64.1498129594
2018-05-21 08:21:00,-101.418914059
2018-05-21 08:22:00,-101.418914059
2018-05-21 08:23:00,-101.418914059
2018-05-21 08:24:00,-110.736189334
2018-05-21 08:25:00,-101.418914059
2018-05-21 08:26:00,-120.053464609
2018-05-21 08:27:00,-110.736189334
2018-05-21 08:28:00,-101.418914059
2018-05-21 08:29:00,-101.418914059
2018-05-21 08:30:00,-110.736189334
2018-05-21 08:31:00,-129.370739884
2018-05-21 08:32:00,-138.688015159
2018-05-21 08:33:00,-129.370739884
2018-05-21 08:34:00,-129.370739884
2018-05-21 08:35:00,-129.370739884
2018-05-21 08:36:00,-129.370739884
2018-05-21 08:37:00,-120.053464609
2018-05-21 08:38:00,-120.053464609
2018-05-21 08:39:00,-120.053464609
2018-05-21 08:40:00,-120.053464609
2018-05-21 08:41:00,-120.053464609
2018-05-21 08:42:00,-120.053464609
2018-05-21 08:43:00,-138.688015159
2018-05-21 08:44:00,-138.688015159
2018-05-21 08:45:00,-138.688015159
2018-05-21 08:46:00,-138.688015159
2018-05-21 08:47:00,-138.688015159
2018-05-21 08:48:00,-138.688015159
2018-05-21 08:49:00,-138.688015159
2018-05-21 08:50:00,-138.688015159
2018-05-21 08:51:00,-138.688015159
2018-05-21 08:52:00,-120.053464609
2018-05-21 08:53:00,-120.053464609
2018-05-21 08:54:00,-110.736189334
2018-05-21 08:55:00,-110.736189334
2018-05-21 08:56:00,-92.1016387844
2018-05-21 08:57:00,-73.4670882344
2018-05-21 08:58:00,-64.1498129594
2018-05-21 08:59:00,-54.8325376844
2018-05-21 09:00:00,-73.4670882344
2018-05-21 09:01:00,-73.4670882344
2018-05-21 09:02:00,-82.7843635094
2018-05-21 09:03:00,-101.418914059
2018-05-21 09:04:00,-120.053464609
2018-05-21 09:05:00,-120.053464609
2018-05-21 09:06:00,-120.053464609
2018-05-21 09:07:00,-101.418914059
2018-05-21 09:08:00,-73.4670882344
2018-05-21 09:09:00,-82.7843635094
2018-05-21 09:10:00,-82.7843635094
2018-05-21 09:11:00,-82.7843635094
2018-05-21 09:12:00,-82.7843635094
2018-05-21 09:13:00,-101.418914059
2018-05-21 09:14:00,-110.736189334
2018-05-21 09:15:00,-120.053464609
2018-05-21 09:16:00,-120.053464609
2018-05-21 09:17:00,-101.418914059
2018-05-21 09:18:00,-101.418914059
2018-05-21 09:19:00,-101.418914059
2018-05-21 09:20:00,-92.1016387844
2018-05-21 09:21:00,-82.7843635094
2018-05-21 09:22:00,-82.7843635094
2018-05-21 09:23:00,-82.7843635094
2018-05-21 09:24:00,-82.7843635094
2018-05-21 09:25:00,-82.7843635094
2018-05-21 09:26:00,-82.7843635094
2018-05-21 09:27:00,-82.7843635094
2018-05-21 09:28:00,-82.7843635094
2018-05-21 09:29:00,-82.7843635094
2018-05-21 09:30:00,-92.1016387844
2018-05-21 09:31:00,-73.4670882344
2018-05-21 09:32:00,-73.4670882344
2018-05-21 09:33:00,-64.1498129594
2018-05-21 09:34:00,-64.1498129594
2018-05-21 09:35:00,-82.7843635094
2018-05-21 09:36:00,-82.7843635094
2018-05-21 09:37:00,-101.418914059
2018-05-21 09:38:00,-120.053464609
2018-05-21 09:39:00,-120.053464609
2018-05-21 09:40:00,-110.736189334
2018-05-21 09:41:00,-101.418914059
2018-05-21 09:42:00,-92.1016387844
2018-05-21 09:43:00,-92.1016387844
2018-05-21 09:44:00,-92.1016387844
2018-05-21 09:45:00,-73.4670882344
2018-05-21 09:46:00,-73.4670882344
2018-05-21 09:47:00,-73.4670882344
2018-05-21 09:48:00,-64.1498129594
2018-05-21 09:49:00,-54.8325376844
2018-05-21 09:50:00,-64.1498129594
2018-05-21 09:51:00,-64.1498129594
2018-05-21 09:52:00,-54.8325376844
2018-05-21 09:53:00,-54.8325376844
2018-05-21 09:54:00,-64.1498129594
2018-05-21 09:55:00,-64.1498129594
2018-05-21 09:56:00,-64.1498129594
2018-05-21 09:57:00,-64.1498129594
2018-05-21 09:58:00,-73.4670882344
2018-05-21 09:59:00,-64.1498129594
2018-05-21 10:00:00,-54.8325376844
2018-05-21 10:01:00,-64.1498129594
2018-05-21 10:02:00,-64.1498129594
2018-05-21 10:03:00,-64.1498129594
2018-05-21 10:04:00,-45.5152624094
2018-05-21 10:05:00,-54.8325376844
2018-05-21 10:06:00,-64.1498129594
2018-05-21 10:07:00,-73.4670882344
2018-05-21 10:08:00,-73.4670882344
2018-05-21 10:09:00,-73.4670882344
2018-05-21 10:10:00,-73.4670882344
2018-05-21 10:11:00,-73.4670882344
2018-05-21 10:12:00,-73.4670882344
2018-05-21 10:13:00,-73.4670882344
2018-05-21 10:14:00,-64.1498129594
2018-05-21 10:15:00,-73.4670882344
2018-05-21 10:16:00,-54.8325376844
2018-05-21 10:17:00,-54.8325376844
2018-05-21 10:18:00,-54.8325376844
2018-05-21 10:19:00,-54.8325376844
2018-05-21 10:20:00,-54.8325376844
2018-05-21 10:21:00,-54.8325376844
2018-05-21 10:22:00,-54.8325376844
2018-05-21 10:23:00,-54.8325376844
2018-05-21 10:24:00,-45.5152624094
2018-05-21 10:25:00,-45.5152624094
2018-05-21 10:26:00,-45.5152624094
2018-05-21 10:27:00,-45.5152624094
2018-05-21 10:28:00,-45.5152624094
2018-05-21 10:29:00,-45.5152624094
2018-05-21 10:30:00,-45.5152624094
2018-05-21 10:31:00,-45.5152624094
2018-05-21 10:32:00,-26.8807118594
2018-05-21 10:33:00,-26.8807118594
2018-05-21 10:34:00,-26.8807118594
2018-05-21 10:35:00,-36.1979871344
2018-05-21 10:36:00,-26.8807118594
2018-05-21 10:37:00,-45.5152624094
2018-05-21 10:38:00,-45.5152624094
2018-05-21 10:39:00,-45.5152624094
2018-05-21 10:40:00,-45.5152624094
2018-05-21 10:41:00,-45.5152624094
2018-05-21 10:42:00,-45.5152624094
2018-05-21 10:43:00,-45.5152624094
2018-05-21 10:44:00,-54.8325376844
2018-05-21 10:45:00,-45.5152624094
2018-05-21 10:46:00,-45.5152624094
2018-05-21 10:47:00,-45.5152624094
2018-05-21 10:48:00,-45.5152624094
2018-05-21 10:49:00,-45.5152624094
2018-05-21 10:50:00,-54.8325376844
2018-05-21 10:51:00,-54.8325376844
2018-05-21 10:52:00,-54.8325376844
2018-05-21 10:53:00,-54.8325376844
2018-05-21 10:54:00,-54.8325376844
2018-05-21 10:55:00,-54.8325376844
2018-05-21 10:56:00,-54.8325376844
2018-05-21 10:57:00,-54.8325376844
2018-05-21 10:58:00,-54.8325376844
2018-05-21 10:59:00,-54.8325376844
2018-05-21 11:00:00,-54.8325376844
2018-05-21 11:01:00,-54.8325376844
2018-05-21 11:02:00,-64.1498129594
2018-05-21 11:03:00,-64.1498129594
2018-05-21 11:04:00,-64.1498129594
2018-05-21 11:05:00,-64.1498129594
2018-05-21 11:06:00,-64.1498129594
2018-05-21 11:07:00,-64.1498129594
2018-05-21 11:08:00,-64.1498129594
2018-05-21 11:09:00,-64.1498129594
2018-05-21 11:10:00,-64.1498129594
2018-05-21 11:11:00,-54.8325376844
2018-05-21 11:12:00,-54.8325376844
2018-05-21 11:13:00,-54.8325376844
2018-05-21 11:14:00,-54.8325376844
2018-05-21 11:15:00,-54.8325376844
2018-05-21 11:16:00,-54.8325376844
2018-05-21 11:17:00,-54.8325376844
2018-05-21 11:18:00,-54.8325376844
2018-05-21 11:19:00,-54.8325376844
2018-05-21 11:20:00,-54.8325376844
2018-05-21 11:21:00,-54.8325376844
2018-05-21 11:22:00,-54.8325376844
2018-05-21 11:23:00,-54.8325376844
2018-05-21 11:24:00,-54.8325376844
2018-05-21 11:25:00,-54.8325376844
2018-05-21 11:26:00,-54.8325376844
2018-05-21 11:27:00,-54.8325376844
2018-05-21 11:28:00,-54.8325376844
2018-05-21 11:29:00,-54.8325376844
2018-05-21 11:30:00,-54.8325376844
2018-05-21 11:31:00,-54.8325376844
2018-05-21 11:32:00,-54.8325376844
2018-05-21 11:33:00,-64.1498129594
2018-05-21 11:34:00,-64.1498129594
2018-05-21 11:35:00,-64.1498129594
2018-05-21 11:36:00,-64.1498129594
2018-05-21 11:37:00,-64.1498129594
2018-05-21 11:38:00,-64.1498129594
2018-05-21 11:39:00,-64.1498129594
2018-05-21 11:40:00,-64.1498129594
2018-05-21 11:41:00,-64.1498129594
2018-05-21 11:42:00,-64.1498129594
2018-05-21 11:43:00,-64.1498129594
2018-05-21 11:44:00,-64.1498129594
2018-05-21 11:45:00,-82.7843635094
2018-05-21 11:46:00,-82.7843635094
2018-05-21 11:47:00,-82.7843635094
2018-05-21 11:48:00,-82.7843635094
2018-05-21 11:49:00,-64.1498129594
2018-05-21 11:50:00,-64.1498129594
2018-05-21 11:51:00,-64.1498129594
2018-05-21 11:52:00,-73.4670882344
2018-05-21 11:53:00,-73.4670882344
2018-05-21 11:54:00,-73.4670882344
2018-05-21 11:55:00,-73.4670882344
2018-05-21 11:56:00,-73.4670882344
2018-05-21 11:57:00,-73.4670882344
2018-05-21 11:58:00,-64.1498129594
2018-05-21 11:59:00,-73.4670882344
2018-05-22 01:29:00,19.7056645156
2018-05-22 01:30:00,19.7056645156
2018-05-22 01:31:00,19.7056645156
2018-05-22 01:32:00,19.7056645156
2018-05-22 01:33:00,19.7056645156
2018-05-22 01:34:00,-64.1498129594
2018-05-22 01:35:00,-64.1498129594
2018-05-22 01:36:00,-73.4670882344
2018-05-22 01:37:00,-120.053464609
2018-05-22 01:38:00,-129.370739884
2018-05-22 01:39:00,-129.370739884
2018-05-22 01:40:00,-129.370739884
2018-05-22 01:41:00,-129.370739884
2018-05-22 01:42:00,-129.370739884
2018-05-22 01:43:00,-129.370739884
2018-05-22 01:44:00,-129.370739884
2018-05-22 01:45:00,-120.053464609
2018-05-22 01:46:00,-120.053464609
2018-05-22 01:47:00,-120.053464609
2018-05-22 01:48:00,-110.736189334
2018-05-22 01:49:00,-110.736189334
2018-05-22 01:50:00,-110.736189334
2018-05-22 01:51:00,-120.053464609
2018-05-22 01:52:00,-120.053464609
2018-05-22 01:53:00,-110.736189334
2018-05-22 01:54:00,-110.736189334
2018-05-22 01:55:00,-110.736189334
2018-05-22 01:56:00,-110.736189334
2018-05-22 01:57:00,-110.736189334
2018-05-22 01:58:00,-110.736189334
2018-05-22 01:59:00,-138.688015159
2018-05-22 02:00:00,-120.053464609
2018-05-22 02:01:00,-120.053464609
2018-05-22 02:02:00,-101.418914059
2018-05-22 02:03:00,-110.736189334
2018-05-22 02:04:00,-101.418914059
2018-05-22 02:05:00,-101.418914059
2018-05-22 02:06:00,-101.418914059
2018-05-22 02:07:00,-101.418914059
2018-05-22 02:08:00,-101.418914059
2018-05-22 02:09:00,-101.418914059
2018-05-22 02:10:00,-101.418914059
2018-05-22 02:11:00,-120.053464609
2018-05-22 02:12:00,-138.688015159
2018-05-22 02:13:00,-157.322565709
2018-05-22 02:14:00,-157.322565709
2018-05-22 02:15:00,-157.322565709
2018-05-22 02:16:00,-157.322565709
2018-05-22 02:17:00,-157.322565709
2018-05-22 02:18:00,-157.322565709
2018-05-22 02:19:00,-138.688015159
2018-05-22 02:20:00,-138.688015159
2018-05-22 02:21:00,-138.688015159
2018-05-22 02:22:00,-148.005290434
2018-05-22 02:23:00,-157.322565709
2018-05-22 02:24:00,-157.322565709
2018-05-22 02:25:00,-157.322565709
2018-05-22 02:26:00,-166.639840984
2018-05-22 02:27:00,-166.639840984
2018-05-22 02:28:00,-166.639840984
2018-05-22 02:29:00,-175.957116259
2018-05-22 02:30:00,-157.322565709
2018-05-22 02:31:00,-157.322565709
2018-05-22 02:32:00,-157.322565709
2018-05-22 02:33:00,-157.322565709
2018-05-22 02:34:00,-175.957116259
2018-05-22 02:35:00,-213.226217359
2018-05-22 02:36:00,-213.226217359
2018-05-22 02:37:00,-213.226217359
2018-05-22 02:38:00,-213.226217359
2018-05-22 02:39:00,-213.226217359
2018-05-22 02:40:00,-203.908942084
2018-05-22 02:41:00,-213.226217359
2018-05-22 02:42:00,-203.908942084
2018-05-22 02:43:00,-203.908942084
2018-05-22 02:44:00,-203.908942084
2018-05-22 02:45:00,-222.543492634
2018-05-22 02:46:00,-213.226217359
2018-05-22 02:47:00,-185.274391534
2018-05-22 02:48:00,-185.274391534
2018-05-22 02:49:00,-213.226217359
2018-05-22 02:50:00,-203.908942084
2018-05-22 02:51:00,-203.908942084
2018-05-22 02:52:00,-194.591666809
2018-05-22 02:53:00,-203.908942084
2018-05-22 02:54:00,-213.226217359
2018-05-22 02:55:00,-213.226217359
2018-05-22 02:56:00,-213.226217359
2018-05-22 02:57:00,-213.226217359
2018-05-22 02:58:00,-213.226217359
2018-05-22 02:59:00,-213.226217359
2018-05-22 03:00:00,-222.543492634
2018-05-22 03:01:00,-213.226217359
2018-05-22 03:02:00,-213.226217359
2018-05-22 03:03:00,-213.226217359
2018-05-22 03:04:00,-213.226217359
2018-05-22 03:05:00,-203.908942084
2018-05-22 03:06:00,-203.908942084
2018-05-22 03:07:00,-203.908942084
2018-05-22 03:08:00,-203.908942084
2018-05-22 03:09:00,-213.226217359
2018-05-22 03:10:00,-213.226217359
2018-05-22 03:11:00,-213.226217359
2018-05-22 03:12:00,-231.860767909
2018-05-22 03:13:00,-213.226217359
2018-05-22 03:14:00,-222.543492634
2018-05-22 03:15:00,-231.860767909
2018-05-22 03:16:00,-231.860767909
2018-05-22 03:17:00,-231.860767909
2018-05-22 03:18:00,-231.860767909
2018-05-22 03:19:00,-231.860767909
2018-05-22 03:20:00,-231.860767909
2018-05-22 03:21:00,-231.860767909
2018-05-22 03:22:00,-231.860767909
2018-05-22 03:23:00,-231.860767909
2018-05-22 03:24:00,-241.178043184
2018-05-22 03:25:00,-334.350795934
2018-05-22 03:26:00,-315.716245384
2018-05-22 03:27:00,-315.716245384
2018-05-22 03:28:00,-297.081694834
2018-05-22 03:29:00,-297.081694834
2018-05-22 03:30:00,-297.081694834
2018-05-22 03:31:00,-287.764419559
2018-05-22 03:32:00,-269.129869009
2018-05-22 03:33:00,-250.495318459
2018-05-22 03:34:00,-259.812593734
2018-05-22 03:35:00,-259.812593734
2018-05-22 03:36:00,-259.812593734
2018-05-22 03:37:00,-259.812593734
2018-05-22 03:38:00,-259.812593734
2018-05-22 03:39:00,-306.398970109
2018-05-22 03:40:00,-315.716245384
2018-05-22 03:41:00,-315.716245384
2018-05-22 03:42:00,-325.033520659
2018-05-22 03:43:00,-325.033520659
2018-05-22 03:44:00,-306.398970109
2018-05-22 03:45:00,-306.398970109
2018-05-22 03:46:00,-306.398970109
2018-05-22 03:47:00,-306.398970109
2018-05-22 03:48:00,-287.764419559
2018-05-22 03:49:00,-287.764419559
2018-05-22 03:50:00,-287.764419559
2018-05-22 03:51:00,-297.081694834
2018-05-22 03:52:00,-297.081694834
2018-05-22 03:53:00,-297.081694834
2018-05-22 03:54:00,-306.398970109
2018-05-22 03:55:00,-306.398970109
2018-05-22 03:56:00,-306.398970109
2018-05-22 03:57:00,-306.398970109
2018-05-22 03:58:00,-306.398970109
2018-05-22 03:59:00,-297.081694834
2018-05-22 04:00:00,-297.081694834
2018-05-22 04:01:00,-297.081694834
2018-05-22 04:02:00,-297.081694834
2018-05-22 04:03:00,-297.081694834
2018-05-22 04:04:00,-297.081694834
2018-05-22 04:05:00,-297.081694834
2018-05-22 04:06:00,-297.081694834
2018-05-22 04:07:00,-250.495318459
2018-05-22 04:08:00,-250.495318459
2018-05-22 04:09:00,-250.495318459
2018-05-22 04:10:00,-250.495318459
2018-05-22 04:11:00,-259.812593734
2018-05-22 04:12:00,-250.495318459
2018-05-22 04:13:00,-250.495318459
2018-05-22 04:14:00,-250.495318459
2018-05-22 04:15:00,-250.495318459
2018-05-22 04:16:00,-250.495318459
2018-05-22 04:17:00,-250.495318459
2018-05-22 04:18:00,-250.495318459
2018-05-22 04:19:00,-250.495318459
2018-05-22 04:20:00,-250.495318459
2018-05-22 04:21:00,-250.495318459
2018-05-22 04:22:00,-259.812593734
2018-05-22 04:23:00,-259.812593734
2018-05-22 04:24:00,-259.812593734
2018-05-22 04:25:00,-259.812593734
2018-05-22 04:26:00,-259.812593734
2018-05-22 04:27:00,-259.812593734
2018-05-22 04:28:00,-250.495318459
2018-05-22 04:29:00,-250.495318459
2018-05-22 04:30:00,-250.495318459
2018-05-22 04:31:00,-250.495318459
2018-05-22 04:32:00,-231.860767909
2018-05-22 04:33:00,-231.860767909
2018-05-22 04:34:00,-213.226217359
2018-05-22 04:35:00,-231.860767909
2018-05-22 04:36:00,-231.860767909
2018-05-22 04:37:00,-241.178043184
2018-05-22 04:38:00,-241.178043184
2018-05-22 04:39:00,-241.178043184
2018-05-22 04:40:00,-241.178043184
2018-05-22 04:41:00,-241.178043184
2018-05-22 04:42:00,-241.178043184
2018-05-22 04:43:00,-250.495318459
2018-05-22 04:44:00,-231.860767909
2018-05-22 04:45:00,-222.543492634
2018-05-22 04:46:00,-231.860767909
2018-05-22 04:47:00,-231.860767909
2018-05-22 04:48:00,-231.860767909
2018-05-22 04:49:00,-231.860767909
2018-05-22 04:50:00,-231.860767909
2018-05-22 04:51:00,-231.860767909
2018-05-22 04:52:00,-231.860767909
2018-05-22 04:53:00,-231.860767909
2018-05-22 04:54:00,-231.860767909
2018-05-22 04:55:00,-231.860767909
2018-05-22 04:56:00,-231.860767909
2018-05-22 04:57:00,-231.860767909
2018-05-22 04:58:00,-231.860767909
2018-05-22 04:59:00,-231.860767909
2018-05-22 05:00:00,-231.860767909
2018-05-22 05:01:00,-231.860767909
2018-05-22 05:02:00,-231.860767909
2018-05-22 05:03:00,-231.860767909
2018-05-22 05:04:00,-231.860767909
2018-05-22 05:05:00,-231.860767909
2018-05-22 05:06:00,-231.860767909
2018-05-22 05:07:00,-231.860767909
2018-05-22 05:08:00,-231.860767909
2018-05-22 05:09:00,-231.860767909
2018-05-22 05:10:00,-241.178043184
2018-05-22 05:11:00,-241.178043184
2018-05-22 05:12:00,-231.860767909
2018-05-22 05:13:00,-222.543492634
2018-05-22 05:14:00,-222.543492634
2018-05-22 05:15:00,-222.543492634
2018-05-22 05:16:00,-222.543492634
2018-05-22 05:17:00,-222.543492634
2018-05-22 05:18:00,-222.543492634
2018-05-22 05:19:00,-213.226217359
2018-05-22 05:20:00,-213.226217359
2018-05-22 05:21:00,-213.226217359
2018-05-22 05:22:00,-213.226217359
2018-05-22 05:23:00,-213.226217359
2018-05-22 05:24:00,-213.226217359
2018-05-22 05:25:00,-213.226217359
2018-05-22 05:26:00,-213.226217359
2018-05-22 05:27:00,-222.543492634
2018-05-22 05:28:00,-222.543492634
2018-05-22 05:29:00,-222.543492634
2018-05-22 05:30:00,-222.543492634
2018-05-22 05:31:00,-222.543492634
2018-05-22 05:32:00,-222.543492634
2018-05-22 05:33:00,-231.860767909
2018-05-22 05:34:00,-231.860767909
2018-05-22 05:35:00,-241.178043184
2018-05-22 05:36:00,-222.543492634
2018-05-22 05:37:00,-222.543492634
2018-05-22 05:38:00,-222.543492634
2018-05-22 05:39:00,-222.543492634
2018-05-22 05:40:00,-231.860767909
2018-05-22 05:41:00,-231.860767909
2018-05-22 05:42:00,-231.860767909
2018-05-22 05:43:00,-222.543492634
2018-05-22 05:44:00,-222.543492634
2018-05-22 05:45:00,-222.543492634
2018-05-22 05:46:00,-222.543492634
2018-05-22 05:47:00,-222.543492634
2018-05-22 05:48:00,-222.543492634
2018-05-22 05:49:00,-231.860767909
2018-05-22 05:50:00,-231.860767909
2018-05-22 05:51:00,-241.178043184
2018-05-22 05:52:00,-241.178043184
2018-05-22 05:53:00,-241.178043184
2018-05-22 05:54:00,-231.860767909
2018-05-22 05:55:00,-231.860767909
2018-05-22 05:56:00,-231.860767909
2018-05-22 05:57:00,-231.860767909
2018-05-22 05:58:00,-231.860767909
2018-05-22 05:59:00,-222.543492634
2018-05-22 06:00:00,-231.860767909
2018-05-22 06:01:00,-231.860767909
2018-05-22 06:02:00,-231.860767909
2018-05-22 06:03:00,-231.860767909
2018-05-22 06:04:00,-213.226217359
2018-05-22 06:05:00,-231.860767909
2018-05-22 06:06:00,-222.543492634
2018-05-22 06:07:00,-222.543492634
2018-05-22 06:08:00,-231.860767909
2018-05-22 06:09:00,-231.860767909
2018-05-22 06:10:00,-231.860767909
2018-05-22 06:11:00,-231.860767909
2018-05-22 06:12:00,-231.860767909
2018-05-22 06:13:00,-231.860767909
2018-05-22 06:14:00,-231.860767909
2018-05-22 06:15:00,-231.860767909
2018-05-22 06:16:00,-231.860767909
2018-05-22 06:17:00,-222.543492634
2018-05-22 06:18:00,-222.543492634
2018-05-22 06:19:00,-222.543492634
2018-05-22 06:20:00,-222.543492634
2018-05-22 06:21:00,-222.543492634
2018-05-22 06:22:00,-222.543492634
2018-05-22 06:23:00,-222.543492634
2018-05-22 06:24:00,-222.543492634
2018-05-22 06:25:00,-222.543492634
2018-05-22 06:26:00,-222.543492634
2018-05-22 06:27:00,-222.543492634
2018-05-22 06:28:00,-222.543492634
2018-05-22 06:29:00,-222.543492634
2018-05-22 06:30:00,-222.543492634
2018-05-22 06:31:00,-231.860767909
2018-05-22 06:32:00,-231.860767909
2018-05-22 06:33:00,-231.860767909
2018-05-22 06:34:00,-231.860767909
2018-05-22 06:35:00,-231.860767909
2018-05-22 06:36:00,-231.860767909
2018-05-22 06:37:00,-222.543492634
2018-05-22 06:38:00,-222.543492634
2018-05-22 06:39:00,-222.543492634
2018-05-22 06:40:00,-231.860767909
2018-05-22 06:41:00,-222.543492634
2018-05-22 06:42:00,-222.543492634
2018-05-22 06:43:00,-222.543492634
2018-05-22 06:44:00,-231.860767909
2018-05-22 06:45:00,-222.543492634
2018-05-22 06:46:00,-222.543492634
2018-05-22 06:47:00,-222.543492634
2018-05-22 06:48:00,-222.543492634
2018-05-22 06:49:00,-222.543492634
2018-05-22 06:50:00,-231.860767909
2018-05-22 06:51:00,-241.178043184
2018-05-22 06:52:00,-306.398970109
2018-05-22 06:53:00,-297.081694834
2018-05-22 06:54:00,-297.081694834
2018-05-22 06:55:00,-297.081694834
2018-05-22 06:56:00,-269.129869009
2018-05-22 06:57:00,-259.812593734
2018-05-22 06:58:00,-269.129869009
2018-05-22 06:59:00,-269.129869009
2018-05-22 07:00:00,-278.447144284
2018-05-22 07:01:00,-297.081694834
2018-05-22 07:02:00,-287.764419559
2018-05-22 07:03:00,-278.447144284
2018-05-22 07:04:00,-278.447144284
2018-05-22 07:05:00,-278.447144284
2018-05-22 07:06:00,-287.764419559
2018-05-22 07:07:00,-297.081694834
2018-05-22 07:08:00,-297.081694834
2018-05-22 07:09:00,-297.081694834
2018-05-22 07:10:00,-297.081694834
2018-05-22 07:11:00,-297.081694834
2018-05-22 07:12:00,-259.812593734
2018-05-22 07:13:00,-287.764419559
2018-05-22 07:14:00,-278.447144284
2018-05-22 07:15:00,-259.812593734
2018-05-22 07:16:00,-250.495318459
2018-05-22 07:17:00,-269.129869009
2018-05-22 07:18:00,-269.129869009
2018-05-22 07:19:00,-278.447144284
2018-05-22 07:20:00,-278.447144284
2018-05-22 07:21:00,-269.129869009
2018-05-22 07:22:00,-269.129869009
2018-05-22 07:23:00,-269.129869009
2018-05-22 07:24:00,-269.129869009
2018-05-22 07:25:00,-269.129869009
2018-05-22 07:26:00,-269.129869009
2018-05-22 07:27:00,-269.129869009
2018-05-22 07:28:00,-259.812593734
2018-05-22 07:29:00,-241.178043184
2018-05-22 07:30:00,-250.495318459
2018-05-22 07:31:00,-250.495318459
2018-05-22 07:32:00,-241.178043184
2018-05-22 07:33:00,-231.860767909
2018-05-22 07:34:00,-231.860767909
2018-05-22 07:35:00,-231.860767909
2018-05-22 07:36:00,-231.860767909
2018-05-22 07:37:00,-241.178043184
2018-05-22 07:38:00,-241.178043184
2018-05-22 07:39:00,-241.178043184
2018-05-22 07:40:00,-241.178043184
2018-05-22 07:41:00,-241.178043184
2018-05-22 07:42:00,-241.178043184
2018-05-22 07:43:00,-241.178043184
2018-05-22 07:44:00,-241.178043184
2018-05-22 07:45:00,-241.178043184
2018-05-22 07:46:00,-241.178043184
2018-05-22 07:47:00,-241.178043184
2018-05-22 07:48:00,-231.860767909
2018-05-22 07:49:00,-231.860767909
2018-05-22 07:50:00,-231.860767909
2018-05-22 07:51:00,-241.178043184
2018-05-22 07:52:00,-241.178043184
2018-05-22 07:53:00,-241.178043184
2018-05-22 07:54:00,-241.178043184
2018-05-22 07:55:00,-241.178043184
2018-05-22 07:56:00,-241.178043184
2018-05-22 07:57:00,-241.178043184
2018-05-22 07:58:00,-241.178043184
2018-05-22 07:59:00,-241.178043184
2018-05-22 08:00:00,-241.178043184
2018-05-22 08:01:00,-231.860767909
2018-05-22 08:02:00,-222.543492634
2018-05-22 08:03:00,-222.543492634
2018-05-22 08:04:00,-222.543492634
2018-05-22 08:05:00,-222.543492634
2018-05-22 08:06:00,-222.543492634
2018-05-22 08:07:00,-231.860767909
2018-05-22 08:08:00,-231.860767909
2018-05-22 08:09:00,-213.226217359
2018-05-22 08:10:00,-213.226217359
2018-05-22 08:11:00,-222.543492634
2018-05-22 08:12:00,-231.860767909
2018-05-22 08:13:00,-231.860767909
2018-05-22 08:14:00,-231.860767909
2018-05-22 08:15:00,-231.860767909
2018-05-22 08:16:00,-222.543492634
2018-05-22 08:17:00,-231.860767909
2018-05-22 08:18:00,-231.860767909
2018-05-22 08:19:00,-222.543492634
2018-05-22 08:20:00,-222.543492634
2018-05-22 08:21:00,-213.226217359
2018-05-22 08:22:00,-213.226217359
2018-05-22 08:23:00,-213.226217359
2018-05-22 08:24:00,-213.226217359
2018-05-22 08:25:00,-213.226217359
2018-05-22 08:26:00,-213.226217359
2018-05-22 08:27:00,-213.226217359
2018-05-22 08:28:00,-213.226217359
2018-05-22 08:29:00,-213.226217359
2018-05-22 08:30:00,-213.226217359
2018-05-22 08:31:00,-213.226217359
2018-05-22 08:32:00,-213.226217359
2018-05-22 08:33:00,-213.226217359
2018-05-22 08:34:00,-213.226217359
2018-05-22 08:35:00,-213.226217359
2018-05-22 08:36:00,-222.543492634
2018-05-22 08:37:00,-222.543492634
2018-05-22 08:38:00,-231.860767909
2018-05-22 08:39:00,-231.860767909
2018-05-22 08:40:00,-231.860767909
2018-05-22 08:41:00,-231.860767909
2018-05-22 08:42:00,-231.860767909
2018-05-22 08:43:00,-231.860767909
2018-05-22 08:44:00,-231.860767909
2018-05-22 08:45:00,-231.860767909
2018-05-22 08:46:00,-231.860767909
2018-05-22 08:47:00,-241.178043184
2018-05-22 08:48:00,-241.178043184
2018-05-22 08:49:00,-241.178043184
2018-05-22 08:50:00,-231.860767909
2018-05-22 08:51:00,-231.860767909
2018-05-22 08:52:00,-241.178043184
2018-05-22 08:53:00,-241.178043184
2018-05-22 08:54:00,-250.495318459
2018-05-22 08:55:00,-250.495318459
2018-05-22 08:56:00,-250.495318459
2018-05-22 08:57:00,-259.812593734
2018-05-22 08:58:00,-259.812593734
2018-05-22 08:59:00,-269.129869009
2018-05-22 09:00:00,-259.812593734
2018-05-22 09:01:00,-269.129869009
2018-05-22 09:02:00,-269.129869009
2018-05-22 09:03:00,-269.129869009
2018-05-22 09:04:00,-259.812593734
2018-05-22 09:05:00,-250.495318459
2018-05-22 09:06:00,-250.495318459
2018-05-22 09:07:00,-250.495318459
2018-05-22 09:08:00,-250.495318459
2018-05-22 09:09:00,-250.495318459
2018-05-22 09:10:00,-250.495318459
2018-05-22 09:11:00,-250.495318459
2018-05-22 09:12:00,-250.495318459
2018-05-22 09:13:00,-250.495318459
2018-05-22 09:14:00,-250.495318459
2018-05-22 09:15:00,-241.178043184
2018-05-22 09:16:00,-241.178043184
2018-05-22 09:17:00,-259.812593734
2018-05-22 09:18:00,-259.812593734
2018-05-22 09:19:00,-259.812593734
2018-05-22 09:20:00,-259.812593734
2018-05-22 09:21:00,-250.495318459
2018-05-22 09:22:00,-250.495318459
2018-05-22 09:23:00,-250.495318459
2018-05-22 09:24:00,-250.495318459
2018-05-22 09:25:00,-250.495318459
2018-05-22 09:26:00,-250.495318459
2018-05-22 09:27:00,-231.860767909
2018-05-22 09:28:00,-231.860767909
2018-05-22 09:29:00,-231.860767909
2018-05-22 09:30:00,-231.860767909
2018-05-22 09:31:00,-231.860767909
2018-05-22 09:32:00,-231.860767909
2018-05-22 09:33:00,-241.178043184
2018-05-22 09:34:00,-241.178043184
2018-05-22 09:35:00,-241.178043184
2018-05-22 09:36:00,-241.178043184
2018-05-22 09:37:00,-241.178043184
2018-05-22 09:38:00,-241.178043184
2018-05-22 09:39:00,-241.178043184
2018-05-22 09:40:00,-250.495318459
2018-05-22 09:41:00,-259.812593734
2018-05-22 09:42:00,-259.812593734
2018-05-22 09:43:00,-259.812593734
2018-05-22 09:44:00,-259.812593734
2018-05-22 09:45:00,-259.812593734
2018-05-22 09:46:00,-259.812593734
2018-05-22 09:47:00,-259.812593734
2018-05-22 09:48:00,-259.812593734
2018-05-22 09:49:00,-259.812593734
2018-05-22 09:50:00,-287.764419559
2018-05-22 09:51:00,-259.812593734
2018-05-22 09:52:00,-250.495318459
2018-05-22 09:53:00,-269.129869009
2018-05-22 09:54:00,-269.129869009
2018-05-22 09:55:00,-269.129869009
2018-05-22 09:56:00,-278.447144284
2018-05-22 09:57:00,-278.447144284
2018-05-22 09:58:00,-287.764419559
2018-05-22 09:59:00,-287.764419559
2018-05-22 10:00:00,-287.764419559
2018-05-22 10:01:00,-287.764419559
2018-05-22 10:02:00,-287.764419559
2018-05-22 10:03:00,-287.764419559
2018-05-22 10:04:00,-287.764419559
2018-05-22 10:05:00,-287.764419559
2018-05-22 10:06:00,-287.764419559
2018-05-22 10:07:00,-287.764419559
2018-05-22 10:08:00,-297.081694834
2018-05-22 10:09:00,-297.081694834
2018-05-22 10:10:00,-287.764419559
2018-05-22 10:11:00,-287.764419559
2018-05-22 10:12:00,-306.398970109
2018-05-22 10:13:00,-287.764419559
2018-05-22 10:14:00,-306.398970109
2018-05-22 10:15:00,-306.398970109
2018-05-22 10:16:00,-306.398970109
2018-05-22 10:17:00,-306.398970109
2018-05-22 10:18:00,-306.398970109
2018-05-22 10:19:00,-306.398970109
2018-05-22 10:20:00,-306.398970109
2018-05-22 10:21:00,-306.398970109
2018-05-22 10:22:00,-306.398970109
2018-05-22 10:23:00,-306.398970109
2018-05-22 10:24:00,-306.398970109
2018-05-22 10:25:00,-306.398970109
2018-05-22 10:26:00,-306.398970109
2018-05-22 10:27:00,-306.398970109
2018-05-22 10:28:00,-306.398970109
2018-05-22 10:29:00,-306.398970109
2018-05-22 10:30:00,-306.398970109
2018-05-22 10:31:00,-306.398970109
2018-05-22 10:32:00,-306.398970109
2018-05-22 10:33:00,-306.398970109
2018-05-22 10:34:00,-306.398970109
2018-05-22 10:35:00,-306.398970109
2018-05-22 10:36:00,-306.398970109
2018-05-22 10:37:00,-325.033520659
2018-05-22 10:38:00,-325.033520659
2018-05-22 10:39:00,-325.033520659
2018-05-22 10:40:00,-325.033520659
2018-05-22 10:41:00,-325.033520659
2018-05-22 10:42:00,-325.033520659
2018-05-22 10:43:00,-325.033520659
2018-05-22 10:44:00,-334.350795934
2018-05-22 10:45:00,-325.033520659
2018-05-22 10:46:00,-325.033520659
2018-05-22 10:47:00,-325.033520659
2018-05-22 10:48:00,-325.033520659
2018-05-22 10:49:00,-325.033520659
2018-05-22 10:50:00,-325.033520659
2018-05-22 10:51:00,-325.033520659
2018-05-22 10:52:00,-325.033520659
2018-05-22 10:53:00,-334.350795934
2018-05-22 10:54:00,-334.350795934
2018-05-22 10:55:00,-334.350795934
2018-05-22 10:56:00,-334.350795934
2018-05-22 10:57:00,-334.350795934
2018-05-22 10:58:00,-343.668071209
2018-05-22 10:59:00,-334.350795934
2018-05-22 11:00:00,-315.716245384
2018-05-22 11:01:00,-343.668071209
2018-05-22 11:02:00,-362.302621759
2018-05-22 11:03:00,-352.985346484
2018-05-22 11:04:00,-352.985346484
2018-05-22 11:05:00,-352.985346484
2018-05-22 11:06:00,-343.668071209
2018-05-22 11:07:00,-352.985346484
2018-05-22 11:08:00,-352.985346484
2018-05-22 11:09:00,-343.668071209
2018-05-22 11:10:00,-343.668071209
2018-05-22 11:11:00,-343.668071209
2018-05-22 11:12:00,-343.668071209
2018-05-22 11:13:00,-343.668071209
2018-05-22 11:14:00,-297.081694834
2018-05-22 11:15:00,-297.081694834
2018-05-22 11:16:00,-297.081694834
2018-05-22 11:17:00,-297.081694834
2018-05-22 11:18:00,-306.398970109
2018-05-22 11:19:00,-306.398970109
2018-05-22 11:20:00,-306.398970109
2018-05-22 11:21:00,-334.350795934
2018-05-22 11:22:00,-343.668071209
2018-05-22 11:23:00,-315.716245384
2018-05-22 11:24:00,-315.716245384
2018-05-22 11:25:00,-315.716245384
2018-05-22 11:26:00,-315.716245384
2018-05-22 11:27:00,-315.716245384
2018-05-22 11:28:00,-315.716245384
2018-05-22 11:29:00,-315.716245384
2018-05-22 11:30:00,-315.716245384
2018-05-22 11:31:00,-306.398970109
2018-05-22 11:32:00,-306.398970109
2018-05-22 11:33:00,-306.398970109
2018-05-22 11:34:00,-306.398970109
2018-05-22 11:35:00,-306.398970109
2018-05-22 11:36:00,-306.398970109
2018-05-22 11:37:00,-306.398970109
2018-05-22 11:38:00,-306.398970109
2018-05-22 11:39:00,-306.398970109
2018-05-22 11:40:00,-306.398970109
2018-05-22 11:41:00,-306.398970109
2018-05-22 11:42:00,-297.081694834
2018-05-22 11:43:00,-297.081694834
2018-05-22 11:44:00,-297.081694834
2018-05-22 11:45:00,-297.081694834
2018-05-22 11:46:00,-297.081694834
2018-05-22 11:47:00,-297.081694834
2018-05-22 11:48:00,-315.716245384
2018-05-22 11:49:00,-306.398970109
2018-05-22 11:50:00,-306.398970109
2018-05-22 11:51:00,-306.398970109
2018-05-22 11:52:00,-306.398970109
2018-05-22 11:53:00,-306.398970109
2018-05-22 11:54:00,-297.081694834
2018-05-22 11:55:00,-297.081694834
2018-05-22 11:56:00,-287.764419559
2018-05-22 11:57:00,-287.764419559
2018-05-22 11:58:00,-287.764419559
2018-05-22 11:59:00,-287.764419559
2018-05-23 01:29:00,-520.695556052
2018-05-23 01:30:00,-520.695556052
2018-05-23 01:31:00,-520.695556052
2018-05-23 01:32:00,-241.177297802
2018-05-23 01:33:00,-241.177297802
2018-05-23 01:34:00,-222.542747252
2018-05-23 01:35:00,-222.542747252
2018-05-23 01:36:00,-222.542747252
2018-05-23 01:37:00,-222.542747252
2018-05-23 01:38:00,-222.542747252
2018-05-23 01:39:00,-222.542747252
2018-05-23 01:40:00,-222.542747252
2018-05-23 01:41:00,-222.542747252
2018-05-23 01:42:00,-222.542747252
2018-05-23 01:43:00,-213.225471977
2018-05-23 01:44:00,-213.225471977
2018-05-23 01:45:00,-222.542747252
2018-05-23 01:46:00,-222.542747252
2018-05-23 01:47:00,-194.590921427
2018-05-23 01:48:00,-185.273646152
2018-05-23 01:49:00,-185.273646152
2018-05-23 01:50:00,-203.908196702
2018-05-23 01:51:00,-194.590921427
2018-05-23 01:52:00,-194.590921427
2018-05-23 01:53:00,-194.590921427
2018-05-23 01:54:00,-185.273646152
2018-05-23 01:55:00,-194.590921427
2018-05-23 01:56:00,-194.590921427
2018-05-23 01:57:00,-157.321820327
2018-05-23 01:58:00,-157.321820327
2018-05-23 01:59:00,-157.321820327
2018-05-23 02:00:00,-157.321820327
2018-05-23 02:01:00,-138.687269777
2018-05-23 02:02:00,-129.369994502
2018-05-23 02:03:00,-129.369994502
2018-05-23 02:04:00,-157.321820327
2018-05-23 02:05:00,-157.321820327
2018-05-23 02:06:00,-138.687269777
2018-05-23 02:07:00,-138.687269777
2018-05-23 02:08:00,-129.369994502
2018-05-23 02:09:00,-129.369994502
2018-05-23 02:10:00,-129.369994502
2018-05-23 02:11:00,-120.052719227
2018-05-23 02:12:00,-120.052719227
2018-05-23 02:13:00,-110.735443952
2018-05-23 02:14:00,-101.418168677
2018-05-23 02:15:00,-101.418168677
2018-05-23 02:16:00,-120.052719227
2018-05-23 02:17:00,-120.052719227
2018-05-23 02:18:00,-120.052719227
2018-05-23 02:19:00,-120.052719227
2018-05-23 02:20:00,-101.418168677
2018-05-23 02:21:00,-101.418168677
2018-05-23 02:22:00,-101.418168677
2018-05-23 02:23:00,-120.052719227
2018-05-23 02:24:00,-120.052719227
2018-05-23 02:25:00,-129.369994502
2018-05-23 02:26:00,-138.687269777
2018-05-23 02:27:00,-129.369994502
2018-05-23 02:28:00,-129.369994502
2018-05-23 02:29:00,-120.052719227
2018-05-23 02:30:00,-101.418168677
2018-05-23 02:31:00,-101.418168677
2018-05-23 02:32:00,-101.418168677
2018-05-23 02:33:00,-92.1008934024
2018-05-23 02:34:00,-92.1008934024
2018-05-23 02:35:00,-92.1008934024
2018-05-23 02:36:00,-82.7836181274
2018-05-23 02:37:00,-92.1008934024
2018-05-23 02:38:00,-92.1008934024
2018-05-23 02:39:00,-92.1008934024
2018-05-23 02:40:00,-92.1008934024
2018-05-23 02:41:00,-110.735443952
2018-05-23 02:42:00,-101.418168677
2018-05-23 02:43:00,-110.735443952
2018-05-23 02:44:00,-120.052719227
2018-05-23 02:45:00,-129.369994502
2018-05-23 02:46:00,-138.687269777
2018-05-23 02:47:00,-138.687269777
2018-05-23 02:48:00,-138.687269777
2018-05-23 02:49:00,-120.052719227
2018-05-23 02:50:00,-101.418168677
2018-05-23 02:51:00,-120.052719227
2018-05-23 02:52:00,-120.052719227
2018-05-23 02:53:00,-120.052719227
2018-05-23 02:54:00,-82.7836181274
2018-05-23 02:55:00,-101.418168677
2018-05-23 02:56:00,-101.418168677
2018-05-23 02:57:00,-101.418168677
2018-05-23 02:58:00,-92.1008934024
2018-05-23 02:59:00,-45.5145170274
2018-05-23 03:00:00,-36.1972417524
2018-05-23 03:01:00,-45.5145170274
2018-05-23 03:02:00,-36.1972417524
2018-05-23 03:03:00,-36.1972417524
2018-05-23 03:04:00,-36.1972417524
2018-05-23 03:05:00,-36.1972417524
2018-05-23 03:06:00,-36.1972417524
2018-05-23 03:07:00,-36.1972417524
2018-05-23 03:08:00,-45.5145170274
2018-05-23 03:09:00,-54.8317923024
2018-05-23 03:10:00,-45.5145170274
2018-05-23 03:11:00,-54.8317923024
2018-05-23 03:12:00,-54.8317923024
2018-05-23 03:13:00,-92.1008934024
2018-05-23 03:14:00,-110.735443952
2018-05-23 03:15:00,-92.1008934024
2018-05-23 03:16:00,-73.4663428524
2018-05-23 03:17:00,-54.8317923024
2018-05-23 03:18:00,-120.052719227
2018-05-23 03:19:00,-120.052719227
2018-05-23 03:20:00,-101.418168677
2018-05-23 03:21:00,-110.735443952
2018-05-23 03:22:00,-110.735443952
2018-05-23 03:23:00,-120.052719227
2018-05-23 03:24:00,-110.735443952
2018-05-23 03:25:00,-110.735443952
2018-05-23 03:26:00,-120.052719227
2018-05-23 03:27:00,-129.369994502
2018-05-23 03:28:00,-129.369994502
2018-05-23 03:29:00,-120.052719227
2018-05-23 03:30:00,-36.1972417524
2018-05-23 03:31:00,-36.1972417524
2018-05-23 03:32:00,-36.1972417524
2018-05-23 03:33:00,-26.8799664774
2018-05-23 03:34:00,-36.1972417524
2018-05-23 03:35:00,-36.1972417524
2018-05-23 03:36:00,-54.8317923024
2018-05-23 03:37:00,-73.4663428524
2018-05-23 03:38:00,-92.1008934024
2018-05-23 03:39:00,-101.418168677
2018-05-23 03:40:00,-101.418168677
2018-05-23 03:41:00,-110.735443952
2018-05-23 03:42:00,-101.418168677
2018-05-23 03:43:00,-110.735443952
2018-05-23 03:44:00,-110.735443952
2018-05-23 03:45:00,-82.7836181274
2018-05-23 03:46:00,-64.1490675774
2018-05-23 03:47:00,-64.1490675774
2018-05-23 03:48:00,-64.1490675774
2018-05-23 03:49:00,-64.1490675774
2018-05-23 03:50:00,-64.1490675774
2018-05-23 03:51:00,-64.1490675774
2018-05-23 03:52:00,-64.1490675774
2018-05-23 03:53:00,-64.1490675774
2018-05-23 03:54:00,-73.4663428524
2018-05-23 03:55:00,-120.052719227
2018-05-23 03:56:00,-110.735443952
2018-05-23 03:57:00,-110.735443952
2018-05-23 03:58:00,-110.735443952
2018-05-23 03:59:00,-110.735443952
2018-05-23 04:00:00,-101.418168677
2018-05-23 04:01:00,-73.4663428524
2018-05-23 04:02:00,-64.1490675774
2018-05-23 04:03:00,-92.1008934024
2018-05-23 04:04:00,-92.1008934024
2018-05-23 04:05:00,-73.4663428524
2018-05-23 04:06:00,-73.4663428524
2018-05-23 04:07:00,-110.735443952
2018-05-23 04:08:00,-120.052719227
2018-05-23 04:09:00,-120.052719227
2018-05-23 04:10:00,-120.052719227
2018-05-23 04:11:00,-120.052719227
2018-05-23 04:12:00,-120.052719227
2018-05-23 04:13:00,-120.052719227
2018-05-23 04:14:00,-120.052719227
2018-05-23 04:15:00,-110.735443952
2018-05-23 04:16:00,-110.735443952
2018-05-23 04:17:00,-110.735443952
2018-05-23 04:18:00,-110.735443952
2018-05-23 04:19:00,-82.7836181274
2018-05-23 04:20:00,-64.1490675774
2018-05-23 04:21:00,-64.1490675774
2018-05-23 04:22:00,-64.1490675774
2018-05-23 04:23:00,-64.1490675774
2018-05-23 04:24:00,-64.1490675774
2018-05-23 04:25:00,-64.1490675774
2018-05-23 04:26:00,-45.5145170274
2018-05-23 04:27:00,-45.5145170274
2018-05-23 04:28:00,-45.5145170274
2018-05-23 04:29:00,-64.1490675774
2018-05-23 04:30:00,-92.1008934024
2018-05-23 04:31:00,-73.4663428524
2018-05-23 04:32:00,-64.1490675774
2018-05-23 04:33:00,-64.1490675774
2018-05-23 04:34:00,-64.1490675774
2018-05-23 04:35:00,-64.1490675774
2018-05-23 04:36:00,-64.1490675774
2018-05-23 04:37:00,-101.418168677
2018-05-23 04:38:00,-101.418168677
2018-05-23 04:39:00,-101.418168677
2018-05-23 04:40:00,-101.418168677
2018-05-23 04:41:00,-64.1490675774
2018-05-23 04:42:00,-64.1490675774
2018-05-23 04:43:00,-64.1490675774
2018-05-23 04:44:00,-64.1490675774
2018-05-23 04:45:00,-64.1490675774
2018-05-23 04:46:00,-45.5145170274
2018-05-23 04:47:00,-45.5145170274
2018-05-23 04:48:00,-45.5145170274
2018-05-23 04:49:00,-45.5145170274
2018-05-23 04:50:00,-45.5145170274
2018-05-23 04:51:00,-45.5145170274
2018-05-23 04:52:00,-36.1972417524
2018-05-23 04:53:00,-45.5145170274
2018-05-23 04:54:00,-45.5145170274
2018-05-23 04:55:00,-45.5145170274
2018-05-23 04:56:00,-36.1972417524
2018-05-23 04:57:00,-45.5145170274
2018-05-23 04:58:00,-45.5145170274
2018-05-23 04:59:00,-45.5145170274
2018-05-23 05:00:00,-54.8317923024
2018-05-23 05:01:00,-54.8317923024
2018-05-23 05:02:00,-64.1490675774
2018-05-23 05:03:00,-64.1490675774
2018-05-23 05:04:00,-64.1490675774
2018-05-23 05:05:00,-64.1490675774
2018-05-23 05:06:00,-64.1490675774
2018-05-23 05:07:00,-64.1490675774
2018-05-23 05:08:00,-64.1490675774
2018-05-23 05:09:00,-64.1490675774
2018-05-23 05:10:00,-64.1490675774
2018-05-23 05:11:00,-73.4663428524
2018-05-23 05:12:00,-64.1490675774
2018-05-23 05:13:00,-64.1490675774
2018-05-23 05:14:00,-73.4663428524
2018-05-23 05:15:00,-64.1490675774
2018-05-23 05:16:00,-64.1490675774
2018-05-23 05:17:00,-64.1490675774
2018-05-23 05:18:00,-64.1490675774
2018-05-23 05:19:00,-45.5145170274
2018-05-23 05:20:00,-45.5145170274
2018-05-23 05:21:00,-45.5145170274
2018-05-23 05:22:00,-45.5145170274
2018-05-23 05:23:00,-45.5145170274
2018-05-23 05:24:00,-64.1490675774
2018-05-23 05:25:00,-64.1490675774
2018-05-23 05:26:00,-64.1490675774
2018-05-23 05:27:00,-64.1490675774
2018-05-23 05:28:00,-64.1490675774
2018-05-23 05:29:00,-54.8317923024
2018-05-23 05:30:00,-54.8317923024
2018-05-23 05:31:00,-54.8317923024
2018-05-23 05:32:00,-45.5145170274
2018-05-23 05:33:00,-45.5145170274
2018-05-23 05:34:00,-45.5145170274
2018-05-23 05:35:00,-45.5145170274
2018-05-23 05:36:00,-45.5145170274
2018-05-23 05:37:00,-26.8799664774
2018-05-23 05:38:00,-45.5145170274
2018-05-23 05:39:00,-36.1972417524
2018-05-23 05:40:00,-17.5626912024
2018-05-23 05:41:00,-8.24541592736
2018-05-23 05:42:00,-8.24541592736
2018-05-23 05:43:00,-8.24541592736
2018-05-23 05:44:00,-8.24541592736
2018-05-23 05:45:00,-17.5626912024
2018-05-23 05:46:00,-17.5626912024
2018-05-23 05:47:00,1.07185934764
2018-05-23 05:48:00,-8.24541592736
2018-05-23 05:49:00,-17.5626912024
2018-05-23 05:50:00,-36.1972417524
2018-05-23 05:51:00,-36.1972417524
2018-05-23 05:52:00,-17.5626912024
2018-05-23 05:53:00,-17.5626912024
2018-05-23 05:54:00,-17.5626912024
2018-05-23 05:55:00,-8.24541592736
2018-05-23 05:56:00,-17.5626912024
2018-05-23 05:57:00,-17.5626912024
2018-05-23 05:58:00,-8.24541592736
2018-05-23 05:59:00,-8.24541592736
2018-05-23 06:00:00,10.3891346226
2018-05-23 06:01:00,10.3891346226
2018-05-23 06:02:00,10.3891346226
2018-05-23 06:03:00,1.07185934764
2018-05-23 06:04:00,-17.5626912024
2018-05-23 06:05:00,-26.8799664774
2018-05-23 06:06:00,-26.8799664774
2018-05-23 06:07:00,-26.8799664774
2018-05-23 06:08:00,-26.8799664774
2018-05-23 06:09:00,-26.8799664774
2018-05-23 06:10:00,-26.8799664774
2018-05-23 06:11:00,-17.5626912024
2018-05-23 06:12:00,-17.5626912024
2018-05-23 06:13:00,-8.24541592736
2018-05-23 06:14:00,10.3891346226
2018-05-23 06:15:00,10.3891346226
2018-05-23 06:16:00,10.3891346226
2018-05-23 06:17:00,10.3891346226
2018-05-23 06:18:00,29.0236851726
2018-05-23 06:19:00,29.0236851726
2018-05-23 06:20:00,29.0236851726
2018-05-23 06:21:00,29.0236851726
2018-05-23 06:22:00,29.0236851726
2018-05-23 06:23:00,19.7064098976
2018-05-23 06:24:00,29.0236851726
2018-05-23 06:25:00,19.7064098976
2018-05-23 06:26:00,10.3891346226
2018-05-23 06:27:00,19.7064098976
2018-05-23 06:28:00,29.0236851726
2018-05-23 06:29:00,29.0236851726
2018-05-23 06:30:00,10.3891346226
2018-05-23 06:31:00,10.3891346226
2018-05-23 06:32:00,10.3891346226
2018-05-23 06:33:00,1.07185934764
2018-05-23 06:34:00,1.07185934764
2018-05-23 06:35:00,10.3891346226
2018-05-23 06:36:00,10.3891346226
2018-05-23 06:37:00,10.3891346226
2018-05-23 06:38:00,10.3891346226
2018-05-23 06:39:00,10.3891346226
2018-05-23 06:40:00,10.3891346226
2018-05-23 06:41:00,10.3891346226
2018-05-23 06:42:00,10.3891346226
2018-05-23 06:43:00,10.3891346226
2018-05-23 06:44:00,10.3891346226
2018-05-23 06:45:00,10.3891346226
2018-05-23 06:46:00,19.7064098976
2018-05-23 06:47:00,19.7064098976
2018-05-23 06:48:00,19.7064098976
2018-05-23 06:49:00,19.7064098976
2018-05-23 06:50:00,19.7064098976
2018-05-23 06:51:00,19.7064098976
2018-05-23 06:52:00,19.7064098976
2018-05-23 06:53:00,47.6582357226
2018-05-23 06:54:00,47.6582357226
2018-05-23 06:55:00,47.6582357226
2018-05-23 06:56:00,56.9755109976
2018-05-23 06:57:00,66.2927862726
2018-05-23 06:58:00,66.2927862726
2018-05-23 06:59:00,66.2927862726
2018-05-23 07:00:00,66.2927862726
2018-05-23 07:01:00,66.2927862726
2018-05-23 07:02:00,84.9273368226
2018-05-23 07:03:00,84.9273368226
2018-05-23 07:04:00,47.6582357226
2018-05-23 07:05:00,47.6582357226
2018-05-23 07:06:00,47.6582357226
2018-05-23 07:07:00,66.2927862726
2018-05-23 07:08:00,66.2927862726
2018-05-23 07:09:00,75.6100615476
2018-05-23 07:10:00,66.2927862726
2018-05-23 07:11:00,56.9755109976
2018-05-23 07:12:00,56.9755109976
2018-05-23 07:13:00,47.6582357226
2018-05-23 07:14:00,75.6100615476
2018-05-23 07:15:00,94.2446120976
2018-05-23 07:16:00,66.2927862726
2018-05-23 07:17:00,66.2927862726
2018-05-23 07:18:00,66.2927862726
2018-05-23 07:19:00,84.9273368226
2018-05-23 07:20:00,84.9273368226
2018-05-23 07:21:00,84.9273368226
2018-05-23 07:22:00,84.9273368226
2018-05-23 07:23:00,66.2927862726
2018-05-23 07:24:00,66.2927862726
2018-05-23 07:25:00,84.9273368226
2018-05-23 07:26:00,84.9273368226
2018-05-23 07:27:00,66.2927862726
2018-05-23 07:28:00,66.2927862726
2018-05-23 07:29:00,66.2927862726
2018-05-23 07:30:00,56.9755109976
2018-05-23 07:31:00,66.2927862726
2018-05-23 07:32:00,66.2927862726
2018-05-23 07:33:00,66.2927862726
2018-05-23 07:34:00,66.2927862726
2018-05-23 07:35:00,75.6100615476
2018-05-23 07:36:00,66.2927862726
2018-05-23 07:37:00,66.2927862726
2018-05-23 07:38:00,66.2927862726
2018-05-23 07:39:00,66.2927862726
2018-05-23 07:40:00,75.6100615476
2018-05-23 07:41:00,84.9273368226
2018-05-23 07:42:00,84.9273368226
2018-05-23 07:43:00,84.9273368226
2018-05-23 07:44:00,84.9273368226
2018-05-23 07:45:00,84.9273368226
2018-05-23 07:46:00,84.9273368226
2018-05-23 07:47:00,94.2446120976
2018-05-23 07:48:00,103.561887373
2018-05-23 07:49:00,103.561887373
2018-05-23 07:50:00,94.2446120976
2018-05-23 07:51:00,94.2446120976
2018-05-23 07:52:00,84.9273368226
2018-05-23 07:53:00,84.9273368226
2018-05-23 07:54:00,84.9273368226
2018-05-23 07:55:00,112.879162648
2018-05-23 07:56:00,94.2446120976
2018-05-23 07:57:00,94.2446120976
2018-05-23 07:58:00,94.2446120976
2018-05-23 07:59:00,94.2446120976
2018-05-23 08:00:00,103.561887373
2018-05-23 08:01:00,94.2446120976
2018-05-23 08:02:00,94.2446120976
2018-05-23 08:03:00,94.2446120976
2018-05-23 08:04:00,94.2446120976
2018-05-23 08:05:00,94.2446120976
2018-05-23 08:06:00,94.2446120976
2018-05-23 08:07:00,196.734640123
2018-05-23 08:08:00,187.417364848
2018-05-23 08:09:00,187.417364848
2018-05-23 08:10:00,206.051915398
2018-05-23 08:11:00,206.051915398
2018-05-23 08:12:00,206.051915398
2018-05-23 08:13:00,206.051915398
2018-05-23 08:14:00,206.051915398
2018-05-23 08:15:00,196.734640123
2018-05-23 08:16:00,187.417364848
2018-05-23 08:17:00,187.417364848
2018-05-23 08:18:00,187.417364848
2018-05-23 08:19:00,187.417364848
2018-05-23 08:20:00,178.100089573
2018-05-23 08:21:00,187.417364848
2018-05-23 08:22:00,187.417364848
2018-05-23 08:23:00,187.417364848
2018-05-23 08:24:00,187.417364848
2018-05-23 08:25:00,187.417364848
2018-05-23 08:26:00,178.100089573
2018-05-23 08:27:00,178.100089573
2018-05-23 08:28:00,178.100089573
2018-05-23 08:29:00,187.417364848
2018-05-23 08:30:00,187.417364848
2018-05-23 08:31:00,178.100089573
2018-05-23 08:32:00,178.100089573
2018-05-23 08:33:00,178.100089573
2018-05-23 08:34:00,187.417364848
2018-05-23 08:35:00,187.417364848
2018-05-23 08:36:00,196.734640123
2018-05-23 08:37:00,196.734640123
2018-05-23 08:38:00,187.417364848
2018-05-23 08:39:00,187.417364848
2018-05-23 08:40:00,187.417364848
2018-05-23 08:41:00,187.417364848
2018-05-23 08:42:00,187.417364848
2018-05-23 08:43:00,187.417364848
2018-05-23 08:44:00,187.417364848
2018-05-23 08:45:00,187.417364848
2018-05-23 08:46:00,187.417364848
2018-05-23 08:47:00,187.417364848
2018-05-23 08:48:00,196.734640123
2018-05-23 08:49:00,196.734640123
2018-05-23 08:50:00,196.734640123
2018-05-23 08:51:00,196.734640123
2018-05-23 08:52:00,196.734640123
2018-05-23 08:53:00,187.417364848
2018-05-23 08:54:00,187.417364848
2018-05-23 08:55:00,187.417364848
2018-05-23 08:56:00,178.100089573
2018-05-23 08:57:00,159.465539023
2018-05-23 08:58:00,150.148263748
2018-05-23 08:59:00,168.782814298
2018-05-23 09:00:00,178.100089573
2018-05-23 09:01:00,178.100089573
2018-05-23 09:02:00,178.100089573
2018-05-23 09:03:00,178.100089573
2018-05-23 09:04:00,178.100089573
2018-05-23 09:05:00,178.100089573
2018-05-23 09:06:00,150.148263748
2018-05-23 09:07:00,150.148263748
2018-05-23 09:08:00,168.782814298
2018-05-23 09:09:00,150.148263748
2018-05-23 09:10:00,150.148263748
2018-05-23 09:11:00,150.148263748
2018-05-23 09:12:00,150.148263748
2018-05-23 09:13:00,150.148263748
2018-05-23 09:14:00,150.148263748
2018-05-23 09:15:00,150.148263748
2018-05-23 09:16:00,150.148263748
2018-05-23 09:17:00,159.465539023
2018-05-23 09:18:00,159.465539023
2018-05-23 09:19:00,159.465539023
2018-05-23 09:20:00,159.465539023
2018-05-23 09:21:00,159.465539023
2018-05-23 09:22:00,159.465539023
2018-05-23 09:23:00,159.465539023
2018-05-23 09:24:00,159.465539023
2018-05-23 09:25:00,150.148263748
2018-05-23 09:26:00,159.465539023
2018-05-23 09:27:00,159.465539023
2018-05-23 09:28:00,159.465539023
2018-05-23 09:29:00,159.465539023
2018-05-23 09:30:00,159.465539023
2018-05-23 09:31:00,168.782814298
2018-05-23 09:32:00,168.782814298
2018-05-23 09:33:00,168.782814298
2018-05-23 09:34:00,178.100089573
2018-05-23 09:35:00,178.100089573
2018-05-23 09:36:00,168.782814298
2018-05-23 09:37:00,178.100089573
2018-05-23 09:38:00,178.100089573
2018-05-23 09:39:00,168.782814298
2018-05-23 09:40:00,196.734640123
2018-05-23 09:41:00,178.100089573
2018-05-23 09:42:00,178.100089573
2018-05-23 09:43:00,178.100089573
2018-05-23 09:44:00,168.782814298
2018-05-23 09:45:00,168.782814298
2018-05-23 09:46:00,178.100089573
2018-05-23 09:47:00,178.100089573
2018-05-23 09:48:00,178.100089573
2018-05-23 09:49:00,178.100089573
2018-05-23 09:50:00,178.100089573
2018-05-23 09:51:00,178.100089573
2018-05-23 09:52:00,178.100089573
2018-05-23 09:53:00,187.417364848
2018-05-23 09:54:00,187.417364848
2018-05-23 09:55:00,196.734640123
2018-05-23 09:56:00,196.734640123
2018-05-23 09:57:00,196.734640123
2018-05-23 09:58:00,187.417364848
2018-05-23 09:59:00,178.100089573
2018-05-23 10:00:00,196.734640123
2018-05-23 10:01:00,196.734640123
2018-05-23 10:02:00,196.734640123
2018-05-23 10:03:00,206.051915398
2018-05-23 10:04:00,206.051915398
2018-05-23 10:05:00,215.369190673
2018-05-23 10:06:00,196.734640123
2018-05-23 10:07:00,206.051915398
2018-05-23 10:08:00,206.051915398
2018-05-23 10:09:00,206.051915398
2018-05-23 10:10:00,206.051915398
2018-05-23 10:11:00,215.369190673
2018-05-23 10:12:00,215.369190673
2018-05-23 10:13:00,224.686465948
2018-05-23 10:14:00,234.003741223
2018-05-23 10:15:00,215.369190673
2018-05-23 10:16:00,234.003741223
2018-05-23 10:17:00,234.003741223
2018-05-23 10:18:00,234.003741223
2018-05-23 10:19:00,234.003741223
2018-05-23 10:20:00,224.686465948
2018-05-23 10:21:00,224.686465948
2018-05-23 10:22:00,224.686465948
2018-05-23 10:23:00,224.686465948
2018-05-23 10:24:00,224.686465948
2018-05-23 10:25:00,206.051915398
2018-05-23 10:26:00,187.417364848
2018-05-23 10:27:00,187.417364848
2018-05-23 10:28:00,187.417364848
2018-05-23 10:29:00,187.417364848
2018-05-23 10:30:00,178.100089573
2018-05-23 10:31:00,178.100089573
2018-05-23 10:32:00,178.100089573
2018-05-23 10:33:00,178.100089573
2018-05-23 10:34:00,178.100089573
2018-05-23 10:35:00,178.100089573
2018-05-23 10:36:00,178.100089573
2018-05-23 10:37:00,178.100089573
2018-05-23 10:38:00,178.100089573
2018-05-23 10:39:00,178.100089573
2018-05-23 10:40:00,234.003741223
2018-05-23 10:41:00,234.003741223
2018-05-23 10:42:00,234.003741223
2018-05-23 10:43:00,234.003741223
2018-05-23 10:44:00,234.003741223
2018-05-23 10:45:00,234.003741223
2018-05-23 10:46:00,234.003741223
2018-05-23 10:47:00,234.003741223
2018-05-23 10:48:00,234.003741223
2018-05-23 10:49:00,224.686465948
2018-05-23 10:50:00,224.686465948
2018-05-23 10:51:00,224.686465948
2018-05-23 10:52:00,224.686465948
2018-05-23 10:53:00,215.369190673
2018-05-23 10:54:00,215.369190673
2018-05-23 10:55:00,215.369190673
2018-05-23 10:56:00,215.369190673
2018-05-23 10:57:00,215.369190673
2018-05-23 10:58:00,215.369190673
2018-05-23 10:59:00,234.003741223
2018-05-23 11:00:00,243.321016498
2018-05-23 11:01:00,243.321016498
2018-05-23 11:02:00,243.321016498
2018-05-23 11:03:00,234.003741223
2018-05-23 11:04:00,206.051915398
2018-05-23 11:05:00,206.051915398
2018-05-23 11:06:00,206.051915398
2018-05-23 11:07:00,206.051915398
2018-05-23 11:08:00,206.051915398
2018-05-23 11:09:00,206.051915398
2018-05-23 11:10:00,206.051915398
2018-05-23 11:11:00,206.051915398
2018-05-23 11:12:00,234.003741223
2018-05-23 11:13:00,243.321016498
2018-05-23 11:14:00,206.051915398
2018-05-23 11:15:00,224.686465948
2018-05-23 11:16:00,224.686465948
2018-05-23 11:17:00,224.686465948
2018-05-23 11:18:00,224.686465948
2018-05-23 11:19:00,224.686465948
2018-05-23 11:20:00,243.321016498
2018-05-23 11:21:00,243.321016498
2018-05-23 11:22:00,243.321016498
2018-05-23 11:23:00,243.321016498
2018-05-23 11:24:00,243.321016498
2018-05-23 11:25:00,243.321016498
2018-05-23 11:26:00,243.321016498
2018-05-23 11:27:00,215.369190673
2018-05-23 11:28:00,224.686465948
2018-05-23 11:29:00,224.686465948
2018-05-23 11:30:00,224.686465948
2018-05-23 11:31:00,224.686465948
2018-05-23 11:32:00,243.321016498
2018-05-23 11:33:00,243.321016498
2018-05-23 11:34:00,243.321016498
2018-05-23 11:35:00,243.321016498
2018-05-23 11:36:00,243.321016498
2018-05-23 11:37:00,243.321016498
2018-05-23 11:38:00,215.369190673
2018-05-23 11:39:00,215.369190673
2018-05-23 11:40:00,215.369190673
2018-05-23 11:41:00,215.369190673
2018-05-23 11:42:00,215.369190673
2018-05-23 11:43:00,215.369190673
2018-05-23 11:44:00,224.686465948
2018-05-23 11:45:00,215.369190673
2018-05-23 11:46:00,215.369190673
2018-05-23 11:47:00,215.369190673
2018-05-23 11:48:00,224.686465948
2018-05-23 11:49:00,224.686465948
2018-05-23 11:50:00,215.369190673
2018-05-23 11:51:00,215.369190673
2018-05-23 11:52:00,215.369190673
2018-05-23 11:53:00,215.369190673
2018-05-23 11:54:00,224.686465948
2018-05-23 11:55:00,224.686465948
2018-05-23 11:56:00,224.686465948
2018-05-23 11:57:00,224.686465948
2018-05-23 11:58:00,224.686465948
2018-05-23 11:59:00,224.686465948
2018-05-24 01:29:00,699.868250355
2018-05-24 01:30:00,699.868250355
2018-05-24 01:31:00,699.868250355
2018-05-24 01:32:00,699.868250355
2018-05-24 01:33:00,699.868250355
2018-05-24 01:34:00,438.984542655
2018-05-24 01:35:00,438.984542655
2018-05-24 01:36:00,438.984542655
2018-05-24 01:37:00,243.32176188
2018-05-24 01:38:00,224.68721133
2018-05-24 01:39:00,252.639037155
2018-05-24 01:40:00,252.639037155
2018-05-24 01:41:00,215.369936055
2018-05-24 01:42:00,215.369936055
2018-05-24 01:43:00,206.05266078
2018-05-24 01:44:00,196.735385505
2018-05-24 01:45:00,196.735385505
2018-05-24 01:46:00,178.100834955
2018-05-24 01:47:00,168.78355968
2018-05-24 01:48:00,168.78355968
2018-05-24 01:49:00,178.100834955
2018-05-24 01:50:00,178.100834955
2018-05-24 01:51:00,178.100834955
2018-05-24 01:52:00,178.100834955
2018-05-24 01:53:00,178.100834955
2018-05-24 01:54:00,178.100834955
2018-05-24 01:55:00,187.41811023
2018-05-24 01:56:00,196.735385505
2018-05-24 01:57:00,196.735385505
2018-05-24 01:58:00,196.735385505
2018-05-24 01:59:00,196.735385505
2018-05-24 02:00:00,178.100834955
2018-05-24 02:01:00,187.41811023
2018-05-24 02:02:00,215.369936055
2018-05-24 02:03:00,206.05266078
2018-05-24 02:04:00,206.05266078
2018-05-24 02:05:00,215.369936055
2018-05-24 02:06:00,234.004486605
2018-05-24 02:07:00,215.369936055
2018-05-24 02:08:00,224.68721133
2018-05-24 02:09:00,215.369936055
2018-05-24 02:10:00,215.369936055
2018-05-24 02:11:00,215.369936055
2018-05-24 02:12:00,215.369936055
2018-05-24 02:13:00,224.68721133
2018-05-24 02:14:00,234.004486605
2018-05-24 02:15:00,234.004486605
2018-05-24 02:16:00,224.68721133
2018-05-24 02:17:00,224.68721133
2018-05-24 02:18:00,215.369936055
2018-05-24 02:19:00,215.369936055
2018-05-24 02:20:00,215.369936055
2018-05-24 02:21:00,215.369936055
2018-05-24 02:22:00,234.004486605
2018-05-24 02:23:00,234.004486605
2018-05-24 02:24:00,234.004486605
2018-05-24 02:25:00,234.004486605
2018-05-24 02:26:00,243.32176188
2018-05-24 02:27:00,261.95631243
2018-05-24 02:28:00,224.68721133
2018-05-24 02:29:00,234.004486605
2018-05-24 02:30:00,243.32176188
2018-05-24 02:31:00,252.639037155
2018-05-24 02:32:00,243.32176188
2018-05-24 02:33:00,234.004486605
2018-05-24 02:34:00,252.639037155
2018-05-24 02:35:00,243.32176188
2018-05-24 02:36:00,243.32176188
2018-05-24 02:37:00,224.68721133
2018-05-24 02:38:00,224.68721133
2018-05-24 02:39:00,206.05266078
2018-05-24 02:40:00,206.05266078
2018-05-24 02:41:00,215.369936055
2018-05-24 02:42:00,215.369936055
2018-05-24 02:43:00,243.32176188
2018-05-24 02:44:00,243.32176188
2018-05-24 02:45:00,224.68721133
2018-05-24 02:46:00,224.68721133
2018-05-24 02:47:00,234.004486605
2018-05-24 02:48:00,243.32176188
2018-05-24 02:49:00,271.273587705
2018-05-24 02:50:00,271.273587705
2018-05-24 02:51:00,261.95631243
2018-05-24 02:52:00,271.273587705
2018-05-24 02:53:00,289.908138255
2018-05-24 02:54:00,289.908138255
2018-05-24 02:55:00,299.22541353
2018-05-24 02:56:00,280.59086298
2018-05-24 02:57:00,289.908138255
2018-05-24 02:58:00,271.273587705
2018-05-24 02:59:00,280.59086298
2018-05-24 03:00:00,289.908138255
2018-05-24 03:01:00,289.908138255
2018-05-24 03:02:00,289.908138255
2018-05-24 03:03:00,271.273587705
2018-05-24 03:04:00,252.639037155
2018-05-24 03:05:00,243.32176188
2018-05-24 03:06:00,252.639037155
2018-05-24 03:07:00,252.639037155
2018-05-24 03:08:00,243.32176188
2018-05-24 03:09:00,243.32176188
2018-05-24 03:10:00,243.32176188
2018-05-24 03:11:00,178.100834955
2018-05-24 03:12:00,168.78355968
2018-05-24 03:13:00,187.41811023
2018-05-24 03:14:00,178.100834955
2018-05-24 03:15:00,168.78355968
2018-05-24 03:16:00,187.41811023
2018-05-24 03:17:00,187.41811023
2018-05-24 03:18:00,187.41811023
2018-05-24 03:19:00,196.735385505
2018-05-24 03:20:00,178.100834955
2018-05-24 03:21:00,168.78355968
2018-05-24 03:22:00,168.78355968
2018-05-24 03:23:00,159.466284405
2018-05-24 03:24:00,140.831733855
2018-05-24 03:25:00,131.51445858
2018-05-24 03:26:00,140.831733855
2018-05-24 03:27:00,131.51445858
2018-05-24 03:28:00,131.51445858
2018-05-24 03:29:00,94.2453574797
2018-05-24 03:30:00,19.7071552797
2018-05-24 03:31:00,19.7071552797
2018-05-24 03:32:00,1.07260472966
2018-05-24 03:33:00,19.7071552797
2018-05-24 03:34:00,56.9762563797
2018-05-24 03:35:00,29.0244305547
2018-05-24 03:36:00,47.6589811047
2018-05-24 03:37:00,47.6589811047
2018-05-24 03:38:00,56.9762563797
2018-05-24 03:39:00,84.9280822047
2018-05-24 03:40:00,84.9280822047
2018-05-24 03:41:00,84.9280822047
2018-05-24 03:42:00,84.9280822047
2018-05-24 03:43:00,66.2935316547
2018-05-24 03:44:00,29.0244305547
2018-05-24 03:45:00,47.6589811047
2018-05-24 03:46:00,66.2935316547
2018-05-24 03:47:00,47.6589811047
2018-05-24 03:48:00,47.6589811047
2018-05-24 03:49:00,19.7071552797
2018-05-24 03:50:00,38.3417058297
2018-05-24 03:51:00,47.6589811047
2018-05-24 03:52:00,84.9280822047
2018-05-24 03:53:00,84.9280822047
2018-05-24 03:54:00,47.6589811047
2018-05-24 03:55:00,56.9762563797
2018-05-24 03:56:00,66.2935316547
2018-05-24 03:57:00,56.9762563797
2018-05-24 03:58:00,47.6589811047
2018-05-24 03:59:00,47.6589811047
2018-05-24 04:00:00,47.6589811047
2018-05-24 04:01:00,10.3898800047
2018-05-24 04:02:00,1.07260472966
2018-05-24 04:03:00,1.07260472966
2018-05-24 04:04:00,10.3898800047
2018-05-24 04:05:00,47.6589811047
2018-05-24 04:06:00,29.0244305547
2018-05-24 04:07:00,19.7071552797
2018-05-24 04:08:00,29.0244305547
2018-05-24 04:09:00,19.7071552797
2018-05-24 04:10:00,19.7071552797
2018-05-24 04:11:00,10.3898800047
2018-05-24 04:12:00,19.7071552797
2018-05-24 04:13:00,19.7071552797
2018-05-24 04:14:00,38.3417058297
2018-05-24 04:15:00,38.3417058297
2018-05-24 04:16:00,19.7071552797
2018-05-24 04:17:00,19.7071552797
2018-05-24 04:18:00,19.7071552797
2018-05-24 04:19:00,19.7071552797
2018-05-24 04:20:00,29.0244305547
2018-05-24 04:21:00,10.3898800047
2018-05-24 04:22:00,19.7071552797
2018-05-24 04:23:00,10.3898800047
2018-05-24 04:24:00,19.7071552797
2018-05-24 04:25:00,29.0244305547
2018-05-24 04:26:00,29.0244305547
2018-05-24 04:27:00,1.07260472966
2018-05-24 04:28:00,1.07260472966
2018-05-24 04:29:00,1.07260472966
2018-05-24 04:30:00,-8.24467054534
2018-05-24 04:31:00,-8.24467054534
2018-05-24 04:32:00,1.07260472966
2018-05-24 04:33:00,1.07260472966
2018-05-24 04:34:00,-8.24467054534
2018-05-24 04:35:00,-8.24467054534
2018-05-24 04:36:00,-36.1964963703
2018-05-24 04:37:00,-36.1964963703
2018-05-24 04:38:00,-26.8792210953
2018-05-24 04:39:00,-36.1964963703
2018-05-24 04:40:00,-17.5619458203
2018-05-24 04:41:00,-8.24467054534
2018-05-24 04:42:00,-8.24467054534
2018-05-24 04:43:00,-17.5619458203
2018-05-24 04:44:00,1.07260472966
2018-05-24 04:45:00,-17.5619458203
2018-05-24 04:46:00,-36.1964963703
2018-05-24 04:47:00,-36.1964963703
2018-05-24 04:48:00,-17.5619458203
2018-05-24 04:49:00,-8.24467054534
2018-05-24 04:50:00,-8.24467054534
2018-05-24 04:51:00,-8.24467054534
2018-05-24 04:52:00,-8.24467054534
2018-05-24 04:53:00,10.3898800047
2018-05-24 04:54:00,10.3898800047
2018-05-24 04:55:00,10.3898800047
2018-05-24 04:56:00,1.07260472966
2018-05-24 04:57:00,10.3898800047
2018-05-24 04:58:00,29.0244305547
2018-05-24 04:59:00,29.0244305547
2018-05-24 05:00:00,38.3417058297
2018-05-24 05:01:00,29.0244305547
2018-05-24 05:02:00,29.0244305547
2018-05-24 05:03:00,19.7071552797
2018-05-24 05:04:00,19.7071552797
2018-05-24 05:05:00,19.7071552797
2018-05-24 05:06:00,19.7071552797
2018-05-24 05:07:00,19.7071552797
2018-05-24 05:08:00,19.7071552797
2018-05-24 05:09:00,19.7071552797
2018-05-24 05:10:00,19.7071552797
2018-05-24 05:11:00,19.7071552797
2018-05-24 05:12:00,19.7071552797
2018-05-24 05:13:00,29.0244305547
2018-05-24 05:14:00,29.0244305547
2018-05-24 05:15:00,-36.1964963703
2018-05-24 05:16:00,-36.1964963703
2018-05-24 05:17:00,-36.1964963703
2018-05-24 05:18:00,-36.1964963703
2018-05-24 05:19:00,-36.1964963703
2018-05-24 05:20:00,-36.1964963703
2018-05-24 05:21:00,-36.1964963703
2018-05-24 05:22:00,-36.1964963703
2018-05-24 05:23:00,-26.8792210953
2018-05-24 05:24:00,-36.1964963703
2018-05-24 05:25:00,-17.5619458203
2018-05-24 05:26:00,-17.5619458203
2018-05-24 05:27:00,-17.5619458203
2018-05-24 05:28:00,1.07260472966
2018-05-24 05:29:00,-8.24467054534
2018-05-24 05:30:00,-8.24467054534
2018-05-24 05:31:00,1.07260472966
2018-05-24 05:32:00,10.3898800047
2018-05-24 05:33:00,10.3898800047
2018-05-24 05:34:00,10.3898800047
2018-05-24 05:35:00,10.3898800047
2018-05-24 05:36:00,10.3898800047
2018-05-24 05:37:00,10.3898800047
2018-05-24 05:38:00,10.3898800047
2018-05-24 05:39:00,10.3898800047
2018-05-24 05:40:00,10.3898800047
2018-05-24 05:41:00,10.3898800047
2018-05-24 05:42:00,19.7071552797
2018-05-24 05:43:00,19.7071552797
2018-05-24 05:44:00,38.3417058297
2018-05-24 05:45:00,38.3417058297
2018-05-24 05:46:00,38.3417058297
2018-05-24 05:47:00,47.6589811047
2018-05-24 05:48:00,38.3417058297
2018-05-24 05:49:00,47.6589811047
2018-05-24 05:50:00,29.0244305547
2018-05-24 05:51:00,38.3417058297
2018-05-24 05:52:00,29.0244305547
2018-05-24 05:53:00,19.7071552797
2018-05-24 05:54:00,19.7071552797
2018-05-24 05:55:00,29.0244305547
2018-05-24 05:56:00,19.7071552797
2018-05-24 05:57:00,19.7071552797
2018-05-24 05:58:00,29.0244305547
2018-05-24 05:59:00,38.3417058297
2018-05-24 06:00:00,38.3417058297
2018-05-24 06:01:00,38.3417058297
2018-05-24 06:02:00,1.07260472966
2018-05-24 06:03:00,10.3898800047
2018-05-24 06:04:00,10.3898800047
2018-05-24 06:05:00,19.7071552797
2018-05-24 06:06:00,29.0244305547
2018-05-24 06:07:00,29.0244305547
2018-05-24 06:08:00,29.0244305547
2018-05-24 06:09:00,29.0244305547
2018-05-24 06:10:00,29.0244305547
2018-05-24 06:11:00,38.3417058297
2018-05-24 06:12:00,38.3417058297
2018-05-24 06:13:00,29.0244305547
2018-05-24 06:14:00,38.3417058297
2018-05-24 06:15:00,56.9762563797
2018-05-24 06:16:00,47.6589811047
2018-05-24 06:17:00,47.6589811047
2018-05-24 06:18:00,66.2935316547
2018-05-24 06:19:00,66.2935316547
2018-05-24 06:20:00,56.9762563797
2018-05-24 06:21:00,56.9762563797
2018-05-24 06:22:00,56.9762563797
2018-05-24 06:23:00,56.9762563797
2018-05-24 06:24:00,66.2935316547
2018-05-24 06:25:00,66.2935316547
2018-05-24 06:26:00,75.6108069297
2018-05-24 06:27:00,75.6108069297
2018-05-24 06:28:00,75.6108069297
2018-05-24 06:29:00,84.9280822047
2018-05-24 06:30:00,84.9280822047
2018-05-24 06:31:00,84.9280822047
2018-05-24 06:32:00,84.9280822047
2018-05-24 06:33:00,66.2935316547
2018-05-24 06:34:00,66.2935316547
2018-05-24 06:35:00,66.2935316547
2018-05-24 06:36:00,66.2935316547
2018-05-24 06:37:00,84.9280822047
2018-05-24 06:38:00,94.2453574797
2018-05-24 06:39:00,84.9280822047
2018-05-24 06:40:00,84.9280822047
2018-05-24 06:41:00,84.9280822047
2018-05-24 06:42:00,84.9280822047
2018-05-24 06:43:00,84.9280822047
2018-05-24 06:44:00,84.9280822047
2018-05-24 06:45:00,84.9280822047
2018-05-24 06:46:00,84.9280822047
2018-05-24 06:47:00,84.9280822047
2018-05-24 06:48:00,84.9280822047
2018-05-24 06:49:00,84.9280822047
2018-05-24 06:50:00,84.9280822047
2018-05-24 06:51:00,84.9280822047
2018-05-24 06:52:00,84.9280822047
2018-05-24 06:53:00,84.9280822047
2018-05-24 06:54:00,84.9280822047
2018-05-24 06:55:00,84.9280822047
2018-05-24 06:56:00,84.9280822047
2018-05-24 06:57:00,84.9280822047
2018-05-24 06:58:00,84.9280822047
2018-05-24 06:59:00,84.9280822047
2018-05-24 07:00:00,84.9280822047
2018-05-24 07:01:00,84.9280822047
2018-05-24 07:02:00,84.9280822047
2018-05-24 07:03:00,84.9280822047
2018-05-24 07:04:00,84.9280822047
2018-05-24 07:05:00,103.562632755
2018-05-24 07:06:00,103.562632755
2018-05-24 07:07:00,103.562632755
2018-05-24 07:08:00,84.9280822047
2018-05-24 07:09:00,84.9280822047
2018-05-24 07:10:00,84.9280822047
2018-05-24 07:11:00,84.9280822047
2018-05-24 07:12:00,84.9280822047
2018-05-24 07:13:00,84.9280822047
2018-05-24 07:14:00,103.562632755
2018-05-24 07:15:00,103.562632755
2018-05-24 07:16:00,103.562632755
2018-05-24 07:17:00,103.562632755
2018-05-24 07:18:00,112.87990803
2018-05-24 07:19:00,103.562632755
2018-05-24 07:20:00,103.562632755
2018-05-24 07:21:00,103.562632755
2018-05-24 07:22:00,103.562632755
2018-05-24 07:23:00,103.562632755
2018-05-24 07:24:00,84.9280822047
2018-05-24 07:25:00,84.9280822047
2018-05-24 07:26:00,84.9280822047
2018-05-24 07:27:00,84.9280822047
2018-05-24 07:28:00,84.9280822047
2018-05-24 07:29:00,84.9280822047
2018-05-24 07:30:00,84.9280822047
2018-05-24 07:31:00,84.9280822047
2018-05-24 07:32:00,94.2453574797
2018-05-24 07:33:00,94.2453574797
2018-05-24 07:34:00,94.2453574797
2018-05-24 07:35:00,103.562632755
2018-05-24 07:36:00,122.197183305
2018-05-24 07:37:00,122.197183305
2018-05-24 07:38:00,112.87990803
2018-05-24 07:39:00,103.562632755
2018-05-24 07:40:00,122.197183305
2018-05-24 07:41:00,103.562632755
2018-05-24 07:42:00,103.562632755
2018-05-24 07:43:00,103.562632755
2018-05-24 07:44:00,103.562632755
2018-05-24 07:45:00,103.562632755
2018-05-24 07:46:00,112.87990803
2018-05-24 07:47:00,122.197183305
2018-05-24 07:48:00,103.562632755
2018-05-24 07:49:00,103.562632755
2018-05-24 07:50:00,112.87990803
2018-05-24 07:51:00,140.831733855
2018-05-24 07:52:00,140.831733855
2018-05-24 07:53:00,140.831733855
2018-05-24 07:54:00,122.197183305
2018-05-24 07:55:00,122.197183305
2018-05-24 07:56:00,122.197183305
2018-05-24 07:57:00,122.197183305
2018-05-24 07:58:00,122.197183305
2018-05-24 07:59:00,122.197183305
2018-05-24 08:00:00,122.197183305
2018-05-24 08:01:00,122.197183305
2018-05-24 08:02:00,122.197183305
2018-05-24 08:03:00,122.197183305
2018-05-24 08:04:00,122.197183305
2018-05-24 08:05:00,122.197183305
2018-05-24 08:06:00,150.14900913
2018-05-24 08:07:00,140.831733855
2018-05-24 08:08:00,112.87990803
2018-05-24 08:09:00,112.87990803
2018-05-24 08:10:00,103.562632755
2018-05-24 08:11:00,103.562632755
2018-05-24 08:12:00,103.562632755
2018-05-24 08:13:00,103.562632755
2018-05-24 08:14:00,103.562632755
2018-05-24 08:15:00,103.562632755
2018-05-24 08:16:00,103.562632755
2018-05-24 08:17:00,112.87990803
2018-05-24 08:18:00,122.197183305
2018-05-24 08:19:00,140.831733855
2018-05-24 08:20:00,140.831733855
2018-05-24 08:21:00,150.14900913
2018-05-24 08:22:00,159.466284405
2018-05-24 08:23:00,159.466284405
2018-05-24 08:24:00,168.78355968
2018-05-24 08:25:00,150.14900913
2018-05-24 08:26:00,159.466284405
2018-05-24 08:27:00,168.78355968
2018-05-24 08:28:00,168.78355968
2018-05-24 08:29:00,168.78355968
2018-05-24 08:30:00,168.78355968
2018-05-24 08:31:00,178.100834955
2018-05-24 08:32:00,187.41811023
2018-05-24 08:33:00,187.41811023
2018-05-24 08:34:00,187.41811023
2018-05-24 08:35:00,187.41811023
2018-05-24 08:36:00,168.78355968
2018-05-24 08:37:00,168.78355968
2018-05-24 08:38:00,168.78355968
2018-05-24 08:39:00,168.78355968
2018-05-24 08:40:00,168.78355968
2018-05-24 08:41:00,159.466284405
2018-05-24 08:42:00,159.466284405
2018-05-24 08:43:00,168.78355968
2018-05-24 08:44:00,215.369936055
2018-05-24 08:45:00,215.369936055
2018-05-24 08:46:00,206.05266078
2018-05-24 08:47:00,187.41811023
2018-05-24 08:48:00,206.05266078
2018-05-24 08:49:00,215.369936055
2018-05-24 08:50:00,224.68721133
2018-05-24 08:51:00,187.41811023
2018-05-24 08:52:00,196.735385505
2018-05-24 08:53:00,196.735385505
2018-05-24 08:54:00,196.735385505
2018-05-24 08:55:00,215.369936055
2018-05-24 08:56:00,224.68721133
2018-05-24 08:57:00,224.68721133
2018-05-24 08:58:00,224.68721133
2018-05-24 08:59:00,234.004486605
2018-05-24 09:00:00,234.004486605
2018-05-24 09:01:00,234.004486605
2018-05-24 09:02:00,373.76361573
2018-05-24 09:03:00,355.12906518
2018-05-24 09:04:00,373.76361573
2018-05-24 09:05:00,364.446340455
2018-05-24 09:06:00,364.446340455
2018-05-24 09:07:00,345.811789905
2018-05-24 09:08:00,345.811789905
2018-05-24 09:09:00,345.811789905
2018-05-24 09:10:00,327.177239355
2018-05-24 09:11:00,327.177239355
2018-05-24 09:12:00,327.177239355
2018-05-24 09:13:00,336.49451463
2018-05-24 09:14:00,336.49451463
2018-05-24 09:15:00,345.811789905
2018-05-24 09:16:00,336.49451463
2018-05-24 09:17:00,336.49451463
2018-05-24 09:18:00,336.49451463
2018-05-24 09:19:00,345.811789905
2018-05-24 09:20:00,355.12906518
2018-05-24 09:21:00,355.12906518
2018-05-24 09:22:00,355.12906518
2018-05-24 09:23:00,336.49451463
2018-05-24 09:24:00,364.446340455
2018-05-24 09:25:00,345.811789905
2018-05-24 09:26:00,345.811789905
2018-05-24 09:27:00,345.811789905
2018-05-24 09:28:00,364.446340455
2018-05-24 09:29:00,364.446340455
2018-05-24 09:30:00,364.446340455
2018-05-24 09:31:00,364.446340455
2018-05-24 09:32:00,364.446340455
2018-05-24 09:33:00,383.080891005
2018-05-24 09:34:00,401.715441555
2018-05-24 09:35:00,383.080891005
2018-05-24 09:36:00,373.76361573
2018-05-24 09:37:00,373.76361573
2018-05-24 09:38:00,345.811789905
2018-05-24 09:39:00,364.446340455
2018-05-24 09:40:00,364.446340455
2018-05-24 09:41:00,364.446340455
2018-05-24 09:42:00,364.446340455
2018-05-24 09:43:00,364.446340455
2018-05-24 09:44:00,364.446340455
2018-05-24 09:45:00,364.446340455
2018-05-24 09:46:00,364.446340455
2018-05-24 09:47:00,383.080891005
2018-05-24 09:48:00,383.080891005
2018-05-24 09:49:00,373.76361573
2018-05-24 09:50:00,364.446340455
2018-05-24 09:51:00,364.446340455
2018-05-24 09:52:00,364.446340455
2018-05-24 09:53:00,364.446340455
2018-05-24 09:54:00,383.080891005
2018-05-24 09:55:00,392.39816628
2018-05-24 09:56:00,383.080891005
2018-05-24 09:57:00,392.39816628
2018-05-24 09:58:00,401.715441555
2018-05-24 09:59:00,383.080891005
2018-05-24 10:00:00,411.03271683
2018-05-24 10:01:00,401.715441555
2018-05-24 10:02:00,401.715441555
2018-05-24 10:03:00,383.080891005
2018-05-24 10:04:00,392.39816628
2018-05-24 10:05:00,383.080891005
2018-05-24 10:06:00,383.080891005
2018-05-24 10:07:00,383.080891005
2018-05-24 10:08:00,383.080891005
2018-05-24 10:09:00,383.080891005
2018-05-24 10:10:00,383.080891005
2018-05-24 10:11:00,364.446340455
2018-05-24 10:12:00,345.811789905
2018-05-24 10:13:00,345.811789905
2018-05-24 10:14:00,364.446340455
2018-05-24 10:15:00,373.76361573
2018-05-24 10:16:00,373.76361573
2018-05-24 10:17:00,373.76361573
2018-05-24 10:18:00,373.76361573
2018-05-24 10:19:00,373.76361573
2018-05-24 10:20:00,373.76361573
2018-05-24 10:21:00,373.76361573
2018-05-24 10:22:00,373.76361573
2018-05-24 10:23:00,373.76361573
2018-05-24 10:24:00,345.811789905
2018-05-24 10:25:00,345.811789905
2018-05-24 10:26:00,355.12906518
2018-05-24 10:27:00,355.12906518
2018-05-24 10:28:00,355.12906518
2018-05-24 10:29:00,355.12906518
2018-05-24 10:30:00,355.12906518
2018-05-24 10:31:00,355.12906518
2018-05-24 10:32:00,355.12906518
2018-05-24 10:33:00,364.446340455
2018-05-24 10:34:00,364.446340455
2018-05-24 10:35:00,364.446340455
2018-05-24 10:36:00,364.446340455
2018-05-24 10:37:00,355.12906518
2018-05-24 10:38:00,364.446340455
2018-05-24 10:39:00,327.177239355
2018-05-24 10:40:00,327.177239355
2018-05-24 10:41:00,327.177239355
2018-05-24 10:42:00,327.177239355
2018-05-24 10:43:00,327.177239355
2018-05-24 10:44:00,317.85996408
2018-05-24 10:45:00,308.542688805
2018-05-24 10:46:00,308.542688805
2018-05-24 10:47:00,308.542688805
2018-05-24 10:48:00,317.85996408
2018-05-24 10:49:00,317.85996408
2018-05-24 10:50:00,317.85996408
2018-05-24 10:51:00,317.85996408
2018-05-24 10:52:00,317.85996408
2018-05-24 10:53:00,308.542688805
2018-05-24 10:54:00,308.542688805
2018-05-24 10:55:00,299.22541353
2018-05-24 10:56:00,299.22541353
2018-05-24 10:57:00,289.908138255
2018-05-24 10:58:00,289.908138255
2018-05-24 10:59:00,261.95631243
2018-05-24 11:00:00,252.639037155
2018-05-24 11:01:00,252.639037155
2018-05-24 11:02:00,252.639037155
2018-05-24 11:03:00,252.639037155
2018-05-24 11:04:00,252.639037155
2018-05-24 11:05:00,252.639037155
2018-05-24 11:06:00,252.639037155
2018-05-24 11:07:00,252.639037155
2018-05-24 11:08:00,280.59086298
2018-05-24 11:09:00,280.59086298
2018-05-24 11:10:00,317.85996408
2018-05-24 11:11:00,317.85996408
2018-05-24 11:12:00,317.85996408
2018-05-24 11:13:00,327.177239355
2018-05-24 11:14:00,327.177239355
2018-05-24 11:15:00,308.542688805
2018-05-24 11:16:00,308.542688805
2018-05-24 11:17:00,317.85996408
2018-05-24 11:18:00,317.85996408
2018-05-24 11:19:00,317.85996408
2018-05-24 11:20:00,317.85996408
2018-05-24 11:21:00,317.85996408
2018-05-24 11:22:00,317.85996408
2018-05-24 11:23:00,327.177239355
2018-05-24 11:24:00,327.177239355
2018-05-24 11:25:00,317.85996408
2018-05-24 11:26:00,317.85996408
2018-05-24 11:27:00,317.85996408
2018-05-24 11:28:00,345.811789905
2018-05-24 11:29:00,345.811789905
2018-05-24 11:30:00,345.811789905
2018-05-24 11:31:00,345.811789905
2018-05-24 11:32:00,345.811789905
2018-05-24 11:33:00,345.811789905
2018-05-24 11:34:00,345.811789905
2018-05-24 11:35:00,345.811789905
2018-05-24 11:36:00,355.12906518
2018-05-24 11:37:00,355.12906518
2018-05-24 11:38:00,355.12906518
2018-05-24 11:39:00,355.12906518
2018-05-24 11:40:00,355.12906518
2018-05-24 11:41:00,345.811789905
2018-05-24 11:42:00,345.811789905
2018-05-24 11:43:00,364.446340455
2018-05-24 11:44:00,364.446340455
2018-05-24 11:45:00,364.446340455
2018-05-24 11:46:00,373.76361573
2018-05-24 11:47:00,373.76361573
2018-05-24 11:48:00,373.76361573
2018-05-24 11:49:00,373.76361573
2018-05-24 11:50:00,364.446340455
2018-05-24 11:51:00,364.446340455
2018-05-24 11:52:00,364.446340455
2018-05-24 11:53:00,336.49451463
2018-05-24 11:54:00,336.49451463
2018-05-24 11:55:00,336.49451463
2018-05-24 11:56:00,355.12906518
2018-05-24 11:57:00,336.49451463
2018-05-24 11:58:00,336.49451463
2018-05-24 11:59:00,336.49451463
2018-05-25 01:29:00,485.570173648
2018-05-25 01:30:00,485.570173648
2018-05-25 01:31:00,485.570173648
2018-05-25 01:32:00,485.570173648
2018-05-25 01:33:00,485.570173648
2018-05-25 01:34:00,401.714696173
2018-05-25 01:35:00,392.397420898
2018-05-25 01:36:00,373.762870348
2018-05-25 01:37:00,392.397420898
2018-05-25 01:38:00,383.080145623
2018-05-25 01:39:00,383.080145623
2018-05-25 01:40:00,392.397420898
2018-05-25 01:41:00,429.666521998
2018-05-25 01:42:00,420.349246723
2018-05-25 01:43:00,420.349246723
2018-05-25 01:44:00,429.666521998
2018-05-25 01:45:00,401.714696173
2018-05-25 01:46:00,401.714696173
2018-05-25 01:47:00,383.080145623
2018-05-25 01:48:00,383.080145623
2018-05-25 01:49:00,383.080145623
2018-05-25 01:50:00,383.080145623
2018-05-25 01:51:00,383.080145623
2018-05-25 01:52:00,383.080145623
2018-05-25 01:53:00,383.080145623
2018-05-25 01:54:00,383.080145623
2018-05-25 01:55:00,373.762870348
2018-05-25 01:56:00,373.762870348
2018-05-25 01:57:00,392.397420898
2018-05-25 01:58:00,392.397420898
2018-05-25 01:59:00,392.397420898
2018-05-25 02:00:00,411.031971448
2018-05-25 02:01:00,429.666521998
2018-05-25 02:02:00,420.349246723
2018-05-25 02:03:00,429.666521998
2018-05-25 02:04:00,420.349246723
2018-05-25 02:05:00,438.983797273
2018-05-25 02:06:00,411.031971448
2018-05-25 02:07:00,429.666521998
2018-05-25 02:08:00,420.349246723
2018-05-25 02:09:00,429.666521998
2018-05-25 02:10:00,438.983797273
2018-05-25 02:11:00,438.983797273
2018-05-25 02:12:00,438.983797273
2018-05-25 02:13:00,438.983797273
2018-05-25 02:14:00,438.983797273
2018-05-25 02:15:00,420.349246723
2018-05-25 02:16:00,438.983797273
2018-05-25 02:17:00,438.983797273
2018-05-25 02:18:00,438.983797273
2018-05-25 02:19:00,420.349246723
2018-05-25 02:20:00,420.349246723
2018-05-25 02:21:00,420.349246723
2018-05-25 02:22:00,420.349246723
2018-05-25 02:23:00,448.301072548
2018-05-25 02:24:00,429.666521998
2018-05-25 02:25:00,438.983797273
2018-05-25 02:26:00,420.349246723
2018-05-25 02:27:00,420.349246723
2018-05-25 02:28:00,429.666521998
2018-05-25 02:29:00,429.666521998
2018-05-25 02:30:00,438.983797273
2018-05-25 02:31:00,438.983797273
2018-05-25 02:32:00,448.301072548
2018-05-25 02:33:00,448.301072548
2018-05-25 02:34:00,438.983797273
2018-05-25 02:35:00,438.983797273
2018-05-25 02:36:00,438.983797273
2018-05-25 02:37:00,448.301072548
2018-05-25 02:38:00,448.301072548
2018-05-25 02:39:00,448.301072548
2018-05-25 02:40:00,438.983797273
2018-05-25 02:41:00,438.983797273
2018-05-25 02:42:00,438.983797273
2018-05-25 02:43:00,438.983797273
2018-05-25 02:44:00,448.301072548
2018-05-25 02:45:00,457.618347823
2018-05-25 02:46:00,448.301072548
2018-05-25 02:47:00,457.618347823
2018-05-25 02:48:00,466.935623098
2018-05-25 02:49:00,420.349246723
2018-05-25 02:50:00,420.349246723
2018-05-25 02:51:00,420.349246723
2018-05-25 02:52:00,401.714696173
2018-05-25 02:53:00,420.349246723
2018-05-25 02:54:00,457.618347823
2018-05-25 02:55:00,438.983797273
2018-05-25 02:56:00,438.983797273
2018-05-25 02:57:00,438.983797273
2018-05-25 02:58:00,438.983797273
2018-05-25 02:59:00,457.618347823
2018-05-25 03:00:00,457.618347823
2018-05-25 03:01:00,448.301072548
2018-05-25 03:02:00,466.935623098
2018-05-25 03:03:00,476.252898373
2018-05-25 03:04:00,438.983797273
2018-05-25 03:05:00,438.983797273
2018-05-25 03:06:00,438.983797273
2018-05-25 03:07:00,438.983797273
2018-05-25 03:08:00,429.666521998
2018-05-25 03:09:00,457.618347823
2018-05-25 03:10:00,457.618347823
2018-05-25 03:11:00,457.618347823
2018-05-25 03:12:00,457.618347823
2018-05-25 03:13:00,429.666521998
2018-05-25 03:14:00,392.397420898
2018-05-25 03:15:00,373.762870348
2018-05-25 03:16:00,429.666521998
2018-05-25 03:17:00,420.349246723
2018-05-25 03:18:00,420.349246723
2018-05-25 03:19:00,420.349246723
2018-05-25 03:20:00,420.349246723
2018-05-25 03:21:00,411.031971448
2018-05-25 03:22:00,457.618347823
2018-05-25 03:23:00,429.666521998
2018-05-25 03:24:00,411.031971448
2018-05-25 03:25:00,411.031971448
2018-05-25 03:26:00,448.301072548
2018-05-25 03:27:00,466.935623098
2018-05-25 03:28:00,448.301072548
2018-05-25 03:29:00,429.666521998
2018-05-25 03:30:00,466.935623098
2018-05-25 03:31:00,485.570173648
2018-05-25 03:32:00,476.252898373
2018-05-25 03:33:00,504.204724198
2018-05-25 03:34:00,485.570173648
2018-05-25 03:35:00,504.204724198
2018-05-25 03:36:00,513.521999473
2018-05-25 03:37:00,513.521999473
2018-05-25 03:38:00,494.887448923
2018-05-25 03:39:00,513.521999473
2018-05-25 03:40:00,522.839274748
2018-05-25 03:41:00,513.521999473
2018-05-25 03:42:00,522.839274748
2018-05-25 03:43:00,522.839274748
2018-05-25 03:44:00,522.839274748
2018-05-25 03:45:00,513.521999473
2018-05-25 03:46:00,522.839274748
2018-05-25 03:47:00,541.473825298
2018-05-25 03:48:00,513.521999473
2018-05-25 03:49:00,513.521999473
2018-05-25 03:50:00,522.839274748
2018-05-25 03:51:00,513.521999473
2018-05-25 03:52:00,513.521999473
2018-05-25 03:53:00,513.521999473
2018-05-25 03:54:00,513.521999473
2018-05-25 03:55:00,494.887448923
2018-05-25 03:56:00,494.887448923
2018-05-25 03:57:00,494.887448923
2018-05-25 03:58:00,494.887448923
2018-05-25 03:59:00,494.887448923
2018-05-25 04:00:00,476.252898373
2018-05-25 04:01:00,476.252898373
2018-05-25 04:02:00,457.618347823
2018-05-25 04:03:00,476.252898373
2018-05-25 04:04:00,476.252898373
2018-05-25 04:05:00,466.935623098
2018-05-25 04:06:00,466.935623098
2018-05-25 04:07:00,466.935623098
2018-05-25 04:08:00,476.252898373
2018-05-25 04:09:00,476.252898373
2018-05-25 04:10:00,466.935623098
2018-05-25 04:11:00,476.252898373
2018-05-25 04:12:00,476.252898373
2018-05-25 04:13:00,476.252898373
2018-05-25 04:14:00,466.935623098
2018-05-25 04:15:00,476.252898373
2018-05-25 04:16:00,466.935623098
2018-05-25 04:17:00,476.252898373
2018-05-25 04:18:00,476.252898373
2018-05-25 04:19:00,485.570173648
2018-05-25 04:20:00,494.887448923
2018-05-25 04:21:00,476.252898373
2018-05-25 04:22:00,485.570173648
2018-05-25 04:23:00,485.570173648
2018-05-25 04:24:00,513.521999473
2018-05-25 04:25:00,522.839274748
2018-05-25 04:26:00,513.521999473
2018-05-25 04:27:00,513.521999473
2018-05-25 04:28:00,532.156550023
2018-05-25 04:29:00,532.156550023
2018-05-25 04:30:00,532.156550023
2018-05-25 04:31:00,541.473825298
2018-05-25 04:32:00,541.473825298
2018-05-25 04:33:00,541.473825298
2018-05-25 04:34:00,532.156550023
2018-05-25 04:35:00,532.156550023
2018-05-25 04:36:00,513.521999473
2018-05-25 04:37:00,522.839274748
2018-05-25 04:38:00,513.521999473
2018-05-25 04:39:00,494.887448923
2018-05-25 04:40:00,494.887448923
2018-05-25 04:41:00,476.252898373
2018-05-25 04:42:00,494.887448923
2018-05-25 04:43:00,476.252898373
2018-05-25 04:44:00,476.252898373
2018-05-25 04:45:00,476.252898373
2018-05-25 04:46:00,476.252898373
2018-05-25 04:47:00,476.252898373
2018-05-25 04:48:00,476.252898373
2018-05-25 04:49:00,476.252898373
2018-05-25 04:50:00,466.935623098
2018-05-25 04:51:00,466.935623098
2018-05-25 04:52:00,476.252898373
2018-05-25 04:53:00,494.887448923
2018-05-25 04:54:00,476.252898373
2018-05-25 04:55:00,476.252898373
2018-05-25 04:56:00,466.935623098
2018-05-25 04:57:00,457.618347823
2018-05-25 04:58:00,438.983797273
2018-05-25 04:59:00,448.301072548
2018-05-25 05:00:00,438.983797273
2018-05-25 05:01:00,438.983797273
2018-05-25 05:02:00,457.618347823
2018-05-25 05:03:00,466.935623098
2018-05-25 05:04:00,466.935623098
2018-05-25 05:05:00,466.935623098
2018-05-25 05:06:00,466.935623098
2018-05-25 05:07:00,476.252898373
2018-05-25 05:08:00,476.252898373
2018-05-25 05:09:00,457.618347823
2018-05-25 05:10:00,457.618347823
2018-05-25 05:11:00,457.618347823
2018-05-25 05:12:00,466.935623098
2018-05-25 05:13:00,457.618347823
2018-05-25 05:14:00,457.618347823
2018-05-25 05:15:00,457.618347823
2018-05-25 05:16:00,466.935623098
2018-05-25 05:17:00,466.935623098
2018-05-25 05:18:00,457.618347823
2018-05-25 05:19:00,457.618347823
2018-05-25 05:20:00,457.618347823
2018-05-25 05:21:00,457.618347823
2018-05-25 05:22:00,457.618347823
2018-05-25 05:23:00,457.618347823
2018-05-25 05:24:00,457.618347823
2018-05-25 05:25:00,466.935623098
2018-05-25 05:26:00,466.935623098
2018-05-25 05:27:00,457.618347823
2018-05-25 05:28:00,457.618347823
2018-05-25 05:29:00,457.618347823
2018-05-25 05:30:00,457.618347823
2018-05-25 05:31:00,457.618347823
2018-05-25 05:32:00,457.618347823
2018-05-25 05:33:00,457.618347823
2018-05-25 05:34:00,457.618347823
2018-05-25 05:35:00,457.618347823
2018-05-25 05:36:00,457.618347823
2018-05-25 05:37:00,457.618347823
2018-05-25 05:38:00,457.618347823
2018-05-25 05:39:00,476.252898373
2018-05-25 05:40:00,457.618347823
2018-05-25 05:41:00,448.301072548
2018-05-25 05:42:00,466.935623098
2018-05-25 05:43:00,466.935623098
2018-05-25 05:44:00,466.935623098
2018-05-25 05:45:00,457.618347823
2018-05-25 05:46:00,457.618347823
2018-05-25 05:47:00,457.618347823
2018-05-25 05:48:00,466.935623098
2018-05-25 05:49:00,466.935623098
2018-05-25 05:50:00,485.570173648
2018-05-25 05:51:00,485.570173648
2018-05-25 05:52:00,457.618347823
2018-05-25 05:53:00,466.935623098
2018-05-25 05:54:00,476.252898373
2018-05-25 05:55:00,504.204724198
2018-05-25 05:56:00,522.839274748
2018-05-25 05:57:00,513.521999473
2018-05-25 05:58:00,522.839274748
2018-05-25 05:59:00,522.839274748
2018-05-25 06:00:00,513.521999473
2018-05-25 06:01:00,522.839274748
2018-05-25 06:02:00,513.521999473
2018-05-25 06:03:00,522.839274748
2018-05-25 06:04:00,532.156550023
2018-05-25 06:05:00,541.473825298
2018-05-25 06:06:00,541.473825298
2018-05-25 06:07:00,541.473825298
2018-05-25 06:08:00,541.473825298
2018-05-25 06:09:00,550.791100573
2018-05-25 06:10:00,560.108375848
2018-05-25 06:11:00,569.425651123
2018-05-25 06:12:00,550.791100573
2018-05-25 06:13:00,560.108375848
2018-05-25 06:14:00,569.425651123
2018-05-25 06:15:00,578.742926398
2018-05-25 06:16:00,569.425651123
2018-05-25 06:17:00,597.377476948
2018-05-25 06:18:00,597.377476948
2018-05-25 06:19:00,588.060201673
2018-05-25 06:20:00,569.425651123
2018-05-25 06:21:00,578.742926398
2018-05-25 06:22:00,569.425651123
2018-05-25 06:23:00,588.060201673
2018-05-25 06:24:00,597.377476948
2018-05-25 06:25:00,597.377476948
2018-05-25 06:26:00,597.377476948
2018-05-25 06:27:00,606.694752223
2018-05-25 06:28:00,625.329302773
2018-05-25 06:29:00,606.694752223
2018-05-25 06:30:00,606.694752223
2018-05-25 06:31:00,616.012027498
2018-05-25 06:32:00,625.329302773
2018-05-25 06:33:00,616.012027498
2018-05-25 06:34:00,625.329302773
2018-05-25 06:35:00,625.329302773
2018-05-25 06:36:00,606.694752223
2018-05-25 06:37:00,606.694752223
2018-05-25 06:38:00,606.694752223
2018-05-25 06:39:00,606.694752223
2018-05-25 06:40:00,606.694752223
2018-05-25 06:41:00,606.694752223
2018-05-25 06:42:00,606.694752223
2018-05-25 06:43:00,606.694752223
2018-05-25 06:44:00,606.694752223
2018-05-25 06:45:00,616.012027498
2018-05-25 06:46:00,606.694752223
2018-05-25 06:47:00,616.012027498
2018-05-25 06:48:00,606.694752223
2018-05-25 06:49:00,616.012027498
2018-05-25 06:50:00,616.012027498
2018-05-25 06:51:00,616.012027498
2018-05-25 06:52:00,606.694752223
2018-05-25 06:53:00,625.329302773
2018-05-25 06:54:00,634.646578048
2018-05-25 06:55:00,616.012027498
2018-05-25 06:56:00,616.012027498
2018-05-25 06:57:00,606.694752223
2018-05-25 06:58:00,616.012027498
2018-05-25 06:59:00,616.012027498
2018-05-25 07:00:00,616.012027498
2018-05-25 07:01:00,616.012027498
2018-05-25 07:02:00,606.694752223
2018-05-25 07:03:00,606.694752223
2018-05-25 07:04:00,606.694752223
2018-05-25 07:05:00,606.694752223
2018-05-25 07:06:00,606.694752223
2018-05-25 07:07:00,616.012027498
2018-05-25 07:08:00,625.329302773
2018-05-25 07:09:00,616.012027498
2018-05-25 07:10:00,616.012027498
2018-05-25 07:11:00,625.329302773
2018-05-25 07:12:00,625.329302773
2018-05-25 07:13:00,616.012027498
2018-05-25 07:14:00,616.012027498
2018-05-25 07:15:00,606.694752223
2018-05-25 07:16:00,606.694752223
2018-05-25 07:17:00,569.425651123
2018-05-25 07:18:00,569.425651123
2018-05-25 07:19:00,597.377476948
2018-05-25 07:20:00,588.060201673
2018-05-25 07:21:00,588.060201673
2018-05-25 07:22:00,588.060201673
2018-05-25 07:23:00,588.060201673
2018-05-25 07:24:00,597.377476948
2018-05-25 07:25:00,597.377476948
2018-05-25 07:26:00,597.377476948
2018-05-25 07:27:00,597.377476948
2018-05-25 07:28:00,588.060201673
2018-05-25 07:29:00,588.060201673
2018-05-25 07:30:00,578.742926398
2018-05-25 07:31:00,606.694752223
2018-05-25 07:32:00,606.694752223
2018-05-25 07:33:00,606.694752223
2018-05-25 07:34:00,606.694752223
2018-05-25 07:35:00,625.329302773
2018-05-25 07:36:00,625.329302773
2018-05-25 07:37:00,625.329302773
2018-05-25 07:38:00,625.329302773
2018-05-25 07:39:00,625.329302773
2018-05-25 07:40:00,625.329302773
2018-05-25 07:41:00,625.329302773
2018-05-25 07:42:00,625.329302773
2018-05-25 07:43:00,625.329302773
2018-05-25 07:44:00,625.329302773
2018-05-25 07:45:00,625.329302773
2018-05-25 07:46:00,625.329302773
2018-05-25 07:47:00,625.329302773
2018-05-25 07:48:00,616.012027498
2018-05-25 07:49:00,634.646578048
2018-05-25 07:50:00,634.646578048
2018-05-25 07:51:00,634.646578048
2018-05-25 07:52:00,643.963853323
2018-05-25 07:53:00,616.012027498
2018-05-25 07:54:00,634.646578048
2018-05-25 07:55:00,643.963853323
2018-05-25 07:56:00,653.281128598
2018-05-25 07:57:00,662.598403873
2018-05-25 07:58:00,653.281128598
2018-05-25 07:59:00,681.232954423
2018-05-25 08:00:00,671.915679148
2018-05-25 08:01:00,643.963853323
2018-05-25 08:02:00,653.281128598
2018-05-25 08:03:00,709.184780248
2018-05-25 08:04:00,718.502055523
2018-05-25 08:05:00,718.502055523
2018-05-25 08:06:00,699.867504973
2018-05-25 08:07:00,709.184780248
2018-05-25 08:08:00,718.502055523
2018-05-25 08:09:00,709.184780248
2018-05-25 08:10:00,727.819330798
2018-05-25 08:11:00,681.232954423
2018-05-25 08:12:00,681.232954423
2018-05-25 08:13:00,681.232954423
2018-05-25 08:14:00,718.502055523
2018-05-25 08:15:00,765.088431898
2018-05-25 08:16:00,783.722982448
2018-05-25 08:17:00,765.088431898
2018-05-25 08:18:00,765.088431898
2018-05-25 08:19:00,765.088431898
2018-05-25 08:20:00,765.088431898
2018-05-25 08:21:00,774.405707173
2018-05-25 08:22:00,774.405707173
2018-05-25 08:23:00,765.088431898
2018-05-25 08:24:00,755.771156623
2018-05-25 08:25:00,774.405707173
2018-05-25 08:26:00,793.040257723
2018-05-25 08:27:00,793.040257723
2018-05-25 08:28:00,774.405707173
2018-05-25 08:29:00,839.626634098
2018-05-25 08:30:00,848.943909373
2018-05-25 08:31:00,820.992083548
2018-05-25 08:32:00,867.578459923
2018-05-25 08:33:00,867.578459923
2018-05-25 08:34:00,858.261184648
2018-05-25 08:35:00,858.261184648
2018-05-25 08:36:00,839.626634098
2018-05-25 08:37:00,858.261184648
2018-05-25 08:38:00,858.261184648
2018-05-25 08:39:00,867.578459923
2018-05-25 08:40:00,886.213010473
2018-05-25 08:41:00,886.213010473
2018-05-25 08:42:00,867.578459923
2018-05-25 08:43:00,886.213010473
2018-05-25 08:44:00,886.213010473
2018-05-25 08:45:00,886.213010473
2018-05-25 08:46:00,886.213010473
2018-05-25 08:47:00,886.213010473
2018-05-25 08:48:00,876.895735198
2018-05-25 08:49:00,858.261184648
2018-05-25 08:50:00,830.309358823
2018-05-25 08:51:00,830.309358823
2018-05-25 08:52:00,839.626634098
2018-05-25 08:53:00,867.578459923
2018-05-25 08:54:00,867.578459923
2018-05-25 08:55:00,867.578459923
2018-05-25 08:56:00,830.309358823
2018-05-25 08:57:00,830.309358823
2018-05-25 08:58:00,811.674808273
2018-05-25 08:59:00,774.405707173
2018-05-25 09:00:00,755.771156623
2018-05-25 09:01:00,755.771156623
2018-05-25 09:02:00,746.453881348
2018-05-25 09:03:00,746.453881348
2018-05-25 09:04:00,727.819330798
2018-05-25 09:05:00,727.819330798
2018-05-25 09:06:00,727.819330798
2018-05-25 09:07:00,765.088431898
2018-05-25 09:08:00,755.771156623
2018-05-25 09:09:00,755.771156623
2018-05-25 09:10:00,755.771156623
2018-05-25 09:11:00,755.771156623
2018-05-25 09:12:00,765.088431898
2018-05-25 09:13:00,783.722982448
2018-05-25 09:14:00,793.040257723
2018-05-25 09:15:00,774.405707173
2018-05-25 09:16:00,746.453881348
2018-05-25 09:17:00,746.453881348
2018-05-25 09:18:00,727.819330798
2018-05-25 09:19:00,727.819330798
2018-05-25 09:20:00,727.819330798
2018-05-25 09:21:00,727.819330798
2018-05-25 09:22:00,755.771156623
2018-05-25 09:23:00,811.674808273
2018-05-25 09:24:00,793.040257723
2018-05-25 09:25:00,783.722982448
2018-05-25 09:26:00,793.040257723
2018-05-25 09:27:00,793.040257723
2018-05-25 09:28:00,811.674808273
2018-05-25 09:29:00,811.674808273
2018-05-25 09:30:00,811.674808273
2018-05-25 09:31:00,793.040257723
2018-05-25 09:32:00,755.771156623
2018-05-25 09:33:00,755.771156623
2018-05-25 09:34:00,755.771156623
2018-05-25 09:35:00,755.771156623
2018-05-25 09:36:00,755.771156623
2018-05-25 09:37:00,755.771156623
2018-05-25 09:38:00,765.088431898
2018-05-25 09:39:00,765.088431898
2018-05-25 09:40:00,765.088431898
2018-05-25 09:41:00,765.088431898
2018-05-25 09:42:00,755.771156623
2018-05-25 09:43:00,755.771156623
2018-05-25 09:44:00,765.088431898
2018-05-25 09:45:00,765.088431898
2018-05-25 09:46:00,737.136606073
2018-05-25 09:47:00,746.453881348
2018-05-25 09:48:00,746.453881348
2018-05-25 09:49:00,746.453881348
2018-05-25 09:50:00,746.453881348
2018-05-25 09:51:00,746.453881348
2018-05-25 09:52:00,746.453881348
2018-05-25 09:53:00,746.453881348
2018-05-25 09:54:00,746.453881348
2018-05-25 09:55:00,746.453881348
2018-05-25 09:56:00,746.453881348
2018-05-25 09:57:00,746.453881348
2018-05-25 09:58:00,746.453881348
2018-05-25 09:59:00,718.502055523
2018-05-25 10:00:00,699.867504973
2018-05-25 10:01:00,681.232954423
2018-05-25 10:02:00,662.598403873
2018-05-25 10:03:00,690.550229698
2018-05-25 10:04:00,690.550229698
2018-05-25 10:05:00,699.867504973
2018-05-25 10:06:00,690.550229698
2018-05-25 10:07:00,681.232954423
2018-05-25 10:08:00,690.550229698
2018-05-25 10:09:00,662.598403873
2018-05-25 10:10:00,662.598403873
2018-05-25 10:11:00,662.598403873
2018-05-25 10:12:00,643.963853323
2018-05-25 10:13:00,643.963853323
2018-05-25 10:14:00,643.963853323
2018-05-25 10:15:00,643.963853323
2018-05-25 10:16:00,643.963853323
2018-05-25 10:17:00,643.963853323
2018-05-25 10:18:00,643.963853323
2018-05-25 10:19:00,643.963853323
2018-05-25 10:20:00,643.963853323
2018-05-25 10:21:00,597.377476948
2018-05-25 10:22:00,606.694752223
2018-05-25 10:23:00,616.012027498
2018-05-25 10:24:00,606.694752223
2018-05-25 10:25:00,606.694752223
2018-05-25 10:26:00,625.329302773
2018-05-25 10:27:00,625.329302773
2018-05-25 10:28:00,625.329302773
2018-05-25 10:29:00,634.646578048
2018-05-25 10:30:00,625.329302773
2018-05-25 10:31:00,634.646578048
2018-05-25 10:32:00,634.646578048
2018-05-25 10:33:00,634.646578048
2018-05-25 10:34:00,634.646578048
2018-05-25 10:35:00,634.646578048
2018-05-25 10:36:00,662.598403873
2018-05-25 10:37:00,662.598403873
2018-05-25 10:38:00,662.598403873
2018-05-25 10:39:00,662.598403873
2018-05-25 10:40:00,662.598403873
2018-05-25 10:41:00,671.915679148
2018-05-25 10:42:00,662.598403873
2018-05-25 10:43:00,662.598403873
2018-05-25 10:44:00,681.232954423
2018-05-25 10:45:00,681.232954423
2018-05-25 10:46:00,690.550229698
2018-05-25 10:47:00,690.550229698
2018-05-25 10:48:00,690.550229698
2018-05-25 10:49:00,690.550229698
2018-05-25 10:50:00,690.550229698
2018-05-25 10:51:00,690.550229698
2018-05-25 10:52:00,690.550229698
2018-05-25 10:53:00,681.232954423
2018-05-25 10:54:00,662.598403873
2018-05-25 10:55:00,662.598403873
2018-05-25 10:56:00,690.550229698
2018-05-25 10:57:00,690.550229698
2018-05-25 10:58:00,709.184780248
2018-05-25 10:59:00,727.819330798
2018-05-25 11:00:00,699.867504973
2018-05-25 11:01:00,718.502055523
2018-05-25 11:02:00,718.502055523
2018-05-25 11:03:00,718.502055523
2018-05-25 11:04:00,718.502055523
2018-05-25 11:05:00,727.819330798
2018-05-25 11:06:00,746.453881348
2018-05-25 11:07:00,718.502055523
2018-05-25 11:08:00,718.502055523
2018-05-25 11:09:00,746.453881348
2018-05-25 11:10:00,727.819330798
2018-05-25 11:11:00,727.819330798
2018-05-25 11:12:00,727.819330798
2018-05-25 11:13:00,727.819330798
2018-05-25 11:14:00,765.088431898
2018-05-25 11:15:00,765.088431898
2018-05-25 11:16:00,755.771156623
2018-05-25 11:17:00,755.771156623
2018-05-25 11:18:00,755.771156623
2018-05-25 11:19:00,755.771156623
2018-05-25 11:20:00,755.771156623
2018-05-25 11:21:00,755.771156623
2018-05-25 11:22:00,755.771156623
2018-05-25 11:23:00,755.771156623
2018-05-25 11:24:00,755.771156623
2018-05-25 11:25:00,755.771156623
2018-05-25 11:26:00,755.771156623
2018-05-25 11:27:00,755.771156623
2018-05-25 11:28:00,755.771156623
2018-05-25 11:29:00,755.771156623
2018-05-25 11:30:00,755.771156623
2018-05-25 11:31:00,755.771156623
2018-05-25 11:32:00,755.771156623
2018-05-25 11:33:00,765.088431898
2018-05-25 11:34:00,765.088431898
2018-05-25 11:35:00,765.088431898
2018-05-25 11:36:00,755.771156623
2018-05-25 11:37:00,774.405707173
2018-05-25 11:38:00,774.405707173
2018-05-25 11:39:00,746.453881348
2018-05-25 11:40:00,746.453881348
2018-05-25 11:41:00,746.453881348
2018-05-25 11:42:00,765.088431898
2018-05-25 11:43:00,765.088431898
2018-05-25 11:44:00,765.088431898
2018-05-25 11:45:00,746.453881348
2018-05-25 11:46:00,746.453881348
2018-05-25 11:47:00,746.453881348
2018-05-25 11:48:00,737.136606073
2018-05-25 11:49:00,709.184780248
2018-05-25 11:50:00,709.184780248
2018-05-25 11:51:00,699.867504973
2018-05-25 11:52:00,699.867504973
2018-05-25 11:53:00,681.232954423
2018-05-25 11:54:00,681.232954423
2018-05-25 11:55:00,681.232954423
2018-05-25 11:56:00,681.232954423
2018-05-25 11:57:00,681.232954423
2018-05-25 11:58:00,681.232954423
2018-05-25 11:59:00,662.598403873
2018-05-29 01:41:00,1041.26414426
2018-05-29 01:42:00,1088.91764866
2018-05-29 01:43:00,1088.91764866
2018-05-29 01:44:00,1088.91764866
2018-05-29 01:45:00,1098.44834954
2018-05-29 01:46:00,1098.44834954
2018-05-29 01:47:00,1098.44834954
2018-05-29 01:48:00,1088.91764866
2018-05-29 01:49:00,1088.91764866
2018-05-29 01:50:00,1088.91764866
2018-05-29 01:51:00,1098.44834954
2018-05-29 01:52:00,1088.91764866
2018-05-29 01:53:00,1088.91764866
2018-05-29 01:54:00,1088.91764866
2018-05-29 01:55:00,1088.91764866
2018-05-29 01:56:00,1060.32554602
2018-05-29 01:57:00,1069.8562469
2018-05-29 01:58:00,1069.8562469
2018-05-29 01:59:00,1069.8562469
2018-05-29 02:00:00,1069.8562469
2018-05-29 02:01:00,1107.97905042
2018-05-29 02:02:00,1136.57115307
2018-05-29 02:03:00,1146.10185395
2018-05-29 02:04:00,1117.50975131
2018-05-29 02:05:00,1117.50975131
2018-05-29 02:06:00,1117.50975131
2018-05-29 02:07:00,1117.50975131
2018-05-29 02:08:00,1069.8562469
2018-05-29 02:09:00,1069.8562469
2018-05-29 02:10:00,1050.79484514
2018-05-29 02:11:00,1041.26414426
2018-05-29 02:12:00,1060.32554602
2018-05-29 02:13:00,1060.32554602
2018-05-29 02:14:00,1060.32554602
2018-05-29 02:15:00,1041.26414426
2018-05-29 02:16:00,1003.14134073
2018-05-29 02:17:00,1003.14134073
2018-05-29 02:18:00,1060.32554602
2018-05-29 02:19:00,1060.32554602
2018-05-29 02:20:00,1050.79484514
2018-05-29 02:21:00,1022.20274249
2018-05-29 02:22:00,1022.20274249
2018-05-29 02:23:00,1003.14134073
2018-05-29 02:24:00,1003.14134073
2018-05-29 02:25:00,1003.14134073
2018-05-29 02:26:00,1003.14134073
2018-05-29 02:27:00,1003.14134073
2018-05-29 02:28:00,993.61063985
2018-05-29 02:29:00,1003.14134073
2018-05-29 02:30:00,1003.14134073
2018-05-29 02:31:00,1003.14134073
2018-05-29 02:32:00,1022.20274249
2018-05-29 02:33:00,1031.73344337
2018-05-29 02:34:00,1050.79484514
2018-05-29 02:35:00,1060.32554602
2018-05-29 02:36:00,1088.91764866
2018-05-29 02:37:00,1069.8562469
2018-05-29 02:38:00,1069.8562469
2018-05-29 02:39:00,1088.91764866
2018-05-29 02:40:00,1088.91764866
2018-05-29 02:41:00,1079.38694778
2018-05-29 02:42:00,1117.50975131
2018-05-29 02:43:00,1098.44834954
2018-05-29 02:44:00,1117.50975131
2018-05-29 02:45:00,1107.97905042
2018-05-29 02:46:00,1127.04045219
2018-05-29 02:47:00,1136.57115307
2018-05-29 02:48:00,1136.57115307
2018-05-29 02:49:00,1136.57115307
2018-05-29 02:50:00,1155.63255483
2018-05-29 02:51:00,1146.10185395
2018-05-29 02:52:00,1155.63255483
2018-05-29 02:53:00,1155.63255483
2018-05-29 02:54:00,1155.63255483
2018-05-29 02:55:00,1155.63255483
2018-05-29 02:56:00,1174.69395659
2018-05-29 02:57:00,1193.75535836
2018-05-29 02:58:00,1184.22465747
2018-05-29 02:59:00,1203.28605924
2018-05-29 03:00:00,1203.28605924
2018-05-29 03:01:00,1231.87816188
2018-05-29 03:02:00,1270.00096541
2018-05-29 03:03:00,1270.00096541
2018-05-29 03:04:00,1270.00096541
2018-05-29 03:05:00,1298.59306805
2018-05-29 03:06:00,1308.12376893
2018-05-29 03:07:00,1308.12376893
2018-05-29 03:08:00,1308.12376893
2018-05-29 03:09:00,1308.12376893
2018-05-29 03:10:00,1308.12376893
2018-05-29 03:11:00,1308.12376893
2018-05-29 03:12:00,1298.59306805
2018-05-29 03:13:00,1298.59306805
2018-05-29 03:14:00,1298.59306805
2018-05-29 03:15:00,1298.59306805
2018-05-29 03:16:00,1308.12376893
2018-05-29 03:17:00,1346.24657246
2018-05-29 03:18:00,1336.71587157
2018-05-29 03:19:00,1346.24657246
2018-05-29 03:20:00,1346.24657246
2018-05-29 03:21:00,1365.30797422
2018-05-29 03:22:00,1374.8386751
2018-05-29 03:23:00,1384.36937598
2018-05-29 03:24:00,1393.90007686
2018-05-29 03:25:00,1384.36937598
2018-05-29 03:26:00,1422.49217951
2018-05-29 03:27:00,1441.55358127
2018-05-29 03:28:00,1451.08428215
2018-05-29 03:29:00,1498.73778656
2018-05-29 03:30:00,1555.92199184
2018-05-29 03:31:00,1651.22900066
2018-05-29 03:32:00,1756.06671035
2018-05-29 03:33:00,1765.59741123
2018-05-29 03:34:00,1813.25091564
2018-05-29 03:35:00,1832.3123174
2018-05-29 03:36:00,1803.72021476
2018-05-29 03:37:00,1784.65881299
2018-05-29 03:38:00,1689.35180418
2018-05-29 03:39:00,1670.29040242
2018-05-29 03:40:00,1508.26848744
2018-05-29 03:41:00,1517.79918832
2018-05-29 03:42:00,1498.73778656
2018-05-29 03:43:00,1470.14568391
2018-05-29 03:44:00,1412.96147862
2018-05-29 03:45:00,1374.8386751
2018-05-29 03:46:00,1412.96147862
2018-05-29 03:47:00,1422.49217951
2018-05-29 03:48:00,1393.90007686
2018-05-29 03:49:00,1432.02288039
2018-05-29 03:50:00,1422.49217951
2018-05-29 03:51:00,1412.96147862
2018-05-29 03:52:00,1432.02288039
2018-05-29 03:53:00,1479.67638479
2018-05-29 03:54:00,1479.67638479
2018-05-29 03:55:00,1479.67638479
2018-05-29 03:56:00,1393.90007686
2018-05-29 03:57:00,1412.96147862
2018-05-29 03:58:00,1432.02288039
2018-05-29 03:59:00,1355.77727334
2018-05-29 04:00:00,1393.90007686
2018-05-29 04:01:00,1432.02288039
2018-05-29 04:02:00,1412.96147862
2018-05-29 04:03:00,1412.96147862
2018-05-29 04:04:00,1355.77727334
2018-05-29 04:05:00,1422.49217951
2018-05-29 04:06:00,1441.55358127
2018-05-29 04:07:00,1412.96147862
2018-05-29 04:08:00,1412.96147862
2018-05-29 04:09:00,1393.90007686
2018-05-29 04:10:00,1317.65446981
2018-05-29 04:11:00,1308.12376893
2018-05-29 04:12:00,1260.47026452
2018-05-29 04:13:00,1260.47026452
2018-05-29 04:14:00,1270.00096541
2018-05-29 04:15:00,1270.00096541
2018-05-29 04:16:00,1260.47026452
2018-05-29 04:17:00,1270.00096541
2018-05-29 04:18:00,1289.06236717
2018-05-29 04:19:00,1346.24657246
2018-05-29 04:20:00,1327.18517069
2018-05-29 04:21:00,1317.65446981
2018-05-29 04:22:00,1308.12376893
2018-05-29 04:23:00,1308.12376893
2018-05-29 04:24:00,1308.12376893
2018-05-29 04:25:00,1308.12376893
2018-05-29 04:26:00,1298.59306805
2018-05-29 04:27:00,1308.12376893
2018-05-29 04:28:00,1327.18517069
2018-05-29 04:29:00,1327.18517069
2018-05-29 04:30:00,1317.65446981
2018-05-29 04:31:00,1336.71587157
2018-05-29 04:32:00,1327.18517069
2018-05-29 04:33:00,1308.12376893
2018-05-29 04:34:00,1241.40886276
2018-05-29 04:35:00,1193.75535836
2018-05-29 04:36:00,1193.75535836
2018-05-29 04:37:00,1184.22465747
2018-05-29 04:38:00,1184.22465747
2018-05-29 04:39:00,1212.81676012
2018-05-29 04:40:00,1184.22465747
2018-05-29 04:41:00,1165.16325571
2018-05-29 04:42:00,1203.28605924
2018-05-29 04:43:00,1222.347461
2018-05-29 04:44:00,1279.53166629
2018-05-29 04:45:00,1327.18517069
2018-05-29 04:46:00,1327.18517069
2018-05-29 04:47:00,1317.65446981
2018-05-29 04:48:00,1250.93956364
2018-05-29 04:49:00,1231.87816188
2018-05-29 04:50:00,1231.87816188
2018-05-29 04:51:00,1212.81676012
2018-05-29 04:52:00,1212.81676012
2018-05-29 04:53:00,1212.81676012
2018-05-29 04:54:00,1212.81676012
2018-05-29 04:55:00,1212.81676012
2018-05-29 04:56:00,1193.75535836
2018-05-29 04:57:00,1155.63255483
2018-05-29 04:58:00,1107.97905042
2018-05-29 04:59:00,1098.44834954
2018-05-29 05:00:00,1136.57115307
2018-05-29 05:01:00,1127.04045219
2018-05-29 05:02:00,1098.44834954
2018-05-29 05:03:00,1088.91764866
2018-05-29 05:04:00,1088.91764866
2018-05-29 05:05:00,1088.91764866
2018-05-29 05:06:00,1079.38694778
2018-05-29 05:07:00,1079.38694778
2018-05-29 05:08:00,1069.8562469
2018-05-29 05:09:00,1031.73344337
2018-05-29 05:10:00,1022.20274249
2018-05-29 05:11:00,1003.14134073
2018-05-29 05:12:00,1022.20274249
2018-05-29 05:13:00,1022.20274249
2018-05-29 05:14:00,1041.26414426
2018-05-29 05:15:00,1069.8562469
2018-05-29 05:16:00,1098.44834954
2018-05-29 05:17:00,1127.04045219
2018-05-29 05:18:00,1155.63255483
2018-05-29 05:19:00,1165.16325571
2018-05-29 05:20:00,1165.16325571
2018-05-29 05:21:00,1165.16325571
2018-05-29 05:22:00,1155.63255483
2018-05-29 05:23:00,1174.69395659
2018-05-29 05:24:00,1174.69395659
2018-05-29 05:25:00,1241.40886276
2018-05-29 05:26:00,1222.347461
2018-05-29 05:27:00,1231.87816188
2018-05-29 05:28:00,1203.28605924
2018-05-29 05:29:00,1203.28605924
2018-05-29 05:30:00,1184.22465747
2018-05-29 05:31:00,1212.81676012
2018-05-29 05:32:00,1212.81676012
2018-05-29 05:33:00,1231.87816188
2018-05-29 05:34:00,1212.81676012
2018-05-29 05:35:00,1155.63255483
2018-05-29 05:36:00,1184.22465747
2018-05-29 05:37:00,1193.75535836
2018-05-29 05:38:00,1193.75535836
2018-05-29 05:39:00,1174.69395659
2018-05-29 05:40:00,1165.16325571
2018-05-29 05:41:00,1165.16325571
2018-05-29 05:42:00,1165.16325571
2018-05-29 05:43:00,1165.16325571
2018-05-29 05:44:00,1165.16325571
2018-05-29 05:45:00,1193.75535836
2018-05-29 05:46:00,1212.81676012
2018-05-29 05:47:00,1174.69395659
2018-05-29 05:48:00,1184.22465747
2018-05-29 05:49:00,1193.75535836
2018-05-29 05:50:00,1193.75535836
2018-05-29 05:51:00,1193.75535836
2018-05-29 05:52:00,1184.22465747
2018-05-29 05:53:00,1174.69395659
2018-05-29 05:54:00,1184.22465747
2018-05-29 05:55:00,1174.69395659
2018-05-29 05:56:00,1193.75535836
2018-05-29 05:57:00,1193.75535836
2018-05-29 05:58:00,1203.28605924
2018-05-29 05:59:00,1193.75535836
2018-05-29 06:00:00,1212.81676012
2018-05-29 06:01:00,1203.28605924
2018-05-29 06:02:00,1203.28605924
2018-05-29 06:03:00,1212.81676012
2018-05-29 06:04:00,1193.75535836
2018-05-29 06:05:00,1222.347461
2018-05-29 06:06:00,1231.87816188
2018-05-29 06:07:00,1298.59306805
2018-05-29 06:08:00,1298.59306805
2018-05-29 06:09:00,1241.40886276
2018-05-29 06:10:00,1241.40886276
2018-05-29 06:11:00,1260.47026452
2018-05-29 06:12:00,1260.47026452
2018-05-29 06:13:00,1250.93956364
2018-05-29 06:14:00,1231.87816188
2018-05-29 06:15:00,1212.81676012
2018-05-29 06:16:00,1193.75535836
2018-05-29 06:17:00,1146.10185395
2018-05-29 06:18:00,1136.57115307
2018-05-29 06:19:00,1155.63255483
2018-05-29 06:20:00,1155.63255483
2018-05-29 06:21:00,1155.63255483
2018-05-29 06:22:00,1165.16325571
2018-05-29 06:23:00,1184.22465747
2018-05-29 06:24:00,1184.22465747
2018-05-29 06:25:00,1184.22465747
2018-05-29 06:26:00,1184.22465747
2018-05-29 06:27:00,1174.69395659
2018-05-29 06:28:00,1155.63255483
2018-05-29 06:29:00,1174.69395659
2018-05-29 06:30:00,1155.63255483
2018-05-29 06:31:00,1136.57115307
2018-05-29 06:32:00,1107.97905042
2018-05-29 06:33:00,1107.97905042
2018-05-29 06:34:00,1136.57115307
2018-05-29 06:35:00,1136.57115307
2018-05-29 06:36:00,1117.50975131
2018-05-29 06:37:00,1136.57115307
2018-05-29 06:38:00,1136.57115307
2018-05-29 06:39:00,1146.10185395
2018-05-29 06:40:00,1146.10185395
2018-05-29 06:41:00,1146.10185395
2018-05-29 06:42:00,1146.10185395
2018-05-29 06:43:00,1146.10185395
2018-05-29 06:44:00,1136.57115307
2018-05-29 06:45:00,1117.50975131
2018-05-29 06:46:00,1127.04045219
2018-05-29 06:47:00,1117.50975131
2018-05-29 06:48:00,1136.57115307
2018-05-29 06:49:00,1127.04045219
2018-05-29 06:50:00,1127.04045219
2018-05-29 06:51:00,1127.04045219
2018-05-29 06:52:00,1127.04045219
2018-05-29 06:53:00,1107.97905042
2018-05-29 06:54:00,1088.91764866
2018-05-29 06:55:00,1079.38694778
2018-05-29 06:56:00,1088.91764866
2018-05-29 06:57:00,1079.38694778
2018-05-29 06:58:00,1079.38694778
2018-05-29 06:59:00,1069.8562469
2018-05-29 07:00:00,1069.8562469
2018-05-29 07:01:00,1088.91764866
2018-05-29 07:02:00,1088.91764866
2018-05-29 07:03:00,1079.38694778
2018-05-29 07:04:00,1088.91764866
2018-05-29 07:05:00,1088.91764866
2018-05-29 07:06:00,1088.91764866
2018-05-29 07:07:00,1069.8562469
2018-05-29 07:08:00,1079.38694778
2018-05-29 07:09:00,1069.8562469
2018-05-29 07:10:00,993.61063985
2018-05-29 07:11:00,993.61063985
2018-05-29 07:12:00,993.61063985
2018-05-29 07:13:00,993.61063985
2018-05-29 07:14:00,984.079938968
2018-05-29 07:15:00,1003.14134073
2018-05-29 07:16:00,1012.67204161
2018-05-29 07:17:00,1012.67204161
2018-05-29 07:18:00,1012.67204161
2018-05-29 07:19:00,984.079938968
2018-05-29 07:20:00,974.549238087
2018-05-29 07:21:00,965.018537206
2018-05-29 07:22:00,945.957135443
2018-05-29 07:23:00,926.895733681
2018-05-29 07:24:00,936.426434562
2018-05-29 07:25:00,945.957135443
2018-05-29 07:26:00,945.957135443
2018-05-29 07:27:00,955.487836325
2018-05-29 07:28:00,955.487836325
2018-05-29 07:29:00,974.549238087
2018-05-29 07:30:00,993.61063985
2018-05-29 07:31:00,993.61063985
2018-05-29 07:32:00,1012.67204161
2018-05-29 07:33:00,974.549238087
2018-05-29 07:34:00,965.018537206
2018-05-29 07:35:00,955.487836325
2018-05-29 07:36:00,955.487836325
2018-05-29 07:37:00,955.487836325
2018-05-29 07:38:00,955.487836325
2018-05-29 07:39:00,945.957135443
2018-05-29 07:40:00,926.895733681
2018-05-29 07:41:00,926.895733681
2018-05-29 07:42:00,907.834331918
2018-05-29 07:43:00,926.895733681
2018-05-29 07:44:00,907.834331918
2018-05-29 07:45:00,926.895733681
2018-05-29 07:46:00,936.426434562
2018-05-29 07:47:00,926.895733681
2018-05-29 07:48:00,869.711528393
2018-05-29 07:49:00,812.527323106
2018-05-29 07:50:00,841.11942575
2018-05-29 07:51:00,860.180827512
2018-05-29 07:52:00,879.242229275
2018-05-29 07:53:00,879.242229275
2018-05-29 07:54:00,936.426434562
2018-05-29 07:55:00,936.426434562
2018-05-29 07:56:00,917.3650328
2018-05-29 07:57:00,936.426434562
2018-05-29 07:58:00,917.3650328
2018-05-29 07:59:00,917.3650328
2018-05-29 08:00:00,936.426434562
2018-05-29 08:01:00,917.3650328
2018-05-29 08:02:00,917.3650328
2018-05-29 08:03:00,936.426434562
2018-05-29 08:04:00,917.3650328
2018-05-29 08:05:00,907.834331918
2018-05-29 08:06:00,917.3650328
2018-05-29 08:07:00,907.834331918
2018-05-29 08:08:00,917.3650328
2018-05-29 08:09:00,936.426434562
2018-05-29 08:10:00,936.426434562
2018-05-29 08:11:00,945.957135443
2018-05-29 08:12:00,974.549238087
2018-05-29 08:13:00,974.549238087
2018-05-29 08:14:00,1003.14134073
2018-05-29 08:15:00,1012.67204161
2018-05-29 08:16:00,1050.79484514
2018-05-29 08:17:00,1079.38694778
2018-05-29 08:18:00,1079.38694778
2018-05-29 08:19:00,1098.44834954
2018-05-29 08:20:00,1088.91764866
2018-05-29 08:21:00,1098.44834954
2018-05-29 08:22:00,1088.91764866
2018-05-29 08:23:00,1098.44834954
2018-05-29 08:24:00,1088.91764866
2018-05-29 08:25:00,1107.97905042
2018-05-29 08:26:00,1098.44834954
2018-05-29 08:27:00,1098.44834954
2018-05-29 08:28:00,1088.91764866
2018-05-29 08:29:00,1088.91764866
2018-05-29 08:30:00,1088.91764866
2018-05-29 08:31:00,1088.91764866
2018-05-29 08:32:00,1107.97905042
2018-05-29 08:33:00,1088.91764866
2018-05-29 08:34:00,1088.91764866
2018-05-29 08:35:00,1088.91764866
2018-05-29 08:36:00,1088.91764866
2018-05-29 08:37:00,1069.8562469
2018-05-29 08:38:00,1079.38694778
2018-05-29 08:39:00,1079.38694778
2018-05-29 08:40:00,1079.38694778
2018-05-29 08:41:00,1031.73344337
2018-05-29 08:42:00,1022.20274249
2018-05-29 08:43:00,1031.73344337
2018-05-29 08:44:00,1031.73344337
2018-05-29 08:45:00,1031.73344337
2018-05-29 08:46:00,993.61063985
2018-05-29 08:47:00,993.61063985
2018-05-29 08:48:00,993.61063985
2018-05-29 08:49:00,993.61063985
2018-05-29 08:50:00,974.549238087
2018-05-29 08:51:00,974.549238087
2018-05-29 08:52:00,955.487836325
2018-05-29 08:53:00,955.487836325
2018-05-29 08:54:00,984.079938968
2018-05-29 08:55:00,974.549238087
2018-05-29 08:56:00,993.61063985
2018-05-29 08:57:00,955.487836325
2018-05-29 08:58:00,955.487836325
2018-05-29 08:59:00,955.487836325
2018-05-29 09:00:00,955.487836325
2018-05-29 09:01:00,955.487836325
2018-05-29 09:02:00,869.711528393
2018-05-29 09:03:00,917.3650328
2018-05-29 09:04:00,936.426434562
2018-05-29 09:05:00,955.487836325
2018-05-29 09:06:00,955.487836325
2018-05-29 09:07:00,936.426434562
2018-05-29 09:08:00,955.487836325
2018-05-29 09:09:00,955.487836325
2018-05-29 09:10:00,955.487836325
2018-05-29 09:11:00,955.487836325
2018-05-29 09:12:00,955.487836325
2018-05-29 09:13:00,974.549238087
2018-05-29 09:14:00,974.549238087
2018-05-29 09:15:00,974.549238087
2018-05-29 09:16:00,955.487836325
2018-05-29 09:17:00,974.549238087
2018-05-29 09:18:00,974.549238087
2018-05-29 09:19:00,974.549238087
2018-05-29 09:20:00,974.549238087
2018-05-29 09:21:00,993.61063985
2018-05-29 09:22:00,974.549238087
2018-05-29 09:23:00,936.426434562
2018-05-29 09:24:00,936.426434562
2018-05-29 09:25:00,955.487836325
2018-05-29 09:26:00,955.487836325
2018-05-29 09:27:00,955.487836325
2018-05-29 09:28:00,974.549238087
2018-05-29 09:29:00,860.180827512
2018-05-29 09:30:00,917.3650328
2018-05-29 09:31:00,936.426434562
2018-05-29 09:32:00,936.426434562
2018-05-29 09:33:00,917.3650328
2018-05-29 09:34:00,907.834331918
2018-05-29 09:35:00,917.3650328
2018-05-29 09:36:00,898.303631037
2018-05-29 09:37:00,917.3650328
2018-05-29 09:38:00,917.3650328
2018-05-29 09:39:00,907.834331918
2018-05-29 09:40:00,917.3650328
2018-05-29 09:41:00,926.895733681
2018-05-29 09:42:00,945.957135443
2018-05-29 09:43:00,945.957135443
2018-05-29 09:44:00,984.079938968
2018-05-29 09:45:00,984.079938968
2018-05-29 09:46:00,1003.14134073
2018-05-29 09:47:00,1003.14134073
2018-05-29 09:48:00,1003.14134073
2018-05-29 09:49:00,965.018537206
2018-05-29 09:50:00,974.549238087
2018-05-29 09:51:00,993.61063985
2018-05-29 09:52:00,1012.67204161
2018-05-29 09:53:00,965.018537206
2018-05-29 09:54:00,1003.14134073
2018-05-29 09:55:00,1003.14134073
2018-05-29 09:56:00,1012.67204161
2018-05-29 09:57:00,1012.67204161
2018-05-29 09:58:00,1012.67204161
2018-05-29 09:59:00,1012.67204161
2018-05-29 10:00:00,1012.67204161
2018-05-29 10:01:00,1041.26414426
2018-05-29 10:02:00,1050.79484514
2018-05-29 10:03:00,1050.79484514
2018-05-29 10:04:00,1050.79484514
2018-05-29 10:05:00,1088.91764866
2018-05-29 10:06:00,1088.91764866
2018-05-29 10:07:00,1098.44834954
2018-05-29 10:08:00,1050.79484514
2018-05-29 10:09:00,1079.38694778
2018-05-29 10:10:00,1079.38694778
2018-05-29 10:11:00,1069.8562469
2018-05-29 10:12:00,1088.91764866
2018-05-29 10:13:00,1098.44834954
2018-05-29 10:14:00,1165.16325571
2018-05-29 10:15:00,1155.63255483
2018-05-29 10:16:00,1155.63255483
2018-05-29 10:17:00,1146.10185395
2018-05-29 10:18:00,1155.63255483
2018-05-29 10:19:00,1165.16325571
2018-05-29 10:20:00,1260.47026452
2018-05-29 10:21:00,1260.47026452
2018-05-29 10:22:00,1308.12376893
2018-05-29 10:23:00,1298.59306805
2018-05-29 10:24:00,1270.00096541
2018-05-29 10:25:00,1298.59306805
2018-05-29 10:26:00,1279.53166629
2018-05-29 10:27:00,1260.47026452
2018-05-29 10:28:00,1260.47026452
2018-05-29 10:29:00,1250.93956364
2018-05-29 10:30:00,1270.00096541
2018-05-29 10:31:00,1298.59306805
2018-05-29 10:32:00,1327.18517069
2018-05-29 10:33:00,1308.12376893
2018-05-29 10:34:00,1308.12376893
2018-05-29 10:35:00,1308.12376893
2018-05-29 10:36:00,1308.12376893
2018-05-29 10:37:00,1298.59306805
2018-05-29 10:38:00,1298.59306805
2018-05-29 10:39:00,1327.18517069
2018-05-29 10:40:00,1346.24657246
2018-05-29 10:41:00,1346.24657246
2018-05-29 10:42:00,1346.24657246
2018-05-29 10:43:00,1393.90007686
2018-05-29 10:44:00,1346.24657246
2018-05-29 10:45:00,1355.77727334
2018-05-29 10:46:00,1336.71587157
2018-05-29 10:47:00,1355.77727334
2018-05-29 10:48:00,1393.90007686
2018-05-29 10:49:00,1393.90007686
2018-05-29 10:50:00,1403.43077774
2018-05-29 10:51:00,1412.96147862
2018-05-29 10:52:00,1412.96147862
2018-05-29 10:53:00,1412.96147862
2018-05-29 10:54:00,1412.96147862
2018-05-29 10:55:00,1432.02288039
2018-05-29 10:56:00,1451.08428215
2018-05-29 10:57:00,1451.08428215
2018-05-29 10:58:00,1451.08428215
2018-05-29 10:59:00,1451.08428215
2018-05-29 11:00:00,1451.08428215
2018-05-29 11:01:00,1536.86059008
2018-05-29 11:02:00,1422.49217951
2018-05-29 11:03:00,1460.61498303
2018-05-29 11:04:00,1470.14568391
2018-05-29 11:05:00,1470.14568391
2018-05-29 11:06:00,1470.14568391
2018-05-29 11:07:00,1470.14568391
2018-05-29 11:08:00,1451.08428215
2018-05-29 11:09:00,1460.61498303
2018-05-29 11:10:00,1470.14568391
2018-05-29 11:11:00,1470.14568391
2018-05-29 11:12:00,1489.20708567
2018-05-29 11:13:00,1470.14568391
2018-05-29 11:14:00,1489.20708567
2018-05-29 11:15:00,1489.20708567
2018-05-29 11:16:00,1489.20708567
2018-05-29 11:17:00,1470.14568391
2018-05-29 11:18:00,1470.14568391
2018-05-29 11:19:00,1403.43077774
2018-05-29 11:20:00,1432.02288039
2018-05-29 11:21:00,1432.02288039
2018-05-29 11:22:00,1432.02288039
2018-05-29 11:23:00,1422.49217951
2018-05-29 11:24:00,1432.02288039
2018-05-29 11:25:00,1422.49217951
2018-05-29 11:26:00,1432.02288039
2018-05-29 11:27:00,1412.96147862
2018-05-29 11:28:00,1432.02288039
2018-05-29 11:29:00,1470.14568391
2018-05-29 11:30:00,1470.14568391
2018-05-29 11:31:00,1451.08428215
2018-05-29 11:32:00,1470.14568391
2018-05-29 11:33:00,1451.08428215
2018-05-29 11:34:00,1451.08428215
2018-05-29 11:35:00,1441.55358127
2018-05-29 11:36:00,1432.02288039
2018-05-29 11:37:00,1412.96147862
2018-05-29 11:38:00,1412.96147862
2018-05-29 11:39:00,1412.96147862
2018-05-29 11:40:00,1393.90007686
2018-05-29 11:41:00,1374.8386751
2018-05-29 11:42:00,1393.90007686
2018-05-29 11:43:00,1374.8386751
2018-05-29 11:44:00,1374.8386751
2018-05-29 11:45:00,1374.8386751
2018-05-29 11:46:00,1374.8386751
2018-05-29 11:47:00,1374.8386751
2018-05-29 11:48:00,1374.8386751
2018-05-29 11:49:00,1374.8386751
2018-05-29 11:50:00,1393.90007686
2018-05-29 11:51:00,1393.90007686
2018-05-29 11:52:00,1412.96147862
2018-05-29 11:53:00,1393.90007686
2018-05-29 11:54:00,1412.96147862
2018-05-29 11:55:00,1432.02288039
2018-05-29 11:56:00,1432.02288039
2018-05-29 11:57:00,1460.61498303
2018-05-29 11:58:00,1470.14568391
2018-05-29 11:59:00,1451.08428215
2018-05-30 01:29:00,1927.61932621
2018-05-30 01:30:00,1927.61932621
2018-05-30 01:31:00,1927.61932621
2018-05-30 01:32:00,1927.61932621
2018-05-30 01:33:00,1927.61932621
2018-05-30 01:34:00,1927.61932621
2018-05-30 01:35:00,1927.61932621
2018-05-30 01:36:00,1146.10185395
2018-05-30 01:37:00,1146.10185395
2018-05-30 01:38:00,1146.10185395
2018-05-30 01:39:00,1146.10185395
2018-05-30 01:40:00,1146.10185395
2018-05-30 01:41:00,1165.16325571
2018-05-30 01:42:00,1165.16325571
2018-05-30 01:43:00,1165.16325571
2018-05-30 01:44:00,1165.16325571
2018-05-30 01:45:00,1117.50975131
2018-05-30 01:46:00,1136.57115307
2018-05-30 01:47:00,1136.57115307
2018-05-30 01:48:00,1107.97905042
2018-05-30 01:49:00,1146.10185395
2018-05-30 01:50:00,1136.57115307
2018-05-30 01:51:00,1117.50975131
2018-05-30 01:52:00,1107.97905042
2018-05-30 01:53:00,1107.97905042
2018-05-30 01:54:00,1107.97905042
2018-05-30 01:55:00,1107.97905042
2018-05-30 01:56:00,1107.97905042
2018-05-30 01:57:00,1107.97905042
2018-05-30 01:58:00,1107.97905042
2018-05-30 01:59:00,1107.97905042
2018-05-30 02:00:00,1107.97905042
2018-05-30 02:01:00,1117.50975131
2018-05-30 02:02:00,1107.97905042
2018-05-30 02:03:00,1098.44834954
2018-05-30 02:04:00,1088.91764866
2018-05-30 02:05:00,1098.44834954
2018-05-30 02:06:00,1107.97905042
2018-05-30 02:07:00,1107.97905042
2018-05-30 02:08:00,1098.44834954
2018-05-30 02:09:00,1088.91764866
2018-05-30 02:10:00,1098.44834954
2018-05-30 02:11:00,1098.44834954
2018-05-30 02:12:00,1107.97905042
2018-05-30 02:13:00,1117.50975131
2018-05-30 02:14:00,1136.57115307
2018-05-30 02:15:00,1107.97905042
2018-05-30 02:16:00,1117.50975131
2018-05-30 02:17:00,1107.97905042
2018-05-30 02:18:00,1107.97905042
2018-05-30 02:19:00,1107.97905042
2018-05-30 02:20:00,1098.44834954
2018-05-30 02:21:00,1088.91764866
2018-05-30 02:22:00,1088.91764866
2018-05-30 02:23:00,1088.91764866
2018-05-30 02:24:00,1060.32554602
2018-05-30 02:25:00,1069.8562469
2018-05-30 02:26:00,1050.79484514
2018-05-30 02:27:00,1031.73344337
2018-05-30 02:28:00,1050.79484514
2018-05-30 02:29:00,1069.8562469
2018-05-30 02:30:00,1050.79484514
2018-05-30 02:31:00,1050.79484514
2018-05-30 02:32:00,1069.8562469
2018-05-30 02:33:00,1069.8562469
2018-05-30 02:34:00,1069.8562469
2018-05-30 02:35:00,1088.91764866
2018-05-30 02:36:00,1069.8562469
2018-05-30 02:37:00,1088.91764866
2018-05-30 02:38:00,1088.91764866
2018-05-30 02:39:00,1088.91764866
2018-05-30 02:40:00,1107.97905042
2018-05-30 02:41:00,1107.97905042
2018-05-30 02:42:00,1107.97905042
2018-05-30 02:43:00,1107.97905042
2018-05-30 02:44:00,1117.50975131
2018-05-30 02:45:00,1117.50975131
2018-05-30 02:46:00,1107.97905042
2018-05-30 02:47:00,1117.50975131
2018-05-30 02:48:00,1107.97905042
2018-05-30 02:49:00,1107.97905042
2018-05-30 02:50:00,1107.97905042
2018-05-30 02:51:00,1117.50975131
2018-05-30 02:52:00,1117.50975131
2018-05-30 02:53:00,1117.50975131
2018-05-30 02:54:00,1117.50975131
2018-05-30 02:55:00,1117.50975131
2018-05-30 02:56:00,1098.44834954
2018-05-30 02:57:00,1107.97905042
2018-05-30 02:58:00,1117.50975131
2018-05-30 02:59:00,1107.97905042
2018-05-30 03:00:00,1098.44834954
2018-05-30 03:01:00,1107.97905042
2018-05-30 03:02:00,1098.44834954
2018-05-30 03:03:00,1098.44834954
2018-05-30 03:04:00,1098.44834954
2018-05-30 03:05:00,1098.44834954
2018-05-30 03:06:00,1098.44834954
2018-05-30 03:07:00,1155.63255483
2018-05-30 03:08:00,1165.16325571
2018-05-30 03:09:00,1146.10185395
2018-05-30 03:10:00,1127.04045219
2018-05-30 03:11:00,1155.63255483
2018-05-30 03:12:00,1155.63255483
2018-05-30 03:13:00,1136.57115307
2018-05-30 03:14:00,1127.04045219
2018-05-30 03:15:00,1127.04045219
2018-05-30 03:16:00,1155.63255483
2018-05-30 03:17:00,1136.57115307
2018-05-30 03:18:00,1155.63255483
2018-05-30 03:19:00,1127.04045219
2018-05-30 03:20:00,1136.57115307
2018-05-30 03:21:00,1136.57115307
2018-05-30 03:22:00,1127.04045219
2018-05-30 03:23:00,1127.04045219
2018-05-30 03:24:00,1184.22465747
2018-05-30 03:25:00,1165.16325571
2018-05-30 03:26:00,1174.69395659
2018-05-30 03:27:00,1174.69395659
2018-05-30 03:28:00,1203.28605924
2018-05-30 03:29:00,1203.28605924
2018-05-30 03:30:00,1222.347461
2018-05-30 03:31:00,1222.347461
2018-05-30 03:32:00,1212.81676012
2018-05-30 03:33:00,1212.81676012
2018-05-30 03:34:00,1203.28605924
2018-05-30 03:35:00,1212.81676012
2018-05-30 03:36:00,1212.81676012
2018-05-30 03:37:00,1212.81676012
2018-05-30 03:38:00,1231.87816188
2018-05-30 03:39:00,1241.40886276
2018-05-30 03:40:00,1289.06236717
2018-05-30 03:41:00,1308.12376893
2018-05-30 03:42:00,1289.06236717
2018-05-30 03:43:00,1308.12376893
2018-05-30 03:44:00,1308.12376893
2018-05-30 03:45:00,1365.30797422
2018-05-30 03:46:00,1384.36937598
2018-05-30 03:47:00,1403.43077774
2018-05-30 03:48:00,1384.36937598
2018-05-30 03:49:00,1384.36937598
2018-05-30 03:50:00,1403.43077774
2018-05-30 03:51:00,1422.49217951
2018-05-30 03:52:00,1403.43077774
2018-05-30 03:53:00,1365.30797422
2018-05-30 03:54:00,1346.24657246
2018-05-30 03:55:00,1327.18517069
2018-05-30 03:56:00,1298.59306805
2018-05-30 03:57:00,1270.00096541
2018-05-30 03:58:00,1212.81676012
2018-05-30 03:59:00,1231.87816188
2018-05-30 04:00:00,1231.87816188
2018-05-30 04:01:00,1212.81676012
2018-05-30 04:02:00,1193.75535836
2018-05-30 04:03:00,1203.28605924
2018-05-30 04:04:00,1193.75535836
2018-05-30 04:05:00,1212.81676012
2018-05-30 04:06:00,1231.87816188
2018-05-30 04:07:00,1250.93956364
2018-05-30 04:08:00,1270.00096541
2018-05-30 04:09:00,1270.00096541
2018-05-30 04:10:00,1270.00096541
2018-05-30 04:11:00,1279.53166629
2018-05-30 04:12:00,1270.00096541
2018-05-30 04:13:00,1270.00096541
2018-05-30 04:14:00,1270.00096541
2018-05-30 04:15:00,1270.00096541
2018-05-30 04:16:00,1250.93956364
2018-05-30 04:17:00,1260.47026452
2018-05-30 04:18:00,1289.06236717
2018-05-30 04:19:00,1298.59306805
2018-05-30 04:20:00,1279.53166629
2018-05-30 04:21:00,1193.75535836
2018-05-30 04:22:00,1222.347461
2018-05-30 04:23:00,1241.40886276
2018-05-30 04:24:00,1241.40886276
2018-05-30 04:25:00,1231.87816188
2018-05-30 04:26:00,1231.87816188
2018-05-30 04:27:00,1193.75535836
2018-05-30 04:28:00,1212.81676012
2018-05-30 04:29:00,1250.93956364
2018-05-30 04:30:00,1250.93956364
2018-05-30 04:31:00,1260.47026452
2018-05-30 04:32:00,1289.06236717
2018-05-30 04:33:00,1374.8386751
2018-05-30 04:34:00,1384.36937598
2018-05-30 04:35:00,1365.30797422
2018-05-30 04:36:00,1289.06236717
2018-05-30 04:37:00,1289.06236717
2018-05-30 04:38:00,1298.59306805
2018-05-30 04:39:00,1308.12376893
2018-05-30 04:40:00,1308.12376893
2018-05-30 04:41:00,1308.12376893
2018-05-30 04:42:00,1298.59306805
2018-05-30 04:43:00,1308.12376893
2018-05-30 04:44:00,1289.06236717
2018-05-30 04:45:00,1289.06236717
2018-05-30 04:46:00,1289.06236717
2018-05-30 04:47:00,1279.53166629
2018-05-30 04:48:00,1289.06236717
2018-05-30 04:49:00,1289.06236717
2018-05-30 04:50:00,1289.06236717
2018-05-30 04:51:00,1308.12376893
2018-05-30 04:52:00,1289.06236717
2018-05-30 04:53:00,1250.93956364
2018-05-30 04:54:00,1250.93956364
2018-05-30 04:55:00,1250.93956364
2018-05-30 04:56:00,1241.40886276
2018-05-30 04:57:00,1241.40886276
2018-05-30 04:58:00,1203.28605924
2018-05-30 04:59:00,1193.75535836
2018-05-30 05:00:00,1174.69395659
2018-05-30 05:01:00,1165.16325571
2018-05-30 05:02:00,1136.57115307
2018-05-30 05:03:00,1098.44834954
2018-05-30 05:04:00,1127.04045219
2018-05-30 05:05:00,1127.04045219
2018-05-30 05:06:00,1127.04045219
2018-05-30 05:07:00,1127.04045219
2018-05-30 05:08:00,1117.50975131
2018-05-30 05:09:00,1117.50975131
2018-05-30 05:10:00,1107.97905042
2018-05-30 05:11:00,1117.50975131
2018-05-30 05:12:00,1117.50975131
2018-05-30 05:13:00,1117.50975131
2018-05-30 05:14:00,1117.50975131
2018-05-30 05:15:00,1098.44834954
2018-05-30 05:16:00,1127.04045219
2018-05-30 05:17:00,1098.44834954
2018-05-30 05:18:00,1136.57115307
2018-05-30 05:19:00,1155.63255483
2018-05-30 05:20:00,1155.63255483
2018-05-30 05:21:00,1174.69395659
2018-05-30 05:22:00,1174.69395659
2018-05-30 05:23:00,1155.63255483
2018-05-30 05:24:00,1155.63255483
2018-05-30 05:25:00,1155.63255483
2018-05-30 05:26:00,1174.69395659
2018-05-30 05:27:00,1098.44834954
2018-05-30 05:28:00,1079.38694778
2018-05-30 05:29:00,1041.26414426
2018-05-30 05:30:00,1022.20274249
2018-05-30 05:31:00,1003.14134073
2018-05-30 05:32:00,1022.20274249
2018-05-30 05:33:00,1041.26414426
2018-05-30 05:34:00,1060.32554602
2018-05-30 05:35:00,1050.79484514
2018-05-30 05:36:00,1050.79484514
2018-05-30 05:37:00,1041.26414426
2018-05-30 05:38:00,1031.73344337
2018-05-30 05:39:00,1022.20274249
2018-05-30 05:40:00,1041.26414426
2018-05-30 05:41:00,1031.73344337
2018-05-30 05:42:00,1031.73344337
2018-05-30 05:43:00,1041.26414426
2018-05-30 05:44:00,1050.79484514
2018-05-30 05:45:00,1060.32554602
2018-05-30 05:46:00,1060.32554602
2018-05-30 05:47:00,1031.73344337
2018-05-30 05:48:00,1060.32554602
2018-05-30 05:49:00,1079.38694778
2018-05-30 05:50:00,1031.73344337
2018-05-30 05:51:00,1031.73344337
2018-05-30 05:52:00,1041.26414426
2018-05-30 05:53:00,1088.91764866
2018-05-30 05:54:00,1050.79484514
2018-05-30 05:55:00,1079.38694778
2018-05-30 05:56:00,1041.26414426
2018-05-30 05:57:00,1031.73344337
2018-05-30 05:58:00,1041.26414426
2018-05-30 05:59:00,1041.26414426
2018-05-30 06:00:00,1060.32554602
2018-05-30 06:01:00,1060.32554602
2018-05-30 06:02:00,1069.8562469
2018-05-30 06:03:00,1079.38694778
2018-05-30 06:04:00,1079.38694778
2018-05-30 06:05:00,1060.32554602
2018-05-30 06:06:00,1041.26414426
2018-05-30 06:07:00,1031.73344337
2018-05-30 06:08:00,850.650126631
2018-05-30 06:09:00,888.772930156
2018-05-30 06:10:00,869.711528393
2018-05-30 06:11:00,926.895733681
2018-05-30 06:12:00,926.895733681
2018-05-30 06:13:00,936.426434562
2018-05-30 06:14:00,926.895733681
2018-05-30 06:15:00,936.426434562
2018-05-30 06:16:00,926.895733681
2018-05-30 06:17:00,926.895733681
2018-05-30 06:18:00,907.834331918
2018-05-30 06:19:00,907.834331918
2018-05-30 06:20:00,907.834331918
2018-05-30 06:21:00,917.3650328
2018-05-30 06:22:00,917.3650328
2018-05-30 06:23:00,907.834331918
2018-05-30 06:24:00,907.834331918
2018-05-30 06:25:00,907.834331918
2018-05-30 06:26:00,945.957135443
2018-05-30 06:27:00,898.303631037
2018-05-30 06:28:00,898.303631037
2018-05-30 06:29:00,907.834331918
2018-05-30 06:30:00,917.3650328
2018-05-30 06:31:00,917.3650328
2018-05-30 06:32:00,926.895733681
2018-05-30 06:33:00,936.426434562
2018-05-30 06:34:00,965.018537206
2018-05-30 06:35:00,965.018537206
2018-05-30 06:36:00,984.079938968
2018-05-30 06:37:00,898.303631037
2018-05-30 06:38:00,907.834331918
2018-05-30 06:39:00,926.895733681
2018-05-30 06:40:00,917.3650328
2018-05-30 06:41:00,936.426434562
2018-05-30 06:42:00,936.426434562
2018-05-30 06:43:00,945.957135443
2018-05-30 06:44:00,955.487836325
2018-05-30 06:45:00,955.487836325
2018-05-30 06:46:00,965.018537206
2018-05-30 06:47:00,974.549238087
2018-05-30 06:48:00,965.018537206
2018-05-30 06:49:00,898.303631037
2018-05-30 06:50:00,869.711528393
2018-05-30 06:51:00,869.711528393
2018-05-30 06:52:00,869.711528393
2018-05-30 06:53:00,869.711528393
2018-05-30 06:54:00,869.711528393
2018-05-30 06:55:00,869.711528393
2018-05-30 06:56:00,869.711528393
2018-05-30 06:57:00,869.711528393
2018-05-30 06:58:00,860.180827512
2018-05-30 06:59:00,879.242229275
2018-05-30 07:00:00,879.242229275
2018-05-30 07:01:00,888.772930156
2018-05-30 07:02:00,898.303631037
2018-05-30 07:03:00,898.303631037
2018-05-30 07:04:00,898.303631037
2018-05-30 07:05:00,917.3650328
2018-05-30 07:06:00,888.772930156
2018-05-30 07:07:00,898.303631037
2018-05-30 07:08:00,926.895733681
2018-05-30 07:09:00,945.957135443
2018-05-30 07:10:00,984.079938968
2018-05-30 07:11:00,984.079938968
2018-05-30 07:12:00,974.549238087
2018-05-30 07:13:00,955.487836325
2018-05-30 07:14:00,955.487836325
2018-05-30 07:15:00,974.549238087
2018-05-30 07:16:00,974.549238087
2018-05-30 07:17:00,945.957135443
2018-05-30 07:18:00,945.957135443
2018-05-30 07:19:00,945.957135443
2018-05-30 07:20:00,965.018537206
2018-05-30 07:21:00,984.079938968
2018-05-30 07:22:00,1031.73344337
2018-05-30 07:23:00,1041.26414426
2018-05-30 07:24:00,1041.26414426
2018-05-30 07:25:00,1041.26414426
2018-05-30 07:26:00,1031.73344337
2018-05-30 07:27:00,1031.73344337
2018-05-30 07:28:00,1012.67204161
2018-05-30 07:29:00,1031.73344337
2018-05-30 07:30:00,1050.79484514
2018-05-30 07:31:00,1031.73344337
2018-05-30 07:32:00,1031.73344337
2018-05-30 07:33:00,1041.26414426
2018-05-30 07:34:00,1060.32554602
2018-05-30 07:35:00,1050.79484514
2018-05-30 07:36:00,1050.79484514
2018-05-30 07:37:00,1031.73344337
2018-05-30 07:38:00,1050.79484514
2018-05-30 07:39:00,1022.20274249
2018-05-30 07:40:00,1041.26414426
2018-05-30 07:41:00,1041.26414426
2018-05-30 07:42:00,1050.79484514
2018-05-30 07:43:00,1050.79484514
2018-05-30 07:44:00,1041.26414426
2018-05-30 07:45:00,1003.14134073
2018-05-30 07:46:00,1003.14134073
2018-05-30 07:47:00,993.61063985
2018-05-30 07:48:00,1003.14134073
2018-05-30 07:49:00,993.61063985
2018-05-30 07:50:00,984.079938968
2018-05-30 07:51:00,1012.67204161
2018-05-30 07:52:00,1012.67204161
2018-05-30 07:53:00,1003.14134073
2018-05-30 07:54:00,1012.67204161
2018-05-30 07:55:00,1041.26414426
2018-05-30 07:56:00,1031.73344337
2018-05-30 07:57:00,1022.20274249
2018-05-30 07:58:00,1022.20274249
2018-05-30 07:59:00,1022.20274249
2018-05-30 08:00:00,1031.73344337
2018-05-30 08:01:00,1041.26414426
2018-05-30 08:02:00,1060.32554602
2018-05-30 08:03:00,1060.32554602
2018-05-30 08:04:00,1060.32554602
2018-05-30 08:05:00,1041.26414426
2018-05-30 08:06:00,1069.8562469
2018-05-30 08:07:00,1060.32554602
2018-05-30 08:08:00,1060.32554602
2018-05-30 08:09:00,1041.26414426
2018-05-30 08:10:00,1031.73344337
2018-05-30 08:11:00,1031.73344337
2018-05-30 08:12:00,1031.73344337
2018-05-30 08:13:00,1041.26414426
2018-05-30 08:14:00,1060.32554602
2018-05-30 08:15:00,1079.38694778
2018-05-30 08:16:00,1041.26414426
2018-05-30 08:17:00,1050.79484514
2018-05-30 08:18:00,1041.26414426
2018-05-30 08:19:00,1041.26414426
2018-05-30 08:20:00,1041.26414426
2018-05-30 08:21:00,1041.26414426
2018-05-30 08:22:00,1079.38694778
2018-05-30 08:23:00,1088.91764866
2018-05-30 08:24:00,1041.26414426
2018-05-30 08:25:00,1041.26414426
2018-05-30 08:26:00,1041.26414426
2018-05-30 08:27:00,1079.38694778
2018-05-30 08:28:00,1079.38694778
2018-05-30 08:29:00,1098.44834954
2018-05-30 08:30:00,1088.91764866
2018-05-30 08:31:00,1079.38694778
2018-05-30 08:32:00,1088.91764866
2018-05-30 08:33:00,1079.38694778
2018-05-30 08:34:00,1060.32554602
2018-05-30 08:35:00,1079.38694778
2018-05-30 08:36:00,1079.38694778
2018-05-30 08:37:00,1079.38694778
2018-05-30 08:38:00,1079.38694778
2018-05-30 08:39:00,1098.44834954
2018-05-30 08:40:00,1098.44834954
2018-05-30 08:41:00,1088.91764866
2018-05-30 08:42:00,1098.44834954
2018-05-30 08:43:00,1098.44834954
2018-05-30 08:44:00,1098.44834954
2018-05-30 08:45:00,1107.97905042
2018-05-30 08:46:00,1107.97905042
2018-05-30 08:47:00,1136.57115307
2018-05-30 08:48:00,1174.69395659
2018-05-30 08:49:00,1174.69395659
2018-05-30 08:50:00,1165.16325571
2018-05-30 08:51:00,1155.63255483
2018-05-30 08:52:00,1193.75535836
2018-05-30 08:53:00,1174.69395659
2018-05-30 08:54:00,1193.75535836
2018-05-30 08:55:00,1184.22465747
2018-05-30 08:56:00,1165.16325571
2018-05-30 08:57:00,1174.69395659
2018-05-30 08:58:00,1174.69395659
2018-05-30 08:59:00,1174.69395659
2018-05-30 09:00:00,1165.16325571
2018-05-30 09:01:00,1203.28605924
2018-05-30 09:02:00,1203.28605924
2018-05-30 09:03:00,1212.81676012
2018-05-30 09:04:00,1184.22465747
2018-05-30 09:05:00,1184.22465747
2018-05-30 09:06:00,1184.22465747
2018-05-30 09:07:00,1174.69395659
2018-05-30 09:08:00,1174.69395659
2018-05-30 09:09:00,1136.57115307
2018-05-30 09:10:00,1165.16325571
2018-05-30 09:11:00,1155.63255483
2018-05-30 09:12:00,1136.57115307
2018-05-30 09:13:00,1107.97905042
2018-05-30 09:14:00,1117.50975131
2018-05-30 09:15:00,1098.44834954
2018-05-30 09:16:00,1098.44834954
2018-05-30 09:17:00,1136.57115307
2018-05-30 09:18:00,1136.57115307
2018-05-30 09:19:00,1155.63255483
2018-05-30 09:20:00,1136.57115307
2018-05-30 09:21:00,1127.04045219
2018-05-30 09:22:00,1136.57115307
2018-05-30 09:23:00,1136.57115307
2018-05-30 09:24:00,1127.04045219
2018-05-30 09:25:00,1136.57115307
2018-05-30 09:26:00,1136.57115307
2018-05-30 09:27:00,1127.04045219
2018-05-30 09:28:00,1136.57115307
2018-05-30 09:29:00,1117.50975131
2018-05-30 09:30:00,1117.50975131
2018-05-30 09:31:00,1136.57115307
2018-05-30 09:32:00,1136.57115307
2018-05-30 09:33:00,1165.16325571
2018-05-30 09:34:00,1155.63255483
2018-05-30 09:35:00,1184.22465747
2018-05-30 09:36:00,1212.81676012
2018-05-30 09:37:00,1184.22465747
2018-05-30 09:38:00,1174.69395659
2018-05-30 09:39:00,1212.81676012
2018-05-30 09:40:00,1212.81676012
2018-05-30 09:41:00,1212.81676012
2018-05-30 09:42:00,1212.81676012
2018-05-30 09:43:00,1174.69395659
2018-05-30 09:44:00,1174.69395659
2018-05-30 09:45:00,1146.10185395
2018-05-30 09:46:00,1136.57115307
2018-05-30 09:47:00,1098.44834954
2018-05-30 09:48:00,1098.44834954
2018-05-30 09:49:00,1136.57115307
2018-05-30 09:50:00,1117.50975131
2018-05-30 09:51:00,1117.50975131
2018-05-30 09:52:00,1117.50975131
2018-05-30 09:53:00,1127.04045219
2018-05-30 09:54:00,1117.50975131
2018-05-30 09:55:00,1117.50975131
2018-05-30 09:56:00,1107.97905042
2018-05-30 09:57:00,1107.97905042
2018-05-30 09:58:00,1107.97905042
2018-05-30 09:59:00,1117.50975131
2018-05-30 10:00:00,1107.97905042
2018-05-30 10:01:00,1107.97905042
2018-05-30 10:02:00,1107.97905042
2018-05-30 10:03:00,1117.50975131
2018-05-30 10:04:00,1117.50975131
2018-05-30 10:05:00,1117.50975131
2018-05-30 10:06:00,1136.57115307
2018-05-30 10:07:00,1117.50975131
2018-05-30 10:08:00,1117.50975131
2018-05-30 10:09:00,1155.63255483
2018-05-30 10:10:00,1155.63255483
2018-05-30 10:11:00,1146.10185395
2018-05-30 10:12:00,1155.63255483
2018-05-30 10:13:00,1174.69395659
2018-05-30 10:14:00,1155.63255483
2018-05-30 10:15:00,1155.63255483
2018-05-30 10:16:00,1146.10185395
2018-05-30 10:17:00,1146.10185395
2018-05-30 10:18:00,1127.04045219
2018-05-30 10:19:00,1136.57115307
2018-05-30 10:20:00,1155.63255483
2018-05-30 10:21:00,1165.16325571
2018-05-30 10:22:00,1136.57115307
2018-05-30 10:23:00,1155.63255483
2018-05-30 10:24:00,1146.10185395
2018-05-30 10:25:00,1117.50975131
2018-05-30 10:26:00,1117.50975131
2018-05-30 10:27:00,1117.50975131
2018-05-30 10:28:00,1117.50975131
2018-05-30 10:29:00,1117.50975131
2018-05-30 10:30:00,1117.50975131
2018-05-30 10:31:00,1079.38694778
2018-05-30 10:32:00,1079.38694778
2018-05-30 10:33:00,1022.20274249
2018-05-30 10:34:00,1022.20274249
2018-05-30 10:35:00,1041.26414426
2018-05-30 10:36:00,1022.20274249
2018-05-30 10:37:00,1022.20274249
2018-05-30 10:38:00,1003.14134073
2018-05-30 10:39:00,1003.14134073
2018-05-30 10:40:00,1003.14134073
2018-05-30 10:41:00,1022.20274249
2018-05-30 10:42:00,1022.20274249
2018-05-30 10:43:00,1050.79484514
2018-05-30 10:44:00,1031.73344337
2018-05-30 10:45:00,1050.79484514
2018-05-30 10:46:00,1050.79484514
2018-05-30 10:47:00,1041.26414426
2018-05-30 10:48:00,1031.73344337
2018-05-30 10:49:00,1041.26414426
2018-05-30 10:50:00,1050.79484514
2018-05-30 10:51:00,1050.79484514
2018-05-30 10:52:00,1050.79484514
2018-05-30 10:53:00,1031.73344337
2018-05-30 10:54:00,993.61063985
2018-05-30 10:55:00,1003.14134073
2018-05-30 10:56:00,1012.67204161
2018-05-30 10:57:00,1003.14134073
2018-05-30 10:58:00,984.079938968
2018-05-30 10:59:00,984.079938968
2018-05-30 11:00:00,993.61063985
2018-05-30 11:01:00,984.079938968
2018-05-30 11:02:00,955.487836325
2018-05-30 11:03:00,974.549238087
2018-05-30 11:04:00,1012.67204161
2018-05-30 11:05:00,1012.67204161
2018-05-30 11:06:00,1012.67204161
2018-05-30 11:07:00,993.61063985
2018-05-30 11:08:00,1003.14134073
2018-05-30 11:09:00,1003.14134073
2018-05-30 11:10:00,993.61063985
2018-05-30 11:11:00,993.61063985
2018-05-30 11:12:00,1003.14134073
2018-05-30 11:13:00,1031.73344337
2018-05-30 11:14:00,1031.73344337
2018-05-30 11:15:00,1031.73344337
2018-05-30 11:16:00,1031.73344337
2018-05-30 11:17:00,1031.73344337
2018-05-30 11:18:00,1050.79484514
2018-05-30 11:19:00,1060.32554602
2018-05-30 11:20:00,1060.32554602
2018-05-30 11:21:00,1031.73344337
2018-05-30 11:22:00,1041.26414426
2018-05-30 11:23:00,1041.26414426
2018-05-30 11:24:00,1069.8562469
2018-05-30 11:25:00,1079.38694778
2018-05-30 11:26:00,1060.32554602
2018-05-30 11:27:00,1069.8562469
2018-05-30 11:28:00,1079.38694778
2018-05-30 11:29:00,1079.38694778
2018-05-30 11:30:00,1050.79484514
2018-05-30 11:31:00,1031.73344337
2018-05-30 11:32:00,1031.73344337
2018-05-30 11:33:00,1012.67204161
2018-05-30 11:34:00,1012.67204161
2018-05-30 11:35:00,1031.73344337
2018-05-30 11:36:00,1022.20274249
2018-05-30 11:37:00,993.61063985
2018-05-30 11:38:00,993.61063985
2018-05-30 11:39:00,993.61063985
2018-05-30 11:40:00,993.61063985
2018-05-30 11:41:00,993.61063985
2018-05-30 11:42:00,993.61063985
2018-05-30 11:43:00,1003.14134073
2018-05-30 11:44:00,993.61063985
2018-05-30 11:45:00,1012.67204161
2018-05-30 11:46:00,1012.67204161
2018-05-30 11:47:00,993.61063985
2018-05-30 11:48:00,993.61063985
2018-05-30 11:49:00,993.61063985
2018-05-30 11:50:00,993.61063985
2018-05-30 11:51:00,993.61063985
2018-05-30 11:52:00,993.61063985
2018-05-30 11:53:00,993.61063985
2018-05-30 11:54:00,993.61063985
2018-05-30 11:55:00,1012.67204161
2018-05-30 11:56:00,993.61063985
2018-05-30 11:57:00,993.61063985
2018-05-30 11:58:00,974.549238087
2018-05-30 11:59:00,974.549238087
2018-05-31 01:29:00,974.549238087
2018-05-31 01:30:00,974.549238087
2018-05-31 01:31:00,974.549238087
2018-05-31 01:32:00,974.549238087
2018-05-31 01:33:00,974.549238087
2018-05-31 01:34:00,974.549238087
2018-05-31 01:35:00,974.549238087
2018-05-31 01:36:00,974.549238087
2018-05-31 01:37:00,974.549238087
2018-05-31 01:38:00,974.549238087
2018-05-31 01:39:00,974.549238087
2018-05-31 01:40:00,974.549238087
2018-05-31 01:41:00,974.549238087
2018-05-31 01:42:00,974.549238087
2018-05-31 01:43:00,974.549238087
2018-05-31 01:44:00,974.549238087
2018-05-31 01:45:00,955.487836325
2018-05-31 01:46:00,955.487836325
2018-05-31 01:47:00,936.426434562
2018-05-31 01:48:00,936.426434562
2018-05-31 01:49:00,907.834331918
2018-05-31 01:50:00,860.180827512
2018-05-31 01:51:00,850.650126631
2018-05-31 01:52:00,869.711528393
2018-05-31 01:53:00,869.711528393
2018-05-31 01:54:00,860.180827512
2018-05-31 01:55:00,869.711528393
2018-05-31 01:56:00,879.242229275
2018-05-31 01:57:00,860.180827512
2018-05-31 01:58:00,841.11942575
2018-05-31 01:59:00,860.180827512
2018-05-31 02:00:00,936.426434562
2018-05-31 02:01:00,898.303631037
2018-05-31 02:02:00,898.303631037
2018-05-31 02:03:00,898.303631037
2018-05-31 02:04:00,879.242229275
2018-05-31 02:05:00,879.242229275
2018-05-31 02:06:00,879.242229275
2018-05-31 02:07:00,888.772930156
2018-05-31 02:08:00,907.834331918
2018-05-31 02:09:00,898.303631037
2018-05-31 02:10:00,898.303631037
2018-05-31 02:11:00,869.711528393
2018-05-31 02:12:00,879.242229275
2018-05-31 02:13:00,888.772930156
2018-05-31 02:14:00,879.242229275
2018-05-31 02:15:00,869.711528393
2018-05-31 02:16:00,879.242229275
2018-05-31 02:17:00,898.303631037
2018-05-31 02:18:00,888.772930156
2018-05-31 02:19:00,907.834331918
2018-05-31 02:20:00,926.895733681
2018-05-31 02:21:00,926.895733681
2018-05-31 02:22:00,926.895733681
2018-05-31 02:23:00,926.895733681
2018-05-31 02:24:00,936.426434562
2018-05-31 02:25:00,936.426434562
2018-05-31 02:26:00,926.895733681
2018-05-31 02:27:00,888.772930156
2018-05-31 02:28:00,841.11942575
2018-05-31 02:29:00,850.650126631
2018-05-31 02:30:00,831.588724868
2018-05-31 02:31:00,850.650126631
2018-05-31 02:32:00,850.650126631
2018-05-31 02:33:00,850.650126631
2018-05-31 02:34:00,860.180827512
2018-05-31 02:35:00,860.180827512
2018-05-31 02:36:00,841.11942575
2018-05-31 02:37:00,831.588724868
2018-05-31 02:38:00,841.11942575
2018-05-31 02:39:00,831.588724868
2018-05-31 02:40:00,831.588724868
2018-05-31 02:41:00,831.588724868
2018-05-31 02:42:00,841.11942575
2018-05-31 02:43:00,831.588724868
2018-05-31 02:44:00,831.588724868
2018-05-31 02:45:00,831.588724868
2018-05-31 02:46:00,831.588724868
2018-05-31 02:47:00,841.11942575
2018-05-31 02:48:00,850.650126631
2018-05-31 02:49:00,831.588724868
2018-05-31 02:50:00,831.588724868
2018-05-31 02:51:00,850.650126631
2018-05-31 02:52:00,860.180827512
2018-05-31 02:53:00,860.180827512
2018-05-31 02:54:00,850.650126631
2018-05-31 02:55:00,850.650126631
2018-05-31 02:56:00,850.650126631
2018-05-31 02:57:00,812.527323106
2018-05-31 02:58:00,822.058023987
2018-05-31 02:59:00,812.527323106
2018-05-31 03:00:00,841.11942575
2018-05-31 03:01:00,850.650126631
2018-05-31 03:02:00,850.650126631
2018-05-31 03:03:00,860.180827512
2018-05-31 03:04:00,860.180827512
2018-05-31 03:05:00,869.711528393
2018-05-31 03:06:00,860.180827512
2018-05-31 03:07:00,860.180827512
2018-05-31 03:08:00,850.650126631
2018-05-31 03:09:00,841.11942575
2018-05-31 03:10:00,850.650126631
2018-05-31 03:11:00,841.11942575
2018-05-31 03:12:00,822.058023987
2018-05-31 03:13:00,822.058023987
2018-05-31 03:14:00,850.650126631
2018-05-31 03:15:00,841.11942575
2018-05-31 03:16:00,822.058023987
2018-05-31 03:17:00,860.180827512
2018-05-31 03:18:00,841.11942575
2018-05-31 03:19:00,879.242229275
2018-05-31 03:20:00,888.772930156
2018-05-31 03:21:00,879.242229275
2018-05-31 03:22:00,888.772930156
2018-05-31 03:23:00,898.303631037
2018-05-31 03:24:00,926.895733681
2018-05-31 03:25:00,936.426434562
2018-05-31 03:26:00,907.834331918
2018-05-31 03:27:00,898.303631037
2018-05-31 03:28:00,898.303631037
2018-05-31 03:29:00,898.303631037
2018-05-31 03:30:00,898.303631037
2018-05-31 03:31:00,888.772930156
2018-05-31 03:32:00,898.303631037
2018-05-31 03:33:00,898.303631037
2018-05-31 03:34:00,898.303631037
2018-05-31 03:35:00,898.303631037
2018-05-31 03:36:00,907.834331918
2018-05-31 03:37:00,898.303631037
2018-05-31 03:38:00,907.834331918
2018-05-31 03:39:00,907.834331918
2018-05-31 03:40:00,898.303631037
2018-05-31 03:41:00,907.834331918
2018-05-31 03:42:00,898.303631037
2018-05-31 03:43:00,907.834331918
2018-05-31 03:44:00,907.834331918
2018-05-31 03:45:00,898.303631037
2018-05-31 03:46:00,898.303631037
2018-05-31 03:47:00,869.711528393
2018-05-31 03:48:00,860.180827512
2018-05-31 03:49:00,869.711528393
2018-05-31 03:50:00,898.303631037
2018-05-31 03:51:00,926.895733681
2018-05-31 03:52:00,917.3650328
2018-05-31 03:53:00,907.834331918
2018-05-31 03:54:00,907.834331918
2018-05-31 03:55:00,888.772930156
2018-05-31 03:56:00,888.772930156
2018-05-31 03:57:00,888.772930156
2018-05-31 03:58:00,888.772930156
2018-05-31 03:59:00,879.242229275
2018-05-31 04:00:00,898.303631037
2018-05-31 04:01:00,917.3650328
2018-05-31 04:02:00,898.303631037
2018-05-31 04:03:00,917.3650328
2018-05-31 04:04:00,926.895733681
2018-05-31 04:05:00,926.895733681
2018-05-31 04:06:00,926.895733681
2018-05-31 04:07:00,926.895733681
2018-05-31 04:08:00,926.895733681
2018-05-31 04:09:00,926.895733681
2018-05-31 04:10:00,917.3650328
2018-05-31 04:11:00,907.834331918
2018-05-31 04:12:00,926.895733681
2018-05-31 04:13:00,926.895733681
2018-05-31 04:14:00,907.834331918
2018-05-31 04:15:00,926.895733681
2018-05-31 04:16:00,926.895733681
2018-05-31 04:17:00,917.3650328
2018-05-31 04:18:00,926.895733681
2018-05-31 04:19:00,926.895733681
2018-05-31 04:20:00,917.3650328
2018-05-31 04:21:00,907.834331918
2018-05-31 04:22:00,898.303631037
2018-05-31 04:23:00,907.834331918
2018-05-31 04:24:00,907.834331918
2018-05-31 04:25:00,898.303631037
2018-05-31 04:26:00,898.303631037
2018-05-31 04:27:00,898.303631037
2018-05-31 04:28:00,898.303631037
2018-05-31 04:29:00,926.895733681
2018-05-31 04:30:00,926.895733681
2018-05-31 04:31:00,926.895733681
2018-05-31 04:32:00,907.834331918
2018-05-31 04:33:00,917.3650328
2018-05-31 04:34:00,926.895733681
2018-05-31 04:35:00,926.895733681
2018-05-31 04:36:00,936.426434562
2018-05-31 04:37:00,955.487836325
2018-05-31 04:38:00,945.957135443
2018-05-31 04:39:00,945.957135443
2018-05-31 04:40:00,945.957135443
2018-05-31 04:41:00,965.018537206
2018-05-31 04:42:00,945.957135443
2018-05-31 04:43:00,965.018537206
2018-05-31 04:44:00,974.549238087
2018-05-31 04:45:00,974.549238087
2018-05-31 04:46:00,1003.14134073
2018-05-31 04:47:00,1003.14134073
2018-05-31 04:48:00,1003.14134073
2018-05-31 04:49:00,1012.67204161
2018-05-31 04:50:00,993.61063985
2018-05-31 04:51:00,984.079938968
2018-05-31 04:52:00,984.079938968
2018-05-31 04:53:00,984.079938968
2018-05-31 04:54:00,974.549238087
2018-05-31 04:55:00,965.018537206
2018-05-31 04:56:00,965.018537206
2018-05-31 04:57:00,965.018537206
2018-05-31 04:58:00,974.549238087
2018-05-31 04:59:00,965.018537206
2018-05-31 05:00:00,965.018537206
2018-05-31 05:01:00,945.957135443
2018-05-31 05:02:00,945.957135443
2018-05-31 05:03:00,965.018537206
2018-05-31 05:04:00,974.549238087
2018-05-31 05:05:00,974.549238087
2018-05-31 05:06:00,974.549238087
2018-05-31 05:07:00,974.549238087
2018-05-31 05:08:00,984.079938968
2018-05-31 05:09:00,984.079938968
2018-05-31 05:10:00,974.549238087
2018-05-31 05:11:00,945.957135443
2018-05-31 05:12:00,945.957135443
2018-05-31 05:13:00,926.895733681
2018-05-31 05:14:00,945.957135443
2018-05-31 05:15:00,945.957135443
2018-05-31 05:16:00,945.957135443
2018-05-31 05:17:00,945.957135443
2018-05-31 05:18:00,945.957135443
2018-05-31 05:19:00,955.487836325
2018-05-31 05:20:00,974.549238087
2018-05-31 05:21:00,974.549238087
2018-05-31 05:22:00,974.549238087
2018-05-31 05:23:00,974.549238087
2018-05-31 05:24:00,965.018537206
2018-05-31 05:25:00,974.549238087
2018-05-31 05:26:00,965.018537206
2018-05-31 05:27:00,965.018537206
2018-05-31 05:28:00,965.018537206
2018-05-31 05:29:00,965.018537206
2018-05-31 05:30:00,974.549238087
2018-05-31 05:31:00,965.018537206
2018-05-31 05:32:00,974.549238087
2018-05-31 05:33:00,984.079938968
2018-05-31 05:34:00,984.079938968
2018-05-31 05:35:00,974.549238087
2018-05-31 05:36:00,974.549238087
2018-05-31 05:37:00,984.079938968
2018-05-31 05:38:00,984.079938968
2018-05-31 05:39:00,965.018537206
2018-05-31 05:40:00,974.549238087
2018-05-31 05:41:00,1003.14134073
2018-05-31 05:42:00,993.61063985
2018-05-31 05:43:00,974.549238087
2018-05-31 05:44:00,1003.14134073
2018-05-31 05:45:00,1012.67204161
2018-05-31 05:46:00,1003.14134073
2018-05-31 05:47:00,1003.14134073
2018-05-31 05:48:00,1003.14134073
2018-05-31 05:49:00,993.61063985
2018-05-31 05:50:00,993.61063985
2018-05-31 05:51:00,1003.14134073
2018-05-31 05:52:00,1003.14134073
2018-05-31 05:53:00,1003.14134073
2018-05-31 05:54:00,984.079938968
2018-05-31 05:55:00,945.957135443
2018-05-31 05:56:00,945.957135443
2018-05-31 05:57:00,945.957135443
2018-05-31 05:58:00,984.079938968
2018-05-31 05:59:00,984.079938968
2018-05-31 06:00:00,984.079938968
2018-05-31 06:01:00,984.079938968
2018-05-31 06:02:00,993.61063985
2018-05-31 06:03:00,993.61063985
2018-05-31 06:04:00,974.549238087
2018-05-31 06:05:00,993.61063985
2018-05-31 06:06:00,993.61063985
2018-05-31 06:07:00,965.018537206
2018-05-31 06:08:00,965.018537206
2018-05-31 06:09:00,965.018537206
2018-05-31 06:10:00,965.018537206
2018-05-31 06:11:00,984.079938968
2018-05-31 06:12:00,984.079938968
2018-05-31 06:13:00,984.079938968
2018-05-31 06:14:00,984.079938968
2018-05-31 06:15:00,984.079938968
2018-05-31 06:16:00,984.079938968
2018-05-31 06:17:00,945.957135443
2018-05-31 06:18:00,945.957135443
2018-05-31 06:19:00,926.895733681
2018-05-31 06:20:00,936.426434562
2018-05-31 06:21:00,936.426434562
2018-05-31 06:22:00,936.426434562
2018-05-31 06:23:00,945.957135443
2018-05-31 06:24:00,945.957135443
2018-05-31 06:25:00,955.487836325
2018-05-31 06:26:00,955.487836325
2018-05-31 06:27:00,945.957135443
2018-05-31 06:28:00,945.957135443
2018-05-31 06:29:00,945.957135443
2018-05-31 06:30:00,945.957135443
2018-05-31 06:31:00,907.834331918
2018-05-31 06:32:00,888.772930156
2018-05-31 06:33:00,898.303631037
2018-05-31 06:34:00,917.3650328
2018-05-31 06:35:00,936.426434562
2018-05-31 06:36:00,936.426434562
2018-05-31 06:37:00,965.018537206
2018-05-31 06:38:00,965.018537206
2018-05-31 06:39:00,974.549238087
2018-05-31 06:40:00,984.079938968
2018-05-31 06:41:00,974.549238087
2018-05-31 06:42:00,974.549238087
2018-05-31 06:43:00,974.549238087
2018-05-31 06:44:00,965.018537206
2018-05-31 06:45:00,965.018537206
2018-05-31 06:46:00,974.549238087
2018-05-31 06:47:00,965.018537206
2018-05-31 06:48:00,945.957135443
2018-05-31 06:49:00,936.426434562
2018-05-31 06:50:00,917.3650328
2018-05-31 06:51:00,917.3650328
2018-05-31 06:52:00,917.3650328
2018-05-31 06:53:00,917.3650328
2018-05-31 06:54:00,917.3650328
2018-05-31 06:55:00,907.834331918
2018-05-31 06:56:00,888.772930156
2018-05-31 06:57:00,907.834331918
2018-05-31 06:58:00,879.242229275
2018-05-31 06:59:00,831.588724868
2018-05-31 07:00:00,841.11942575
2018-05-31 07:01:00,841.11942575
2018-05-31 07:02:00,831.588724868
2018-05-31 07:03:00,841.11942575
2018-05-31 07:04:00,831.588724868
2018-05-31 07:05:00,831.588724868
2018-05-31 07:06:00,812.527323106
2018-05-31 07:07:00,812.527323106
2018-05-31 07:08:00,831.588724868
2018-05-31 07:09:00,802.996622225
2018-05-31 07:10:00,802.996622225
2018-05-31 07:11:00,783.935220462
2018-05-31 07:12:00,812.527323106
2018-05-31 07:13:00,831.588724868
2018-05-31 07:14:00,831.588724868
2018-05-31 07:15:00,850.650126631
2018-05-31 07:16:00,860.180827512
2018-05-31 07:17:00,860.180827512
2018-05-31 07:18:00,850.650126631
2018-05-31 07:19:00,850.650126631
2018-05-31 07:20:00,850.650126631
2018-05-31 07:21:00,869.711528393
2018-05-31 07:22:00,888.772930156
2018-05-31 07:23:00,869.711528393
2018-05-31 07:24:00,860.180827512
2018-05-31 07:25:00,869.711528393
2018-05-31 07:26:00,869.711528393
2018-05-31 07:27:00,869.711528393
2018-05-31 07:28:00,860.180827512
2018-05-31 07:29:00,860.180827512
2018-05-31 07:30:00,869.711528393
2018-05-31 07:31:00,879.242229275
2018-05-31 07:32:00,879.242229275
2018-05-31 07:33:00,888.772930156
2018-05-31 07:34:00,898.303631037
2018-05-31 07:35:00,907.834331918
2018-05-31 07:36:00,907.834331918
2018-05-31 07:37:00,907.834331918
2018-05-31 07:38:00,898.303631037
2018-05-31 07:39:00,907.834331918
2018-05-31 07:40:00,888.772930156
2018-05-31 07:41:00,888.772930156
2018-05-31 07:42:00,888.772930156
2018-05-31 07:43:00,907.834331918
2018-05-31 07:44:00,907.834331918
2018-05-31 07:45:00,907.834331918
2018-05-31 07:46:00,926.895733681
2018-05-31 07:47:00,936.426434562
2018-05-31 07:48:00,945.957135443
2018-05-31 07:49:00,945.957135443
2018-05-31 07:50:00,945.957135443
2018-05-31 07:51:00,965.018537206
2018-05-31 07:52:00,965.018537206
2018-05-31 07:53:00,974.549238087
2018-05-31 07:54:00,965.018537206
2018-05-31 07:55:00,974.549238087
2018-05-31 07:56:00,965.018537206
2018-05-31 07:57:00,965.018537206
2018-05-31 07:58:00,965.018537206
2018-05-31 07:59:00,974.549238087
2018-05-31 08:00:00,984.079938968
2018-05-31 08:01:00,984.079938968
2018-05-31 08:02:00,1022.20274249
2018-05-31 08:03:00,1003.14134073
2018-05-31 08:04:00,1003.14134073
2018-05-31 08:05:00,965.018537206
2018-05-31 08:06:00,965.018537206
2018-05-31 08:07:00,965.018537206
2018-05-31 08:08:00,965.018537206
2018-05-31 08:09:00,1003.14134073
2018-05-31 08:10:00,1022.20274249
2018-05-31 08:11:00,1022.20274249
2018-05-31 08:12:00,1003.14134073
2018-05-31 08:13:00,984.079938968
2018-05-31 08:14:00,984.079938968
2018-05-31 08:15:00,965.018537206
2018-05-31 08:16:00,955.487836325
2018-05-31 08:17:00,936.426434562
2018-05-31 08:18:00,945.957135443
2018-05-31 08:19:00,945.957135443
2018-05-31 08:20:00,945.957135443
2018-05-31 08:21:00,965.018537206
2018-05-31 08:22:00,965.018537206
2018-05-31 08:23:00,965.018537206
2018-05-31 08:24:00,965.018537206
2018-05-31 08:25:00,965.018537206
2018-05-31 08:26:00,965.018537206
2018-05-31 08:27:00,974.549238087
2018-05-31 08:28:00,984.079938968
2018-05-31 08:29:00,984.079938968
2018-05-31 08:30:00,1031.73344337
2018-05-31 08:31:00,1022.20274249
2018-05-31 08:32:00,1022.20274249
2018-05-31 08:33:00,1003.14134073
2018-05-31 08:34:00,965.018537206
2018-05-31 08:35:00,965.018537206
2018-05-31 08:36:00,984.079938968
2018-05-31 08:37:00,984.079938968
2018-05-31 08:38:00,1003.14134073
2018-05-31 08:39:00,1022.20274249
2018-05-31 08:40:00,1022.20274249
2018-05-31 08:41:00,1003.14134073
2018-05-31 08:42:00,1003.14134073
2018-05-31 08:43:00,1022.20274249
2018-05-31 08:44:00,1041.26414426
2018-05-31 08:45:00,1022.20274249
2018-05-31 08:46:00,1022.20274249
2018-05-31 08:47:00,1022.20274249
2018-05-31 08:48:00,1022.20274249
2018-05-31 08:49:00,1022.20274249
2018-05-31 08:50:00,1041.26414426
2018-05-31 08:51:00,1022.20274249
2018-05-31 08:52:00,1031.73344337
2018-05-31 08:53:00,1041.26414426
2018-05-31 08:54:00,1041.26414426
2018-05-31 08:55:00,1050.79484514
2018-05-31 08:56:00,1003.14134073
2018-05-31 08:57:00,984.079938968
2018-05-31 08:58:00,1003.14134073
2018-05-31 08:59:00,1003.14134073
2018-05-31 09:00:00,1003.14134073
2018-05-31 09:01:00,1003.14134073
2018-05-31 09:02:00,984.079938968
2018-05-31 09:03:00,965.018537206
2018-05-31 09:04:00,955.487836325
2018-05-31 09:05:00,1012.67204161
2018-05-31 09:06:00,1031.73344337
2018-05-31 09:07:00,1041.26414426
2018-05-31 09:08:00,1050.79484514
2018-05-31 09:09:00,1022.20274249
2018-05-31 09:10:00,1041.26414426
2018-05-31 09:11:00,1022.20274249
2018-05-31 09:12:00,1050.79484514
2018-05-31 09:13:00,1022.20274249
2018-05-31 09:14:00,1022.20274249
2018-05-31 09:15:00,1003.14134073
2018-05-31 09:16:00,1003.14134073
2018-05-31 09:17:00,1022.20274249
2018-05-31 09:18:00,1012.67204161
2018-05-31 09:19:00,1022.20274249
2018-05-31 09:20:00,1022.20274249
2018-05-31 09:21:00,1031.73344337
2018-05-31 09:22:00,1031.73344337
2018-05-31 09:23:00,1050.79484514
2018-05-31 09:24:00,1060.32554602
2018-05-31 09:25:00,1060.32554602
2018-05-31 09:26:00,1041.26414426
2018-05-31 09:27:00,1031.73344337
2018-05-31 09:28:00,1041.26414426
2018-05-31 09:29:00,1022.20274249
2018-05-31 09:30:00,1031.73344337
2018-05-31 09:31:00,1012.67204161
2018-05-31 09:32:00,1003.14134073
2018-05-31 09:33:00,1012.67204161
2018-05-31 09:34:00,1031.73344337
2018-05-31 09:35:00,1031.73344337
2018-05-31 09:36:00,1041.26414426
2018-05-31 09:37:00,1060.32554602
2018-05-31 09:38:00,1060.32554602
2018-05-31 09:39:00,1060.32554602
2018-05-31 09:40:00,1022.20274249
2018-05-31 09:41:00,1012.67204161
2018-05-31 09:42:00,1022.20274249
2018-05-31 09:43:00,1022.20274249
2018-05-31 09:44:00,1022.20274249
2018-05-31 09:45:00,1050.79484514
2018-05-31 09:46:00,1050.79484514
2018-05-31 09:47:00,1060.32554602
2018-05-31 09:48:00,1060.32554602
2018-05-31 09:49:00,1060.32554602
2018-05-31 09:50:00,1060.32554602
2018-05-31 09:51:00,1060.32554602
2018-05-31 09:52:00,1060.32554602
2018-05-31 09:53:00,1060.32554602
2018-05-31 09:54:00,1060.32554602
2018-05-31 09:55:00,1060.32554602
2018-05-31 09:56:00,1069.8562469
2018-05-31 09:57:00,1069.8562469
2018-05-31 09:58:00,1069.8562469
2018-05-31 09:59:00,1041.26414426
2018-05-31 10:00:00,1041.26414426
2018-05-31 10:01:00,1022.20274249
2018-05-31 10:02:00,1031.73344337
2018-05-31 10:03:00,1031.73344337
2018-05-31 10:04:00,1031.73344337
2018-05-31 10:05:00,1050.79484514
2018-05-31 10:06:00,1069.8562469
2018-05-31 10:07:00,1079.38694778
2018-05-31 10:08:00,1088.91764866
2018-05-31 10:09:00,1098.44834954
2018-05-31 10:10:00,1088.91764866
2018-05-31 10:11:00,1088.91764866
2018-05-31 10:12:00,1060.32554602
2018-05-31 10:13:00,1079.38694778
2018-05-31 10:14:00,1088.91764866
2018-05-31 10:15:00,1060.32554602
2018-05-31 10:16:00,1079.38694778
2018-05-31 10:17:00,1060.32554602
2018-05-31 10:18:00,1060.32554602
2018-05-31 10:19:00,1079.38694778
2018-05-31 10:20:00,1079.38694778
2018-05-31 10:21:00,1079.38694778
2018-05-31 10:22:00,1079.38694778
2018-05-31 10:23:00,1079.38694778
2018-05-31 10:24:00,1088.91764866
2018-05-31 10:25:00,1088.91764866
2018-05-31 10:26:00,1079.38694778
2018-05-31 10:27:00,1041.26414426
2018-05-31 10:28:00,1041.26414426
2018-05-31 10:29:00,1003.14134073
2018-05-31 10:30:00,1060.32554602
2018-05-31 10:31:00,1050.79484514
2018-05-31 10:32:00,1031.73344337
2018-05-31 10:33:00,1031.73344337
2018-05-31 10:34:00,1022.20274249
2018-05-31 10:35:00,1022.20274249
2018-05-31 10:36:00,1022.20274249
2018-05-31 10:37:00,965.018537206
2018-05-31 10:38:00,907.834331918
2018-05-31 10:39:00,888.772930156
2018-05-31 10:40:00,850.650126631
2018-05-31 10:41:00,898.303631037
2018-05-31 10:42:00,898.303631037
2018-05-31 10:43:00,888.772930156
2018-05-31 10:44:00,926.895733681
2018-05-31 10:45:00,936.426434562
2018-05-31 10:46:00,936.426434562
2018-05-31 10:47:00,936.426434562
2018-05-31 10:48:00,945.957135443
2018-05-31 10:49:00,945.957135443
2018-05-31 10:50:00,945.957135443
2018-05-31 10:51:00,936.426434562
2018-05-31 10:52:00,936.426434562
2018-05-31 10:53:00,965.018537206
2018-05-31 10:54:00,965.018537206
2018-05-31 10:55:00,965.018537206
2018-05-31 10:56:00,965.018537206
2018-05-31 10:57:00,955.487836325
2018-05-31 10:58:00,965.018537206
2018-05-31 10:59:00,965.018537206
2018-05-31 11:00:00,1003.14134073
2018-05-31 11:01:00,1003.14134073
2018-05-31 11:02:00,1003.14134073
2018-05-31 11:03:00,1003.14134073
2018-05-31 11:04:00,974.549238087
2018-05-31 11:05:00,974.549238087
2018-05-31 11:06:00,984.079938968
2018-05-31 11:07:00,984.079938968
2018-05-31 11:08:00,984.079938968
2018-05-31 11:09:00,1022.20274249
2018-05-31 11:10:00,1022.20274249
2018-05-31 11:11:00,1022.20274249
2018-05-31 11:12:00,974.549238087
2018-05-31 11:13:00,974.549238087
2018-05-31 11:14:00,984.079938968
2018-05-31 11:15:00,1003.14134073
2018-05-31 11:16:00,1003.14134073
2018-05-31 11:17:00,993.61063985
2018-05-31 11:18:00,993.61063985
2018-05-31 11:19:00,993.61063985
2018-05-31 11:20:00,1003.14134073
2018-05-31 11:21:00,1003.14134073
2018-05-31 11:22:00,993.61063985
2018-05-31 11:23:00,993.61063985
2018-05-31 11:24:00,993.61063985
2018-05-31 11:25:00,993.61063985
2018-05-31 11:26:00,993.61063985
2018-05-31 11:27:00,993.61063985
2018-05-31 11:28:00,1022.20274249
2018-05-31 11:29:00,1022.20274249
2018-05-31 11:30:00,1022.20274249
2018-05-31 11:31:00,1022.20274249
2018-05-31 11:32:00,1022.20274249
2018-05-31 11:33:00,1022.20274249
2018-05-31 11:34:00,1022.20274249
2018-05-31 11:35:00,1022.20274249
2018-05-31 11:36:00,1022.20274249
2018-05-31 11:37:00,1022.20274249
2018-05-31 11:38:00,1022.20274249
2018-05-31 11:39:00,993.61063985
2018-05-31 11:40:00,993.61063985
2018-05-31 11:41:00,993.61063985
2018-05-31 11:42:00,993.61063985
2018-05-31 11:43:00,1022.20274249
2018-05-31 11:44:00,993.61063985
2018-05-31 11:45:00,993.61063985
2018-05-31 11:46:00,993.61063985
2018-05-31 11:47:00,993.61063985
2018-05-31 11:48:00,993.61063985
2018-05-31 11:49:00,993.61063985
2018-05-31 11:50:00,1003.14134073
2018-05-31 11:51:00,1003.14134073
2018-05-31 11:52:00,993.61063985
2018-05-31 11:53:00,993.61063985
2018-05-31 11:54:00,993.61063985
2018-05-31 11:55:00,1003.14134073
2018-05-31 11:56:00,993.61063985
2018-05-31 11:57:00,974.549238087
2018-05-31 11:58:00,974.549238087
2018-05-31 11:59:00,974.549238087
2018-06-01 01:29:00,898.303631037
2018-06-01 01:30:00,898.303631037
2018-06-01 01:31:00,898.303631037
2018-06-01 01:32:00,898.303631037
2018-06-01 01:33:00,898.303631037
2018-06-01 01:34:00,898.303631037
2018-06-01 01:35:00,898.303631037
2018-06-01 01:36:00,917.3650328
2018-06-01 01:37:00,917.3650328
2018-06-01 01:38:00,917.3650328
2018-06-01 01:39:00,917.3650328
2018-06-01 01:40:00,907.834331918
2018-06-01 01:41:00,917.3650328
2018-06-01 01:42:00,917.3650328
2018-06-01 01:43:00,926.895733681
2018-06-01 01:44:00,917.3650328
2018-06-01 01:45:00,888.772930156
2018-06-01 01:46:00,888.772930156
2018-06-01 01:47:00,888.772930156
2018-06-01 01:48:00,888.772930156
2018-06-01 01:49:00,888.772930156
2018-06-01 01:50:00,888.772930156
2018-06-01 01:51:00,888.772930156
2018-06-01 01:52:00,888.772930156
2018-06-01 01:53:00,888.772930156
2018-06-01 01:54:00,888.772930156
2018-06-01 01:55:00,888.772930156
2018-06-01 01:56:00,888.772930156
2018-06-01 01:57:00,888.772930156
2018-06-01 01:58:00,888.772930156
2018-06-01 01:59:00,869.711528393
2018-06-01 02:00:00,841.11942575
2018-06-01 02:01:00,812.527323106
2018-06-01 02:02:00,831.588724868
2018-06-01 02:03:00,850.650126631
2018-06-01 02:04:00,869.711528393
2018-06-01 02:05:00,869.711528393
2018-06-01 02:06:00,888.772930156
2018-06-01 02:07:00,888.772930156
2018-06-01 02:08:00,898.303631037
2018-06-01 02:09:00,888.772930156
2018-06-01 02:10:00,936.426434562
2018-06-01 02:11:00,945.957135443
2018-06-01 02:12:00,917.3650328
2018-06-01 02:13:00,926.895733681
2018-06-01 02:14:00,926.895733681
2018-06-01 02:15:00,888.772930156
2018-06-01 02:16:00,888.772930156
2018-06-01 02:17:00,879.242229275
2018-06-01 02:18:00,888.772930156
2018-06-01 02:19:00,907.834331918
2018-06-01 02:20:00,917.3650328
2018-06-01 02:21:00,907.834331918
2018-06-01 02:22:00,917.3650328
2018-06-01 02:23:00,907.834331918
2018-06-01 02:24:00,926.895733681
2018-06-01 02:25:00,926.895733681
2018-06-01 02:26:00,926.895733681
2018-06-01 02:27:00,917.3650328
2018-06-01 02:28:00,917.3650328
2018-06-01 02:29:00,926.895733681
2018-06-01 02:30:00,926.895733681
2018-06-01 02:31:00,917.3650328
2018-06-01 02:32:00,926.895733681
2018-06-01 02:33:00,926.895733681
2018-06-01 02:34:00,926.895733681
2018-06-01 02:35:00,926.895733681
2018-06-01 02:36:00,926.895733681
2018-06-01 02:37:00,926.895733681
2018-06-01 02:38:00,917.3650328
2018-06-01 02:39:00,926.895733681
2018-06-01 02:40:00,936.426434562
2018-06-01 02:41:00,936.426434562
2018-06-01 02:42:00,936.426434562
2018-06-01 02:43:00,936.426434562
2018-06-01 02:44:00,936.426434562
2018-06-01 02:45:00,936.426434562
2018-06-01 02:46:00,936.426434562
2018-06-01 02:47:00,936.426434562
2018-06-01 02:48:00,936.426434562
2018-06-01 02:49:00,955.487836325
2018-06-01 02:50:00,955.487836325
2018-06-01 02:51:00,955.487836325
2018-06-01 02:52:00,955.487836325
2018-06-01 02:53:00,965.018537206
2018-06-01 02:54:00,955.487836325
2018-06-01 02:55:00,945.957135443
2018-06-01 02:56:00,955.487836325
2018-06-01 02:57:00,945.957135443
2018-06-01 02:58:00,945.957135443
2018-06-01 02:59:00,945.957135443
2018-06-01 03:00:00,945.957135443
2018-06-01 03:01:00,955.487836325
2018-06-01 03:02:00,945.957135443
2018-06-01 03:03:00,926.895733681
2018-06-01 03:04:00,926.895733681
2018-06-01 03:05:00,926.895733681
2018-06-01 03:06:00,936.426434562
2018-06-01 03:07:00,936.426434562
2018-06-01 03:08:00,945.957135443
2018-06-01 03:09:00,936.426434562
2018-06-01 03:10:00,936.426434562
2018-06-01 03:11:00,907.834331918
2018-06-01 03:12:00,917.3650328
2018-06-01 03:13:00,907.834331918
2018-06-01 03:14:00,907.834331918
2018-06-01 03:15:00,907.834331918
2018-06-01 03:16:00,907.834331918
2018-06-01 03:17:00,917.3650328
2018-06-01 03:18:00,926.895733681
2018-06-01 03:19:00,917.3650328
2018-06-01 03:20:00,917.3650328
2018-06-01 03:21:00,907.834331918
2018-06-01 03:22:00,907.834331918
2018-06-01 03:23:00,926.895733681
2018-06-01 03:24:00,917.3650328
2018-06-01 03:25:00,907.834331918
2018-06-01 03:26:00,936.426434562
2018-06-01 03:27:00,936.426434562
2018-06-01 03:28:00,945.957135443
2018-06-01 03:29:00,945.957135443
2018-06-01 03:30:00,888.772930156
2018-06-01 03:31:00,879.242229275
2018-06-01 03:32:00,879.242229275
2018-06-01 03:33:00,898.303631037
2018-06-01 03:34:00,869.711528393
2018-06-01 03:35:00,869.711528393
2018-06-01 03:36:00,898.303631037
2018-06-01 03:37:00,898.303631037
2018-06-01 03:38:00,898.303631037
2018-06-01 03:39:00,888.772930156
2018-06-01 03:40:00,869.711528393
2018-06-01 03:41:00,869.711528393
2018-06-01 03:42:00,879.242229275
2018-06-01 03:43:00,879.242229275
2018-06-01 03:44:00,879.242229275
2018-06-01 03:45:00,860.180827512
2018-06-01 03:46:00,860.180827512
2018-06-01 03:47:00,850.650126631
2018-06-01 03:48:00,850.650126631
2018-06-01 03:49:00,850.650126631
2018-06-01 03:50:00,850.650126631
2018-06-01 03:51:00,850.650126631
2018-06-01 03:52:00,850.650126631
2018-06-01 03:53:00,860.180827512
2018-06-01 03:54:00,869.711528393
2018-06-01 03:55:00,869.711528393
2018-06-01 03:56:00,860.180827512
2018-06-01 03:57:00,869.711528393
2018-06-01 03:58:00,869.711528393
2018-06-01 03:59:00,860.180827512
2018-06-01 04:00:00,850.650126631
2018-06-01 04:01:00,860.180827512
2018-06-01 04:02:00,850.650126631
2018-06-01 04:03:00,850.650126631
2018-06-01 04:04:00,850.650126631
2018-06-01 04:05:00,841.11942575
2018-06-01 04:06:00,850.650126631
2018-06-01 04:07:00,860.180827512
2018-06-01 04:08:00,850.650126631
2018-06-01 04:09:00,850.650126631
2018-06-01 04:10:00,850.650126631
2018-06-01 04:11:00,860.180827512
2018-06-01 04:12:00,850.650126631
2018-06-01 04:13:00,850.650126631
2018-06-01 04:14:00,850.650126631
2018-06-01 04:15:00,850.650126631
2018-06-01 04:16:00,850.650126631
2018-06-01 04:17:00,860.180827512
2018-06-01 04:18:00,860.180827512
2018-06-01 04:19:00,869.711528393
2018-06-01 04:20:00,869.711528393
2018-06-01 04:21:00,869.711528393
2018-06-01 04:22:00,879.242229275
2018-06-01 04:23:00,879.242229275
2018-06-01 04:24:00,879.242229275
2018-06-01 04:25:00,860.180827512
2018-06-01 04:26:00,850.650126631
2018-06-01 04:27:00,850.650126631
2018-06-01 04:28:00,850.650126631
2018-06-01 04:29:00,850.650126631
2018-06-01 04:30:00,869.711528393
2018-06-01 04:31:00,869.711528393
2018-06-01 04:32:00,888.772930156
2018-06-01 04:33:00,888.772930156
2018-06-01 04:34:00,898.303631037
2018-06-01 04:35:00,869.711528393
2018-06-01 04:36:00,888.772930156
2018-06-01 04:37:00,907.834331918
2018-06-01 04:38:00,898.303631037
2018-06-01 04:39:00,898.303631037
2018-06-01 04:40:00,898.303631037
2018-06-01 04:41:00,879.242229275
2018-06-01 04:42:00,879.242229275
2018-06-01 04:43:00,879.242229275
2018-06-01 04:44:00,869.711528393
2018-06-01 04:45:00,860.180827512
2018-06-01 04:46:00,860.180827512
2018-06-01 04:47:00,860.180827512
2018-06-01 04:48:00,860.180827512
2018-06-01 04:49:00,869.711528393
2018-06-01 04:50:00,869.711528393
2018-06-01 04:51:00,898.303631037
2018-06-01 04:52:00,907.834331918
2018-06-01 04:53:00,898.303631037
2018-06-01 04:54:00,898.303631037
2018-06-01 04:55:00,907.834331918
2018-06-01 04:56:00,907.834331918
2018-06-01 04:57:00,898.303631037
2018-06-01 04:58:00,888.772930156
2018-06-01 04:59:00,879.242229275
2018-06-01 05:00:00,841.11942575
2018-06-01 05:01:00,850.650126631
2018-06-01 05:02:00,860.180827512
2018-06-01 05:03:00,860.180827512
2018-06-01 05:04:00,869.711528393
2018-06-01 05:05:00,879.242229275
2018-06-01 05:06:00,869.711528393
2018-06-01 05:07:00,850.650126631
2018-06-01 05:08:00,869.711528393
2018-06-01 05:09:00,869.711528393
2018-06-01 05:10:00,860.180827512
2018-06-01 05:11:00,860.180827512
2018-06-01 05:12:00,869.711528393
2018-06-01 05:13:00,860.180827512
2018-06-01 05:14:00,850.650126631
2018-06-01 05:15:00,869.711528393
2018-06-01 05:16:00,888.772930156
2018-06-01 05:17:00,850.650126631
2018-06-01 05:18:00,841.11942575
2018-06-01 05:19:00,831.588724868
2018-06-01 05:20:00,831.588724868
2018-06-01 05:21:00,831.588724868
2018-06-01 05:22:00,831.588724868
2018-06-01 05:23:00,831.588724868
2018-06-01 05:24:00,831.588724868
2018-06-01 05:25:00,831.588724868
2018-06-01 05:26:00,831.588724868
2018-06-01 05:27:00,831.588724868
2018-06-01 05:28:00,831.588724868
2018-06-01 05:29:00,831.588724868
2018-06-01 05:30:00,831.588724868
2018-06-01 05:31:00,764.8738187
2018-06-01 05:32:00,764.8738187
2018-06-01 05:33:00,764.8738187
2018-06-01 05:34:00,755.343117818
2018-06-01 05:35:00,745.812416937
2018-06-01 05:36:00,745.812416937
2018-06-01 05:37:00,736.281716056
2018-06-01 05:38:00,755.343117818
2018-06-01 05:39:00,764.8738187
2018-06-01 05:40:00,764.8738187
2018-06-01 05:41:00,736.281716056
2018-06-01 05:42:00,736.281716056
2018-06-01 05:43:00,717.220314293
2018-06-01 05:44:00,726.751015175
2018-06-01 05:45:00,726.751015175
2018-06-01 05:46:00,736.281716056
2018-06-01 05:47:00,726.751015175
2018-06-01 05:48:00,717.220314293
2018-06-01 05:49:00,717.220314293
2018-06-01 05:50:00,745.812416937
2018-06-01 05:51:00,745.812416937
2018-06-01 05:52:00,745.812416937
2018-06-01 05:53:00,755.343117818
2018-06-01 05:54:00,736.281716056
2018-06-01 05:55:00,755.343117818
2018-06-01 05:56:00,745.812416937
2018-06-01 05:57:00,755.343117818
2018-06-01 05:58:00,755.343117818
2018-06-01 05:59:00,755.343117818
2018-06-01 06:00:00,745.812416937
2018-06-01 06:01:00,745.812416937
2018-06-01 06:02:00,755.343117818
2018-06-01 06:03:00,755.343117818
2018-06-01 06:04:00,736.281716056
2018-06-01 06:05:00,736.281716056
2018-06-01 06:06:00,736.281716056
2018-06-01 06:07:00,736.281716056
2018-06-01 06:08:00,736.281716056
2018-06-01 06:09:00,736.281716056
2018-06-01 06:10:00,745.812416937
2018-06-01 06:11:00,745.812416937
2018-06-01 06:12:00,745.812416937
2018-06-01 06:13:00,755.343117818
2018-06-01 06:14:00,745.812416937
2018-06-01 06:15:00,745.812416937
2018-06-01 06:16:00,745.812416937
2018-06-01 06:17:00,736.281716056
2018-06-01 06:18:00,736.281716056
2018-06-01 06:19:00,736.281716056
2018-06-01 06:20:00,726.751015175
2018-06-01 06:21:00,736.281716056
2018-06-01 06:22:00,745.812416937
2018-06-01 06:23:00,736.281716056
2018-06-01 06:24:00,726.751015175
2018-06-01 06:25:00,726.751015175
2018-06-01 06:26:00,726.751015175
2018-06-01 06:27:00,745.812416937
2018-06-01 06:28:00,755.343117818
2018-06-01 06:29:00,736.281716056
2018-06-01 06:30:00,745.812416937
2018-06-01 06:31:00,745.812416937
2018-06-01 06:32:00,736.281716056
2018-06-01 06:33:00,736.281716056
2018-06-01 06:34:00,736.281716056
2018-06-01 06:35:00,736.281716056
2018-06-01 06:36:00,736.281716056
2018-06-01 06:37:00,745.812416937
2018-06-01 06:38:00,745.812416937
2018-06-01 06:39:00,736.281716056
2018-06-01 06:40:00,755.343117818
2018-06-01 06:41:00,745.812416937
2018-06-01 06:42:00,755.343117818
2018-06-01 06:43:00,745.812416937
2018-06-01 06:44:00,736.281716056
2018-06-01 06:45:00,736.281716056
2018-06-01 06:46:00,736.281716056
2018-06-01 06:47:00,736.281716056
2018-06-01 06:48:00,736.281716056
2018-06-01 06:49:00,736.281716056
2018-06-01 06:50:00,726.751015175
2018-06-01 06:51:00,717.220314293
2018-06-01 06:52:00,717.220314293
2018-06-01 06:53:00,707.689613412
2018-06-01 06:54:00,707.689613412
2018-06-01 06:55:00,707.689613412
2018-06-01 06:56:00,726.751015175
2018-06-01 06:57:00,717.220314293
2018-06-01 06:58:00,726.751015175
2018-06-01 06:59:00,698.158912531
2018-06-01 07:00:00,707.689613412
2018-06-01 07:01:00,736.281716056
2018-06-01 07:02:00,726.751015175
2018-06-01 07:03:00,726.751015175
2018-06-01 07:04:00,726.751015175
2018-06-01 07:05:00,726.751015175
2018-06-01 07:06:00,755.343117818
2018-06-01 07:07:00,736.281716056
2018-06-01 07:08:00,755.343117818
2018-06-01 07:09:00,764.8738187
2018-06-01 07:10:00,726.751015175
2018-06-01 07:11:00,717.220314293
2018-06-01 07:12:00,726.751015175
2018-06-01 07:13:00,726.751015175
2018-06-01 07:14:00,736.281716056
2018-06-01 07:15:00,726.751015175
2018-06-01 07:16:00,726.751015175
2018-06-01 07:17:00,726.751015175
2018-06-01 07:18:00,726.751015175
2018-06-01 07:19:00,726.751015175
2018-06-01 07:20:00,717.220314293
2018-06-01 07:21:00,726.751015175
2018-06-01 07:22:00,726.751015175
2018-06-01 07:23:00,726.751015175
2018-06-01 07:24:00,745.812416937
2018-06-01 07:25:00,745.812416937
2018-06-01 07:26:00,745.812416937
2018-06-01 07:27:00,745.812416937
2018-06-01 07:28:00,764.8738187
2018-06-01 07:29:00,764.8738187
2018-06-01 07:30:00,669.566809887
2018-06-01 07:31:00,688.62821165
2018-06-01 07:32:00,698.158912531
2018-06-01 07:33:00,707.689613412
2018-06-01 07:34:00,726.751015175
2018-06-01 07:35:00,764.8738187
2018-06-01 07:36:00,745.812416937
2018-06-01 07:37:00,745.812416937
2018-06-01 07:38:00,755.343117818
2018-06-01 07:39:00,745.812416937
2018-06-01 07:40:00,726.751015175
2018-06-01 07:41:00,717.220314293
2018-06-01 07:42:00,726.751015175
2018-06-01 07:43:00,726.751015175
2018-06-01 07:44:00,707.689613412
2018-06-01 07:45:00,707.689613412
2018-06-01 07:46:00,707.689613412
2018-06-01 07:47:00,717.220314293
2018-06-01 07:48:00,707.689613412
2018-06-01 07:49:00,698.158912531
2018-06-01 07:50:00,679.097510768
2018-06-01 07:51:00,621.913305481
2018-06-01 07:52:00,593.321202837
2018-06-01 07:53:00,564.729100193
2018-06-01 07:54:00,602.851903718
2018-06-01 07:55:00,650.505408125
2018-06-01 07:56:00,650.505408125
2018-06-01 07:57:00,660.036109006
2018-06-01 07:58:00,660.036109006
2018-06-01 07:59:00,660.036109006
2018-06-01 08:00:00,660.036109006
2018-06-01 08:01:00,660.036109006
2018-06-01 08:02:00,660.036109006
2018-06-01 08:03:00,660.036109006
2018-06-01 08:04:00,660.036109006
2018-06-01 08:05:00,631.444006362
2018-06-01 08:06:00,640.974707243
2018-06-01 08:07:00,631.444006362
2018-06-01 08:08:00,640.974707243
2018-06-01 08:09:00,631.444006362
2018-06-01 08:10:00,631.444006362
2018-06-01 08:11:00,640.974707243
2018-06-01 08:12:00,640.974707243
2018-06-01 08:13:00,640.974707243
2018-06-01 08:14:00,650.505408125
2018-06-01 08:15:00,640.974707243
2018-06-01 08:16:00,640.974707243
2018-06-01 08:17:00,650.505408125
2018-06-01 08:18:00,660.036109006
2018-06-01 08:19:00,660.036109006
2018-06-01 08:20:00,660.036109006
2018-06-01 08:21:00,669.566809887
2018-06-01 08:22:00,660.036109006
2018-06-01 08:23:00,679.097510768
2018-06-01 08:24:00,679.097510768
2018-06-01 08:25:00,679.097510768
2018-06-01 08:26:00,669.566809887
2018-06-01 08:27:00,688.62821165
2018-06-01 08:28:00,688.62821165
2018-06-01 08:29:00,688.62821165
2018-06-01 08:30:00,688.62821165
2018-06-01 08:31:00,679.097510768
2018-06-01 08:32:00,679.097510768
2018-06-01 08:33:00,688.62821165
2018-06-01 08:34:00,679.097510768
2018-06-01 08:35:00,669.566809887
2018-06-01 08:36:00,679.097510768
2018-06-01 08:37:00,669.566809887
2018-06-01 08:38:00,660.036109006
2018-06-01 08:39:00,640.974707243
2018-06-01 08:40:00,660.036109006
2018-06-01 08:41:00,660.036109006
2018-06-01 08:42:00,660.036109006
2018-06-01 08:43:00,650.505408125
2018-06-01 08:44:00,640.974707243
2018-06-01 08:45:00,660.036109006
2018-06-01 08:46:00,660.036109006
2018-06-01 08:47:00,640.974707243
2018-06-01 08:48:00,640.974707243
2018-06-01 08:49:00,640.974707243
2018-06-01 08:50:00,640.974707243
2018-06-01 08:51:00,650.505408125
2018-06-01 08:52:00,640.974707243
2018-06-01 08:53:00,640.974707243
2018-06-01 08:54:00,640.974707243
2018-06-01 08:55:00,640.974707243
2018-06-01 08:56:00,640.974707243
2018-06-01 08:57:00,640.974707243
2018-06-01 08:58:00,640.974707243
2018-06-01 08:59:00,640.974707243
2018-06-01 09:00:00,621.913305481
2018-06-01 09:01:00,640.974707243
2018-06-01 09:02:00,640.974707243
2018-06-01 09:03:00,640.974707243
2018-06-01 09:04:00,640.974707243
2018-06-01 09:05:00,640.974707243
2018-06-01 09:06:00,650.505408125
2018-06-01 09:07:00,679.097510768
2018-06-01 09:08:00,717.220314293
2018-06-01 09:09:00,717.220314293
2018-06-01 09:10:00,707.689613412
2018-06-01 09:11:00,717.220314293
2018-06-01 09:12:00,717.220314293
2018-06-01 09:13:00,726.751015175
2018-06-01 09:14:00,726.751015175
2018-06-01 09:15:00,736.281716056
2018-06-01 09:16:00,774.404519581
2018-06-01 09:17:00,764.8738187
2018-06-01 09:18:00,736.281716056
2018-06-01 09:19:00,717.220314293
2018-06-01 09:20:00,707.689613412
2018-06-01 09:21:00,717.220314293
2018-06-01 09:22:00,707.689613412
2018-06-01 09:23:00,707.689613412
2018-06-01 09:24:00,707.689613412
2018-06-01 09:25:00,707.689613412
2018-06-01 09:26:00,707.689613412
2018-06-01 09:27:00,707.689613412
2018-06-01 09:28:00,698.158912531
2018-06-01 09:29:00,707.689613412
2018-06-01 09:30:00,707.689613412
2018-06-01 09:31:00,707.689613412
2018-06-01 09:32:00,717.220314293
2018-06-01 09:33:00,726.751015175
2018-06-01 09:34:00,717.220314293
2018-06-01 09:35:00,717.220314293
2018-06-01 09:36:00,717.220314293
2018-06-01 09:37:00,717.220314293
2018-06-01 09:38:00,698.158912531
2018-06-01 09:39:00,698.158912531
2018-06-01 09:40:00,679.097510768
2018-06-01 09:41:00,688.62821165
2018-06-01 09:42:00,688.62821165
2018-06-01 09:43:00,698.158912531
2018-06-01 09:44:00,707.689613412
2018-06-01 09:45:00,707.689613412
2018-06-01 09:46:00,707.689613412
2018-06-01 09:47:00,717.220314293
2018-06-01 09:48:00,717.220314293
2018-06-01 09:49:00,707.689613412
2018-06-01 09:50:00,717.220314293
2018-06-01 09:51:00,717.220314293
2018-06-01 09:52:00,717.220314293
2018-06-01 09:53:00,707.689613412
2018-06-01 09:54:00,707.689613412
2018-06-01 09:55:00,707.689613412
2018-06-01 09:56:00,717.220314293
2018-06-01 09:57:00,717.220314293
2018-06-01 09:58:00,726.751015175
2018-06-01 09:59:00,736.281716056
2018-06-01 10:00:00,736.281716056
2018-06-01 10:01:00,736.281716056
2018-06-01 10:02:00,736.281716056
2018-06-01 10:03:00,726.751015175
2018-06-01 10:04:00,726.751015175
2018-06-01 10:05:00,726.751015175
2018-06-01 10:06:00,726.751015175
2018-06-01 10:07:00,726.751015175
2018-06-01 10:08:00,736.281716056
2018-06-01 10:09:00,736.281716056
2018-06-01 10:10:00,736.281716056
2018-06-01 10:11:00,726.751015175
2018-06-01 10:12:00,726.751015175
2018-06-01 10:13:00,736.281716056
2018-06-01 10:14:00,736.281716056
2018-06-01 10:15:00,736.281716056
2018-06-01 10:16:00,736.281716056
2018-06-01 10:17:00,736.281716056
2018-06-01 10:18:00,745.812416937
2018-06-01 10:19:00,745.812416937
2018-06-01 10:20:00,736.281716056
2018-06-01 10:21:00,726.751015175
2018-06-01 10:22:00,726.751015175
2018-06-01 10:23:00,736.281716056
2018-06-01 10:24:00,736.281716056
2018-06-01 10:25:00,736.281716056
2018-06-01 10:26:00,745.812416937
2018-06-01 10:27:00,745.812416937
2018-06-01 10:28:00,745.812416937
2018-06-01 10:29:00,745.812416937
2018-06-01 10:30:00,745.812416937
2018-06-01 10:31:00,745.812416937
2018-06-01 10:32:00,745.812416937
2018-06-01 10:33:00,736.281716056
2018-06-01 10:34:00,736.281716056
2018-06-01 10:35:00,736.281716056
2018-06-01 10:36:00,736.281716056
2018-06-01 10:37:00,745.812416937
2018-06-01 10:38:00,736.281716056
2018-06-01 10:39:00,736.281716056
2018-06-01 10:40:00,736.281716056
2018-06-01 10:41:00,736.281716056
2018-06-01 10:42:00,745.812416937
2018-06-01 10:43:00,745.812416937
2018-06-01 10:44:00,774.404519581
2018-06-01 10:45:00,774.404519581
2018-06-01 10:46:00,774.404519581
2018-06-01 10:47:00,783.935220462
2018-06-01 10:48:00,774.404519581
2018-06-01 10:49:00,764.8738187
2018-06-01 10:50:00,755.343117818
2018-06-01 10:51:00,755.343117818
2018-06-01 10:52:00,755.343117818
2018-06-01 10:53:00,745.812416937
2018-06-01 10:54:00,745.812416937
2018-06-01 10:55:00,745.812416937
2018-06-01 10:56:00,745.812416937
2018-06-01 10:57:00,745.812416937
2018-06-01 10:58:00,736.281716056
2018-06-01 10:59:00,736.281716056
2018-06-01 11:00:00,736.281716056
2018-06-01 11:01:00,736.281716056
2018-06-01 11:02:00,736.281716056
2018-06-01 11:03:00,736.281716056
2018-06-01 11:04:00,736.281716056
2018-06-01 11:05:00,736.281716056
2018-06-01 11:06:00,736.281716056
2018-06-01 11:07:00,736.281716056
2018-06-01 11:08:00,736.281716056
2018-06-01 11:09:00,736.281716056
2018-06-01 11:10:00,736.281716056
2018-06-01 11:11:00,736.281716056
2018-06-01 11:12:00,736.281716056
2018-06-01 11:13:00,736.281716056
2018-06-01 11:14:00,736.281716056
2018-06-01 11:15:00,736.281716056
2018-06-01 11:16:00,736.281716056
2018-06-01 11:17:00,736.281716056
2018-06-01 11:18:00,755.343117818
2018-06-01 11:19:00,745.812416937
2018-06-01 11:20:00,745.812416937
2018-06-01 11:21:00,755.343117818
2018-06-01 11:22:00,755.343117818
2018-06-01 11:23:00,755.343117818
2018-06-01 11:24:00,755.343117818
2018-06-01 11:25:00,755.343117818
2018-06-01 11:26:00,755.343117818
2018-06-01 11:27:00,755.343117818
2018-06-01 11:28:00,755.343117818
2018-06-01 11:29:00,745.812416937
2018-06-01 11:30:00,745.812416937
2018-06-01 11:31:00,745.812416937
2018-06-01 11:32:00,745.812416937
2018-06-01 11:33:00,745.812416937
2018-06-01 11:34:00,736.281716056
2018-06-01 11:35:00,736.281716056
2018-06-01 11:36:00,736.281716056
2018-06-01 11:37:00,736.281716056
2018-06-01 11:38:00,736.281716056
2018-06-01 11:39:00,736.281716056
2018-06-01 11:40:00,736.281716056
2018-06-01 11:41:00,755.343117818
2018-06-01 11:42:00,736.281716056
2018-06-01 11:43:00,736.281716056
2018-06-01 11:44:00,736.281716056
2018-06-01 11:45:00,736.281716056
2018-06-01 11:46:00,736.281716056
2018-06-01 11:47:00,736.281716056
2018-06-01 11:48:00,755.343117818
2018-06-01 11:49:00,755.343117818
2018-06-01 11:50:00,755.343117818
2018-06-01 11:51:00,755.343117818
2018-06-01 11:52:00,755.343117818
2018-06-01 11:53:00,755.343117818
2018-06-01 11:54:00,755.343117818
2018-06-01 11:55:00,755.343117818
2018-06-01 11:56:00,755.343117818
2018-06-01 11:57:00,745.812416937
2018-06-01 11:58:00,755.343117818
2018-06-01 11:59:00,745.812416937
2018-06-04 01:29:00,351.202405454
2018-06-04 01:30:00,351.202405454
2018-06-04 01:31:00,351.202405454
2018-06-04 01:32:00,351.202405454
2018-06-04 01:33:00,351.202405454
2018-06-04 01:34:00,716.013901079
2018-06-04 01:35:00,716.013901079
2018-06-04 01:36:00,716.013901079
2018-06-04 01:37:00,726.147553735
2018-06-04 01:38:00,726.147553735
2018-06-04 01:39:00,726.147553735
2018-06-04 01:40:00,726.147553735
2018-06-04 01:41:00,726.147553735
2018-06-04 01:42:00,726.147553735
2018-06-04 01:43:00,726.147553735
2018-06-04 01:44:00,726.147553735
2018-06-04 01:45:00,726.147553735
2018-06-04 01:46:00,736.281206391
2018-06-04 01:47:00,736.281206391
2018-06-04 01:48:00,726.147553735
2018-06-04 01:49:00,705.880248423
2018-06-04 01:50:00,716.013901079
2018-06-04 01:51:00,716.013901079
2018-06-04 01:52:00,695.746595766
2018-06-04 01:53:00,695.746595766
2018-06-04 01:54:00,695.746595766
2018-06-04 01:55:00,675.479290454
2018-06-04 01:56:00,675.479290454
2018-06-04 01:57:00,675.479290454
2018-06-04 01:58:00,675.479290454
2018-06-04 01:59:00,675.479290454
2018-06-04 02:00:00,675.479290454
2018-06-04 02:01:00,695.746595766
2018-06-04 02:02:00,675.479290454
2018-06-04 02:03:00,675.479290454
2018-06-04 02:04:00,675.479290454
2018-06-04 02:05:00,665.345637798
2018-06-04 02:06:00,655.211985141
2018-06-04 02:07:00,655.211985141
2018-06-04 02:08:00,655.211985141
2018-06-04 02:09:00,655.211985141
2018-06-04 02:10:00,655.211985141
2018-06-04 02:11:00,665.345637798
2018-06-04 02:12:00,665.345637798
2018-06-04 02:13:00,655.211985141
2018-06-04 02:14:00,634.944679829
2018-06-04 02:15:00,645.078332485
2018-06-04 02:16:00,645.078332485
2018-06-04 02:17:00,634.944679829
2018-06-04 02:18:00,634.944679829
2018-06-04 02:19:00,624.811027173
2018-06-04 02:20:00,634.944679829
2018-06-04 02:21:00,634.944679829
2018-06-04 02:22:00,634.944679829
2018-06-04 02:23:00,634.944679829
2018-06-04 02:24:00,634.944679829
2018-06-04 02:25:00,634.944679829
2018-06-04 02:26:00,634.944679829
2018-06-04 02:27:00,655.211985141
2018-06-04 02:28:00,655.211985141
2018-06-04 02:29:00,634.944679829
2018-06-04 02:30:00,634.944679829
2018-06-04 02:31:00,634.944679829
2018-06-04 02:32:00,655.211985141
2018-06-04 02:33:00,655.211985141
2018-06-04 02:34:00,655.211985141
2018-06-04 02:35:00,655.211985141
2018-06-04 02:36:00,655.211985141
2018-06-04 02:37:00,655.211985141
2018-06-04 02:38:00,655.211985141
2018-06-04 02:39:00,655.211985141
2018-06-04 02:40:00,655.211985141
2018-06-04 02:41:00,655.211985141
2018-06-04 02:42:00,655.211985141
2018-06-04 02:43:00,655.211985141
2018-06-04 02:44:00,655.211985141
2018-06-04 02:45:00,665.345637798
2018-06-04 02:46:00,675.479290454
2018-06-04 02:47:00,695.746595766
2018-06-04 02:48:00,695.746595766
2018-06-04 02:49:00,695.746595766
2018-06-04 02:50:00,695.746595766
2018-06-04 02:51:00,695.746595766
2018-06-04 02:52:00,705.880248423
2018-06-04 02:53:00,685.61294311
2018-06-04 02:54:00,685.61294311
2018-06-04 02:55:00,705.880248423
2018-06-04 02:56:00,716.013901079
2018-06-04 02:57:00,726.147553735
2018-06-04 02:58:00,726.147553735
2018-06-04 02:59:00,716.013901079
2018-06-04 03:00:00,726.147553735
2018-06-04 03:01:00,726.147553735
2018-06-04 03:02:00,726.147553735
2018-06-04 03:03:00,726.147553735
2018-06-04 03:04:00,726.147553735
2018-06-04 03:05:00,726.147553735
2018-06-04 03:06:00,716.013901079
2018-06-04 03:07:00,716.013901079
2018-06-04 03:08:00,716.013901079
2018-06-04 03:09:00,726.147553735
2018-06-04 03:10:00,716.013901079
2018-06-04 03:11:00,716.013901079
2018-06-04 03:12:00,716.013901079
2018-06-04 03:13:00,716.013901079
2018-06-04 03:14:00,716.013901079
2018-06-04 03:15:00,716.013901079
2018-06-04 03:16:00,716.013901079
2018-06-04 03:17:00,716.013901079
2018-06-04 03:18:00,695.746595766
2018-06-04 03:19:00,675.479290454
2018-06-04 03:20:00,655.211985141
2018-06-04 03:21:00,655.211985141
2018-06-04 03:22:00,655.211985141
2018-06-04 03:23:00,655.211985141
2018-06-04 03:24:00,655.211985141
2018-06-04 03:25:00,655.211985141
2018-06-04 03:26:00,685.61294311
2018-06-04 03:27:00,685.61294311
2018-06-04 03:28:00,685.61294311
2018-06-04 03:29:00,685.61294311
2018-06-04 03:30:00,695.746595766
2018-06-04 03:31:00,655.211985141
2018-06-04 03:32:00,645.078332485
2018-06-04 03:33:00,634.944679829
2018-06-04 03:34:00,634.944679829
2018-06-04 03:35:00,634.944679829
2018-06-04 03:36:00,634.944679829
2018-06-04 03:37:00,624.811027173
2018-06-04 03:38:00,624.811027173
2018-06-04 03:39:00,624.811027173
2018-06-04 03:40:00,624.811027173
2018-06-04 03:41:00,624.811027173
2018-06-04 03:42:00,624.811027173
2018-06-04 03:43:00,624.811027173
2018-06-04 03:44:00,624.811027173
2018-06-04 03:45:00,624.811027173
2018-06-04 03:46:00,624.811027173
2018-06-04 03:47:00,624.811027173
2018-06-04 03:48:00,624.811027173
2018-06-04 03:49:00,624.811027173
2018-06-04 03:50:00,624.811027173
2018-06-04 03:51:00,624.811027173
2018-06-04 03:52:00,624.811027173
2018-06-04 03:53:00,624.811027173
2018-06-04 03:54:00,624.811027173
2018-06-04 03:55:00,624.811027173
2018-06-04 03:56:00,624.811027173
2018-06-04 03:57:00,634.944679829
2018-06-04 03:58:00,634.944679829
2018-06-04 03:59:00,624.811027173
2018-06-04 04:00:00,634.944679829
2018-06-04 04:01:00,634.944679829
2018-06-04 04:02:00,624.811027173
2018-06-04 04:03:00,624.811027173
2018-06-04 04:04:00,634.944679829
2018-06-04 04:05:00,634.944679829
2018-06-04 04:06:00,645.078332485
2018-06-04 04:07:00,645.078332485
2018-06-04 04:08:00,645.078332485
2018-06-04 04:09:00,645.078332485
2018-06-04 04:10:00,645.078332485
2018-06-04 04:11:00,655.211985141
2018-06-04 04:12:00,665.345637798
2018-06-04 04:13:00,655.211985141
2018-06-04 04:14:00,665.345637798
2018-06-04 04:15:00,665.345637798
2018-06-04 04:16:00,665.345637798
2018-06-04 04:17:00,665.345637798
2018-06-04 04:18:00,655.211985141
2018-06-04 04:19:00,645.078332485
2018-06-04 04:20:00,645.078332485
2018-06-04 04:21:00,645.078332485
2018-06-04 04:22:00,645.078332485
2018-06-04 04:23:00,645.078332485
2018-06-04 04:24:00,634.944679829
2018-06-04 04:25:00,614.677374516
2018-06-04 04:26:00,604.54372186
2018-06-04 04:27:00,574.142763891
2018-06-04 04:28:00,574.142763891
2018-06-04 04:29:00,574.142763891
2018-06-04 04:30:00,574.142763891
2018-06-04 04:31:00,574.142763891
2018-06-04 04:32:00,574.142763891
2018-06-04 04:33:00,594.410069204
2018-06-04 04:34:00,594.410069204
2018-06-04 04:35:00,634.944679829
2018-06-04 04:36:00,614.677374516
2018-06-04 04:37:00,614.677374516
2018-06-04 04:38:00,594.410069204
2018-06-04 04:39:00,594.410069204
2018-06-04 04:40:00,594.410069204
2018-06-04 04:41:00,594.410069204
2018-06-04 04:42:00,604.54372186
2018-06-04 04:43:00,614.677374516
2018-06-04 04:44:00,614.677374516
2018-06-04 04:45:00,614.677374516
2018-06-04 04:46:00,614.677374516
2018-06-04 04:47:00,614.677374516
2018-06-04 04:48:00,604.54372186
2018-06-04 04:49:00,594.410069204
2018-06-04 04:50:00,594.410069204
2018-06-04 04:51:00,594.410069204
2018-06-04 04:52:00,594.410069204
2018-06-04 04:53:00,594.410069204
2018-06-04 04:54:00,594.410069204
2018-06-04 04:55:00,614.677374516
2018-06-04 04:56:00,594.410069204
2018-06-04 04:57:00,594.410069204
2018-06-04 04:58:00,594.410069204
2018-06-04 04:59:00,594.410069204
2018-06-04 05:00:00,594.410069204
2018-06-04 05:01:00,594.410069204
2018-06-04 05:02:00,614.677374516
2018-06-04 05:03:00,614.677374516
2018-06-04 05:04:00,614.677374516
2018-06-04 05:05:00,634.944679829
2018-06-04 05:06:00,624.811027173
2018-06-04 05:07:00,614.677374516
2018-06-04 05:08:00,614.677374516
2018-06-04 05:09:00,614.677374516
2018-06-04 05:10:00,604.54372186
2018-06-04 05:11:00,604.54372186
2018-06-04 05:12:00,594.410069204
2018-06-04 05:13:00,594.410069204
2018-06-04 05:14:00,594.410069204
2018-06-04 05:15:00,594.410069204
2018-06-04 05:16:00,594.410069204
2018-06-04 05:17:00,584.276416548
2018-06-04 05:18:00,584.276416548
2018-06-04 05:19:00,584.276416548
2018-06-04 05:20:00,584.276416548
2018-06-04 05:21:00,584.276416548
2018-06-04 05:22:00,584.276416548
2018-06-04 05:23:00,584.276416548
2018-06-04 05:24:00,584.276416548
2018-06-04 05:25:00,614.677374516
2018-06-04 05:26:00,634.944679829
2018-06-04 05:27:00,634.944679829
2018-06-04 05:28:00,634.944679829
2018-06-04 05:29:00,634.944679829
2018-06-04 05:30:00,634.944679829
2018-06-04 05:31:00,624.811027173
2018-06-04 05:32:00,634.944679829
2018-06-04 05:33:00,634.944679829
2018-06-04 05:34:00,614.677374516
2018-06-04 05:35:00,614.677374516
2018-06-04 05:36:00,614.677374516
2018-06-04 05:37:00,614.677374516
2018-06-04 05:38:00,594.410069204
2018-06-04 05:39:00,584.276416548
2018-06-04 05:40:00,624.811027173
2018-06-04 05:41:00,624.811027173
2018-06-04 05:42:00,624.811027173
2018-06-04 05:43:00,594.410069204
2018-06-04 05:44:00,594.410069204
2018-06-04 05:45:00,624.811027173
2018-06-04 05:46:00,624.811027173
2018-06-04 05:47:00,624.811027173
2018-06-04 05:48:00,645.078332485
2018-06-04 05:49:00,645.078332485
2018-06-04 05:50:00,645.078332485
2018-06-04 05:51:00,624.811027173
2018-06-04 05:52:00,624.811027173
2018-06-04 05:53:00,624.811027173
2018-06-04 05:54:00,604.54372186
2018-06-04 05:55:00,614.677374516
2018-06-04 05:56:00,604.54372186
2018-06-04 05:57:00,614.677374516
2018-06-04 05:58:00,614.677374516
2018-06-04 05:59:00,614.677374516
2018-06-04 06:00:00,634.944679829
2018-06-04 06:01:00,614.677374516
2018-06-04 06:02:00,614.677374516
2018-06-04 06:03:00,614.677374516
2018-06-04 06:04:00,614.677374516
2018-06-04 06:05:00,594.410069204
2018-06-04 06:06:00,594.410069204
2018-06-04 06:07:00,594.410069204
2018-06-04 06:08:00,594.410069204
2018-06-04 06:09:00,594.410069204
2018-06-04 06:10:00,594.410069204
2018-06-04 06:11:00,594.410069204
2018-06-04 06:12:00,594.410069204
2018-06-04 06:13:00,594.410069204
2018-06-04 06:14:00,594.410069204
2018-06-04 06:15:00,574.142763891
2018-06-04 06:16:00,574.142763891
2018-06-04 06:17:00,574.142763891
2018-06-04 06:18:00,584.276416548
2018-06-04 06:19:00,584.276416548
2018-06-04 06:20:00,594.410069204
2018-06-04 06:21:00,594.410069204
2018-06-04 06:22:00,594.410069204
2018-06-04 06:23:00,584.276416548
2018-06-04 06:24:00,584.276416548
2018-06-04 06:25:00,584.276416548
2018-06-04 06:26:00,584.276416548
2018-06-04 06:27:00,584.276416548
2018-06-04 06:28:00,584.276416548
2018-06-04 06:29:00,584.276416548
2018-06-04 06:30:00,584.276416548
2018-06-04 06:31:00,584.276416548
2018-06-04 06:32:00,584.276416548
2018-06-04 06:33:00,584.276416548
2018-06-04 06:34:00,584.276416548
2018-06-04 06:35:00,594.410069204
2018-06-04 06:36:00,594.410069204
2018-06-04 06:37:00,594.410069204
2018-06-04 06:38:00,614.677374516
2018-06-04 06:39:00,614.677374516
2018-06-04 06:40:00,614.677374516
2018-06-04 06:41:00,604.54372186
2018-06-04 06:42:00,594.410069204
2018-06-04 06:43:00,604.54372186
2018-06-04 06:44:00,604.54372186
2018-06-04 06:45:00,604.54372186
2018-06-04 06:46:00,604.54372186
2018-06-04 06:47:00,604.54372186
2018-06-04 06:48:00,604.54372186
2018-06-04 06:49:00,604.54372186
2018-06-04 06:50:00,604.54372186
2018-06-04 06:51:00,604.54372186
2018-06-04 06:52:00,604.54372186
2018-06-04 06:53:00,604.54372186
2018-06-04 06:54:00,604.54372186
2018-06-04 06:55:00,624.811027173
2018-06-04 06:56:00,634.944679829
2018-06-04 06:57:00,634.944679829
2018-06-04 06:58:00,645.078332485
2018-06-04 06:59:00,645.078332485
2018-06-04 07:00:00,645.078332485
2018-06-04 07:01:00,645.078332485
2018-06-04 07:02:00,645.078332485
2018-06-04 07:03:00,645.078332485
2018-06-04 07:04:00,645.078332485
2018-06-04 07:05:00,645.078332485
2018-06-04 07:06:00,645.078332485
2018-06-04 07:07:00,645.078332485
2018-06-04 07:08:00,645.078332485
2018-06-04 07:09:00,645.078332485
2018-06-04 07:10:00,645.078332485
2018-06-04 07:11:00,645.078332485
2018-06-04 07:12:00,645.078332485
2018-06-04 07:13:00,645.078332485
2018-06-04 07:14:00,645.078332485
2018-06-04 07:15:00,645.078332485
2018-06-04 07:16:00,645.078332485
2018-06-04 07:17:00,645.078332485
2018-06-04 07:18:00,645.078332485
2018-06-04 07:19:00,614.677374516
2018-06-04 07:20:00,634.944679829
2018-06-04 07:21:00,634.944679829
2018-06-04 07:22:00,634.944679829
2018-06-04 07:23:00,645.078332485
2018-06-04 07:24:00,645.078332485
2018-06-04 07:25:00,634.944679829
2018-06-04 07:26:00,634.944679829
2018-06-04 07:27:00,655.211985141
2018-06-04 07:28:00,655.211985141
2018-06-04 07:29:00,655.211985141
2018-06-04 07:30:00,665.345637798
2018-06-04 07:31:00,665.345637798
2018-06-04 07:32:00,665.345637798
2018-06-04 07:33:00,665.345637798
2018-06-04 07:34:00,665.345637798
2018-06-04 07:35:00,665.345637798
2018-06-04 07:36:00,665.345637798
2018-06-04 07:37:00,665.345637798
2018-06-04 07:38:00,665.345637798
2018-06-04 07:39:00,665.345637798
2018-06-04 07:40:00,665.345637798
2018-06-04 07:41:00,665.345637798
2018-06-04 07:42:00,665.345637798
2018-06-04 07:43:00,665.345637798
2018-06-04 07:44:00,665.345637798
2018-06-04 07:45:00,665.345637798
2018-06-04 07:46:00,665.345637798
2018-06-04 07:47:00,665.345637798
2018-06-04 07:48:00,665.345637798
2018-06-04 07:49:00,665.345637798
2018-06-04 07:50:00,665.345637798
2018-06-04 07:51:00,665.345637798
2018-06-04 07:52:00,665.345637798
2018-06-04 07:53:00,665.345637798
2018-06-04 07:54:00,665.345637798
2018-06-04 07:55:00,665.345637798
2018-06-04 07:56:00,665.345637798
2018-06-04 07:57:00,665.345637798
2018-06-04 07:58:00,665.345637798
2018-06-04 07:59:00,665.345637798
2018-06-04 08:00:00,665.345637798
2018-06-04 08:01:00,665.345637798
2018-06-04 08:02:00,665.345637798
2018-06-04 08:03:00,665.345637798
2018-06-04 08:04:00,665.345637798
2018-06-04 08:05:00,665.345637798
2018-06-04 08:06:00,665.345637798
2018-06-04 08:07:00,665.345637798
2018-06-04 08:08:00,665.345637798
2018-06-04 08:09:00,645.078332485
2018-06-04 08:10:00,645.078332485
2018-06-04 08:11:00,645.078332485
2018-06-04 08:12:00,645.078332485
2018-06-04 08:13:00,645.078332485
2018-06-04 08:14:00,634.944679829
2018-06-04 08:15:00,645.078332485
2018-06-04 08:16:00,645.078332485
2018-06-04 08:17:00,624.811027173
2018-06-04 08:18:00,634.944679829
2018-06-04 08:19:00,634.944679829
2018-06-04 08:20:00,634.944679829
2018-06-04 08:21:00,634.944679829
2018-06-04 08:22:00,634.944679829
2018-06-04 08:23:00,634.944679829
2018-06-04 08:24:00,614.677374516
2018-06-04 08:25:00,614.677374516
2018-06-04 08:26:00,614.677374516
2018-06-04 08:27:00,634.944679829
2018-06-04 08:28:00,634.944679829
2018-06-04 08:29:00,634.944679829
2018-06-04 08:30:00,624.811027173
2018-06-04 08:31:00,634.944679829
2018-06-04 08:32:00,624.811027173
2018-06-04 08:33:00,614.677374516
2018-06-04 08:34:00,634.944679829
2018-06-04 08:35:00,645.078332485
2018-06-04 08:36:00,645.078332485
2018-06-04 08:37:00,645.078332485
2018-06-04 08:38:00,645.078332485
2018-06-04 08:39:00,645.078332485
2018-06-04 08:40:00,645.078332485
2018-06-04 08:41:00,634.944679829
2018-06-04 08:42:00,634.944679829
2018-06-04 08:43:00,634.944679829
2018-06-04 08:44:00,634.944679829
2018-06-04 08:45:00,645.078332485
2018-06-04 08:46:00,634.944679829
2018-06-04 08:47:00,634.944679829
2018-06-04 08:48:00,645.078332485
2018-06-04 08:49:00,645.078332485
2018-06-04 08:50:00,614.677374516
2018-06-04 08:51:00,624.811027173
2018-06-04 08:52:00,624.811027173
2018-06-04 08:53:00,604.54372186
2018-06-04 08:54:00,604.54372186
2018-06-04 08:55:00,604.54372186
2018-06-04 08:56:00,594.410069204
2018-06-04 08:57:00,594.410069204
2018-06-04 08:58:00,594.410069204
2018-06-04 08:59:00,614.677374516
2018-06-04 09:00:00,594.410069204
2018-06-04 09:01:00,614.677374516
2018-06-04 09:02:00,614.677374516
2018-06-04 09:03:00,604.54372186
2018-06-04 09:04:00,604.54372186
2018-06-04 09:05:00,604.54372186
2018-06-04 09:06:00,604.54372186
2018-06-04 09:07:00,604.54372186
2018-06-04 09:08:00,604.54372186
2018-06-04 09:09:00,614.677374516
2018-06-04 09:10:00,634.944679829
2018-06-04 09:11:00,634.944679829
2018-06-04 09:12:00,614.677374516
2018-06-04 09:13:00,614.677374516
2018-06-04 09:14:00,614.677374516
2018-06-04 09:15:00,594.410069204
2018-06-04 09:16:00,594.410069204
2018-06-04 09:17:00,594.410069204
2018-06-04 09:18:00,594.410069204
2018-06-04 09:19:00,594.410069204
2018-06-04 09:20:00,614.677374516
2018-06-04 09:21:00,614.677374516
2018-06-04 09:22:00,614.677374516
2018-06-04 09:23:00,614.677374516
2018-06-04 09:24:00,614.677374516
2018-06-04 09:25:00,614.677374516
2018-06-04 09:26:00,614.677374516
2018-06-04 09:27:00,614.677374516
2018-06-04 09:28:00,614.677374516
2018-06-04 09:29:00,614.677374516
2018-06-04 09:30:00,614.677374516
2018-06-04 09:31:00,614.677374516
2018-06-04 09:32:00,634.944679829
2018-06-04 09:33:00,634.944679829
2018-06-04 09:34:00,614.677374516
2018-06-04 09:35:00,624.811027173
2018-06-04 09:36:00,624.811027173
2018-06-04 09:37:00,624.811027173
2018-06-04 09:38:00,624.811027173
2018-06-04 09:39:00,624.811027173
2018-06-04 09:40:00,624.811027173
2018-06-04 09:41:00,634.944679829
2018-06-04 09:42:00,614.677374516
2018-06-04 09:43:00,614.677374516
2018-06-04 09:44:00,614.677374516
2018-06-04 09:45:00,614.677374516
2018-06-04 09:46:00,614.677374516
2018-06-04 09:47:00,614.677374516
2018-06-04 09:48:00,634.944679829
2018-06-04 09:49:00,634.944679829
2018-06-04 09:50:00,634.944679829
2018-06-04 09:51:00,634.944679829
2018-06-04 09:52:00,634.944679829
2018-06-04 09:53:00,634.944679829
2018-06-04 09:54:00,604.54372186
2018-06-04 09:55:00,594.410069204
2018-06-04 09:56:00,594.410069204
2018-06-04 09:57:00,594.410069204
2018-06-04 09:58:00,594.410069204
2018-06-04 09:59:00,594.410069204
2018-06-04 10:00:00,584.276416548
2018-06-04 10:01:00,594.410069204
2018-06-04 10:02:00,594.410069204
2018-06-04 10:03:00,594.410069204
2018-06-04 10:04:00,594.410069204
2018-06-04 10:05:00,604.54372186
2018-06-04 10:06:00,594.410069204
2018-06-04 10:07:00,604.54372186
2018-06-04 10:08:00,614.677374516
2018-06-04 10:09:00,614.677374516
2018-06-04 10:10:00,614.677374516
2018-06-04 10:11:00,614.677374516
2018-06-04 10:12:00,614.677374516
2018-06-04 10:13:00,614.677374516
2018-06-04 10:14:00,624.811027173
2018-06-04 10:15:00,614.677374516
2018-06-04 10:16:00,614.677374516
2018-06-04 10:17:00,604.54372186
2018-06-04 10:18:00,614.677374516
2018-06-04 10:19:00,614.677374516
2018-06-04 10:20:00,614.677374516
2018-06-04 10:21:00,634.944679829
2018-06-04 10:22:00,634.944679829
2018-06-04 10:23:00,634.944679829
2018-06-04 10:24:00,634.944679829
2018-06-04 10:25:00,634.944679829
2018-06-04 10:26:00,634.944679829
2018-06-04 10:27:00,634.944679829
2018-06-04 10:28:00,634.944679829
2018-06-04 10:29:00,614.677374516
2018-06-04 10:30:00,614.677374516
2018-06-04 10:31:00,624.811027173
2018-06-04 10:32:00,624.811027173
2018-06-04 10:33:00,614.677374516
2018-06-04 10:34:00,614.677374516
2018-06-04 10:35:00,614.677374516
2018-06-04 10:36:00,614.677374516
2018-06-04 10:37:00,614.677374516
2018-06-04 10:38:00,614.677374516
2018-06-04 10:39:00,614.677374516
2018-06-04 10:40:00,614.677374516
2018-06-04 10:41:00,614.677374516
2018-06-04 10:42:00,614.677374516
2018-06-04 10:43:00,614.677374516
2018-06-04 10:44:00,614.677374516
2018-06-04 10:45:00,614.677374516
2018-06-04 10:46:00,614.677374516
2018-06-04 10:47:00,614.677374516
2018-06-04 10:48:00,614.677374516
2018-06-04 10:49:00,614.677374516
2018-06-04 10:50:00,614.677374516
2018-06-04 10:51:00,614.677374516
2018-06-04 10:52:00,614.677374516
2018-06-04 10:53:00,594.410069204
2018-06-04 10:54:00,594.410069204
2018-06-04 10:55:00,594.410069204
2018-06-04 10:56:00,594.410069204
2018-06-04 10:57:00,604.54372186
2018-06-04 10:58:00,604.54372186
2018-06-04 10:59:00,604.54372186
2018-06-04 11:00:00,604.54372186
2018-06-04 11:01:00,594.410069204
2018-06-04 11:02:00,584.276416548
2018-06-04 11:03:00,584.276416548
2018-06-04 11:04:00,574.142763891
2018-06-04 11:05:00,574.142763891
2018-06-04 11:06:00,574.142763891
2018-06-04 11:07:00,574.142763891
2018-06-04 11:08:00,574.142763891
2018-06-04 11:09:00,574.142763891
2018-06-04 11:10:00,553.875458579
2018-06-04 11:11:00,553.875458579
2018-06-04 11:12:00,553.875458579
2018-06-04 11:13:00,553.875458579
2018-06-04 11:14:00,543.741805923
2018-06-04 11:15:00,543.741805923
2018-06-04 11:16:00,543.741805923
2018-06-04 11:17:00,564.009111235
2018-06-04 11:18:00,564.009111235
2018-06-04 11:19:00,564.009111235
2018-06-04 11:20:00,553.875458579
2018-06-04 11:21:00,564.009111235
2018-06-04 11:22:00,564.009111235
2018-06-04 11:23:00,564.009111235
2018-06-04 11:24:00,564.009111235
2018-06-04 11:25:00,564.009111235
2018-06-04 11:26:00,564.009111235
2018-06-04 11:27:00,564.009111235
2018-06-04 11:28:00,594.410069204
2018-06-04 11:29:00,594.410069204
2018-06-04 11:30:00,564.009111235
2018-06-04 11:31:00,564.009111235
2018-06-04 11:32:00,564.009111235
2018-06-04 11:33:00,564.009111235
2018-06-04 11:34:00,564.009111235
2018-06-04 11:35:00,564.009111235
2018-06-04 11:36:00,553.875458579
2018-06-04 11:37:00,564.009111235
2018-06-04 11:38:00,564.009111235
2018-06-04 11:39:00,564.009111235
2018-06-04 11:40:00,564.009111235
2018-06-04 11:41:00,564.009111235
2018-06-04 11:42:00,543.741805923
2018-06-04 11:43:00,543.741805923
2018-06-04 11:44:00,533.608153266
2018-06-04 11:45:00,533.608153266
2018-06-04 11:46:00,533.608153266
2018-06-04 11:47:00,564.009111235
2018-06-04 11:48:00,543.741805923
2018-06-04 11:49:00,564.009111235
2018-06-04 11:50:00,543.741805923
2018-06-04 11:51:00,543.741805923
2018-06-04 11:52:00,543.741805923
2018-06-04 11:53:00,543.741805923
2018-06-04 11:54:00,543.741805923
2018-06-04 11:55:00,543.741805923
2018-06-04 11:56:00,533.608153266
2018-06-04 11:57:00,533.608153266
2018-06-04 11:58:00,533.608153266
2018-06-04 11:59:00,574.142763891
2018-06-05 01:29:00,503.207195298
2018-06-05 01:30:00,503.207195298
2018-06-05 01:31:00,624.811027173
2018-06-05 01:32:00,645.078332485
2018-06-05 01:33:00,645.078332485
2018-06-05 01:34:00,655.211985141
2018-06-05 01:35:00,655.211985141
2018-06-05 01:36:00,655.211985141
2018-06-05 01:37:00,665.345637798
2018-06-05 01:38:00,655.211985141
2018-06-05 01:39:00,655.211985141
2018-06-05 01:40:00,655.211985141
2018-06-05 01:41:00,655.211985141
2018-06-05 01:42:00,655.211985141
2018-06-05 01:43:00,655.211985141
2018-06-05 01:44:00,655.211985141
2018-06-05 01:45:00,645.078332485
2018-06-05 01:46:00,645.078332485
2018-06-05 01:47:00,645.078332485
2018-06-05 01:48:00,645.078332485
2018-06-05 01:49:00,645.078332485
2018-06-05 01:50:00,645.078332485
2018-06-05 01:51:00,645.078332485
2018-06-05 01:52:00,645.078332485
2018-06-05 01:53:00,645.078332485
2018-06-05 01:54:00,645.078332485
2018-06-05 01:55:00,655.211985141
2018-06-05 01:56:00,655.211985141
2018-06-05 01:57:00,655.211985141
2018-06-05 01:58:00,655.211985141
2018-06-05 01:59:00,655.211985141
2018-06-05 02:00:00,645.078332485
2018-06-05 02:01:00,665.345637798
2018-06-05 02:02:00,665.345637798
2018-06-05 02:03:00,665.345637798
2018-06-05 02:04:00,695.746595766
2018-06-05 02:05:00,716.013901079
2018-06-05 02:06:00,716.013901079
2018-06-05 02:07:00,695.746595766
2018-06-05 02:08:00,655.211985141
2018-06-05 02:09:00,665.345637798
2018-06-05 02:10:00,665.345637798
2018-06-05 02:11:00,675.479290454
2018-06-05 02:12:00,675.479290454
2018-06-05 02:13:00,675.479290454
2018-06-05 02:14:00,655.211985141
2018-06-05 02:15:00,675.479290454
2018-06-05 02:16:00,695.746595766
2018-06-05 02:17:00,685.61294311
2018-06-05 02:18:00,675.479290454
2018-06-05 02:19:00,665.345637798
2018-06-05 02:20:00,665.345637798
2018-06-05 02:21:00,665.345637798
2018-06-05 02:22:00,665.345637798
2018-06-05 02:23:00,665.345637798
2018-06-05 02:24:00,675.479290454
2018-06-05 02:25:00,675.479290454
2018-06-05 02:26:00,675.479290454
2018-06-05 02:27:00,675.479290454
2018-06-05 02:28:00,665.345637798
2018-06-05 02:29:00,655.211985141
2018-06-05 02:30:00,645.078332485
2018-06-05 02:31:00,655.211985141
2018-06-05 02:32:00,655.211985141
2018-06-05 02:33:00,655.211985141
2018-06-05 02:34:00,655.211985141
2018-06-05 02:35:00,655.211985141
2018-06-05 02:36:00,645.078332485
2018-06-05 02:37:00,655.211985141
2018-06-05 02:38:00,655.211985141
2018-06-05 02:39:00,655.211985141
2018-06-05 02:40:00,665.345637798
2018-06-05 02:41:00,655.211985141
2018-06-05 02:42:00,655.211985141
2018-06-05 02:43:00,655.211985141
2018-06-05 02:44:00,655.211985141
2018-06-05 02:45:00,645.078332485
2018-06-05 02:46:00,655.211985141
2018-06-05 02:47:00,655.211985141
2018-06-05 02:48:00,655.211985141
2018-06-05 02:49:00,655.211985141
2018-06-05 02:50:00,655.211985141
2018-06-05 02:51:00,655.211985141
2018-06-05 02:52:00,655.211985141
2018-06-05 02:53:00,655.211985141
2018-06-05 02:54:00,655.211985141
2018-06-05 02:55:00,655.211985141
2018-06-05 02:56:00,655.211985141
2018-06-05 02:57:00,655.211985141
2018-06-05 02:58:00,655.211985141
2018-06-05 02:59:00,655.211985141
2018-06-05 03:00:00,675.479290454
2018-06-05 03:01:00,695.746595766
2018-06-05 03:02:00,695.746595766
2018-06-05 03:03:00,705.880248423
2018-06-05 03:04:00,695.746595766
2018-06-05 03:05:00,705.880248423
2018-06-05 03:06:00,705.880248423
2018-06-05 03:07:00,695.746595766
2018-06-05 03:08:00,695.746595766
2018-06-05 03:09:00,695.746595766
2018-06-05 03:10:00,685.61294311
2018-06-05 03:11:00,685.61294311
2018-06-05 03:12:00,675.479290454
2018-06-05 03:13:00,695.746595766
2018-06-05 03:14:00,695.746595766
2018-06-05 03:15:00,695.746595766
2018-06-05 03:16:00,695.746595766
2018-06-05 03:17:00,675.479290454
2018-06-05 03:18:00,675.479290454
2018-06-05 03:19:00,675.479290454
2018-06-05 03:20:00,675.479290454
2018-06-05 03:21:00,675.479290454
2018-06-05 03:22:00,675.479290454
2018-06-05 03:23:00,665.345637798
2018-06-05 03:24:00,655.211985141
2018-06-05 03:25:00,655.211985141
2018-06-05 03:26:00,655.211985141
2018-06-05 03:27:00,655.211985141
2018-06-05 03:28:00,685.61294311
2018-06-05 03:29:00,655.211985141
2018-06-05 03:30:00,543.741805923
2018-06-05 03:31:00,513.340847954
2018-06-05 03:32:00,513.340847954
2018-06-05 03:33:00,493.073542641
2018-06-05 03:34:00,452.538932016
2018-06-05 03:35:00,452.538932016
2018-06-05 03:36:00,452.538932016
2018-06-05 03:37:00,432.271626704
2018-06-05 03:38:00,452.538932016
2018-06-05 03:39:00,452.538932016
2018-06-05 03:40:00,452.538932016
2018-06-05 03:41:00,472.806237329
2018-06-05 03:42:00,472.806237329
2018-06-05 03:43:00,482.939889985
2018-06-05 03:44:00,503.207195298
2018-06-05 03:45:00,533.608153266
2018-06-05 03:46:00,533.608153266
2018-06-05 03:47:00,543.741805923
2018-06-05 03:48:00,543.741805923
2018-06-05 03:49:00,543.741805923
2018-06-05 03:50:00,533.608153266
2018-06-05 03:51:00,523.47450061
2018-06-05 03:52:00,523.47450061
2018-06-05 03:53:00,533.608153266
2018-06-05 03:54:00,523.47450061
2018-06-05 03:55:00,503.207195298
2018-06-05 03:56:00,503.207195298
2018-06-05 03:57:00,503.207195298
2018-06-05 03:58:00,482.939889985
2018-06-05 03:59:00,503.207195298
2018-06-05 04:00:00,503.207195298
2018-06-05 04:01:00,503.207195298
2018-06-05 04:02:00,503.207195298
2018-06-05 04:03:00,513.340847954
2018-06-05 04:04:00,503.207195298
2018-06-05 04:05:00,503.207195298
2018-06-05 04:06:00,503.207195298
2018-06-05 04:07:00,493.073542641
2018-06-05 04:08:00,493.073542641
2018-06-05 04:09:00,493.073542641
2018-06-05 04:10:00,503.207195298
2018-06-05 04:11:00,513.340847954
2018-06-05 04:12:00,493.073542641
2018-06-05 04:13:00,493.073542641
2018-06-05 04:14:00,503.207195298
2018-06-05 04:15:00,503.207195298
2018-06-05 04:16:00,513.340847954
2018-06-05 04:17:00,513.340847954
2018-06-05 04:18:00,513.340847954
2018-06-05 04:19:00,513.340847954
2018-06-05 04:20:00,513.340847954
2018-06-05 04:21:00,523.47450061
2018-06-05 04:22:00,523.47450061
2018-06-05 04:23:00,523.47450061
2018-06-05 04:24:00,513.340847954
2018-06-05 04:25:00,493.073542641
2018-06-05 04:26:00,493.073542641
2018-06-05 04:27:00,493.073542641
2018-06-05 04:28:00,493.073542641
2018-06-05 04:29:00,493.073542641
2018-06-05 04:30:00,493.073542641
2018-06-05 04:31:00,493.073542641
2018-06-05 04:32:00,493.073542641
2018-06-05 04:33:00,493.073542641
2018-06-05 04:34:00,493.073542641
2018-06-05 04:35:00,422.137974048
2018-06-05 04:36:00,422.137974048
2018-06-05 04:37:00,422.137974048
2018-06-05 04:38:00,432.271626704
2018-06-05 04:39:00,432.271626704
2018-06-05 04:40:00,462.672584673
2018-06-05 04:41:00,472.806237329
2018-06-05 04:42:00,493.073542641
2018-06-05 04:43:00,493.073542641
2018-06-05 04:44:00,493.073542641
2018-06-05 04:45:00,513.340847954
2018-06-05 04:46:00,513.340847954
2018-06-05 04:47:00,513.340847954
2018-06-05 04:48:00,513.340847954
2018-06-05 04:49:00,523.47450061
2018-06-05 04:50:00,523.47450061
2018-06-05 04:51:00,523.47450061
2018-06-05 04:52:00,523.47450061
2018-06-05 04:53:00,503.207195298
2018-06-05 04:54:00,503.207195298
2018-06-05 04:55:00,513.340847954
2018-06-05 04:56:00,523.47450061
2018-06-05 04:57:00,513.340847954
2018-06-05 04:58:00,503.207195298
2018-06-05 04:59:00,503.207195298
2018-06-05 05:00:00,503.207195298
2018-06-05 05:01:00,503.207195298
2018-06-05 05:02:00,503.207195298
2018-06-05 05:03:00,503.207195298
2018-06-05 05:04:00,503.207195298
2018-06-05 05:05:00,503.207195298
2018-06-05 05:06:00,503.207195298
2018-06-05 05:07:00,513.340847954
2018-06-05 05:08:00,503.207195298
2018-06-05 05:09:00,513.340847954
2018-06-05 05:10:00,533.608153266
2018-06-05 05:11:00,533.608153266
2018-06-05 05:12:00,533.608153266
2018-06-05 05:13:00,543.741805923
2018-06-05 05:14:00,533.608153266
2018-06-05 05:15:00,533.608153266
2018-06-05 05:16:00,533.608153266
2018-06-05 05:17:00,533.608153266
2018-06-05 05:18:00,533.608153266
2018-06-05 05:19:00,523.47450061
2018-06-05 05:20:00,513.340847954
2018-06-05 05:21:00,513.340847954
2018-06-05 05:22:00,513.340847954
2018-06-05 05:23:00,523.47450061
2018-06-05 05:24:00,523.47450061
2018-06-05 05:25:00,533.608153266
2018-06-05 05:26:00,513.340847954
2018-06-05 05:27:00,523.47450061
2018-06-05 05:28:00,513.340847954
2018-06-05 05:29:00,523.47450061
2018-06-05 05:30:00,553.875458579
2018-06-05 05:31:00,553.875458579
2018-06-05 05:32:00,553.875458579
2018-06-05 05:33:00,553.875458579
2018-06-05 05:34:00,553.875458579
2018-06-05 05:35:00,553.875458579
2018-06-05 05:36:00,553.875458579
2018-06-05 05:37:00,553.875458579
2018-06-05 05:38:00,553.875458579
2018-06-05 05:39:00,543.741805923
2018-06-05 05:40:00,553.875458579
2018-06-05 05:41:00,543.741805923
2018-06-05 05:42:00,564.009111235
2018-06-05 05:43:00,564.009111235
2018-06-05 05:44:00,564.009111235
2018-06-05 05:45:00,564.009111235
2018-06-05 05:46:00,564.009111235
2018-06-05 05:47:00,564.009111235
2018-06-05 05:48:00,564.009111235
2018-06-05 05:49:00,564.009111235
2018-06-05 05:50:00,533.608153266
2018-06-05 05:51:00,533.608153266
2018-06-05 05:52:00,533.608153266
2018-06-05 05:53:00,533.608153266
2018-06-05 05:54:00,553.875458579
2018-06-05 05:55:00,553.875458579
2018-06-05 05:56:00,553.875458579
2018-06-05 05:57:00,553.875458579
2018-06-05 05:58:00,574.142763891
2018-06-05 05:59:00,574.142763891
2018-06-05 06:00:00,574.142763891
2018-06-05 06:01:00,574.142763891
2018-06-05 06:02:00,553.875458579
2018-06-05 06:03:00,553.875458579
2018-06-05 06:04:00,553.875458579
2018-06-05 06:05:00,553.875458579
2018-06-05 06:06:00,564.009111235
2018-06-05 06:07:00,564.009111235
2018-06-05 06:08:00,553.875458579
2018-06-05 06:09:00,553.875458579
2018-06-05 06:10:00,553.875458579
2018-06-05 06:11:00,553.875458579
2018-06-05 06:12:00,574.142763891
2018-06-05 06:13:00,564.009111235
2018-06-05 06:14:00,574.142763891
2018-06-05 06:15:00,574.142763891
2018-06-05 06:16:00,574.142763891
2018-06-05 06:17:00,574.142763891
2018-06-05 06:18:00,574.142763891
2018-06-05 06:19:00,584.276416548
2018-06-05 06:20:00,584.276416548
2018-06-05 06:21:00,574.142763891
2018-06-05 06:22:00,574.142763891
2018-06-05 06:23:00,584.276416548
2018-06-05 06:24:00,584.276416548
2018-06-05 06:25:00,574.142763891
2018-06-05 06:26:00,594.410069204
2018-06-05 06:27:00,574.142763891
2018-06-05 06:28:00,574.142763891
2018-06-05 06:29:00,594.410069204
2018-06-05 06:30:00,594.410069204
2018-06-05 06:31:00,594.410069204
2018-06-05 06:32:00,604.54372186
2018-06-05 06:33:00,614.677374516
2018-06-05 06:34:00,604.54372186
2018-06-05 06:35:00,594.410069204
2018-06-05 06:36:00,594.410069204
2018-06-05 06:37:00,594.410069204
2018-06-05 06:38:00,594.410069204
2018-06-05 06:39:00,594.410069204
2018-06-05 06:40:00,614.677374516
2018-06-05 06:41:00,594.410069204
2018-06-05 06:42:00,604.54372186
2018-06-05 06:43:00,604.54372186
2018-06-05 06:44:00,604.54372186
2018-06-05 06:45:00,604.54372186
2018-06-05 06:46:00,604.54372186
2018-06-05 06:47:00,604.54372186
2018-06-05 06:48:00,574.142763891
2018-06-05 06:49:00,584.276416548
2018-06-05 06:50:00,584.276416548
2018-06-05 06:51:00,584.276416548
2018-06-05 06:52:00,584.276416548
2018-06-05 06:53:00,594.410069204
2018-06-05 06:54:00,594.410069204
2018-06-05 06:55:00,594.410069204
2018-06-05 06:56:00,594.410069204
2018-06-05 06:57:00,594.410069204
2018-06-05 06:58:00,604.54372186
2018-06-05 06:59:00,604.54372186
2018-06-05 07:00:00,604.54372186
2018-06-05 07:01:00,614.677374516
2018-06-05 07:02:00,614.677374516
2018-06-05 07:03:00,614.677374516
2018-06-05 07:04:00,624.811027173
2018-06-05 07:05:00,624.811027173
2018-06-05 07:06:00,624.811027173
2018-06-05 07:07:00,624.811027173
2018-06-05 07:08:00,624.811027173
2018-06-05 07:09:00,634.944679829
2018-06-05 07:10:00,634.944679829
2018-06-05 07:11:00,665.345637798
2018-06-05 07:12:00,665.345637798
2018-06-05 07:13:00,665.345637798
2018-06-05 07:14:00,634.944679829
2018-06-05 07:15:00,655.211985141
2018-06-05 07:16:00,645.078332485
2018-06-05 07:17:00,655.211985141
2018-06-05 07:18:00,634.944679829
2018-06-05 07:19:00,634.944679829
2018-06-05 07:20:00,634.944679829
2018-06-05 07:21:00,655.211985141
2018-06-05 07:22:00,665.345637798
2018-06-05 07:23:00,665.345637798
2018-06-05 07:24:00,665.345637798
2018-06-05 07:25:00,675.479290454
2018-06-05 07:26:00,665.345637798
2018-06-05 07:27:00,665.345637798
2018-06-05 07:28:00,675.479290454
2018-06-05 07:29:00,655.211985141
2018-06-05 07:30:00,675.479290454
2018-06-05 07:31:00,685.61294311
2018-06-05 07:32:00,685.61294311
2018-06-05 07:33:00,685.61294311
2018-06-05 07:34:00,685.61294311
2018-06-05 07:35:00,675.479290454
2018-06-05 07:36:00,685.61294311
2018-06-05 07:37:00,675.479290454
2018-06-05 07:38:00,675.479290454
2018-06-05 07:39:00,655.211985141
2018-06-05 07:40:00,655.211985141
2018-06-05 07:41:00,655.211985141
2018-06-05 07:42:00,655.211985141
2018-06-05 07:43:00,634.944679829
2018-06-05 07:44:00,634.944679829
2018-06-05 07:45:00,634.944679829
2018-06-05 07:46:00,634.944679829
2018-06-05 07:47:00,634.944679829
2018-06-05 07:48:00,655.211985141
2018-06-05 07:49:00,655.211985141
2018-06-05 07:50:00,645.078332485
2018-06-05 07:51:00,655.211985141
2018-06-05 07:52:00,665.345637798
2018-06-05 07:53:00,665.345637798
2018-06-05 07:54:00,675.479290454
2018-06-05 07:55:00,675.479290454
2018-06-05 07:56:00,655.211985141
2018-06-05 07:57:00,665.345637798
2018-06-05 07:58:00,675.479290454
2018-06-05 07:59:00,705.880248423
2018-06-05 08:00:00,716.013901079
2018-06-05 08:01:00,726.147553735
2018-06-05 08:02:00,726.147553735
2018-06-05 08:03:00,716.013901079
2018-06-05 08:04:00,716.013901079
2018-06-05 08:05:00,695.746595766
2018-06-05 08:06:00,695.746595766
2018-06-05 08:07:00,695.746595766
2018-06-05 08:08:00,695.746595766
2018-06-05 08:09:00,685.61294311
2018-06-05 08:10:00,675.479290454
2018-06-05 08:11:00,655.211985141
2018-06-05 08:12:00,655.211985141
2018-06-05 08:13:00,655.211985141
2018-06-05 08:14:00,655.211985141
2018-06-05 08:15:00,655.211985141
2018-06-05 08:16:00,655.211985141
2018-06-05 08:17:00,655.211985141
2018-06-05 08:18:00,655.211985141
2018-06-05 08:19:00,655.211985141
2018-06-05 08:20:00,655.211985141
2018-06-05 08:21:00,655.211985141
2018-06-05 08:22:00,655.211985141
2018-06-05 08:23:00,675.479290454
2018-06-05 08:24:00,675.479290454
2018-06-05 08:25:00,695.746595766
2018-06-05 08:26:00,695.746595766
2018-06-05 08:27:00,685.61294311
2018-06-05 08:28:00,685.61294311
2018-06-05 08:29:00,675.479290454
2018-06-05 08:30:00,655.211985141
2018-06-05 08:31:00,655.211985141
2018-06-05 08:32:00,655.211985141
2018-06-05 08:33:00,655.211985141
2018-06-05 08:34:00,634.944679829
2018-06-05 08:35:00,624.811027173
2018-06-05 08:36:00,614.677374516
2018-06-05 08:37:00,624.811027173
2018-06-05 08:38:00,614.677374516
2018-06-05 08:39:00,614.677374516
2018-06-05 08:40:00,624.811027173
2018-06-05 08:41:00,645.078332485
2018-06-05 08:42:00,645.078332485
2018-06-05 08:43:00,645.078332485
2018-06-05 08:44:00,634.944679829
2018-06-05 08:45:00,624.811027173
2018-06-05 08:46:00,624.811027173
2018-06-05 08:47:00,624.811027173
2018-06-05 08:48:00,624.811027173
2018-06-05 08:49:00,624.811027173
2018-06-05 08:50:00,624.811027173
2018-06-05 08:51:00,624.811027173
2018-06-05 08:52:00,624.811027173
2018-06-05 08:53:00,634.944679829
2018-06-05 08:54:00,634.944679829
2018-06-05 08:55:00,634.944679829
2018-06-05 08:56:00,624.811027173
2018-06-05 08:57:00,634.944679829
2018-06-05 08:58:00,634.944679829
2018-06-05 08:59:00,634.944679829
2018-06-05 09:00:00,624.811027173
2018-06-05 09:01:00,614.677374516
2018-06-05 09:02:00,614.677374516
2018-06-05 09:03:00,614.677374516
2018-06-05 09:04:00,614.677374516
2018-06-05 09:05:00,614.677374516
2018-06-05 09:06:00,614.677374516
2018-06-05 09:07:00,614.677374516
2018-06-05 09:08:00,614.677374516
2018-06-05 09:09:00,614.677374516
2018-06-05 09:10:00,614.677374516
2018-06-05 09:11:00,624.811027173
2018-06-05 09:12:00,624.811027173
2018-06-05 09:13:00,624.811027173
2018-06-05 09:14:00,614.677374516
2018-06-05 09:15:00,594.410069204
2018-06-05 09:16:00,604.54372186
2018-06-05 09:17:00,594.410069204
2018-06-05 09:18:00,614.677374516
2018-06-05 09:19:00,594.410069204
2018-06-05 09:20:00,594.410069204
2018-06-05 09:21:00,594.410069204
2018-06-05 09:22:00,604.54372186
2018-06-05 09:23:00,604.54372186
2018-06-05 09:24:00,624.811027173
2018-06-05 09:25:00,614.677374516
2018-06-05 09:26:00,624.811027173
2018-06-05 09:27:00,624.811027173
2018-06-05 09:28:00,624.811027173
2018-06-05 09:29:00,614.677374516
2018-06-05 09:30:00,604.54372186
2018-06-05 09:31:00,604.54372186
2018-06-05 09:32:00,604.54372186
2018-06-05 09:33:00,604.54372186
2018-06-05 09:34:00,624.811027173
2018-06-05 09:35:00,624.811027173
2018-06-05 09:36:00,645.078332485
2018-06-05 09:37:00,634.944679829
2018-06-05 09:38:00,634.944679829
2018-06-05 09:39:00,634.944679829
2018-06-05 09:40:00,624.811027173
2018-06-05 09:41:00,624.811027173
2018-06-05 09:42:00,634.944679829
2018-06-05 09:43:00,624.811027173
2018-06-05 09:44:00,624.811027173
2018-06-05 09:45:00,624.811027173
2018-06-05 09:46:00,624.811027173
2018-06-05 09:47:00,624.811027173
2018-06-05 09:48:00,624.811027173
2018-06-05 09:49:00,624.811027173
2018-06-05 09:50:00,624.811027173
2018-06-05 09:51:00,624.811027173
2018-06-05 09:52:00,624.811027173
2018-06-05 09:53:00,624.811027173
2018-06-05 09:54:00,634.944679829
2018-06-05 09:55:00,634.944679829
2018-06-05 09:56:00,634.944679829
2018-06-05 09:57:00,614.677374516
2018-06-05 09:58:00,614.677374516
2018-06-05 09:59:00,614.677374516
2018-06-05 10:00:00,614.677374516
2018-06-05 10:01:00,614.677374516
2018-06-05 10:02:00,624.811027173
2018-06-05 10:03:00,614.677374516
2018-06-05 10:04:00,634.944679829
2018-06-05 10:05:00,645.078332485
2018-06-05 10:06:00,655.211985141
2018-06-05 10:07:00,655.211985141
2018-06-05 10:08:00,655.211985141
2018-06-05 10:09:00,655.211985141
2018-06-05 10:10:00,655.211985141
2018-06-05 10:11:00,655.211985141
2018-06-05 10:12:00,655.211985141
2018-06-05 10:13:00,655.211985141
2018-06-05 10:14:00,655.211985141
2018-06-05 10:15:00,655.211985141
2018-06-05 10:16:00,665.345637798
2018-06-05 10:17:00,655.211985141
2018-06-05 10:18:00,655.211985141
2018-06-05 10:19:00,655.211985141
2018-06-05 10:20:00,655.211985141
2018-06-05 10:21:00,655.211985141
2018-06-05 10:22:00,655.211985141
2018-06-05 10:23:00,655.211985141
2018-06-05 10:24:00,655.211985141
2018-06-05 10:25:00,665.345637798
2018-06-05 10:26:00,655.211985141
2018-06-05 10:27:00,655.211985141
2018-06-05 10:28:00,655.211985141
2018-06-05 10:29:00,655.211985141
2018-06-05 10:30:00,655.211985141
2018-06-05 10:31:00,655.211985141
2018-06-05 10:32:00,655.211985141
2018-06-05 10:33:00,655.211985141
2018-06-05 10:34:00,655.211985141
2018-06-05 10:35:00,665.345637798
2018-06-05 10:36:00,665.345637798
2018-06-05 10:37:00,655.211985141
2018-06-05 10:38:00,665.345637798
2018-06-05 10:39:00,655.211985141
2018-06-05 10:40:00,655.211985141
2018-06-05 10:41:00,665.345637798
2018-06-05 10:42:00,665.345637798
2018-06-05 10:43:00,675.479290454
2018-06-05 10:44:00,685.61294311
2018-06-05 10:45:00,655.211985141
2018-06-05 10:46:00,655.211985141
2018-06-05 10:47:00,675.479290454
2018-06-05 10:48:00,675.479290454
2018-06-05 10:49:00,675.479290454
2018-06-05 10:50:00,675.479290454
2018-06-05 10:51:00,675.479290454
2018-06-05 10:52:00,675.479290454
2018-06-05 10:53:00,675.479290454
2018-06-05 10:54:00,675.479290454
2018-06-05 10:55:00,675.479290454
2018-06-05 10:56:00,645.078332485
2018-06-05 10:57:00,645.078332485
2018-06-05 10:58:00,645.078332485
2018-06-05 10:59:00,645.078332485
2018-06-05 11:00:00,594.410069204
2018-06-05 11:01:00,564.009111235
2018-06-05 11:02:00,604.54372186
2018-06-05 11:03:00,645.078332485
2018-06-05 11:04:00,665.345637798
2018-06-05 11:05:00,665.345637798
2018-06-05 11:06:00,655.211985141
2018-06-05 11:07:00,655.211985141
2018-06-05 11:08:00,655.211985141
2018-06-05 11:09:00,645.078332485
2018-06-05 11:10:00,604.54372186
2018-06-05 11:11:00,604.54372186
2018-06-05 11:12:00,604.54372186
2018-06-05 11:13:00,604.54372186
2018-06-05 11:14:00,594.410069204
2018-06-05 11:15:00,604.54372186
2018-06-05 11:16:00,614.677374516
2018-06-05 11:17:00,655.211985141
2018-06-05 11:18:00,655.211985141
2018-06-05 11:19:00,655.211985141
2018-06-05 11:20:00,655.211985141
2018-06-05 11:21:00,645.078332485
2018-06-05 11:22:00,655.211985141
2018-06-05 11:23:00,655.211985141
2018-06-05 11:24:00,655.211985141
2018-06-05 11:25:00,655.211985141
2018-06-05 11:26:00,655.211985141
2018-06-05 11:27:00,655.211985141
2018-06-05 11:28:00,655.211985141
2018-06-05 11:29:00,655.211985141
2018-06-05 11:30:00,665.345637798
2018-06-05 11:31:00,665.345637798
2018-06-05 11:32:00,665.345637798
2018-06-05 11:33:00,675.479290454
2018-06-05 11:34:00,675.479290454
2018-06-05 11:35:00,675.479290454
2018-06-05 11:36:00,665.345637798
2018-06-05 11:37:00,655.211985141
2018-06-05 11:38:00,655.211985141
2018-06-05 11:39:00,655.211985141
2018-06-05 11:40:00,655.211985141
2018-06-05 11:41:00,655.211985141
2018-06-05 11:42:00,655.211985141
2018-06-05 11:43:00,655.211985141
2018-06-05 11:44:00,655.211985141
2018-06-05 11:45:00,655.211985141
2018-06-05 11:46:00,655.211985141
2018-06-05 11:47:00,655.211985141
2018-06-05 11:48:00,645.078332485
2018-06-05 11:49:00,624.811027173
2018-06-05 11:50:00,624.811027173
2018-06-05 11:51:00,624.811027173
2018-06-05 11:52:00,624.811027173
2018-06-05 11:53:00,624.811027173
2018-06-05 11:54:00,624.811027173
2018-06-05 11:55:00,624.811027173
2018-06-05 11:56:00,624.811027173
2018-06-05 11:57:00,634.944679829
2018-06-05 11:58:00,645.078332485
2018-06-05 11:59:00,624.811027173
2018-06-06 01:29:00,645.077521793
2018-06-06 01:30:00,645.077521793
2018-06-06 01:31:00,645.077521793
2018-06-06 01:32:00,645.077521793
2018-06-06 01:33:00,645.077521793
2018-06-06 01:34:00,482.939079293
2018-06-06 01:35:00,472.805426637
2018-06-06 01:36:00,493.072731949
2018-06-06 01:37:00,493.072731949
2018-06-06 01:38:00,493.072731949
2018-06-06 01:39:00,493.072731949
2018-06-06 01:40:00,493.072731949
2018-06-06 01:41:00,493.072731949
2018-06-06 01:42:00,493.072731949
2018-06-06 01:43:00,493.072731949
2018-06-06 01:44:00,493.072731949
2018-06-06 01:45:00,523.473689918
2018-06-06 01:46:00,523.473689918
2018-06-06 01:47:00,533.607342574
2018-06-06 01:48:00,533.607342574
2018-06-06 01:49:00,533.607342574
2018-06-06 01:50:00,553.874647887
2018-06-06 01:51:00,584.275605855
2018-06-06 01:52:00,574.141953199
2018-06-06 01:53:00,574.141953199
2018-06-06 01:54:00,574.141953199
2018-06-06 01:55:00,574.141953199
2018-06-06 01:56:00,553.874647887
2018-06-06 01:57:00,543.74099523
2018-06-06 01:58:00,543.74099523
2018-06-06 01:59:00,543.74099523
2018-06-06 02:00:00,543.74099523
2018-06-06 02:01:00,543.74099523
2018-06-06 02:02:00,523.473689918
2018-06-06 02:03:00,513.340037262
2018-06-06 02:04:00,472.805426637
2018-06-06 02:05:00,472.805426637
2018-06-06 02:06:00,493.072731949
2018-06-06 02:07:00,493.072731949
2018-06-06 02:08:00,482.939079293
2018-06-06 02:09:00,472.805426637
2018-06-06 02:10:00,482.939079293
2018-06-06 02:11:00,472.805426637
2018-06-06 02:12:00,472.805426637
2018-06-06 02:13:00,493.072731949
2018-06-06 02:14:00,493.072731949
2018-06-06 02:15:00,472.805426637
2018-06-06 02:16:00,493.072731949
2018-06-06 02:17:00,482.939079293
2018-06-06 02:18:00,432.270816012
2018-06-06 02:19:00,432.270816012
2018-06-06 02:20:00,442.404468668
2018-06-06 02:21:00,442.404468668
2018-06-06 02:22:00,422.137163355
2018-06-06 02:23:00,412.003510699
2018-06-06 02:24:00,422.137163355
2018-06-06 02:25:00,422.137163355
2018-06-06 02:26:00,452.538121324
2018-06-06 02:27:00,432.270816012
2018-06-06 02:28:00,452.538121324
2018-06-06 02:29:00,452.538121324
2018-06-06 02:30:00,452.538121324
2018-06-06 02:31:00,452.538121324
2018-06-06 02:32:00,452.538121324
2018-06-06 02:33:00,452.538121324
2018-06-06 02:34:00,452.538121324
2018-06-06 02:35:00,452.538121324
2018-06-06 02:36:00,442.404468668
2018-06-06 02:37:00,422.137163355
2018-06-06 02:38:00,412.003510699
2018-06-06 02:39:00,432.270816012
2018-06-06 02:40:00,422.137163355
2018-06-06 02:41:00,452.538121324
2018-06-06 02:42:00,422.137163355
2018-06-06 02:43:00,432.270816012
2018-06-06 02:44:00,432.270816012
2018-06-06 02:45:00,432.270816012
2018-06-06 02:46:00,432.270816012
2018-06-06 02:47:00,432.270816012
2018-06-06 02:48:00,432.270816012
2018-06-06 02:49:00,422.137163355
2018-06-06 02:50:00,412.003510699
2018-06-06 02:51:00,412.003510699
2018-06-06 02:52:00,412.003510699
2018-06-06 02:53:00,452.538121324
2018-06-06 02:54:00,432.270816012
2018-06-06 02:55:00,442.404468668
2018-06-06 02:56:00,452.538121324
2018-06-06 02:57:00,422.137163355
2018-06-06 02:58:00,391.736205387
2018-06-06 02:59:00,371.468900074
2018-06-06 03:00:00,391.736205387
2018-06-06 03:01:00,391.736205387
2018-06-06 03:02:00,391.736205387
2018-06-06 03:03:00,412.003510699
2018-06-06 03:04:00,412.003510699
2018-06-06 03:05:00,412.003510699
2018-06-06 03:06:00,412.003510699
2018-06-06 03:07:00,412.003510699
2018-06-06 03:08:00,412.003510699
2018-06-06 03:09:00,391.736205387
2018-06-06 03:10:00,391.736205387
2018-06-06 03:11:00,391.736205387
2018-06-06 03:12:00,391.736205387
2018-06-06 03:13:00,391.736205387
2018-06-06 03:14:00,412.003510699
2018-06-06 03:15:00,412.003510699
2018-06-06 03:16:00,412.003510699
2018-06-06 03:17:00,391.736205387
2018-06-06 03:18:00,401.869858043
2018-06-06 03:19:00,391.736205387
2018-06-06 03:20:00,391.736205387
2018-06-06 03:21:00,391.736205387
2018-06-06 03:22:00,391.736205387
2018-06-06 03:23:00,371.468900074
2018-06-06 03:24:00,391.736205387
2018-06-06 03:25:00,391.736205387
2018-06-06 03:26:00,391.736205387
2018-06-06 03:27:00,391.736205387
2018-06-06 03:28:00,401.869858043
2018-06-06 03:29:00,412.003510699
2018-06-06 03:30:00,401.869858043
2018-06-06 03:31:00,381.60255273
2018-06-06 03:32:00,381.60255273
2018-06-06 03:33:00,391.736205387
2018-06-06 03:34:00,391.736205387
2018-06-06 03:35:00,391.736205387
2018-06-06 03:36:00,391.736205387
2018-06-06 03:37:00,391.736205387
2018-06-06 03:38:00,391.736205387
2018-06-06 03:39:00,391.736205387
2018-06-06 03:40:00,391.736205387
2018-06-06 03:41:00,401.869858043
2018-06-06 03:42:00,412.003510699
2018-06-06 03:43:00,412.003510699
2018-06-06 03:44:00,412.003510699
2018-06-06 03:45:00,412.003510699
2018-06-06 03:46:00,412.003510699
2018-06-06 03:47:00,412.003510699
2018-06-06 03:48:00,412.003510699
2018-06-06 03:49:00,422.137163355
2018-06-06 03:50:00,422.137163355
2018-06-06 03:51:00,412.003510699
2018-06-06 03:52:00,401.869858043
2018-06-06 03:53:00,401.869858043
2018-06-06 03:54:00,401.869858043
2018-06-06 03:55:00,401.869858043
2018-06-06 03:56:00,412.003510699
2018-06-06 03:57:00,412.003510699
2018-06-06 03:58:00,412.003510699
2018-06-06 03:59:00,401.869858043
2018-06-06 04:00:00,412.003510699
2018-06-06 04:01:00,412.003510699
2018-06-06 04:02:00,412.003510699
2018-06-06 04:03:00,412.003510699
2018-06-06 04:04:00,412.003510699
2018-06-06 04:05:00,401.869858043
2018-06-06 04:06:00,401.869858043
2018-06-06 04:07:00,412.003510699
2018-06-06 04:08:00,391.736205387
2018-06-06 04:09:00,391.736205387
2018-06-06 04:10:00,391.736205387
2018-06-06 04:11:00,391.736205387
2018-06-06 04:12:00,391.736205387
2018-06-06 04:13:00,391.736205387
2018-06-06 04:14:00,391.736205387
2018-06-06 04:15:00,381.60255273
2018-06-06 04:16:00,391.736205387
2018-06-06 04:17:00,391.736205387
2018-06-06 04:18:00,391.736205387
2018-06-06 04:19:00,391.736205387
2018-06-06 04:20:00,391.736205387
2018-06-06 04:21:00,381.60255273
2018-06-06 04:22:00,381.60255273
2018-06-06 04:23:00,371.468900074
2018-06-06 04:24:00,371.468900074
2018-06-06 04:25:00,371.468900074
2018-06-06 04:26:00,351.201594762
2018-06-06 04:27:00,351.201594762
2018-06-06 04:28:00,371.468900074
2018-06-06 04:29:00,371.468900074
2018-06-06 04:30:00,371.468900074
2018-06-06 04:31:00,371.468900074
2018-06-06 04:32:00,371.468900074
2018-06-06 04:33:00,351.201594762
2018-06-06 04:34:00,351.201594762
2018-06-06 04:35:00,351.201594762
2018-06-06 04:36:00,371.468900074
2018-06-06 04:37:00,371.468900074
2018-06-06 04:38:00,391.736205387
2018-06-06 04:39:00,391.736205387
2018-06-06 04:40:00,391.736205387
2018-06-06 04:41:00,391.736205387
2018-06-06 04:42:00,391.736205387
2018-06-06 04:43:00,371.468900074
2018-06-06 04:44:00,371.468900074
2018-06-06 04:45:00,371.468900074
2018-06-06 04:46:00,381.60255273
2018-06-06 04:47:00,391.736205387
2018-06-06 04:48:00,391.736205387
2018-06-06 04:49:00,381.60255273
2018-06-06 04:50:00,371.468900074
2018-06-06 04:51:00,371.468900074
2018-06-06 04:52:00,391.736205387
2018-06-06 04:53:00,391.736205387
2018-06-06 04:54:00,371.468900074
2018-06-06 04:55:00,371.468900074
2018-06-06 04:56:00,391.736205387
2018-06-06 04:57:00,391.736205387
2018-06-06 04:58:00,401.869858043
2018-06-06 04:59:00,401.869858043
2018-06-06 05:00:00,412.003510699
2018-06-06 05:01:00,401.869858043
2018-06-06 05:02:00,401.869858043
2018-06-06 05:03:00,401.869858043
2018-06-06 05:04:00,401.869858043
2018-06-06 05:05:00,401.869858043
2018-06-06 05:06:00,391.736205387
2018-06-06 05:07:00,401.869858043
2018-06-06 05:08:00,401.869858043
2018-06-06 05:09:00,422.137163355
2018-06-06 05:10:00,412.003510699
2018-06-06 05:11:00,412.003510699
2018-06-06 05:12:00,412.003510699
2018-06-06 05:13:00,412.003510699
2018-06-06 05:14:00,401.869858043
2018-06-06 05:15:00,391.736205387
2018-06-06 05:16:00,391.736205387
2018-06-06 05:17:00,391.736205387
2018-06-06 05:18:00,391.736205387
2018-06-06 05:19:00,391.736205387
2018-06-06 05:20:00,391.736205387
2018-06-06 05:21:00,391.736205387
2018-06-06 05:22:00,391.736205387
2018-06-06 05:23:00,391.736205387
2018-06-06 05:24:00,391.736205387
2018-06-06 05:25:00,391.736205387
2018-06-06 05:26:00,391.736205387
2018-06-06 05:27:00,412.003510699
2018-06-06 05:28:00,412.003510699
2018-06-06 05:29:00,412.003510699
2018-06-06 05:30:00,422.137163355
2018-06-06 05:31:00,422.137163355
2018-06-06 05:32:00,412.003510699
2018-06-06 05:33:00,412.003510699
2018-06-06 05:34:00,412.003510699
2018-06-06 05:35:00,432.270816012
2018-06-06 05:36:00,432.270816012
2018-06-06 05:37:00,432.270816012
2018-06-06 05:38:00,422.137163355
2018-06-06 05:39:00,401.869858043
2018-06-06 05:40:00,381.60255273
2018-06-06 05:41:00,381.60255273
2018-06-06 05:42:00,381.60255273
2018-06-06 05:43:00,381.60255273
2018-06-06 05:44:00,381.60255273
2018-06-06 05:45:00,381.60255273
2018-06-06 05:46:00,381.60255273
2018-06-06 05:47:00,381.60255273
2018-06-06 05:48:00,381.60255273
2018-06-06 05:49:00,381.60255273
2018-06-06 05:50:00,381.60255273
2018-06-06 05:51:00,381.60255273
2018-06-06 05:52:00,391.736205387
2018-06-06 05:53:00,391.736205387
2018-06-06 05:54:00,381.60255273
2018-06-06 05:55:00,432.270816012
2018-06-06 05:56:00,472.805426637
2018-06-06 05:57:00,452.538121324
2018-06-06 05:58:00,472.805426637
2018-06-06 05:59:00,472.805426637
2018-06-06 06:00:00,462.67177398
2018-06-06 06:01:00,472.805426637
2018-06-06 06:02:00,462.67177398
2018-06-06 06:03:00,462.67177398
2018-06-06 06:04:00,462.67177398
2018-06-06 06:05:00,472.805426637
2018-06-06 06:06:00,462.67177398
2018-06-06 06:07:00,462.67177398
2018-06-06 06:08:00,462.67177398
2018-06-06 06:09:00,462.67177398
2018-06-06 06:10:00,462.67177398
2018-06-06 06:11:00,462.67177398
2018-06-06 06:12:00,452.538121324
2018-06-06 06:13:00,432.270816012
2018-06-06 06:14:00,422.137163355
2018-06-06 06:15:00,422.137163355
2018-06-06 06:16:00,422.137163355
2018-06-06 06:17:00,412.003510699
2018-06-06 06:18:00,422.137163355
2018-06-06 06:19:00,422.137163355
2018-06-06 06:20:00,422.137163355
2018-06-06 06:21:00,422.137163355
2018-06-06 06:22:00,422.137163355
2018-06-06 06:23:00,412.003510699
2018-06-06 06:24:00,412.003510699
2018-06-06 06:25:00,412.003510699
2018-06-06 06:26:00,412.003510699
2018-06-06 06:27:00,412.003510699
2018-06-06 06:28:00,412.003510699
2018-06-06 06:29:00,412.003510699
2018-06-06 06:30:00,351.201594762
2018-06-06 06:31:00,341.067942105
2018-06-06 06:32:00,310.666984137
2018-06-06 06:33:00,320.800636793
2018-06-06 06:34:00,300.53333148
2018-06-06 06:35:00,320.800636793
2018-06-06 06:36:00,310.666984137
2018-06-06 06:37:00,310.666984137
2018-06-06 06:38:00,320.800636793
2018-06-06 06:39:00,310.666984137
2018-06-06 06:40:00,290.399678824
2018-06-06 06:41:00,310.666984137
2018-06-06 06:42:00,310.666984137
2018-06-06 06:43:00,310.666984137
2018-06-06 06:44:00,310.666984137
2018-06-06 06:45:00,310.666984137
2018-06-06 06:46:00,310.666984137
2018-06-06 06:47:00,310.666984137
2018-06-06 06:48:00,310.666984137
2018-06-06 06:49:00,320.800636793
2018-06-06 06:50:00,320.800636793
2018-06-06 06:51:00,320.800636793
2018-06-06 06:52:00,310.666984137
2018-06-06 06:53:00,320.800636793
2018-06-06 06:54:00,320.800636793
2018-06-06 06:55:00,320.800636793
2018-06-06 06:56:00,320.800636793
2018-06-06 06:57:00,320.800636793
2018-06-06 06:58:00,320.800636793
2018-06-06 06:59:00,320.800636793
2018-06-06 07:00:00,249.865068199
2018-06-06 07:01:00,239.731415543
2018-06-06 07:02:00,239.731415543
2018-06-06 07:03:00,259.998720855
2018-06-06 07:04:00,259.998720855
2018-06-06 07:05:00,249.865068199
2018-06-06 07:06:00,259.998720855
2018-06-06 07:07:00,270.132373512
2018-06-06 07:08:00,270.132373512
2018-06-06 07:09:00,290.399678824
2018-06-06 07:10:00,290.399678824
2018-06-06 07:11:00,310.666984137
2018-06-06 07:12:00,320.800636793
2018-06-06 07:13:00,320.800636793
2018-06-06 07:14:00,310.666984137
2018-06-06 07:15:00,310.666984137
2018-06-06 07:16:00,310.666984137
2018-06-06 07:17:00,300.53333148
2018-06-06 07:18:00,300.53333148
2018-06-06 07:19:00,300.53333148
2018-06-06 07:20:00,300.53333148
2018-06-06 07:21:00,300.53333148
2018-06-06 07:22:00,300.53333148
2018-06-06 07:23:00,280.266026168
2018-06-06 07:24:00,270.132373512
2018-06-06 07:25:00,290.399678824
2018-06-06 07:26:00,290.399678824
2018-06-06 07:27:00,290.399678824
2018-06-06 07:28:00,290.399678824
2018-06-06 07:29:00,290.399678824
2018-06-06 07:30:00,290.399678824
2018-06-06 07:31:00,290.399678824
2018-06-06 07:32:00,290.399678824
2018-06-06 07:33:00,290.399678824
2018-06-06 07:34:00,270.132373512
2018-06-06 07:35:00,270.132373512
2018-06-06 07:36:00,270.132373512
2018-06-06 07:37:00,270.132373512
2018-06-06 07:38:00,270.132373512
2018-06-06 07:39:00,270.132373512
2018-06-06 07:40:00,270.132373512
2018-06-06 07:41:00,270.132373512
2018-06-06 07:42:00,280.266026168
2018-06-06 07:43:00,270.132373512
2018-06-06 07:44:00,280.266026168
2018-06-06 07:45:00,280.266026168
2018-06-06 07:46:00,280.266026168
2018-06-06 07:47:00,280.266026168
2018-06-06 07:48:00,280.266026168
2018-06-06 07:49:00,300.53333148
2018-06-06 07:50:00,300.53333148
2018-06-06 07:51:00,290.399678824
2018-06-06 07:52:00,290.399678824
2018-06-06 07:53:00,290.399678824
2018-06-06 07:54:00,290.399678824
2018-06-06 07:55:00,290.399678824
2018-06-06 07:56:00,290.399678824
2018-06-06 07:57:00,290.399678824
2018-06-06 07:58:00,290.399678824
2018-06-06 07:59:00,290.399678824
2018-06-06 08:00:00,300.53333148
2018-06-06 08:01:00,300.53333148
2018-06-06 08:02:00,300.53333148
2018-06-06 08:03:00,300.53333148
2018-06-06 08:04:00,300.53333148
2018-06-06 08:05:00,290.399678824
2018-06-06 08:06:00,300.53333148
2018-06-06 08:07:00,300.53333148
2018-06-06 08:08:00,300.53333148
2018-06-06 08:09:00,300.53333148
2018-06-06 08:10:00,300.53333148
2018-06-06 08:11:00,300.53333148
2018-06-06 08:12:00,300.53333148
2018-06-06 08:13:00,300.53333148
2018-06-06 08:14:00,300.53333148
2018-06-06 08:15:00,300.53333148
2018-06-06 08:16:00,300.53333148
2018-06-06 08:17:00,300.53333148
2018-06-06 08:18:00,300.53333148
2018-06-06 08:19:00,290.399678824
2018-06-06 08:20:00,300.53333148
2018-06-06 08:21:00,300.53333148
2018-06-06 08:22:00,290.399678824
2018-06-06 08:23:00,300.53333148
2018-06-06 08:24:00,310.666984137
2018-06-06 08:25:00,310.666984137
2018-06-06 08:26:00,310.666984137
2018-06-06 08:27:00,300.53333148
2018-06-06 08:28:00,300.53333148
2018-06-06 08:29:00,300.53333148
2018-06-06 08:30:00,280.266026168
2018-06-06 08:31:00,300.53333148
2018-06-06 08:32:00,300.53333148
2018-06-06 08:33:00,290.399678824
2018-06-06 08:34:00,280.266026168
2018-06-06 08:35:00,280.266026168
2018-06-06 08:36:00,259.998720855
2018-06-06 08:37:00,239.731415543
2018-06-06 08:38:00,239.731415543
2018-06-06 08:39:00,229.597762887
2018-06-06 08:40:00,229.597762887
2018-06-06 08:41:00,229.597762887
2018-06-06 08:42:00,229.597762887
2018-06-06 08:43:00,229.597762887
2018-06-06 08:44:00,239.731415543
2018-06-06 08:45:00,249.865068199
2018-06-06 08:46:00,249.865068199
2018-06-06 08:47:00,249.865068199
2018-06-06 08:48:00,259.998720855
2018-06-06 08:49:00,270.132373512
2018-06-06 08:50:00,270.132373512
2018-06-06 08:51:00,280.266026168
2018-06-06 08:52:00,280.266026168
2018-06-06 08:53:00,280.266026168
2018-06-06 08:54:00,280.266026168
2018-06-06 08:55:00,270.132373512
2018-06-06 08:56:00,280.266026168
2018-06-06 08:57:00,280.266026168
2018-06-06 08:58:00,280.266026168
2018-06-06 08:59:00,280.266026168
2018-06-06 09:00:00,259.998720855
2018-06-06 09:01:00,249.865068199
2018-06-06 09:02:00,259.998720855
2018-06-06 09:03:00,280.266026168
2018-06-06 09:04:00,280.266026168
2018-06-06 09:05:00,280.266026168
2018-06-06 09:06:00,280.266026168
2018-06-06 09:07:00,280.266026168
2018-06-06 09:08:00,270.132373512
2018-06-06 09:09:00,259.998720855
2018-06-06 09:10:00,209.330457574
2018-06-06 09:11:00,199.196804918
2018-06-06 09:12:00,239.731415543
2018-06-06 09:13:00,209.330457574
2018-06-06 09:14:00,219.46411023
2018-06-06 09:15:00,229.597762887
2018-06-06 09:16:00,209.330457574
2018-06-06 09:17:00,229.597762887
2018-06-06 09:18:00,249.865068199
2018-06-06 09:19:00,229.597762887
2018-06-06 09:20:00,219.46411023
2018-06-06 09:21:00,229.597762887
2018-06-06 09:22:00,229.597762887
2018-06-06 09:23:00,229.597762887
2018-06-06 09:24:00,219.46411023
2018-06-06 09:25:00,219.46411023
2018-06-06 09:26:00,209.330457574
2018-06-06 09:27:00,209.330457574
2018-06-06 09:28:00,199.196804918
2018-06-06 09:29:00,209.330457574
2018-06-06 09:30:00,219.46411023
2018-06-06 09:31:00,219.46411023
2018-06-06 09:32:00,219.46411023
2018-06-06 09:33:00,219.46411023
2018-06-06 09:34:00,209.330457574
2018-06-06 09:35:00,199.196804918
2018-06-06 09:36:00,199.196804918
2018-06-06 09:37:00,199.196804918
2018-06-06 09:38:00,199.196804918
2018-06-06 09:39:00,199.196804918
2018-06-06 09:40:00,199.196804918
2018-06-06 09:41:00,219.46411023
2018-06-06 09:42:00,209.330457574
2018-06-06 09:43:00,209.330457574
2018-06-06 09:44:00,199.196804918
2018-06-06 09:45:00,199.196804918
2018-06-06 09:46:00,199.196804918
2018-06-06 09:47:00,219.46411023
2018-06-06 09:48:00,199.196804918
2018-06-06 09:49:00,199.196804918
2018-06-06 09:50:00,199.196804918
2018-06-06 09:51:00,219.46411023
2018-06-06 09:52:00,219.46411023
2018-06-06 09:53:00,209.330457574
2018-06-06 09:54:00,199.196804918
2018-06-06 09:55:00,199.196804918
2018-06-06 09:56:00,199.196804918
2018-06-06 09:57:00,199.196804918
2018-06-06 09:58:00,168.795846949
2018-06-06 09:59:00,178.929499605
2018-06-06 10:00:00,178.929499605
2018-06-06 10:01:00,199.196804918
2018-06-06 10:02:00,189.063152262
2018-06-06 10:03:00,189.063152262
2018-06-06 10:04:00,189.063152262
2018-06-06 10:05:00,199.196804918
2018-06-06 10:06:00,199.196804918
2018-06-06 10:07:00,199.196804918
2018-06-06 10:08:00,199.196804918
2018-06-06 10:09:00,199.196804918
2018-06-06 10:10:00,199.196804918
2018-06-06 10:11:00,199.196804918
2018-06-06 10:12:00,209.330457574
2018-06-06 10:13:00,199.196804918
2018-06-06 10:14:00,189.063152262
2018-06-06 10:15:00,168.795846949
2018-06-06 10:16:00,199.196804918
2018-06-06 10:17:00,168.795846949
2018-06-06 10:18:00,168.795846949
2018-06-06 10:19:00,168.795846949
2018-06-06 10:20:00,168.795846949
2018-06-06 10:21:00,168.795846949
2018-06-06 10:22:00,189.063152262
2018-06-06 10:23:00,168.795846949
2018-06-06 10:24:00,128.261236324
2018-06-06 10:25:00,118.127583668
2018-06-06 10:26:00,138.39488898
2018-06-06 10:27:00,148.528541637
2018-06-06 10:28:00,168.795846949
2018-06-06 10:29:00,158.662194293
2018-06-06 10:30:00,189.063152262
2018-06-06 10:31:00,199.196804918
2018-06-06 10:32:00,199.196804918
2018-06-06 10:33:00,199.196804918
2018-06-06 10:34:00,199.196804918
2018-06-06 10:35:00,168.795846949
2018-06-06 10:36:00,178.929499605
2018-06-06 10:37:00,168.795846949
2018-06-06 10:38:00,209.330457574
2018-06-06 10:39:00,189.063152262
2018-06-06 10:40:00,189.063152262
2018-06-06 10:41:00,189.063152262
2018-06-06 10:42:00,189.063152262
2018-06-06 10:43:00,168.795846949
2018-06-06 10:44:00,189.063152262
2018-06-06 10:45:00,168.795846949
2018-06-06 10:46:00,158.662194293
2018-06-06 10:47:00,168.795846949
2018-06-06 10:48:00,178.929499605
2018-06-06 10:49:00,178.929499605
2018-06-06 10:50:00,178.929499605
2018-06-06 10:51:00,178.929499605
2018-06-06 10:52:00,178.929499605
2018-06-06 10:53:00,178.929499605
2018-06-06 10:54:00,189.063152262
2018-06-06 10:55:00,178.929499605
2018-06-06 10:56:00,178.929499605
2018-06-06 10:57:00,148.528541637
2018-06-06 10:58:00,148.528541637
2018-06-06 10:59:00,138.39488898
2018-06-06 11:00:00,138.39488898
2018-06-06 11:01:00,148.528541637
2018-06-06 11:02:00,148.528541637
2018-06-06 11:03:00,148.528541637
2018-06-06 11:04:00,148.528541637
2018-06-06 11:05:00,148.528541637
2018-06-06 11:06:00,148.528541637
2018-06-06 11:07:00,158.662194293
2018-06-06 11:08:00,138.39488898
2018-06-06 11:09:00,128.261236324
2018-06-06 11:10:00,128.261236324
2018-06-06 11:11:00,138.39488898
2018-06-06 11:12:00,128.261236324
2018-06-06 11:13:00,138.39488898
2018-06-06 11:14:00,138.39488898
2018-06-06 11:15:00,138.39488898
2018-06-06 11:16:00,148.528541637
2018-06-06 11:17:00,148.528541637
2018-06-06 11:18:00,148.528541637
2018-06-06 11:19:00,138.39488898
2018-06-06 11:20:00,138.39488898
2018-06-06 11:21:00,128.261236324
2018-06-06 11:22:00,128.261236324
2018-06-06 11:23:00,128.261236324
2018-06-06 11:24:00,128.261236324
2018-06-06 11:25:00,128.261236324
2018-06-06 11:26:00,128.261236324
2018-06-06 11:27:00,128.261236324
2018-06-06 11:28:00,138.39488898
2018-06-06 11:29:00,128.261236324
2018-06-06 11:30:00,128.261236324
2018-06-06 11:31:00,128.261236324
2018-06-06 11:32:00,128.261236324
2018-06-06 11:33:00,128.261236324
2018-06-06 11:34:00,128.261236324
2018-06-06 11:35:00,148.528541637
2018-06-06 11:36:00,158.662194293
2018-06-06 11:37:00,168.795846949
2018-06-06 11:38:00,158.662194293
2018-06-06 11:39:00,158.662194293
2018-06-06 11:40:00,158.662194293
2018-06-06 11:41:00,158.662194293
2018-06-06 11:42:00,158.662194293
2018-06-06 11:43:00,158.662194293
2018-06-06 11:44:00,158.662194293
2018-06-06 11:45:00,158.662194293
2018-06-06 11:46:00,158.662194293
2018-06-06 11:47:00,158.662194293
2018-06-06 11:48:00,168.795846949
2018-06-06 11:49:00,178.929499605
2018-06-06 11:50:00,168.795846949
2018-06-06 11:51:00,168.795846949
2018-06-06 11:52:00,168.795846949
2018-06-06 11:53:00,148.528541637
2018-06-06 11:54:00,148.528541637
2018-06-06 11:55:00,148.528541637
2018-06-06 11:56:00,138.39488898
2018-06-06 11:57:00,138.39488898
2018-06-06 11:58:00,138.39488898
2018-06-06 11:59:00,128.261236324
2018-06-07 01:29:00,-388.555049145
2018-06-07 01:30:00,-388.555049145
2018-06-07 01:31:00,-388.555049145
2018-06-07 01:32:00,-388.555049145
2018-06-07 01:33:00,-388.555049145
2018-06-07 01:34:00,77.5929730428
2018-06-07 01:35:00,67.4593203865
2018-06-07 01:36:00,67.4593203865
2018-06-07 01:37:00,47.192015074
2018-06-07 01:38:00,6.65740444905
2018-06-07 01:39:00,6.65740444905
2018-06-07 01:40:00,6.65740444905
2018-06-07 01:41:00,6.65740444905
2018-06-07 01:42:00,-13.6099008635
2018-06-07 01:43:00,-13.6099008635
2018-06-07 01:44:00,-13.6099008635
2018-06-07 01:45:00,-23.7435535197
2018-06-07 01:46:00,-23.7435535197
2018-06-07 01:47:00,-23.7435535197
2018-06-07 01:48:00,-23.7435535197
2018-06-07 01:49:00,-23.7435535197
2018-06-07 01:50:00,-13.6099008635
2018-06-07 01:51:00,-13.6099008635
2018-06-07 01:52:00,-13.6099008635
2018-06-07 01:53:00,-23.7435535197
2018-06-07 01:54:00,-13.6099008635
2018-06-07 01:55:00,-33.877206176
2018-06-07 01:56:00,-23.7435535197
2018-06-07 01:57:00,-23.7435535197
2018-06-07 01:58:00,-23.7435535197
2018-06-07 01:59:00,-13.6099008635
2018-06-07 02:00:00,26.9247097615
2018-06-07 02:01:00,26.9247097615
2018-06-07 02:02:00,37.0583624178
2018-06-07 02:03:00,26.9247097615
2018-06-07 02:04:00,26.9247097615
2018-06-07 02:05:00,57.3256677303
2018-06-07 02:06:00,57.3256677303
2018-06-07 02:07:00,47.192015074
2018-06-07 02:08:00,47.192015074
2018-06-07 02:09:00,47.192015074
2018-06-07 02:10:00,57.3256677303
2018-06-07 02:11:00,57.3256677303
2018-06-07 02:12:00,26.9247097615
2018-06-07 02:13:00,26.9247097615
2018-06-07 02:14:00,26.9247097615
2018-06-07 02:15:00,26.9247097615
2018-06-07 02:16:00,26.9247097615
2018-06-07 02:17:00,26.9247097615
2018-06-07 02:18:00,16.7910571053
2018-06-07 02:19:00,6.65740444905
2018-06-07 02:20:00,-33.877206176
2018-06-07 02:21:00,-13.6099008635
2018-06-07 02:22:00,6.65740444905
2018-06-07 02:23:00,16.7910571053
2018-06-07 02:24:00,16.7910571053
2018-06-07 02:25:00,6.65740444905
2018-06-07 02:26:00,-13.6099008635
2018-06-07 02:27:00,-33.877206176
2018-06-07 02:28:00,-33.877206176
2018-06-07 02:29:00,-33.877206176
2018-06-07 02:30:00,-44.0108588322
2018-06-07 02:31:00,-33.877206176
2018-06-07 02:32:00,-33.877206176
2018-06-07 02:33:00,-33.877206176
2018-06-07 02:34:00,-33.877206176
2018-06-07 02:35:00,-3.4762482072
2018-06-07 02:36:00,16.7910571053
2018-06-07 02:37:00,6.65740444905
2018-06-07 02:38:00,16.7910571053
2018-06-07 02:39:00,26.9247097615
2018-06-07 02:40:00,26.9247097615
2018-06-07 02:41:00,16.7910571053
2018-06-07 02:42:00,26.9247097615
2018-06-07 02:43:00,26.9247097615
2018-06-07 02:44:00,6.65740444905
2018-06-07 02:45:00,-13.6099008635
2018-06-07 02:46:00,-13.6099008635
2018-06-07 02:47:00,-13.6099008635
2018-06-07 02:48:00,-13.6099008635
2018-06-07 02:49:00,-13.6099008635
2018-06-07 02:50:00,-23.7435535197
2018-06-07 02:51:00,-13.6099008635
2018-06-07 02:52:00,-13.6099008635
2018-06-07 02:53:00,-13.6099008635
2018-06-07 02:54:00,6.65740444905
2018-06-07 02:55:00,-3.4762482072
2018-06-07 02:56:00,6.65740444905
2018-06-07 02:57:00,16.7910571053
2018-06-07 02:58:00,16.7910571053
2018-06-07 02:59:00,16.7910571053
2018-06-07 03:00:00,16.7910571053
2018-06-07 03:01:00,16.7910571053
2018-06-07 03:02:00,16.7910571053
2018-06-07 03:03:00,16.7910571053
2018-06-07 03:04:00,26.9247097615
2018-06-07 03:05:00,26.9247097615
2018-06-07 03:06:00,26.9247097615
2018-06-07 03:07:00,26.9247097615
2018-06-07 03:08:00,26.9247097615
2018-06-07 03:09:00,26.9247097615
2018-06-07 03:10:00,26.9247097615
2018-06-07 03:11:00,26.9247097615
2018-06-07 03:12:00,6.65740444905
2018-06-07 03:13:00,16.7910571053
2018-06-07 03:14:00,16.7910571053
2018-06-07 03:15:00,26.9247097615
2018-06-07 03:16:00,26.9247097615
2018-06-07 03:17:00,37.0583624178
2018-06-07 03:18:00,47.192015074
2018-06-07 03:19:00,37.0583624178
2018-06-07 03:20:00,26.9247097615
2018-06-07 03:21:00,26.9247097615
2018-06-07 03:22:00,26.9247097615
2018-06-07 03:23:00,47.192015074
2018-06-07 03:24:00,26.9247097615
2018-06-07 03:25:00,26.9247097615
2018-06-07 03:26:00,16.7910571053
2018-06-07 03:27:00,6.65740444905
2018-06-07 03:28:00,6.65740444905
2018-06-07 03:29:00,6.65740444905
2018-06-07 03:30:00,6.65740444905
2018-06-07 03:31:00,26.9247097615
2018-06-07 03:32:00,26.9247097615
2018-06-07 03:33:00,26.9247097615
2018-06-07 03:34:00,26.9247097615
2018-06-07 03:35:00,26.9247097615
2018-06-07 03:36:00,26.9247097615
2018-06-07 03:37:00,26.9247097615
2018-06-07 03:38:00,26.9247097615
2018-06-07 03:39:00,26.9247097615
2018-06-07 03:40:00,26.9247097615
2018-06-07 03:41:00,37.0583624178
2018-06-07 03:42:00,26.9247097615
2018-06-07 03:43:00,16.7910571053
2018-06-07 03:44:00,26.9247097615
2018-06-07 03:45:00,26.9247097615
2018-06-07 03:46:00,26.9247097615
2018-06-07 03:47:00,26.9247097615
2018-06-07 03:48:00,6.65740444905
2018-06-07 03:49:00,26.9247097615
2018-06-07 03:50:00,26.9247097615
2018-06-07 03:51:00,26.9247097615
2018-06-07 03:52:00,37.0583624178
2018-06-07 03:53:00,26.9247097615
2018-06-07 03:54:00,26.9247097615
2018-06-07 03:55:00,37.0583624178
2018-06-07 03:56:00,26.9247097615
2018-06-07 03:57:00,26.9247097615
2018-06-07 03:58:00,26.9247097615
2018-06-07 03:59:00,37.0583624178
2018-06-07 04:00:00,26.9247097615
2018-06-07 04:01:00,26.9247097615
2018-06-07 04:02:00,47.192015074
2018-06-07 04:03:00,47.192015074
2018-06-07 04:04:00,47.192015074
2018-06-07 04:05:00,47.192015074
2018-06-07 04:06:00,47.192015074
2018-06-07 04:07:00,26.9247097615
2018-06-07 04:08:00,26.9247097615
2018-06-07 04:09:00,47.192015074
2018-06-07 04:10:00,47.192015074
2018-06-07 04:11:00,47.192015074
2018-06-07 04:12:00,47.192015074
2018-06-07 04:13:00,47.192015074
2018-06-07 04:14:00,47.192015074
2018-06-07 04:15:00,47.192015074
2018-06-07 04:16:00,26.9247097615
2018-06-07 04:17:00,26.9247097615
2018-06-07 04:18:00,26.9247097615
2018-06-07 04:19:00,26.9247097615
2018-06-07 04:20:00,26.9247097615
2018-06-07 04:21:00,47.192015074
2018-06-07 04:22:00,37.0583624178
2018-06-07 04:23:00,47.192015074
2018-06-07 04:24:00,47.192015074
2018-06-07 04:25:00,47.192015074
2018-06-07 04:26:00,47.192015074
2018-06-07 04:27:00,57.3256677303
2018-06-07 04:28:00,37.0583624178
2018-06-07 04:29:00,37.0583624178
2018-06-07 04:30:00,-13.6099008635
2018-06-07 04:31:00,-3.4762482072
2018-06-07 04:32:00,-3.4762482072
2018-06-07 04:33:00,-3.4762482072
2018-06-07 04:34:00,-3.4762482072
2018-06-07 04:35:00,-3.4762482072
2018-06-07 04:36:00,26.9247097615
2018-06-07 04:37:00,26.9247097615
2018-06-07 04:38:00,6.65740444905
2018-06-07 04:39:00,6.65740444905
2018-06-07 04:40:00,6.65740444905
2018-06-07 04:41:00,6.65740444905
2018-06-07 04:42:00,6.65740444905
2018-06-07 04:43:00,6.65740444905
2018-06-07 04:44:00,16.7910571053
2018-06-07 04:45:00,16.7910571053
2018-06-07 04:46:00,16.7910571053
2018-06-07 04:47:00,16.7910571053
2018-06-07 04:48:00,26.9247097615
2018-06-07 04:49:00,26.9247097615
2018-06-07 04:50:00,16.7910571053
2018-06-07 04:51:00,26.9247097615
2018-06-07 04:52:00,16.7910571053
2018-06-07 04:53:00,16.7910571053
2018-06-07 04:54:00,26.9247097615
2018-06-07 04:55:00,26.9247097615
2018-06-07 04:56:00,26.9247097615
2018-06-07 04:57:00,26.9247097615
2018-06-07 04:58:00,26.9247097615
2018-06-07 04:59:00,26.9247097615
2018-06-07 05:00:00,26.9247097615
2018-06-07 05:01:00,26.9247097615
2018-06-07 05:02:00,26.9247097615
2018-06-07 05:03:00,37.0583624178
2018-06-07 05:04:00,26.9247097615
2018-06-07 05:05:00,26.9247097615
2018-06-07 05:06:00,26.9247097615
2018-06-07 05:07:00,26.9247097615
2018-06-07 05:08:00,26.9247097615
2018-06-07 05:09:00,26.9247097615
2018-06-07 05:10:00,26.9247097615
2018-06-07 05:11:00,26.9247097615
2018-06-07 05:12:00,26.9247097615
2018-06-07 05:13:00,26.9247097615
2018-06-07 05:14:00,26.9247097615
2018-06-07 05:15:00,26.9247097615
2018-06-07 05:16:00,26.9247097615
2018-06-07 05:17:00,26.9247097615
2018-06-07 05:18:00,37.0583624178
2018-06-07 05:19:00,37.0583624178
2018-06-07 05:20:00,26.9247097615
2018-06-07 05:21:00,26.9247097615
2018-06-07 05:22:00,26.9247097615
2018-06-07 05:23:00,26.9247097615
2018-06-07 05:24:00,6.65740444905
2018-06-07 05:25:00,6.65740444905
2018-06-07 05:26:00,-13.6099008635
2018-06-07 05:27:00,-13.6099008635
2018-06-07 05:28:00,-23.7435535197
2018-06-07 05:29:00,-13.6099008635
2018-06-07 05:30:00,-33.877206176
2018-06-07 05:31:00,-33.877206176
2018-06-07 05:32:00,-33.877206176
2018-06-07 05:33:00,-13.6099008635
2018-06-07 05:34:00,-13.6099008635
2018-06-07 05:35:00,26.9247097615
2018-06-07 05:36:00,26.9247097615
2018-06-07 05:37:00,26.9247097615
2018-06-07 05:38:00,26.9247097615
2018-06-07 05:39:00,37.0583624178
2018-06-07 05:40:00,37.0583624178
2018-06-07 05:41:00,47.192015074
2018-06-07 05:42:00,26.9247097615
2018-06-07 05:43:00,47.192015074
2018-06-07 05:44:00,47.192015074
2018-06-07 05:45:00,47.192015074
2018-06-07 05:46:00,47.192015074
2018-06-07 05:47:00,47.192015074
2018-06-07 05:48:00,57.3256677303
2018-06-07 05:49:00,57.3256677303
2018-06-07 05:50:00,67.4593203865
2018-06-07 05:51:00,67.4593203865
2018-06-07 05:52:00,67.4593203865
2018-06-07 05:53:00,67.4593203865
2018-06-07 05:54:00,47.192015074
2018-06-07 05:55:00,26.9247097615
2018-06-07 05:56:00,47.192015074
2018-06-07 05:57:00,47.192015074
2018-06-07 05:58:00,47.192015074
2018-06-07 05:59:00,87.726625699
2018-06-07 06:00:00,97.8602783553
2018-06-07 06:01:00,87.726625699
2018-06-07 06:02:00,87.726625699
2018-06-07 06:03:00,107.993931012
2018-06-07 06:04:00,118.127583668
2018-06-07 06:05:00,128.261236324
2018-06-07 06:06:00,128.261236324
2018-06-07 06:07:00,138.39488898
2018-06-07 06:08:00,138.39488898
2018-06-07 06:09:00,138.39488898
2018-06-07 06:10:00,138.39488898
2018-06-07 06:11:00,148.528541637
2018-06-07 06:12:00,138.39488898
2018-06-07 06:13:00,148.528541637
2018-06-07 06:14:00,148.528541637
2018-06-07 06:15:00,178.929499605
2018-06-07 06:16:00,189.063152262
2018-06-07 06:17:00,189.063152262
2018-06-07 06:18:00,189.063152262
2018-06-07 06:19:00,189.063152262
2018-06-07 06:20:00,189.063152262
2018-06-07 06:21:00,189.063152262
2018-06-07 06:22:00,189.063152262
2018-06-07 06:23:00,189.063152262
2018-06-07 06:24:00,189.063152262
2018-06-07 06:25:00,178.929499605
2018-06-07 06:26:00,189.063152262
2018-06-07 06:27:00,189.063152262
2018-06-07 06:28:00,189.063152262
2018-06-07 06:29:00,189.063152262
2018-06-07 06:30:00,189.063152262
2018-06-07 06:31:00,189.063152262
2018-06-07 06:32:00,189.063152262
2018-06-07 06:33:00,189.063152262
2018-06-07 06:34:00,168.795846949
2018-06-07 06:35:00,148.528541637
2018-06-07 06:36:00,158.662194293
2018-06-07 06:37:00,148.528541637
2018-06-07 06:38:00,168.795846949
2018-06-07 06:39:00,178.929499605
2018-06-07 06:40:00,178.929499605
2018-06-07 06:41:00,209.330457574
2018-06-07 06:42:00,229.597762887
2018-06-07 06:43:00,209.330457574
2018-06-07 06:44:00,229.597762887
2018-06-07 06:45:00,229.597762887
2018-06-07 06:46:00,229.597762887
2018-06-07 06:47:00,229.597762887
2018-06-07 06:48:00,229.597762887
2018-06-07 06:49:00,219.46411023
2018-06-07 06:50:00,209.330457574
2018-06-07 06:51:00,209.330457574
2018-06-07 06:52:00,209.330457574
2018-06-07 06:53:00,209.330457574
2018-06-07 06:54:00,209.330457574
2018-06-07 06:55:00,229.597762887
2018-06-07 06:56:00,219.46411023
2018-06-07 06:57:00,209.330457574
2018-06-07 06:58:00,209.330457574
2018-06-07 06:59:00,209.330457574
2018-06-07 07:00:00,229.597762887
2018-06-07 07:01:00,209.330457574
2018-06-07 07:02:00,209.330457574
2018-06-07 07:03:00,209.330457574
2018-06-07 07:04:00,209.330457574
2018-06-07 07:05:00,189.063152262
2018-06-07 07:06:00,168.795846949
2018-06-07 07:07:00,168.795846949
2018-06-07 07:08:00,138.39488898
2018-06-07 07:09:00,128.261236324
2018-06-07 07:10:00,128.261236324
2018-06-07 07:11:00,128.261236324
2018-06-07 07:12:00,107.993931012
2018-06-07 07:13:00,107.993931012
2018-06-07 07:14:00,107.993931012
2018-06-07 07:15:00,107.993931012
2018-06-07 07:16:00,87.726625699
2018-06-07 07:17:00,67.4593203865
2018-06-07 07:18:00,67.4593203865
2018-06-07 07:19:00,67.4593203865
2018-06-07 07:20:00,67.4593203865
2018-06-07 07:21:00,67.4593203865
2018-06-07 07:22:00,67.4593203865
2018-06-07 07:23:00,67.4593203865
2018-06-07 07:24:00,67.4593203865
2018-06-07 07:25:00,67.4593203865
2018-06-07 07:26:00,67.4593203865
2018-06-07 07:27:00,67.4593203865
2018-06-07 07:28:00,67.4593203865
2018-06-07 07:29:00,67.4593203865
2018-06-07 07:30:00,67.4593203865
2018-06-07 07:31:00,67.4593203865
2018-06-07 07:32:00,97.8602783553
2018-06-07 07:33:00,87.726625699
2018-06-07 07:34:00,87.726625699
2018-06-07 07:35:00,87.726625699
2018-06-07 07:36:00,97.8602783553
2018-06-07 07:37:00,97.8602783553
2018-06-07 07:38:00,97.8602783553
2018-06-07 07:39:00,97.8602783553
2018-06-07 07:40:00,67.4593203865
2018-06-07 07:41:00,67.4593203865
2018-06-07 07:42:00,67.4593203865
2018-06-07 07:43:00,67.4593203865
2018-06-07 07:44:00,67.4593203865
2018-06-07 07:45:00,67.4593203865
2018-06-07 07:46:00,67.4593203865
2018-06-07 07:47:00,67.4593203865
2018-06-07 07:48:00,67.4593203865
2018-06-07 07:49:00,77.5929730428
2018-06-07 07:50:00,87.726625699
2018-06-07 07:51:00,87.726625699
2018-06-07 07:52:00,87.726625699
2018-06-07 07:53:00,87.726625699
2018-06-07 07:54:00,87.726625699
2018-06-07 07:55:00,87.726625699
2018-06-07 07:56:00,87.726625699
2018-06-07 07:57:00,77.5929730428
2018-06-07 07:58:00,77.5929730428
2018-06-07 07:59:00,77.5929730428
2018-06-07 08:00:00,87.726625699
2018-06-07 08:01:00,128.261236324
2018-06-07 08:02:00,128.261236324
2018-06-07 08:03:00,128.261236324
2018-06-07 08:04:00,128.261236324
2018-06-07 08:05:00,128.261236324
2018-06-07 08:06:00,128.261236324
2018-06-07 08:07:00,128.261236324
2018-06-07 08:08:00,107.993931012
2018-06-07 08:09:00,107.993931012
2018-06-07 08:10:00,107.993931012
2018-06-07 08:11:00,87.726625699
2018-06-07 08:12:00,87.726625699
2018-06-07 08:13:00,87.726625699
2018-06-07 08:14:00,87.726625699
2018-06-07 08:15:00,87.726625699
2018-06-07 08:16:00,87.726625699
2018-06-07 08:17:00,128.261236324
2018-06-07 08:18:00,128.261236324
2018-06-07 08:19:00,128.261236324
2018-06-07 08:20:00,128.261236324
2018-06-07 08:21:00,128.261236324
2018-06-07 08:22:00,148.528541637
2018-06-07 08:23:00,148.528541637
2018-06-07 08:24:00,148.528541637
2018-06-07 08:25:00,148.528541637
2018-06-07 08:26:00,148.528541637
2018-06-07 08:27:00,148.528541637
2018-06-07 08:28:00,148.528541637
2018-06-07 08:29:00,148.528541637
2018-06-07 08:30:00,158.662194293
2018-06-07 08:31:00,158.662194293
2018-06-07 08:32:00,158.662194293
2018-06-07 08:33:00,158.662194293
2018-06-07 08:34:00,168.795846949
2018-06-07 08:35:00,189.063152262
2018-06-07 08:36:00,189.063152262
2018-06-07 08:37:00,189.063152262
2018-06-07 08:38:00,168.795846949
2018-06-07 08:39:00,168.795846949
2018-06-07 08:40:00,168.795846949
2018-06-07 08:41:00,168.795846949
2018-06-07 08:42:00,168.795846949
2018-06-07 08:43:00,168.795846949
2018-06-07 08:44:00,178.929499605
2018-06-07 08:45:00,168.795846949
2018-06-07 08:46:00,168.795846949
2018-06-07 08:47:00,168.795846949
2018-06-07 08:48:00,168.795846949
2018-06-07 08:49:00,158.662194293
2018-06-07 08:50:00,168.795846949
2018-06-07 08:51:00,148.528541637
2018-06-07 08:52:00,148.528541637
2018-06-07 08:53:00,138.39488898
2018-06-07 08:54:00,148.528541637
2018-06-07 08:55:00,158.662194293
2018-06-07 08:56:00,168.795846949
2018-06-07 08:57:00,168.795846949
2018-06-07 08:58:00,168.795846949
2018-06-07 08:59:00,168.795846949
2018-06-07 09:00:00,168.795846949
2018-06-07 09:01:00,148.528541637
2018-06-07 09:02:00,148.528541637
2018-06-07 09:03:00,168.795846949
2018-06-07 09:04:00,168.795846949
2018-06-07 09:05:00,168.795846949
2018-06-07 09:06:00,189.063152262
2018-06-07 09:07:00,189.063152262
2018-06-07 09:08:00,189.063152262
2018-06-07 09:09:00,189.063152262
2018-06-07 09:10:00,189.063152262
2018-06-07 09:11:00,189.063152262
2018-06-07 09:12:00,199.196804918
2018-06-07 09:13:00,209.330457574
2018-06-07 09:14:00,209.330457574
2018-06-07 09:15:00,209.330457574
2018-06-07 09:16:00,199.196804918
2018-06-07 09:17:00,189.063152262
2018-06-07 09:18:00,178.929499605
2018-06-07 09:19:00,189.063152262
2018-06-07 09:20:00,189.063152262
2018-06-07 09:21:00,189.063152262
2018-06-07 09:22:00,199.196804918
2018-06-07 09:23:00,189.063152262
2018-06-07 09:24:00,189.063152262
2018-06-07 09:25:00,209.330457574
2018-06-07 09:26:00,209.330457574
2018-06-07 09:27:00,199.196804918
2018-06-07 09:28:00,189.063152262
2018-06-07 09:29:00,189.063152262
2018-06-07 09:30:00,189.063152262
2018-06-07 09:31:00,189.063152262
2018-06-07 09:32:00,199.196804918
2018-06-07 09:33:00,199.196804918
2018-06-07 09:34:00,199.196804918
2018-06-07 09:35:00,189.063152262
2018-06-07 09:36:00,189.063152262
2018-06-07 09:37:00,189.063152262
2018-06-07 09:38:00,199.196804918
2018-06-07 09:39:00,209.330457574
2018-06-07 09:40:00,209.330457574
2018-06-07 09:41:00,189.063152262
2018-06-07 09:42:00,189.063152262
2018-06-07 09:43:00,168.795846949
2018-06-07 09:44:00,158.662194293
2018-06-07 09:45:00,148.528541637
2018-06-07 09:46:00,168.795846949
2018-06-07 09:47:00,168.795846949
2018-06-07 09:48:00,168.795846949
2018-06-07 09:49:00,168.795846949
2018-06-07 09:50:00,168.795846949
2018-06-07 09:51:00,168.795846949
2018-06-07 09:52:00,178.929499605
2018-06-07 09:53:00,168.795846949
2018-06-07 09:54:00,128.261236324
2018-06-07 09:55:00,138.39488898
2018-06-07 09:56:00,138.39488898
2018-06-07 09:57:00,138.39488898
2018-06-07 09:58:00,128.261236324
2018-06-07 09:59:00,107.993931012
2018-06-07 10:00:00,47.192015074
2018-06-07 10:01:00,6.65740444905
2018-06-07 10:02:00,6.65740444905
2018-06-07 10:03:00,-23.7435535197
2018-06-07 10:04:00,-54.1445114884
2018-06-07 10:05:00,-74.4118168009
2018-06-07 10:06:00,-74.4118168009
2018-06-07 10:07:00,-54.1445114884
2018-06-07 10:08:00,-13.6099008635
2018-06-07 10:09:00,-13.6099008635
2018-06-07 10:10:00,-33.877206176
2018-06-07 10:11:00,-33.877206176
2018-06-07 10:12:00,-33.877206176
2018-06-07 10:13:00,-23.7435535197
2018-06-07 10:14:00,-13.6099008635
2018-06-07 10:15:00,-23.7435535197
2018-06-07 10:16:00,-23.7435535197
2018-06-07 10:17:00,-13.6099008635
2018-06-07 10:18:00,-23.7435535197
2018-06-07 10:19:00,-23.7435535197
2018-06-07 10:20:00,-23.7435535197
2018-06-07 10:21:00,-44.0108588322
2018-06-07 10:22:00,-33.877206176
2018-06-07 10:23:00,-33.877206176
2018-06-07 10:24:00,-33.877206176
2018-06-07 10:25:00,-33.877206176
2018-06-07 10:26:00,-33.877206176
2018-06-07 10:27:00,-33.877206176
2018-06-07 10:28:00,-54.1445114884
2018-06-07 10:29:00,-54.1445114884
2018-06-07 10:30:00,-54.1445114884
2018-06-07 10:31:00,-54.1445114884
2018-06-07 10:32:00,-54.1445114884
2018-06-07 10:33:00,-94.6791221135
2018-06-07 10:34:00,-94.6791221135
2018-06-07 10:35:00,-104.81277477
2018-06-07 10:36:00,-114.946427426
2018-06-07 10:37:00,-114.946427426
2018-06-07 10:38:00,-125.080080082
2018-06-07 10:39:00,-135.213732738
2018-06-07 10:40:00,-104.81277477
2018-06-07 10:41:00,-114.946427426
2018-06-07 10:42:00,-104.81277477
2018-06-07 10:43:00,-94.6791221135
2018-06-07 10:44:00,-94.6791221135
2018-06-07 10:45:00,-74.4118168009
2018-06-07 10:46:00,-54.1445114884
2018-06-07 10:47:00,-54.1445114884
2018-06-07 10:48:00,-54.1445114884
2018-06-07 10:49:00,-54.1445114884
2018-06-07 10:50:00,-33.877206176
2018-06-07 10:51:00,-33.877206176
2018-06-07 10:52:00,-33.877206176
2018-06-07 10:53:00,-23.7435535197
2018-06-07 10:54:00,-44.0108588322
2018-06-07 10:55:00,-13.6099008635
2018-06-07 10:56:00,-13.6099008635
2018-06-07 10:57:00,-23.7435535197
2018-06-07 10:58:00,-54.1445114884
2018-06-07 10:59:00,-13.6099008635
2018-06-07 11:00:00,-23.7435535197
2018-06-07 11:01:00,-23.7435535197
2018-06-07 11:02:00,-23.7435535197
2018-06-07 11:03:00,-3.4762482072
2018-06-07 11:04:00,6.65740444905
2018-06-07 11:05:00,26.9247097615
2018-06-07 11:06:00,26.9247097615
2018-06-07 11:07:00,26.9247097615
2018-06-07 11:08:00,-13.6099008635
2018-06-07 11:09:00,-33.877206176
2018-06-07 11:10:00,-23.7435535197
2018-06-07 11:11:00,-23.7435535197
2018-06-07 11:12:00,-23.7435535197
2018-06-07 11:13:00,-23.7435535197
2018-06-07 11:14:00,-44.0108588322
2018-06-07 11:15:00,-44.0108588322
2018-06-07 11:16:00,-23.7435535197
2018-06-07 11:17:00,-3.4762482072
2018-06-07 11:18:00,-3.4762482072
2018-06-07 11:19:00,-33.877206176
2018-06-07 11:20:00,-33.877206176
2018-06-07 11:21:00,-23.7435535197
2018-06-07 11:22:00,-33.877206176
2018-06-07 11:23:00,-33.877206176
2018-06-07 11:24:00,-23.7435535197
2018-06-07 11:25:00,-33.877206176
2018-06-07 11:26:00,-44.0108588322
2018-06-07 11:27:00,-33.877206176
2018-06-07 11:28:00,-13.6099008635
2018-06-07 11:29:00,37.0583624178
2018-06-07 11:30:00,37.0583624178
2018-06-07 11:31:00,57.3256677303
2018-06-07 11:32:00,57.3256677303
2018-06-07 11:33:00,67.4593203865
2018-06-07 11:34:00,77.5929730428
2018-06-07 11:35:00,77.5929730428
2018-06-07 11:36:00,77.5929730428
2018-06-07 11:37:00,57.3256677303
2018-06-07 11:38:00,77.5929730428
2018-06-07 11:39:00,47.192015074
2018-06-07 11:40:00,47.192015074
2018-06-07 11:41:00,37.0583624178
2018-06-07 11:42:00,37.0583624178
2018-06-07 11:43:00,37.0583624178
2018-06-07 11:44:00,37.0583624178
2018-06-07 11:45:00,57.3256677303
2018-06-07 11:46:00,57.3256677303
2018-06-07 11:47:00,57.3256677303
2018-06-07 11:48:00,57.3256677303
2018-06-07 11:49:00,67.4593203865
2018-06-07 11:50:00,77.5929730428
2018-06-07 11:51:00,77.5929730428
2018-06-07 11:52:00,77.5929730428
2018-06-07 11:53:00,77.5929730428
2018-06-07 11:54:00,77.5929730428
2018-06-07 11:55:00,57.3256677303
2018-06-07 11:56:00,77.5929730428
2018-06-07 11:57:00,57.3256677303
2018-06-07 11:58:00,57.3256677303
2018-06-07 11:59:00,57.3256677303
2018-06-08 01:29:00,-165.614690707
2018-06-08 01:30:00,-165.614690707
2018-06-08 01:31:00,-165.614690707
2018-06-08 01:32:00,-165.614690707
2018-06-08 01:33:00,16.7910571053
2018-06-08 01:34:00,148.528541637
2018-06-08 01:35:00,148.528541637
2018-06-08 01:36:00,87.726625699
2018-06-08 01:37:00,87.726625699
2018-06-08 01:38:00,87.726625699
2018-06-08 01:39:00,107.993931012
2018-06-08 01:40:00,107.993931012
2018-06-08 01:41:00,107.993931012
2018-06-08 01:42:00,107.993931012
2018-06-08 01:43:00,107.993931012
2018-06-08 01:44:00,107.993931012
2018-06-08 01:45:00,118.127583668
2018-06-08 01:46:00,118.127583668
2018-06-08 01:47:00,128.261236324
2018-06-08 01:48:00,128.261236324
2018-06-08 01:49:00,128.261236324
2018-06-08 01:50:00,148.528541637
2018-06-08 01:51:00,158.662194293
2018-06-08 01:52:00,168.795846949
2018-06-08 01:53:00,168.795846949
2018-06-08 01:54:00,168.795846949
2018-06-08 01:55:00,168.795846949
2018-06-08 01:56:00,168.795846949
2018-06-08 01:57:00,168.795846949
2018-06-08 01:58:00,168.795846949
2018-06-08 01:59:00,148.528541637
2018-06-08 02:00:00,168.795846949
2018-06-08 02:01:00,209.330457574
2018-06-08 02:02:00,199.196804918
2018-06-08 02:03:00,229.597762887
2018-06-08 02:04:00,239.731415543
2018-06-08 02:05:00,219.46411023
2018-06-08 02:06:00,219.46411023
2018-06-08 02:07:00,239.731415543
2018-06-08 02:08:00,189.063152262
2018-06-08 02:09:00,168.795846949
2018-06-08 02:10:00,178.929499605
2018-06-08 02:11:00,189.063152262
2018-06-08 02:12:00,199.196804918
2018-06-08 02:13:00,219.46411023
2018-06-08 02:14:00,209.330457574
2018-06-08 02:15:00,229.597762887
2018-06-08 02:16:00,168.795846949
2018-06-08 02:17:00,178.929499605
2018-06-08 02:18:00,189.063152262
2018-06-08 02:19:00,168.795846949
2018-06-08 02:20:00,168.795846949
2018-06-08 02:21:00,168.795846949
2018-06-08 02:22:00,168.795846949
2018-06-08 02:23:00,148.528541637
2018-06-08 02:24:00,148.528541637
2018-06-08 02:25:00,168.795846949
2018-06-08 02:26:00,148.528541637
2018-06-08 02:27:00,168.795846949
2018-06-08 02:28:00,168.795846949
2018-06-08 02:29:00,199.196804918
2018-06-08 02:30:00,178.929499605
2018-06-08 02:31:00,138.39488898
2018-06-08 02:32:00,158.662194293
2018-06-08 02:33:00,178.929499605
2018-06-08 02:34:00,189.063152262
2018-06-08 02:35:00,189.063152262
2018-06-08 02:36:00,219.46411023
2018-06-08 02:37:00,209.330457574
2018-06-08 02:38:00,209.330457574
2018-06-08 02:39:00,189.063152262
2018-06-08 02:40:00,189.063152262
2018-06-08 02:41:00,189.063152262
2018-06-08 02:42:00,189.063152262
2018-06-08 02:43:00,168.795846949
2018-06-08 02:44:00,168.795846949
2018-06-08 02:45:00,148.528541637
2018-06-08 02:46:00,148.528541637
2018-06-08 02:47:00,148.528541637
2018-06-08 02:48:00,168.795846949
2018-06-08 02:49:00,168.795846949
2018-06-08 02:50:00,168.795846949
2018-06-08 02:51:00,168.795846949
2018-06-08 02:52:00,168.795846949
2018-06-08 02:53:00,158.662194293
2018-06-08 02:54:00,168.795846949
2018-06-08 02:55:00,189.063152262
2018-06-08 02:56:00,189.063152262
2018-06-08 02:57:00,189.063152262
2018-06-08 02:58:00,189.063152262
2018-06-08 02:59:00,178.929499605
2018-06-08 03:00:00,189.063152262
2018-06-08 03:01:00,189.063152262
2018-06-08 03:02:00,209.330457574
2018-06-08 03:03:00,239.731415543
2018-06-08 03:04:00,249.865068199
2018-06-08 03:05:00,239.731415543
2018-06-08 03:06:00,249.865068199
2018-06-08 03:07:00,290.399678824
2018-06-08 03:08:00,330.934289449
2018-06-08 03:09:00,310.666984137
2018-06-08 03:10:00,320.800636793
2018-06-08 03:11:00,290.399678824
2018-06-08 03:12:00,310.666984137
2018-06-08 03:13:00,330.934289449
2018-06-08 03:14:00,310.666984137
2018-06-08 03:15:00,300.53333148
2018-06-08 03:16:00,300.53333148
2018-06-08 03:17:00,290.399678824
2018-06-08 03:18:00,341.067942105
2018-06-08 03:19:00,391.736205387
2018-06-08 03:20:00,442.404468668
2018-06-08 03:21:00,381.60255273
2018-06-08 03:22:00,330.934289449
2018-06-08 03:23:00,330.934289449
2018-06-08 03:24:00,310.666984137
2018-06-08 03:25:00,391.736205387
2018-06-08 03:26:00,371.468900074
2018-06-08 03:27:00,391.736205387
2018-06-08 03:28:00,371.468900074
2018-06-08 03:29:00,330.934289449
2018-06-08 03:30:00,310.666984137
2018-06-08 03:31:00,330.934289449
2018-06-08 03:32:00,320.800636793
2018-06-08 03:33:00,320.800636793
2018-06-08 03:34:00,341.067942105
2018-06-08 03:35:00,320.800636793
2018-06-08 03:36:00,320.800636793
2018-06-08 03:37:00,259.998720855
2018-06-08 03:38:00,249.865068199
2018-06-08 03:39:00,249.865068199
2018-06-08 03:40:00,259.998720855
2018-06-08 03:41:00,249.865068199
2018-06-08 03:42:00,239.731415543
2018-06-08 03:43:00,229.597762887
2018-06-08 03:44:00,209.330457574
2018-06-08 03:45:00,229.597762887
2018-06-08 03:46:00,229.597762887
2018-06-08 03:47:00,280.266026168
2018-06-08 03:48:00,280.266026168
2018-06-08 03:49:00,259.998720855
2018-06-08 03:50:00,259.998720855
2018-06-08 03:51:00,270.132373512
2018-06-08 03:52:00,300.53333148
2018-06-08 03:53:00,300.53333148
2018-06-08 03:54:00,300.53333148
2018-06-08 03:55:00,270.132373512
2018-06-08 03:56:00,280.266026168
2018-06-08 03:57:00,290.399678824
2018-06-08 03:58:00,280.266026168
2018-06-08 03:59:00,300.53333148
2018-06-08 04:00:00,300.53333148
2018-06-08 04:01:00,270.132373512
2018-06-08 04:02:00,280.266026168
2018-06-08 04:03:00,270.132373512
2018-06-08 04:04:00,259.998720855
2018-06-08 04:05:00,259.998720855
2018-06-08 04:06:00,259.998720855
2018-06-08 04:07:00,249.865068199
2018-06-08 04:08:00,259.998720855
2018-06-08 04:09:00,259.998720855
2018-06-08 04:10:00,249.865068199
2018-06-08 04:11:00,249.865068199
2018-06-08 04:12:00,259.998720855
2018-06-08 04:13:00,249.865068199
2018-06-08 04:14:00,249.865068199
2018-06-08 04:15:00,249.865068199
2018-06-08 04:16:00,239.731415543
2018-06-08 04:17:00,249.865068199
2018-06-08 04:18:00,249.865068199
2018-06-08 04:19:00,229.597762887
2018-06-08 04:20:00,229.597762887
2018-06-08 04:21:00,249.865068199
2018-06-08 04:22:00,229.597762887
2018-06-08 04:23:00,229.597762887
2018-06-08 04:24:00,229.597762887
2018-06-08 04:25:00,239.731415543
2018-06-08 04:26:00,229.597762887
2018-06-08 04:27:00,229.597762887
2018-06-08 04:28:00,229.597762887
2018-06-08 04:29:00,229.597762887
2018-06-08 04:30:00,168.795846949
2018-06-08 04:31:00,168.795846949
2018-06-08 04:32:00,168.795846949
2018-06-08 04:33:00,168.795846949
2018-06-08 04:34:00,168.795846949
2018-06-08 04:35:00,168.795846949
2018-06-08 04:36:00,168.795846949
2018-06-08 04:37:00,168.795846949
2018-06-08 04:38:00,168.795846949
2018-06-08 04:39:00,168.795846949
2018-06-08 04:40:00,168.795846949
2018-06-08 04:41:00,168.795846949
2018-06-08 04:42:00,168.795846949
2018-06-08 04:43:00,178.929499605
2018-06-08 04:44:00,178.929499605
2018-06-08 04:45:00,178.929499605
2018-06-08 04:46:00,189.063152262
2018-06-08 04:47:00,199.196804918
2018-06-08 04:48:00,199.196804918
2018-06-08 04:49:00,199.196804918
2018-06-08 04:50:00,199.196804918
2018-06-08 04:51:00,249.865068199
2018-06-08 04:52:00,249.865068199
2018-06-08 04:53:00,229.597762887
2018-06-08 04:54:00,229.597762887
2018-06-08 04:55:00,229.597762887
2018-06-08 04:56:00,229.597762887
2018-06-08 04:57:00,229.597762887
2018-06-08 04:58:00,229.597762887
2018-06-08 04:59:00,168.795846949
2018-06-08 05:00:00,168.795846949
2018-06-08 05:01:00,168.795846949
2018-06-08 05:02:00,168.795846949
2018-06-08 05:03:00,168.795846949
2018-06-08 05:04:00,189.063152262
2018-06-08 05:05:00,189.063152262
2018-06-08 05:06:00,168.795846949
2018-06-08 05:07:00,168.795846949
2018-06-08 05:08:00,168.795846949
2018-06-08 05:09:00,168.795846949
2018-06-08 05:10:00,178.929499605
2018-06-08 05:11:00,168.795846949
2018-06-08 05:12:00,158.662194293
2018-06-08 05:13:00,158.662194293
2018-06-08 05:14:00,148.528541637
2018-06-08 05:15:00,148.528541637
2018-06-08 05:16:00,168.795846949
2018-06-08 05:17:00,148.528541637
2018-06-08 05:18:00,148.528541637
2018-06-08 05:19:00,148.528541637
2018-06-08 05:20:00,148.528541637
2018-06-08 05:21:00,148.528541637
2018-06-08 05:22:00,148.528541637
2018-06-08 05:23:00,158.662194293
2018-06-08 05:24:00,148.528541637
2018-06-08 05:25:00,158.662194293
2018-06-08 05:26:00,148.528541637
2018-06-08 05:27:00,148.528541637
2018-06-08 05:28:00,178.929499605
2018-06-08 05:29:00,168.795846949
2018-06-08 05:30:00,178.929499605
2018-06-08 05:31:00,178.929499605
2018-06-08 05:32:00,178.929499605
2018-06-08 05:33:00,178.929499605
2018-06-08 05:34:00,178.929499605
2018-06-08 05:35:00,189.063152262
2018-06-08 05:36:00,189.063152262
2018-06-08 05:37:00,189.063152262
2018-06-08 05:38:00,189.063152262
2018-06-08 05:39:00,199.196804918
2018-06-08 05:40:00,199.196804918
2018-06-08 05:41:00,158.662194293
2018-06-08 05:42:00,158.662194293
2018-06-08 05:43:00,168.795846949
2018-06-08 05:44:00,158.662194293
2018-06-08 05:45:00,158.662194293
2018-06-08 05:46:00,199.196804918
2018-06-08 05:47:00,178.929499605
2018-06-08 05:48:00,178.929499605
2018-06-08 05:49:00,209.330457574
2018-06-08 05:50:00,209.330457574
2018-06-08 05:51:00,199.196804918
2018-06-08 05:52:00,209.330457574
2018-06-08 05:53:00,189.063152262
2018-06-08 05:54:00,199.196804918
2018-06-08 05:55:00,229.597762887
2018-06-08 05:56:00,239.731415543
2018-06-08 05:57:00,229.597762887
2018-06-08 05:58:00,249.865068199
2018-06-08 05:59:00,239.731415543
2018-06-08 06:00:00,239.731415543
2018-06-08 06:01:00,239.731415543
2018-06-08 06:02:00,239.731415543
2018-06-08 06:03:00,249.865068199
2018-06-08 06:04:00,239.731415543
2018-06-08 06:05:00,249.865068199
2018-06-08 06:06:00,229.597762887
2018-06-08 06:07:00,229.597762887
2018-06-08 06:08:00,229.597762887
2018-06-08 06:09:00,229.597762887
2018-06-08 06:10:00,229.597762887
2018-06-08 06:11:00,229.597762887
2018-06-08 06:12:00,229.597762887
2018-06-08 06:13:00,229.597762887
2018-06-08 06:14:00,229.597762887
2018-06-08 06:15:00,229.597762887
2018-06-08 06:16:00,219.46411023
2018-06-08 06:17:00,229.597762887
2018-06-08 06:18:00,229.597762887
2018-06-08 06:19:00,229.597762887
2018-06-08 06:20:00,229.597762887
2018-06-08 06:21:00,189.063152262
2018-06-08 06:22:00,189.063152262
2018-06-08 06:23:00,189.063152262
2018-06-08 06:24:00,189.063152262
2018-06-08 06:25:00,199.196804918
2018-06-08 06:26:00,189.063152262
2018-06-08 06:27:00,189.063152262
2018-06-08 06:28:00,178.929499605
2018-06-08 06:29:00,189.063152262
2018-06-08 06:30:00,189.063152262
2018-06-08 06:31:00,189.063152262
2018-06-08 06:32:00,189.063152262
2018-06-08 06:33:00,189.063152262
2018-06-08 06:34:00,189.063152262
2018-06-08 06:35:00,189.063152262
2018-06-08 06:36:00,189.063152262
2018-06-08 06:37:00,168.795846949
2018-06-08 06:38:00,168.795846949
2018-06-08 06:39:00,168.795846949
2018-06-08 06:40:00,168.795846949
2018-06-08 06:41:00,168.795846949
2018-06-08 06:42:00,158.662194293
2018-06-08 06:43:00,168.795846949
2018-06-08 06:44:00,148.528541637
2018-06-08 06:45:00,148.528541637
2018-06-08 06:46:00,168.795846949
2018-06-08 06:47:00,168.795846949
2018-06-08 06:48:00,168.795846949
2018-06-08 06:49:00,168.795846949
2018-06-08 06:50:00,168.795846949
2018-06-08 06:51:00,168.795846949
2018-06-08 06:52:00,168.795846949
2018-06-08 06:53:00,168.795846949
2018-06-08 06:54:00,168.795846949
2018-06-08 06:55:00,148.528541637
2018-06-08 06:56:00,168.795846949
2018-06-08 06:57:00,178.929499605
2018-06-08 06:58:00,189.063152262
2018-06-08 06:59:00,168.795846949
2018-06-08 07:00:00,168.795846949
2018-06-08 07:01:00,168.795846949
2018-06-08 07:02:00,168.795846949
2018-06-08 07:03:00,168.795846949
2018-06-08 07:04:00,168.795846949
2018-06-08 07:05:00,168.795846949
2018-06-08 07:06:00,189.063152262
2018-06-08 07:07:00,189.063152262
2018-06-08 07:08:00,168.795846949
2018-06-08 07:09:00,168.795846949
2018-06-08 07:10:00,168.795846949
2018-06-08 07:11:00,168.795846949
2018-06-08 07:12:00,168.795846949
2018-06-08 07:13:00,168.795846949
2018-06-08 07:14:00,158.662194293
2018-06-08 07:15:00,158.662194293
2018-06-08 07:16:00,138.39488898
2018-06-08 07:17:00,138.39488898
2018-06-08 07:18:00,148.528541637
2018-06-08 07:19:00,148.528541637
2018-06-08 07:20:00,138.39488898
2018-06-08 07:21:00,138.39488898
2018-06-08 07:22:00,128.261236324
2018-06-08 07:23:00,118.127583668
2018-06-08 07:24:00,107.993931012
2018-06-08 07:25:00,107.993931012
2018-06-08 07:26:00,107.993931012
2018-06-08 07:27:00,97.8602783553
2018-06-08 07:28:00,97.8602783553
2018-06-08 07:29:00,97.8602783553
2018-06-08 07:30:00,118.127583668
2018-06-08 07:31:00,118.127583668
2018-06-08 07:32:00,118.127583668
2018-06-08 07:33:00,128.261236324
2018-06-08 07:34:00,128.261236324
2018-06-08 07:35:00,107.993931012
2018-06-08 07:36:00,138.39488898
2018-06-08 07:37:00,148.528541637
2018-06-08 07:38:00,148.528541637
2018-06-08 07:39:00,168.795846949
2018-06-08 07:40:00,168.795846949
2018-06-08 07:41:00,209.330457574
2018-06-08 07:42:00,249.865068199
2018-06-08 07:43:00,249.865068199
2018-06-08 07:44:00,229.597762887
2018-06-08 07:45:00,209.330457574
2018-06-08 07:46:00,189.063152262
2018-06-08 07:47:00,189.063152262
2018-06-08 07:48:00,178.929499605
2018-06-08 07:49:00,158.662194293
2018-06-08 07:50:00,138.39488898
2018-06-08 07:51:00,128.261236324
2018-06-08 07:52:00,158.662194293
2018-06-08 07:53:00,199.196804918
2018-06-08 07:54:00,209.330457574
2018-06-08 07:55:00,209.330457574
2018-06-08 07:56:00,209.330457574
2018-06-08 07:57:00,209.330457574
2018-06-08 07:58:00,209.330457574
2018-06-08 07:59:00,199.196804918
2018-06-08 08:00:00,189.063152262
2018-06-08 08:01:00,189.063152262
2018-06-08 08:02:00,189.063152262
2018-06-08 08:03:00,168.795846949
2018-06-08 08:04:00,168.795846949
2018-06-08 08:05:00,148.528541637
2018-06-08 08:06:00,148.528541637
2018-06-08 08:07:00,148.528541637
2018-06-08 08:08:00,138.39488898
2018-06-08 08:09:00,118.127583668
2018-06-08 08:10:00,128.261236324
2018-06-08 08:11:00,138.39488898
2018-06-08 08:12:00,148.528541637
2018-06-08 08:13:00,138.39488898
2018-06-08 08:14:00,138.39488898
2018-06-08 08:15:00,118.127583668
2018-06-08 08:16:00,128.261236324
2018-06-08 08:17:00,138.39488898
2018-06-08 08:18:00,148.528541637
2018-06-08 08:19:00,148.528541637
2018-06-08 08:20:00,148.528541637
2018-06-08 08:21:00,158.662194293
2018-06-08 08:22:00,168.795846949
2018-06-08 08:23:00,158.662194293
2018-06-08 08:24:00,178.929499605
2018-06-08 08:25:00,128.261236324
2018-06-08 08:26:00,128.261236324
2018-06-08 08:27:00,107.993931012
2018-06-08 08:28:00,97.8602783553
2018-06-08 08:29:00,97.8602783553
2018-06-08 08:30:00,97.8602783553
2018-06-08 08:31:00,107.993931012
2018-06-08 08:32:00,107.993931012
2018-06-08 08:33:00,128.261236324
2018-06-08 08:34:00,168.795846949
2018-06-08 08:35:00,158.662194293
2018-06-08 08:36:00,189.063152262
2018-06-08 08:37:00,189.063152262
2018-06-08 08:38:00,209.330457574
2018-06-08 08:39:00,209.330457574
2018-06-08 08:40:00,209.330457574
2018-06-08 08:41:00,189.063152262
2018-06-08 08:42:00,189.063152262
2018-06-08 08:43:00,199.196804918
2018-06-08 08:44:00,199.196804918
2018-06-08 08:45:00,199.196804918
2018-06-08 08:46:00,189.063152262
2018-06-08 08:47:00,189.063152262
2018-06-08 08:48:00,189.063152262
2018-06-08 08:49:00,189.063152262
2018-06-08 08:50:00,178.929499605
2018-06-08 08:51:00,168.795846949
2018-06-08 08:52:00,168.795846949
2018-06-08 08:53:00,189.063152262
2018-06-08 08:54:00,209.330457574
2018-06-08 08:55:00,209.330457574
2018-06-08 08:56:00,209.330457574
2018-06-08 08:57:00,209.330457574
2018-06-08 08:58:00,158.662194293
2018-06-08 08:59:00,148.528541637
2018-06-08 09:00:00,189.063152262
2018-06-08 09:01:00,199.196804918
2018-06-08 09:02:00,189.063152262
2018-06-08 09:03:00,168.795846949
2018-06-08 09:04:00,168.795846949
2018-06-08 09:05:00,168.795846949
2018-06-08 09:06:00,148.528541637
2018-06-08 09:07:00,148.528541637
2018-06-08 09:08:00,148.528541637
2018-06-08 09:09:00,148.528541637
2018-06-08 09:10:00,168.795846949
2018-06-08 09:11:00,168.795846949
2018-06-08 09:12:00,199.196804918
2018-06-08 09:13:00,229.597762887
2018-06-08 09:14:00,229.597762887
2018-06-08 09:15:00,229.597762887
2018-06-08 09:16:00,229.597762887
2018-06-08 09:17:00,229.597762887
2018-06-08 09:18:00,229.597762887
2018-06-08 09:19:00,229.597762887
2018-06-08 09:20:00,209.330457574
2018-06-08 09:21:00,148.528541637
2018-06-08 09:22:00,158.662194293
2018-06-08 09:23:00,138.39488898
2018-06-08 09:24:00,138.39488898
2018-06-08 09:25:00,138.39488898
2018-06-08 09:26:00,148.528541637
2018-06-08 09:27:00,148.528541637
2018-06-08 09:28:00,148.528541637
2018-06-08 09:29:00,148.528541637
2018-06-08 09:30:00,158.662194293
2018-06-08 09:31:00,148.528541637
2018-06-08 09:32:00,148.528541637
2018-06-08 09:33:00,158.662194293
2018-06-08 09:34:00,168.795846949
2018-06-08 09:35:00,148.528541637
2018-06-08 09:36:00,168.795846949
2018-06-08 09:37:00,168.795846949
2018-06-08 09:38:00,178.929499605
2018-06-08 09:39:00,209.330457574
2018-06-08 09:40:00,209.330457574
2018-06-08 09:41:00,229.597762887
2018-06-08 09:42:00,249.865068199
2018-06-08 09:43:00,239.731415543
2018-06-08 09:44:00,249.865068199
2018-06-08 09:45:00,249.865068199
2018-06-08 09:46:00,249.865068199
2018-06-08 09:47:00,239.731415543
2018-06-08 09:48:00,229.597762887
2018-06-08 09:49:00,229.597762887
2018-06-08 09:50:00,229.597762887
2018-06-08 09:51:00,229.597762887
2018-06-08 09:52:00,229.597762887
2018-06-08 09:53:00,229.597762887
2018-06-08 09:54:00,229.597762887
2018-06-08 09:55:00,189.063152262
2018-06-08 09:56:00,189.063152262
2018-06-08 09:57:00,178.929499605
2018-06-08 09:58:00,178.929499605
2018-06-08 09:59:00,168.795846949
2018-06-08 10:00:00,168.795846949
2018-06-08 10:01:00,168.795846949
2018-06-08 10:02:00,209.330457574
2018-06-08 10:03:00,209.330457574
2018-06-08 10:04:00,209.330457574
2018-06-08 10:05:00,189.063152262
2018-06-08 10:06:00,189.063152262
2018-06-08 10:07:00,168.795846949
2018-06-08 10:08:00,168.795846949
2018-06-08 10:09:00,168.795846949
2018-06-08 10:10:00,168.795846949
2018-06-08 10:11:00,189.063152262
2018-06-08 10:12:00,178.929499605
2018-06-08 10:13:00,178.929499605
2018-06-08 10:14:00,168.795846949
2018-06-08 10:15:00,148.528541637
2018-06-08 10:16:00,148.528541637
2018-06-08 10:17:00,168.795846949
2018-06-08 10:18:00,178.929499605
2018-06-08 10:19:00,168.795846949
2018-06-08 10:20:00,168.795846949
2018-06-08 10:21:00,168.795846949
2018-06-08 10:22:00,168.795846949
2018-06-08 10:23:00,148.528541637
2018-06-08 10:24:00,148.528541637
2018-06-08 10:25:00,148.528541637
2018-06-08 10:26:00,168.795846949
2018-06-08 10:27:00,168.795846949
2018-06-08 10:28:00,158.662194293
2018-06-08 10:29:00,148.528541637
2018-06-08 10:30:00,168.795846949
2018-06-08 10:31:00,168.795846949
2018-06-08 10:32:00,168.795846949
2018-06-08 10:33:00,168.795846949
2018-06-08 10:34:00,168.795846949
2018-06-08 10:35:00,168.795846949
2018-06-08 10:36:00,168.795846949
2018-06-08 10:37:00,189.063152262
2018-06-08 10:38:00,168.795846949
2018-06-08 10:39:00,189.063152262
2018-06-08 10:40:00,189.063152262
2018-06-08 10:41:00,178.929499605
2018-06-08 10:42:00,168.795846949
2018-06-08 10:43:00,168.795846949
2018-06-08 10:44:00,148.528541637
2018-06-08 10:45:00,148.528541637
2018-06-08 10:46:00,148.528541637
2018-06-08 10:47:00,148.528541637
2018-06-08 10:48:00,148.528541637
2018-06-08 10:49:00,148.528541637
2018-06-08 10:50:00,158.662194293
2018-06-08 10:51:00,158.662194293
2018-06-08 10:52:00,158.662194293
2018-06-08 10:53:00,158.662194293
2018-06-08 10:54:00,148.528541637
2018-06-08 10:55:00,158.662194293
2018-06-08 10:56:00,178.929499605
2018-06-08 10:57:00,178.929499605
2018-06-08 10:58:00,178.929499605
2018-06-08 10:59:00,178.929499605
2018-06-08 11:00:00,209.330457574
2018-06-08 11:01:00,219.46411023
2018-06-08 11:02:00,219.46411023
2018-06-08 11:03:00,209.330457574
2018-06-08 11:04:00,209.330457574
2018-06-08 11:05:00,209.330457574
2018-06-08 11:06:00,229.597762887
2018-06-08 11:07:00,229.597762887
2018-06-08 11:08:00,229.597762887
2018-06-08 11:09:00,219.46411023
2018-06-08 11:10:00,239.731415543
2018-06-08 11:11:00,239.731415543
2018-06-08 11:12:00,219.46411023
2018-06-08 11:13:00,199.196804918
2018-06-08 11:14:00,199.196804918
2018-06-08 11:15:00,199.196804918
2018-06-08 11:16:00,229.597762887
2018-06-08 11:17:00,229.597762887
2018-06-08 11:18:00,239.731415543
2018-06-08 11:19:00,229.597762887
2018-06-08 11:20:00,239.731415543
2018-06-08 11:21:00,229.597762887
2018-06-08 11:22:00,239.731415543
2018-06-08 11:23:00,219.46411023
2018-06-08 11:24:00,219.46411023
2018-06-08 11:25:00,209.330457574
2018-06-08 11:26:00,209.330457574
2018-06-08 11:27:00,209.330457574
2018-06-08 11:28:00,209.330457574
2018-06-08 11:29:00,209.330457574
2018-06-08 11:30:00,178.929499605
2018-06-08 11:31:00,178.929499605
2018-06-08 11:32:00,178.929499605
2018-06-08 11:33:00,168.795846949
2018-06-08 11:34:00,168.795846949
2018-06-08 11:35:00,209.330457574
2018-06-08 11:36:00,189.063152262
2018-06-08 11:37:00,209.330457574
2018-06-08 11:38:00,209.330457574
2018-06-08 11:39:00,219.46411023
2018-06-08 11:40:00,229.597762887
2018-06-08 11:41:00,219.46411023
2018-06-08 11:42:00,219.46411023
2018-06-08 11:43:00,219.46411023
2018-06-08 11:44:00,168.795846949
2018-06-08 11:45:00,168.795846949
2018-06-08 11:46:00,178.929499605
2018-06-08 11:47:00,199.196804918
2018-06-08 11:48:00,199.196804918
2018-06-08 11:49:00,199.196804918
2018-06-08 11:50:00,199.196804918
2018-06-08 11:51:00,189.063152262
2018-06-08 11:52:00,189.063152262
2018-06-08 11:53:00,189.063152262
2018-06-08 11:54:00,189.063152262
2018-06-08 11:55:00,219.46411023
2018-06-08 11:56:00,219.46411023
2018-06-08 11:57:00,219.46411023
2018-06-08 11:58:00,219.46411023
2018-06-08 11:59:00,219.46411023
2018-06-11 01:32:00,14.8898784133
2018-06-11 01:33:00,14.8898784133
2018-06-11 01:34:00,25.1423561133
2018-06-11 01:35:00,25.1423561133
2018-06-11 01:36:00,25.1423561133
2018-06-11 01:37:00,14.8898784133
2018-06-11 01:38:00,14.8898784133
2018-06-11 01:39:00,14.8898784133
2018-06-11 01:40:00,14.8898784133
2018-06-11 01:41:00,14.8898784133
2018-06-11 01:42:00,14.8898784133
2018-06-11 01:43:00,14.8898784133
2018-06-11 01:44:00,14.8898784133
2018-06-11 01:45:00,14.8898784133
2018-06-11 01:46:00,4.63740071326
2018-06-11 01:47:00,4.63740071326
2018-06-11 01:48:00,4.63740071326
2018-06-11 01:49:00,4.63740071326
2018-06-11 01:50:00,4.63740071326
2018-06-11 01:51:00,4.63740071326
2018-06-11 01:52:00,4.63740071326
2018-06-11 01:53:00,4.63740071326
2018-06-11 01:54:00,4.63740071326
2018-06-11 01:55:00,4.63740071326
2018-06-11 01:56:00,4.63740071326
2018-06-11 01:57:00,4.63740071326
2018-06-11 01:58:00,4.63740071326
2018-06-11 01:59:00,-5.61507698674
2018-06-11 02:00:00,4.63740071326
2018-06-11 02:01:00,4.63740071326
2018-06-11 02:02:00,-5.61507698674
2018-06-11 02:03:00,45.6473115133
2018-06-11 02:04:00,45.6473115133
2018-06-11 02:05:00,66.1522669133
2018-06-11 02:06:00,45.6473115133
2018-06-11 02:07:00,86.6572223133
2018-06-11 02:08:00,86.6572223133
2018-06-11 02:09:00,66.1522669133
2018-06-11 02:10:00,35.3948338133
2018-06-11 02:11:00,25.1423561133
2018-06-11 02:12:00,45.6473115133
2018-06-11 02:13:00,35.3948338133
2018-06-11 02:14:00,35.3948338133
2018-06-11 02:15:00,45.6473115133
2018-06-11 02:16:00,45.6473115133
2018-06-11 02:17:00,35.3948338133
2018-06-11 02:18:00,35.3948338133
2018-06-11 02:19:00,35.3948338133
2018-06-11 02:20:00,66.1522669133
2018-06-11 02:21:00,45.6473115133
2018-06-11 02:22:00,45.6473115133
2018-06-11 02:23:00,45.6473115133
2018-06-11 02:24:00,45.6473115133
2018-06-11 02:25:00,25.1423561133
2018-06-11 02:26:00,14.8898784133
2018-06-11 02:27:00,25.1423561133
2018-06-11 02:28:00,25.1423561133
2018-06-11 02:29:00,25.1423561133
2018-06-11 02:30:00,25.1423561133
2018-06-11 02:31:00,25.1423561133
2018-06-11 02:32:00,25.1423561133
2018-06-11 02:33:00,25.1423561133
2018-06-11 02:34:00,25.1423561133
2018-06-11 02:35:00,25.1423561133
2018-06-11 02:36:00,25.1423561133
2018-06-11 02:37:00,14.8898784133
2018-06-11 02:38:00,25.1423561133
2018-06-11 02:39:00,25.1423561133
2018-06-11 02:40:00,14.8898784133
2018-06-11 02:41:00,45.6473115133
2018-06-11 02:42:00,45.6473115133
2018-06-11 02:43:00,45.6473115133
2018-06-11 02:44:00,96.9097000133
2018-06-11 02:45:00,86.6572223133
2018-06-11 02:46:00,86.6572223133
2018-06-11 02:47:00,86.6572223133
2018-06-11 02:48:00,107.162177713
2018-06-11 02:49:00,86.6572223133
2018-06-11 02:50:00,76.4047446133
2018-06-11 02:51:00,76.4047446133
2018-06-11 02:52:00,86.6572223133
2018-06-11 02:53:00,76.4047446133
2018-06-11 02:54:00,76.4047446133
2018-06-11 02:55:00,76.4047446133
2018-06-11 02:56:00,76.4047446133
2018-06-11 02:57:00,76.4047446133
2018-06-11 02:58:00,107.162177713
2018-06-11 02:59:00,86.6572223133
2018-06-11 03:00:00,107.162177713
2018-06-11 03:01:00,107.162177713
2018-06-11 03:02:00,96.9097000133
2018-06-11 03:03:00,86.6572223133
2018-06-11 03:04:00,86.6572223133
2018-06-11 03:05:00,86.6572223133
2018-06-11 03:06:00,96.9097000133
2018-06-11 03:07:00,107.162177713
2018-06-11 03:08:00,107.162177713
2018-06-11 03:09:00,96.9097000133
2018-06-11 03:10:00,107.162177713
2018-06-11 03:11:00,107.162177713
2018-06-11 03:12:00,86.6572223133
2018-06-11 03:13:00,86.6572223133
2018-06-11 03:14:00,86.6572223133
2018-06-11 03:15:00,76.4047446133
2018-06-11 03:16:00,96.9097000133
2018-06-11 03:17:00,96.9097000133
2018-06-11 03:18:00,96.9097000133
2018-06-11 03:19:00,117.414655413
2018-06-11 03:20:00,117.414655413
2018-06-11 03:21:00,117.414655413
2018-06-11 03:22:00,127.667133113
2018-06-11 03:23:00,107.162177713
2018-06-11 03:24:00,117.414655413
2018-06-11 03:25:00,117.414655413
2018-06-11 03:26:00,137.919610813
2018-06-11 03:27:00,137.919610813
2018-06-11 03:28:00,117.414655413
2018-06-11 03:29:00,107.162177713
2018-06-11 03:30:00,189.181999313
2018-06-11 03:31:00,209.686954713
2018-06-11 03:32:00,199.434477013
2018-06-11 03:33:00,209.686954713
2018-06-11 03:34:00,250.696865513
2018-06-11 03:35:00,271.201820913
2018-06-11 03:36:00,271.201820913
2018-06-11 03:37:00,250.696865513
2018-06-11 03:38:00,260.949343213
2018-06-11 03:39:00,291.706776313
2018-06-11 03:40:00,271.201820913
2018-06-11 03:41:00,271.201820913
2018-06-11 03:42:00,271.201820913
2018-06-11 03:43:00,271.201820913
2018-06-11 03:44:00,271.201820913
2018-06-11 03:45:00,271.201820913
2018-06-11 03:46:00,260.949343213
2018-06-11 03:47:00,260.949343213
2018-06-11 03:48:00,271.201820913
2018-06-11 03:49:00,260.949343213
2018-06-11 03:50:00,260.949343213
2018-06-11 03:51:00,250.696865513
2018-06-11 03:52:00,250.696865513
2018-06-11 03:53:00,250.696865513
2018-06-11 03:54:00,250.696865513
2018-06-11 03:55:00,281.454298613
2018-06-11 03:56:00,271.201820913
2018-06-11 03:57:00,271.201820913
2018-06-11 03:58:00,271.201820913
2018-06-11 03:59:00,271.201820913
2018-06-11 04:00:00,271.201820913
2018-06-11 04:01:00,271.201820913
2018-06-11 04:02:00,271.201820913
2018-06-11 04:03:00,271.201820913
2018-06-11 04:04:00,271.201820913
2018-06-11 04:05:00,271.201820913
2018-06-11 04:06:00,260.949343213
2018-06-11 04:07:00,250.696865513
2018-06-11 04:08:00,250.696865513
2018-06-11 04:09:00,250.696865513
2018-06-11 04:10:00,291.706776313
2018-06-11 04:11:00,281.454298613
2018-06-11 04:12:00,260.949343213
2018-06-11 04:13:00,260.949343213
2018-06-11 04:14:00,271.201820913
2018-06-11 04:15:00,271.201820913
2018-06-11 04:16:00,281.454298613
2018-06-11 04:17:00,281.454298613
2018-06-11 04:18:00,281.454298613
2018-06-11 04:19:00,312.211731713
2018-06-11 04:20:00,322.464209413
2018-06-11 04:21:00,312.211731713
2018-06-11 04:22:00,312.211731713
2018-06-11 04:23:00,312.211731713
2018-06-11 04:24:00,312.211731713
2018-06-11 04:25:00,312.211731713
2018-06-11 04:26:00,322.464209413
2018-06-11 04:27:00,322.464209413
2018-06-11 04:28:00,322.464209413
2018-06-11 04:29:00,322.464209413
2018-06-11 04:30:00,312.211731713
2018-06-11 04:31:00,281.454298613
2018-06-11 04:32:00,281.454298613
2018-06-11 04:33:00,281.454298613
2018-06-11 04:34:00,291.706776313
2018-06-11 04:35:00,271.201820913
2018-06-11 04:36:00,271.201820913
2018-06-11 04:37:00,260.949343213
2018-06-11 04:38:00,260.949343213
2018-06-11 04:39:00,271.201820913
2018-06-11 04:40:00,271.201820913
2018-06-11 04:41:00,271.201820913
2018-06-11 04:42:00,271.201820913
2018-06-11 04:43:00,271.201820913
2018-06-11 04:44:00,281.454298613
2018-06-11 04:45:00,281.454298613
2018-06-11 04:46:00,281.454298613
2018-06-11 04:47:00,281.454298613
2018-06-11 04:48:00,281.454298613
2018-06-11 04:49:00,281.454298613
2018-06-11 04:50:00,281.454298613
2018-06-11 04:51:00,281.454298613
2018-06-11 04:52:00,281.454298613
2018-06-11 04:53:00,281.454298613
2018-06-11 04:54:00,281.454298613
2018-06-11 04:55:00,281.454298613
2018-06-11 04:56:00,281.454298613
2018-06-11 04:57:00,281.454298613
2018-06-11 04:58:00,271.201820913
2018-06-11 04:59:00,271.201820913
2018-06-11 05:00:00,271.201820913
2018-06-11 05:01:00,271.201820913
2018-06-11 05:02:00,271.201820913
2018-06-11 05:03:00,271.201820913
2018-06-11 05:04:00,271.201820913
2018-06-11 05:05:00,271.201820913
2018-06-11 05:06:00,271.201820913
2018-06-11 05:07:00,271.201820913
2018-06-11 05:08:00,271.201820913
2018-06-11 05:09:00,271.201820913
2018-06-11 05:10:00,271.201820913
2018-06-11 05:11:00,271.201820913
2018-06-11 05:12:00,271.201820913
2018-06-11 05:13:00,291.706776313
2018-06-11 05:14:00,332.716687113
2018-06-11 05:15:00,322.464209413
2018-06-11 05:16:00,291.706776313
2018-06-11 05:17:00,281.454298613
2018-06-11 05:18:00,271.201820913
2018-06-11 05:19:00,271.201820913
2018-06-11 05:20:00,271.201820913
2018-06-11 05:21:00,271.201820913
2018-06-11 05:22:00,271.201820913
2018-06-11 05:23:00,271.201820913
2018-06-11 05:24:00,271.201820913
2018-06-11 05:25:00,312.211731713
2018-06-11 05:26:00,312.211731713
2018-06-11 05:27:00,312.211731713
2018-06-11 05:28:00,312.211731713
2018-06-11 05:29:00,291.706776313
2018-06-11 05:30:00,291.706776313
2018-06-11 05:31:00,291.706776313
2018-06-11 05:32:00,291.706776313
2018-06-11 05:33:00,291.706776313
2018-06-11 05:34:00,291.706776313
2018-06-11 05:35:00,291.706776313
2018-06-11 05:36:00,301.959254013
2018-06-11 05:37:00,291.706776313
2018-06-11 05:38:00,312.211731713
2018-06-11 05:39:00,301.959254013
2018-06-11 05:40:00,322.464209413
2018-06-11 05:41:00,322.464209413
2018-06-11 05:42:00,322.464209413
2018-06-11 05:43:00,322.464209413
2018-06-11 05:44:00,301.959254013
2018-06-11 05:45:00,301.959254013
2018-06-11 05:46:00,312.211731713
2018-06-11 05:47:00,301.959254013
2018-06-11 05:48:00,312.211731713
2018-06-11 05:49:00,312.211731713
2018-06-11 05:50:00,301.959254013
2018-06-11 05:51:00,301.959254013
2018-06-11 05:52:00,301.959254013
2018-06-11 05:53:00,301.959254013
2018-06-11 05:54:00,301.959254013
2018-06-11 05:55:00,332.716687113
2018-06-11 05:56:00,332.716687113
2018-06-11 05:57:00,312.211731713
2018-06-11 05:58:00,301.959254013
2018-06-11 05:59:00,291.706776313
2018-06-11 06:00:00,291.706776313
2018-06-11 06:01:00,312.211731713
2018-06-11 06:02:00,312.211731713
2018-06-11 06:03:00,312.211731713
2018-06-11 06:04:00,312.211731713
2018-06-11 06:05:00,312.211731713
2018-06-11 06:06:00,312.211731713
2018-06-11 06:07:00,322.464209413
2018-06-11 06:08:00,332.716687113
2018-06-11 06:09:00,332.716687113
2018-06-11 06:10:00,312.211731713
2018-06-11 06:11:00,312.211731713
2018-06-11 06:12:00,312.211731713
2018-06-11 06:13:00,312.211731713
2018-06-11 06:14:00,301.959254013
2018-06-11 06:15:00,301.959254013
2018-06-11 06:16:00,301.959254013
2018-06-11 06:17:00,301.959254013
2018-06-11 06:18:00,301.959254013
2018-06-11 06:19:00,301.959254013
2018-06-11 06:20:00,301.959254013
2018-06-11 06:21:00,291.706776313
2018-06-11 06:22:00,301.959254013
2018-06-11 06:23:00,301.959254013
2018-06-11 06:24:00,301.959254013
2018-06-11 06:25:00,291.706776313
2018-06-11 06:26:00,291.706776313
2018-06-11 06:27:00,291.706776313
2018-06-11 06:28:00,291.706776313
2018-06-11 06:29:00,291.706776313
2018-06-11 06:30:00,291.706776313
2018-06-11 06:31:00,291.706776313
2018-06-11 06:32:00,291.706776313
2018-06-11 06:33:00,281.454298613
2018-06-11 06:34:00,281.454298613
2018-06-11 06:35:00,291.706776313
2018-06-11 06:36:00,291.706776313
2018-06-11 06:37:00,291.706776313
2018-06-11 06:38:00,281.454298613
2018-06-11 06:39:00,271.201820913
2018-06-11 06:40:00,271.201820913
2018-06-11 06:41:00,281.454298613
2018-06-11 06:42:00,281.454298613
2018-06-11 06:43:00,281.454298613
2018-06-11 06:44:00,281.454298613
2018-06-11 06:45:00,281.454298613
2018-06-11 06:46:00,281.454298613
2018-06-11 06:47:00,281.454298613
2018-06-11 06:48:00,281.454298613
2018-06-11 06:49:00,281.454298613
2018-06-11 06:50:00,281.454298613
2018-06-11 06:51:00,281.454298613
2018-06-11 06:52:00,291.706776313
2018-06-11 06:53:00,291.706776313
2018-06-11 06:54:00,291.706776313
2018-06-11 06:55:00,291.706776313
2018-06-11 06:56:00,301.959254013
2018-06-11 06:57:00,281.454298613
2018-06-11 06:58:00,281.454298613
2018-06-11 06:59:00,281.454298613
2018-06-11 07:00:00,281.454298613
2018-06-11 07:01:00,281.454298613
2018-06-11 07:02:00,291.706776313
2018-06-11 07:03:00,291.706776313
2018-06-11 07:04:00,281.454298613
2018-06-11 07:05:00,281.454298613
2018-06-11 07:06:00,291.706776313
2018-06-11 07:07:00,291.706776313
2018-06-11 07:08:00,291.706776313
2018-06-11 07:09:00,291.706776313
2018-06-11 07:10:00,291.706776313
2018-06-11 07:11:00,301.959254013
2018-06-11 07:12:00,301.959254013
2018-06-11 07:13:00,291.706776313
2018-06-11 07:14:00,281.454298613
2018-06-11 07:15:00,281.454298613
2018-06-11 07:16:00,281.454298613
2018-06-11 07:17:00,281.454298613
2018-06-11 07:18:00,291.706776313
2018-06-11 07:19:00,281.454298613
2018-06-11 07:20:00,281.454298613
2018-06-11 07:21:00,271.201820913
2018-06-11 07:22:00,271.201820913
2018-06-11 07:23:00,250.696865513
2018-06-11 07:24:00,250.696865513
2018-06-11 07:25:00,271.201820913
2018-06-11 07:26:00,250.696865513
2018-06-11 07:27:00,250.696865513
2018-06-11 07:28:00,250.696865513
2018-06-11 07:29:00,250.696865513
2018-06-11 07:30:00,260.949343213
2018-06-11 07:31:00,260.949343213
2018-06-11 07:32:00,260.949343213
2018-06-11 07:33:00,250.696865513
2018-06-11 07:34:00,250.696865513
2018-06-11 07:35:00,250.696865513
2018-06-11 07:36:00,250.696865513
2018-06-11 07:37:00,250.696865513
2018-06-11 07:38:00,250.696865513
2018-06-11 07:39:00,250.696865513
2018-06-11 07:40:00,250.696865513
2018-06-11 07:41:00,260.949343213
2018-06-11 07:42:00,260.949343213
2018-06-11 07:43:00,271.201820913
2018-06-11 07:44:00,271.201820913
2018-06-11 07:45:00,271.201820913
2018-06-11 07:46:00,271.201820913
2018-06-11 07:47:00,271.201820913
2018-06-11 07:48:00,271.201820913
2018-06-11 07:49:00,271.201820913
2018-06-11 07:50:00,271.201820913
2018-06-11 07:51:00,271.201820913
2018-06-11 07:52:00,260.949343213
2018-06-11 07:53:00,260.949343213
2018-06-11 07:54:00,260.949343213
2018-06-11 07:55:00,250.696865513
2018-06-11 07:56:00,260.949343213
2018-06-11 07:57:00,260.949343213
2018-06-11 07:58:00,260.949343213
2018-06-11 07:59:00,260.949343213
2018-06-11 08:00:00,240.444387813
2018-06-11 08:01:00,250.696865513
2018-06-11 08:02:00,230.191910113
2018-06-11 08:03:00,240.444387813
2018-06-11 08:04:00,250.696865513
2018-06-11 08:05:00,250.696865513
2018-06-11 08:06:00,240.444387813
2018-06-11 08:07:00,271.201820913
2018-06-11 08:08:00,271.201820913
2018-06-11 08:09:00,271.201820913
2018-06-11 08:10:00,271.201820913
2018-06-11 08:11:00,250.696865513
2018-06-11 08:12:00,250.696865513
2018-06-11 08:13:00,250.696865513
2018-06-11 08:14:00,250.696865513
2018-06-11 08:15:00,240.444387813
2018-06-11 08:16:00,240.444387813
2018-06-11 08:17:00,230.191910113
2018-06-11 08:18:00,230.191910113
2018-06-11 08:19:00,230.191910113
2018-06-11 08:20:00,230.191910113
2018-06-11 08:21:00,240.444387813
2018-06-11 08:22:00,230.191910113
2018-06-11 08:23:00,209.686954713
2018-06-11 08:24:00,209.686954713
2018-06-11 08:25:00,209.686954713
2018-06-11 08:26:00,209.686954713
2018-06-11 08:27:00,189.181999313
2018-06-11 08:28:00,189.181999313
2018-06-11 08:29:00,189.181999313
2018-06-11 08:30:00,189.181999313
2018-06-11 08:31:00,189.181999313
2018-06-11 08:32:00,199.434477013
2018-06-11 08:33:00,209.686954713
2018-06-11 08:34:00,199.434477013
2018-06-11 08:35:00,199.434477013
2018-06-11 08:36:00,199.434477013
2018-06-11 08:37:00,199.434477013
2018-06-11 08:38:00,209.686954713
2018-06-11 08:39:00,199.434477013
2018-06-11 08:40:00,209.686954713
2018-06-11 08:41:00,209.686954713
2018-06-11 08:42:00,209.686954713
2018-06-11 08:43:00,209.686954713
2018-06-11 08:44:00,209.686954713
2018-06-11 08:45:00,209.686954713
2018-06-11 08:46:00,209.686954713
2018-06-11 08:47:00,209.686954713
2018-06-11 08:48:00,209.686954713
2018-06-11 08:49:00,230.191910113
2018-06-11 08:50:00,209.686954713
2018-06-11 08:51:00,219.939432413
2018-06-11 08:52:00,219.939432413
2018-06-11 08:53:00,209.686954713
2018-06-11 08:54:00,209.686954713
2018-06-11 08:55:00,209.686954713
2018-06-11 08:56:00,230.191910113
2018-06-11 08:57:00,209.686954713
2018-06-11 08:58:00,209.686954713
2018-06-11 08:59:00,209.686954713
2018-06-11 09:00:00,209.686954713
2018-06-11 09:01:00,230.191910113
2018-06-11 09:02:00,189.181999313
2018-06-11 09:03:00,189.181999313
2018-06-11 09:04:00,189.181999313
2018-06-11 09:05:00,189.181999313
2018-06-11 09:06:00,178.929521613
2018-06-11 09:07:00,189.181999313
2018-06-11 09:08:00,189.181999313
2018-06-11 09:09:00,189.181999313
2018-06-11 09:10:00,209.686954713
2018-06-11 09:11:00,209.686954713
2018-06-11 09:12:00,209.686954713
2018-06-11 09:13:00,209.686954713
2018-06-11 09:14:00,209.686954713
2018-06-11 09:15:00,209.686954713
2018-06-11 09:16:00,209.686954713
2018-06-11 09:17:00,209.686954713
2018-06-11 09:18:00,209.686954713
2018-06-11 09:19:00,209.686954713
2018-06-11 09:20:00,209.686954713
2018-06-11 09:21:00,209.686954713
2018-06-11 09:22:00,209.686954713
2018-06-11 09:23:00,209.686954713
2018-06-11 09:24:00,209.686954713
2018-06-11 09:25:00,209.686954713
2018-06-11 09:26:00,209.686954713
2018-06-11 09:27:00,209.686954713
2018-06-11 09:28:00,209.686954713
2018-06-11 09:29:00,189.181999313
2018-06-11 09:30:00,189.181999313
2018-06-11 09:31:00,189.181999313
2018-06-11 09:32:00,199.434477013
2018-06-11 09:33:00,199.434477013
2018-06-11 09:34:00,199.434477013
2018-06-11 09:35:00,199.434477013
2018-06-11 09:36:00,199.434477013
2018-06-11 09:37:00,209.686954713
2018-06-11 09:38:00,209.686954713
2018-06-11 09:39:00,209.686954713
2018-06-11 09:40:00,219.939432413
2018-06-11 09:41:00,219.939432413
2018-06-11 09:42:00,230.191910113
2018-06-11 09:43:00,219.939432413
2018-06-11 09:44:00,219.939432413
2018-06-11 09:45:00,219.939432413
2018-06-11 09:46:00,219.939432413
2018-06-11 09:47:00,219.939432413
2018-06-11 09:48:00,219.939432413
2018-06-11 09:49:00,219.939432413
2018-06-11 09:50:00,219.939432413
2018-06-11 09:51:00,219.939432413
2018-06-11 09:52:00,219.939432413
2018-06-11 09:53:00,240.444387813
2018-06-11 09:54:00,240.444387813
2018-06-11 09:55:00,240.444387813
2018-06-11 09:56:00,240.444387813
2018-06-11 09:57:00,240.444387813
2018-06-11 09:58:00,240.444387813
2018-06-11 09:59:00,240.444387813
2018-06-11 10:00:00,230.191910113
2018-06-11 10:01:00,219.939432413
2018-06-11 10:02:00,219.939432413
2018-06-11 10:03:00,240.444387813
2018-06-11 10:04:00,230.191910113
2018-06-11 10:05:00,240.444387813
2018-06-11 10:06:00,240.444387813
2018-06-11 10:07:00,250.696865513
2018-06-11 10:08:00,250.696865513
2018-06-11 10:09:00,271.201820913
2018-06-11 10:10:00,260.949343213
2018-06-11 10:11:00,260.949343213
2018-06-11 10:12:00,260.949343213
2018-06-11 10:13:00,260.949343213
2018-06-11 10:14:00,250.696865513
2018-06-11 10:15:00,240.444387813
2018-06-11 10:16:00,250.696865513
2018-06-11 10:17:00,250.696865513
2018-06-11 10:18:00,260.949343213
2018-06-11 10:19:00,260.949343213
2018-06-11 10:20:00,260.949343213
2018-06-11 10:21:00,260.949343213
2018-06-11 10:22:00,250.696865513
2018-06-11 10:23:00,250.696865513
2018-06-11 10:24:00,250.696865513
2018-06-11 10:25:00,250.696865513
2018-06-11 10:26:00,250.696865513
2018-06-11 10:27:00,250.696865513
2018-06-11 10:28:00,250.696865513
2018-06-11 10:29:00,250.696865513
2018-06-11 10:30:00,250.696865513
2018-06-11 10:31:00,250.696865513
2018-06-11 10:32:00,250.696865513
2018-06-11 10:33:00,250.696865513
2018-06-11 10:34:00,250.696865513
2018-06-11 10:35:00,250.696865513
2018-06-11 10:36:00,250.696865513
2018-06-11 10:37:00,250.696865513
2018-06-11 10:38:00,250.696865513
2018-06-11 10:39:00,250.696865513
2018-06-11 10:40:00,250.696865513
2018-06-11 10:41:00,250.696865513
2018-06-11 10:42:00,250.696865513
2018-06-11 10:43:00,250.696865513
2018-06-11 10:44:00,260.949343213
2018-06-11 10:45:00,250.696865513
2018-06-11 10:46:00,250.696865513
2018-06-11 10:47:00,250.696865513
2018-06-11 10:48:00,250.696865513
2018-06-11 10:49:00,250.696865513
2018-06-11 10:50:00,250.696865513
2018-06-11 10:51:00,250.696865513
2018-06-11 10:52:00,250.696865513
2018-06-11 10:53:00,250.696865513
2018-06-11 10:54:00,250.696865513
2018-06-11 10:55:00,250.696865513
2018-06-11 10:56:00,250.696865513
2018-06-11 10:57:00,250.696865513
2018-06-11 10:58:00,260.949343213
2018-06-11 10:59:00,271.201820913
2018-06-11 11:00:00,271.201820913
2018-06-11 11:01:00,271.201820913
2018-06-11 11:02:00,271.201820913
2018-06-11 11:03:00,271.201820913
2018-06-11 11:04:00,271.201820913
2018-06-11 11:05:00,260.949343213
2018-06-11 11:06:00,260.949343213
2018-06-11 11:07:00,271.201820913
2018-06-11 11:08:00,271.201820913
2018-06-11 11:09:00,271.201820913
2018-06-11 11:10:00,271.201820913
2018-06-11 11:11:00,271.201820913
2018-06-11 11:12:00,271.201820913
2018-06-11 11:13:00,271.201820913
2018-06-11 11:14:00,260.949343213
2018-06-11 11:15:00,260.949343213
2018-06-11 11:16:00,271.201820913
2018-06-11 11:17:00,271.201820913
2018-06-11 11:18:00,271.201820913
2018-06-11 11:19:00,271.201820913
2018-06-11 11:20:00,271.201820913
2018-06-11 11:21:00,271.201820913
2018-06-11 11:22:00,271.201820913
2018-06-11 11:23:00,271.201820913
2018-06-11 11:24:00,260.949343213
2018-06-11 11:25:00,260.949343213
2018-06-11 11:26:00,271.201820913
2018-06-11 11:27:00,271.201820913
2018-06-11 11:28:00,271.201820913
2018-06-11 11:29:00,271.201820913
2018-06-11 11:30:00,271.201820913
2018-06-11 11:31:00,271.201820913
2018-06-11 11:32:00,271.201820913
2018-06-11 11:33:00,271.201820913
2018-06-11 11:34:00,271.201820913
2018-06-11 11:35:00,271.201820913
2018-06-11 11:36:00,271.201820913
2018-06-11 11:37:00,260.949343213
2018-06-11 11:38:00,271.201820913
2018-06-11 11:39:00,271.201820913
2018-06-11 11:40:00,271.201820913
2018-06-11 11:41:00,271.201820913
2018-06-11 11:42:00,271.201820913
2018-06-11 11:43:00,271.201820913
2018-06-11 11:44:00,271.201820913
2018-06-11 11:45:00,271.201820913
2018-06-11 11:46:00,240.444387813
2018-06-11 11:47:00,240.444387813
2018-06-11 11:48:00,230.191910113
2018-06-11 11:49:00,230.191910113
2018-06-11 11:50:00,230.191910113
2018-06-11 11:51:00,230.191910113
2018-06-11 11:52:00,219.939432413
2018-06-11 11:53:00,240.444387813
2018-06-11 11:54:00,240.444387813
2018-06-11 11:55:00,240.444387813
2018-06-11 11:56:00,240.444387813
2018-06-11 11:57:00,240.444387813
2018-06-11 11:58:00,240.444387813
2018-06-11 11:59:00,240.444387813
2018-06-12 01:29:00,322.463389215
2018-06-12 01:30:00,322.463389215
2018-06-12 01:31:00,322.463389215
2018-06-12 01:32:00,322.463389215
2018-06-12 01:33:00,322.463389215
2018-06-12 01:34:00,230.191089915
2018-06-12 01:35:00,230.191089915
2018-06-12 01:36:00,230.191089915
2018-06-12 01:37:00,189.181179115
2018-06-12 01:38:00,189.181179115
2018-06-12 01:39:00,189.181179115
2018-06-12 01:40:00,189.181179115
2018-06-12 01:41:00,199.433656815
2018-06-12 01:42:00,199.433656815
2018-06-12 01:43:00,199.433656815
2018-06-12 01:44:00,199.433656815
2018-06-12 01:45:00,199.433656815
2018-06-12 01:46:00,209.686134515
2018-06-12 01:47:00,209.686134515
2018-06-12 01:48:00,209.686134515
2018-06-12 01:49:00,209.686134515
2018-06-12 01:50:00,209.686134515
2018-06-12 01:51:00,209.686134515
2018-06-12 01:52:00,209.686134515
2018-06-12 01:53:00,209.686134515
2018-06-12 01:54:00,209.686134515
2018-06-12 01:55:00,209.686134515
2018-06-12 01:56:00,209.686134515
2018-06-12 01:57:00,230.191089915
2018-06-12 01:58:00,230.191089915
2018-06-12 01:59:00,230.191089915
2018-06-12 02:00:00,250.696045315
2018-06-12 02:01:00,230.191089915
2018-06-12 02:02:00,209.686134515
2018-06-12 02:03:00,209.686134515
2018-06-12 02:04:00,209.686134515
2018-06-12 02:05:00,230.191089915
2018-06-12 02:06:00,250.696045315
2018-06-12 02:07:00,230.191089915
2018-06-12 02:08:00,240.443567615
2018-06-12 02:09:00,250.696045315
2018-06-12 02:10:00,230.191089915
2018-06-12 02:11:00,230.191089915
2018-06-12 02:12:00,209.686134515
2018-06-12 02:13:00,219.938612215
2018-06-12 02:14:00,230.191089915
2018-06-12 02:15:00,230.191089915
2018-06-12 02:16:00,230.191089915
2018-06-12 02:17:00,230.191089915
2018-06-12 02:18:00,230.191089915
2018-06-12 02:19:00,230.191089915
2018-06-12 02:20:00,230.191089915
2018-06-12 02:21:00,230.191089915
2018-06-12 02:22:00,230.191089915
2018-06-12 02:23:00,230.191089915
2018-06-12 02:24:00,230.191089915
2018-06-12 02:25:00,230.191089915
2018-06-12 02:26:00,230.191089915
2018-06-12 02:27:00,189.181179115
2018-06-12 02:28:00,189.181179115
2018-06-12 02:29:00,189.181179115
2018-06-12 02:30:00,189.181179115
2018-06-12 02:31:00,189.181179115
2018-06-12 02:32:00,209.686134515
2018-06-12 02:33:00,189.181179115
2018-06-12 02:34:00,189.181179115
2018-06-12 02:35:00,189.181179115
2018-06-12 02:36:00,189.181179115
2018-06-12 02:37:00,189.181179115
2018-06-12 02:38:00,189.181179115
2018-06-12 02:39:00,189.181179115
2018-06-12 02:40:00,178.928701415
2018-06-12 02:41:00,178.928701415
2018-06-12 02:42:00,178.928701415
2018-06-12 02:43:00,168.676223715
2018-06-12 02:44:00,158.423746015
2018-06-12 02:45:00,148.171268315
2018-06-12 02:46:00,148.171268315
2018-06-12 02:47:00,148.171268315
2018-06-12 02:48:00,148.171268315
2018-06-12 02:49:00,137.918790615
2018-06-12 02:50:00,137.918790615
2018-06-12 02:51:00,137.918790615
2018-06-12 02:52:00,107.161357515
2018-06-12 02:53:00,107.161357515
2018-06-12 02:54:00,127.666312915
2018-06-12 02:55:00,86.656402115
2018-06-12 02:56:00,66.151446715
2018-06-12 02:57:00,45.646491315
2018-06-12 02:58:00,35.394013615
2018-06-12 02:59:00,35.394013615
2018-06-12 03:00:00,35.394013615
2018-06-12 03:01:00,25.141535915
2018-06-12 03:02:00,14.889058215
2018-06-12 03:03:00,14.889058215
2018-06-12 03:04:00,14.889058215
2018-06-12 03:05:00,4.63658051505
2018-06-12 03:06:00,55.898969015
2018-06-12 03:07:00,66.151446715
2018-06-12 03:08:00,76.403924415
2018-06-12 03:09:00,66.151446715
2018-06-12 03:10:00,66.151446715
2018-06-12 03:11:00,45.646491315
2018-06-12 03:12:00,55.898969015
2018-06-12 03:13:00,55.898969015
2018-06-12 03:14:00,66.151446715
2018-06-12 03:15:00,45.646491315
2018-06-12 03:16:00,55.898969015
2018-06-12 03:17:00,55.898969015
2018-06-12 03:18:00,45.646491315
2018-06-12 03:19:00,45.646491315
2018-06-12 03:20:00,45.646491315
2018-06-12 03:21:00,45.646491315
2018-06-12 03:22:00,35.394013615
2018-06-12 03:23:00,55.898969015
2018-06-12 03:24:00,35.394013615
2018-06-12 03:25:00,76.403924415
2018-06-12 03:26:00,35.394013615
2018-06-12 03:27:00,55.898969015
2018-06-12 03:28:00,45.646491315
2018-06-12 03:29:00,35.394013615
2018-06-12 03:30:00,117.413835215
2018-06-12 03:31:00,86.656402115
2018-06-12 03:32:00,55.898969015
2018-06-12 03:33:00,66.151446715
2018-06-12 03:34:00,55.898969015
2018-06-12 03:35:00,76.403924415
2018-06-12 03:36:00,86.656402115
2018-06-12 03:37:00,86.656402115
2018-06-12 03:38:00,107.161357515
2018-06-12 03:39:00,107.161357515
2018-06-12 03:40:00,107.161357515
2018-06-12 03:41:00,117.413835215
2018-06-12 03:42:00,117.413835215
2018-06-12 03:43:00,127.666312915
2018-06-12 03:44:00,127.666312915
2018-06-12 03:45:00,137.918790615
2018-06-12 03:46:00,137.918790615
2018-06-12 03:47:00,137.918790615
2018-06-12 03:48:00,148.171268315
2018-06-12 03:49:00,148.171268315
2018-06-12 03:50:00,148.171268315
2018-06-12 03:51:00,148.171268315
2018-06-12 03:52:00,158.423746015
2018-06-12 03:53:00,158.423746015
2018-06-12 03:54:00,148.171268315
2018-06-12 03:55:00,158.423746015
2018-06-12 03:56:00,158.423746015
2018-06-12 03:57:00,158.423746015
2018-06-12 03:58:00,148.171268315
2018-06-12 03:59:00,158.423746015
2018-06-12 04:00:00,158.423746015
2018-06-12 04:01:00,148.171268315
2018-06-12 04:02:00,137.918790615
2018-06-12 04:03:00,148.171268315
2018-06-12 04:04:00,148.171268315
2018-06-12 04:05:00,148.171268315
2018-06-12 04:06:00,148.171268315
2018-06-12 04:07:00,137.918790615
2018-06-12 04:08:00,148.171268315
2018-06-12 04:09:00,148.171268315
2018-06-12 04:10:00,148.171268315
2018-06-12 04:11:00,158.423746015
2018-06-12 04:12:00,148.171268315
2018-06-12 04:13:00,148.171268315
2018-06-12 04:14:00,148.171268315
2018-06-12 04:15:00,158.423746015
2018-06-12 04:16:00,158.423746015
2018-06-12 04:17:00,158.423746015
2018-06-12 04:18:00,158.423746015
2018-06-12 04:19:00,158.423746015
2018-06-12 04:20:00,158.423746015
2018-06-12 04:21:00,148.171268315
2018-06-12 04:22:00,158.423746015
2018-06-12 04:23:00,158.423746015
2018-06-12 04:24:00,158.423746015
2018-06-12 04:25:00,158.423746015
2018-06-12 04:26:00,158.423746015
2018-06-12 04:27:00,168.676223715
2018-06-12 04:28:00,168.676223715
2018-06-12 04:29:00,158.423746015
2018-06-12 04:30:00,158.423746015
2018-06-12 04:31:00,158.423746015
2018-06-12 04:32:00,158.423746015
2018-06-12 04:33:00,158.423746015
2018-06-12 04:34:00,158.423746015
2018-06-12 04:35:00,189.181179115
2018-06-12 04:36:00,189.181179115
2018-06-12 04:37:00,189.181179115
2018-06-12 04:38:00,189.181179115
2018-06-12 04:39:00,189.181179115
2018-06-12 04:40:00,189.181179115
2018-06-12 04:41:00,189.181179115
2018-06-12 04:42:00,189.181179115
2018-06-12 04:43:00,189.181179115
2018-06-12 04:44:00,189.181179115
2018-06-12 04:45:00,189.181179115
2018-06-12 04:46:00,219.938612215
2018-06-12 04:47:00,219.938612215
2018-06-12 04:48:00,219.938612215
2018-06-12 04:49:00,219.938612215
2018-06-12 04:50:00,219.938612215
2018-06-12 04:51:00,230.191089915
2018-06-12 04:52:00,240.443567615
2018-06-12 04:53:00,240.443567615
2018-06-12 04:54:00,250.696045315
2018-06-12 04:55:00,250.696045315
2018-06-12 04:56:00,250.696045315
2018-06-12 04:57:00,250.696045315
2018-06-12 04:58:00,250.696045315
2018-06-12 04:59:00,250.696045315
2018-06-12 05:00:00,250.696045315
2018-06-12 05:01:00,250.696045315
2018-06-12 05:02:00,250.696045315
2018-06-12 05:03:00,250.696045315
2018-06-12 05:04:00,240.443567615
2018-06-12 05:05:00,240.443567615
2018-06-12 05:06:00,250.696045315
2018-06-12 05:07:00,250.696045315
2018-06-12 05:08:00,250.696045315
2018-06-12 05:09:00,240.443567615
2018-06-12 05:10:00,250.696045315
2018-06-12 05:11:00,250.696045315
2018-06-12 05:12:00,250.696045315
2018-06-12 05:13:00,250.696045315
2018-06-12 05:14:00,250.696045315
2018-06-12 05:15:00,250.696045315
2018-06-12 05:16:00,271.201000715
2018-06-12 05:17:00,271.201000715
2018-06-12 05:18:00,271.201000715
2018-06-12 05:19:00,271.201000715
2018-06-12 05:20:00,271.201000715
2018-06-12 05:21:00,271.201000715
2018-06-12 05:22:00,271.201000715
2018-06-12 05:23:00,271.201000715
2018-06-12 05:24:00,271.201000715
2018-06-12 05:25:00,271.201000715
2018-06-12 05:26:00,271.201000715
2018-06-12 05:27:00,271.201000715
2018-06-12 05:28:00,271.201000715
2018-06-12 05:29:00,271.201000715
2018-06-12 05:30:00,271.201000715
2018-06-12 05:31:00,271.201000715
2018-06-12 05:32:00,271.201000715
2018-06-12 05:33:00,271.201000715
2018-06-12 05:34:00,271.201000715
2018-06-12 05:35:00,271.201000715
2018-06-12 05:36:00,260.948523015
2018-06-12 05:37:00,260.948523015
2018-06-12 05:38:00,260.948523015
2018-06-12 05:39:00,240.443567615
2018-06-12 05:40:00,230.191089915
2018-06-12 05:41:00,240.443567615
2018-06-12 05:42:00,209.686134515
2018-06-12 05:43:00,209.686134515
2018-06-12 05:44:00,209.686134515
2018-06-12 05:45:00,209.686134515
2018-06-12 05:46:00,199.433656815
2018-06-12 05:47:00,199.433656815
2018-06-12 05:48:00,199.433656815
2018-06-12 05:49:00,199.433656815
2018-06-12 05:50:00,199.433656815
2018-06-12 05:51:00,199.433656815
2018-06-12 05:52:00,178.928701415
2018-06-12 05:53:00,178.928701415
2018-06-12 05:54:00,199.433656815
2018-06-12 05:55:00,209.686134515
2018-06-12 05:56:00,209.686134515
2018-06-12 05:57:00,209.686134515
2018-06-12 05:58:00,209.686134515
2018-06-12 05:59:00,178.928701415
2018-06-12 06:00:00,178.928701415
2018-06-12 06:01:00,168.676223715
2018-06-12 06:02:00,168.676223715
2018-06-12 06:03:00,178.928701415
2018-06-12 06:04:00,168.676223715
2018-06-12 06:05:00,168.676223715
2018-06-12 06:06:00,168.676223715
2018-06-12 06:07:00,168.676223715
2018-06-12 06:08:00,168.676223715
2018-06-12 06:09:00,168.676223715
2018-06-12 06:10:00,168.676223715
2018-06-12 06:11:00,168.676223715
2018-06-12 06:12:00,158.423746015
2018-06-12 06:13:00,148.171268315
2018-06-12 06:14:00,148.171268315
2018-06-12 06:15:00,148.171268315
2018-06-12 06:16:00,168.676223715
2018-06-12 06:17:00,168.676223715
2018-06-12 06:18:00,168.676223715
2018-06-12 06:19:00,168.676223715
2018-06-12 06:20:00,148.171268315
2018-06-12 06:21:00,148.171268315
2018-06-12 06:22:00,158.423746015
2018-06-12 06:23:00,168.676223715
2018-06-12 06:24:00,168.676223715
2018-06-12 06:25:00,168.676223715
2018-06-12 06:26:00,168.676223715
2018-06-12 06:27:00,168.676223715
2018-06-12 06:28:00,168.676223715
2018-06-12 06:29:00,168.676223715
2018-06-12 06:30:00,189.181179115
2018-06-12 06:31:00,209.686134515
2018-06-12 06:32:00,178.928701415
2018-06-12 06:33:00,178.928701415
2018-06-12 06:34:00,178.928701415
2018-06-12 06:35:00,178.928701415
2018-06-12 06:36:00,178.928701415
2018-06-12 06:37:00,209.686134515
2018-06-12 06:38:00,209.686134515
2018-06-12 06:39:00,209.686134515
2018-06-12 06:40:00,209.686134515
2018-06-12 06:41:00,209.686134515
2018-06-12 06:42:00,209.686134515
2018-06-12 06:43:00,209.686134515
2018-06-12 06:44:00,209.686134515
2018-06-12 06:45:00,209.686134515
2018-06-12 06:46:00,209.686134515
2018-06-12 06:47:00,219.938612215
2018-06-12 06:48:00,209.686134515
2018-06-12 06:49:00,219.938612215
2018-06-12 06:50:00,230.191089915
2018-06-12 06:51:00,230.191089915
2018-06-12 06:52:00,230.191089915
2018-06-12 06:53:00,230.191089915
2018-06-12 06:54:00,230.191089915
2018-06-12 06:55:00,230.191089915
2018-06-12 06:56:00,230.191089915
2018-06-12 06:57:00,230.191089915
2018-06-12 06:58:00,230.191089915
2018-06-12 06:59:00,209.686134515
2018-06-12 07:00:00,209.686134515
2018-06-12 07:01:00,209.686134515
2018-06-12 07:02:00,230.191089915
2018-06-12 07:03:00,230.191089915
2018-06-12 07:04:00,230.191089915
2018-06-12 07:05:00,230.191089915
2018-06-12 07:06:00,230.191089915
2018-06-12 07:07:00,230.191089915
2018-06-12 07:08:00,230.191089915
2018-06-12 07:09:00,230.191089915
2018-06-12 07:10:00,230.191089915
2018-06-12 07:11:00,230.191089915
2018-06-12 07:12:00,230.191089915
2018-06-12 07:13:00,230.191089915
2018-06-12 07:14:00,230.191089915
2018-06-12 07:15:00,209.686134515
2018-06-12 07:16:00,209.686134515
2018-06-12 07:17:00,209.686134515
2018-06-12 07:18:00,209.686134515
2018-06-12 07:19:00,209.686134515
2018-06-12 07:20:00,209.686134515
2018-06-12 07:21:00,219.938612215
2018-06-12 07:22:00,209.686134515
2018-06-12 07:23:00,199.433656815
2018-06-12 07:24:00,199.433656815
2018-06-12 07:25:00,199.433656815
2018-06-12 07:26:00,189.181179115
2018-06-12 07:27:00,189.181179115
2018-06-12 07:28:00,199.433656815
2018-06-12 07:29:00,199.433656815
2018-06-12 07:30:00,209.686134515
2018-06-12 07:31:00,209.686134515
2018-06-12 07:32:00,199.433656815
2018-06-12 07:33:00,199.433656815
2018-06-12 07:34:00,209.686134515
2018-06-12 07:35:00,219.938612215
2018-06-12 07:36:00,230.191089915
2018-06-12 07:37:00,230.191089915
2018-06-12 07:38:00,230.191089915
2018-06-12 07:39:00,230.191089915
2018-06-12 07:40:00,230.191089915
2018-06-12 07:41:00,230.191089915
2018-06-12 07:42:00,230.191089915
2018-06-12 07:43:00,230.191089915
2018-06-12 07:44:00,209.686134515
2018-06-12 07:45:00,209.686134515
2018-06-12 07:46:00,209.686134515
2018-06-12 07:47:00,209.686134515
2018-06-12 07:48:00,209.686134515
2018-06-12 07:49:00,209.686134515
2018-06-12 07:50:00,209.686134515
2018-06-12 07:51:00,209.686134515
2018-06-12 07:52:00,209.686134515
2018-06-12 07:53:00,209.686134515
2018-06-12 07:54:00,209.686134515
2018-06-12 07:55:00,209.686134515
2018-06-12 07:56:00,209.686134515
2018-06-12 07:57:00,209.686134515
2018-06-12 07:58:00,209.686134515
2018-06-12 07:59:00,189.181179115
2018-06-12 08:00:00,189.181179115
2018-06-12 08:01:00,168.676223715
2018-06-12 08:02:00,168.676223715
2018-06-12 08:03:00,168.676223715
2018-06-12 08:04:00,168.676223715
2018-06-12 08:05:00,168.676223715
2018-06-12 08:06:00,168.676223715
2018-06-12 08:07:00,168.676223715
2018-06-12 08:08:00,168.676223715
2018-06-12 08:09:00,168.676223715
2018-06-12 08:10:00,158.423746015
2018-06-12 08:11:00,158.423746015
2018-06-12 08:12:00,168.676223715
2018-06-12 08:13:00,168.676223715
2018-06-12 08:14:00,189.181179115
2018-06-12 08:15:00,189.181179115
2018-06-12 08:16:00,189.181179115
2018-06-12 08:17:00,189.181179115
2018-06-12 08:18:00,199.433656815
2018-06-12 08:19:00,199.433656815
2018-06-12 08:20:00,189.181179115
2018-06-12 08:21:00,189.181179115
2018-06-12 08:22:00,189.181179115
2018-06-12 08:23:00,189.181179115
2018-06-12 08:24:00,199.433656815
2018-06-12 08:25:00,199.433656815
2018-06-12 08:26:00,199.433656815
2018-06-12 08:27:00,199.433656815
2018-06-12 08:28:00,199.433656815
2018-06-12 08:29:00,199.433656815
2018-06-12 08:30:00,199.433656815
2018-06-12 08:31:00,209.686134515
2018-06-12 08:32:00,209.686134515
2018-06-12 08:33:00,209.686134515
2018-06-12 08:34:00,209.686134515
2018-06-12 08:35:00,209.686134515
2018-06-12 08:36:00,240.443567615
2018-06-12 08:37:00,230.191089915
2018-06-12 08:38:00,230.191089915
2018-06-12 08:39:00,219.938612215
2018-06-12 08:40:00,219.938612215
2018-06-12 08:41:00,209.686134515
2018-06-12 08:42:00,209.686134515
2018-06-12 08:43:00,209.686134515
2018-06-12 08:44:00,219.938612215
2018-06-12 08:45:00,230.191089915
2018-06-12 08:46:00,230.191089915
2018-06-12 08:47:00,230.191089915
2018-06-12 08:48:00,209.686134515
2018-06-12 08:49:00,189.181179115
2018-06-12 08:50:00,189.181179115
2018-06-12 08:51:00,189.181179115
2018-06-12 08:52:00,199.433656815
2018-06-12 08:53:00,209.686134515
2018-06-12 08:54:00,209.686134515
2018-06-12 08:55:00,209.686134515
2018-06-12 08:56:00,209.686134515
2018-06-12 08:57:00,209.686134515
2018-06-12 08:58:00,209.686134515
2018-06-12 08:59:00,209.686134515
2018-06-12 09:00:00,209.686134515
2018-06-12 09:01:00,209.686134515
2018-06-12 09:02:00,209.686134515
2018-06-12 09:03:00,209.686134515
2018-06-12 09:04:00,209.686134515
2018-06-12 09:05:00,209.686134515
2018-06-12 09:06:00,209.686134515
2018-06-12 09:07:00,209.686134515
2018-06-12 09:08:00,209.686134515
2018-06-12 09:09:00,209.686134515
2018-06-12 09:10:00,209.686134515
2018-06-12 09:11:00,189.181179115
2018-06-12 09:12:00,189.181179115
2018-06-12 09:13:00,189.181179115
2018-06-12 09:14:00,189.181179115
2018-06-12 09:15:00,189.181179115
2018-06-12 09:16:00,189.181179115
2018-06-12 09:17:00,189.181179115
2018-06-12 09:18:00,189.181179115
2018-06-12 09:19:00,209.686134515
2018-06-12 09:20:00,209.686134515
2018-06-12 09:21:00,209.686134515
2018-06-12 09:22:00,209.686134515
2018-06-12 09:23:00,209.686134515
2018-06-12 09:24:00,209.686134515
2018-06-12 09:25:00,209.686134515
2018-06-12 09:26:00,219.938612215
2018-06-12 09:27:00,230.191089915
2018-06-12 09:28:00,230.191089915
2018-06-12 09:29:00,230.191089915
2018-06-12 09:30:00,230.191089915
2018-06-12 09:31:00,230.191089915
2018-06-12 09:32:00,230.191089915
2018-06-12 09:33:00,230.191089915
2018-06-12 09:34:00,230.191089915
2018-06-12 09:35:00,230.191089915
2018-06-12 09:36:00,240.443567615
2018-06-12 09:37:00,240.443567615
2018-06-12 09:38:00,230.191089915
2018-06-12 09:39:00,230.191089915
2018-06-12 09:40:00,230.191089915
2018-06-12 09:41:00,240.443567615
2018-06-12 09:42:00,240.443567615
2018-06-12 09:43:00,250.696045315
2018-06-12 09:44:00,260.948523015
2018-06-12 09:45:00,260.948523015
2018-06-12 09:46:00,240.443567615
2018-06-12 09:47:00,240.443567615
2018-06-12 09:48:00,250.696045315
2018-06-12 09:49:00,250.696045315
2018-06-12 09:50:00,260.948523015
2018-06-12 09:51:00,240.443567615
2018-06-12 09:52:00,230.191089915
2018-06-12 09:53:00,240.443567615
2018-06-12 09:54:00,230.191089915
2018-06-12 09:55:00,240.443567615
2018-06-12 09:56:00,250.696045315
2018-06-12 09:57:00,260.948523015
2018-06-12 09:58:00,250.696045315
2018-06-12 09:59:00,250.696045315
2018-06-12 10:00:00,250.696045315
2018-06-12 10:01:00,250.696045315
2018-06-12 10:02:00,240.443567615
2018-06-12 10:03:00,250.696045315
2018-06-12 10:04:00,260.948523015
2018-06-12 10:05:00,230.191089915
2018-06-12 10:06:00,230.191089915
2018-06-12 10:07:00,230.191089915
2018-06-12 10:08:00,240.443567615
2018-06-12 10:09:00,230.191089915
2018-06-12 10:10:00,240.443567615
2018-06-12 10:11:00,250.696045315
2018-06-12 10:12:00,260.948523015
2018-06-12 10:13:00,250.696045315
2018-06-12 10:14:00,250.696045315
2018-06-12 10:15:00,260.948523015
2018-06-12 10:16:00,260.948523015
2018-06-12 10:17:00,250.696045315
2018-06-12 10:18:00,250.696045315
2018-06-12 10:19:00,271.201000715
2018-06-12 10:20:00,240.443567615
2018-06-12 10:21:00,209.686134515
2018-06-12 10:22:00,209.686134515
2018-06-12 10:23:00,230.191089915
2018-06-12 10:24:00,230.191089915
2018-06-12 10:25:00,230.191089915
2018-06-12 10:26:00,230.191089915
2018-06-12 10:27:00,219.938612215
2018-06-12 10:28:00,209.686134515
2018-06-12 10:29:00,209.686134515
2018-06-12 10:30:00,199.433656815
2018-06-12 10:31:00,209.686134515
2018-06-12 10:32:00,209.686134515
2018-06-12 10:33:00,209.686134515
2018-06-12 10:34:00,209.686134515
2018-06-12 10:35:00,209.686134515
2018-06-12 10:36:00,219.938612215
2018-06-12 10:37:00,209.686134515
2018-06-12 10:38:00,209.686134515
2018-06-12 10:39:00,189.181179115
2018-06-12 10:40:00,209.686134515
2018-06-12 10:41:00,209.686134515
2018-06-12 10:42:00,209.686134515
2018-06-12 10:43:00,209.686134515
2018-06-12 10:44:00,199.433656815
2018-06-12 10:45:00,189.181179115
2018-06-12 10:46:00,189.181179115
2018-06-12 10:47:00,189.181179115
2018-06-12 10:48:00,189.181179115
2018-06-12 10:49:00,209.686134515
2018-06-12 10:50:00,209.686134515
2018-06-12 10:51:00,189.181179115
2018-06-12 10:52:00,189.181179115
2018-06-12 10:53:00,199.433656815
2018-06-12 10:54:00,199.433656815
2018-06-12 10:55:00,178.928701415
2018-06-12 10:56:00,178.928701415
2018-06-12 10:57:00,178.928701415
2018-06-12 10:58:00,189.181179115
2018-06-12 10:59:00,199.433656815
2018-06-12 11:00:00,199.433656815
2018-06-12 11:01:00,189.181179115
2018-06-12 11:02:00,189.181179115
2018-06-12 11:03:00,189.181179115
2018-06-12 11:04:00,189.181179115
2018-06-12 11:05:00,189.181179115
2018-06-12 11:06:00,189.181179115
2018-06-12 11:07:00,189.181179115
2018-06-12 11:08:00,189.181179115
2018-06-12 11:09:00,189.181179115
2018-06-12 11:10:00,199.433656815
2018-06-12 11:11:00,199.433656815
2018-06-12 11:12:00,189.181179115
2018-06-12 11:13:00,189.181179115
2018-06-12 11:14:00,189.181179115
2018-06-12 11:15:00,189.181179115
2018-06-12 11:16:00,189.181179115
2018-06-12 11:17:00,189.181179115
2018-06-12 11:18:00,189.181179115
2018-06-12 11:19:00,189.181179115
2018-06-12 11:20:00,178.928701415
2018-06-12 11:21:00,189.181179115
2018-06-12 11:22:00,189.181179115
2018-06-12 11:23:00,189.181179115
2018-06-12 11:24:00,199.433656815
2018-06-12 11:25:00,199.433656815
2018-06-12 11:26:00,199.433656815
2018-06-12 11:27:00,199.433656815
2018-06-12 11:28:00,189.181179115
2018-06-12 11:29:00,189.181179115
2018-06-12 11:30:00,189.181179115
2018-06-12 11:31:00,189.181179115
2018-06-12 11:32:00,189.181179115
2018-06-12 11:33:00,189.181179115
2018-06-12 11:34:00,199.433656815
2018-06-12 11:35:00,199.433656815
2018-06-12 11:36:00,199.433656815
2018-06-12 11:37:00,199.433656815
2018-06-12 11:38:00,189.181179115
2018-06-12 11:39:00,189.181179115
2018-06-12 11:40:00,178.928701415
2018-06-12 11:41:00,178.928701415
2018-06-12 11:42:00,178.928701415
2018-06-12 11:43:00,178.928701415
2018-06-12 11:44:00,178.928701415
2018-06-12 11:45:00,158.423746015
2018-06-12 11:46:00,158.423746015
2018-06-12 11:47:00,158.423746015
2018-06-12 11:48:00,148.171268315
2018-06-12 11:49:00,148.171268315
2018-06-12 11:50:00,137.918790615
2018-06-12 11:51:00,148.171268315
2018-06-12 11:52:00,137.918790615
2018-06-12 11:53:00,148.171268315
2018-06-12 11:54:00,178.928701415
2018-06-12 11:55:00,178.928701415
2018-06-12 11:56:00,178.928701415
2018-06-12 11:57:00,178.928701415
2018-06-12 11:58:00,178.928701415
2018-06-12 11:59:00,178.928701415
2018-06-13 01:29:00,178.927881217
2018-06-13 01:30:00,178.927881217
2018-06-13 01:31:00,178.927881217
2018-06-13 01:32:00,178.927881217
2018-06-13 01:33:00,178.927881217
2018-06-13 01:34:00,199.432836617
2018-06-13 01:35:00,189.180358917
2018-06-13 01:36:00,189.180358917
2018-06-13 01:37:00,189.180358917
2018-06-13 01:38:00,209.685314317
2018-06-13 01:39:00,209.685314317
2018-06-13 01:40:00,209.685314317
2018-06-13 01:41:00,209.685314317
2018-06-13 01:42:00,209.685314317
2018-06-13 01:43:00,209.685314317
2018-06-13 01:44:00,209.685314317
2018-06-13 01:45:00,219.937792017
2018-06-13 01:46:00,219.937792017
2018-06-13 01:47:00,219.937792017
2018-06-13 01:48:00,230.190269717
2018-06-13 01:49:00,230.190269717
2018-06-13 01:50:00,219.937792017
2018-06-13 01:51:00,209.685314317
2018-06-13 01:52:00,230.190269717
2018-06-13 01:53:00,230.190269717
2018-06-13 01:54:00,230.190269717
2018-06-13 01:55:00,230.190269717
2018-06-13 01:56:00,230.190269717
2018-06-13 01:57:00,230.190269717
2018-06-13 01:58:00,230.190269717
2018-06-13 01:59:00,230.190269717
2018-06-13 02:00:00,209.685314317
2018-06-13 02:01:00,199.432836617
2018-06-13 02:02:00,178.927881217
2018-06-13 02:03:00,189.180358917
2018-06-13 02:04:00,189.180358917
2018-06-13 02:05:00,199.432836617
2018-06-13 02:06:00,199.432836617
2018-06-13 02:07:00,219.937792017
2018-06-13 02:08:00,219.937792017
2018-06-13 02:09:00,219.937792017
2018-06-13 02:10:00,209.685314317
2018-06-13 02:11:00,199.432836617
2018-06-13 02:12:00,230.190269717
2018-06-13 02:13:00,240.442747417
2018-06-13 02:14:00,230.190269717
2018-06-13 02:15:00,240.442747417
2018-06-13 02:16:00,240.442747417
2018-06-13 02:17:00,230.190269717
2018-06-13 02:18:00,230.190269717
2018-06-13 02:19:00,240.442747417
2018-06-13 02:20:00,219.937792017
2018-06-13 02:21:00,219.937792017
2018-06-13 02:22:00,219.937792017
2018-06-13 02:23:00,219.937792017
2018-06-13 02:24:00,219.937792017
2018-06-13 02:25:00,219.937792017
2018-06-13 02:26:00,219.937792017
2018-06-13 02:27:00,219.937792017
2018-06-13 02:28:00,219.937792017
2018-06-13 02:29:00,230.190269717
2018-06-13 02:30:00,230.190269717
2018-06-13 02:31:00,240.442747417
2018-06-13 02:32:00,240.442747417
2018-06-13 02:33:00,240.442747417
2018-06-13 02:34:00,240.442747417
2018-06-13 02:35:00,240.442747417
2018-06-13 02:36:00,240.442747417
2018-06-13 02:37:00,240.442747417
2018-06-13 02:38:00,240.442747417
2018-06-13 02:39:00,219.937792017
2018-06-13 02:40:00,219.937792017
2018-06-13 02:41:00,219.937792017
2018-06-13 02:42:00,219.937792017
2018-06-13 02:43:00,219.937792017
2018-06-13 02:44:00,219.937792017
2018-06-13 02:45:00,230.190269717
2018-06-13 02:46:00,219.937792017
2018-06-13 02:47:00,219.937792017
2018-06-13 02:48:00,219.937792017
2018-06-13 02:49:00,219.937792017
2018-06-13 02:50:00,219.937792017
2018-06-13 02:51:00,230.190269717
2018-06-13 02:52:00,240.442747417
2018-06-13 02:53:00,240.442747417
2018-06-13 02:54:00,250.695225117
2018-06-13 02:55:00,230.190269717
2018-06-13 02:56:00,230.190269717
2018-06-13 02:57:00,230.190269717
2018-06-13 02:58:00,230.190269717
2018-06-13 02:59:00,230.190269717
2018-06-13 03:00:00,230.190269717
2018-06-13 03:01:00,230.190269717
2018-06-13 03:02:00,230.190269717
2018-06-13 03:03:00,230.190269717
2018-06-13 03:04:00,230.190269717
2018-06-13 03:05:00,240.442747417
2018-06-13 03:06:00,271.200180517
2018-06-13 03:07:00,271.200180517
2018-06-13 03:08:00,281.452658217
2018-06-13 03:09:00,281.452658217
2018-06-13 03:10:00,281.452658217
2018-06-13 03:11:00,281.452658217
2018-06-13 03:12:00,281.452658217
2018-06-13 03:13:00,281.452658217
2018-06-13 03:14:00,271.200180517
2018-06-13 03:15:00,260.947702817
2018-06-13 03:16:00,260.947702817
2018-06-13 03:17:00,260.947702817
2018-06-13 03:18:00,260.947702817
2018-06-13 03:19:00,260.947702817
2018-06-13 03:20:00,260.947702817
2018-06-13 03:21:00,260.947702817
2018-06-13 03:22:00,260.947702817
2018-06-13 03:23:00,250.695225117
2018-06-13 03:24:00,230.190269717
2018-06-13 03:25:00,230.190269717
2018-06-13 03:26:00,240.442747417
2018-06-13 03:27:00,240.442747417
2018-06-13 03:28:00,230.190269717
2018-06-13 03:29:00,240.442747417
2018-06-13 03:30:00,301.957613617
2018-06-13 03:31:00,301.957613617
2018-06-13 03:32:00,332.715046717
2018-06-13 03:33:00,322.462569017
2018-06-13 03:34:00,332.715046717
2018-06-13 03:35:00,353.220002117
2018-06-13 03:36:00,353.220002117
2018-06-13 03:37:00,373.724957517
2018-06-13 03:38:00,394.229912917
2018-06-13 03:39:00,404.482390617
2018-06-13 03:40:00,404.482390617
2018-06-13 03:41:00,414.734868317
2018-06-13 03:42:00,414.734868317
2018-06-13 03:43:00,414.734868317
2018-06-13 03:44:00,404.482390617
2018-06-13 03:45:00,383.977435217
2018-06-13 03:46:00,363.472479817
2018-06-13 03:47:00,363.472479817
2018-06-13 03:48:00,383.977435217
2018-06-13 03:49:00,363.472479817
2018-06-13 03:50:00,363.472479817
2018-06-13 03:51:00,363.472479817
2018-06-13 03:52:00,363.472479817
2018-06-13 03:53:00,363.472479817
2018-06-13 03:54:00,363.472479817
2018-06-13 03:55:00,383.977435217
2018-06-13 03:56:00,353.220002117
2018-06-13 03:57:00,353.220002117
2018-06-13 03:58:00,373.724957517
2018-06-13 03:59:00,373.724957517
2018-06-13 04:00:00,373.724957517
2018-06-13 04:01:00,373.724957517
2018-06-13 04:02:00,353.220002117
2018-06-13 04:03:00,342.967524417
2018-06-13 04:04:00,353.220002117
2018-06-13 04:05:00,353.220002117
2018-06-13 04:06:00,353.220002117
2018-06-13 04:07:00,353.220002117
2018-06-13 04:08:00,342.967524417
2018-06-13 04:09:00,342.967524417
2018-06-13 04:10:00,342.967524417
2018-06-13 04:11:00,342.967524417
2018-06-13 04:12:00,342.967524417
2018-06-13 04:13:00,322.462569017
2018-06-13 04:14:00,322.462569017
2018-06-13 04:15:00,322.462569017
2018-06-13 04:16:00,332.715046717
2018-06-13 04:17:00,332.715046717
2018-06-13 04:18:00,322.462569017
2018-06-13 04:19:00,322.462569017
2018-06-13 04:20:00,322.462569017
2018-06-13 04:21:00,322.462569017
2018-06-13 04:22:00,322.462569017
2018-06-13 04:23:00,322.462569017
2018-06-13 04:24:00,322.462569017
2018-06-13 04:25:00,312.210091317
2018-06-13 04:26:00,312.210091317
2018-06-13 04:27:00,312.210091317
2018-06-13 04:28:00,260.947702817
2018-06-13 04:29:00,260.947702817
2018-06-13 04:30:00,260.947702817
2018-06-13 04:31:00,260.947702817
2018-06-13 04:32:00,250.695225117
2018-06-13 04:33:00,260.947702817
2018-06-13 04:34:00,250.695225117
2018-06-13 04:35:00,240.442747417
2018-06-13 04:36:00,240.442747417
2018-06-13 04:37:00,240.442747417
2018-06-13 04:38:00,240.442747417
2018-06-13 04:39:00,240.442747417
2018-06-13 04:40:00,240.442747417
2018-06-13 04:41:00,240.442747417
2018-06-13 04:42:00,240.442747417
2018-06-13 04:43:00,240.442747417
2018-06-13 04:44:00,240.442747417
2018-06-13 04:45:00,240.442747417
2018-06-13 04:46:00,240.442747417
2018-06-13 04:47:00,240.442747417
2018-06-13 04:48:00,240.442747417
2018-06-13 04:49:00,240.442747417
2018-06-13 04:50:00,219.937792017
2018-06-13 04:51:00,219.937792017
2018-06-13 04:52:00,219.937792017
2018-06-13 04:53:00,219.937792017
2018-06-13 04:54:00,230.190269717
2018-06-13 04:55:00,230.190269717
2018-06-13 04:56:00,230.190269717
2018-06-13 04:57:00,240.442747417
2018-06-13 04:58:00,240.442747417
2018-06-13 04:59:00,240.442747417
2018-06-13 05:00:00,240.442747417
2018-06-13 05:01:00,240.442747417
2018-06-13 05:02:00,240.442747417
2018-06-13 05:03:00,240.442747417
2018-06-13 05:04:00,230.190269717
2018-06-13 05:05:00,230.190269717
2018-06-13 05:06:00,240.442747417
2018-06-13 05:07:00,219.937792017
2018-06-13 05:08:00,219.937792017
2018-06-13 05:09:00,199.432836617
2018-06-13 05:10:00,199.432836617
2018-06-13 05:11:00,199.432836617
2018-06-13 05:12:00,199.432836617
2018-06-13 05:13:00,199.432836617
2018-06-13 05:14:00,199.432836617
2018-06-13 05:15:00,219.937792017
2018-06-13 05:16:00,209.685314317
2018-06-13 05:17:00,199.432836617
2018-06-13 05:18:00,209.685314317
2018-06-13 05:19:00,209.685314317
2018-06-13 05:20:00,219.937792017
2018-06-13 05:21:00,291.705135917
2018-06-13 05:22:00,301.957613617
2018-06-13 05:23:00,301.957613617
2018-06-13 05:24:00,301.957613617
2018-06-13 05:25:00,301.957613617
2018-06-13 05:26:00,291.705135917
2018-06-13 05:27:00,301.957613617
2018-06-13 05:28:00,301.957613617
2018-06-13 05:29:00,301.957613617
2018-06-13 05:30:00,301.957613617
2018-06-13 05:31:00,312.210091317
2018-06-13 05:32:00,312.210091317
2018-06-13 05:33:00,312.210091317
2018-06-13 05:34:00,312.210091317
2018-06-13 05:35:00,322.462569017
2018-06-13 05:36:00,322.462569017
2018-06-13 05:37:00,322.462569017
2018-06-13 05:38:00,312.210091317
2018-06-13 05:39:00,322.462569017
2018-06-13 05:40:00,322.462569017
2018-06-13 05:41:00,322.462569017
2018-06-13 05:42:00,322.462569017
2018-06-13 05:43:00,322.462569017
2018-06-13 05:44:00,322.462569017
2018-06-13 05:45:00,322.462569017
2018-06-13 05:46:00,322.462569017
2018-06-13 05:47:00,322.462569017
2018-06-13 05:48:00,322.462569017
2018-06-13 05:49:00,322.462569017
2018-06-13 05:50:00,342.967524417
2018-06-13 05:51:00,342.967524417
2018-06-13 05:52:00,342.967524417
2018-06-13 05:53:00,342.967524417
2018-06-13 05:54:00,342.967524417
2018-06-13 05:55:00,342.967524417
2018-06-13 05:56:00,342.967524417
2018-06-13 05:57:00,342.967524417
2018-06-13 05:58:00,342.967524417
2018-06-13 05:59:00,342.967524417
2018-06-13 06:00:00,342.967524417
2018-06-13 06:01:00,342.967524417
2018-06-13 06:02:00,322.462569017
2018-06-13 06:03:00,342.967524417
2018-06-13 06:04:00,342.967524417
2018-06-13 06:05:00,342.967524417
2018-06-13 06:06:00,342.967524417
2018-06-13 06:07:00,342.967524417
2018-06-13 06:08:00,342.967524417
2018-06-13 06:09:00,342.967524417
2018-06-13 06:10:00,342.967524417
2018-06-13 06:11:00,342.967524417
2018-06-13 06:12:00,342.967524417
2018-06-13 06:13:00,342.967524417
2018-06-13 06:14:00,342.967524417
2018-06-13 06:15:00,342.967524417
2018-06-13 06:16:00,342.967524417
2018-06-13 06:17:00,342.967524417
2018-06-13 06:18:00,342.967524417
2018-06-13 06:19:00,322.462569017
2018-06-13 06:20:00,322.462569017
2018-06-13 06:21:00,322.462569017
2018-06-13 06:22:00,322.462569017
2018-06-13 06:23:00,322.462569017
2018-06-13 06:24:00,322.462569017
2018-06-13 06:25:00,322.462569017
2018-06-13 06:26:00,322.462569017
2018-06-13 06:27:00,322.462569017
2018-06-13 06:28:00,322.462569017
2018-06-13 06:29:00,322.462569017
2018-06-13 06:30:00,322.462569017
2018-06-13 06:31:00,322.462569017
2018-06-13 06:32:00,322.462569017
2018-06-13 06:33:00,322.462569017
2018-06-13 06:34:00,322.462569017
2018-06-13 06:35:00,322.462569017
2018-06-13 06:36:00,322.462569017
2018-06-13 06:37:00,322.462569017
2018-06-13 06:38:00,301.957613617
2018-06-13 06:39:00,301.957613617
2018-06-13 06:40:00,301.957613617
2018-06-13 06:41:00,312.210091317
2018-06-13 06:42:00,312.210091317
2018-06-13 06:43:00,312.210091317
2018-06-13 06:44:00,322.462569017
2018-06-13 06:45:00,322.462569017
2018-06-13 06:46:00,322.462569017
2018-06-13 06:47:00,322.462569017
2018-06-13 06:48:00,322.462569017
2018-06-13 06:49:00,322.462569017
2018-06-13 06:50:00,322.462569017
2018-06-13 06:51:00,322.462569017
2018-06-13 06:52:00,322.462569017
2018-06-13 06:53:00,322.462569017
2018-06-13 06:54:00,322.462569017
2018-06-13 06:55:00,322.462569017
2018-06-13 06:56:00,322.462569017
2018-06-13 06:57:00,322.462569017
2018-06-13 06:58:00,322.462569017
2018-06-13 06:59:00,301.957613617
2018-06-13 07:00:00,301.957613617
2018-06-13 07:01:00,312.210091317
2018-06-13 07:02:00,322.462569017
2018-06-13 07:03:00,322.462569017
2018-06-13 07:04:00,322.462569017
2018-06-13 07:05:00,322.462569017
2018-06-13 07:06:00,332.715046717
2018-06-13 07:07:00,332.715046717
2018-06-13 07:08:00,322.462569017
2018-06-13 07:09:00,322.462569017
2018-06-13 07:10:00,301.957613617
2018-06-13 07:11:00,301.957613617
2018-06-13 07:12:00,301.957613617
2018-06-13 07:13:00,312.210091317
2018-06-13 07:14:00,301.957613617
2018-06-13 07:15:00,301.957613617
2018-06-13 07:16:00,301.957613617
2018-06-13 07:17:00,301.957613617
2018-06-13 07:18:00,301.957613617
2018-06-13 07:19:00,301.957613617
2018-06-13 07:20:00,301.957613617
2018-06-13 07:21:00,301.957613617
2018-06-13 07:22:00,301.957613617
2018-06-13 07:23:00,312.210091317
2018-06-13 07:24:00,312.210091317
2018-06-13 07:25:00,322.462569017
2018-06-13 07:26:00,322.462569017
2018-06-13 07:27:00,322.462569017
2018-06-13 07:28:00,312.210091317
2018-06-13 07:29:00,301.957613617
2018-06-13 07:30:00,291.705135917
2018-06-13 07:31:00,281.452658217
2018-06-13 07:32:00,312.210091317
2018-06-13 07:33:00,312.210091317
2018-06-13 07:34:00,322.462569017
2018-06-13 07:35:00,322.462569017
2018-06-13 07:36:00,322.462569017
2018-06-13 07:37:00,332.715046717
2018-06-13 07:38:00,342.967524417
2018-06-13 07:39:00,342.967524417
2018-06-13 07:40:00,332.715046717
2018-06-13 07:41:00,322.462569017
2018-06-13 07:42:00,342.967524417
2018-06-13 07:43:00,332.715046717
2018-06-13 07:44:00,332.715046717
2018-06-13 07:45:00,342.967524417
2018-06-13 07:46:00,332.715046717
2018-06-13 07:47:00,322.462569017
2018-06-13 07:48:00,332.715046717
2018-06-13 07:49:00,342.967524417
2018-06-13 07:50:00,342.967524417
2018-06-13 07:51:00,322.462569017
2018-06-13 07:52:00,322.462569017
2018-06-13 07:53:00,322.462569017
2018-06-13 07:54:00,322.462569017
2018-06-13 07:55:00,322.462569017
2018-06-13 07:56:00,322.462569017
2018-06-13 07:57:00,322.462569017
2018-06-13 07:58:00,322.462569017
2018-06-13 07:59:00,322.462569017
2018-06-13 08:00:00,322.462569017
2018-06-13 08:01:00,342.967524417
2018-06-13 08:02:00,342.967524417
2018-06-13 08:03:00,342.967524417
2018-06-13 08:04:00,342.967524417
2018-06-13 08:05:00,342.967524417
2018-06-13 08:06:00,342.967524417
2018-06-13 08:07:00,342.967524417
2018-06-13 08:08:00,342.967524417
2018-06-13 08:09:00,342.967524417
2018-06-13 08:10:00,342.967524417
2018-06-13 08:11:00,342.967524417
2018-06-13 08:12:00,342.967524417
2018-06-13 08:13:00,342.967524417
2018-06-13 08:14:00,322.462569017
2018-06-13 08:15:00,322.462569017
2018-06-13 08:16:00,342.967524417
2018-06-13 08:17:00,342.967524417
2018-06-13 08:18:00,342.967524417
2018-06-13 08:19:00,342.967524417
2018-06-13 08:20:00,342.967524417
2018-06-13 08:21:00,342.967524417
2018-06-13 08:22:00,353.220002117
2018-06-13 08:23:00,353.220002117
2018-06-13 08:24:00,353.220002117
2018-06-13 08:25:00,353.220002117
2018-06-13 08:26:00,353.220002117
2018-06-13 08:27:00,353.220002117
2018-06-13 08:28:00,353.220002117
2018-06-13 08:29:00,353.220002117
2018-06-13 08:30:00,353.220002117
2018-06-13 08:31:00,363.472479817
2018-06-13 08:32:00,342.967524417
2018-06-13 08:33:00,342.967524417
2018-06-13 08:34:00,342.967524417
2018-06-13 08:35:00,363.472479817
2018-06-13 08:36:00,363.472479817
2018-06-13 08:37:00,342.967524417
2018-06-13 08:38:00,342.967524417
2018-06-13 08:39:00,353.220002117
2018-06-13 08:40:00,363.472479817
2018-06-13 08:41:00,353.220002117
2018-06-13 08:42:00,342.967524417
2018-06-13 08:43:00,342.967524417
2018-06-13 08:44:00,342.967524417
2018-06-13 08:45:00,363.472479817
2018-06-13 08:46:00,363.472479817
2018-06-13 08:47:00,363.472479817
2018-06-13 08:48:00,363.472479817
2018-06-13 08:49:00,363.472479817
2018-06-13 08:50:00,363.472479817
2018-06-13 08:51:00,363.472479817
2018-06-13 08:52:00,363.472479817
2018-06-13 08:53:00,363.472479817
2018-06-13 08:54:00,363.472479817
2018-06-13 08:55:00,383.977435217
2018-06-13 08:56:00,383.977435217
2018-06-13 08:57:00,383.977435217
2018-06-13 08:58:00,383.977435217
2018-06-13 08:59:00,383.977435217
2018-06-13 09:00:00,383.977435217
2018-06-13 09:01:00,363.472479817
2018-06-13 09:02:00,363.472479817
2018-06-13 09:03:00,363.472479817
2018-06-13 09:04:00,363.472479817
2018-06-13 09:05:00,363.472479817
2018-06-13 09:06:00,363.472479817
2018-06-13 09:07:00,301.957613617
2018-06-13 09:08:00,301.957613617
2018-06-13 09:09:00,301.957613617
2018-06-13 09:10:00,301.957613617
2018-06-13 09:11:00,301.957613617
2018-06-13 09:12:00,301.957613617
2018-06-13 09:13:00,281.452658217
2018-06-13 09:14:00,281.452658217
2018-06-13 09:15:00,260.947702817
2018-06-13 09:16:00,260.947702817
2018-06-13 09:17:00,260.947702817
2018-06-13 09:18:00,260.947702817
2018-06-13 09:19:00,260.947702817
2018-06-13 09:20:00,260.947702817
2018-06-13 09:21:00,260.947702817
2018-06-13 09:22:00,260.947702817
2018-06-13 09:23:00,260.947702817
2018-06-13 09:24:00,260.947702817
2018-06-13 09:25:00,250.695225117
2018-06-13 09:26:00,250.695225117
2018-06-13 09:27:00,250.695225117
2018-06-13 09:28:00,260.947702817
2018-06-13 09:29:00,240.442747417
2018-06-13 09:30:00,240.442747417
2018-06-13 09:31:00,240.442747417
2018-06-13 09:32:00,240.442747417
2018-06-13 09:33:00,240.442747417
2018-06-13 09:34:00,240.442747417
2018-06-13 09:35:00,240.442747417
2018-06-13 09:36:00,240.442747417
2018-06-13 09:37:00,250.695225117
2018-06-13 09:38:00,250.695225117
2018-06-13 09:39:00,250.695225117
2018-06-13 09:40:00,250.695225117
2018-06-13 09:41:00,250.695225117
2018-06-13 09:42:00,250.695225117
2018-06-13 09:43:00,250.695225117
2018-06-13 09:44:00,240.442747417
2018-06-13 09:45:00,240.442747417
2018-06-13 09:46:00,240.442747417
2018-06-13 09:47:00,240.442747417
2018-06-13 09:48:00,240.442747417
2018-06-13 09:49:00,240.442747417
2018-06-13 09:50:00,240.442747417
2018-06-13 09:51:00,250.695225117
2018-06-13 09:52:00,260.947702817
2018-06-13 09:53:00,260.947702817
2018-06-13 09:54:00,260.947702817
2018-06-13 09:55:00,260.947702817
2018-06-13 09:56:00,260.947702817
2018-06-13 09:57:00,260.947702817
2018-06-13 09:58:00,271.200180517
2018-06-13 09:59:00,271.200180517
2018-06-13 10:00:00,271.200180517
2018-06-13 10:01:00,260.947702817
2018-06-13 10:02:00,281.452658217
2018-06-13 10:03:00,281.452658217
2018-06-13 10:04:00,281.452658217
2018-06-13 10:05:00,281.452658217
2018-06-13 10:06:00,281.452658217
2018-06-13 10:07:00,291.705135917
2018-06-13 10:08:00,301.957613617
2018-06-13 10:09:00,291.705135917
2018-06-13 10:10:00,281.452658217
2018-06-13 10:11:00,281.452658217
2018-06-13 10:12:00,281.452658217
2018-06-13 10:13:00,281.452658217
2018-06-13 10:14:00,271.200180517
2018-06-13 10:15:00,240.442747417
2018-06-13 10:16:00,240.442747417
2018-06-13 10:17:00,240.442747417
2018-06-13 10:18:00,240.442747417
2018-06-13 10:19:00,240.442747417
2018-06-13 10:20:00,240.442747417
2018-06-13 10:21:00,240.442747417
2018-06-13 10:22:00,240.442747417
2018-06-13 10:23:00,250.695225117
2018-06-13 10:24:00,240.442747417
2018-06-13 10:25:00,240.442747417
2018-06-13 10:26:00,240.442747417
2018-06-13 10:27:00,240.442747417
2018-06-13 10:28:00,240.442747417
2018-06-13 10:29:00,240.442747417
2018-06-13 10:30:00,240.442747417
2018-06-13 10:31:00,240.442747417
2018-06-13 10:32:00,240.442747417
2018-06-13 10:33:00,240.442747417
2018-06-13 10:34:00,240.442747417
2018-06-13 10:35:00,240.442747417
2018-06-13 10:36:00,240.442747417
2018-06-13 10:37:00,240.442747417
2018-06-13 10:38:00,240.442747417
2018-06-13 10:39:00,240.442747417
2018-06-13 10:40:00,240.442747417
2018-06-13 10:41:00,240.442747417
2018-06-13 10:42:00,240.442747417
2018-06-13 10:43:00,240.442747417
2018-06-13 10:44:00,240.442747417
2018-06-13 10:45:00,240.442747417
2018-06-13 10:46:00,240.442747417
2018-06-13 10:47:00,230.190269717
2018-06-13 10:48:00,230.190269717
2018-06-13 10:49:00,230.190269717
2018-06-13 10:50:00,219.937792017
2018-06-13 10:51:00,219.937792017
2018-06-13 10:52:00,219.937792017
2018-06-13 10:53:00,219.937792017
2018-06-13 10:54:00,219.937792017
2018-06-13 10:55:00,209.685314317
2018-06-13 10:56:00,199.432836617
2018-06-13 10:57:00,199.432836617
2018-06-13 10:58:00,199.432836617
2018-06-13 10:59:00,199.432836617
2018-06-13 11:00:00,199.432836617
2018-06-13 11:01:00,199.432836617
2018-06-13 11:02:00,199.432836617
2018-06-13 11:03:00,199.432836617
2018-06-13 11:04:00,199.432836617
2018-06-13 11:05:00,199.432836617
2018-06-13 11:06:00,199.432836617
2018-06-13 11:07:00,199.432836617
2018-06-13 11:08:00,199.432836617
2018-06-13 11:09:00,199.432836617
2018-06-13 11:10:00,199.432836617
2018-06-13 11:11:00,199.432836617
2018-06-13 11:12:00,199.432836617
2018-06-13 11:13:00,199.432836617
2018-06-13 11:14:00,178.927881217
2018-06-13 11:15:00,199.432836617
2018-06-13 11:16:00,178.927881217
2018-06-13 11:17:00,168.675403517
2018-06-13 11:18:00,168.675403517
2018-06-13 11:19:00,168.675403517
2018-06-13 11:20:00,168.675403517
2018-06-13 11:21:00,168.675403517
2018-06-13 11:22:00,168.675403517
2018-06-13 11:23:00,168.675403517
2018-06-13 11:24:00,168.675403517
2018-06-13 11:25:00,189.180358917
2018-06-13 11:26:00,189.180358917
2018-06-13 11:27:00,189.180358917
2018-06-13 11:28:00,178.927881217
2018-06-13 11:29:00,178.927881217
2018-06-13 11:30:00,189.180358917
2018-06-13 11:31:00,189.180358917
2018-06-13 11:32:00,189.180358917
2018-06-13 11:33:00,189.180358917
2018-06-13 11:34:00,199.432836617
2018-06-13 11:35:00,178.927881217
2018-06-13 11:36:00,178.927881217
2018-06-13 11:37:00,178.927881217
2018-06-13 11:38:00,178.927881217
2018-06-13 11:39:00,178.927881217
2018-06-13 11:40:00,189.180358917
2018-06-13 11:41:00,178.927881217
2018-06-13 11:42:00,178.927881217
2018-06-13 11:43:00,189.180358917
2018-06-13 11:44:00,189.180358917
2018-06-13 11:45:00,189.180358917
2018-06-13 11:46:00,189.180358917
2018-06-13 11:47:00,189.180358917
2018-06-13 11:48:00,199.432836617
2018-06-13 11:49:00,199.432836617
2018-06-13 11:50:00,199.432836617
2018-06-13 11:51:00,199.432836617
2018-06-13 11:52:00,199.432836617
2018-06-13 11:53:00,199.432836617
2018-06-13 11:54:00,199.432836617
2018-06-13 11:55:00,199.432836617
2018-06-13 11:56:00,199.432836617
2018-06-13 11:57:00,199.432836617
2018-06-13 11:58:00,199.432836617
2018-06-13 11:59:00,199.432836617
2018-06-14 01:29:00,240.442747417
2018-06-14 01:30:00,240.442747417
2018-06-14 01:31:00,240.442747417
2018-06-14 01:32:00,240.442747417
2018-06-14 01:33:00,240.442747417
2018-06-14 01:34:00,199.432836617
2018-06-14 01:35:00,199.432836617
2018-06-14 01:36:00,199.432836617
2018-06-14 01:37:00,189.180358917
2018-06-14 01:38:00,168.675403517
2018-06-14 01:39:00,168.675403517
2018-06-14 01:40:00,168.675403517
2018-06-14 01:41:00,168.675403517
2018-06-14 01:42:00,168.675403517
2018-06-14 01:43:00,168.675403517
2018-06-14 01:44:00,168.675403517
2018-06-14 01:45:00,148.170448117
2018-06-14 01:46:00,148.170448117
2018-06-14 01:47:00,148.170448117
2018-06-14 01:48:00,148.170448117
2018-06-14 01:49:00,127.665492717
2018-06-14 01:50:00,127.665492717
2018-06-14 01:51:00,158.422925817
2018-06-14 01:52:00,158.422925817
2018-06-14 01:53:00,158.422925817
2018-06-14 01:54:00,158.422925817
2018-06-14 01:55:00,158.422925817
2018-06-14 01:56:00,158.422925817
2018-06-14 01:57:00,158.422925817
2018-06-14 01:58:00,158.422925817
2018-06-14 01:59:00,158.422925817
2018-06-14 02:00:00,158.422925817
2018-06-14 02:01:00,158.422925817
2018-06-14 02:02:00,158.422925817
2018-06-14 02:03:00,178.927881217
2018-06-14 02:04:00,178.927881217
2018-06-14 02:05:00,189.180358917
2018-06-14 02:06:00,199.432836617
2018-06-14 02:07:00,199.432836617
2018-06-14 02:08:00,158.422925817
2018-06-14 02:09:00,137.917970417
2018-06-14 02:10:00,137.917970417
2018-06-14 02:11:00,148.170448117
2018-06-14 02:12:00,158.422925817
2018-06-14 02:13:00,168.675403517
2018-06-14 02:14:00,178.927881217
2018-06-14 02:15:00,189.180358917
2018-06-14 02:16:00,219.937792017
2018-06-14 02:17:00,219.937792017
2018-06-14 02:18:00,219.937792017
2018-06-14 02:19:00,209.685314317
2018-06-14 02:20:00,209.685314317
2018-06-14 02:21:00,209.685314317
2018-06-14 02:22:00,209.685314317
2018-06-14 02:23:00,209.685314317
2018-06-14 02:24:00,219.937792017
2018-06-14 02:25:00,219.937792017
2018-06-14 02:26:00,230.190269717
2018-06-14 02:27:00,219.937792017
2018-06-14 02:28:00,240.442747417
2018-06-14 02:29:00,240.442747417
2018-06-14 02:30:00,240.442747417
2018-06-14 02:31:00,240.442747417
2018-06-14 02:32:00,230.190269717
2018-06-14 02:33:00,219.937792017
2018-06-14 02:34:00,219.937792017
2018-06-14 02:35:00,219.937792017
2018-06-14 02:36:00,219.937792017
2018-06-14 02:37:00,219.937792017
2018-06-14 02:38:00,219.937792017
2018-06-14 02:39:00,219.937792017
2018-06-14 02:40:00,219.937792017
2018-06-14 02:41:00,219.937792017
2018-06-14 02:42:00,219.937792017
2018-06-14 02:43:00,219.937792017
2018-06-14 02:44:00,219.937792017
2018-06-14 02:45:00,240.442747417
2018-06-14 02:46:00,240.442747417
2018-06-14 02:47:00,240.442747417
2018-06-14 02:48:00,199.432836617
2018-06-14 02:49:00,199.432836617
2018-06-14 02:50:00,199.432836617
2018-06-14 02:51:00,199.432836617
2018-06-14 02:52:00,199.432836617
2018-06-14 02:53:00,178.927881217
2018-06-14 02:54:00,178.927881217
2018-06-14 02:55:00,178.927881217
2018-06-14 02:56:00,178.927881217
2018-06-14 02:57:00,189.180358917
2018-06-14 02:58:00,189.180358917
2018-06-14 02:59:00,189.180358917
2018-06-14 03:00:00,189.180358917
2018-06-14 03:01:00,199.432836617
2018-06-14 03:02:00,178.927881217
2018-06-14 03:03:00,178.927881217
2018-06-14 03:04:00,178.927881217
2018-06-14 03:05:00,178.927881217
2018-06-14 03:06:00,178.927881217
2018-06-14 03:07:00,178.927881217
2018-06-14 03:08:00,178.927881217
2018-06-14 03:09:00,178.927881217
2018-06-14 03:10:00,158.422925817
2018-06-14 03:11:00,178.927881217
2018-06-14 03:12:00,178.927881217
2018-06-14 03:13:00,178.927881217
2018-06-14 03:14:00,178.927881217
2018-06-14 03:15:00,178.927881217
2018-06-14 03:16:00,178.927881217
2018-06-14 03:17:00,158.422925817
2018-06-14 03:18:00,158.422925817
2018-06-14 03:19:00,148.170448117
2018-06-14 03:20:00,148.170448117
2018-06-14 03:21:00,137.917970417
2018-06-14 03:22:00,137.917970417
2018-06-14 03:23:00,137.917970417
2018-06-14 03:24:00,137.917970417
2018-06-14 03:25:00,137.917970417
2018-06-14 03:26:00,137.917970417
2018-06-14 03:27:00,137.917970417
2018-06-14 03:28:00,137.917970417
2018-06-14 03:29:00,76.4031042168
2018-06-14 03:30:00,55.8981488168
2018-06-14 03:31:00,86.6555819168
2018-06-14 03:32:00,45.6456711168
2018-06-14 03:33:00,45.6456711168
2018-06-14 03:34:00,55.8981488168
2018-06-14 03:35:00,76.4031042168
2018-06-14 03:36:00,76.4031042168
2018-06-14 03:37:00,96.9080596168
2018-06-14 03:38:00,96.9080596168
2018-06-14 03:39:00,96.9080596168
2018-06-14 03:40:00,76.4031042168
2018-06-14 03:41:00,76.4031042168
2018-06-14 03:42:00,76.4031042168
2018-06-14 03:43:00,96.9080596168
2018-06-14 03:44:00,96.9080596168
2018-06-14 03:45:00,96.9080596168
2018-06-14 03:46:00,96.9080596168
2018-06-14 03:47:00,96.9080596168
2018-06-14 03:48:00,96.9080596168
2018-06-14 03:49:00,96.9080596168
2018-06-14 03:50:00,96.9080596168
2018-06-14 03:51:00,96.9080596168
2018-06-14 03:52:00,96.9080596168
2018-06-14 03:53:00,117.413015017
2018-06-14 03:54:00,107.160537317
2018-06-14 03:55:00,117.413015017
2018-06-14 03:56:00,117.413015017
2018-06-14 03:57:00,107.160537317
2018-06-14 03:58:00,96.9080596168
2018-06-14 03:59:00,96.9080596168
2018-06-14 04:00:00,96.9080596168
2018-06-14 04:01:00,96.9080596168
2018-06-14 04:02:00,107.160537317
2018-06-14 04:03:00,96.9080596168
2018-06-14 04:04:00,107.160537317
2018-06-14 04:05:00,96.9080596168
2018-06-14 04:06:00,96.9080596168
2018-06-14 04:07:00,96.9080596168
2018-06-14 04:08:00,117.413015017
2018-06-14 04:09:00,127.665492717
2018-06-14 04:10:00,127.665492717
2018-06-14 04:11:00,137.917970417
2018-06-14 04:12:00,137.917970417
2018-06-14 04:13:00,137.917970417
2018-06-14 04:14:00,137.917970417
2018-06-14 04:15:00,137.917970417
2018-06-14 04:16:00,127.665492717
2018-06-14 04:17:00,127.665492717
2018-06-14 04:18:00,127.665492717
2018-06-14 04:19:00,127.665492717
2018-06-14 04:20:00,137.917970417
2018-06-14 04:21:00,137.917970417
2018-06-14 04:22:00,137.917970417
2018-06-14 04:23:00,137.917970417
2018-06-14 04:24:00,137.917970417
2018-06-14 04:25:00,137.917970417
2018-06-14 04:26:00,137.917970417
2018-06-14 04:27:00,137.917970417
2018-06-14 04:28:00,137.917970417
2018-06-14 04:29:00,137.917970417
2018-06-14 04:30:00,137.917970417
2018-06-14 04:31:00,137.917970417
2018-06-14 04:32:00,137.917970417
2018-06-14 04:33:00,137.917970417
2018-06-14 04:34:00,137.917970417
2018-06-14 04:35:00,137.917970417
2018-06-14 04:36:00,137.917970417
2018-06-14 04:37:00,137.917970417
2018-06-14 04:38:00,137.917970417
2018-06-14 04:39:00,137.917970417
2018-06-14 04:40:00,137.917970417
2018-06-14 04:41:00,158.422925817
2018-06-14 04:42:00,178.927881217
2018-06-14 04:43:00,178.927881217
2018-06-14 04:44:00,168.675403517
2018-06-14 04:45:00,158.422925817
2018-06-14 04:46:00,158.422925817
2018-06-14 04:47:00,158.422925817
2018-06-14 04:48:00,158.422925817
2018-06-14 04:49:00,158.422925817
2018-06-14 04:50:00,158.422925817
2018-06-14 04:51:00,158.422925817
2018-06-14 04:52:00,158.422925817
2018-06-14 04:53:00,158.422925817
2018-06-14 04:54:00,158.422925817
2018-06-14 04:55:00,158.422925817
2018-06-14 04:56:00,158.422925817
2018-06-14 04:57:00,158.422925817
2018-06-14 04:58:00,158.422925817
2018-06-14 04:59:00,158.422925817
2018-06-14 05:00:00,158.422925817
2018-06-14 05:01:00,137.917970417
2018-06-14 05:02:00,137.917970417
2018-06-14 05:03:00,137.917970417
2018-06-14 05:04:00,158.422925817
2018-06-14 05:05:00,158.422925817
2018-06-14 05:06:00,158.422925817
2018-06-14 05:07:00,158.422925817
2018-06-14 05:08:00,158.422925817
2018-06-14 05:09:00,158.422925817
2018-06-14 05:10:00,158.422925817
2018-06-14 05:11:00,158.422925817
2018-06-14 05:12:00,158.422925817
2018-06-14 05:13:00,158.422925817
2018-06-14 05:14:00,158.422925817
2018-06-14 05:15:00,158.422925817
2018-06-14 05:16:00,158.422925817
2018-06-14 05:17:00,158.422925817
2018-06-14 05:18:00,107.160537317
2018-06-14 05:19:00,107.160537317
2018-06-14 05:20:00,117.413015017
2018-06-14 05:21:00,117.413015017
2018-06-14 05:22:00,117.413015017
2018-06-14 05:23:00,117.413015017
2018-06-14 05:24:00,117.413015017
2018-06-14 05:25:00,117.413015017
2018-06-14 05:26:00,117.413015017
2018-06-14 05:27:00,117.413015017
2018-06-14 05:28:00,117.413015017
2018-06-14 05:29:00,117.413015017
2018-06-14 05:30:00,148.170448117
2018-06-14 05:31:00,137.917970417
2018-06-14 05:32:00,137.917970417
2018-06-14 05:33:00,158.422925817
2018-06-14 05:34:00,158.422925817
2018-06-14 05:35:00,158.422925817
2018-06-14 05:36:00,158.422925817
2018-06-14 05:37:00,158.422925817
2018-06-14 05:38:00,158.422925817
2018-06-14 05:39:00,158.422925817
2018-06-14 05:40:00,148.170448117
2018-06-14 05:41:00,148.170448117
2018-06-14 05:42:00,178.927881217
2018-06-14 05:43:00,178.927881217
2018-06-14 05:44:00,178.927881217
2018-06-14 05:45:00,178.927881217
2018-06-14 05:46:00,178.927881217
2018-06-14 05:47:00,148.170448117
2018-06-14 05:48:00,137.917970417
2018-06-14 05:49:00,137.917970417
2018-06-14 05:50:00,117.413015017
2018-06-14 05:51:00,117.413015017
2018-06-14 05:52:00,148.170448117
2018-06-14 05:53:00,148.170448117
2018-06-14 05:54:00,127.665492717
2018-06-14 05:55:00,137.917970417
2018-06-14 05:56:00,137.917970417
2018-06-14 05:57:00,137.917970417
2018-06-14 05:58:00,137.917970417
2018-06-14 05:59:00,137.917970417
2018-06-14 06:00:00,137.917970417
2018-06-14 06:01:00,137.917970417
2018-06-14 06:02:00,137.917970417
2018-06-14 06:03:00,137.917970417
2018-06-14 06:04:00,137.917970417
2018-06-14 06:05:00,137.917970417
2018-06-14 06:06:00,137.917970417
2018-06-14 06:07:00,137.917970417
2018-06-14 06:08:00,137.917970417
2018-06-14 06:09:00,137.917970417
2018-06-14 06:10:00,137.917970417
2018-06-14 06:11:00,137.917970417
2018-06-14 06:12:00,137.917970417
2018-06-14 06:13:00,148.170448117
2018-06-14 06:14:00,168.675403517
2018-06-14 06:15:00,168.675403517
2018-06-14 06:16:00,168.675403517
2018-06-14 06:17:00,168.675403517
2018-06-14 06:18:00,137.917970417
2018-06-14 06:19:00,137.917970417
2018-06-14 06:20:00,127.665492717
2018-06-14 06:21:00,148.170448117
2018-06-14 06:22:00,117.413015017
2018-06-14 06:23:00,117.413015017
2018-06-14 06:24:00,117.413015017
2018-06-14 06:25:00,127.665492717
2018-06-14 06:26:00,127.665492717
2018-06-14 06:27:00,137.917970417
2018-06-14 06:28:00,137.917970417
2018-06-14 06:29:00,117.413015017
2018-06-14 06:30:00,117.413015017
2018-06-14 06:31:00,117.413015017
2018-06-14 06:32:00,117.413015017
2018-06-14 06:33:00,117.413015017
2018-06-14 06:34:00,117.413015017
2018-06-14 06:35:00,117.413015017
2018-06-14 06:36:00,117.413015017
2018-06-14 06:37:00,127.665492717
2018-06-14 06:38:00,117.413015017
2018-06-14 06:39:00,117.413015017
2018-06-14 06:40:00,117.413015017
2018-06-14 06:41:00,117.413015017
2018-06-14 06:42:00,117.413015017
2018-06-14 06:43:00,137.917970417
2018-06-14 06:44:00,137.917970417
2018-06-14 06:45:00,137.917970417
2018-06-14 06:46:00,158.422925817
2018-06-14 06:47:00,178.927881217
2018-06-14 06:48:00,199.432836617
2018-06-14 06:49:00,219.937792017
2018-06-14 06:50:00,199.432836617
2018-06-14 06:51:00,199.432836617
2018-06-14 06:52:00,199.432836617
2018-06-14 06:53:00,219.937792017
2018-06-14 06:54:00,219.937792017
2018-06-14 06:55:00,250.695225117
2018-06-14 06:56:00,250.695225117
2018-06-14 06:57:00,301.957613617
2018-06-14 06:58:00,271.200180517
2018-06-14 06:59:00,281.452658217
2018-06-14 07:00:00,271.200180517
2018-06-14 07:01:00,291.705135917
2018-06-14 07:02:00,301.957613617
2018-06-14 07:03:00,301.957613617
2018-06-14 07:04:00,291.705135917
2018-06-14 07:05:00,291.705135917
2018-06-14 07:06:00,312.210091317
2018-06-14 07:07:00,322.462569017
2018-06-14 07:08:00,332.715046717
2018-06-14 07:09:00,322.462569017
2018-06-14 07:10:00,322.462569017
2018-06-14 07:11:00,312.210091317
2018-06-14 07:12:00,260.947702817
2018-06-14 07:13:00,219.937792017
2018-06-14 07:14:00,281.452658217
2018-06-14 07:15:00,301.957613617
2018-06-14 07:16:00,301.957613617
2018-06-14 07:17:00,301.957613617
2018-06-14 07:18:00,281.452658217
2018-06-14 07:19:00,301.957613617
2018-06-14 07:20:00,281.452658217
2018-06-14 07:21:00,281.452658217
2018-06-14 07:22:00,281.452658217
2018-06-14 07:23:00,281.452658217
2018-06-14 07:24:00,260.947702817
2018-06-14 07:25:00,240.442747417
2018-06-14 07:26:00,260.947702817
2018-06-14 07:27:00,240.442747417
2018-06-14 07:28:00,240.442747417
2018-06-14 07:29:00,240.442747417
2018-06-14 07:30:00,199.432836617
2018-06-14 07:31:00,219.937792017
2018-06-14 07:32:00,219.937792017
2018-06-14 07:33:00,240.442747417
2018-06-14 07:34:00,199.432836617
2018-06-14 07:35:00,230.190269717
2018-06-14 07:36:00,230.190269717
2018-06-14 07:37:00,240.442747417
2018-06-14 07:38:00,240.442747417
2018-06-14 07:39:00,219.937792017
2018-06-14 07:40:00,240.442747417
2018-06-14 07:41:00,240.442747417
2018-06-14 07:42:00,250.695225117
2018-06-14 07:43:00,240.442747417
2018-06-14 07:44:00,240.442747417
2018-06-14 07:45:00,260.947702817
2018-06-14 07:46:00,240.442747417
2018-06-14 07:47:00,260.947702817
2018-06-14 07:48:00,260.947702817
2018-06-14 07:49:00,281.452658217
2018-06-14 07:50:00,301.957613617
2018-06-14 07:51:00,301.957613617
2018-06-14 07:52:00,301.957613617
2018-06-14 07:53:00,312.210091317
2018-06-14 07:54:00,322.462569017
2018-06-14 07:55:00,322.462569017
2018-06-14 07:56:00,322.462569017
2018-06-14 07:57:00,332.715046717
2018-06-14 07:58:00,322.462569017
2018-06-14 07:59:00,342.967524417
2018-06-14 08:00:00,281.452658217
2018-06-14 08:01:00,281.452658217
2018-06-14 08:02:00,271.200180517
2018-06-14 08:03:00,240.442747417
2018-06-14 08:04:00,240.442747417
2018-06-14 08:05:00,240.442747417
2018-06-14 08:06:00,260.947702817
2018-06-14 08:07:00,240.442747417
2018-06-14 08:08:00,260.947702817
2018-06-14 08:09:00,240.442747417
2018-06-14 08:10:00,240.442747417
2018-06-14 08:11:00,240.442747417
2018-06-14 08:12:00,240.442747417
2018-06-14 08:13:00,230.190269717
2018-06-14 08:14:00,230.190269717
2018-06-14 08:15:00,219.937792017
2018-06-14 08:16:00,219.937792017
2018-06-14 08:17:00,219.937792017
2018-06-14 08:18:00,230.190269717
2018-06-14 08:19:00,219.937792017
2018-06-14 08:20:00,219.937792017
2018-06-14 08:21:00,199.432836617
2018-06-14 08:22:00,199.432836617
2018-06-14 08:23:00,189.180358917
2018-06-14 08:24:00,219.937792017
2018-06-14 08:25:00,209.685314317
2018-06-14 08:26:00,199.432836617
2018-06-14 08:27:00,199.432836617
2018-06-14 08:28:00,178.927881217
2018-06-14 08:29:00,178.927881217
2018-06-14 08:30:00,158.422925817
2018-06-14 08:31:00,158.422925817
2018-06-14 08:32:00,178.927881217
2018-06-14 08:33:00,178.927881217
2018-06-14 08:34:00,178.927881217
2018-06-14 08:35:00,199.432836617
2018-06-14 08:36:00,219.937792017
2018-06-14 08:37:00,219.937792017
2018-06-14 08:38:00,219.937792017
2018-06-14 08:39:00,219.937792017
2018-06-14 08:40:00,219.937792017
2018-06-14 08:41:00,230.190269717
2018-06-14 08:42:00,219.937792017
2018-06-14 08:43:00,240.442747417
2018-06-14 08:44:00,158.422925817
2018-06-14 08:45:00,158.422925817
2018-06-14 08:46:00,158.422925817
2018-06-14 08:47:00,158.422925817
2018-06-14 08:48:00,168.675403517
2018-06-14 08:49:00,158.422925817
2018-06-14 08:50:00,158.422925817
2018-06-14 08:51:00,158.422925817
2018-06-14 08:52:00,168.675403517
2018-06-14 08:53:00,178.927881217
2018-06-14 08:54:00,178.927881217
2018-06-14 08:55:00,219.937792017
2018-06-14 08:56:00,219.937792017
2018-06-14 08:57:00,219.937792017
2018-06-14 08:58:00,219.937792017
2018-06-14 08:59:00,219.937792017
2018-06-14 09:00:00,230.190269717
2018-06-14 09:01:00,219.937792017
2018-06-14 09:02:00,230.190269717
2018-06-14 09:03:00,219.937792017
2018-06-14 09:04:00,219.937792017
2018-06-14 09:05:00,219.937792017
2018-06-14 09:06:00,199.432836617
2018-06-14 09:07:00,199.432836617
2018-06-14 09:08:00,230.190269717
2018-06-14 09:09:00,219.937792017
2018-06-14 09:10:00,219.937792017
2018-06-14 09:11:00,189.180358917
2018-06-14 09:12:00,178.927881217
2018-06-14 09:13:00,199.432836617
2018-06-14 09:14:00,209.685314317
2018-06-14 09:15:00,219.937792017
2018-06-14 09:16:00,219.937792017
2018-06-14 09:17:00,219.937792017
2018-06-14 09:18:00,230.190269717
2018-06-14 09:19:00,260.947702817
2018-06-14 09:20:00,301.957613617
2018-06-14 09:21:00,301.957613617
2018-06-14 09:22:00,301.957613617
2018-06-14 09:23:00,301.957613617
2018-06-14 09:24:00,291.705135917
2018-06-14 09:25:00,301.957613617
2018-06-14 09:26:00,301.957613617
2018-06-14 09:27:00,301.957613617
2018-06-14 09:28:00,301.957613617
2018-06-14 09:29:00,301.957613617
2018-06-14 09:30:00,312.210091317
2018-06-14 09:31:00,312.210091317
2018-06-14 09:32:00,301.957613617
2018-06-14 09:33:00,312.210091317
2018-06-14 09:34:00,312.210091317
2018-06-14 09:35:00,312.210091317
2018-06-14 09:36:00,301.957613617
2018-06-14 09:37:00,301.957613617
2018-06-14 09:38:00,312.210091317
2018-06-14 09:39:00,322.462569017
2018-06-14 09:40:00,322.462569017
2018-06-14 09:41:00,322.462569017
2018-06-14 09:42:00,322.462569017
2018-06-14 09:43:00,322.462569017
2018-06-14 09:44:00,301.957613617
2018-06-14 09:45:00,301.957613617
2018-06-14 09:46:00,301.957613617
2018-06-14 09:47:00,301.957613617
2018-06-14 09:48:00,322.462569017
2018-06-14 09:49:00,322.462569017
2018-06-14 09:50:00,322.462569017
2018-06-14 09:51:00,312.210091317
2018-06-14 09:52:00,322.462569017
2018-06-14 09:53:00,322.462569017
2018-06-14 09:54:00,322.462569017
2018-06-14 09:55:00,322.462569017
2018-06-14 09:56:00,322.462569017
2018-06-14 09:57:00,322.462569017
2018-06-14 09:58:00,322.462569017
2018-06-14 09:59:00,322.462569017
2018-06-14 10:00:00,322.462569017
2018-06-14 10:01:00,322.462569017
2018-06-14 10:02:00,322.462569017
2018-06-14 10:03:00,322.462569017
2018-06-14 10:04:00,332.715046717
2018-06-14 10:05:00,332.715046717
2018-06-14 10:06:00,342.967524417
2018-06-14 10:07:00,342.967524417
2018-06-14 10:08:00,342.967524417
2018-06-14 10:09:00,342.967524417
2018-06-14 10:10:00,342.967524417
2018-06-14 10:11:00,322.462569017
2018-06-14 10:12:00,322.462569017
2018-06-14 10:13:00,342.967524417
2018-06-14 10:14:00,342.967524417
2018-06-14 10:15:00,332.715046717
2018-06-14 10:16:00,322.462569017
2018-06-14 10:17:00,332.715046717
2018-06-14 10:18:00,322.462569017
2018-06-14 10:19:00,332.715046717
2018-06-14 10:20:00,332.715046717
2018-06-14 10:21:00,342.967524417
2018-06-14 10:22:00,322.462569017
2018-06-14 10:23:00,322.462569017
2018-06-14 10:24:00,322.462569017
2018-06-14 10:25:00,322.462569017
2018-06-14 10:26:00,322.462569017
2018-06-14 10:27:00,322.462569017
2018-06-14 10:28:00,322.462569017
2018-06-14 10:29:00,322.462569017
2018-06-14 10:30:00,332.715046717
2018-06-14 10:31:00,332.715046717
2018-06-14 10:32:00,342.967524417
2018-06-14 10:33:00,332.715046717
2018-06-14 10:34:00,332.715046717
2018-06-14 10:35:00,322.462569017
2018-06-14 10:36:00,322.462569017
2018-06-14 10:37:00,322.462569017
2018-06-14 10:38:00,322.462569017
2018-06-14 10:39:00,322.462569017
2018-06-14 10:40:00,322.462569017
2018-06-14 10:41:00,322.462569017
2018-06-14 10:42:00,322.462569017
2018-06-14 10:43:00,322.462569017
2018-06-14 10:44:00,322.462569017
2018-06-14 10:45:00,322.462569017
2018-06-14 10:46:00,322.462569017
2018-06-14 10:47:00,322.462569017
2018-06-14 10:48:00,322.462569017
2018-06-14 10:49:00,312.210091317
2018-06-14 10:50:00,312.210091317
2018-06-14 10:51:00,312.210091317
2018-06-14 10:52:00,312.210091317
2018-06-14 10:53:00,301.957613617
2018-06-14 10:54:00,312.210091317
2018-06-14 10:55:00,301.957613617
2018-06-14 10:56:00,301.957613617
2018-06-14 10:57:00,301.957613617
2018-06-14 10:58:00,322.462569017
2018-06-14 10:59:00,322.462569017
2018-06-14 11:00:00,312.210091317
2018-06-14 11:01:00,322.462569017
2018-06-14 11:02:00,322.462569017
2018-06-14 11:03:00,322.462569017
2018-06-14 11:04:00,322.462569017
2018-06-14 11:05:00,312.210091317
2018-06-14 11:06:00,312.210091317
2018-06-14 11:07:00,322.462569017
2018-06-14 11:08:00,332.715046717
2018-06-14 11:09:00,322.462569017
2018-06-14 11:10:00,312.210091317
2018-06-14 11:11:00,312.210091317
2018-06-14 11:12:00,322.462569017
2018-06-14 11:13:00,332.715046717
2018-06-14 11:14:00,342.967524417
2018-06-14 11:15:00,342.967524417
2018-06-14 11:16:00,342.967524417
2018-06-14 11:17:00,342.967524417
2018-06-14 11:18:00,363.472479817
2018-06-14 11:19:00,363.472479817
2018-06-14 11:20:00,363.472479817
2018-06-14 11:21:00,363.472479817
2018-06-14 11:22:00,363.472479817
2018-06-14 11:23:00,373.724957517
2018-06-14 11:24:00,373.724957517
2018-06-14 11:25:00,383.977435217
2018-06-14 11:26:00,383.977435217
2018-06-14 11:27:00,394.229912917
2018-06-14 11:28:00,394.229912917
2018-06-14 11:29:00,394.229912917
2018-06-14 11:30:00,373.724957517
2018-06-14 11:31:00,383.977435217
2018-06-14 11:32:00,383.977435217
2018-06-14 11:33:00,383.977435217
2018-06-14 11:34:00,404.482390617
2018-06-14 11:35:00,404.482390617
2018-06-14 11:36:00,404.482390617
2018-06-14 11:37:00,404.482390617
2018-06-14 11:38:00,414.734868317
2018-06-14 11:39:00,414.734868317
2018-06-14 11:40:00,404.482390617
2018-06-14 11:41:00,404.482390617
2018-06-14 11:42:00,424.987346017
2018-06-14 11:43:00,424.987346017
2018-06-14 11:44:00,414.734868317
2018-06-14 11:45:00,414.734868317
2018-06-14 11:46:00,414.734868317
2018-06-14 11:47:00,404.482390617
2018-06-14 11:48:00,404.482390617
2018-06-14 11:49:00,414.734868317
2018-06-14 11:50:00,414.734868317
2018-06-14 11:51:00,414.734868317
2018-06-14 11:52:00,404.482390617
2018-06-14 11:53:00,404.482390617
2018-06-14 11:54:00,414.734868317
2018-06-14 11:55:00,424.987346017
2018-06-14 11:56:00,424.987346017
2018-06-14 11:57:00,424.987346017
2018-06-14 11:58:00,445.492301417
2018-06-14 11:59:00,424.987346017
2018-06-15 01:29:00,486.502212217
2018-06-15 01:30:00,486.502212217
2018-06-15 01:31:00,486.502212217
2018-06-15 01:32:00,486.502212217
2018-06-15 01:33:00,486.502212217
2018-06-15 01:34:00,476.249734517
2018-06-15 01:35:00,476.249734517
2018-06-15 01:36:00,476.249734517
2018-06-15 01:37:00,476.249734517
2018-06-15 01:38:00,476.249734517
2018-06-15 01:39:00,476.249734517
2018-06-15 01:40:00,465.997256817
2018-06-15 01:41:00,465.997256817
2018-06-15 01:42:00,465.997256817
2018-06-15 01:43:00,465.997256817
2018-06-15 01:44:00,476.249734517
2018-06-15 01:45:00,476.249734517
2018-06-15 01:46:00,476.249734517
2018-06-15 01:47:00,476.249734517
2018-06-15 01:48:00,476.249734517
2018-06-15 01:49:00,476.249734517
2018-06-15 01:50:00,476.249734517
2018-06-15 01:51:00,476.249734517
2018-06-15 01:52:00,476.249734517
2018-06-15 01:53:00,476.249734517
2018-06-15 01:54:00,476.249734517
2018-06-15 01:55:00,476.249734517
2018-06-15 01:56:00,476.249734517
2018-06-15 01:57:00,476.249734517
2018-06-15 01:58:00,486.502212217
2018-06-15 01:59:00,476.249734517
2018-06-15 02:00:00,496.754689917
2018-06-15 02:01:00,486.502212217
2018-06-15 02:02:00,486.502212217
2018-06-15 02:03:00,486.502212217
2018-06-15 02:04:00,527.512123017
2018-06-15 02:05:00,527.512123017
2018-06-15 02:06:00,527.512123017
2018-06-15 02:07:00,507.007167617
2018-06-15 02:08:00,507.007167617
2018-06-15 02:09:00,507.007167617
2018-06-15 02:10:00,507.007167617
2018-06-15 02:11:00,507.007167617
2018-06-15 02:12:00,507.007167617
2018-06-15 02:13:00,527.512123017
2018-06-15 02:14:00,527.512123017
2018-06-15 02:15:00,527.512123017
2018-06-15 02:16:00,537.764600717
2018-06-15 02:17:00,548.017078417
2018-06-15 02:18:00,548.017078417
2018-06-15 02:19:00,589.026989217
2018-06-15 02:20:00,609.531944617
2018-06-15 02:21:00,609.531944617
2018-06-15 02:22:00,609.531944617
2018-06-15 02:23:00,609.531944617
2018-06-15 02:24:00,589.026989217
2018-06-15 02:25:00,589.026989217
2018-06-15 02:26:00,568.522033817
2018-06-15 02:27:00,568.522033817
2018-06-15 02:28:00,568.522033817
2018-06-15 02:29:00,568.522033817
2018-06-15 02:30:00,558.269556117
2018-06-15 02:31:00,507.007167617
2018-06-15 02:32:00,507.007167617
2018-06-15 02:33:00,507.007167617
2018-06-15 02:34:00,496.754689917
2018-06-15 02:35:00,507.007167617
2018-06-15 02:36:00,548.017078417
2018-06-15 02:37:00,548.017078417
2018-06-15 02:38:00,507.007167617
2018-06-15 02:39:00,507.007167617
2018-06-15 02:40:00,517.259645317
2018-06-15 02:41:00,527.512123017
2018-06-15 02:42:00,527.512123017
2018-06-15 02:43:00,507.007167617
2018-06-15 02:44:00,507.007167617
2018-06-15 02:45:00,507.007167617
2018-06-15 02:46:00,527.512123017
2018-06-15 02:47:00,527.512123017
2018-06-15 02:48:00,527.512123017
2018-06-15 02:49:00,527.512123017
2018-06-15 02:50:00,527.512123017
2018-06-15 02:51:00,527.512123017
2018-06-15 02:52:00,527.512123017
2018-06-15 02:53:00,527.512123017
2018-06-15 02:54:00,527.512123017
2018-06-15 02:55:00,527.512123017
2018-06-15 02:56:00,537.764600717
2018-06-15 02:57:00,527.512123017
2018-06-15 02:58:00,527.512123017
2018-06-15 02:59:00,548.017078417
2018-06-15 03:00:00,537.764600717
2018-06-15 03:01:00,537.764600717
2018-06-15 03:02:00,537.764600717
2018-06-15 03:03:00,527.512123017
2018-06-15 03:04:00,537.764600717
2018-06-15 03:05:00,537.764600717
2018-06-15 03:06:00,548.017078417
2018-06-15 03:07:00,548.017078417
2018-06-15 03:08:00,548.017078417
2018-06-15 03:09:00,548.017078417
2018-06-15 03:10:00,548.017078417
2018-06-15 03:11:00,548.017078417
2018-06-15 03:12:00,558.269556117
2018-06-15 03:13:00,548.017078417
2018-06-15 03:14:00,548.017078417
2018-06-15 03:15:00,548.017078417
2018-06-15 03:16:00,537.764600717
2018-06-15 03:17:00,548.017078417
2018-06-15 03:18:00,548.017078417
2018-06-15 03:19:00,548.017078417
2018-06-15 03:20:00,548.017078417
2018-06-15 03:21:00,548.017078417
2018-06-15 03:22:00,548.017078417
2018-06-15 03:23:00,548.017078417
2018-06-15 03:24:00,527.512123017
2018-06-15 03:25:00,527.512123017
2018-06-15 03:26:00,527.512123017
2018-06-15 03:27:00,527.512123017
2018-06-15 03:28:00,527.512123017
2018-06-15 03:29:00,548.017078417
2018-06-15 03:30:00,537.764600717
2018-06-15 03:31:00,548.017078417
2018-06-15 03:32:00,548.017078417
2018-06-15 03:33:00,537.764600717
2018-06-15 03:34:00,527.512123017
2018-06-15 03:35:00,527.512123017
2018-06-15 03:36:00,517.259645317
2018-06-15 03:37:00,507.007167617
2018-06-15 03:38:00,507.007167617
2018-06-15 03:39:00,507.007167617
2018-06-15 03:40:00,517.259645317
2018-06-15 03:41:00,527.512123017
2018-06-15 03:42:00,527.512123017
2018-06-15 03:43:00,517.259645317
2018-06-15 03:44:00,507.007167617
2018-06-15 03:45:00,496.754689917
2018-06-15 03:46:00,507.007167617
2018-06-15 03:47:00,507.007167617
2018-06-15 03:48:00,507.007167617
2018-06-15 03:49:00,507.007167617
2018-06-15 03:50:00,507.007167617
2018-06-15 03:51:00,507.007167617
2018-06-15 03:52:00,507.007167617
2018-06-15 03:53:00,507.007167617
2018-06-15 03:54:00,486.502212217
2018-06-15 03:55:00,486.502212217
2018-06-15 03:56:00,486.502212217
2018-06-15 03:57:00,486.502212217
2018-06-15 03:58:00,465.997256817
2018-06-15 03:59:00,465.997256817
2018-06-15 04:00:00,465.997256817
2018-06-15 04:01:00,465.997256817
2018-06-15 04:02:00,465.997256817
2018-06-15 04:03:00,465.997256817
2018-06-15 04:04:00,465.997256817
2018-06-15 04:05:00,445.492301417
2018-06-15 04:06:00,445.492301417
2018-06-15 04:07:00,424.987346017
2018-06-15 04:08:00,424.987346017
2018-06-15 04:09:00,404.482390617
2018-06-15 04:10:00,383.977435217
2018-06-15 04:11:00,383.977435217
2018-06-15 04:12:00,363.472479817
2018-06-15 04:13:00,363.472479817
2018-06-15 04:14:00,353.220002117
2018-06-15 04:15:00,363.472479817
2018-06-15 04:16:00,353.220002117
2018-06-15 04:17:00,363.472479817
2018-06-15 04:18:00,363.472479817
2018-06-15 04:19:00,363.472479817
2018-06-15 04:20:00,363.472479817
2018-06-15 04:21:00,363.472479817
2018-06-15 04:22:00,373.724957517
2018-06-15 04:23:00,363.472479817
2018-06-15 04:24:00,363.472479817
2018-06-15 04:25:00,363.472479817
2018-06-15 04:26:00,363.472479817
2018-06-15 04:27:00,373.724957517
2018-06-15 04:28:00,383.977435217
2018-06-15 04:29:00,383.977435217
2018-06-15 04:30:00,363.472479817
2018-06-15 04:31:00,383.977435217
2018-06-15 04:32:00,394.229912917
2018-06-15 04:33:00,394.229912917
2018-06-15 04:34:00,394.229912917
2018-06-15 04:35:00,394.229912917
2018-06-15 04:36:00,394.229912917
2018-06-15 04:37:00,394.229912917
2018-06-15 04:38:00,394.229912917
2018-06-15 04:39:00,394.229912917
2018-06-15 04:40:00,394.229912917
2018-06-15 04:41:00,394.229912917
2018-06-15 04:42:00,394.229912917
2018-06-15 04:43:00,394.229912917
2018-06-15 04:44:00,394.229912917
2018-06-15 04:45:00,394.229912917
2018-06-15 04:46:00,394.229912917
2018-06-15 04:47:00,414.734868317
2018-06-15 04:48:00,414.734868317
2018-06-15 04:49:00,404.482390617
2018-06-15 04:50:00,414.734868317
2018-06-15 04:51:00,424.987346017
2018-06-15 04:52:00,424.987346017
2018-06-15 04:53:00,424.987346017
2018-06-15 04:54:00,383.977435217
2018-06-15 04:55:00,383.977435217
2018-06-15 04:56:00,383.977435217
2018-06-15 04:57:00,383.977435217
2018-06-15 04:58:00,383.977435217
2018-06-15 04:59:00,353.220002117
2018-06-15 05:00:00,342.967524417
2018-06-15 05:01:00,332.715046717
2018-06-15 05:02:00,322.462569017
2018-06-15 05:03:00,322.462569017
2018-06-15 05:04:00,322.462569017
2018-06-15 05:05:00,322.462569017
2018-06-15 05:06:00,322.462569017
2018-06-15 05:07:00,322.462569017
2018-06-15 05:08:00,322.462569017
2018-06-15 05:09:00,353.220002117
2018-06-15 05:10:00,363.472479817
2018-06-15 05:11:00,363.472479817
2018-06-15 05:12:00,363.472479817
2018-06-15 05:13:00,363.472479817
2018-06-15 05:14:00,363.472479817
2018-06-15 05:15:00,363.472479817
2018-06-15 05:16:00,363.472479817
2018-06-15 05:17:00,373.724957517
2018-06-15 05:18:00,383.977435217
2018-06-15 05:19:00,404.482390617
2018-06-15 05:20:00,394.229912917
2018-06-15 05:21:00,394.229912917
2018-06-15 05:22:00,404.482390617
2018-06-15 05:23:00,414.734868317
2018-06-15 05:24:00,455.744779117
2018-06-15 05:25:00,445.492301417
2018-06-15 05:26:00,424.987346017
2018-06-15 05:27:00,342.967524417
2018-06-15 05:28:00,342.967524417
2018-06-15 05:29:00,342.967524417
2018-06-15 05:30:00,363.472479817
2018-06-15 05:31:00,373.724957517
2018-06-15 05:32:00,373.724957517
2018-06-15 05:33:00,373.724957517
2018-06-15 05:34:00,373.724957517
2018-06-15 05:35:00,353.220002117
2018-06-15 05:36:00,353.220002117
2018-06-15 05:37:00,383.977435217
2018-06-15 05:38:00,363.472479817
2018-06-15 05:39:00,373.724957517
2018-06-15 05:40:00,363.472479817
2018-06-15 05:41:00,363.472479817
2018-06-15 05:42:00,383.977435217
2018-06-15 05:43:00,363.472479817
2018-06-15 05:44:00,342.967524417
2018-06-15 05:45:00,383.977435217
2018-06-15 05:46:00,363.472479817
2018-06-15 05:47:00,363.472479817
2018-06-15 05:48:00,342.967524417
2018-06-15 05:49:00,342.967524417
2018-06-15 05:50:00,342.967524417
2018-06-15 05:51:00,363.472479817
2018-06-15 05:52:00,342.967524417
2018-06-15 05:53:00,342.967524417
2018-06-15 05:54:00,342.967524417
2018-06-15 05:55:00,342.967524417
2018-06-15 05:56:00,363.472479817
2018-06-15 05:57:00,363.472479817
2018-06-15 05:58:00,363.472479817
2018-06-15 05:59:00,363.472479817
2018-06-15 06:00:00,363.472479817
2018-06-15 06:01:00,383.977435217
2018-06-15 06:02:00,363.472479817
2018-06-15 06:03:00,363.472479817
2018-06-15 06:04:00,363.472479817
2018-06-15 06:05:00,363.472479817
2018-06-15 06:06:00,363.472479817
2018-06-15 06:07:00,363.472479817
2018-06-15 06:08:00,363.472479817
2018-06-15 06:09:00,363.472479817
2018-06-15 06:10:00,363.472479817
2018-06-15 06:11:00,363.472479817
2018-06-15 06:12:00,363.472479817
2018-06-15 06:13:00,363.472479817
2018-06-15 06:14:00,363.472479817
2018-06-15 06:15:00,363.472479817
2018-06-15 06:16:00,363.472479817
2018-06-15 06:17:00,363.472479817
2018-06-15 06:18:00,363.472479817
2018-06-15 06:19:00,363.472479817
2018-06-15 06:20:00,363.472479817
2018-06-15 06:21:00,363.472479817
2018-06-15 06:22:00,363.472479817
2018-06-15 06:23:00,363.472479817
2018-06-15 06:24:00,363.472479817
2018-06-15 06:25:00,363.472479817
2018-06-15 06:26:00,363.472479817
2018-06-15 06:27:00,363.472479817
2018-06-15 06:28:00,363.472479817
2018-06-15 06:29:00,363.472479817
2018-06-15 06:30:00,363.472479817
2018-06-15 06:31:00,363.472479817
2018-06-15 06:32:00,363.472479817
2018-06-15 06:33:00,363.472479817
2018-06-15 06:34:00,342.967524417
2018-06-15 06:35:00,342.967524417
2018-06-15 06:36:00,342.967524417
2018-06-15 06:37:00,342.967524417
2018-06-15 06:38:00,322.462569017
2018-06-15 06:39:00,322.462569017
2018-06-15 06:40:00,322.462569017
2018-06-15 06:41:00,322.462569017
2018-06-15 06:42:00,322.462569017
2018-06-15 06:43:00,322.462569017
2018-06-15 06:44:00,322.462569017
2018-06-15 06:45:00,322.462569017
2018-06-15 06:46:00,332.715046717
2018-06-15 06:47:00,332.715046717
2018-06-15 06:48:00,332.715046717
2018-06-15 06:49:00,322.462569017
2018-06-15 06:50:00,322.462569017
2018-06-15 06:51:00,322.462569017
2018-06-15 06:52:00,322.462569017
2018-06-15 06:53:00,322.462569017
2018-06-15 06:54:00,301.957613617
2018-06-15 06:55:00,301.957613617
2018-06-15 06:56:00,301.957613617
2018-06-15 06:57:00,301.957613617
2018-06-15 06:58:00,301.957613617
2018-06-15 06:59:00,322.462569017
2018-06-15 07:00:00,322.462569017
2018-06-15 07:01:00,322.462569017
2018-06-15 07:02:00,322.462569017
2018-06-15 07:03:00,322.462569017
2018-06-15 07:04:00,322.462569017
2018-06-15 07:05:00,332.715046717
2018-06-15 07:06:00,342.967524417
2018-06-15 07:07:00,342.967524417
2018-06-15 07:08:00,342.967524417
2018-06-15 07:09:00,363.472479817
2018-06-15 07:10:00,363.472479817
2018-06-15 07:11:00,353.220002117
2018-06-15 07:12:00,363.472479817
2018-06-15 07:13:00,363.472479817
2018-06-15 07:14:00,353.220002117
2018-06-15 07:15:00,353.220002117
2018-06-15 07:16:00,363.472479817
2018-06-15 07:17:00,363.472479817
2018-06-15 07:18:00,363.472479817
2018-06-15 07:19:00,363.472479817
2018-06-15 07:20:00,363.472479817
2018-06-15 07:21:00,363.472479817
2018-06-15 07:22:00,363.472479817
2018-06-15 07:23:00,363.472479817
2018-06-15 07:24:00,383.977435217
2018-06-15 07:25:00,383.977435217
2018-06-15 07:26:00,383.977435217
2018-06-15 07:27:00,394.229912917
2018-06-15 07:28:00,394.229912917
2018-06-15 07:29:00,394.229912917
2018-06-15 07:30:00,404.482390617
2018-06-15 07:31:00,414.734868317
2018-06-15 07:32:00,414.734868317
2018-06-15 07:33:00,414.734868317
2018-06-15 07:34:00,404.482390617
2018-06-15 07:35:00,424.987346017
2018-06-15 07:36:00,424.987346017
2018-06-15 07:37:00,424.987346017
2018-06-15 07:38:00,404.482390617
2018-06-15 07:39:00,404.482390617
2018-06-15 07:40:00,424.987346017
2018-06-15 07:41:00,424.987346017
2018-06-15 07:42:00,424.987346017
2018-06-15 07:43:00,424.987346017
2018-06-15 07:44:00,424.987346017
2018-06-15 07:45:00,424.987346017
2018-06-15 07:46:00,445.492301417
2018-06-15 07:47:00,424.987346017
2018-06-15 07:48:00,424.987346017
2018-06-15 07:49:00,435.239823717
2018-06-15 07:50:00,424.987346017
2018-06-15 07:51:00,414.734868317
2018-06-15 07:52:00,414.734868317
2018-06-15 07:53:00,414.734868317
2018-06-15 07:54:00,414.734868317
2018-06-15 07:55:00,414.734868317
2018-06-15 07:56:00,414.734868317
2018-06-15 07:57:00,414.734868317
2018-06-15 07:58:00,414.734868317
2018-06-15 07:59:00,424.987346017
2018-06-15 08:00:00,424.987346017
2018-06-15 08:01:00,424.987346017
2018-06-15 08:02:00,424.987346017
2018-06-15 08:03:00,404.482390617
2018-06-15 08:04:00,414.734868317
2018-06-15 08:05:00,424.987346017
2018-06-15 08:06:00,424.987346017
2018-06-15 08:07:00,424.987346017
2018-06-15 08:08:00,424.987346017
2018-06-15 08:09:00,424.987346017
2018-06-15 08:10:00,424.987346017
2018-06-15 08:11:00,424.987346017
2018-06-15 08:12:00,445.492301417
2018-06-15 08:13:00,424.987346017
2018-06-15 08:14:00,404.482390617
2018-06-15 08:15:00,414.734868317
2018-06-15 08:16:00,404.482390617
2018-06-15 08:17:00,404.482390617
2018-06-15 08:18:00,424.987346017
2018-06-15 08:19:00,424.987346017
2018-06-15 08:20:00,435.239823717
2018-06-15 08:21:00,435.239823717
2018-06-15 08:22:00,435.239823717
2018-06-15 08:23:00,424.987346017
2018-06-15 08:24:00,424.987346017
2018-06-15 08:25:00,424.987346017
2018-06-15 08:26:00,424.987346017
2018-06-15 08:27:00,404.482390617
2018-06-15 08:28:00,404.482390617
2018-06-15 08:29:00,404.482390617
2018-06-15 08:30:00,404.482390617
2018-06-15 08:31:00,404.482390617
2018-06-15 08:32:00,404.482390617
2018-06-15 08:33:00,404.482390617
2018-06-15 08:34:00,404.482390617
2018-06-15 08:35:00,445.492301417
2018-06-15 08:36:00,424.987346017
2018-06-15 08:37:00,404.482390617
2018-06-15 08:38:00,424.987346017
2018-06-15 08:39:00,424.987346017
2018-06-15 08:40:00,424.987346017
2018-06-15 08:41:00,424.987346017
2018-06-15 08:42:00,424.987346017
2018-06-15 08:43:00,424.987346017
2018-06-15 08:44:00,424.987346017
2018-06-15 08:45:00,424.987346017
2018-06-15 08:46:00,424.987346017
2018-06-15 08:47:00,424.987346017
2018-06-15 08:48:00,424.987346017
2018-06-15 08:49:00,424.987346017
2018-06-15 08:50:00,424.987346017
2018-06-15 08:51:00,445.492301417
2018-06-15 08:52:00,445.492301417
2018-06-15 08:53:00,445.492301417
2018-06-15 08:54:00,455.744779117
2018-06-15 08:55:00,465.997256817
2018-06-15 08:56:00,476.249734517
2018-06-15 08:57:00,465.997256817
2018-06-15 08:58:00,476.249734517
2018-06-15 08:59:00,476.249734517
2018-06-15 09:00:00,496.754689917
2018-06-15 09:01:00,486.502212217
2018-06-15 09:02:00,486.502212217
2018-06-15 09:03:00,486.502212217
2018-06-15 09:04:00,486.502212217
2018-06-15 09:05:00,486.502212217
2018-06-15 09:06:00,486.502212217
2018-06-15 09:07:00,486.502212217
2018-06-15 09:08:00,486.502212217
2018-06-15 09:09:00,486.502212217
2018-06-15 09:10:00,486.502212217
2018-06-15 09:11:00,496.754689917
2018-06-15 09:12:00,496.754689917
2018-06-15 09:13:00,507.007167617
2018-06-15 09:14:00,507.007167617
2018-06-15 09:15:00,527.512123017
2018-06-15 09:16:00,527.512123017
2018-06-15 09:17:00,527.512123017
2018-06-15 09:18:00,527.512123017
2018-06-15 09:19:00,527.512123017
2018-06-15 09:20:00,507.007167617
2018-06-15 09:21:00,507.007167617
2018-06-15 09:22:00,507.007167617
2018-06-15 09:23:00,507.007167617
2018-06-15 09:24:00,507.007167617
2018-06-15 09:25:00,507.007167617
2018-06-15 09:26:00,486.502212217
2018-06-15 09:27:00,486.502212217
2018-06-15 09:28:00,486.502212217
2018-06-15 09:29:00,476.249734517
2018-06-15 09:30:00,496.754689917
2018-06-15 09:31:00,507.007167617
2018-06-15 09:32:00,507.007167617
2018-06-15 09:33:00,507.007167617
2018-06-15 09:34:00,507.007167617
2018-06-15 09:35:00,507.007167617
2018-06-15 09:36:00,496.754689917
2018-06-15 09:37:00,507.007167617
2018-06-15 09:38:00,507.007167617
2018-06-15 09:39:00,507.007167617
2018-06-15 09:40:00,507.007167617
2018-06-15 09:41:00,507.007167617
2018-06-15 09:42:00,507.007167617
2018-06-15 09:43:00,507.007167617
2018-06-15 09:44:00,486.502212217
2018-06-15 09:45:00,465.997256817
2018-06-15 09:46:00,465.997256817
2018-06-15 09:47:00,465.997256817
2018-06-15 09:48:00,465.997256817
2018-06-15 09:49:00,465.997256817
2018-06-15 09:50:00,455.744779117
2018-06-15 09:51:00,455.744779117
2018-06-15 09:52:00,445.492301417
2018-06-15 09:53:00,455.744779117
2018-06-15 09:54:00,445.492301417
2018-06-15 09:55:00,455.744779117
2018-06-15 09:56:00,465.997256817
2018-06-15 09:57:00,465.997256817
2018-06-15 09:58:00,445.492301417
2018-06-15 09:59:00,445.492301417
2018-06-15 10:00:00,445.492301417
2018-06-15 10:01:00,445.492301417
2018-06-15 10:02:00,445.492301417
2018-06-15 10:03:00,445.492301417
2018-06-15 10:04:00,445.492301417
2018-06-15 10:05:00,445.492301417
2018-06-15 10:06:00,445.492301417
2018-06-15 10:07:00,445.492301417
2018-06-15 10:08:00,445.492301417
2018-06-15 10:09:00,445.492301417
2018-06-15 10:10:00,445.492301417
2018-06-15 10:11:00,445.492301417
2018-06-15 10:12:00,445.492301417
2018-06-15 10:13:00,455.744779117
2018-06-15 10:14:00,445.492301417
2018-06-15 10:15:00,445.492301417
2018-06-15 10:16:00,445.492301417
2018-06-15 10:17:00,465.997256817
2018-06-15 10:18:00,445.492301417
2018-06-15 10:19:00,445.492301417
2018-06-15 10:20:00,445.492301417
2018-06-15 10:21:00,445.492301417
2018-06-15 10:22:00,445.492301417
2018-06-15 10:23:00,445.492301417
2018-06-15 10:24:00,455.744779117
2018-06-15 10:25:00,445.492301417
2018-06-15 10:26:00,445.492301417
2018-06-15 10:27:00,445.492301417
2018-06-15 10:28:00,445.492301417
2018-06-15 10:29:00,445.492301417
2018-06-15 10:30:00,445.492301417
2018-06-15 10:31:00,445.492301417
2018-06-15 10:32:00,445.492301417
2018-06-15 10:33:00,445.492301417
2018-06-15 10:34:00,455.744779117
2018-06-15 10:35:00,455.744779117
2018-06-15 10:36:00,455.744779117
2018-06-15 10:37:00,445.492301417
2018-06-15 10:38:00,445.492301417
2018-06-15 10:39:00,455.744779117
2018-06-15 10:40:00,424.987346017
2018-06-15 10:41:00,414.734868317
2018-06-15 10:42:00,404.482390617
2018-06-15 10:43:00,404.482390617
2018-06-15 10:44:00,404.482390617
2018-06-15 10:45:00,404.482390617
2018-06-15 10:46:00,424.987346017
2018-06-15 10:47:00,424.987346017
2018-06-15 10:48:00,404.482390617
2018-06-15 10:49:00,404.482390617
2018-06-15 10:50:00,404.482390617
2018-06-15 10:51:00,404.482390617
2018-06-15 10:52:00,404.482390617
2018-06-15 10:53:00,404.482390617
2018-06-15 10:54:00,404.482390617
2018-06-15 10:55:00,404.482390617
2018-06-15 10:56:00,404.482390617
2018-06-15 10:57:00,404.482390617
2018-06-15 10:58:00,404.482390617
2018-06-15 10:59:00,404.482390617
2018-06-15 11:00:00,404.482390617
2018-06-15 11:01:00,424.987346017
2018-06-15 11:02:00,424.987346017
2018-06-15 11:03:00,445.492301417
2018-06-15 11:04:00,455.744779117
2018-06-15 11:05:00,445.492301417
2018-06-15 11:06:00,455.744779117
2018-06-15 11:07:00,445.492301417
2018-06-15 11:08:00,445.492301417
2018-06-15 11:09:00,424.987346017
2018-06-15 11:10:00,455.744779117
2018-06-15 11:11:00,455.744779117
2018-06-15 11:12:00,455.744779117
2018-06-15 11:13:00,455.744779117
2018-06-15 11:14:00,455.744779117
2018-06-15 11:15:00,455.744779117
2018-06-15 11:16:00,455.744779117
2018-06-15 11:17:00,445.492301417
2018-06-15 11:18:00,445.492301417
2018-06-15 11:19:00,455.744779117
2018-06-15 11:20:00,455.744779117
2018-06-15 11:21:00,455.744779117
2018-06-15 11:22:00,455.744779117
2018-06-15 11:23:00,455.744779117
2018-06-15 11:24:00,455.744779117
2018-06-15 11:25:00,465.997256817
2018-06-15 11:26:00,476.249734517
2018-06-15 11:27:00,476.249734517
2018-06-15 11:28:00,486.502212217
2018-06-15 11:29:00,496.754689917
2018-06-15 11:30:00,486.502212217
2018-06-15 11:31:00,486.502212217
2018-06-15 11:32:00,496.754689917
2018-06-15 11:33:00,496.754689917
2018-06-15 11:34:00,496.754689917
2018-06-15 11:35:00,496.754689917
2018-06-15 11:36:00,476.249734517
2018-06-15 11:37:00,476.249734517
2018-06-15 11:38:00,476.249734517
2018-06-15 11:39:00,476.249734517
2018-06-15 11:40:00,476.249734517
2018-06-15 11:41:00,465.997256817
2018-06-15 11:42:00,465.997256817
2018-06-15 11:43:00,465.997256817
2018-06-15 11:44:00,465.997256817
2018-06-15 11:45:00,476.249734517
2018-06-15 11:46:00,476.249734517
2018-06-15 11:47:00,476.249734517
2018-06-15 11:48:00,465.997256817
2018-06-15 11:49:00,465.997256817
2018-06-15 11:50:00,465.997256817
2018-06-15 11:51:00,465.997256817
2018-06-15 11:52:00,465.997256817
2018-06-15 11:53:00,465.997256817
2018-06-15 11:54:00,465.997256817
2018-06-15 11:55:00,465.997256817
2018-06-15 11:56:00,465.997256817
2018-06-15 11:57:00,465.997256817
2018-06-15 11:58:00,465.997256817
2018-06-15 11:59:00,465.997256817
2018-06-18 01:29:00,560.345221036
2018-06-18 01:30:00,560.345221036
2018-06-18 01:31:00,560.345221036
2018-06-18 01:32:00,560.345221036
2018-06-18 01:33:00,560.345221036
2018-06-18 01:34:00,497.445957136
2018-06-18 01:35:00,497.445957136
2018-06-18 01:36:00,497.445957136
2018-06-18 01:37:00,497.445957136
2018-06-18 01:38:00,497.445957136
2018-06-18 01:39:00,497.445957136
2018-06-18 01:40:00,497.445957136
2018-06-18 01:41:00,497.445957136
2018-06-18 01:42:00,497.445957136
2018-06-18 01:43:00,497.445957136
2018-06-18 01:44:00,497.445957136
2018-06-18 01:45:00,497.445957136
2018-06-18 01:46:00,497.445957136
2018-06-18 01:47:00,497.445957136
2018-06-18 01:48:00,497.445957136
2018-06-18 01:49:00,497.445957136
2018-06-18 01:50:00,497.445957136
2018-06-18 01:51:00,497.445957136
2018-06-18 01:52:00,497.445957136
2018-06-18 01:53:00,497.445957136
2018-06-18 01:54:00,497.445957136
2018-06-18 01:55:00,497.445957136
2018-06-18 01:56:00,497.445957136
2018-06-18 01:57:00,476.479535836
2018-06-18 01:58:00,476.479535836
2018-06-18 01:59:00,497.445957136
2018-06-18 02:00:00,476.479535836
2018-06-18 02:01:00,476.479535836
2018-06-18 02:02:00,476.479535836
2018-06-18 02:03:00,476.479535836
2018-06-18 02:04:00,476.479535836
2018-06-18 02:05:00,476.479535836
2018-06-18 02:06:00,476.479535836
2018-06-18 02:07:00,476.479535836
2018-06-18 02:08:00,476.479535836
2018-06-18 02:09:00,507.929167786
2018-06-18 02:10:00,497.445957136
2018-06-18 02:11:00,497.445957136
2018-06-18 02:12:00,497.445957136
2018-06-18 02:13:00,497.445957136
2018-06-18 02:14:00,497.445957136
2018-06-18 02:15:00,497.445957136
2018-06-18 02:16:00,497.445957136
2018-06-18 02:17:00,518.412378436
2018-06-18 02:18:00,497.445957136
2018-06-18 02:19:00,486.962746486
2018-06-18 02:20:00,486.962746486
2018-06-18 02:21:00,465.996325186
2018-06-18 02:22:00,465.996325186
2018-06-18 02:23:00,486.962746486
2018-06-18 02:24:00,465.996325186
2018-06-18 02:25:00,465.996325186
2018-06-18 02:26:00,465.996325186
2018-06-18 02:27:00,465.996325186
2018-06-18 02:28:00,465.996325186
2018-06-18 02:29:00,486.962746486
2018-06-18 02:30:00,486.962746486
2018-06-18 02:31:00,486.962746486
2018-06-18 02:32:00,486.962746486
2018-06-18 02:33:00,486.962746486
2018-06-18 02:34:00,507.929167786
2018-06-18 02:35:00,507.929167786
2018-06-18 02:36:00,507.929167786
2018-06-18 02:37:00,507.929167786
2018-06-18 02:38:00,507.929167786
2018-06-18 02:39:00,486.962746486
2018-06-18 02:40:00,486.962746486
2018-06-18 02:41:00,486.962746486
2018-06-18 02:42:00,486.962746486
2018-06-18 02:43:00,507.929167786
2018-06-18 02:44:00,486.962746486
2018-06-18 02:45:00,486.962746486
2018-06-18 02:46:00,486.962746486
2018-06-18 02:47:00,507.929167786
2018-06-18 02:48:00,528.895589086
2018-06-18 02:49:00,518.412378436
2018-06-18 02:50:00,528.895589086
2018-06-18 02:51:00,528.895589086
2018-06-18 02:52:00,528.895589086
2018-06-18 02:53:00,528.895589086
2018-06-18 02:54:00,528.895589086
2018-06-18 02:55:00,570.828431686
2018-06-18 02:56:00,570.828431686
2018-06-18 02:57:00,570.828431686
2018-06-18 02:58:00,560.345221036
2018-06-18 02:59:00,570.828431686
2018-06-18 03:00:00,570.828431686
2018-06-18 03:01:00,570.828431686
2018-06-18 03:02:00,570.828431686
2018-06-18 03:03:00,570.828431686
2018-06-18 03:04:00,528.895589086
2018-06-18 03:05:00,528.895589086
2018-06-18 03:06:00,539.378799736
2018-06-18 03:07:00,528.895589086
2018-06-18 03:08:00,528.895589086
2018-06-18 03:09:00,528.895589086
2018-06-18 03:10:00,528.895589086
2018-06-18 03:11:00,528.895589086
2018-06-18 03:12:00,528.895589086
2018-06-18 03:13:00,528.895589086
2018-06-18 03:14:00,528.895589086
2018-06-18 03:15:00,528.895589086
2018-06-18 03:16:00,486.962746486
2018-06-18 03:17:00,497.445957136
2018-06-18 03:18:00,497.445957136
2018-06-18 03:19:00,507.929167786
2018-06-18 03:20:00,497.445957136
2018-06-18 03:21:00,507.929167786
2018-06-18 03:22:00,507.929167786
2018-06-18 03:23:00,507.929167786
2018-06-18 03:24:00,486.962746486
2018-06-18 03:25:00,486.962746486
2018-06-18 03:26:00,528.895589086
2018-06-18 03:27:00,528.895589086
2018-06-18 03:28:00,528.895589086
2018-06-18 03:29:00,528.895589086
2018-06-18 03:30:00,528.895589086
2018-06-18 03:31:00,528.895589086
2018-06-18 03:32:00,528.895589086
2018-06-18 03:33:00,528.895589086
2018-06-18 03:34:00,528.895589086
2018-06-18 03:35:00,549.862010386
2018-06-18 03:36:00,549.862010386
2018-06-18 03:37:00,549.862010386
2018-06-18 03:38:00,549.862010386
2018-06-18 03:39:00,549.862010386
2018-06-18 03:40:00,549.862010386
2018-06-18 03:41:00,549.862010386
2018-06-18 03:42:00,549.862010386
2018-06-18 03:43:00,549.862010386
2018-06-18 03:44:00,549.862010386
2018-06-18 03:45:00,549.862010386
2018-06-18 03:46:00,549.862010386
2018-06-18 03:47:00,528.895589086
2018-06-18 03:48:00,528.895589086
2018-06-18 03:49:00,528.895589086
2018-06-18 03:50:00,528.895589086
2018-06-18 03:51:00,528.895589086
2018-06-18 03:52:00,528.895589086
2018-06-18 03:53:00,528.895589086
2018-06-18 03:54:00,528.895589086
2018-06-18 03:55:00,528.895589086
2018-06-18 03:56:00,528.895589086
2018-06-18 03:57:00,528.895589086
2018-06-18 03:58:00,528.895589086
2018-06-18 03:59:00,528.895589086
2018-06-18 04:00:00,528.895589086
2018-06-18 04:01:00,528.895589086
2018-06-18 04:02:00,528.895589086
2018-06-18 04:03:00,528.895589086
2018-06-18 04:04:00,528.895589086
2018-06-18 04:05:00,528.895589086
2018-06-18 04:06:00,528.895589086
2018-06-18 04:07:00,528.895589086
2018-06-18 04:08:00,528.895589086
2018-06-18 04:09:00,528.895589086
2018-06-18 04:10:00,528.895589086
2018-06-18 04:11:00,528.895589086
2018-06-18 04:12:00,528.895589086
2018-06-18 04:13:00,528.895589086
2018-06-18 04:14:00,528.895589086
2018-06-18 04:15:00,528.895589086
2018-06-18 04:16:00,528.895589086
2018-06-18 04:17:00,528.895589086
2018-06-18 04:18:00,528.895589086
2018-06-18 04:19:00,528.895589086
2018-06-18 04:20:00,528.895589086
2018-06-18 04:21:00,528.895589086
2018-06-18 04:22:00,528.895589086
2018-06-18 04:23:00,528.895589086
2018-06-18 04:24:00,528.895589086
2018-06-18 04:25:00,528.895589086
2018-06-18 04:26:00,528.895589086
2018-06-18 04:27:00,528.895589086
2018-06-18 04:28:00,528.895589086
2018-06-18 04:29:00,528.895589086
2018-06-18 04:30:00,528.895589086
2018-06-18 04:31:00,528.895589086
2018-06-18 04:32:00,528.895589086
2018-06-18 04:33:00,528.895589086
2018-06-18 04:34:00,528.895589086
2018-06-18 04:35:00,528.895589086
2018-06-18 04:36:00,528.895589086
2018-06-18 04:37:00,528.895589086
2018-06-18 04:38:00,549.862010386
2018-06-18 04:39:00,549.862010386
2018-06-18 04:40:00,549.862010386
2018-06-18 04:41:00,549.862010386
2018-06-18 04:42:00,549.862010386
2018-06-18 04:43:00,528.895589086
2018-06-18 04:44:00,528.895589086
2018-06-18 04:45:00,528.895589086
2018-06-18 04:46:00,528.895589086
2018-06-18 04:47:00,549.862010386
2018-06-18 04:48:00,549.862010386
2018-06-18 04:49:00,549.862010386
2018-06-18 04:50:00,528.895589086
2018-06-18 04:51:00,549.862010386
2018-06-18 04:52:00,528.895589086
2018-06-18 04:53:00,528.895589086
2018-06-18 04:54:00,528.895589086
2018-06-18 04:55:00,528.895589086
2018-06-18 04:56:00,549.862010386
2018-06-18 04:57:00,549.862010386
2018-06-18 04:58:00,539.378799736
2018-06-18 04:59:00,549.862010386
2018-06-18 05:00:00,549.862010386
2018-06-18 05:01:00,549.862010386
2018-06-18 05:02:00,549.862010386
2018-06-18 05:03:00,539.378799736
2018-06-18 05:04:00,539.378799736
2018-06-18 05:05:00,528.895589086
2018-06-18 05:06:00,528.895589086
2018-06-18 05:07:00,528.895589086
2018-06-18 05:08:00,528.895589086
2018-06-18 05:09:00,528.895589086
2018-06-18 05:10:00,528.895589086
2018-06-18 05:11:00,528.895589086
2018-06-18 05:12:00,528.895589086
2018-06-18 05:13:00,528.895589086
2018-06-18 05:14:00,528.895589086
2018-06-18 05:15:00,528.895589086
2018-06-18 05:16:00,528.895589086
2018-06-18 05:17:00,528.895589086
2018-06-18 05:18:00,539.378799736
2018-06-18 05:19:00,539.378799736
2018-06-18 05:20:00,528.895589086
2018-06-18 05:21:00,539.378799736
2018-06-18 05:22:00,539.378799736
2018-06-18 05:23:00,549.862010386
2018-06-18 05:24:00,539.378799736
2018-06-18 05:25:00,539.378799736
2018-06-18 05:26:00,539.378799736
2018-06-18 05:27:00,539.378799736
2018-06-18 05:28:00,549.862010386
2018-06-18 05:29:00,549.862010386
2018-06-18 05:30:00,539.378799736
2018-06-18 05:31:00,539.378799736
2018-06-18 05:32:00,539.378799736
2018-06-18 05:33:00,539.378799736
2018-06-18 05:34:00,549.862010386
2018-06-18 05:35:00,539.378799736
2018-06-18 05:36:00,560.345221036
2018-06-18 05:37:00,560.345221036
2018-06-18 05:38:00,560.345221036
2018-06-18 05:39:00,539.378799736
2018-06-18 05:40:00,539.378799736
2018-06-18 05:41:00,539.378799736
2018-06-18 05:42:00,539.378799736
2018-06-18 05:43:00,549.862010386
2018-06-18 05:44:00,549.862010386
2018-06-18 05:45:00,549.862010386
2018-06-18 05:46:00,560.345221036
2018-06-18 05:47:00,549.862010386
2018-06-18 05:48:00,549.862010386
2018-06-18 05:49:00,549.862010386
2018-06-18 05:50:00,549.862010386
2018-06-18 05:51:00,549.862010386
2018-06-18 05:52:00,539.378799736
2018-06-18 05:53:00,539.378799736
2018-06-18 05:54:00,539.378799736
2018-06-18 05:55:00,539.378799736
2018-06-18 05:56:00,539.378799736
2018-06-18 05:57:00,549.862010386
2018-06-18 05:58:00,549.862010386
2018-06-18 05:59:00,549.862010386
2018-06-18 06:00:00,549.862010386
2018-06-18 06:01:00,549.862010386
2018-06-18 06:02:00,549.862010386
2018-06-18 06:03:00,549.862010386
2018-06-18 06:04:00,549.862010386
2018-06-18 06:05:00,549.862010386
2018-06-18 06:06:00,549.862010386
2018-06-18 06:07:00,549.862010386
2018-06-18 06:08:00,549.862010386
2018-06-18 06:09:00,549.862010386
2018-06-18 06:10:00,549.862010386
2018-06-18 06:11:00,549.862010386
2018-06-18 06:12:00,549.862010386
2018-06-18 06:13:00,549.862010386
2018-06-18 06:14:00,549.862010386
2018-06-18 06:15:00,549.862010386
2018-06-18 06:16:00,528.895589086
2018-06-18 06:17:00,528.895589086
2018-06-18 06:18:00,528.895589086
2018-06-18 06:19:00,528.895589086
2018-06-18 06:20:00,528.895589086
2018-06-18 06:21:00,539.378799736
2018-06-18 06:22:00,539.378799736
2018-06-18 06:23:00,539.378799736
2018-06-18 06:24:00,528.895589086
2018-06-18 06:25:00,539.378799736
2018-06-18 06:26:00,539.378799736
2018-06-18 06:27:00,549.862010386
2018-06-18 06:28:00,539.378799736
2018-06-18 06:29:00,549.862010386
2018-06-18 06:30:00,549.862010386
2018-06-18 06:31:00,539.378799736
2018-06-18 06:32:00,539.378799736
2018-06-18 06:33:00,539.378799736
2018-06-18 06:34:00,539.378799736
2018-06-18 06:35:00,539.378799736
2018-06-18 06:36:00,539.378799736
2018-06-18 06:37:00,528.895589086
2018-06-18 06:38:00,528.895589086
2018-06-18 06:39:00,528.895589086
2018-06-18 06:40:00,528.895589086
2018-06-18 06:41:00,528.895589086
2018-06-18 06:42:00,528.895589086
2018-06-18 06:43:00,528.895589086
2018-06-18 06:44:00,528.895589086
2018-06-18 06:45:00,528.895589086
2018-06-18 06:46:00,528.895589086
2018-06-18 06:47:00,528.895589086
2018-06-18 06:48:00,528.895589086
2018-06-18 06:49:00,528.895589086
2018-06-18 06:50:00,528.895589086
2018-06-18 06:51:00,528.895589086
2018-06-18 06:52:00,528.895589086
2018-06-18 06:53:00,528.895589086
2018-06-18 06:54:00,528.895589086
2018-06-18 06:55:00,528.895589086
2018-06-18 06:56:00,528.895589086
2018-06-18 06:57:00,528.895589086
2018-06-18 06:58:00,518.412378436
2018-06-18 06:59:00,528.895589086
2018-06-18 07:00:00,518.412378436
2018-06-18 07:01:00,528.895589086
2018-06-18 07:02:00,560.345221036
2018-06-18 07:03:00,560.345221036
2018-06-18 07:04:00,549.862010386
2018-06-18 07:05:00,549.862010386
2018-06-18 07:06:00,549.862010386
2018-06-18 07:07:00,549.862010386
2018-06-18 07:08:00,549.862010386
2018-06-18 07:09:00,549.862010386
2018-06-18 07:10:00,549.862010386
2018-06-18 07:11:00,549.862010386
2018-06-18 07:12:00,549.862010386
2018-06-18 07:13:00,549.862010386
2018-06-18 07:14:00,549.862010386
2018-06-18 07:15:00,549.862010386
2018-06-18 07:16:00,549.862010386
2018-06-18 07:17:00,549.862010386
2018-06-18 07:18:00,549.862010386
2018-06-18 07:19:00,560.345221036
2018-06-18 07:20:00,549.862010386
2018-06-18 07:21:00,549.862010386
2018-06-18 07:22:00,549.862010386
2018-06-18 07:23:00,549.862010386
2018-06-18 07:24:00,549.862010386
2018-06-18 07:25:00,549.862010386
2018-06-18 07:26:00,549.862010386
2018-06-18 07:27:00,549.862010386
2018-06-18 07:28:00,560.345221036
2018-06-18 07:29:00,560.345221036
2018-06-18 07:30:00,560.345221036
2018-06-18 07:31:00,560.345221036
2018-06-18 07:32:00,560.345221036
2018-06-18 07:33:00,560.345221036
2018-06-18 07:34:00,560.345221036
2018-06-18 07:35:00,570.828431686
2018-06-18 07:36:00,581.311642336
2018-06-18 07:37:00,581.311642336
2018-06-18 07:38:00,581.311642336
2018-06-18 07:39:00,549.862010386
2018-06-18 07:40:00,560.345221036
2018-06-18 07:41:00,445.029903886
2018-06-18 07:42:00,434.546693236
2018-06-18 07:43:00,413.580271936
2018-06-18 07:44:00,403.097061286
2018-06-18 07:45:00,403.097061286
2018-06-18 07:46:00,403.097061286
2018-06-18 07:47:00,403.097061286
2018-06-18 07:48:00,382.130639986
2018-06-18 07:49:00,403.097061286
2018-06-18 07:50:00,403.097061286
2018-06-18 07:51:00,403.097061286
2018-06-18 07:52:00,413.580271936
2018-06-18 07:53:00,403.097061286
2018-06-18 07:54:00,403.097061286
2018-06-18 07:55:00,403.097061286
2018-06-18 07:56:00,403.097061286
2018-06-18 07:57:00,413.580271936
2018-06-18 07:58:00,445.029903886
2018-06-18 07:59:00,455.513114536
2018-06-18 08:00:00,455.513114536
2018-06-18 08:01:00,455.513114536
2018-06-18 08:02:00,455.513114536
2018-06-18 08:03:00,455.513114536
2018-06-18 08:04:00,455.513114536
2018-06-18 08:05:00,465.996325186
2018-06-18 08:06:00,465.996325186
2018-06-18 08:07:00,445.029903886
2018-06-18 08:08:00,445.029903886
2018-06-18 08:09:00,424.063482586
2018-06-18 08:10:00,424.063482586
2018-06-18 08:11:00,445.029903886
2018-06-18 08:12:00,445.029903886
2018-06-18 08:13:00,445.029903886
2018-06-18 08:14:00,445.029903886
2018-06-18 08:15:00,445.029903886
2018-06-18 08:16:00,445.029903886
2018-06-18 08:17:00,445.029903886
2018-06-18 08:18:00,434.546693236
2018-06-18 08:19:00,434.546693236
2018-06-18 08:20:00,434.546693236
2018-06-18 08:21:00,445.029903886
2018-06-18 08:22:00,445.029903886
2018-06-18 08:23:00,445.029903886
2018-06-18 08:24:00,424.063482586
2018-06-18 08:25:00,392.613850636
2018-06-18 08:26:00,392.613850636
2018-06-18 08:27:00,392.613850636
2018-06-18 08:28:00,392.613850636
2018-06-18 08:29:00,392.613850636
2018-06-18 08:30:00,392.613850636
2018-06-18 08:31:00,392.613850636
2018-06-18 08:32:00,392.613850636
2018-06-18 08:33:00,382.130639986
2018-06-18 08:34:00,392.613850636
2018-06-18 08:35:00,392.613850636
2018-06-18 08:36:00,403.097061286
2018-06-18 08:37:00,403.097061286
2018-06-18 08:38:00,403.097061286
2018-06-18 08:39:00,403.097061286
2018-06-18 08:40:00,403.097061286
2018-06-18 08:41:00,403.097061286
2018-06-18 08:42:00,403.097061286
2018-06-18 08:43:00,403.097061286
2018-06-18 08:44:00,403.097061286
2018-06-18 08:45:00,403.097061286
2018-06-18 08:46:00,403.097061286
2018-06-18 08:47:00,403.097061286
2018-06-18 08:48:00,403.097061286
2018-06-18 08:49:00,403.097061286
2018-06-18 08:50:00,403.097061286
2018-06-18 08:51:00,403.097061286
2018-06-18 08:52:00,403.097061286
2018-06-18 08:53:00,403.097061286
2018-06-18 08:54:00,403.097061286
2018-06-18 08:55:00,403.097061286
2018-06-18 08:56:00,403.097061286
2018-06-18 08:57:00,403.097061286
2018-06-18 08:58:00,403.097061286
2018-06-18 08:59:00,392.613850636
2018-06-18 09:00:00,392.613850636
2018-06-18 09:01:00,392.613850636
2018-06-18 09:02:00,392.613850636
2018-06-18 09:03:00,403.097061286
2018-06-18 09:04:00,392.613850636
2018-06-18 09:05:00,392.613850636
2018-06-18 09:06:00,403.097061286
2018-06-18 09:07:00,403.097061286
2018-06-18 09:08:00,403.097061286
2018-06-18 09:09:00,403.097061286
2018-06-18 09:10:00,403.097061286
2018-06-18 09:11:00,382.130639986
2018-06-18 09:12:00,382.130639986
2018-06-18 09:13:00,382.130639986
2018-06-18 09:14:00,413.580271936
2018-06-18 09:15:00,403.097061286
2018-06-18 09:16:00,403.097061286
2018-06-18 09:17:00,403.097061286
2018-06-18 09:18:00,382.130639986
2018-06-18 09:19:00,382.130639986
2018-06-18 09:20:00,382.130639986
2018-06-18 09:21:00,382.130639986
2018-06-18 09:22:00,382.130639986
2018-06-18 09:23:00,382.130639986
2018-06-18 09:24:00,382.130639986
2018-06-18 09:25:00,382.130639986
2018-06-18 09:26:00,382.130639986
2018-06-18 09:27:00,392.613850636
2018-06-18 09:28:00,382.130639986
2018-06-18 09:29:00,382.130639986
2018-06-18 09:30:00,371.647429336
2018-06-18 09:31:00,361.164218686
2018-06-18 09:32:00,329.714586736
2018-06-18 09:33:00,329.714586736
2018-06-18 09:34:00,308.748165436
2018-06-18 09:35:00,308.748165436
2018-06-18 09:36:00,298.264954786
2018-06-18 09:37:00,319.231376086
2018-06-18 09:38:00,319.231376086
2018-06-18 09:39:00,319.231376086
2018-06-18 09:40:00,340.197797386
2018-06-18 09:41:00,340.197797386
2018-06-18 09:42:00,319.231376086
2018-06-18 09:43:00,308.748165436
2018-06-18 09:44:00,308.748165436
2018-06-18 09:45:00,308.748165436
2018-06-18 09:46:00,308.748165436
2018-06-18 09:47:00,308.748165436
2018-06-18 09:48:00,319.231376086
2018-06-18 09:49:00,340.197797386
2018-06-18 09:50:00,340.197797386
2018-06-18 09:51:00,340.197797386
2018-06-18 09:52:00,340.197797386
2018-06-18 09:53:00,340.197797386
2018-06-18 09:54:00,340.197797386
2018-06-18 09:55:00,340.197797386
2018-06-18 09:56:00,340.197797386
2018-06-18 09:57:00,340.197797386
2018-06-18 09:58:00,340.197797386
2018-06-18 09:59:00,340.197797386
2018-06-18 10:00:00,340.197797386
2018-06-18 10:01:00,340.197797386
2018-06-18 10:02:00,340.197797386
2018-06-18 10:03:00,340.197797386
2018-06-18 10:04:00,340.197797386
2018-06-18 10:05:00,319.231376086
2018-06-18 10:06:00,319.231376086
2018-06-18 10:07:00,319.231376086
2018-06-18 10:08:00,319.231376086
2018-06-18 10:09:00,298.264954786
2018-06-18 10:10:00,308.748165436
2018-06-18 10:11:00,319.231376086
2018-06-18 10:12:00,319.231376086
2018-06-18 10:13:00,329.714586736
2018-06-18 10:14:00,329.714586736
2018-06-18 10:15:00,319.231376086
2018-06-18 10:16:00,319.231376086
2018-06-18 10:17:00,319.231376086
2018-06-18 10:18:00,319.231376086
2018-06-18 10:19:00,319.231376086
2018-06-18 10:20:00,319.231376086
2018-06-18 10:21:00,319.231376086
2018-06-18 10:22:00,319.231376086
2018-06-18 10:23:00,329.714586736
2018-06-18 10:24:00,319.231376086
2018-06-18 10:25:00,319.231376086
2018-06-18 10:26:00,319.231376086
2018-06-18 10:27:00,319.231376086
2018-06-18 10:28:00,287.781744136
2018-06-18 10:29:00,287.781744136
2018-06-18 10:30:00,298.264954786
2018-06-18 10:31:00,298.264954786
2018-06-18 10:32:00,298.264954786
2018-06-18 10:33:00,298.264954786
2018-06-18 10:34:00,298.264954786
2018-06-18 10:35:00,308.748165436
2018-06-18 10:36:00,308.748165436
2018-06-18 10:37:00,298.264954786
2018-06-18 10:38:00,319.231376086
2018-06-18 10:39:00,319.231376086
2018-06-18 10:40:00,319.231376086
2018-06-18 10:41:00,319.231376086
2018-06-18 10:42:00,308.748165436
2018-06-18 10:43:00,308.748165436
2018-06-18 10:44:00,308.748165436
2018-06-18 10:45:00,308.748165436
2018-06-18 10:46:00,298.264954786
2018-06-18 10:47:00,298.264954786
2018-06-18 10:48:00,319.231376086
2018-06-18 10:49:00,319.231376086
2018-06-18 10:50:00,298.264954786
2018-06-18 10:51:00,298.264954786
2018-06-18 10:52:00,298.264954786
2018-06-18 10:53:00,298.264954786
2018-06-18 10:54:00,298.264954786
2018-06-18 10:55:00,329.714586736
2018-06-18 10:56:00,329.714586736
2018-06-18 10:57:00,329.714586736
2018-06-18 10:58:00,308.748165436
2018-06-18 10:59:00,319.231376086
2018-06-18 11:00:00,298.264954786
2018-06-18 11:01:00,308.748165436
2018-06-18 11:02:00,308.748165436
2018-06-18 11:03:00,308.748165436
2018-06-18 11:04:00,308.748165436
2018-06-18 11:05:00,298.264954786
2018-06-18 11:06:00,298.264954786
2018-06-18 11:07:00,298.264954786
2018-06-18 11:08:00,298.264954786
2018-06-18 11:09:00,298.264954786
2018-06-18 11:10:00,298.264954786
2018-06-18 11:11:00,298.264954786
2018-06-18 11:12:00,298.264954786
2018-06-18 11:13:00,298.264954786
2018-06-18 11:14:00,298.264954786
2018-06-18 11:15:00,287.781744136
2018-06-18 11:16:00,287.781744136
2018-06-18 11:17:00,287.781744136
2018-06-18 11:18:00,287.781744136
2018-06-18 11:19:00,298.264954786
2018-06-18 11:20:00,298.264954786
2018-06-18 11:21:00,298.264954786
2018-06-18 11:22:00,298.264954786
2018-06-18 11:23:00,298.264954786
2018-06-18 11:24:00,298.264954786
2018-06-18 11:25:00,308.748165436
2018-06-18 11:26:00,308.748165436
2018-06-18 11:27:00,308.748165436
2018-06-18 11:28:00,308.748165436
2018-06-18 11:29:00,308.748165436
2018-06-18 11:30:00,308.748165436
2018-06-18 11:31:00,308.748165436
2018-06-18 11:32:00,308.748165436
2018-06-18 11:33:00,308.748165436
2018-06-18 11:34:00,308.748165436
2018-06-18 11:35:00,308.748165436
2018-06-18 11:36:00,340.197797386
2018-06-18 11:37:00,340.197797386
2018-06-18 11:38:00,329.714586736
2018-06-18 11:39:00,340.197797386
2018-06-18 11:40:00,340.197797386
2018-06-18 11:41:00,340.197797386
2018-06-18 11:42:00,329.714586736
2018-06-18 11:43:00,329.714586736
2018-06-18 11:44:00,329.714586736
2018-06-18 11:45:00,329.714586736
2018-06-18 11:46:00,329.714586736
2018-06-18 11:47:00,329.714586736
2018-06-18 11:48:00,340.197797386
2018-06-18 11:49:00,340.197797386
2018-06-18 11:50:00,340.197797386
2018-06-18 11:51:00,340.197797386
2018-06-18 11:52:00,340.197797386
2018-06-18 11:53:00,340.197797386
2018-06-18 11:54:00,340.197797386
2018-06-18 11:55:00,340.197797386
2018-06-18 11:56:00,340.197797386
2018-06-18 11:57:00,340.197797386
2018-06-18 11:58:00,340.197797386
2018-06-18 11:59:00,329.714586736
2018-06-19 01:29:00,224.882480236
2018-06-19 01:30:00,350.681008036
2018-06-19 01:31:00,350.681008036
2018-06-19 01:32:00,549.862010386
2018-06-19 01:33:00,539.378799736
2018-06-19 01:34:00,539.378799736
2018-06-19 01:35:00,560.345221036
2018-06-19 01:36:00,581.311642336
2018-06-19 01:37:00,581.311642336
2018-06-19 01:38:00,581.311642336
2018-06-19 01:39:00,581.311642336
2018-06-19 01:40:00,581.311642336
2018-06-19 01:41:00,581.311642336
2018-06-19 01:42:00,581.311642336
2018-06-19 01:43:00,570.828431686
2018-06-19 01:44:00,539.378799736
2018-06-19 01:45:00,539.378799736
2018-06-19 01:46:00,539.378799736
2018-06-19 01:47:00,539.378799736
2018-06-19 01:48:00,539.378799736
2018-06-19 01:49:00,539.378799736
2018-06-19 01:50:00,549.862010386
2018-06-19 01:51:00,570.828431686
2018-06-19 01:52:00,549.862010386
2018-06-19 01:53:00,549.862010386
2018-06-19 01:54:00,549.862010386
2018-06-19 01:55:00,570.828431686
2018-06-19 01:56:00,581.311642336
2018-06-19 01:57:00,581.311642336
2018-06-19 01:58:00,581.311642336
2018-06-19 01:59:00,581.311642336
2018-06-19 02:00:00,633.727695586
2018-06-19 02:01:00,602.278063636
2018-06-19 02:02:00,612.761274286
2018-06-19 02:03:00,633.727695586
2018-06-19 02:04:00,644.210906236
2018-06-19 02:05:00,633.727695586
2018-06-19 02:06:00,633.727695586
2018-06-19 02:07:00,623.244484936
2018-06-19 02:08:00,623.244484936
2018-06-19 02:09:00,633.727695586
2018-06-19 02:10:00,581.311642336
2018-06-19 02:11:00,570.828431686
2018-06-19 02:12:00,549.862010386
2018-06-19 02:13:00,549.862010386
2018-06-19 02:14:00,570.828431686
2018-06-19 02:15:00,570.828431686
2018-06-19 02:16:00,549.862010386
2018-06-19 02:17:00,549.862010386
2018-06-19 02:18:00,528.895589086
2018-06-19 02:19:00,528.895589086
2018-06-19 02:20:00,528.895589086
2018-06-19 02:21:00,528.895589086
2018-06-19 02:22:00,528.895589086
2018-06-19 02:23:00,528.895589086
2018-06-19 02:24:00,518.412378436
2018-06-19 02:25:00,518.412378436
2018-06-19 02:26:00,528.895589086
2018-06-19 02:27:00,528.895589086
2018-06-19 02:28:00,518.412378436
2018-06-19 02:29:00,518.412378436
2018-06-19 02:30:00,528.895589086
2018-06-19 02:31:00,528.895589086
2018-06-19 02:32:00,528.895589086
2018-06-19 02:33:00,528.895589086
2018-06-19 02:34:00,507.929167786
2018-06-19 02:35:00,507.929167786
2018-06-19 02:36:00,507.929167786
2018-06-19 02:37:00,528.895589086
2018-06-19 02:38:00,518.412378436
2018-06-19 02:39:00,518.412378436
2018-06-19 02:40:00,539.378799736
2018-06-19 02:41:00,539.378799736
2018-06-19 02:42:00,539.378799736
2018-06-19 02:43:00,591.794852986
2018-06-19 02:44:00,581.311642336
2018-06-19 02:45:00,591.794852986
2018-06-19 02:46:00,591.794852986
2018-06-19 02:47:00,602.278063636
2018-06-19 02:48:00,602.278063636
2018-06-19 02:49:00,591.794852986
2018-06-19 02:50:00,591.794852986
2018-06-19 02:51:00,549.862010386
2018-06-19 02:52:00,528.895589086
2018-06-19 02:53:00,528.895589086
2018-06-19 02:54:00,528.895589086
2018-06-19 02:55:00,528.895589086
2018-06-19 02:56:00,539.378799736
2018-06-19 02:57:00,539.378799736
2018-06-19 02:58:00,549.862010386
2018-06-19 02:59:00,560.345221036
2018-06-19 03:00:00,539.378799736
2018-06-19 03:01:00,560.345221036
2018-06-19 03:02:00,539.378799736
2018-06-19 03:03:00,518.412378436
2018-06-19 03:04:00,507.929167786
2018-06-19 03:05:00,507.929167786
2018-06-19 03:06:00,507.929167786
2018-06-19 03:07:00,507.929167786
2018-06-19 03:08:00,507.929167786
2018-06-19 03:09:00,507.929167786
2018-06-19 03:10:00,539.378799736
2018-06-19 03:11:00,528.895589086
2018-06-19 03:12:00,528.895589086
2018-06-19 03:13:00,507.929167786
2018-06-19 03:14:00,507.929167786
2018-06-19 03:15:00,507.929167786
2018-06-19 03:16:00,507.929167786
2018-06-19 03:17:00,507.929167786
2018-06-19 03:18:00,507.929167786
2018-06-19 03:19:00,507.929167786
2018-06-19 03:20:00,507.929167786
2018-06-19 03:21:00,507.929167786
2018-06-19 03:22:00,507.929167786
2018-06-19 03:23:00,507.929167786
2018-06-19 03:24:00,507.929167786
2018-06-19 03:25:00,518.412378436
2018-06-19 03:26:00,539.378799736
2018-06-19 03:27:00,549.862010386
2018-06-19 03:28:00,528.895589086
2018-06-19 03:29:00,528.895589086
2018-06-19 03:30:00,539.378799736
2018-06-19 03:31:00,549.862010386
2018-06-19 03:32:00,528.895589086
2018-06-19 03:33:00,518.412378436
2018-06-19 03:34:00,518.412378436
2018-06-19 03:35:00,518.412378436
2018-06-19 03:36:00,518.412378436
2018-06-19 03:37:00,518.412378436
2018-06-19 03:38:00,518.412378436
2018-06-19 03:39:00,518.412378436
2018-06-19 03:40:00,528.895589086
2018-06-19 03:41:00,539.378799736
2018-06-19 03:42:00,507.929167786
2018-06-19 03:43:00,507.929167786
2018-06-19 03:44:00,507.929167786
2018-06-19 03:45:00,507.929167786
2018-06-19 03:46:00,507.929167786
2018-06-19 03:47:00,528.895589086
2018-06-19 03:48:00,539.378799736
2018-06-19 03:49:00,549.862010386
2018-06-19 03:50:00,549.862010386
2018-06-19 03:51:00,549.862010386
2018-06-19 03:52:00,549.862010386
2018-06-19 03:53:00,507.929167786
2018-06-19 03:54:00,507.929167786
2018-06-19 03:55:00,507.929167786
2018-06-19 03:56:00,507.929167786
2018-06-19 03:57:00,507.929167786
2018-06-19 03:58:00,539.378799736
2018-06-19 03:59:00,528.895589086
2018-06-19 04:00:00,549.862010386
2018-06-19 04:01:00,549.862010386
2018-06-19 04:02:00,549.862010386
2018-06-19 04:03:00,549.862010386
2018-06-19 04:04:00,539.378799736
2018-06-19 04:05:00,528.895589086
2018-06-19 04:06:00,539.378799736
2018-06-19 04:07:00,549.862010386
2018-06-19 04:08:00,549.862010386
2018-06-19 04:09:00,560.345221036
2018-06-19 04:10:00,560.345221036
2018-06-19 04:11:00,570.828431686
2018-06-19 04:12:00,570.828431686
2018-06-19 04:13:00,570.828431686
2018-06-19 04:14:00,570.828431686
2018-06-19 04:15:00,581.311642336
2018-06-19 04:16:00,581.311642336
2018-06-19 04:17:00,591.794852986
2018-06-19 04:18:00,591.794852986
2018-06-19 04:19:00,602.278063636
2018-06-19 04:20:00,612.761274286
2018-06-19 04:21:00,612.761274286
2018-06-19 04:22:00,612.761274286
2018-06-19 04:23:00,602.278063636
2018-06-19 04:24:00,602.278063636
2018-06-19 04:25:00,602.278063636
2018-06-19 04:26:00,591.794852986
2018-06-19 04:27:00,591.794852986
2018-06-19 04:28:00,570.828431686
2018-06-19 04:29:00,570.828431686
2018-06-19 04:30:00,570.828431686
2018-06-19 04:31:00,581.311642336
2018-06-19 04:32:00,581.311642336
2018-06-19 04:33:00,581.311642336
2018-06-19 04:34:00,591.794852986
2018-06-19 04:35:00,591.794852986
2018-06-19 04:36:00,591.794852986
2018-06-19 04:37:00,591.794852986
2018-06-19 04:38:00,591.794852986
2018-06-19 04:39:00,591.794852986
2018-06-19 04:40:00,591.794852986
2018-06-19 04:41:00,570.828431686
2018-06-19 04:42:00,581.311642336
2018-06-19 04:43:00,570.828431686
2018-06-19 04:44:00,591.794852986
2018-06-19 04:45:00,581.311642336
2018-06-19 04:46:00,570.828431686
2018-06-19 04:47:00,570.828431686
2018-06-19 04:48:00,570.828431686
2018-06-19 04:49:00,570.828431686
2018-06-19 04:50:00,581.311642336
2018-06-19 04:51:00,570.828431686
2018-06-19 04:52:00,570.828431686
2018-06-19 04:53:00,570.828431686
2018-06-19 04:54:00,570.828431686
2018-06-19 04:55:00,570.828431686
2018-06-19 04:56:00,570.828431686
2018-06-19 04:57:00,549.862010386
2018-06-19 04:58:00,549.862010386
2018-06-19 04:59:00,549.862010386
2018-06-19 05:00:00,549.862010386
2018-06-19 05:01:00,549.862010386
2018-06-19 05:02:00,549.862010386
2018-06-19 05:03:00,549.862010386
2018-06-19 05:04:00,560.345221036
2018-06-19 05:05:00,560.345221036
2018-06-19 05:06:00,570.828431686
2018-06-19 05:07:00,570.828431686
2018-06-19 05:08:00,570.828431686
2018-06-19 05:09:00,570.828431686
2018-06-19 05:10:00,570.828431686
2018-06-19 05:11:00,570.828431686
2018-06-19 05:12:00,539.378799736
2018-06-19 05:13:00,528.895589086
2018-06-19 05:14:00,539.378799736
2018-06-19 05:15:00,528.895589086
2018-06-19 05:16:00,549.862010386
2018-06-19 05:17:00,528.895589086
2018-06-19 05:18:00,528.895589086
2018-06-19 05:19:00,528.895589086
2018-06-19 05:20:00,539.378799736
2018-06-19 05:21:00,528.895589086
2018-06-19 05:22:00,549.862010386
2018-06-19 05:23:00,549.862010386
2018-06-19 05:24:00,528.895589086
2018-06-19 05:25:00,539.378799736
2018-06-19 05:26:00,528.895589086
2018-06-19 05:27:00,528.895589086
2018-06-19 05:28:00,528.895589086
2018-06-19 05:29:00,528.895589086
2018-06-19 05:30:00,549.862010386
2018-06-19 05:31:00,549.862010386
2018-06-19 05:32:00,549.862010386
2018-06-19 05:33:00,549.862010386
2018-06-19 05:34:00,549.862010386
2018-06-19 05:35:00,549.862010386
2018-06-19 05:36:00,549.862010386
2018-06-19 05:37:00,549.862010386
2018-06-19 05:38:00,549.862010386
2018-06-19 05:39:00,549.862010386
2018-06-19 05:40:00,549.862010386
2018-06-19 05:41:00,549.862010386
2018-06-19 05:42:00,549.862010386
2018-06-19 05:43:00,549.862010386
2018-06-19 05:44:00,549.862010386
2018-06-19 05:45:00,549.862010386
2018-06-19 05:46:00,549.862010386
2018-06-19 05:47:00,549.862010386
2018-06-19 05:48:00,549.862010386
2018-06-19 05:49:00,549.862010386
2018-06-19 05:50:00,549.862010386
2018-06-19 05:51:00,549.862010386
2018-06-19 05:52:00,560.345221036
2018-06-19 05:53:00,549.862010386
2018-06-19 05:54:00,549.862010386
2018-06-19 05:55:00,539.378799736
2018-06-19 05:56:00,539.378799736
2018-06-19 05:57:00,539.378799736
2018-06-19 05:58:00,539.378799736
2018-06-19 05:59:00,549.862010386
2018-06-19 06:00:00,528.895589086
2018-06-19 06:01:00,539.378799736
2018-06-19 06:02:00,539.378799736
2018-06-19 06:03:00,539.378799736
2018-06-19 06:04:00,549.862010386
2018-06-19 06:05:00,549.862010386
2018-06-19 06:06:00,549.862010386
2018-06-19 06:07:00,549.862010386
2018-06-19 06:08:00,549.862010386
2018-06-19 06:09:00,539.378799736
2018-06-19 06:10:00,539.378799736
2018-06-19 06:11:00,539.378799736
2018-06-19 06:12:00,539.378799736
2018-06-19 06:13:00,549.862010386
2018-06-19 06:14:00,549.862010386
2018-06-19 06:15:00,539.378799736
2018-06-19 06:16:00,549.862010386
2018-06-19 06:17:00,549.862010386
2018-06-19 06:18:00,549.862010386
2018-06-19 06:19:00,549.862010386
2018-06-19 06:20:00,591.794852986
2018-06-19 06:21:00,591.794852986
2018-06-19 06:22:00,591.794852986
2018-06-19 06:23:00,591.794852986
2018-06-19 06:24:00,591.794852986
2018-06-19 06:25:00,591.794852986
2018-06-19 06:26:00,591.794852986
2018-06-19 06:27:00,591.794852986
2018-06-19 06:28:00,591.794852986
2018-06-19 06:29:00,591.794852986
2018-06-19 06:30:00,591.794852986
2018-06-19 06:31:00,591.794852986
2018-06-19 06:32:00,591.794852986
2018-06-19 06:33:00,591.794852986
2018-06-19 06:34:00,591.794852986
2018-06-19 06:35:00,591.794852986
2018-06-19 06:36:00,591.794852986
2018-06-19 06:37:00,591.794852986
2018-06-19 06:38:00,591.794852986
2018-06-19 06:39:00,591.794852986
2018-06-19 06:40:00,591.794852986
2018-06-19 06:41:00,591.794852986
2018-06-19 06:42:00,591.794852986
2018-06-19 06:43:00,591.794852986
2018-06-19 06:44:00,591.794852986
2018-06-19 06:45:00,591.794852986
2018-06-19 06:46:00,591.794852986
2018-06-19 06:47:00,591.794852986
2018-06-19 06:48:00,591.794852986
2018-06-19 06:49:00,591.794852986
2018-06-19 06:50:00,591.794852986
2018-06-19 06:51:00,591.794852986
2018-06-19 06:52:00,591.794852986
2018-06-19 06:53:00,570.828431686
2018-06-19 06:54:00,570.828431686
2018-06-19 06:55:00,570.828431686
2018-06-19 06:56:00,570.828431686
2018-06-19 06:57:00,570.828431686
2018-06-19 06:58:00,570.828431686
2018-06-19 06:59:00,570.828431686
2018-06-19 07:00:00,570.828431686
2018-06-19 07:01:00,570.828431686
2018-06-19 07:02:00,570.828431686
2018-06-19 07:03:00,560.345221036
2018-06-19 07:04:00,570.828431686
2018-06-19 07:05:00,570.828431686
2018-06-19 07:06:00,560.345221036
2018-06-19 07:07:00,560.345221036
2018-06-19 07:08:00,560.345221036
2018-06-19 07:09:00,560.345221036
2018-06-19 07:10:00,560.345221036
2018-06-19 07:11:00,570.828431686
2018-06-19 07:12:00,570.828431686
2018-06-19 07:13:00,570.828431686
2018-06-19 07:14:00,570.828431686
2018-06-19 07:15:00,570.828431686
2018-06-19 07:16:00,570.828431686
2018-06-19 07:17:00,570.828431686
2018-06-19 07:18:00,570.828431686
2018-06-19 07:19:00,570.828431686
2018-06-19 07:20:00,591.794852986
2018-06-19 07:21:00,591.794852986
2018-06-19 07:22:00,591.794852986
2018-06-19 07:23:00,591.794852986
2018-06-19 07:24:00,591.794852986
2018-06-19 07:25:00,602.278063636
2018-06-19 07:26:00,602.278063636
2018-06-19 07:27:00,591.794852986
2018-06-19 07:28:00,570.828431686
2018-06-19 07:29:00,581.311642336
2018-06-19 07:30:00,581.311642336
2018-06-19 07:31:00,591.794852986
2018-06-19 07:32:00,591.794852986
2018-06-19 07:33:00,581.311642336
2018-06-19 07:34:00,581.311642336
2018-06-19 07:35:00,591.794852986
2018-06-19 07:36:00,581.311642336
2018-06-19 07:37:00,591.794852986
2018-06-19 07:38:00,591.794852986
2018-06-19 07:39:00,581.311642336
2018-06-19 07:40:00,581.311642336
2018-06-19 07:41:00,581.311642336
2018-06-19 07:42:00,581.311642336
2018-06-19 07:43:00,581.311642336
2018-06-19 07:44:00,591.794852986
2018-06-19 07:45:00,591.794852986
2018-06-19 07:46:00,591.794852986
2018-06-19 07:47:00,581.311642336
2018-06-19 07:48:00,581.311642336
2018-06-19 07:49:00,581.311642336
2018-06-19 07:50:00,581.311642336
2018-06-19 07:51:00,591.794852986
2018-06-19 07:52:00,591.794852986
2018-06-19 07:53:00,591.794852986
2018-06-19 07:54:00,591.794852986
2018-06-19 07:55:00,591.794852986
2018-06-19 07:56:00,591.794852986
2018-06-19 07:57:00,581.311642336
2018-06-19 07:58:00,581.311642336
2018-06-19 07:59:00,591.794852986
2018-06-19 08:00:00,581.311642336
2018-06-19 08:01:00,581.311642336
2018-06-19 08:02:00,591.794852986
2018-06-19 08:03:00,581.311642336
2018-06-19 08:04:00,591.794852986
2018-06-19 08:05:00,581.311642336
2018-06-19 08:06:00,581.311642336
2018-06-19 08:07:00,581.311642336
2018-06-19 08:08:00,560.345221036
2018-06-19 08:09:00,570.828431686
2018-06-19 08:10:00,570.828431686
2018-06-19 08:11:00,570.828431686
2018-06-19 08:12:00,570.828431686
2018-06-19 08:13:00,570.828431686
2018-06-19 08:14:00,570.828431686
2018-06-19 08:15:00,570.828431686
2018-06-19 08:16:00,570.828431686
2018-06-19 08:17:00,570.828431686
2018-06-19 08:18:00,570.828431686
2018-06-19 08:19:00,570.828431686
2018-06-19 08:20:00,570.828431686
2018-06-19 08:21:00,570.828431686
2018-06-19 08:22:00,570.828431686
2018-06-19 08:23:00,570.828431686
2018-06-19 08:24:00,570.828431686
2018-06-19 08:25:00,570.828431686
2018-06-19 08:26:00,570.828431686
2018-06-19 08:27:00,560.345221036
2018-06-19 08:28:00,570.828431686
2018-06-19 08:29:00,570.828431686
2018-06-19 08:30:00,560.345221036
2018-06-19 08:31:00,549.862010386
2018-06-19 08:32:00,549.862010386
2018-06-19 08:33:00,549.862010386
2018-06-19 08:34:00,528.895589086
2018-06-19 08:35:00,549.862010386
2018-06-19 08:36:00,549.862010386
2018-06-19 08:37:00,528.895589086
2018-06-19 08:38:00,528.895589086
2018-06-19 08:39:00,528.895589086
2018-06-19 08:40:00,528.895589086
2018-06-19 08:41:00,528.895589086
2018-06-19 08:42:00,528.895589086
2018-06-19 08:43:00,528.895589086
2018-06-19 08:44:00,528.895589086
2018-06-19 08:45:00,528.895589086
2018-06-19 08:46:00,539.378799736
2018-06-19 08:47:00,528.895589086
2018-06-19 08:48:00,528.895589086
2018-06-19 08:49:00,528.895589086
2018-06-19 08:50:00,528.895589086
2018-06-19 08:51:00,528.895589086
2018-06-19 08:52:00,528.895589086
2018-06-19 08:53:00,528.895589086
2018-06-19 08:54:00,528.895589086
2018-06-19 08:55:00,549.862010386
2018-06-19 08:56:00,549.862010386
2018-06-19 08:57:00,549.862010386
2018-06-19 08:58:00,549.862010386
2018-06-19 08:59:00,560.345221036
2018-06-19 09:00:00,560.345221036
2018-06-19 09:01:00,560.345221036
2018-06-19 09:02:00,549.862010386
2018-06-19 09:03:00,549.862010386
2018-06-19 09:04:00,549.862010386
2018-06-19 09:05:00,528.895589086
2018-06-19 09:06:00,539.378799736
2018-06-19 09:07:00,539.378799736
2018-06-19 09:08:00,549.862010386
2018-06-19 09:09:00,549.862010386
2018-06-19 09:10:00,549.862010386
2018-06-19 09:11:00,549.862010386
2018-06-19 09:12:00,549.862010386
2018-06-19 09:13:00,549.862010386
2018-06-19 09:14:00,549.862010386
2018-06-19 09:15:00,549.862010386
2018-06-19 09:16:00,549.862010386
2018-06-19 09:17:00,549.862010386
2018-06-19 09:18:00,549.862010386
2018-06-19 09:19:00,549.862010386
2018-06-19 09:20:00,549.862010386
2018-06-19 09:21:00,549.862010386
2018-06-19 09:22:00,549.862010386
2018-06-19 09:23:00,549.862010386
2018-06-19 09:24:00,549.862010386
2018-06-19 09:25:00,560.345221036
2018-06-19 09:26:00,560.345221036
2018-06-19 09:27:00,560.345221036
2018-06-19 09:28:00,560.345221036
2018-06-19 09:29:00,560.345221036
2018-06-19 09:30:00,549.862010386
2018-06-19 09:31:00,549.862010386
2018-06-19 09:32:00,549.862010386
2018-06-19 09:33:00,549.862010386
2018-06-19 09:34:00,549.862010386
2018-06-19 09:35:00,549.862010386
2018-06-19 09:36:00,549.862010386
2018-06-19 09:37:00,549.862010386
2018-06-19 09:38:00,570.828431686
2018-06-19 09:39:00,570.828431686
2018-06-19 09:40:00,570.828431686
2018-06-19 09:41:00,570.828431686
2018-06-19 09:42:00,570.828431686
2018-06-19 09:43:00,570.828431686
2018-06-19 09:44:00,570.828431686
2018-06-19 09:45:00,560.345221036
2018-06-19 09:46:00,560.345221036
2018-06-19 09:47:00,549.862010386
2018-06-19 09:48:00,549.862010386
2018-06-19 09:49:00,539.378799736
2018-06-19 09:50:00,560.345221036
2018-06-19 09:51:00,539.378799736
2018-06-19 09:52:00,549.862010386
2018-06-19 09:53:00,549.862010386
2018-06-19 09:54:00,549.862010386
2018-06-19 09:55:00,549.862010386
2018-06-19 09:56:00,549.862010386
2018-06-19 09:57:00,539.378799736
2018-06-19 09:58:00,549.862010386
2018-06-19 09:59:00,549.862010386
2018-06-19 10:00:00,549.862010386
2018-06-19 10:01:00,549.862010386
2018-06-19 10:02:00,549.862010386
2018-06-19 10:03:00,549.862010386
2018-06-19 10:04:00,549.862010386
2018-06-19 10:05:00,549.862010386
2018-06-19 10:06:00,549.862010386
2018-06-19 10:07:00,549.862010386
2018-06-19 10:08:00,560.345221036
2018-06-19 10:09:00,560.345221036
2018-06-19 10:10:00,560.345221036
2018-06-19 10:11:00,560.345221036
2018-06-19 10:12:00,560.345221036
2018-06-19 10:13:00,570.828431686
2018-06-19 10:14:00,570.828431686
2018-06-19 10:15:00,560.345221036
2018-06-19 10:16:00,560.345221036
2018-06-19 10:17:00,560.345221036
2018-06-19 10:18:00,560.345221036
2018-06-19 10:19:00,560.345221036
2018-06-19 10:20:00,560.345221036
2018-06-19 10:21:00,560.345221036
2018-06-19 10:22:00,560.345221036
2018-06-19 10:23:00,560.345221036
2018-06-19 10:24:00,560.345221036
2018-06-19 10:25:00,549.862010386
2018-06-19 10:26:00,570.828431686
2018-06-19 10:27:00,570.828431686
2018-06-19 10:28:00,560.345221036
2018-06-19 10:29:00,560.345221036
2018-06-19 10:30:00,560.345221036
2018-06-19 10:31:00,560.345221036
2018-06-19 10:32:00,560.345221036
2018-06-19 10:33:00,570.828431686
2018-06-19 10:34:00,591.794852986
2018-06-19 10:35:00,591.794852986
2018-06-19 10:36:00,591.794852986
2018-06-19 10:37:00,591.794852986
2018-06-19 10:38:00,591.794852986
2018-06-19 10:39:00,591.794852986
2018-06-19 10:40:00,591.794852986
2018-06-19 10:41:00,591.794852986
2018-06-19 10:42:00,591.794852986
2018-06-19 10:43:00,591.794852986
2018-06-19 10:44:00,560.345221036
2018-06-19 10:45:00,570.828431686
2018-06-19 10:46:00,570.828431686
2018-06-19 10:47:00,570.828431686
2018-06-19 10:48:00,570.828431686
2018-06-19 10:49:00,570.828431686
2018-06-19 10:50:00,570.828431686
2018-06-19 10:51:00,570.828431686
2018-06-19 10:52:00,570.828431686
2018-06-19 10:53:00,602.278063636
2018-06-19 10:54:00,591.794852986
2018-06-19 10:55:00,591.794852986
2018-06-19 10:56:00,591.794852986
2018-06-19 10:57:00,591.794852986
2018-06-19 10:58:00,602.278063636
2018-06-19 10:59:00,602.278063636
2018-06-19 11:00:00,602.278063636
2018-06-19 11:01:00,612.761274286
2018-06-19 11:02:00,612.761274286
2018-06-19 11:03:00,612.761274286
2018-06-19 11:04:00,612.761274286
2018-06-19 11:05:00,612.761274286
2018-06-19 11:06:00,612.761274286
2018-06-19 11:07:00,612.761274286
2018-06-19 11:08:00,612.761274286
2018-06-19 11:09:00,612.761274286
2018-06-19 11:10:00,612.761274286
2018-06-19 11:11:00,612.761274286
2018-06-19 11:12:00,612.761274286
2018-06-19 11:13:00,612.761274286
2018-06-19 11:14:00,623.244484936
2018-06-19 11:15:00,633.727695586
2018-06-19 11:16:00,633.727695586
2018-06-19 11:17:00,612.761274286
2018-06-19 11:18:00,623.244484936
2018-06-19 11:19:00,633.727695586
2018-06-19 11:20:00,633.727695586
2018-06-19 11:21:00,633.727695586
2018-06-19 11:22:00,623.244484936
2018-06-19 11:23:00,623.244484936
2018-06-19 11:24:00,623.244484936
2018-06-19 11:25:00,623.244484936
2018-06-19 11:26:00,633.727695586
2018-06-19 11:27:00,633.727695586
2018-06-19 11:28:00,633.727695586
2018-06-19 11:29:00,633.727695586
2018-06-19 11:30:00,633.727695586
2018-06-19 11:31:00,633.727695586
2018-06-19 11:32:00,633.727695586
2018-06-19 11:33:00,633.727695586
2018-06-19 11:34:00,633.727695586
2018-06-19 11:35:00,633.727695586
2018-06-19 11:36:00,633.727695586
2018-06-19 11:37:00,633.727695586
2018-06-19 11:38:00,633.727695586
2018-06-19 11:39:00,633.727695586
2018-06-19 11:40:00,633.727695586
2018-06-19 11:41:00,602.278063636
2018-06-19 11:42:00,602.278063636
2018-06-19 11:43:00,633.727695586
2018-06-19 11:44:00,633.727695586
2018-06-19 11:45:00,633.727695586
2018-06-19 11:46:00,602.278063636
2018-06-19 11:47:00,602.278063636
2018-06-19 11:48:00,612.761274286
2018-06-19 11:49:00,633.727695586
2018-06-19 11:50:00,633.727695586
2018-06-19 11:51:00,633.727695586
2018-06-19 11:52:00,623.244484936
2018-06-19 11:53:00,633.727695586
2018-06-19 11:54:00,633.727695586
2018-06-19 11:55:00,633.727695586
2018-06-19 11:56:00,633.727695586
2018-06-19 11:57:00,633.727695586
2018-06-19 11:58:00,633.727695586
2018-06-19 11:59:00,633.727695586
2018-06-20 01:29:00,845.493366363
2018-06-20 01:30:00,845.493366363
2018-06-20 01:31:00,845.493366363
2018-06-20 01:32:00,845.493366363
2018-06-20 01:33:00,553.633954863
2018-06-20 01:34:00,553.633954863
2018-06-20 01:35:00,553.633954863
2018-06-20 01:36:00,553.633954863
2018-06-20 01:37:00,553.633954863
2018-06-20 01:38:00,553.633954863
2018-06-20 01:39:00,553.633954863
2018-06-20 01:40:00,553.633954863
2018-06-20 01:41:00,553.633954863
2018-06-20 01:42:00,553.633954863
2018-06-20 01:43:00,553.633954863
2018-06-20 01:44:00,553.633954863
2018-06-20 01:45:00,553.633954863
2018-06-20 01:46:00,553.633954863
2018-06-20 01:47:00,553.633954863
2018-06-20 01:48:00,553.633954863
2018-06-20 01:49:00,553.633954863
2018-06-20 01:50:00,553.633954863
2018-06-20 01:51:00,553.633954863
2018-06-20 01:52:00,553.633954863
2018-06-20 01:53:00,553.633954863
2018-06-20 01:54:00,553.633954863
2018-06-20 01:55:00,553.633954863
2018-06-20 01:56:00,553.633954863
2018-06-20 01:57:00,553.633954863
2018-06-20 01:58:00,553.633954863
2018-06-20 01:59:00,553.633954863
2018-06-20 02:00:00,553.633954863
2018-06-20 02:01:00,553.633954863
2018-06-20 02:02:00,553.633954863
2018-06-20 02:03:00,553.633954863
2018-06-20 02:04:00,553.633954863
2018-06-20 02:05:00,553.633954863
2018-06-20 02:06:00,553.633954863
2018-06-20 02:07:00,553.633954863
2018-06-20 02:08:00,553.633954863
2018-06-20 02:09:00,553.633954863
2018-06-20 02:10:00,553.633954863
2018-06-20 02:11:00,553.633954863
2018-06-20 02:12:00,553.633954863
2018-06-20 02:13:00,553.633954863
2018-06-20 02:14:00,553.633954863
2018-06-20 02:15:00,553.633954863
2018-06-20 02:16:00,553.633954863
2018-06-20 02:17:00,553.633954863
2018-06-20 02:18:00,553.633954863
2018-06-20 02:19:00,553.633954863
2018-06-20 02:20:00,553.633954863
2018-06-20 02:21:00,553.633954863
2018-06-20 02:22:00,553.633954863
2018-06-20 02:23:00,553.633954863
2018-06-20 02:24:00,553.633954863
2018-06-20 02:25:00,553.633954863
2018-06-20 02:26:00,553.633954863
2018-06-20 02:27:00,553.633954863
2018-06-20 02:28:00,553.633954863
2018-06-20 02:29:00,553.633954863
2018-06-20 02:30:00,553.633954863
2018-06-20 02:31:00,553.633954863
2018-06-20 02:32:00,553.633954863
2018-06-20 02:33:00,553.633954863
2018-06-20 02:34:00,553.633954863
2018-06-20 02:35:00,553.633954863
2018-06-20 02:36:00,553.633954863
2018-06-20 02:37:00,553.633954863
2018-06-20 02:38:00,553.633954863
2018-06-20 02:39:00,553.633954863
2018-06-20 02:40:00,553.633954863
2018-06-20 02:41:00,553.633954863
2018-06-20 02:42:00,553.633954863
2018-06-20 02:43:00,553.633954863
2018-06-20 02:44:00,553.633954863
2018-06-20 02:45:00,553.633954863
2018-06-20 02:46:00,553.633954863
2018-06-20 02:47:00,553.633954863
2018-06-20 02:48:00,553.633954863
2018-06-20 02:49:00,553.633954863
2018-06-20 02:50:00,553.633954863
2018-06-20 02:51:00,553.633954863
2018-06-20 02:52:00,553.633954863
2018-06-20 02:53:00,553.633954863
2018-06-20 02:54:00,553.633954863
2018-06-20 02:55:00,553.633954863
2018-06-20 02:56:00,553.633954863
2018-06-20 02:57:00,553.633954863
2018-06-20 02:58:00,553.633954863
2018-06-20 02:59:00,553.633954863
2018-06-20 03:00:00,553.633954863
2018-06-20 03:01:00,553.633954863
2018-06-20 03:02:00,553.633954863
2018-06-20 03:03:00,553.633954863
2018-06-20 03:04:00,553.633954863
2018-06-20 03:05:00,553.633954863
2018-06-20 03:06:00,553.633954863
2018-06-20 03:07:00,553.633954863
2018-06-20 03:08:00,553.633954863
2018-06-20 03:09:00,553.633954863
2018-06-20 03:10:00,553.633954863
2018-06-20 03:11:00,553.633954863
2018-06-20 03:12:00,553.633954863
2018-06-20 03:13:00,553.633954863
2018-06-20 03:14:00,553.633954863
2018-06-20 03:15:00,553.633954863
2018-06-20 03:16:00,553.633954863
2018-06-20 03:17:00,553.633954863
2018-06-20 03:18:00,553.633954863
2018-06-20 03:19:00,553.633954863
2018-06-20 03:20:00,553.633954863
2018-06-20 03:21:00,553.633954863
2018-06-20 03:22:00,553.633954863
2018-06-20 03:23:00,553.633954863
2018-06-20 03:24:00,553.633954863
2018-06-20 03:25:00,553.633954863
2018-06-20 03:26:00,553.633954863
2018-06-20 03:27:00,553.633954863
2018-06-20 03:28:00,553.633954863
2018-06-20 03:29:00,553.633954863
2018-06-20 03:30:00,553.633954863
2018-06-20 03:31:00,553.633954863
2018-06-20 03:32:00,553.633954863
2018-06-20 03:33:00,553.633954863
2018-06-20 03:34:00,553.633954863
2018-06-20 03:35:00,553.633954863
2018-06-20 03:36:00,553.633954863
2018-06-20 03:37:00,553.633954863
2018-06-20 03:38:00,553.633954863
2018-06-20 03:39:00,553.633954863
2018-06-20 03:40:00,553.633954863
2018-06-20 03:41:00,553.633954863
2018-06-20 03:42:00,553.633954863
2018-06-20 03:43:00,553.633954863
2018-06-20 03:44:00,553.633954863
2018-06-20 03:45:00,553.633954863
2018-06-20 03:46:00,553.633954863
2018-06-20 03:47:00,553.633954863
2018-06-20 03:48:00,553.633954863
2018-06-20 03:49:00,553.633954863
2018-06-20 03:50:00,553.633954863
2018-06-20 03:51:00,553.633954863
2018-06-20 03:52:00,553.633954863
2018-06-20 03:53:00,553.633954863
2018-06-20 03:54:00,553.633954863
2018-06-20 03:55:00,553.633954863
2018-06-20 03:56:00,553.633954863
2018-06-20 03:57:00,553.633954863
2018-06-20 03:58:00,553.633954863
2018-06-20 03:59:00,553.633954863
2018-06-20 04:00:00,553.633954863
2018-06-20 04:01:00,553.633954863
2018-06-20 04:02:00,553.633954863
2018-06-20 04:03:00,553.633954863
2018-06-20 04:04:00,553.633954863
2018-06-20 04:05:00,553.633954863
2018-06-20 04:06:00,553.633954863
2018-06-20 04:07:00,553.633954863
2018-06-20 04:08:00,553.633954863
2018-06-20 04:09:00,553.633954863
2018-06-20 04:10:00,553.633954863
2018-06-20 04:11:00,553.633954863
2018-06-20 04:12:00,553.633954863
2018-06-20 04:13:00,553.633954863
2018-06-20 04:14:00,553.633954863
2018-06-20 04:15:00,553.633954863
2018-06-20 04:16:00,553.633954863
2018-06-20 04:17:00,553.633954863
2018-06-20 04:18:00,553.633954863
2018-06-20 04:19:00,553.633954863
2018-06-20 04:20:00,553.633954863
2018-06-20 04:21:00,553.633954863
2018-06-20 04:22:00,553.633954863
2018-06-20 04:23:00,553.633954863
2018-06-20 04:24:00,553.633954863
2018-06-20 04:25:00,553.633954863
2018-06-20 04:26:00,553.633954863
2018-06-20 04:27:00,553.633954863
2018-06-20 04:28:00,553.633954863
2018-06-20 04:29:00,553.633954863
2018-06-20 04:30:00,553.633954863
2018-06-20 04:31:00,553.633954863
2018-06-20 04:32:00,553.633954863
2018-06-20 04:33:00,553.633954863
2018-06-20 04:34:00,553.633954863
2018-06-20 04:35:00,553.633954863
2018-06-20 04:36:00,553.633954863
2018-06-20 04:37:00,553.633954863
2018-06-20 04:38:00,553.633954863
2018-06-20 04:39:00,553.633954863
2018-06-20 04:40:00,553.633954863
2018-06-20 04:41:00,553.633954863
2018-06-20 04:42:00,553.633954863
2018-06-20 04:43:00,553.633954863
2018-06-20 04:44:00,553.633954863
2018-06-20 04:45:00,553.633954863
2018-06-20 04:46:00,553.633954863
2018-06-20 04:47:00,553.633954863
2018-06-20 04:48:00,553.633954863
2018-06-20 04:49:00,553.633954863
2018-06-20 04:50:00,553.633954863
2018-06-20 04:51:00,553.633954863
2018-06-20 04:52:00,553.633954863
2018-06-20 04:53:00,553.633954863
2018-06-20 04:54:00,553.633954863
2018-06-20 04:55:00,553.633954863
2018-06-20 04:56:00,553.633954863
2018-06-20 04:57:00,553.633954863
2018-06-20 04:58:00,553.633954863
2018-06-20 04:59:00,553.633954863
2018-06-20 05:00:00,553.633954863
2018-06-20 05:01:00,553.633954863
2018-06-20 05:02:00,553.633954863
2018-06-20 05:03:00,553.633954863
2018-06-20 05:04:00,553.633954863
2018-06-20 05:05:00,553.633954863
2018-06-20 05:06:00,553.633954863
2018-06-20 05:07:00,553.633954863
2018-06-20 05:08:00,553.633954863
2018-06-20 05:09:00,553.633954863
2018-06-20 05:10:00,553.633954863
2018-06-20 05:11:00,553.633954863
2018-06-20 05:12:00,553.633954863
2018-06-20 05:13:00,553.633954863
2018-06-20 05:14:00,553.633954863
2018-06-20 05:15:00,553.633954863
2018-06-20 05:16:00,553.633954863
2018-06-20 05:17:00,553.633954863
2018-06-20 05:18:00,553.633954863
2018-06-20 05:19:00,553.633954863
2018-06-20 05:20:00,553.633954863
2018-06-20 05:21:00,553.633954863
2018-06-20 05:22:00,553.633954863
2018-06-20 05:23:00,553.633954863
2018-06-20 05:24:00,553.633954863
2018-06-20 05:25:00,553.633954863
2018-06-20 05:26:00,553.633954863
2018-06-20 05:27:00,553.633954863
2018-06-20 05:28:00,553.633954863
2018-06-20 05:29:00,553.633954863
2018-06-20 05:30:00,553.633954863
2018-06-20 05:31:00,553.633954863
2018-06-20 05:32:00,553.633954863
2018-06-20 05:33:00,553.633954863
2018-06-20 05:34:00,553.633954863
2018-06-20 05:35:00,553.633954863
2018-06-20 05:36:00,553.633954863
2018-06-20 05:37:00,553.633954863
2018-06-20 05:38:00,553.633954863
2018-06-20 05:39:00,553.633954863
2018-06-20 05:40:00,553.633954863
2018-06-20 05:41:00,553.633954863
2018-06-20 05:42:00,553.633954863
2018-06-20 05:43:00,553.633954863
2018-06-20 05:44:00,553.633954863
2018-06-20 05:45:00,553.633954863
2018-06-20 05:46:00,553.633954863
2018-06-20 05:47:00,553.633954863
2018-06-20 05:48:00,553.633954863
2018-06-20 05:49:00,553.633954863
2018-06-20 05:50:00,553.633954863
2018-06-20 05:51:00,553.633954863
2018-06-20 05:52:00,553.633954863
2018-06-20 05:53:00,553.633954863
2018-06-20 05:54:00,553.633954863
2018-06-20 05:55:00,553.633954863
2018-06-20 05:56:00,553.633954863
2018-06-20 05:57:00,553.633954863
2018-06-20 05:58:00,553.633954863
2018-06-20 05:59:00,553.633954863
2018-06-20 06:00:00,553.633954863
2018-06-20 06:01:00,553.633954863
2018-06-20 06:02:00,553.633954863
2018-06-20 06:03:00,553.633954863
2018-06-20 06:04:00,553.633954863
2018-06-20 06:05:00,553.633954863
2018-06-20 06:06:00,553.633954863
2018-06-20 06:07:00,553.633954863
2018-06-20 06:08:00,553.633954863
2018-06-20 06:09:00,553.633954863
2018-06-20 06:10:00,553.633954863
2018-06-20 06:11:00,553.633954863
2018-06-20 06:12:00,553.633954863
2018-06-20 06:13:00,553.633954863
2018-06-20 06:14:00,553.633954863
2018-06-20 06:15:00,553.633954863
2018-06-20 06:16:00,553.633954863
2018-06-20 06:17:00,553.633954863
2018-06-20 06:18:00,553.633954863
2018-06-20 06:19:00,553.633954863
2018-06-20 06:20:00,553.633954863
2018-06-20 06:21:00,553.633954863
2018-06-20 06:22:00,553.633954863
2018-06-20 06:23:00,553.633954863
2018-06-20 06:24:00,553.633954863
2018-06-20 06:25:00,553.633954863
2018-06-20 06:26:00,553.633954863
2018-06-20 06:27:00,553.633954863
2018-06-20 06:28:00,553.633954863
2018-06-20 06:29:00,553.633954863
2018-06-20 06:30:00,553.633954863
2018-06-20 06:31:00,553.633954863
2018-06-20 06:32:00,553.633954863
2018-06-20 06:33:00,553.633954863
2018-06-20 06:34:00,553.633954863
2018-06-20 06:35:00,553.633954863
2018-06-20 06:36:00,553.633954863
2018-06-20 06:37:00,553.633954863
2018-06-20 06:38:00,553.633954863
2018-06-20 06:39:00,553.633954863
2018-06-20 06:40:00,553.633954863
2018-06-20 06:41:00,553.633954863
2018-06-20 06:42:00,553.633954863
2018-06-20 06:43:00,553.633954863
2018-06-20 06:44:00,553.633954863
2018-06-20 06:45:00,553.633954863
2018-06-20 06:46:00,553.633954863
2018-06-20 06:47:00,553.633954863
2018-06-20 06:48:00,553.633954863
2018-06-20 06:49:00,553.633954863
2018-06-20 06:50:00,553.633954863
2018-06-20 06:51:00,553.633954863
2018-06-20 06:52:00,553.633954863
2018-06-20 06:53:00,553.633954863
2018-06-20 06:54:00,553.633954863
2018-06-20 06:55:00,553.633954863
2018-06-20 06:56:00,553.633954863
2018-06-20 06:57:00,553.633954863
2018-06-20 06:58:00,553.633954863
2018-06-20 06:59:00,553.633954863
2018-06-20 07:00:00,553.633954863
2018-06-20 07:01:00,553.633954863
2018-06-20 07:02:00,553.633954863
2018-06-20 07:03:00,553.633954863
2018-06-20 07:04:00,553.633954863
2018-06-20 07:05:00,553.633954863
2018-06-20 07:06:00,553.633954863
2018-06-20 07:07:00,553.633954863
2018-06-20 07:08:00,553.633954863
2018-06-20 07:09:00,553.633954863
2018-06-20 07:10:00,553.633954863
2018-06-20 07:11:00,553.633954863
2018-06-20 07:12:00,553.633954863
2018-06-20 07:13:00,553.633954863
2018-06-20 07:14:00,553.633954863
2018-06-20 07:15:00,553.633954863
2018-06-20 07:16:00,553.633954863
2018-06-20 07:17:00,553.633954863
2018-06-20 07:18:00,553.633954863
2018-06-20 07:19:00,553.633954863
2018-06-20 07:20:00,553.633954863
2018-06-20 07:21:00,553.633954863
2018-06-20 07:22:00,553.633954863
2018-06-20 07:23:00,553.633954863
2018-06-20 07:24:00,553.633954863
2018-06-20 07:25:00,553.633954863
2018-06-20 07:26:00,553.633954863
2018-06-20 07:27:00,553.633954863
2018-06-20 07:28:00,553.633954863
2018-06-20 07:29:00,553.633954863
2018-06-20 07:30:00,553.633954863
2018-06-20 07:31:00,553.633954863
2018-06-20 07:32:00,553.633954863
2018-06-20 07:33:00,553.633954863
2018-06-20 07:34:00,553.633954863
2018-06-20 07:35:00,553.633954863
2018-06-20 07:36:00,553.633954863
2018-06-20 07:37:00,553.633954863
2018-06-20 07:38:00,553.633954863
2018-06-20 07:39:00,553.633954863
2018-06-20 07:40:00,553.633954863
2018-06-20 07:41:00,553.633954863
2018-06-20 07:42:00,553.633954863
2018-06-20 07:43:00,553.633954863
2018-06-20 07:44:00,553.633954863
2018-06-20 07:45:00,553.633954863
2018-06-20 07:46:00,553.633954863
2018-06-20 07:47:00,553.633954863
2018-06-20 07:48:00,553.633954863
2018-06-20 07:49:00,553.633954863
2018-06-20 07:50:00,553.633954863
2018-06-20 07:51:00,553.633954863
2018-06-20 07:52:00,553.633954863
2018-06-20 07:53:00,553.633954863
2018-06-20 07:54:00,553.633954863
2018-06-20 07:55:00,553.633954863
2018-06-20 07:56:00,553.633954863
2018-06-20 07:57:00,553.633954863
2018-06-20 07:58:00,553.633954863
2018-06-20 07:59:00,553.633954863
2018-06-20 08:00:00,553.633954863
2018-06-20 08:01:00,553.633954863
2018-06-20 08:02:00,553.633954863
2018-06-20 08:03:00,553.633954863
2018-06-20 08:04:00,553.633954863
2018-06-20 08:05:00,553.633954863
2018-06-20 08:06:00,553.633954863
2018-06-20 08:07:00,553.633954863
2018-06-20 08:08:00,553.633954863
2018-06-20 08:09:00,553.633954863
2018-06-20 08:10:00,553.633954863
2018-06-20 08:11:00,553.633954863
2018-06-20 08:12:00,553.633954863
2018-06-20 08:13:00,553.633954863
2018-06-20 08:14:00,553.633954863
2018-06-20 08:15:00,553.633954863
2018-06-20 08:16:00,553.633954863
2018-06-20 08:17:00,553.633954863
2018-06-20 08:18:00,553.633954863
2018-06-20 08:19:00,553.633954863
2018-06-20 08:20:00,553.633954863
2018-06-20 08:21:00,553.633954863
2018-06-20 08:22:00,553.633954863
2018-06-20 08:23:00,553.633954863
2018-06-20 08:24:00,553.633954863
2018-06-20 08:25:00,553.633954863
2018-06-20 08:26:00,553.633954863
2018-06-20 08:27:00,553.633954863
2018-06-20 08:28:00,553.633954863
2018-06-20 08:29:00,553.633954863
2018-06-20 08:30:00,553.633954863
2018-06-20 08:31:00,553.633954863
2018-06-20 08:32:00,553.633954863
2018-06-20 08:33:00,553.633954863
2018-06-20 08:34:00,553.633954863
2018-06-20 08:35:00,553.633954863
2018-06-20 08:36:00,553.633954863
2018-06-20 08:37:00,553.633954863
2018-06-20 08:38:00,553.633954863
2018-06-20 08:39:00,514.719366663
2018-06-20 08:40:00,495.262072563
2018-06-20 08:41:00,485.533425513
2018-06-20 08:42:00,495.262072563
2018-06-20 08:43:00,485.533425513
2018-06-20 08:44:00,495.262072563
2018-06-20 08:45:00,495.262072563
2018-06-20 08:46:00,485.533425513
2018-06-20 08:47:00,485.533425513
2018-06-20 08:48:00,495.262072563
2018-06-20 08:49:00,495.262072563
2018-06-20 08:50:00,495.262072563
2018-06-20 08:51:00,495.262072563
2018-06-20 08:52:00,485.533425513
2018-06-20 08:53:00,495.262072563
2018-06-20 08:54:00,495.262072563
2018-06-20 08:55:00,485.533425513
2018-06-20 08:56:00,485.533425513
2018-06-20 08:57:00,485.533425513
2018-06-20 08:58:00,466.076131413
2018-06-20 08:59:00,466.076131413
2018-06-20 09:00:00,466.076131413
2018-06-20 09:01:00,485.533425513
2018-06-20 09:02:00,485.533425513
2018-06-20 09:03:00,485.533425513
2018-06-20 09:04:00,485.533425513
2018-06-20 09:05:00,485.533425513
2018-06-20 09:06:00,475.804778463
2018-06-20 09:07:00,475.804778463
2018-06-20 09:08:00,475.804778463
2018-06-20 09:09:00,475.804778463
2018-06-20 09:10:00,475.804778463
2018-06-20 09:11:00,475.804778463
2018-06-20 09:12:00,485.533425513
2018-06-20 09:13:00,485.533425513
2018-06-20 09:14:00,485.533425513
2018-06-20 09:15:00,485.533425513
2018-06-20 09:16:00,485.533425513
2018-06-20 09:17:00,485.533425513
2018-06-20 09:18:00,485.533425513
2018-06-20 09:19:00,485.533425513
2018-06-20 09:20:00,485.533425513
2018-06-20 09:21:00,485.533425513
2018-06-20 09:22:00,485.533425513
2018-06-20 09:23:00,485.533425513
2018-06-20 09:24:00,485.533425513
2018-06-20 09:25:00,485.533425513
2018-06-20 09:26:00,485.533425513
2018-06-20 09:27:00,485.533425513
2018-06-20 09:28:00,485.533425513
2018-06-20 09:29:00,485.533425513
2018-06-20 09:30:00,466.076131413
2018-06-20 09:31:00,466.076131413
2018-06-20 09:32:00,466.076131413
2018-06-20 09:33:00,485.533425513
2018-06-20 09:34:00,485.533425513
2018-06-20 09:35:00,485.533425513
2018-06-20 09:36:00,485.533425513
2018-06-20 09:37:00,485.533425513
2018-06-20 09:38:00,495.262072563
2018-06-20 09:39:00,495.262072563
2018-06-20 09:40:00,495.262072563
2018-06-20 09:41:00,495.262072563
2018-06-20 09:42:00,504.990719613
2018-06-20 09:43:00,504.990719613
2018-06-20 09:44:00,504.990719613
2018-06-20 09:45:00,504.990719613
2018-06-20 09:46:00,504.990719613
2018-06-20 09:47:00,504.990719613
2018-06-20 09:48:00,504.990719613
2018-06-20 09:49:00,504.990719613
2018-06-20 09:50:00,504.990719613
2018-06-20 09:51:00,504.990719613
2018-06-20 09:52:00,485.533425513
2018-06-20 09:53:00,485.533425513
2018-06-20 09:54:00,485.533425513
2018-06-20 09:55:00,485.533425513
2018-06-20 09:56:00,485.533425513
2018-06-20 09:57:00,485.533425513
2018-06-20 09:58:00,485.533425513
2018-06-20 09:59:00,485.533425513
2018-06-20 10:00:00,485.533425513
2018-06-20 10:01:00,485.533425513
2018-06-20 10:02:00,485.533425513
2018-06-20 10:03:00,485.533425513
2018-06-20 10:04:00,485.533425513
2018-06-20 10:05:00,485.533425513
2018-06-20 10:06:00,485.533425513
2018-06-20 10:07:00,485.533425513
2018-06-20 10:08:00,485.533425513
2018-06-20 10:09:00,485.533425513
2018-06-20 10:10:00,466.076131413
2018-06-20 10:11:00,466.076131413
2018-06-20 10:12:00,466.076131413
2018-06-20 10:13:00,466.076131413
2018-06-20 10:14:00,466.076131413
2018-06-20 10:15:00,466.076131413
2018-06-20 10:16:00,466.076131413
2018-06-20 10:17:00,446.618837313
2018-06-20 10:18:00,427.161543213
2018-06-20 10:19:00,407.704249113
2018-06-20 10:20:00,417.432896163
2018-06-20 10:21:00,388.246955013
2018-06-20 10:22:00,388.246955013
2018-06-20 10:23:00,388.246955013
2018-06-20 10:24:00,388.246955013
2018-06-20 10:25:00,388.246955013
2018-06-20 10:26:00,388.246955013
2018-06-20 10:27:00,388.246955013
2018-06-20 10:28:00,388.246955013
2018-06-20 10:29:00,388.246955013
2018-06-20 10:30:00,388.246955013
2018-06-20 10:31:00,388.246955013
2018-06-20 10:32:00,388.246955013
2018-06-20 10:33:00,388.246955013
2018-06-20 10:34:00,388.246955013
2018-06-20 10:35:00,388.246955013
2018-06-20 10:36:00,388.246955013
2018-06-20 10:37:00,388.246955013
2018-06-20 10:38:00,388.246955013
2018-06-20 10:39:00,388.246955013
2018-06-20 10:40:00,388.246955013
2018-06-20 10:41:00,388.246955013
2018-06-20 10:42:00,388.246955013
2018-06-20 10:43:00,388.246955013
2018-06-20 10:44:00,388.246955013
2018-06-20 10:45:00,388.246955013
2018-06-20 10:46:00,388.246955013
2018-06-20 10:47:00,388.246955013
2018-06-20 10:48:00,388.246955013
2018-06-20 10:49:00,388.246955013
2018-06-20 10:50:00,388.246955013
2018-06-20 10:51:00,388.246955013
2018-06-20 10:52:00,388.246955013
2018-06-20 10:53:00,388.246955013
2018-06-20 10:54:00,388.246955013
2018-06-20 10:55:00,388.246955013
2018-06-20 10:56:00,388.246955013
2018-06-20 10:57:00,388.246955013
2018-06-20 10:58:00,388.246955013
2018-06-20 10:59:00,388.246955013
2018-06-20 11:00:00,388.246955013
2018-06-20 11:01:00,388.246955013
2018-06-20 11:02:00,388.246955013
2018-06-20 11:03:00,388.246955013
2018-06-20 11:04:00,388.246955013
2018-06-20 11:05:00,388.246955013
2018-06-20 11:06:00,388.246955013
2018-06-20 11:07:00,388.246955013
2018-06-20 11:08:00,388.246955013
2018-06-20 11:09:00,388.246955013
2018-06-20 11:10:00,388.246955013
2018-06-20 11:11:00,388.246955013
2018-06-20 11:12:00,388.246955013
2018-06-20 11:13:00,388.246955013
2018-06-20 11:14:00,388.246955013
2018-06-20 11:15:00,388.246955013
2018-06-20 11:16:00,388.246955013
2018-06-20 11:17:00,388.246955013
2018-06-20 11:18:00,388.246955013
2018-06-20 11:19:00,388.246955013
2018-06-20 11:20:00,388.246955013
2018-06-20 11:21:00,388.246955013
2018-06-20 11:22:00,388.246955013
2018-06-20 11:23:00,388.246955013
2018-06-20 11:24:00,388.246955013
2018-06-20 11:25:00,388.246955013
2018-06-20 11:26:00,388.246955013
2018-06-20 11:27:00,388.246955013
2018-06-20 11:28:00,388.246955013
2018-06-20 11:29:00,388.246955013
2018-06-20 11:30:00,388.246955013
2018-06-20 11:31:00,388.246955013
2018-06-20 11:32:00,388.246955013
2018-06-20 11:33:00,388.246955013
2018-06-20 11:34:00,388.246955013
2018-06-20 11:35:00,388.246955013
2018-06-20 11:36:00,388.246955013
2018-06-20 11:37:00,388.246955013
2018-06-20 11:38:00,388.246955013
2018-06-20 11:39:00,388.246955013
2018-06-20 11:40:00,388.246955013
2018-06-20 11:41:00,388.246955013
2018-06-20 11:42:00,388.246955013
2018-06-20 11:43:00,388.246955013
2018-06-20 11:44:00,388.246955013
2018-06-20 11:45:00,388.246955013
2018-06-20 11:46:00,388.246955013
2018-06-20 11:47:00,388.246955013
2018-06-20 11:48:00,388.246955013
2018-06-20 11:49:00,388.246955013
2018-06-20 11:50:00,388.246955013
2018-06-20 11:51:00,388.246955013
2018-06-20 11:52:00,388.246955013
2018-06-20 11:53:00,388.246955013
2018-06-20 11:54:00,388.246955013
2018-06-20 11:55:00,388.246955013
2018-06-20 11:56:00,388.246955013
2018-06-20 11:57:00,388.246955013
2018-06-20 11:58:00,388.246955013
2018-06-20 11:59:00,388.246955013
2018-06-25 01:30:00,146.189552266
2018-06-25 01:31:00,146.189552266
2018-06-25 01:32:00,146.189552266
2018-06-25 01:33:00,146.189552266
2018-06-25 01:34:00,156.023688729
2018-06-25 01:35:00,156.023688729
2018-06-25 01:36:00,156.023688729
2018-06-25 01:37:00,156.023688729
2018-06-25 01:38:00,156.023688729
2018-06-25 01:39:00,156.023688729
2018-06-25 01:40:00,156.023688729
2018-06-25 01:41:00,156.023688729
2018-06-25 01:42:00,175.691961654
2018-06-25 01:43:00,175.691961654
2018-06-25 01:44:00,175.691961654
2018-06-25 01:45:00,175.691961654
2018-06-25 01:46:00,175.691961654
2018-06-25 01:47:00,175.691961654
2018-06-25 01:48:00,175.691961654
2018-06-25 01:49:00,175.691961654
2018-06-25 01:50:00,175.691961654
2018-06-25 01:51:00,175.691961654
2018-06-25 01:52:00,175.691961654
2018-06-25 01:53:00,175.691961654
2018-06-25 01:54:00,175.691961654
2018-06-25 01:55:00,185.526098116
2018-06-25 01:56:00,185.526098116
2018-06-25 01:57:00,195.360234579
2018-06-25 01:58:00,195.360234579
2018-06-25 01:59:00,215.028507504
2018-06-25 02:00:00,215.028507504
2018-06-25 02:01:00,234.696780429
2018-06-25 02:02:00,244.530916891
2018-06-25 02:03:00,224.862643966
2018-06-25 02:04:00,224.862643966
2018-06-25 02:05:00,224.862643966
2018-06-25 02:06:00,224.862643966
2018-06-25 02:07:00,234.696780429
2018-06-25 02:08:00,234.696780429
2018-06-25 02:09:00,234.696780429
2018-06-25 02:10:00,234.696780429
2018-06-25 02:11:00,234.696780429
2018-06-25 02:12:00,234.696780429
2018-06-25 02:13:00,244.530916891
2018-06-25 02:14:00,274.033326279
2018-06-25 02:15:00,274.033326279
2018-06-25 02:16:00,274.033326279
2018-06-25 02:17:00,283.867462741
2018-06-25 02:18:00,283.867462741
2018-06-25 02:19:00,274.033326279
2018-06-25 02:20:00,283.867462741
2018-06-25 02:21:00,274.033326279
2018-06-25 02:22:00,274.033326279
2018-06-25 02:23:00,283.867462741
2018-06-25 02:24:00,264.199189816
2018-06-25 02:25:00,264.199189816
2018-06-25 02:26:00,244.530916891
2018-06-25 02:27:00,224.862643966
2018-06-25 02:28:00,224.862643966
2018-06-25 02:29:00,224.862643966
2018-06-25 02:30:00,224.862643966
2018-06-25 02:31:00,215.028507504
2018-06-25 02:32:00,215.028507504
2018-06-25 02:33:00,234.696780429
2018-06-25 02:34:00,234.696780429
2018-06-25 02:35:00,234.696780429
2018-06-25 02:36:00,224.862643966
2018-06-25 02:37:00,224.862643966
2018-06-25 02:38:00,224.862643966
2018-06-25 02:39:00,215.028507504
2018-06-25 02:40:00,224.862643966
2018-06-25 02:41:00,215.028507504
2018-06-25 02:42:00,215.028507504
2018-06-25 02:43:00,215.028507504
2018-06-25 02:44:00,205.194371041
2018-06-25 02:45:00,205.194371041
2018-06-25 02:46:00,205.194371041
2018-06-25 02:47:00,205.194371041
2018-06-25 02:48:00,205.194371041
2018-06-25 02:49:00,205.194371041
2018-06-25 02:50:00,205.194371041
2018-06-25 02:51:00,205.194371041
2018-06-25 02:52:00,205.194371041
2018-06-25 02:53:00,205.194371041
2018-06-25 02:54:00,185.526098116
2018-06-25 02:55:00,185.526098116
2018-06-25 02:56:00,185.526098116
2018-06-25 02:57:00,185.526098116
2018-06-25 02:58:00,185.526098116
2018-06-25 02:59:00,175.691961654
2018-06-25 03:00:00,175.691961654
2018-06-25 03:01:00,185.526098116
2018-06-25 03:02:00,165.857825191
2018-06-25 03:03:00,185.526098116
2018-06-25 03:04:00,185.526098116
2018-06-25 03:05:00,185.526098116
2018-06-25 03:06:00,185.526098116
2018-06-25 03:07:00,165.857825191
2018-06-25 03:08:00,165.857825191
2018-06-25 03:09:00,185.526098116
2018-06-25 03:10:00,185.526098116
2018-06-25 03:11:00,185.526098116
2018-06-25 03:12:00,185.526098116
2018-06-25 03:13:00,165.857825191
2018-06-25 03:14:00,175.691961654
2018-06-25 03:15:00,185.526098116
2018-06-25 03:16:00,185.526098116
2018-06-25 03:17:00,185.526098116
2018-06-25 03:18:00,185.526098116
2018-06-25 03:19:00,185.526098116
2018-06-25 03:20:00,175.691961654
2018-06-25 03:21:00,165.857825191
2018-06-25 03:22:00,165.857825191
2018-06-25 03:23:00,156.023688729
2018-06-25 03:24:00,146.189552266
2018-06-25 03:25:00,146.189552266
2018-06-25 03:26:00,146.189552266
2018-06-25 03:27:00,136.355415804
2018-06-25 03:28:00,136.355415804
2018-06-25 03:29:00,136.355415804
2018-06-25 03:30:00,165.857825191
2018-06-25 03:31:00,175.691961654
2018-06-25 03:32:00,175.691961654
2018-06-25 03:33:00,165.857825191
2018-06-25 03:34:00,185.526098116
2018-06-25 03:35:00,185.526098116
2018-06-25 03:36:00,175.691961654
2018-06-25 03:37:00,175.691961654
2018-06-25 03:38:00,175.691961654
2018-06-25 03:39:00,185.526098116
2018-06-25 03:40:00,185.526098116
2018-06-25 03:41:00,185.526098116
2018-06-25 03:42:00,185.526098116
2018-06-25 03:43:00,195.360234579
2018-06-25 03:44:00,195.360234579
2018-06-25 03:45:00,195.360234579
2018-06-25 03:46:00,205.194371041
2018-06-25 03:47:00,205.194371041
2018-06-25 03:48:00,195.360234579
2018-06-25 03:49:00,195.360234579
2018-06-25 03:50:00,205.194371041
2018-06-25 03:51:00,215.028507504
2018-06-25 03:52:00,215.028507504
2018-06-25 03:53:00,215.028507504
2018-06-25 03:54:00,205.194371041
2018-06-25 03:55:00,215.028507504
2018-06-25 03:56:00,215.028507504
2018-06-25 03:57:00,215.028507504
2018-06-25 03:58:00,215.028507504
2018-06-25 03:59:00,215.028507504
2018-06-25 04:00:00,215.028507504
2018-06-25 04:01:00,215.028507504
2018-06-25 04:02:00,215.028507504
2018-06-25 04:03:00,215.028507504
2018-06-25 04:04:00,215.028507504
2018-06-25 04:05:00,215.028507504
2018-06-25 04:06:00,224.862643966
2018-06-25 04:07:00,234.696780429
2018-06-25 04:08:00,234.696780429
2018-06-25 04:09:00,234.696780429
2018-06-25 04:10:00,234.696780429
2018-06-25 04:11:00,234.696780429
2018-06-25 04:12:00,234.696780429
2018-06-25 04:13:00,234.696780429
2018-06-25 04:14:00,224.862643966
2018-06-25 04:15:00,224.862643966
2018-06-25 04:16:00,224.862643966
2018-06-25 04:17:00,215.028507504
2018-06-25 04:18:00,215.028507504
2018-06-25 04:19:00,215.028507504
2018-06-25 04:20:00,215.028507504
2018-06-25 04:21:00,215.028507504
2018-06-25 04:22:00,215.028507504
2018-06-25 04:23:00,215.028507504
2018-06-25 04:24:00,224.862643966
2018-06-25 04:25:00,224.862643966
2018-06-25 04:26:00,224.862643966
2018-06-25 04:27:00,224.862643966
2018-06-25 04:28:00,224.862643966
2018-06-25 04:29:00,224.862643966
2018-06-25 04:30:00,224.862643966
2018-06-25 04:31:00,224.862643966
2018-06-25 04:32:00,224.862643966
2018-06-25 04:33:00,224.862643966
2018-06-25 04:34:00,224.862643966
2018-06-25 04:35:00,224.862643966
2018-06-25 04:36:00,224.862643966
2018-06-25 04:37:00,224.862643966
2018-06-25 04:38:00,224.862643966
2018-06-25 04:39:00,224.862643966
2018-06-25 04:40:00,224.862643966
2018-06-25 04:41:00,224.862643966
2018-06-25 04:42:00,224.862643966
2018-06-25 04:43:00,224.862643966
2018-06-25 04:44:00,224.862643966
2018-06-25 04:45:00,234.696780429
2018-06-25 04:46:00,234.696780429
2018-06-25 04:47:00,234.696780429
2018-06-25 04:48:00,234.696780429
2018-06-25 04:49:00,224.862643966
2018-06-25 04:50:00,224.862643966
2018-06-25 04:51:00,234.696780429
2018-06-25 04:52:00,244.530916891
2018-06-25 04:53:00,244.530916891
2018-06-25 04:54:00,244.530916891
2018-06-25 04:55:00,234.696780429
2018-06-25 04:56:00,234.696780429
2018-06-25 04:57:00,234.696780429
2018-06-25 04:58:00,234.696780429
2018-06-25 04:59:00,224.862643966
2018-06-25 05:00:00,224.862643966
2018-06-25 05:01:00,224.862643966
2018-06-25 05:02:00,224.862643966
2018-06-25 05:03:00,224.862643966
2018-06-25 05:04:00,224.862643966
2018-06-25 05:05:00,224.862643966
2018-06-25 05:06:00,224.862643966
2018-06-25 05:07:00,224.862643966
2018-06-25 05:08:00,234.696780429
2018-06-25 05:09:00,234.696780429
2018-06-25 05:10:00,244.530916891
2018-06-25 05:11:00,244.530916891
2018-06-25 05:12:00,244.530916891
2018-06-25 05:13:00,244.530916891
2018-06-25 05:14:00,244.530916891
2018-06-25 05:15:00,244.530916891
2018-06-25 05:16:00,254.365053354
2018-06-25 05:17:00,264.199189816
2018-06-25 05:18:00,264.199189816
2018-06-25 05:19:00,264.199189816
2018-06-25 05:20:00,264.199189816
2018-06-25 05:21:00,254.365053354
2018-06-25 05:22:00,254.365053354
2018-06-25 05:23:00,254.365053354
2018-06-25 05:24:00,254.365053354
2018-06-25 05:25:00,244.530916891
2018-06-25 05:26:00,244.530916891
2018-06-25 05:27:00,264.199189816
2018-06-25 05:28:00,264.199189816
2018-06-25 05:29:00,254.365053354
2018-06-25 05:30:00,254.365053354
2018-06-25 05:31:00,254.365053354
2018-06-25 05:32:00,254.365053354
2018-06-25 05:33:00,264.199189816
2018-06-25 05:34:00,264.199189816
2018-06-25 05:35:00,264.199189816
2018-06-25 05:36:00,264.199189816
2018-06-25 05:37:00,264.199189816
2018-06-25 05:38:00,264.199189816
2018-06-25 05:39:00,264.199189816
2018-06-25 05:40:00,244.530916891
2018-06-25 05:41:00,254.365053354
2018-06-25 05:42:00,254.365053354
2018-06-25 05:43:00,264.199189816
2018-06-25 05:44:00,254.365053354
2018-06-25 05:45:00,244.530916891
2018-06-25 05:46:00,244.530916891
2018-06-25 05:47:00,244.530916891
2018-06-25 05:48:00,244.530916891
2018-06-25 05:49:00,244.530916891
2018-06-25 05:50:00,195.360234579
2018-06-25 05:51:00,195.360234579
2018-06-25 05:52:00,185.526098116
2018-06-25 05:53:00,185.526098116
2018-06-25 05:54:00,185.526098116
2018-06-25 05:55:00,165.857825191
2018-06-25 05:56:00,165.857825191
2018-06-25 05:57:00,165.857825191
2018-06-25 05:58:00,165.857825191
2018-06-25 05:59:00,146.189552266
2018-06-25 06:00:00,146.189552266
2018-06-25 06:01:00,146.189552266
2018-06-25 06:02:00,156.023688729
2018-06-25 06:03:00,156.023688729
2018-06-25 06:04:00,165.857825191
2018-06-25 06:05:00,165.857825191
2018-06-25 06:06:00,165.857825191
2018-06-25 06:07:00,165.857825191
2018-06-25 06:08:00,146.189552266
2018-06-25 06:09:00,136.355415804
2018-06-25 06:10:00,136.355415804
2018-06-25 06:11:00,126.521279341
2018-06-25 06:12:00,126.521279341
2018-06-25 06:13:00,126.521279341
2018-06-25 06:14:00,126.521279341
2018-06-25 06:15:00,126.521279341
2018-06-25 06:16:00,126.521279341
2018-06-25 06:17:00,136.355415804
2018-06-25 06:18:00,136.355415804
2018-06-25 06:19:00,146.189552266
2018-06-25 06:20:00,136.355415804
2018-06-25 06:21:00,136.355415804
2018-06-25 06:22:00,136.355415804
2018-06-25 06:23:00,126.521279341
2018-06-25 06:24:00,146.189552266
2018-06-25 06:25:00,126.521279341
2018-06-25 06:26:00,126.521279341
2018-06-25 06:27:00,126.521279341
2018-06-25 06:28:00,126.521279341
2018-06-25 06:29:00,126.521279341
2018-06-25 06:30:00,136.355415804
2018-06-25 06:31:00,126.521279341
2018-06-25 06:32:00,126.521279341
2018-06-25 06:33:00,126.521279341
2018-06-25 06:34:00,126.521279341
2018-06-25 06:35:00,126.521279341
2018-06-25 06:36:00,136.355415804
2018-06-25 06:37:00,126.521279341
2018-06-25 06:38:00,156.023688729
2018-06-25 06:39:00,156.023688729
2018-06-25 06:40:00,156.023688729
2018-06-25 06:41:00,156.023688729
2018-06-25 06:42:00,156.023688729
2018-06-25 06:43:00,165.857825191
2018-06-25 06:44:00,165.857825191
2018-06-25 06:45:00,165.857825191
2018-06-25 06:46:00,165.857825191
2018-06-25 06:47:00,175.691961654
2018-06-25 06:48:00,165.857825191
2018-06-25 06:49:00,175.691961654
2018-06-25 06:50:00,175.691961654
2018-06-25 06:51:00,185.526098116
2018-06-25 06:52:00,185.526098116
2018-06-25 06:53:00,185.526098116
2018-06-25 06:54:00,185.526098116
2018-06-25 06:55:00,185.526098116
2018-06-25 06:56:00,185.526098116
2018-06-25 06:57:00,185.526098116
2018-06-25 06:58:00,185.526098116
2018-06-25 06:59:00,185.526098116
2018-06-25 07:00:00,185.526098116
2018-06-25 07:01:00,185.526098116
2018-06-25 07:02:00,185.526098116
2018-06-25 07:03:00,185.526098116
2018-06-25 07:04:00,185.526098116
2018-06-25 07:05:00,185.526098116
2018-06-25 07:06:00,165.857825191
2018-06-25 07:07:00,165.857825191
2018-06-25 07:08:00,185.526098116
2018-06-25 07:09:00,175.691961654
2018-06-25 07:10:00,175.691961654
2018-06-25 07:11:00,185.526098116
2018-06-25 07:12:00,185.526098116
2018-06-25 07:13:00,185.526098116
2018-06-25 07:14:00,185.526098116
2018-06-25 07:15:00,185.526098116
2018-06-25 07:16:00,185.526098116
2018-06-25 07:17:00,185.526098116
2018-06-25 07:18:00,185.526098116
2018-06-25 07:19:00,185.526098116
2018-06-25 07:20:00,185.526098116
2018-06-25 07:21:00,185.526098116
2018-06-25 07:22:00,185.526098116
2018-06-25 07:23:00,165.857825191
2018-06-25 07:24:00,165.857825191
2018-06-25 07:25:00,165.857825191
2018-06-25 07:26:00,165.857825191
2018-06-25 07:27:00,165.857825191
2018-06-25 07:28:00,165.857825191
2018-06-25 07:29:00,165.857825191
2018-06-25 07:30:00,165.857825191
2018-06-25 07:31:00,185.526098116
2018-06-25 07:32:00,185.526098116
2018-06-25 07:33:00,185.526098116
2018-06-25 07:34:00,185.526098116
2018-06-25 07:35:00,185.526098116
2018-06-25 07:36:00,185.526098116
2018-06-25 07:37:00,185.526098116
2018-06-25 07:38:00,165.857825191
2018-06-25 07:39:00,165.857825191
2018-06-25 07:40:00,165.857825191
2018-06-25 07:41:00,165.857825191
2018-06-25 07:42:00,175.691961654
2018-06-25 07:43:00,185.526098116
2018-06-25 07:44:00,185.526098116
2018-06-25 07:45:00,185.526098116
2018-06-25 07:46:00,185.526098116
2018-06-25 07:47:00,185.526098116
2018-06-25 07:48:00,165.857825191
2018-06-25 07:49:00,165.857825191
2018-06-25 07:50:00,165.857825191
2018-06-25 07:51:00,165.857825191
2018-06-25 07:52:00,175.691961654
2018-06-25 07:53:00,165.857825191
2018-06-25 07:54:00,165.857825191
2018-06-25 07:55:00,175.691961654
2018-06-25 07:56:00,165.857825191
2018-06-25 07:57:00,165.857825191
2018-06-25 07:58:00,156.023688729
2018-06-25 07:59:00,165.857825191
2018-06-25 08:00:00,165.857825191
2018-06-25 08:01:00,165.857825191
2018-06-25 08:02:00,165.857825191
2018-06-25 08:03:00,165.857825191
2018-06-25 08:04:00,175.691961654
2018-06-25 08:05:00,165.857825191
2018-06-25 08:06:00,165.857825191
2018-06-25 08:07:00,165.857825191
2018-06-25 08:08:00,156.023688729
2018-06-25 08:09:00,165.857825191
2018-06-25 08:10:00,165.857825191
2018-06-25 08:11:00,165.857825191
2018-06-25 08:12:00,126.521279341
2018-06-25 08:13:00,146.189552266
2018-06-25 08:14:00,146.189552266
2018-06-25 08:15:00,146.189552266
2018-06-25 08:16:00,146.189552266
2018-06-25 08:17:00,146.189552266
2018-06-25 08:18:00,146.189552266
2018-06-25 08:19:00,146.189552266
2018-06-25 08:20:00,156.023688729
2018-06-25 08:21:00,156.023688729
2018-06-25 08:22:00,156.023688729
2018-06-25 08:23:00,156.023688729
2018-06-25 08:24:00,156.023688729
2018-06-25 08:25:00,156.023688729
2018-06-25 08:26:00,156.023688729
2018-06-25 08:27:00,156.023688729
2018-06-25 08:28:00,156.023688729
2018-06-25 08:29:00,156.023688729
2018-06-25 08:30:00,156.023688729
2018-06-25 08:31:00,156.023688729
2018-06-25 08:32:00,156.023688729
2018-06-25 08:33:00,156.023688729
2018-06-25 08:34:00,126.521279341
2018-06-25 08:35:00,126.521279341
2018-06-25 08:36:00,126.521279341
2018-06-25 08:37:00,126.521279341
2018-06-25 08:38:00,146.189552266
2018-06-25 08:39:00,146.189552266
2018-06-25 08:40:00,146.189552266
2018-06-25 08:41:00,165.857825191
2018-06-25 08:42:00,165.857825191
2018-06-25 08:43:00,136.355415804
2018-06-25 08:44:00,146.189552266
2018-06-25 08:45:00,156.023688729
2018-06-25 08:46:00,156.023688729
2018-06-25 08:47:00,165.857825191
2018-06-25 08:48:00,165.857825191
2018-06-25 08:49:00,165.857825191
2018-06-25 08:50:00,175.691961654
2018-06-25 08:51:00,175.691961654
2018-06-25 08:52:00,175.691961654
2018-06-25 08:53:00,175.691961654
2018-06-25 08:54:00,175.691961654
2018-06-25 08:55:00,175.691961654
2018-06-25 08:56:00,175.691961654
2018-06-25 08:57:00,175.691961654
2018-06-25 08:58:00,175.691961654
2018-06-25 08:59:00,175.691961654
2018-06-25 09:00:00,205.194371041
2018-06-25 09:01:00,205.194371041
2018-06-25 09:02:00,224.862643966
2018-06-25 09:03:00,224.862643966
2018-06-25 09:04:00,215.028507504
2018-06-25 09:05:00,224.862643966
2018-06-25 09:06:00,215.028507504
2018-06-25 09:07:00,224.862643966
2018-06-25 09:08:00,224.862643966
2018-06-25 09:09:00,234.696780429
2018-06-25 09:10:00,224.862643966
2018-06-25 09:11:00,234.696780429
2018-06-25 09:12:00,234.696780429
2018-06-25 09:13:00,234.696780429
2018-06-25 09:14:00,224.862643966
2018-06-25 09:15:00,224.862643966
2018-06-25 09:16:00,234.696780429
2018-06-25 09:17:00,224.862643966
2018-06-25 09:18:00,224.862643966
2018-06-25 09:19:00,234.696780429
2018-06-25 09:20:00,234.696780429
2018-06-25 09:21:00,224.862643966
2018-06-25 09:22:00,224.862643966
2018-06-25 09:23:00,215.028507504
2018-06-25 09:24:00,215.028507504
2018-06-25 09:25:00,205.194371041
2018-06-25 09:26:00,205.194371041
2018-06-25 09:27:00,205.194371041
2018-06-25 09:28:00,185.526098116
2018-06-25 09:29:00,185.526098116
2018-06-25 09:30:00,195.360234579
2018-06-25 09:31:00,205.194371041
2018-06-25 09:32:00,215.028507504
2018-06-25 09:33:00,215.028507504
2018-06-25 09:34:00,205.194371041
2018-06-25 09:35:00,205.194371041
2018-06-25 09:36:00,195.360234579
2018-06-25 09:37:00,195.360234579
2018-06-25 09:38:00,205.194371041
2018-06-25 09:39:00,224.862643966
2018-06-25 09:40:00,224.862643966
2018-06-25 09:41:00,224.862643966
2018-06-25 09:42:00,224.862643966
2018-06-25 09:43:00,224.862643966
2018-06-25 09:44:00,215.028507504
2018-06-25 09:45:00,224.862643966
2018-06-25 09:46:00,224.862643966
2018-06-25 09:47:00,224.862643966
2018-06-25 09:48:00,224.862643966
2018-06-25 09:49:00,224.862643966
2018-06-25 09:50:00,224.862643966
2018-06-25 09:51:00,224.862643966
2018-06-25 09:52:00,224.862643966
2018-06-25 09:53:00,234.696780429
2018-06-25 09:54:00,234.696780429
2018-06-25 09:55:00,244.530916891
2018-06-25 09:56:00,244.530916891
2018-06-25 09:57:00,234.696780429
2018-06-25 09:58:00,224.862643966
2018-06-25 09:59:00,224.862643966
2018-06-25 10:00:00,234.696780429
2018-06-25 10:01:00,234.696780429
2018-06-25 10:02:00,234.696780429
2018-06-25 10:03:00,244.530916891
2018-06-25 10:04:00,234.696780429
2018-06-25 10:05:00,264.199189816
2018-06-25 10:06:00,264.199189816
2018-06-25 10:07:00,234.696780429
2018-06-25 10:08:00,234.696780429
2018-06-25 10:09:00,224.862643966
2018-06-25 10:10:00,224.862643966
2018-06-25 10:11:00,234.696780429
2018-06-25 10:12:00,244.530916891
2018-06-25 10:13:00,244.530916891
2018-06-25 10:14:00,244.530916891
2018-06-25 10:15:00,244.530916891
2018-06-25 10:16:00,234.696780429
2018-06-25 10:17:00,244.530916891
2018-06-25 10:18:00,254.365053354
2018-06-25 10:19:00,254.365053354
2018-06-25 10:20:00,264.199189816
2018-06-25 10:21:00,264.199189816
2018-06-25 10:22:00,264.199189816
2018-06-25 10:23:00,264.199189816
2018-06-25 10:24:00,264.199189816
2018-06-25 10:25:00,264.199189816
2018-06-25 10:26:00,244.530916891
2018-06-25 10:27:00,254.365053354
2018-06-25 10:28:00,254.365053354
2018-06-25 10:29:00,264.199189816
2018-06-25 10:30:00,264.199189816
2018-06-25 10:31:00,264.199189816
2018-06-25 10:32:00,264.199189816
2018-06-25 10:33:00,264.199189816
2018-06-25 10:34:00,264.199189816
2018-06-25 10:35:00,264.199189816
2018-06-25 10:36:00,264.199189816
2018-06-25 10:37:00,264.199189816
2018-06-25 10:38:00,264.199189816
2018-06-25 10:39:00,264.199189816
2018-06-25 10:40:00,264.199189816
2018-06-25 10:41:00,264.199189816
2018-06-25 10:42:00,264.199189816
2018-06-25 10:43:00,264.199189816
2018-06-25 10:44:00,264.199189816
2018-06-25 10:45:00,264.199189816
2018-06-25 10:46:00,264.199189816
2018-06-25 10:47:00,264.199189816
2018-06-25 10:48:00,264.199189816
2018-06-25 10:49:00,264.199189816
2018-06-25 10:50:00,274.033326279
2018-06-25 10:51:00,274.033326279
2018-06-25 10:52:00,274.033326279
2018-06-25 10:53:00,283.867462741
2018-06-25 10:54:00,303.535735666
2018-06-25 10:55:00,303.535735666
2018-06-25 10:56:00,303.535735666
2018-06-25 10:57:00,303.535735666
2018-06-25 10:58:00,303.535735666
2018-06-25 10:59:00,303.535735666
2018-06-25 11:00:00,303.535735666
2018-06-25 11:01:00,303.535735666
2018-06-25 11:02:00,303.535735666
2018-06-25 11:03:00,303.535735666
2018-06-25 11:04:00,303.535735666
2018-06-25 11:05:00,303.535735666
2018-06-25 11:06:00,313.369872129
2018-06-25 11:07:00,313.369872129
2018-06-25 11:08:00,323.204008591
2018-06-25 11:09:00,333.038145054
2018-06-25 11:10:00,342.872281516
2018-06-25 11:11:00,342.872281516
2018-06-25 11:12:00,342.872281516
2018-06-25 11:13:00,342.872281516
2018-06-25 11:14:00,342.872281516
2018-06-25 11:15:00,333.038145054
2018-06-25 11:16:00,333.038145054
2018-06-25 11:17:00,333.038145054
2018-06-25 11:18:00,323.204008591
2018-06-25 11:19:00,323.204008591
2018-06-25 11:20:00,323.204008591
2018-06-25 11:21:00,342.872281516
2018-06-25 11:22:00,323.204008591
2018-06-25 11:23:00,323.204008591
2018-06-25 11:24:00,323.204008591
2018-06-25 11:25:00,323.204008591
2018-06-25 11:26:00,323.204008591
2018-06-25 11:27:00,323.204008591
2018-06-25 11:28:00,333.038145054
2018-06-25 11:29:00,333.038145054
2018-06-25 11:30:00,323.204008591
2018-06-25 11:31:00,313.369872129
2018-06-25 11:32:00,323.204008591
2018-06-25 11:33:00,323.204008591
2018-06-25 11:34:00,342.872281516
2018-06-25 11:35:00,333.038145054
2018-06-25 11:36:00,342.872281516
2018-06-25 11:37:00,323.204008591
2018-06-25 11:38:00,323.204008591
2018-06-25 11:39:00,323.204008591
2018-06-25 11:40:00,323.204008591
2018-06-25 11:41:00,323.204008591
2018-06-25 11:42:00,303.535735666
2018-06-25 11:43:00,303.535735666
2018-06-25 11:44:00,303.535735666
2018-06-25 11:45:00,303.535735666
2018-06-25 11:46:00,303.535735666
2018-06-25 11:47:00,303.535735666
2018-06-25 11:48:00,293.701599204
2018-06-25 11:49:00,283.867462741
2018-06-25 11:50:00,283.867462741
2018-06-25 11:51:00,283.867462741
2018-06-25 11:52:00,283.867462741
2018-06-25 11:53:00,283.867462741
2018-06-25 11:54:00,283.867462741
2018-06-25 11:55:00,283.867462741
2018-06-25 11:56:00,283.867462741
2018-06-25 11:57:00,283.867462741
2018-06-25 11:58:00,283.867462741
2018-06-25 11:59:00,283.867462741
2018-06-26 01:29:00,480.550191991
2018-06-26 01:30:00,480.550191991
2018-06-26 01:31:00,480.550191991
2018-06-26 01:32:00,480.550191991
2018-06-26 01:33:00,480.550191991
2018-06-26 01:34:00,215.028507504
2018-06-26 01:35:00,224.862643966
2018-06-26 01:36:00,224.862643966
2018-06-26 01:37:00,224.862643966
2018-06-26 01:38:00,215.028507504
2018-06-26 01:39:00,215.028507504
2018-06-26 01:40:00,215.028507504
2018-06-26 01:41:00,234.696780429
2018-06-26 01:42:00,234.696780429
2018-06-26 01:43:00,215.028507504
2018-06-26 01:44:00,205.194371041
2018-06-26 01:45:00,205.194371041
2018-06-26 01:46:00,205.194371041
2018-06-26 01:47:00,205.194371041
2018-06-26 01:48:00,215.028507504
2018-06-26 01:49:00,215.028507504
2018-06-26 01:50:00,215.028507504
2018-06-26 01:51:00,215.028507504
2018-06-26 01:52:00,215.028507504
2018-06-26 01:53:00,215.028507504
2018-06-26 01:54:00,215.028507504
2018-06-26 01:55:00,215.028507504
2018-06-26 01:56:00,215.028507504
2018-06-26 01:57:00,215.028507504
2018-06-26 01:58:00,205.194371041
2018-06-26 01:59:00,195.360234579
2018-06-26 02:00:00,205.194371041
2018-06-26 02:01:00,205.194371041
2018-06-26 02:02:00,215.028507504
2018-06-26 02:03:00,215.028507504
2018-06-26 02:04:00,215.028507504
2018-06-26 02:05:00,215.028507504
2018-06-26 02:06:00,185.526098116
2018-06-26 02:07:00,185.526098116
2018-06-26 02:08:00,185.526098116
2018-06-26 02:09:00,185.526098116
2018-06-26 02:10:00,195.360234579
2018-06-26 02:11:00,185.526098116
2018-06-26 02:12:00,185.526098116
2018-06-26 02:13:00,185.526098116
2018-06-26 02:14:00,185.526098116
2018-06-26 02:15:00,205.194371041
2018-06-26 02:16:00,205.194371041
2018-06-26 02:17:00,205.194371041
2018-06-26 02:18:00,205.194371041
2018-06-26 02:19:00,205.194371041
2018-06-26 02:20:00,205.194371041
2018-06-26 02:21:00,215.028507504
2018-06-26 02:22:00,205.194371041
2018-06-26 02:23:00,205.194371041
2018-06-26 02:24:00,205.194371041
2018-06-26 02:25:00,205.194371041
2018-06-26 02:26:00,205.194371041
2018-06-26 02:27:00,205.194371041
2018-06-26 02:28:00,205.194371041
2018-06-26 02:29:00,195.360234579
2018-06-26 02:30:00,195.360234579
2018-06-26 02:31:00,205.194371041
2018-06-26 02:32:00,205.194371041
2018-06-26 02:33:00,185.526098116
2018-06-26 02:34:00,175.691961654
2018-06-26 02:35:00,165.857825191
2018-06-26 02:36:00,165.857825191
2018-06-26 02:37:00,165.857825191
2018-06-26 02:38:00,185.526098116
2018-06-26 02:39:00,185.526098116
2018-06-26 02:40:00,185.526098116
2018-06-26 02:41:00,185.526098116
2018-06-26 02:42:00,165.857825191
2018-06-26 02:43:00,165.857825191
2018-06-26 02:44:00,185.526098116
2018-06-26 02:45:00,185.526098116
2018-06-26 02:46:00,185.526098116
2018-06-26 02:47:00,185.526098116
2018-06-26 02:48:00,185.526098116
2018-06-26 02:49:00,185.526098116
2018-06-26 02:50:00,185.526098116
2018-06-26 02:51:00,185.526098116
2018-06-26 02:52:00,185.526098116
2018-06-26 02:53:00,195.360234579
2018-06-26 02:54:00,185.526098116
2018-06-26 02:55:00,185.526098116
2018-06-26 02:56:00,185.526098116
2018-06-26 02:57:00,185.526098116
2018-06-26 02:58:00,185.526098116
2018-06-26 02:59:00,175.691961654
2018-06-26 03:00:00,175.691961654
2018-06-26 03:01:00,175.691961654
2018-06-26 03:02:00,185.526098116
2018-06-26 03:03:00,185.526098116
2018-06-26 03:04:00,175.691961654
2018-06-26 03:05:00,185.526098116
2018-06-26 03:06:00,185.526098116
2018-06-26 03:07:00,185.526098116
2018-06-26 03:08:00,185.526098116
2018-06-26 03:09:00,185.526098116
2018-06-26 03:10:00,205.194371041
2018-06-26 03:11:00,205.194371041
2018-06-26 03:12:00,205.194371041
2018-06-26 03:13:00,205.194371041
2018-06-26 03:14:00,205.194371041
2018-06-26 03:15:00,205.194371041
2018-06-26 03:16:00,224.862643966
2018-06-26 03:17:00,215.028507504
2018-06-26 03:18:00,215.028507504
2018-06-26 03:19:00,215.028507504
2018-06-26 03:20:00,205.194371041
2018-06-26 03:21:00,215.028507504
2018-06-26 03:22:00,195.360234579
2018-06-26 03:23:00,195.360234579
2018-06-26 03:24:00,195.360234579
2018-06-26 03:25:00,195.360234579
2018-06-26 03:26:00,195.360234579
2018-06-26 03:27:00,195.360234579
2018-06-26 03:28:00,205.194371041
2018-06-26 03:29:00,205.194371041
2018-06-26 03:30:00,195.360234579
2018-06-26 03:31:00,195.360234579
2018-06-26 03:32:00,195.360234579
2018-06-26 03:33:00,185.526098116
2018-06-26 03:34:00,185.526098116
2018-06-26 03:35:00,185.526098116
2018-06-26 03:36:00,185.526098116
2018-06-26 03:37:00,185.526098116
2018-06-26 03:38:00,185.526098116
2018-06-26 03:39:00,185.526098116
2018-06-26 03:40:00,185.526098116
2018-06-26 03:41:00,185.526098116
2018-06-26 03:42:00,185.526098116
2018-06-26 03:43:00,185.526098116
2018-06-26 03:44:00,195.360234579
2018-06-26 03:45:00,205.194371041
2018-06-26 03:46:00,205.194371041
2018-06-26 03:47:00,195.360234579
2018-06-26 03:48:00,195.360234579
2018-06-26 03:49:00,195.360234579
2018-06-26 03:50:00,185.526098116
2018-06-26 03:51:00,195.360234579
2018-06-26 03:52:00,195.360234579
2018-06-26 03:53:00,195.360234579
2018-06-26 03:54:00,195.360234579
2018-06-26 03:55:00,195.360234579
2018-06-26 03:56:00,205.194371041
2018-06-26 03:57:00,195.360234579
2018-06-26 03:58:00,195.360234579
2018-06-26 03:59:00,205.194371041
2018-06-26 04:00:00,205.194371041
2018-06-26 04:01:00,205.194371041
2018-06-26 04:02:00,185.526098116
2018-06-26 04:03:00,185.526098116
2018-06-26 04:04:00,195.360234579
2018-06-26 04:05:00,205.194371041
2018-06-26 04:06:00,205.194371041
2018-06-26 04:07:00,205.194371041
2018-06-26 04:08:00,205.194371041
2018-06-26 04:09:00,205.194371041
2018-06-26 04:10:00,205.194371041
2018-06-26 04:11:00,205.194371041
2018-06-26 04:12:00,254.365053354
2018-06-26 04:13:00,264.199189816
2018-06-26 04:14:00,264.199189816
2018-06-26 04:15:00,244.530916891
2018-06-26 04:16:00,244.530916891
2018-06-26 04:17:00,244.530916891
2018-06-26 04:18:00,244.530916891
2018-06-26 04:19:00,254.365053354
2018-06-26 04:20:00,244.530916891
2018-06-26 04:21:00,244.530916891
2018-06-26 04:22:00,244.530916891
2018-06-26 04:23:00,244.530916891
2018-06-26 04:24:00,244.530916891
2018-06-26 04:25:00,254.365053354
2018-06-26 04:26:00,264.199189816
2018-06-26 04:27:00,244.530916891
2018-06-26 04:28:00,244.530916891
2018-06-26 04:29:00,244.530916891
2018-06-26 04:30:00,264.199189816
2018-06-26 04:31:00,264.199189816
2018-06-26 04:32:00,264.199189816
2018-06-26 04:33:00,283.867462741
2018-06-26 04:34:00,283.867462741
2018-06-26 04:35:00,283.867462741
2018-06-26 04:36:00,283.867462741
2018-06-26 04:37:00,283.867462741
2018-06-26 04:38:00,303.535735666
2018-06-26 04:39:00,303.535735666
2018-06-26 04:40:00,303.535735666
2018-06-26 04:41:00,303.535735666
2018-06-26 04:42:00,293.701599204
2018-06-26 04:43:00,303.535735666
2018-06-26 04:44:00,293.701599204
2018-06-26 04:45:00,303.535735666
2018-06-26 04:46:00,283.867462741
2018-06-26 04:47:00,283.867462741
2018-06-26 04:48:00,274.033326279
2018-06-26 04:49:00,283.867462741
2018-06-26 04:50:00,283.867462741
2018-06-26 04:51:00,283.867462741
2018-06-26 04:52:00,283.867462741
2018-06-26 04:53:00,283.867462741
2018-06-26 04:54:00,283.867462741
2018-06-26 04:55:00,264.199189816
2018-06-26 04:56:00,283.867462741
2018-06-26 04:57:00,283.867462741
2018-06-26 04:58:00,283.867462741
2018-06-26 04:59:00,254.365053354
2018-06-26 05:00:00,274.033326279
2018-06-26 05:01:00,274.033326279
2018-06-26 05:02:00,283.867462741
2018-06-26 05:03:00,283.867462741
2018-06-26 05:04:00,283.867462741
2018-06-26 05:05:00,283.867462741
2018-06-26 05:06:00,303.535735666
2018-06-26 05:07:00,303.535735666
2018-06-26 05:08:00,303.535735666
2018-06-26 05:09:00,283.867462741
2018-06-26 05:10:00,283.867462741
2018-06-26 05:11:00,303.535735666
2018-06-26 05:12:00,323.204008591
2018-06-26 05:13:00,333.038145054
2018-06-26 05:14:00,342.872281516
2018-06-26 05:15:00,333.038145054
2018-06-26 05:16:00,333.038145054
2018-06-26 05:17:00,333.038145054
2018-06-26 05:18:00,333.038145054
2018-06-26 05:19:00,333.038145054
2018-06-26 05:20:00,333.038145054
2018-06-26 05:21:00,342.872281516
2018-06-26 05:22:00,342.872281516
2018-06-26 05:23:00,342.872281516
2018-06-26 05:24:00,342.872281516
2018-06-26 05:25:00,362.540554441
2018-06-26 05:26:00,382.208827366
2018-06-26 05:27:00,382.208827366
2018-06-26 05:28:00,382.208827366
2018-06-26 05:29:00,382.208827366
2018-06-26 05:30:00,382.208827366
2018-06-26 05:31:00,392.042963829
2018-06-26 05:32:00,392.042963829
2018-06-26 05:33:00,401.877100291
2018-06-26 05:34:00,401.877100291
2018-06-26 05:35:00,401.877100291
2018-06-26 05:36:00,401.877100291
2018-06-26 05:37:00,401.877100291
2018-06-26 05:38:00,382.208827366
2018-06-26 05:39:00,382.208827366
2018-06-26 05:40:00,382.208827366
2018-06-26 05:41:00,382.208827366
2018-06-26 05:42:00,382.208827366
2018-06-26 05:43:00,382.208827366
2018-06-26 05:44:00,382.208827366
2018-06-26 05:45:00,382.208827366
2018-06-26 05:46:00,382.208827366
2018-06-26 05:47:00,382.208827366
2018-06-26 05:48:00,382.208827366
2018-06-26 05:49:00,382.208827366
2018-06-26 05:50:00,382.208827366
2018-06-26 05:51:00,372.374690904
2018-06-26 05:52:00,362.540554441
2018-06-26 05:53:00,382.208827366
2018-06-26 05:54:00,352.706417979
2018-06-26 05:55:00,352.706417979
2018-06-26 05:56:00,352.706417979
2018-06-26 05:57:00,352.706417979
2018-06-26 05:58:00,352.706417979
2018-06-26 05:59:00,352.706417979
2018-06-26 06:00:00,313.369872129
2018-06-26 06:01:00,313.369872129
2018-06-26 06:02:00,313.369872129
2018-06-26 06:03:00,323.204008591
2018-06-26 06:04:00,362.540554441
2018-06-26 06:05:00,382.208827366
2018-06-26 06:06:00,382.208827366
2018-06-26 06:07:00,372.374690904
2018-06-26 06:08:00,372.374690904
2018-06-26 06:09:00,372.374690904
2018-06-26 06:10:00,372.374690904
2018-06-26 06:11:00,352.706417979
2018-06-26 06:12:00,362.540554441
2018-06-26 06:13:00,372.374690904
2018-06-26 06:14:00,372.374690904
2018-06-26 06:15:00,372.374690904
2018-06-26 06:16:00,372.374690904
2018-06-26 06:17:00,372.374690904
2018-06-26 06:18:00,382.208827366
2018-06-26 06:19:00,382.208827366
2018-06-26 06:20:00,382.208827366
2018-06-26 06:21:00,382.208827366
2018-06-26 06:22:00,382.208827366
2018-06-26 06:23:00,372.374690904
2018-06-26 06:24:00,372.374690904
2018-06-26 06:25:00,372.374690904
2018-06-26 06:26:00,382.208827366
2018-06-26 06:27:00,382.208827366
2018-06-26 06:28:00,382.208827366
2018-06-26 06:29:00,372.374690904
2018-06-26 06:30:00,362.540554441
2018-06-26 06:31:00,362.540554441
2018-06-26 06:32:00,362.540554441
2018-06-26 06:33:00,362.540554441
2018-06-26 06:34:00,362.540554441
2018-06-26 06:35:00,362.540554441
2018-06-26 06:36:00,342.872281516
2018-06-26 06:37:00,362.540554441
2018-06-26 06:38:00,362.540554441
2018-06-26 06:39:00,362.540554441
2018-06-26 06:40:00,362.540554441
2018-06-26 06:41:00,362.540554441
2018-06-26 06:42:00,362.540554441
2018-06-26 06:43:00,342.872281516
2018-06-26 06:44:00,342.872281516
2018-06-26 06:45:00,342.872281516
2018-06-26 06:46:00,342.872281516
2018-06-26 06:47:00,333.038145054
2018-06-26 06:48:00,333.038145054
2018-06-26 06:49:00,342.872281516
2018-06-26 06:50:00,362.540554441
2018-06-26 06:51:00,372.374690904
2018-06-26 06:52:00,372.374690904
2018-06-26 06:53:00,362.540554441
2018-06-26 06:54:00,362.540554441
2018-06-26 06:55:00,362.540554441
2018-06-26 06:56:00,362.540554441
2018-06-26 06:57:00,362.540554441
2018-06-26 06:58:00,362.540554441
2018-06-26 06:59:00,362.540554441
2018-06-26 07:00:00,342.872281516
2018-06-26 07:01:00,342.872281516
2018-06-26 07:02:00,342.872281516
2018-06-26 07:03:00,352.706417979
2018-06-26 07:04:00,342.872281516
2018-06-26 07:05:00,342.872281516
2018-06-26 07:06:00,342.872281516
2018-06-26 07:07:00,342.872281516
2018-06-26 07:08:00,342.872281516
2018-06-26 07:09:00,342.872281516
2018-06-26 07:10:00,342.872281516
2018-06-26 07:11:00,342.872281516
2018-06-26 07:12:00,342.872281516
2018-06-26 07:13:00,323.204008591
2018-06-26 07:14:00,323.204008591
2018-06-26 07:15:00,323.204008591
2018-06-26 07:16:00,333.038145054
2018-06-26 07:17:00,333.038145054
2018-06-26 07:18:00,323.204008591
2018-06-26 07:19:00,323.204008591
2018-06-26 07:20:00,333.038145054
2018-06-26 07:21:00,323.204008591
2018-06-26 07:22:00,333.038145054
2018-06-26 07:23:00,333.038145054
2018-06-26 07:24:00,333.038145054
2018-06-26 07:25:00,333.038145054
2018-06-26 07:26:00,333.038145054
2018-06-26 07:27:00,333.038145054
2018-06-26 07:28:00,333.038145054
2018-06-26 07:29:00,323.204008591
2018-06-26 07:30:00,313.369872129
2018-06-26 07:31:00,323.204008591
2018-06-26 07:32:00,313.369872129
2018-06-26 07:33:00,313.369872129
2018-06-26 07:34:00,303.535735666
2018-06-26 07:35:00,283.867462741
2018-06-26 07:36:00,283.867462741
2018-06-26 07:37:00,283.867462741
2018-06-26 07:38:00,283.867462741
2018-06-26 07:39:00,283.867462741
2018-06-26 07:40:00,283.867462741
2018-06-26 07:41:00,283.867462741
2018-06-26 07:42:00,283.867462741
2018-06-26 07:43:00,283.867462741
2018-06-26 07:44:00,283.867462741
2018-06-26 07:45:00,283.867462741
2018-06-26 07:46:00,283.867462741
2018-06-26 07:47:00,283.867462741
2018-06-26 07:48:00,283.867462741
2018-06-26 07:49:00,283.867462741
2018-06-26 07:50:00,283.867462741
2018-06-26 07:51:00,283.867462741
2018-06-26 07:52:00,283.867462741
2018-06-26 07:53:00,283.867462741
2018-06-26 07:54:00,293.701599204
2018-06-26 07:55:00,303.535735666
2018-06-26 07:56:00,303.535735666
2018-06-26 07:57:00,323.204008591
2018-06-26 07:58:00,323.204008591
2018-06-26 07:59:00,323.204008591
2018-06-26 08:00:00,303.535735666
2018-06-26 08:01:00,303.535735666
2018-06-26 08:02:00,303.535735666
2018-06-26 08:03:00,303.535735666
2018-06-26 08:04:00,303.535735666
2018-06-26 08:05:00,303.535735666
2018-06-26 08:06:00,313.369872129
2018-06-26 08:07:00,303.535735666
2018-06-26 08:08:00,313.369872129
2018-06-26 08:09:00,313.369872129
2018-06-26 08:10:00,313.369872129
2018-06-26 08:11:00,313.369872129
2018-06-26 08:12:00,313.369872129
2018-06-26 08:13:00,313.369872129
2018-06-26 08:14:00,313.369872129
2018-06-26 08:15:00,313.369872129
2018-06-26 08:16:00,293.701599204
2018-06-26 08:17:00,283.867462741
2018-06-26 08:18:00,293.701599204
2018-06-26 08:19:00,293.701599204
2018-06-26 08:20:00,283.867462741
2018-06-26 08:21:00,283.867462741
2018-06-26 08:22:00,283.867462741
2018-06-26 08:23:00,283.867462741
2018-06-26 08:24:00,283.867462741
2018-06-26 08:25:00,283.867462741
2018-06-26 08:26:00,283.867462741
2018-06-26 08:27:00,283.867462741
2018-06-26 08:28:00,283.867462741
2018-06-26 08:29:00,283.867462741
2018-06-26 08:30:00,274.033326279
2018-06-26 08:31:00,283.867462741
2018-06-26 08:32:00,264.199189816
2018-06-26 08:33:00,264.199189816
2018-06-26 08:34:00,264.199189816
2018-06-26 08:35:00,264.199189816
2018-06-26 08:36:00,283.867462741
2018-06-26 08:37:00,283.867462741
2018-06-26 08:38:00,293.701599204
2018-06-26 08:39:00,303.535735666
2018-06-26 08:40:00,323.204008591
2018-06-26 08:41:00,313.369872129
2018-06-26 08:42:00,313.369872129
2018-06-26 08:43:00,313.369872129
2018-06-26 08:44:00,313.369872129
2018-06-26 08:45:00,323.204008591
2018-06-26 08:46:00,323.204008591
2018-06-26 08:47:00,323.204008591
2018-06-26 08:48:00,323.204008591
2018-06-26 08:49:00,323.204008591
2018-06-26 08:50:00,323.204008591
2018-06-26 08:51:00,313.369872129
2018-06-26 08:52:00,313.369872129
2018-06-26 08:53:00,313.369872129
2018-06-26 08:54:00,313.369872129
2018-06-26 08:55:00,313.369872129
2018-06-26 08:56:00,313.369872129
2018-06-26 08:57:00,313.369872129
2018-06-26 08:58:00,313.369872129
2018-06-26 08:59:00,323.204008591
2018-06-26 09:00:00,313.369872129
2018-06-26 09:01:00,303.535735666
2018-06-26 09:02:00,303.535735666
2018-06-26 09:03:00,303.535735666
2018-06-26 09:04:00,303.535735666
2018-06-26 09:05:00,303.535735666
2018-06-26 09:06:00,303.535735666
2018-06-26 09:07:00,303.535735666
2018-06-26 09:08:00,303.535735666
2018-06-26 09:09:00,303.535735666
2018-06-26 09:10:00,303.535735666
2018-06-26 09:11:00,303.535735666
2018-06-26 09:12:00,303.535735666
2018-06-26 09:13:00,303.535735666
2018-06-26 09:14:00,244.530916891
2018-06-26 09:15:00,244.530916891
2018-06-26 09:16:00,244.530916891
2018-06-26 09:17:00,224.862643966
2018-06-26 09:18:00,224.862643966
2018-06-26 09:19:00,224.862643966
2018-06-26 09:20:00,224.862643966
2018-06-26 09:21:00,224.862643966
2018-06-26 09:22:00,224.862643966
2018-06-26 09:23:00,224.862643966
2018-06-26 09:24:00,224.862643966
2018-06-26 09:25:00,224.862643966
2018-06-26 09:26:00,224.862643966
2018-06-26 09:27:00,224.862643966
2018-06-26 09:28:00,224.862643966
2018-06-26 09:29:00,234.696780429
2018-06-26 09:30:00,244.530916891
2018-06-26 09:31:00,244.530916891
2018-06-26 09:32:00,244.530916891
2018-06-26 09:33:00,244.530916891
2018-06-26 09:34:00,244.530916891
2018-06-26 09:35:00,254.365053354
2018-06-26 09:36:00,264.199189816
2018-06-26 09:37:00,264.199189816
2018-06-26 09:38:00,264.199189816
2018-06-26 09:39:00,264.199189816
2018-06-26 09:40:00,264.199189816
2018-06-26 09:41:00,244.530916891
2018-06-26 09:42:00,234.696780429
2018-06-26 09:43:00,224.862643966
2018-06-26 09:44:00,224.862643966
2018-06-26 09:45:00,234.696780429
2018-06-26 09:46:00,234.696780429
2018-06-26 09:47:00,244.530916891
2018-06-26 09:48:00,244.530916891
2018-06-26 09:49:00,244.530916891
2018-06-26 09:50:00,224.862643966
2018-06-26 09:51:00,224.862643966
2018-06-26 09:52:00,224.862643966
2018-06-26 09:53:00,234.696780429
2018-06-26 09:54:00,234.696780429
2018-06-26 09:55:00,234.696780429
2018-06-26 09:56:00,234.696780429
2018-06-26 09:57:00,244.530916891
2018-06-26 09:58:00,244.530916891
2018-06-26 09:59:00,254.365053354
2018-06-26 10:00:00,264.199189816
2018-06-26 10:01:00,264.199189816
2018-06-26 10:02:00,254.365053354
2018-06-26 10:03:00,244.530916891
2018-06-26 10:04:00,244.530916891
2018-06-26 10:05:00,234.696780429
2018-06-26 10:06:00,244.530916891
2018-06-26 10:07:00,244.530916891
2018-06-26 10:08:00,224.862643966
2018-06-26 10:09:00,234.696780429
2018-06-26 10:10:00,224.862643966
2018-06-26 10:11:00,224.862643966
2018-06-26 10:12:00,244.530916891
2018-06-26 10:13:00,244.530916891
2018-06-26 10:14:00,244.530916891
2018-06-26 10:15:00,244.530916891
2018-06-26 10:16:00,244.530916891
2018-06-26 10:17:00,244.530916891
2018-06-26 10:18:00,244.530916891
2018-06-26 10:19:00,244.530916891
2018-06-26 10:20:00,244.530916891
2018-06-26 10:21:00,244.530916891
2018-06-26 10:22:00,244.530916891
2018-06-26 10:23:00,244.530916891
2018-06-26 10:24:00,244.530916891
2018-06-26 10:25:00,244.530916891
2018-06-26 10:26:00,244.530916891
2018-06-26 10:27:00,224.862643966
2018-06-26 10:28:00,224.862643966
2018-06-26 10:29:00,224.862643966
2018-06-26 10:30:00,244.530916891
2018-06-26 10:31:00,244.530916891
2018-06-26 10:32:00,244.530916891
2018-06-26 10:33:00,224.862643966
2018-06-26 10:34:00,224.862643966
2018-06-26 10:35:00,224.862643966
2018-06-26 10:36:00,224.862643966
2018-06-26 10:37:00,224.862643966
2018-06-26 10:38:00,224.862643966
2018-06-26 10:39:00,224.862643966
2018-06-26 10:40:00,224.862643966
2018-06-26 10:41:00,224.862643966
2018-06-26 10:42:00,224.862643966
2018-06-26 10:43:00,224.862643966
2018-06-26 10:44:00,215.028507504
2018-06-26 10:45:00,224.862643966
2018-06-26 10:46:00,224.862643966
2018-06-26 10:47:00,224.862643966
2018-06-26 10:48:00,224.862643966
2018-06-26 10:49:00,224.862643966
2018-06-26 10:50:00,224.862643966
2018-06-26 10:51:00,224.862643966
2018-06-26 10:52:00,224.862643966
2018-06-26 10:53:00,224.862643966
2018-06-26 10:54:00,224.862643966
2018-06-26 10:55:00,224.862643966
2018-06-26 10:56:00,224.862643966
2018-06-26 10:57:00,215.028507504
2018-06-26 10:58:00,205.194371041
2018-06-26 10:59:00,205.194371041
2018-06-26 11:00:00,205.194371041
2018-06-26 11:01:00,205.194371041
2018-06-26 11:02:00,205.194371041
2018-06-26 11:03:00,205.194371041
2018-06-26 11:04:00,205.194371041
2018-06-26 11:05:00,205.194371041
2018-06-26 11:06:00,195.360234579
2018-06-26 11:07:00,205.194371041
2018-06-26 11:08:00,205.194371041
2018-06-26 11:09:00,244.530916891
2018-06-26 11:10:00,244.530916891
2018-06-26 11:11:00,244.530916891
2018-06-26 11:12:00,244.530916891
2018-06-26 11:13:00,244.530916891
2018-06-26 11:14:00,205.194371041
2018-06-26 11:15:00,205.194371041
2018-06-26 11:16:00,195.360234579
2018-06-26 11:17:00,195.360234579
2018-06-26 11:18:00,195.360234579
2018-06-26 11:19:00,195.360234579
2018-06-26 11:20:00,195.360234579
2018-06-26 11:21:00,195.360234579
2018-06-26 11:22:00,205.194371041
2018-06-26 11:23:00,195.360234579
2018-06-26 11:24:00,185.526098116
2018-06-26 11:25:00,195.360234579
2018-06-26 11:26:00,195.360234579
2018-06-26 11:27:00,185.526098116
2018-06-26 11:28:00,195.360234579
2018-06-26 11:29:00,195.360234579
2018-06-26 11:30:00,195.360234579
2018-06-26 11:31:00,224.862643966
2018-06-26 11:32:00,195.360234579
2018-06-26 11:33:00,205.194371041
2018-06-26 11:34:00,224.862643966
2018-06-26 11:35:00,205.194371041
2018-06-26 11:36:00,205.194371041
2018-06-26 11:37:00,195.360234579
2018-06-26 11:38:00,185.526098116
2018-06-26 11:39:00,224.862643966
2018-06-26 11:40:00,205.194371041
2018-06-26 11:41:00,175.691961654
2018-06-26 11:42:00,195.360234579
2018-06-26 11:43:00,224.862643966
2018-06-26 11:44:00,224.862643966
2018-06-26 11:45:00,185.526098116
2018-06-26 11:46:00,185.526098116
2018-06-26 11:47:00,185.526098116
2018-06-26 11:48:00,205.194371041
2018-06-26 11:49:00,205.194371041
2018-06-26 11:50:00,205.194371041
2018-06-26 11:51:00,185.526098116
2018-06-26 11:52:00,185.526098116
2018-06-26 11:53:00,185.526098116
2018-06-26 11:54:00,195.360234579
2018-06-26 11:55:00,205.194371041
2018-06-26 11:56:00,205.194371041
2018-06-26 11:57:00,205.194371041
2018-06-26 11:58:00,205.194371041
2018-06-26 11:59:00,205.194371041
2018-06-27 01:29:00,165.857825191
2018-06-27 01:30:00,165.857825191
2018-06-27 01:31:00,165.857825191
2018-06-27 01:32:00,165.857825191
2018-06-27 01:33:00,165.857825191
2018-06-27 01:34:00,215.028507504
2018-06-27 01:35:00,244.530916891
2018-06-27 01:36:00,244.530916891
2018-06-27 01:37:00,244.530916891
2018-06-27 01:38:00,244.530916891
2018-06-27 01:39:00,254.365053354
2018-06-27 01:40:00,254.365053354
2018-06-27 01:41:00,234.696780429
2018-06-27 01:42:00,234.696780429
2018-06-27 01:43:00,234.696780429
2018-06-27 01:44:00,234.696780429
2018-06-27 01:45:00,234.696780429
2018-06-27 01:46:00,234.696780429
2018-06-27 01:47:00,234.696780429
2018-06-27 01:48:00,234.696780429
2018-06-27 01:49:00,234.696780429
2018-06-27 01:50:00,234.696780429
2018-06-27 01:51:00,264.199189816
2018-06-27 01:52:00,264.199189816
2018-06-27 01:53:00,264.199189816
2018-06-27 01:54:00,264.199189816
2018-06-27 01:55:00,264.199189816
2018-06-27 01:56:00,264.199189816
2018-06-27 01:57:00,274.033326279
2018-06-27 01:58:00,274.033326279
2018-06-27 01:59:00,274.033326279
2018-06-27 02:00:00,303.535735666
2018-06-27 02:01:00,342.872281516
2018-06-27 02:02:00,372.374690904
2018-06-27 02:03:00,372.374690904
2018-06-27 02:04:00,372.374690904
2018-06-27 02:05:00,372.374690904
2018-06-27 02:06:00,372.374690904
2018-06-27 02:07:00,372.374690904
2018-06-27 02:08:00,372.374690904
2018-06-27 02:09:00,372.374690904
2018-06-27 02:10:00,372.374690904
2018-06-27 02:11:00,372.374690904
2018-06-27 02:12:00,372.374690904
2018-06-27 02:13:00,372.374690904
2018-06-27 02:14:00,372.374690904
2018-06-27 02:15:00,372.374690904
2018-06-27 02:16:00,372.374690904
2018-06-27 02:17:00,372.374690904
2018-06-27 02:18:00,382.208827366
2018-06-27 02:19:00,382.208827366
2018-06-27 02:20:00,382.208827366
2018-06-27 02:21:00,401.877100291
2018-06-27 02:22:00,401.877100291
2018-06-27 02:23:00,431.379509679
2018-06-27 02:24:00,431.379509679
2018-06-27 02:25:00,411.711236754
2018-06-27 02:26:00,411.711236754
2018-06-27 02:27:00,411.711236754
2018-06-27 02:28:00,401.877100291
2018-06-27 02:29:00,401.877100291
2018-06-27 02:30:00,401.877100291
2018-06-27 02:31:00,401.877100291
2018-06-27 02:32:00,392.042963829
2018-06-27 02:33:00,392.042963829
2018-06-27 02:34:00,392.042963829
2018-06-27 02:35:00,392.042963829
2018-06-27 02:36:00,392.042963829
2018-06-27 02:37:00,392.042963829
2018-06-27 02:38:00,392.042963829
2018-06-27 02:39:00,392.042963829
2018-06-27 02:40:00,392.042963829
2018-06-27 02:41:00,392.042963829
2018-06-27 02:42:00,401.877100291
2018-06-27 02:43:00,401.877100291
2018-06-27 02:44:00,431.379509679
2018-06-27 02:45:00,441.213646141
2018-06-27 02:46:00,441.213646141
2018-06-27 02:47:00,441.213646141
2018-06-27 02:48:00,460.881919066
2018-06-27 02:49:00,460.881919066
2018-06-27 02:50:00,460.881919066
2018-06-27 02:51:00,460.881919066
2018-06-27 02:52:00,460.881919066
2018-06-27 02:53:00,460.881919066
2018-06-27 02:54:00,460.881919066
2018-06-27 02:55:00,451.047782604
2018-06-27 02:56:00,460.881919066
2018-06-27 02:57:00,451.047782604
2018-06-27 02:58:00,451.047782604
2018-06-27 02:59:00,451.047782604
2018-06-27 03:00:00,451.047782604
2018-06-27 03:01:00,431.379509679
2018-06-27 03:02:00,441.213646141
2018-06-27 03:03:00,441.213646141
2018-06-27 03:04:00,441.213646141
2018-06-27 03:05:00,451.047782604
2018-06-27 03:06:00,460.881919066
2018-06-27 03:07:00,470.716055529
2018-06-27 03:08:00,451.047782604
2018-06-27 03:09:00,480.550191991
2018-06-27 03:10:00,480.550191991
2018-06-27 03:11:00,460.881919066
2018-06-27 03:12:00,460.881919066
2018-06-27 03:13:00,451.047782604
2018-06-27 03:14:00,451.047782604
2018-06-27 03:15:00,451.047782604
2018-06-27 03:16:00,441.213646141
2018-06-27 03:17:00,421.545373216
2018-06-27 03:18:00,401.877100291
2018-06-27 03:19:00,401.877100291
2018-06-27 03:20:00,401.877100291
2018-06-27 03:21:00,421.545373216
2018-06-27 03:22:00,411.711236754
2018-06-27 03:23:00,411.711236754
2018-06-27 03:24:00,401.877100291
2018-06-27 03:25:00,392.042963829
2018-06-27 03:26:00,392.042963829
2018-06-27 03:27:00,401.877100291
2018-06-27 03:28:00,411.711236754
2018-06-27 03:29:00,411.711236754
2018-06-27 03:30:00,401.877100291
2018-06-27 03:31:00,441.213646141
2018-06-27 03:32:00,441.213646141
2018-06-27 03:33:00,460.881919066
2018-06-27 03:34:00,460.881919066
2018-06-27 03:35:00,460.881919066
2018-06-27 03:36:00,460.881919066
2018-06-27 03:37:00,460.881919066
2018-06-27 03:38:00,460.881919066
2018-06-27 03:39:00,470.716055529
2018-06-27 03:40:00,470.716055529
2018-06-27 03:41:00,480.550191991
2018-06-27 03:42:00,470.716055529
2018-06-27 03:43:00,451.047782604
2018-06-27 03:44:00,460.881919066
2018-06-27 03:45:00,451.047782604
2018-06-27 03:46:00,460.881919066
2018-06-27 03:47:00,451.047782604
2018-06-27 03:48:00,451.047782604
2018-06-27 03:49:00,451.047782604
2018-06-27 03:50:00,451.047782604
2018-06-27 03:51:00,451.047782604
2018-06-27 03:52:00,451.047782604
2018-06-27 03:53:00,451.047782604
2018-06-27 03:54:00,460.881919066
2018-06-27 03:55:00,451.047782604
2018-06-27 03:56:00,451.047782604
2018-06-27 03:57:00,451.047782604
2018-06-27 03:58:00,441.213646141
2018-06-27 03:59:00,441.213646141
2018-06-27 04:00:00,460.881919066
2018-06-27 04:01:00,460.881919066
2018-06-27 04:02:00,460.881919066
2018-06-27 04:03:00,441.213646141
2018-06-27 04:04:00,441.213646141
2018-06-27 04:05:00,460.881919066
2018-06-27 04:06:00,441.213646141
2018-06-27 04:07:00,441.213646141
2018-06-27 04:08:00,441.213646141
2018-06-27 04:09:00,451.047782604
2018-06-27 04:10:00,431.379509679
2018-06-27 04:11:00,431.379509679
2018-06-27 04:12:00,421.545373216
2018-06-27 04:13:00,421.545373216
2018-06-27 04:14:00,421.545373216
2018-06-27 04:15:00,421.545373216
2018-06-27 04:16:00,421.545373216
2018-06-27 04:17:00,421.545373216
2018-06-27 04:18:00,411.711236754
2018-06-27 04:19:00,421.545373216
2018-06-27 04:20:00,421.545373216
2018-06-27 04:21:00,421.545373216
2018-06-27 04:22:00,421.545373216
2018-06-27 04:23:00,421.545373216
2018-06-27 04:24:00,441.213646141
2018-06-27 04:25:00,441.213646141
2018-06-27 04:26:00,451.047782604
2018-06-27 04:27:00,451.047782604
2018-06-27 04:28:00,451.047782604
2018-06-27 04:29:00,451.047782604
2018-06-27 04:30:00,451.047782604
2018-06-27 04:31:00,451.047782604
2018-06-27 04:32:00,451.047782604
2018-06-27 04:33:00,451.047782604
2018-06-27 04:34:00,451.047782604
2018-06-27 04:35:00,451.047782604
2018-06-27 04:36:00,451.047782604
2018-06-27 04:37:00,451.047782604
2018-06-27 04:38:00,460.881919066
2018-06-27 04:39:00,470.716055529
2018-06-27 04:40:00,470.716055529
2018-06-27 04:41:00,470.716055529
2018-06-27 04:42:00,470.716055529
2018-06-27 04:43:00,470.716055529
2018-06-27 04:44:00,470.716055529
2018-06-27 04:45:00,470.716055529
2018-06-27 04:46:00,441.213646141
2018-06-27 04:47:00,441.213646141
2018-06-27 04:48:00,421.545373216
2018-06-27 04:49:00,421.545373216
2018-06-27 04:50:00,421.545373216
2018-06-27 04:51:00,421.545373216
2018-06-27 04:52:00,401.877100291
2018-06-27 04:53:00,372.374690904
2018-06-27 04:54:00,382.208827366
2018-06-27 04:55:00,382.208827366
2018-06-27 04:56:00,382.208827366
2018-06-27 04:57:00,382.208827366
2018-06-27 04:58:00,382.208827366
2018-06-27 04:59:00,372.374690904
2018-06-27 05:00:00,372.374690904
2018-06-27 05:01:00,382.208827366
2018-06-27 05:02:00,401.877100291
2018-06-27 05:03:00,401.877100291
2018-06-27 05:04:00,382.208827366
2018-06-27 05:05:00,382.208827366
2018-06-27 05:06:00,382.208827366
2018-06-27 05:07:00,392.042963829
2018-06-27 05:08:00,382.208827366
2018-06-27 05:09:00,382.208827366
2018-06-27 05:10:00,392.042963829
2018-06-27 05:11:00,401.877100291
2018-06-27 05:12:00,392.042963829
2018-06-27 05:13:00,392.042963829
2018-06-27 05:14:00,401.877100291
2018-06-27 05:15:00,392.042963829
2018-06-27 05:16:00,382.208827366
2018-06-27 05:17:00,392.042963829
2018-06-27 05:18:00,382.208827366
2018-06-27 05:19:00,382.208827366
2018-06-27 05:20:00,382.208827366
2018-06-27 05:21:00,382.208827366
2018-06-27 05:22:00,382.208827366
2018-06-27 05:23:00,382.208827366
2018-06-27 05:24:00,382.208827366
2018-06-27 05:25:00,382.208827366
2018-06-27 05:26:00,392.042963829
2018-06-27 05:27:00,382.208827366
2018-06-27 05:28:00,382.208827366
2018-06-27 05:29:00,382.208827366
2018-06-27 05:30:00,382.208827366
2018-06-27 05:31:00,382.208827366
2018-06-27 05:32:00,382.208827366
2018-06-27 05:33:00,372.374690904
2018-06-27 05:34:00,382.208827366
2018-06-27 05:35:00,382.208827366
2018-06-27 05:36:00,382.208827366
2018-06-27 05:37:00,401.877100291
2018-06-27 05:38:00,401.877100291
2018-06-27 05:39:00,382.208827366
2018-06-27 05:40:00,382.208827366
2018-06-27 05:41:00,382.208827366
2018-06-27 05:42:00,382.208827366
2018-06-27 05:43:00,382.208827366
2018-06-27 05:44:00,382.208827366
2018-06-27 05:45:00,382.208827366
2018-06-27 05:46:00,382.208827366
2018-06-27 05:47:00,382.208827366
2018-06-27 05:48:00,382.208827366
2018-06-27 05:49:00,401.877100291
2018-06-27 05:50:00,401.877100291
2018-06-27 05:51:00,382.208827366
2018-06-27 05:52:00,382.208827366
2018-06-27 05:53:00,382.208827366
2018-06-27 05:54:00,392.042963829
2018-06-27 05:55:00,392.042963829
2018-06-27 05:56:00,392.042963829
2018-06-27 05:57:00,392.042963829
2018-06-27 05:58:00,401.877100291
2018-06-27 05:59:00,401.877100291
2018-06-27 06:00:00,392.042963829
2018-06-27 06:01:00,401.877100291
2018-06-27 06:02:00,382.208827366
2018-06-27 06:03:00,382.208827366
2018-06-27 06:04:00,392.042963829
2018-06-27 06:05:00,392.042963829
2018-06-27 06:06:00,401.877100291
2018-06-27 06:07:00,392.042963829
2018-06-27 06:08:00,392.042963829
2018-06-27 06:09:00,401.877100291
2018-06-27 06:10:00,401.877100291
2018-06-27 06:11:00,401.877100291
2018-06-27 06:12:00,401.877100291
2018-06-27 06:13:00,401.877100291
2018-06-27 06:14:00,392.042963829
2018-06-27 06:15:00,401.877100291
2018-06-27 06:16:00,392.042963829
2018-06-27 06:17:00,382.208827366
2018-06-27 06:18:00,401.877100291
2018-06-27 06:19:00,401.877100291
2018-06-27 06:20:00,401.877100291
2018-06-27 06:21:00,401.877100291
2018-06-27 06:22:00,421.545373216
2018-06-27 06:23:00,421.545373216
2018-06-27 06:24:00,401.877100291
2018-06-27 06:25:00,401.877100291
2018-06-27 06:26:00,401.877100291
2018-06-27 06:27:00,401.877100291
2018-06-27 06:28:00,401.877100291
2018-06-27 06:29:00,401.877100291
2018-06-27 06:30:00,401.877100291
2018-06-27 06:31:00,401.877100291
2018-06-27 06:32:00,401.877100291
2018-06-27 06:33:00,401.877100291
2018-06-27 06:34:00,401.877100291
2018-06-27 06:35:00,401.877100291
2018-06-27 06:36:00,401.877100291
2018-06-27 06:37:00,401.877100291
2018-06-27 06:38:00,401.877100291
2018-06-27 06:39:00,401.877100291
2018-06-27 06:40:00,411.711236754
2018-06-27 06:41:00,411.711236754
2018-06-27 06:42:00,441.213646141
2018-06-27 06:43:00,441.213646141
2018-06-27 06:44:00,441.213646141
2018-06-27 06:45:00,342.872281516
2018-06-27 06:46:00,342.872281516
2018-06-27 06:47:00,352.706417979
2018-06-27 06:48:00,362.540554441
2018-06-27 06:49:00,362.540554441
2018-06-27 06:50:00,342.872281516
2018-06-27 06:51:00,323.204008591
2018-06-27 06:52:00,362.540554441
2018-06-27 06:53:00,392.042963829
2018-06-27 06:54:00,392.042963829
2018-06-27 06:55:00,382.208827366
2018-06-27 06:56:00,382.208827366
2018-06-27 06:57:00,382.208827366
2018-06-27 06:58:00,382.208827366
2018-06-27 06:59:00,382.208827366
2018-06-27 07:00:00,382.208827366
2018-06-27 07:01:00,382.208827366
2018-06-27 07:02:00,382.208827366
2018-06-27 07:03:00,382.208827366
2018-06-27 07:04:00,382.208827366
2018-06-27 07:05:00,382.208827366
2018-06-27 07:06:00,362.540554441
2018-06-27 07:07:00,362.540554441
2018-06-27 07:08:00,362.540554441
2018-06-27 07:09:00,352.706417979
2018-06-27 07:10:00,333.038145054
2018-06-27 07:11:00,323.204008591
2018-06-27 07:12:00,333.038145054
2018-06-27 07:13:00,342.872281516
2018-06-27 07:14:00,342.872281516
2018-06-27 07:15:00,342.872281516
2018-06-27 07:16:00,342.872281516
2018-06-27 07:17:00,362.540554441
2018-06-27 07:18:00,362.540554441
2018-06-27 07:19:00,372.374690904
2018-06-27 07:20:00,372.374690904
2018-06-27 07:21:00,382.208827366
2018-06-27 07:22:00,382.208827366
2018-06-27 07:23:00,401.877100291
2018-06-27 07:24:00,401.877100291
2018-06-27 07:25:00,401.877100291
2018-06-27 07:26:00,401.877100291
2018-06-27 07:27:00,401.877100291
2018-06-27 07:28:00,372.374690904
2018-06-27 07:29:00,372.374690904
2018-06-27 07:30:00,372.374690904
2018-06-27 07:31:00,372.374690904
2018-06-27 07:32:00,372.374690904
2018-06-27 07:33:00,372.374690904
2018-06-27 07:34:00,372.374690904
2018-06-27 07:35:00,372.374690904
2018-06-27 07:36:00,372.374690904
2018-06-27 07:37:00,372.374690904
2018-06-27 07:38:00,372.374690904
2018-06-27 07:39:00,382.208827366
2018-06-27 07:40:00,392.042963829
2018-06-27 07:41:00,382.208827366
2018-06-27 07:42:00,392.042963829
2018-06-27 07:43:00,382.208827366
2018-06-27 07:44:00,382.208827366
2018-06-27 07:45:00,382.208827366
2018-06-27 07:46:00,392.042963829
2018-06-27 07:47:00,460.881919066
2018-06-27 07:48:00,460.881919066
2018-06-27 07:49:00,460.881919066
2018-06-27 07:50:00,460.881919066
2018-06-27 07:51:00,460.881919066
2018-06-27 07:52:00,460.881919066
2018-06-27 07:53:00,559.223283691
2018-06-27 07:54:00,559.223283691
2018-06-27 07:55:00,549.389147229
2018-06-27 07:56:00,569.057420154
2018-06-27 07:57:00,569.057420154
2018-06-27 07:58:00,569.057420154
2018-06-27 07:59:00,608.393966004
2018-06-27 08:00:00,598.559829541
2018-06-27 08:01:00,598.559829541
2018-06-27 08:02:00,598.559829541
2018-06-27 08:03:00,598.559829541
2018-06-27 08:04:00,598.559829541
2018-06-27 08:05:00,608.393966004
2018-06-27 08:06:00,598.559829541
2018-06-27 08:07:00,598.559829541
2018-06-27 08:08:00,569.057420154
2018-06-27 08:09:00,569.057420154
2018-06-27 08:10:00,569.057420154
2018-06-27 08:11:00,569.057420154
2018-06-27 08:12:00,569.057420154
2018-06-27 08:13:00,569.057420154
2018-06-27 08:14:00,569.057420154
2018-06-27 08:15:00,569.057420154
2018-06-27 08:16:00,569.057420154
2018-06-27 08:17:00,569.057420154
2018-06-27 08:18:00,559.223283691
2018-06-27 08:19:00,549.389147229
2018-06-27 08:20:00,549.389147229
2018-06-27 08:21:00,539.555010766
2018-06-27 08:22:00,539.555010766
2018-06-27 08:23:00,539.555010766
2018-06-27 08:24:00,559.223283691
2018-06-27 08:25:00,559.223283691
2018-06-27 08:26:00,559.223283691
2018-06-27 08:27:00,559.223283691
2018-06-27 08:28:00,559.223283691
2018-06-27 08:29:00,569.057420154
2018-06-27 08:30:00,569.057420154
2018-06-27 08:31:00,569.057420154
2018-06-27 08:32:00,569.057420154
2018-06-27 08:33:00,559.223283691
2018-06-27 08:34:00,559.223283691
2018-06-27 08:35:00,559.223283691
2018-06-27 08:36:00,549.389147229
2018-06-27 08:37:00,549.389147229
2018-06-27 08:38:00,559.223283691
2018-06-27 08:39:00,549.389147229
2018-06-27 08:40:00,539.555010766
2018-06-27 08:41:00,549.389147229
2018-06-27 08:42:00,549.389147229
2018-06-27 08:43:00,539.555010766
2018-06-27 08:44:00,549.389147229
2018-06-27 08:45:00,549.389147229
2018-06-27 08:46:00,559.223283691
2018-06-27 08:47:00,559.223283691
2018-06-27 08:48:00,549.389147229
2018-06-27 08:49:00,549.389147229
2018-06-27 08:50:00,559.223283691
2018-06-27 08:51:00,539.555010766
2018-06-27 08:52:00,510.052601379
2018-06-27 08:53:00,510.052601379
2018-06-27 08:54:00,510.052601379
2018-06-27 08:55:00,510.052601379
2018-06-27 08:56:00,510.052601379
2018-06-27 08:57:00,510.052601379
2018-06-27 08:58:00,510.052601379
2018-06-27 08:59:00,519.886737841
2018-06-27 09:00:00,510.052601379
2018-06-27 09:01:00,539.555010766
2018-06-27 09:02:00,539.555010766
2018-06-27 09:03:00,539.555010766
2018-06-27 09:04:00,539.555010766
2018-06-27 09:05:00,529.720874304
2018-06-27 09:06:00,539.555010766
2018-06-27 09:07:00,510.052601379
2018-06-27 09:08:00,519.886737841
2018-06-27 09:09:00,510.052601379
2018-06-27 09:10:00,510.052601379
2018-06-27 09:11:00,500.218464916
2018-06-27 09:12:00,510.052601379
2018-06-27 09:13:00,510.052601379
2018-06-27 09:14:00,529.720874304
2018-06-27 09:15:00,529.720874304
2018-06-27 09:16:00,529.720874304
2018-06-27 09:17:00,529.720874304
2018-06-27 09:18:00,529.720874304
2018-06-27 09:19:00,529.720874304
2018-06-27 09:20:00,529.720874304
2018-06-27 09:21:00,529.720874304
2018-06-27 09:22:00,529.720874304
2018-06-27 09:23:00,529.720874304
2018-06-27 09:24:00,529.720874304
2018-06-27 09:25:00,539.555010766
2018-06-27 09:26:00,539.555010766
2018-06-27 09:27:00,529.720874304
2018-06-27 09:28:00,539.555010766
2018-06-27 09:29:00,549.389147229
2018-06-27 09:30:00,549.389147229
2018-06-27 09:31:00,549.389147229
2018-06-27 09:32:00,549.389147229
2018-06-27 09:33:00,549.389147229
2018-06-27 09:34:00,559.223283691
2018-06-27 09:35:00,549.389147229
2018-06-27 09:36:00,549.389147229
2018-06-27 09:37:00,549.389147229
2018-06-27 09:38:00,549.389147229
2018-06-27 09:39:00,549.389147229
2018-06-27 09:40:00,549.389147229
2018-06-27 09:41:00,549.389147229
2018-06-27 09:42:00,549.389147229
2018-06-27 09:43:00,539.555010766
2018-06-27 09:44:00,539.555010766
2018-06-27 09:45:00,539.555010766
2018-06-27 09:46:00,529.720874304
2018-06-27 09:47:00,529.720874304
2018-06-27 09:48:00,529.720874304
2018-06-27 09:49:00,529.720874304
2018-06-27 09:50:00,529.720874304
2018-06-27 09:51:00,529.720874304
2018-06-27 09:52:00,510.052601379
2018-06-27 09:53:00,510.052601379
2018-06-27 09:54:00,510.052601379
2018-06-27 09:55:00,519.886737841
2018-06-27 09:56:00,519.886737841
2018-06-27 09:57:00,510.052601379
2018-06-27 09:58:00,510.052601379
2018-06-27 09:59:00,519.886737841
2018-06-27 10:00:00,519.886737841
2018-06-27 10:01:00,519.886737841
2018-06-27 10:02:00,519.886737841
2018-06-27 10:03:00,539.555010766
2018-06-27 10:04:00,549.389147229
2018-06-27 10:05:00,549.389147229
2018-06-27 10:06:00,549.389147229
2018-06-27 10:07:00,549.389147229
2018-06-27 10:08:00,549.389147229
2018-06-27 10:09:00,549.389147229
2018-06-27 10:10:00,549.389147229
2018-06-27 10:11:00,559.223283691
2018-06-27 10:12:00,559.223283691
2018-06-27 10:13:00,578.891556616
2018-06-27 10:14:00,578.891556616
2018-06-27 10:15:00,569.057420154
2018-06-27 10:16:00,569.057420154
2018-06-27 10:17:00,569.057420154
2018-06-27 10:18:00,578.891556616
2018-06-27 10:19:00,569.057420154
2018-06-27 10:20:00,559.223283691
2018-06-27 10:21:00,559.223283691
2018-06-27 10:22:00,569.057420154
2018-06-27 10:23:00,559.223283691
2018-06-27 10:24:00,559.223283691
2018-06-27 10:25:00,559.223283691
2018-06-27 10:26:00,569.057420154
2018-06-27 10:27:00,559.223283691
2018-06-27 10:28:00,559.223283691
2018-06-27 10:29:00,559.223283691
2018-06-27 10:30:00,559.223283691
2018-06-27 10:31:00,559.223283691
2018-06-27 10:32:00,578.891556616
2018-06-27 10:33:00,598.559829541
2018-06-27 10:34:00,598.559829541
2018-06-27 10:35:00,588.725693079
2018-06-27 10:36:00,598.559829541
2018-06-27 10:37:00,598.559829541
2018-06-27 10:38:00,598.559829541
2018-06-27 10:39:00,598.559829541
2018-06-27 10:40:00,598.559829541
2018-06-27 10:41:00,598.559829541
2018-06-27 10:42:00,588.725693079
2018-06-27 10:43:00,588.725693079
2018-06-27 10:44:00,588.725693079
2018-06-27 10:45:00,598.559829541
2018-06-27 10:46:00,598.559829541
2018-06-27 10:47:00,608.393966004
2018-06-27 10:48:00,618.228102466
2018-06-27 10:49:00,618.228102466
2018-06-27 10:50:00,618.228102466
2018-06-27 10:51:00,618.228102466
2018-06-27 10:52:00,618.228102466
2018-06-27 10:53:00,618.228102466
2018-06-27 10:54:00,618.228102466
2018-06-27 10:55:00,618.228102466
2018-06-27 10:56:00,637.896375391
2018-06-27 10:57:00,637.896375391
2018-06-27 10:58:00,637.896375391
2018-06-27 10:59:00,637.896375391
2018-06-27 11:00:00,637.896375391
2018-06-27 11:01:00,637.896375391
2018-06-27 11:02:00,637.896375391
2018-06-27 11:03:00,628.062238929
2018-06-27 11:04:00,628.062238929
2018-06-27 11:05:00,637.896375391
2018-06-27 11:06:00,657.564648316
2018-06-27 11:07:00,657.564648316
2018-06-27 11:08:00,657.564648316
2018-06-27 11:09:00,657.564648316
2018-06-27 11:10:00,657.564648316
2018-06-27 11:11:00,657.564648316
2018-06-27 11:12:00,637.896375391
2018-06-27 11:13:00,637.896375391
2018-06-27 11:14:00,637.896375391
2018-06-27 11:15:00,628.062238929
2018-06-27 11:16:00,628.062238929
2018-06-27 11:17:00,628.062238929
2018-06-27 11:18:00,628.062238929
2018-06-27 11:19:00,628.062238929
2018-06-27 11:20:00,628.062238929
2018-06-27 11:21:00,628.062238929
2018-06-27 11:22:00,628.062238929
2018-06-27 11:23:00,628.062238929
2018-06-27 11:24:00,628.062238929
2018-06-27 11:25:00,628.062238929
2018-06-27 11:26:00,628.062238929
2018-06-27 11:27:00,628.062238929
2018-06-27 11:28:00,628.062238929
2018-06-27 11:29:00,628.062238929
2018-06-27 11:30:00,628.062238929
2018-06-27 11:31:00,628.062238929
2018-06-27 11:32:00,628.062238929
2018-06-27 11:33:00,628.062238929
2018-06-27 11:34:00,628.062238929
2018-06-27 11:35:00,618.228102466
2018-06-27 11:36:00,628.062238929
2018-06-27 11:37:00,628.062238929
2018-06-27 11:38:00,628.062238929
2018-06-27 11:39:00,628.062238929
2018-06-27 11:40:00,637.896375391
2018-06-27 11:41:00,637.896375391
2018-06-27 11:42:00,637.896375391
2018-06-27 11:43:00,637.896375391
2018-06-27 11:44:00,647.730511854
2018-06-27 11:45:00,647.730511854
2018-06-27 11:46:00,637.896375391
2018-06-27 11:47:00,637.896375391
2018-06-27 11:48:00,628.062238929
2018-06-27 11:49:00,637.896375391
2018-06-27 11:50:00,637.896375391
2018-06-27 11:51:00,637.896375391
2018-06-27 11:52:00,637.896375391
2018-06-27 11:53:00,637.896375391
2018-06-27 11:54:00,637.896375391
2018-06-27 11:55:00,637.896375391
2018-06-27 11:56:00,637.896375391
2018-06-27 11:57:00,637.896375391
2018-06-27 11:58:00,628.062238929
2018-06-27 11:59:00,628.062238929
2018-06-28 01:29:00,982.090364848
2018-06-28 01:30:00,982.090364848
2018-06-28 01:31:00,982.090364848
2018-06-28 01:32:00,824.744181448
2018-06-28 01:33:00,824.744181448
2018-06-28 01:34:00,637.89558866
2018-06-28 01:35:00,637.89558866
2018-06-28 01:36:00,637.89558866
2018-06-28 01:37:00,637.89558866
2018-06-28 01:38:00,628.061452198
2018-06-28 01:39:00,637.89558866
2018-06-28 01:40:00,637.89558866
2018-06-28 01:41:00,637.89558866
2018-06-28 01:42:00,637.89558866
2018-06-28 01:43:00,637.89558866
2018-06-28 01:44:00,637.89558866
2018-06-28 01:45:00,637.89558866
2018-06-28 01:46:00,637.89558866
2018-06-28 01:47:00,637.89558866
2018-06-28 01:48:00,647.729725123
2018-06-28 01:49:00,647.729725123
2018-06-28 01:50:00,667.397998048
2018-06-28 01:51:00,677.23213451
2018-06-28 01:52:00,706.734543898
2018-06-28 01:53:00,696.900407435
2018-06-28 01:54:00,687.066270973
2018-06-28 01:55:00,696.900407435
2018-06-28 01:56:00,677.23213451
2018-06-28 01:57:00,677.23213451
2018-06-28 01:58:00,677.23213451
2018-06-28 01:59:00,667.397998048
2018-06-28 02:00:00,696.900407435
2018-06-28 02:01:00,677.23213451
2018-06-28 02:02:00,696.900407435
2018-06-28 02:03:00,696.900407435
2018-06-28 02:04:00,696.900407435
2018-06-28 02:05:00,687.066270973
2018-06-28 02:06:00,687.066270973
2018-06-28 02:07:00,696.900407435
2018-06-28 02:08:00,706.734543898
2018-06-28 02:09:00,696.900407435
2018-06-28 02:10:00,696.900407435
2018-06-28 02:11:00,696.900407435
2018-06-28 02:12:00,687.066270973
2018-06-28 02:13:00,677.23213451
2018-06-28 02:14:00,677.23213451
2018-06-28 02:15:00,677.23213451
2018-06-28 02:16:00,667.397998048
2018-06-28 02:17:00,667.397998048
2018-06-28 02:18:00,657.563861585
2018-06-28 02:19:00,657.563861585
2018-06-28 02:20:00,657.563861585
2018-06-28 02:21:00,657.563861585
2018-06-28 02:22:00,647.729725123
2018-06-28 02:23:00,657.563861585
2018-06-28 02:24:00,687.066270973
2018-06-28 02:25:00,677.23213451
2018-06-28 02:26:00,677.23213451
2018-06-28 02:27:00,667.397998048
2018-06-28 02:28:00,657.563861585
2018-06-28 02:29:00,657.563861585
2018-06-28 02:30:00,657.563861585
2018-06-28 02:31:00,687.066270973
2018-06-28 02:32:00,667.397998048
2018-06-28 02:33:00,667.397998048
2018-06-28 02:34:00,637.89558866
2018-06-28 02:35:00,628.061452198
2018-06-28 02:36:00,637.89558866
2018-06-28 02:37:00,637.89558866
2018-06-28 02:38:00,637.89558866
2018-06-28 02:39:00,637.89558866
2018-06-28 02:40:00,637.89558866
2018-06-28 02:41:00,637.89558866
2018-06-28 02:42:00,637.89558866
2018-06-28 02:43:00,637.89558866
2018-06-28 02:44:00,637.89558866
2018-06-28 02:45:00,637.89558866
2018-06-28 02:46:00,637.89558866
2018-06-28 02:47:00,637.89558866
2018-06-28 02:48:00,637.89558866
2018-06-28 02:49:00,637.89558866
2018-06-28 02:50:00,647.729725123
2018-06-28 02:51:00,647.729725123
2018-06-28 02:52:00,647.729725123
2018-06-28 02:53:00,637.89558866
2018-06-28 02:54:00,657.563861585
2018-06-28 02:55:00,677.23213451
2018-06-28 02:56:00,677.23213451
2018-06-28 02:57:00,677.23213451
2018-06-28 02:58:00,677.23213451
2018-06-28 02:59:00,677.23213451
2018-06-28 03:00:00,657.563861585
2018-06-28 03:01:00,657.563861585
2018-06-28 03:02:00,657.563861585
2018-06-28 03:03:00,657.563861585
2018-06-28 03:04:00,657.563861585
2018-06-28 03:05:00,657.563861585
2018-06-28 03:06:00,657.563861585
2018-06-28 03:07:00,677.23213451
2018-06-28 03:08:00,657.563861585
2018-06-28 03:09:00,657.563861585
2018-06-28 03:10:00,657.563861585
2018-06-28 03:11:00,677.23213451
2018-06-28 03:12:00,677.23213451
2018-06-28 03:13:00,677.23213451
2018-06-28 03:14:00,677.23213451
2018-06-28 03:15:00,677.23213451
2018-06-28 03:16:00,677.23213451
2018-06-28 03:17:00,677.23213451
2018-06-28 03:18:00,677.23213451
2018-06-28 03:19:00,677.23213451
2018-06-28 03:20:00,677.23213451
2018-06-28 03:21:00,667.397998048
2018-06-28 03:22:00,667.397998048
2018-06-28 03:23:00,677.23213451
2018-06-28 03:24:00,677.23213451
2018-06-28 03:25:00,657.563861585
2018-06-28 03:26:00,667.397998048
2018-06-28 03:27:00,677.23213451
2018-06-28 03:28:00,677.23213451
2018-06-28 03:29:00,696.900407435
2018-06-28 03:30:00,696.900407435
2018-06-28 03:31:00,696.900407435
2018-06-28 03:32:00,696.900407435
2018-06-28 03:33:00,696.900407435
2018-06-28 03:34:00,696.900407435
2018-06-28 03:35:00,726.402816823
2018-06-28 03:36:00,726.402816823
2018-06-28 03:37:00,716.56868036
2018-06-28 03:38:00,716.56868036
2018-06-28 03:39:00,716.56868036
2018-06-28 03:40:00,736.236953285
2018-06-28 03:41:00,736.236953285
2018-06-28 03:42:00,736.236953285
2018-06-28 03:43:00,716.56868036
2018-06-28 03:44:00,716.56868036
2018-06-28 03:45:00,736.236953285
2018-06-28 03:46:00,736.236953285
2018-06-28 03:47:00,736.236953285
2018-06-28 03:48:00,716.56868036
2018-06-28 03:49:00,716.56868036
2018-06-28 03:50:00,716.56868036
2018-06-28 03:51:00,716.56868036
2018-06-28 03:52:00,716.56868036
2018-06-28 03:53:00,716.56868036
2018-06-28 03:54:00,716.56868036
2018-06-28 03:55:00,755.90522621
2018-06-28 03:56:00,755.90522621
2018-06-28 03:57:00,736.236953285
2018-06-28 03:58:00,736.236953285
2018-06-28 03:59:00,736.236953285
2018-06-28 04:00:00,736.236953285
2018-06-28 04:01:00,736.236953285
2018-06-28 04:02:00,736.236953285
2018-06-28 04:03:00,736.236953285
2018-06-28 04:04:00,755.90522621
2018-06-28 04:05:00,755.90522621
2018-06-28 04:06:00,736.236953285
2018-06-28 04:07:00,736.236953285
2018-06-28 04:08:00,736.236953285
2018-06-28 04:09:00,736.236953285
2018-06-28 04:10:00,716.56868036
2018-06-28 04:11:00,716.56868036
2018-06-28 04:12:00,716.56868036
2018-06-28 04:13:00,746.071089748
2018-06-28 04:14:00,746.071089748
2018-06-28 04:15:00,746.071089748
2018-06-28 04:16:00,755.90522621
2018-06-28 04:17:00,755.90522621
2018-06-28 04:18:00,755.90522621
2018-06-28 04:19:00,736.236953285
2018-06-28 04:20:00,736.236953285
2018-06-28 04:21:00,736.236953285
2018-06-28 04:22:00,736.236953285
2018-06-28 04:23:00,736.236953285
2018-06-28 04:24:00,746.071089748
2018-06-28 04:25:00,726.402816823
2018-06-28 04:26:00,746.071089748
2018-06-28 04:27:00,746.071089748
2018-06-28 04:28:00,746.071089748
2018-06-28 04:29:00,755.90522621
2018-06-28 04:30:00,755.90522621
2018-06-28 04:31:00,755.90522621
2018-06-28 04:32:00,736.236953285
2018-06-28 04:33:00,746.071089748
2018-06-28 04:34:00,746.071089748
2018-06-28 04:35:00,746.071089748
2018-06-28 04:36:00,746.071089748
2018-06-28 04:37:00,736.236953285
2018-06-28 04:38:00,736.236953285
2018-06-28 04:39:00,736.236953285
2018-06-28 04:40:00,755.90522621
2018-06-28 04:41:00,755.90522621
2018-06-28 04:42:00,755.90522621
2018-06-28 04:43:00,755.90522621
2018-06-28 04:44:00,755.90522621
2018-06-28 04:45:00,746.071089748
2018-06-28 04:46:00,736.236953285
2018-06-28 04:47:00,736.236953285
2018-06-28 04:48:00,726.402816823
2018-06-28 04:49:00,716.56868036
2018-06-28 04:50:00,716.56868036
2018-06-28 04:51:00,716.56868036
2018-06-28 04:52:00,716.56868036
2018-06-28 04:53:00,716.56868036
2018-06-28 04:54:00,716.56868036
2018-06-28 04:55:00,716.56868036
2018-06-28 04:56:00,716.56868036
2018-06-28 04:57:00,706.734543898
2018-06-28 04:58:00,706.734543898
2018-06-28 04:59:00,706.734543898
2018-06-28 05:00:00,706.734543898
2018-06-28 05:01:00,706.734543898
2018-06-28 05:02:00,706.734543898
2018-06-28 05:03:00,716.56868036
2018-06-28 05:04:00,716.56868036
2018-06-28 05:05:00,716.56868036
2018-06-28 05:06:00,716.56868036
2018-06-28 05:07:00,716.56868036
2018-06-28 05:08:00,716.56868036
2018-06-28 05:09:00,736.236953285
2018-06-28 05:10:00,736.236953285
2018-06-28 05:11:00,726.402816823
2018-06-28 05:12:00,726.402816823
2018-06-28 05:13:00,716.56868036
2018-06-28 05:14:00,716.56868036
2018-06-28 05:15:00,716.56868036
2018-06-28 05:16:00,716.56868036
2018-06-28 05:17:00,716.56868036
2018-06-28 05:18:00,736.236953285
2018-06-28 05:19:00,736.236953285
2018-06-28 05:20:00,726.402816823
2018-06-28 05:21:00,726.402816823
2018-06-28 05:22:00,726.402816823
2018-06-28 05:23:00,726.402816823
2018-06-28 05:24:00,726.402816823
2018-06-28 05:25:00,716.56868036
2018-06-28 05:26:00,716.56868036
2018-06-28 05:27:00,726.402816823
2018-06-28 05:28:00,716.56868036
2018-06-28 05:29:00,716.56868036
2018-06-28 05:30:00,716.56868036
2018-06-28 05:31:00,716.56868036
2018-06-28 05:32:00,716.56868036
2018-06-28 05:33:00,716.56868036
2018-06-28 05:34:00,716.56868036
2018-06-28 05:35:00,716.56868036
2018-06-28 05:36:00,716.56868036
2018-06-28 05:37:00,716.56868036
2018-06-28 05:38:00,716.56868036
2018-06-28 05:39:00,716.56868036
2018-06-28 05:40:00,716.56868036
2018-06-28 05:41:00,716.56868036
2018-06-28 05:42:00,716.56868036
2018-06-28 05:43:00,716.56868036
2018-06-28 05:44:00,716.56868036
2018-06-28 05:45:00,716.56868036
2018-06-28 05:46:00,716.56868036
2018-06-28 05:47:00,716.56868036
2018-06-28 05:48:00,716.56868036
2018-06-28 05:49:00,716.56868036
2018-06-28 05:50:00,716.56868036
2018-06-28 05:51:00,716.56868036
2018-06-28 05:52:00,716.56868036
2018-06-28 05:53:00,726.402816823
2018-06-28 05:54:00,716.56868036
2018-06-28 05:55:00,716.56868036
2018-06-28 05:56:00,716.56868036
2018-06-28 05:57:00,716.56868036
2018-06-28 05:58:00,736.236953285
2018-06-28 05:59:00,736.236953285
2018-06-28 06:00:00,736.236953285
2018-06-28 06:01:00,736.236953285
2018-06-28 06:02:00,736.236953285
2018-06-28 06:03:00,736.236953285
2018-06-28 06:04:00,726.402816823
2018-06-28 06:05:00,736.236953285
2018-06-28 06:06:00,746.071089748
2018-06-28 06:07:00,765.739362673
2018-06-28 06:08:00,765.739362673
2018-06-28 06:09:00,765.739362673
2018-06-28 06:10:00,765.739362673
2018-06-28 06:11:00,765.739362673
2018-06-28 06:12:00,765.739362673
2018-06-28 06:13:00,755.90522621
2018-06-28 06:14:00,755.90522621
2018-06-28 06:15:00,755.90522621
2018-06-28 06:16:00,755.90522621
2018-06-28 06:17:00,775.573499135
2018-06-28 06:18:00,775.573499135
2018-06-28 06:19:00,775.573499135
2018-06-28 06:20:00,755.90522621
2018-06-28 06:21:00,755.90522621
2018-06-28 06:22:00,755.90522621
2018-06-28 06:23:00,736.236953285
2018-06-28 06:24:00,755.90522621
2018-06-28 06:25:00,755.90522621
2018-06-28 06:26:00,755.90522621
2018-06-28 06:27:00,755.90522621
2018-06-28 06:28:00,755.90522621
2018-06-28 06:29:00,755.90522621
2018-06-28 06:30:00,746.071089748
2018-06-28 06:31:00,746.071089748
2018-06-28 06:32:00,755.90522621
2018-06-28 06:33:00,746.071089748
2018-06-28 06:34:00,746.071089748
2018-06-28 06:35:00,755.90522621
2018-06-28 06:36:00,755.90522621
2018-06-28 06:37:00,755.90522621
2018-06-28 06:38:00,765.739362673
2018-06-28 06:39:00,755.90522621
2018-06-28 06:40:00,746.071089748
2018-06-28 06:41:00,755.90522621
2018-06-28 06:42:00,755.90522621
2018-06-28 06:43:00,755.90522621
2018-06-28 06:44:00,775.573499135
2018-06-28 06:45:00,775.573499135
2018-06-28 06:46:00,775.573499135
2018-06-28 06:47:00,775.573499135
2018-06-28 06:48:00,775.573499135
2018-06-28 06:49:00,775.573499135
2018-06-28 06:50:00,775.573499135
2018-06-28 06:51:00,775.573499135
2018-06-28 06:52:00,775.573499135
2018-06-28 06:53:00,775.573499135
2018-06-28 06:54:00,775.573499135
2018-06-28 06:55:00,775.573499135
2018-06-28 06:56:00,775.573499135
2018-06-28 06:57:00,775.573499135
2018-06-28 06:58:00,775.573499135
2018-06-28 06:59:00,775.573499135
2018-06-28 07:00:00,775.573499135
2018-06-28 07:01:00,775.573499135
2018-06-28 07:02:00,765.739362673
2018-06-28 07:03:00,765.739362673
2018-06-28 07:04:00,785.407635598
2018-06-28 07:05:00,775.573499135
2018-06-28 07:06:00,775.573499135
2018-06-28 07:07:00,775.573499135
2018-06-28 07:08:00,775.573499135
2018-06-28 07:09:00,785.407635598
2018-06-28 07:10:00,775.573499135
2018-06-28 07:11:00,775.573499135
2018-06-28 07:12:00,775.573499135
2018-06-28 07:13:00,775.573499135
2018-06-28 07:14:00,785.407635598
2018-06-28 07:15:00,785.407635598
2018-06-28 07:16:00,775.573499135
2018-06-28 07:17:00,785.407635598
2018-06-28 07:18:00,795.24177206
2018-06-28 07:19:00,795.24177206
2018-06-28 07:20:00,775.573499135
2018-06-28 07:21:00,775.573499135
2018-06-28 07:22:00,775.573499135
2018-06-28 07:23:00,775.573499135
2018-06-28 07:24:00,775.573499135
2018-06-28 07:25:00,775.573499135
2018-06-28 07:26:00,775.573499135
2018-06-28 07:27:00,775.573499135
2018-06-28 07:28:00,775.573499135
2018-06-28 07:29:00,775.573499135
2018-06-28 07:30:00,775.573499135
2018-06-28 07:31:00,775.573499135
2018-06-28 07:32:00,775.573499135
2018-06-28 07:33:00,775.573499135
2018-06-28 07:34:00,775.573499135
2018-06-28 07:35:00,775.573499135
2018-06-28 07:36:00,775.573499135
2018-06-28 07:37:00,834.57831791
2018-06-28 07:38:00,814.910044985
2018-06-28 07:39:00,814.910044985
2018-06-28 07:40:00,814.910044985
2018-06-28 07:41:00,814.910044985
2018-06-28 07:42:00,795.24177206
2018-06-28 07:43:00,785.407635598
2018-06-28 07:44:00,785.407635598
2018-06-28 07:45:00,775.573499135
2018-06-28 07:46:00,775.573499135
2018-06-28 07:47:00,775.573499135
2018-06-28 07:48:00,775.573499135
2018-06-28 07:49:00,775.573499135
2018-06-28 07:50:00,775.573499135
2018-06-28 07:51:00,775.573499135
2018-06-28 07:52:00,785.407635598
2018-06-28 07:53:00,785.407635598
2018-06-28 07:54:00,795.24177206
2018-06-28 07:55:00,795.24177206
2018-06-28 07:56:00,795.24177206
2018-06-28 07:57:00,795.24177206
2018-06-28 07:58:00,795.24177206
2018-06-28 07:59:00,844.412454373
2018-06-28 08:00:00,834.57831791
2018-06-28 08:01:00,834.57831791
2018-06-28 08:02:00,834.57831791
2018-06-28 08:03:00,814.910044985
2018-06-28 08:04:00,814.910044985
2018-06-28 08:05:00,814.910044985
2018-06-28 08:06:00,814.910044985
2018-06-28 08:07:00,795.24177206
2018-06-28 08:08:00,795.24177206
2018-06-28 08:09:00,795.24177206
2018-06-28 08:10:00,795.24177206
2018-06-28 08:11:00,795.24177206
2018-06-28 08:12:00,795.24177206
2018-06-28 08:13:00,795.24177206
2018-06-28 08:14:00,795.24177206
2018-06-28 08:15:00,785.407635598
2018-06-28 08:16:00,795.24177206
2018-06-28 08:17:00,795.24177206
2018-06-28 08:18:00,795.24177206
2018-06-28 08:19:00,775.573499135
2018-06-28 08:20:00,775.573499135
2018-06-28 08:21:00,775.573499135
2018-06-28 08:22:00,775.573499135
2018-06-28 08:23:00,775.573499135
2018-06-28 08:24:00,775.573499135
2018-06-28 08:25:00,775.573499135
2018-06-28 08:26:00,775.573499135
2018-06-28 08:27:00,775.573499135
2018-06-28 08:28:00,775.573499135
2018-06-28 08:29:00,775.573499135
2018-06-28 08:30:00,716.56868036
2018-06-28 08:31:00,716.56868036
2018-06-28 08:32:00,716.56868036
2018-06-28 08:33:00,746.071089748
2018-06-28 08:34:00,736.236953285
2018-06-28 08:35:00,736.236953285
2018-06-28 08:36:00,716.56868036
2018-06-28 08:37:00,736.236953285
2018-06-28 08:38:00,736.236953285
2018-06-28 08:39:00,755.90522621
2018-06-28 08:40:00,755.90522621
2018-06-28 08:41:00,736.236953285
2018-06-28 08:42:00,746.071089748
2018-06-28 08:43:00,746.071089748
2018-06-28 08:44:00,755.90522621
2018-06-28 08:45:00,755.90522621
2018-06-28 08:46:00,775.573499135
2018-06-28 08:47:00,775.573499135
2018-06-28 08:48:00,785.407635598
2018-06-28 08:49:00,785.407635598
2018-06-28 08:50:00,785.407635598
2018-06-28 08:51:00,775.573499135
2018-06-28 08:52:00,795.24177206
2018-06-28 08:53:00,775.573499135
2018-06-28 08:54:00,765.739362673
2018-06-28 08:55:00,736.236953285
2018-06-28 08:56:00,716.56868036
2018-06-28 08:57:00,726.402816823
2018-06-28 08:58:00,726.402816823
2018-06-28 08:59:00,726.402816823
2018-06-28 09:00:00,706.734543898
2018-06-28 09:01:00,706.734543898
2018-06-28 09:02:00,726.402816823
2018-06-28 09:03:00,706.734543898
2018-06-28 09:04:00,716.56868036
2018-06-28 09:05:00,716.56868036
2018-06-28 09:06:00,706.734543898
2018-06-28 09:07:00,726.402816823
2018-06-28 09:08:00,706.734543898
2018-06-28 09:09:00,706.734543898
2018-06-28 09:10:00,716.56868036
2018-06-28 09:11:00,706.734543898
2018-06-28 09:12:00,706.734543898
2018-06-28 09:13:00,706.734543898
2018-06-28 09:14:00,706.734543898
2018-06-28 09:15:00,706.734543898
2018-06-28 09:16:00,706.734543898
2018-06-28 09:17:00,716.56868036
2018-06-28 09:18:00,706.734543898
2018-06-28 09:19:00,716.56868036
2018-06-28 09:20:00,716.56868036
2018-06-28 09:21:00,716.56868036
2018-06-28 09:22:00,706.734543898
2018-06-28 09:23:00,716.56868036
2018-06-28 09:24:00,726.402816823
2018-06-28 09:25:00,736.236953285
2018-06-28 09:26:00,736.236953285
2018-06-28 09:27:00,736.236953285
2018-06-28 09:28:00,726.402816823
2018-06-28 09:29:00,736.236953285
2018-06-28 09:30:00,736.236953285
2018-06-28 09:31:00,716.56868036
2018-06-28 09:32:00,716.56868036
2018-06-28 09:33:00,736.236953285
2018-06-28 09:34:00,736.236953285
2018-06-28 09:35:00,736.236953285
2018-06-28 09:36:00,736.236953285
2018-06-28 09:37:00,716.56868036
2018-06-28 09:38:00,716.56868036
2018-06-28 09:39:00,716.56868036
2018-06-28 09:40:00,716.56868036
2018-06-28 09:41:00,716.56868036
2018-06-28 09:42:00,706.734543898
2018-06-28 09:43:00,696.900407435
2018-06-28 09:44:00,706.734543898
2018-06-28 09:45:00,706.734543898
2018-06-28 09:46:00,696.900407435
2018-06-28 09:47:00,696.900407435
2018-06-28 09:48:00,716.56868036
2018-06-28 09:49:00,716.56868036
2018-06-28 09:50:00,716.56868036
2018-06-28 09:51:00,716.56868036
2018-06-28 09:52:00,716.56868036
2018-06-28 09:53:00,706.734543898
2018-06-28 09:54:00,706.734543898
2018-06-28 09:55:00,706.734543898
2018-06-28 09:56:00,706.734543898
2018-06-28 09:57:00,726.402816823
2018-06-28 09:58:00,716.56868036
2018-06-28 09:59:00,716.56868036
2018-06-28 10:00:00,716.56868036
2018-06-28 10:01:00,716.56868036
2018-06-28 10:02:00,716.56868036
2018-06-28 10:03:00,716.56868036
2018-06-28 10:04:00,696.900407435
2018-06-28 10:05:00,696.900407435
2018-06-28 10:06:00,696.900407435
2018-06-28 10:07:00,696.900407435
2018-06-28 10:08:00,696.900407435
2018-06-28 10:09:00,696.900407435
2018-06-28 10:10:00,696.900407435
2018-06-28 10:11:00,696.900407435
2018-06-28 10:12:00,696.900407435
2018-06-28 10:13:00,696.900407435
2018-06-28 10:14:00,696.900407435
2018-06-28 10:15:00,696.900407435
2018-06-28 10:16:00,696.900407435
2018-06-28 10:17:00,696.900407435
2018-06-28 10:18:00,696.900407435
2018-06-28 10:19:00,696.900407435
2018-06-28 10:20:00,677.23213451
2018-06-28 10:21:00,696.900407435
2018-06-28 10:22:00,696.900407435
2018-06-28 10:23:00,696.900407435
2018-06-28 10:24:00,696.900407435
2018-06-28 10:25:00,696.900407435
2018-06-28 10:26:00,696.900407435
2018-06-28 10:27:00,677.23213451
2018-06-28 10:28:00,677.23213451
2018-06-28 10:29:00,677.23213451
2018-06-28 10:30:00,677.23213451
2018-06-28 10:31:00,637.89558866
2018-06-28 10:32:00,637.89558866
2018-06-28 10:33:00,637.89558866
2018-06-28 10:34:00,637.89558866
2018-06-28 10:35:00,637.89558866
2018-06-28 10:36:00,637.89558866
2018-06-28 10:37:00,637.89558866
2018-06-28 10:38:00,657.563861585
2018-06-28 10:39:00,667.397998048
2018-06-28 10:40:00,667.397998048
2018-06-28 10:41:00,667.397998048
2018-06-28 10:42:00,667.397998048
2018-06-28 10:43:00,667.397998048
2018-06-28 10:44:00,667.397998048
2018-06-28 10:45:00,667.397998048
2018-06-28 10:46:00,677.23213451
2018-06-28 10:47:00,667.397998048
2018-06-28 10:48:00,667.397998048
2018-06-28 10:49:00,657.563861585
2018-06-28 10:50:00,667.397998048
2018-06-28 10:51:00,667.397998048
2018-06-28 10:52:00,667.397998048
2018-06-28 10:53:00,657.563861585
2018-06-28 10:54:00,657.563861585
2018-06-28 10:55:00,647.729725123
2018-06-28 10:56:00,647.729725123
2018-06-28 10:57:00,647.729725123
2018-06-28 10:58:00,637.89558866
2018-06-28 10:59:00,637.89558866
2018-06-28 11:00:00,637.89558866
2018-06-28 11:01:00,637.89558866
2018-06-28 11:02:00,637.89558866
2018-06-28 11:03:00,637.89558866
2018-06-28 11:04:00,647.729725123
2018-06-28 11:05:00,647.729725123
2018-06-28 11:06:00,647.729725123
2018-06-28 11:07:00,667.397998048
2018-06-28 11:08:00,667.397998048
2018-06-28 11:09:00,667.397998048
2018-06-28 11:10:00,667.397998048
2018-06-28 11:11:00,667.397998048
2018-06-28 11:12:00,667.397998048
2018-06-28 11:13:00,667.397998048
2018-06-28 11:14:00,667.397998048
2018-06-28 11:15:00,667.397998048
2018-06-28 11:16:00,687.066270973
2018-06-28 11:17:00,687.066270973
2018-06-28 11:18:00,667.397998048
2018-06-28 11:19:00,667.397998048
2018-06-28 11:20:00,667.397998048
2018-06-28 11:21:00,667.397998048
2018-06-28 11:22:00,667.397998048
2018-06-28 11:23:00,667.397998048
2018-06-28 11:24:00,667.397998048
2018-06-28 11:25:00,667.397998048
2018-06-28 11:26:00,667.397998048
2018-06-28 11:27:00,687.066270973
2018-06-28 11:28:00,687.066270973
2018-06-28 11:29:00,687.066270973
2018-06-28 11:30:00,687.066270973
2018-06-28 11:31:00,706.734543898
2018-06-28 11:32:00,706.734543898
2018-06-28 11:33:00,706.734543898
2018-06-28 11:34:00,706.734543898
2018-06-28 11:35:00,706.734543898
2018-06-28 11:36:00,706.734543898
2018-06-28 11:37:00,706.734543898
2018-06-28 11:38:00,706.734543898
2018-06-28 11:39:00,706.734543898
2018-06-28 11:40:00,706.734543898
2018-06-28 11:41:00,706.734543898
2018-06-28 11:42:00,706.734543898
2018-06-28 11:43:00,706.734543898
2018-06-28 11:44:00,706.734543898
2018-06-28 11:45:00,716.56868036
2018-06-28 11:46:00,716.56868036
2018-06-28 11:47:00,716.56868036
2018-06-28 11:48:00,716.56868036
2018-06-28 11:49:00,716.56868036
2018-06-28 11:50:00,716.56868036
2018-06-28 11:51:00,706.734543898
2018-06-28 11:52:00,706.734543898
2018-06-28 11:53:00,706.734543898
2018-06-28 11:54:00,696.900407435
2018-06-28 11:55:00,696.900407435
2018-06-28 11:56:00,696.900407435
2018-06-28 11:57:00,696.900407435
2018-06-28 11:58:00,706.734543898
2018-06-28 11:59:00,696.900407435
2018-06-29 01:29:00,844.411667642
2018-06-29 01:30:00,844.411667642
2018-06-29 01:31:00,844.411667642
2018-06-29 01:32:00,637.894801929
2018-06-29 01:33:00,657.563074854
2018-06-29 01:34:00,647.728938392
2018-06-29 01:35:00,647.728938392
2018-06-29 01:36:00,647.728938392
2018-06-29 01:37:00,647.728938392
2018-06-29 01:38:00,647.728938392
2018-06-29 01:39:00,657.563074854
2018-06-29 01:40:00,647.728938392
2018-06-29 01:41:00,647.728938392
2018-06-29 01:42:00,647.728938392
2018-06-29 01:43:00,647.728938392
2018-06-29 01:44:00,647.728938392
2018-06-29 01:45:00,647.728938392
2018-06-29 01:46:00,608.392392542
2018-06-29 01:47:00,608.392392542
2018-06-29 01:48:00,628.060665467
2018-06-29 01:49:00,628.060665467
2018-06-29 01:50:00,628.060665467
2018-06-29 01:51:00,637.894801929
2018-06-29 01:52:00,637.894801929
2018-06-29 01:53:00,628.060665467
2018-06-29 01:54:00,628.060665467
2018-06-29 01:55:00,628.060665467
2018-06-29 01:56:00,628.060665467
2018-06-29 01:57:00,628.060665467
2018-06-29 01:58:00,628.060665467
2018-06-29 01:59:00,628.060665467
2018-06-29 02:00:00,628.060665467
2018-06-29 02:01:00,628.060665467
2018-06-29 02:02:00,608.392392542
2018-06-29 02:03:00,608.392392542
2018-06-29 02:04:00,608.392392542
2018-06-29 02:05:00,628.060665467
2018-06-29 02:06:00,637.894801929
2018-06-29 02:07:00,618.226529004
2018-06-29 02:08:00,618.226529004
2018-06-29 02:09:00,637.894801929
2018-06-29 02:10:00,618.226529004
2018-06-29 02:11:00,618.226529004
2018-06-29 02:12:00,618.226529004
2018-06-29 02:13:00,618.226529004
2018-06-29 02:14:00,618.226529004
2018-06-29 02:15:00,618.226529004
2018-06-29 02:16:00,618.226529004
2018-06-29 02:17:00,618.226529004
2018-06-29 02:18:00,618.226529004
2018-06-29 02:19:00,618.226529004
2018-06-29 02:20:00,618.226529004
2018-06-29 02:21:00,618.226529004
2018-06-29 02:22:00,628.060665467
2018-06-29 02:23:00,628.060665467
2018-06-29 02:24:00,628.060665467
2018-06-29 02:25:00,628.060665467
2018-06-29 02:26:00,628.060665467
2018-06-29 02:27:00,628.060665467
2018-06-29 02:28:00,628.060665467
2018-06-29 02:29:00,628.060665467
2018-06-29 02:30:00,618.226529004
2018-06-29 02:31:00,618.226529004
2018-06-29 02:32:00,618.226529004
2018-06-29 02:33:00,618.226529004
2018-06-29 02:34:00,608.392392542
2018-06-29 02:35:00,598.558256079
2018-06-29 02:36:00,598.558256079
2018-06-29 02:37:00,588.724119617
2018-06-29 02:38:00,578.889983154
2018-06-29 02:39:00,569.055846692
2018-06-29 02:40:00,578.889983154
2018-06-29 02:41:00,598.558256079
2018-06-29 02:42:00,598.558256079
2018-06-29 02:43:00,598.558256079
2018-06-29 02:44:00,598.558256079
2018-06-29 02:45:00,598.558256079
2018-06-29 02:46:00,598.558256079
2018-06-29 02:47:00,598.558256079
2018-06-29 02:48:00,598.558256079
2018-06-29 02:49:00,598.558256079
2018-06-29 02:50:00,598.558256079
2018-06-29 02:51:00,598.558256079
2018-06-29 02:52:00,598.558256079
2018-06-29 02:53:00,598.558256079
2018-06-29 02:54:00,598.558256079
2018-06-29 02:55:00,598.558256079
2018-06-29 02:56:00,598.558256079
2018-06-29 02:57:00,598.558256079
2018-06-29 02:58:00,598.558256079
2018-06-29 02:59:00,598.558256079
2018-06-29 03:00:00,598.558256079
2018-06-29 03:01:00,598.558256079
2018-06-29 03:02:00,608.392392542
2018-06-29 03:03:00,608.392392542
2018-06-29 03:04:00,618.226529004
2018-06-29 03:05:00,618.226529004
2018-06-29 03:06:00,608.392392542
2018-06-29 03:07:00,637.894801929
2018-06-29 03:08:00,637.894801929
2018-06-29 03:09:00,637.894801929
2018-06-29 03:10:00,657.563074854
2018-06-29 03:11:00,657.563074854
2018-06-29 03:12:00,657.563074854
2018-06-29 03:13:00,677.231347779
2018-06-29 03:14:00,677.231347779
2018-06-29 03:15:00,696.899620704
2018-06-29 03:16:00,687.065484242
2018-06-29 03:17:00,696.899620704
2018-06-29 03:18:00,696.899620704
2018-06-29 03:19:00,687.065484242
2018-06-29 03:20:00,687.065484242
2018-06-29 03:21:00,657.563074854
2018-06-29 03:22:00,657.563074854
2018-06-29 03:23:00,657.563074854
2018-06-29 03:24:00,647.728938392
2018-06-29 03:25:00,647.728938392
2018-06-29 03:26:00,647.728938392
2018-06-29 03:27:00,657.563074854
2018-06-29 03:28:00,647.728938392
2018-06-29 03:29:00,628.060665467
2018-06-29 03:30:00,519.885164379
2018-06-29 03:31:00,519.885164379
2018-06-29 03:32:00,529.719300842
2018-06-29 03:33:00,519.885164379
2018-06-29 03:34:00,519.885164379
2018-06-29 03:35:00,470.714482067
2018-06-29 03:36:00,470.714482067
2018-06-29 03:37:00,470.714482067
2018-06-29 03:38:00,431.377936217
2018-06-29 03:39:00,460.880345604
2018-06-29 03:40:00,421.543799754
2018-06-29 03:41:00,411.709663292
2018-06-29 03:42:00,401.875526829
2018-06-29 03:43:00,431.377936217
2018-06-29 03:44:00,441.212072679
2018-06-29 03:45:00,431.377936217
2018-06-29 03:46:00,441.212072679
2018-06-29 03:47:00,480.548618529
2018-06-29 03:48:00,480.548618529
2018-06-29 03:49:00,480.548618529
2018-06-29 03:50:00,441.212072679
2018-06-29 03:51:00,441.212072679
2018-06-29 03:52:00,451.046209142
2018-06-29 03:53:00,451.046209142
2018-06-29 03:54:00,460.880345604
2018-06-29 03:55:00,441.212072679
2018-06-29 03:56:00,480.548618529
2018-06-29 03:57:00,460.880345604
2018-06-29 03:58:00,470.714482067
2018-06-29 03:59:00,480.548618529
2018-06-29 04:00:00,490.382754992
2018-06-29 04:01:00,480.548618529
2018-06-29 04:02:00,500.216891454
2018-06-29 04:03:00,500.216891454
2018-06-29 04:04:00,500.216891454
2018-06-29 04:05:00,500.216891454
2018-06-29 04:06:00,500.216891454
2018-06-29 04:07:00,510.051027917
2018-06-29 04:08:00,510.051027917
2018-06-29 04:09:00,500.216891454
2018-06-29 04:10:00,500.216891454
2018-06-29 04:11:00,549.387573767
2018-06-29 04:12:00,529.719300842
2018-06-29 04:13:00,519.885164379
2018-06-29 04:14:00,519.885164379
2018-06-29 04:15:00,529.719300842
2018-06-29 04:16:00,510.051027917
2018-06-29 04:17:00,529.719300842
2018-06-29 04:18:00,529.719300842
2018-06-29 04:19:00,539.553437304
2018-06-29 04:20:00,539.553437304
2018-06-29 04:21:00,549.387573767
2018-06-29 04:22:00,549.387573767
2018-06-29 04:23:00,539.553437304
2018-06-29 04:24:00,539.553437304
2018-06-29 04:25:00,519.885164379
2018-06-29 04:26:00,539.553437304
2018-06-29 04:27:00,539.553437304
2018-06-29 04:28:00,549.387573767
2018-06-29 04:29:00,549.387573767
2018-06-29 04:30:00,559.221710229
2018-06-29 04:31:00,598.558256079
2018-06-29 04:32:00,608.392392542
2018-06-29 04:33:00,608.392392542
2018-06-29 04:34:00,598.558256079
2018-06-29 04:35:00,618.226529004
2018-06-29 04:36:00,618.226529004
2018-06-29 04:37:00,628.060665467
2018-06-29 04:38:00,637.894801929
2018-06-29 04:39:00,608.392392542
2018-06-29 04:40:00,608.392392542
2018-06-29 04:41:00,608.392392542
2018-06-29 04:42:00,618.226529004
2018-06-29 04:43:00,618.226529004
2018-06-29 04:44:00,628.060665467
2018-06-29 04:45:00,628.060665467
2018-06-29 04:46:00,628.060665467
2018-06-29 04:47:00,637.894801929
2018-06-29 04:48:00,618.226529004
2018-06-29 04:49:00,637.894801929
2018-06-29 04:50:00,637.894801929
2018-06-29 04:51:00,618.226529004
2018-06-29 04:52:00,628.060665467
2018-06-29 04:53:00,667.397211317
2018-06-29 04:54:00,696.899620704
2018-06-29 04:55:00,696.899620704
2018-06-29 04:56:00,696.899620704
2018-06-29 04:57:00,687.065484242
2018-06-29 04:58:00,667.397211317
2018-06-29 04:59:00,667.397211317
2018-06-29 05:00:00,667.397211317
2018-06-29 05:01:00,667.397211317
2018-06-29 05:02:00,667.397211317
2018-06-29 05:03:00,657.563074854
2018-06-29 05:04:00,657.563074854
2018-06-29 05:05:00,657.563074854
2018-06-29 05:06:00,657.563074854
2018-06-29 05:07:00,657.563074854
2018-06-29 05:08:00,657.563074854
2018-06-29 05:09:00,657.563074854
2018-06-29 05:10:00,657.563074854
2018-06-29 05:11:00,657.563074854
2018-06-29 05:12:00,657.563074854
2018-06-29 05:13:00,657.563074854
2018-06-29 05:14:00,657.563074854
2018-06-29 05:15:00,657.563074854
2018-06-29 05:16:00,657.563074854
2018-06-29 05:17:00,657.563074854
2018-06-29 05:18:00,657.563074854
2018-06-29 05:19:00,657.563074854
2018-06-29 05:20:00,657.563074854
2018-06-29 05:21:00,657.563074854
2018-06-29 05:22:00,657.563074854
2018-06-29 05:23:00,657.563074854
2018-06-29 05:24:00,657.563074854
2018-06-29 05:25:00,657.563074854
2018-06-29 05:26:00,667.397211317
2018-06-29 05:27:00,667.397211317
2018-06-29 05:28:00,667.397211317
2018-06-29 05:29:00,667.397211317
2018-06-29 05:30:00,687.065484242
2018-06-29 05:31:00,687.065484242
2018-06-29 05:32:00,687.065484242
2018-06-29 05:33:00,687.065484242
2018-06-29 05:34:00,687.065484242
2018-06-29 05:35:00,687.065484242
2018-06-29 05:36:00,677.231347779
2018-06-29 05:37:00,657.563074854
2018-06-29 05:38:00,657.563074854
2018-06-29 05:39:00,657.563074854
2018-06-29 05:40:00,657.563074854
2018-06-29 05:41:00,657.563074854
2018-06-29 05:42:00,657.563074854
2018-06-29 05:43:00,657.563074854
2018-06-29 05:44:00,677.231347779
2018-06-29 05:45:00,677.231347779
2018-06-29 05:46:00,677.231347779
2018-06-29 05:47:00,677.231347779
2018-06-29 05:48:00,696.899620704
2018-06-29 05:49:00,696.899620704
2018-06-29 05:50:00,716.567893629
2018-06-29 05:51:00,687.065484242
2018-06-29 05:52:00,696.899620704
2018-06-29 05:53:00,687.065484242
2018-06-29 05:54:00,696.899620704
2018-06-29 05:55:00,696.899620704
2018-06-29 05:56:00,696.899620704
2018-06-29 05:57:00,696.899620704
2018-06-29 05:58:00,687.065484242
2018-06-29 05:59:00,696.899620704
2018-06-29 06:00:00,696.899620704
2018-06-29 06:01:00,687.065484242
2018-06-29 06:02:00,677.231347779
2018-06-29 06:03:00,677.231347779
2018-06-29 06:04:00,677.231347779
2018-06-29 06:05:00,687.065484242
2018-06-29 06:06:00,687.065484242
2018-06-29 06:07:00,687.065484242
2018-06-29 06:08:00,677.231347779
2018-06-29 06:09:00,657.563074854
2018-06-29 06:10:00,657.563074854
2018-06-29 06:11:00,647.728938392
2018-06-29 06:12:00,647.728938392
2018-06-29 06:13:00,647.728938392
2018-06-29 06:14:00,637.894801929
2018-06-29 06:15:00,637.894801929
2018-06-29 06:16:00,637.894801929
2018-06-29 06:17:00,637.894801929
2018-06-29 06:18:00,637.894801929
2018-06-29 06:19:00,637.894801929
2018-06-29 06:20:00,637.894801929
2018-06-29 06:21:00,637.894801929
2018-06-29 06:22:00,637.894801929
2018-06-29 06:23:00,637.894801929
2018-06-29 06:24:00,637.894801929
2018-06-29 06:25:00,637.894801929
2018-06-29 06:26:00,637.894801929
2018-06-29 06:27:00,637.894801929
2018-06-29 06:28:00,637.894801929
2018-06-29 06:29:00,637.894801929
2018-06-29 06:30:00,647.728938392
2018-06-29 06:31:00,647.728938392
2018-06-29 06:32:00,637.894801929
2018-06-29 06:33:00,637.894801929
2018-06-29 06:34:00,637.894801929
2018-06-29 06:35:00,637.894801929
2018-06-29 06:36:00,637.894801929
2018-06-29 06:37:00,637.894801929
2018-06-29 06:38:00,637.894801929
2018-06-29 06:39:00,637.894801929
2018-06-29 06:40:00,637.894801929
2018-06-29 06:41:00,637.894801929
2018-06-29 06:42:00,637.894801929
2018-06-29 06:43:00,637.894801929
2018-06-29 06:44:00,637.894801929
2018-06-29 06:45:00,637.894801929
2018-06-29 06:46:00,637.894801929
2018-06-29 06:47:00,637.894801929
2018-06-29 06:48:00,637.894801929
2018-06-29 06:49:00,637.894801929
2018-06-29 06:50:00,637.894801929
2018-06-29 06:51:00,618.226529004
2018-06-29 06:52:00,618.226529004
2018-06-29 06:53:00,628.060665467
2018-06-29 06:54:00,618.226529004
2018-06-29 06:55:00,618.226529004
2018-06-29 06:56:00,628.060665467
2018-06-29 06:57:00,628.060665467
2018-06-29 06:58:00,618.226529004
2018-06-29 06:59:00,618.226529004
2018-06-29 07:00:00,618.226529004
2018-06-29 07:01:00,598.558256079
2018-06-29 07:02:00,598.558256079
2018-06-29 07:03:00,598.558256079
2018-06-29 07:04:00,578.889983154
2018-06-29 07:05:00,578.889983154
2018-06-29 07:06:00,578.889983154
2018-06-29 07:07:00,578.889983154
2018-06-29 07:08:00,578.889983154
2018-06-29 07:09:00,578.889983154
2018-06-29 07:10:00,578.889983154
2018-06-29 07:11:00,539.553437304
2018-06-29 07:12:00,549.387573767
2018-06-29 07:13:00,559.221710229
2018-06-29 07:14:00,559.221710229
2018-06-29 07:15:00,559.221710229
2018-06-29 07:16:00,578.889983154
2018-06-29 07:17:00,578.889983154
2018-06-29 07:18:00,578.889983154
2018-06-29 07:19:00,578.889983154
2018-06-29 07:20:00,569.055846692
2018-06-29 07:21:00,569.055846692
2018-06-29 07:22:00,569.055846692
2018-06-29 07:23:00,578.889983154
2018-06-29 07:24:00,578.889983154
2018-06-29 07:25:00,578.889983154
2018-06-29 07:26:00,578.889983154
2018-06-29 07:27:00,578.889983154
2018-06-29 07:28:00,588.724119617
2018-06-29 07:29:00,578.889983154
2018-06-29 07:30:00,578.889983154
2018-06-29 07:31:00,578.889983154
2018-06-29 07:32:00,559.221710229
2018-06-29 07:33:00,569.055846692
2018-06-29 07:34:00,559.221710229
2018-06-29 07:35:00,559.221710229
2018-06-29 07:36:00,559.221710229
2018-06-29 07:37:00,559.221710229
2018-06-29 07:38:00,519.885164379
2018-06-29 07:39:00,519.885164379
2018-06-29 07:40:00,519.885164379
2018-06-29 07:41:00,519.885164379
2018-06-29 07:42:00,519.885164379
2018-06-29 07:43:00,519.885164379
2018-06-29 07:44:00,519.885164379
2018-06-29 07:45:00,529.719300842
2018-06-29 07:46:00,529.719300842
2018-06-29 07:47:00,529.719300842
2018-06-29 07:48:00,519.885164379
2018-06-29 07:49:00,549.387573767
2018-06-29 07:50:00,559.221710229
2018-06-29 07:51:00,559.221710229
2018-06-29 07:52:00,539.553437304
2018-06-29 07:53:00,539.553437304
2018-06-29 07:54:00,559.221710229
2018-06-29 07:55:00,559.221710229
2018-06-29 07:56:00,559.221710229
2018-06-29 07:57:00,549.387573767
2018-06-29 07:58:00,559.221710229
2018-06-29 07:59:00,588.724119617
2018-06-29 08:00:00,588.724119617
2018-06-29 08:01:00,588.724119617
2018-06-29 08:02:00,588.724119617
2018-06-29 08:03:00,588.724119617
2018-06-29 08:04:00,588.724119617
2018-06-29 08:05:00,598.558256079
2018-06-29 08:06:00,598.558256079
2018-06-29 08:07:00,598.558256079
2018-06-29 08:08:00,598.558256079
2018-06-29 08:09:00,598.558256079
2018-06-29 08:10:00,598.558256079
2018-06-29 08:11:00,588.724119617
2018-06-29 08:12:00,588.724119617
2018-06-29 08:13:00,598.558256079
2018-06-29 08:14:00,588.724119617
2018-06-29 08:15:00,578.889983154
2018-06-29 08:16:00,578.889983154
2018-06-29 08:17:00,578.889983154
2018-06-29 08:18:00,578.889983154
2018-06-29 08:19:00,569.055846692
2018-06-29 08:20:00,559.221710229
2018-06-29 08:21:00,539.553437304
2018-06-29 08:22:00,539.553437304
2018-06-29 08:23:00,539.553437304
2018-06-29 08:24:00,559.221710229
2018-06-29 08:25:00,559.221710229
2018-06-29 08:26:00,559.221710229
2018-06-29 08:27:00,549.387573767
2018-06-29 08:28:00,549.387573767
2018-06-29 08:29:00,559.221710229
2018-06-29 08:30:00,559.221710229
2018-06-29 08:31:00,559.221710229
2018-06-29 08:32:00,569.055846692
2018-06-29 08:33:00,578.889983154
2018-06-29 08:34:00,578.889983154
2018-06-29 08:35:00,578.889983154
2018-06-29 08:36:00,578.889983154
2018-06-29 08:37:00,559.221710229
2018-06-29 08:38:00,578.889983154
2018-06-29 08:39:00,559.221710229
2018-06-29 08:40:00,559.221710229
2018-06-29 08:41:00,559.221710229
2018-06-29 08:42:00,559.221710229
2018-06-29 08:43:00,559.221710229
2018-06-29 08:44:00,569.055846692
2018-06-29 08:45:00,578.889983154
2018-06-29 08:46:00,578.889983154
2018-06-29 08:47:00,578.889983154
2018-06-29 08:48:00,569.055846692
2018-06-29 08:49:00,569.055846692
2018-06-29 08:50:00,549.387573767
2018-06-29 08:51:00,559.221710229
2018-06-29 08:52:00,559.221710229
2018-06-29 08:53:00,559.221710229
2018-06-29 08:54:00,569.055846692
2018-06-29 08:55:00,569.055846692
2018-06-29 08:56:00,569.055846692
2018-06-29 08:57:00,569.055846692
2018-06-29 08:58:00,569.055846692
2018-06-29 08:59:00,578.889983154
2018-06-29 09:00:00,569.055846692
2018-06-29 09:01:00,578.889983154
2018-06-29 09:02:00,569.055846692
2018-06-29 09:03:00,559.221710229
2018-06-29 09:04:00,559.221710229
2018-06-29 09:05:00,559.221710229
2018-06-29 09:06:00,569.055846692
2018-06-29 09:07:00,578.889983154
2018-06-29 09:08:00,559.221710229
2018-06-29 09:09:00,559.221710229
2018-06-29 09:10:00,559.221710229
2018-06-29 09:11:00,559.221710229
2018-06-29 09:12:00,559.221710229
2018-06-29 09:13:00,559.221710229
2018-06-29 09:14:00,559.221710229
2018-06-29 09:15:00,559.221710229
2018-06-29 09:16:00,559.221710229
2018-06-29 09:17:00,559.221710229
2018-06-29 09:18:00,559.221710229
2018-06-29 09:19:00,559.221710229
2018-06-29 09:20:00,559.221710229
2018-06-29 09:21:00,559.221710229
2018-06-29 09:22:00,549.387573767
2018-06-29 09:23:00,549.387573767
2018-06-29 09:24:00,549.387573767
2018-06-29 09:25:00,559.221710229
2018-06-29 09:26:00,569.055846692
2018-06-29 09:27:00,559.221710229
2018-06-29 09:28:00,559.221710229
2018-06-29 09:29:00,569.055846692
2018-06-29 09:30:00,588.724119617
2018-06-29 09:31:00,588.724119617
2018-06-29 09:32:00,578.889983154
2018-06-29 09:33:00,578.889983154
2018-06-29 09:34:00,578.889983154
2018-06-29 09:35:00,549.387573767
2018-06-29 09:36:00,549.387573767
2018-06-29 09:37:00,549.387573767
2018-06-29 09:38:00,549.387573767
2018-06-29 09:39:00,559.221710229
2018-06-29 09:40:00,559.221710229
2018-06-29 09:41:00,559.221710229
2018-06-29 09:42:00,559.221710229
2018-06-29 09:43:00,559.221710229
2018-06-29 09:44:00,559.221710229
2018-06-29 09:45:00,559.221710229
2018-06-29 09:46:00,559.221710229
2018-06-29 09:47:00,559.221710229
2018-06-29 09:48:00,559.221710229
2018-06-29 09:49:00,559.221710229
2018-06-29 09:50:00,559.221710229
2018-06-29 09:51:00,559.221710229
2018-06-29 09:52:00,559.221710229
2018-06-29 09:53:00,559.221710229
2018-06-29 09:54:00,559.221710229
2018-06-29 09:55:00,559.221710229
2018-06-29 09:56:00,559.221710229
2018-06-29 09:57:00,559.221710229
2018-06-29 09:58:00,559.221710229
2018-06-29 09:59:00,559.221710229
2018-06-29 10:00:00,549.387573767
2018-06-29 10:01:00,549.387573767
2018-06-29 10:02:00,578.889983154
2018-06-29 10:03:00,578.889983154
2018-06-29 10:04:00,588.724119617
2018-06-29 10:05:00,549.387573767
2018-06-29 10:06:00,539.553437304
2018-06-29 10:07:00,549.387573767
2018-06-29 10:08:00,539.553437304
2018-06-29 10:09:00,539.553437304
2018-06-29 10:10:00,539.553437304
2018-06-29 10:11:00,549.387573767
2018-06-29 10:12:00,559.221710229
2018-06-29 10:13:00,559.221710229
2018-06-29 10:14:00,559.221710229
2018-06-29 10:15:00,549.387573767
2018-06-29 10:16:00,539.553437304
2018-06-29 10:17:00,519.885164379
2018-06-29 10:18:00,519.885164379
2018-06-29 10:19:00,539.553437304
2018-06-29 10:20:00,539.553437304
2018-06-29 10:21:00,578.889983154
2018-06-29 10:22:00,559.221710229
2018-06-29 10:23:00,559.221710229
2018-06-29 10:24:00,569.055846692
2018-06-29 10:25:00,559.221710229
2018-06-29 10:26:00,539.553437304
2018-06-29 10:27:00,549.387573767
2018-06-29 10:28:00,539.553437304
2018-06-29 10:29:00,539.553437304
2018-06-29 10:30:00,549.387573767
2018-06-29 10:31:00,549.387573767
2018-06-29 10:32:00,539.553437304
2018-06-29 10:33:00,539.553437304
2018-06-29 10:34:00,539.553437304
2018-06-29 10:35:00,539.553437304
2018-06-29 10:36:00,549.387573767
2018-06-29 10:37:00,549.387573767
2018-06-29 10:38:00,549.387573767
2018-06-29 10:39:00,549.387573767
2018-06-29 10:40:00,549.387573767
2018-06-29 10:41:00,549.387573767
2018-06-29 10:42:00,549.387573767
2018-06-29 10:43:00,539.553437304
2018-06-29 10:44:00,539.553437304
2018-06-29 10:45:00,539.553437304
2018-06-29 10:46:00,539.553437304
2018-06-29 10:47:00,529.719300842
2018-06-29 10:48:00,529.719300842
2018-06-29 10:49:00,529.719300842
2018-06-29 10:50:00,519.885164379
2018-06-29 10:51:00,519.885164379
2018-06-29 10:52:00,519.885164379
2018-06-29 10:53:00,519.885164379
2018-06-29 10:54:00,519.885164379
2018-06-29 10:55:00,519.885164379
2018-06-29 10:56:00,529.719300842
2018-06-29 10:57:00,539.553437304
2018-06-29 10:58:00,539.553437304
2018-06-29 10:59:00,539.553437304
2018-06-29 11:00:00,539.553437304
2018-06-29 11:01:00,539.553437304
2018-06-29 11:02:00,539.553437304
2018-06-29 11:03:00,539.553437304
2018-06-29 11:04:00,539.553437304
2018-06-29 11:05:00,539.553437304
2018-06-29 11:06:00,539.553437304
2018-06-29 11:07:00,539.553437304
2018-06-29 11:08:00,529.719300842
2018-06-29 11:09:00,539.553437304
2018-06-29 11:10:00,539.553437304
2018-06-29 11:11:00,539.553437304
2018-06-29 11:12:00,539.553437304
2018-06-29 11:13:00,539.553437304
2018-06-29 11:14:00,539.553437304
2018-06-29 11:15:00,539.553437304
2018-06-29 11:16:00,539.553437304
2018-06-29 11:17:00,539.553437304
2018-06-29 11:18:00,539.553437304
2018-06-29 11:19:00,539.553437304
2018-06-29 11:20:00,539.553437304
2018-06-29 11:21:00,539.553437304
2018-06-29 11:22:00,539.553437304
2018-06-29 11:23:00,539.553437304
2018-06-29 11:24:00,539.553437304
2018-06-29 11:25:00,539.553437304
2018-06-29 11:26:00,539.553437304
2018-06-29 11:27:00,539.553437304
2018-06-29 11:28:00,539.553437304
2018-06-29 11:29:00,539.553437304
2018-06-29 11:30:00,539.553437304
2018-06-29 11:31:00,539.553437304
2018-06-29 11:32:00,539.553437304
2018-06-29 11:33:00,539.553437304
2018-06-29 11:34:00,539.553437304
2018-06-29 11:35:00,500.216891454
2018-06-29 11:36:00,529.719300842
2018-06-29 11:37:00,539.553437304
2018-06-29 11:38:00,529.719300842
2018-06-29 11:39:00,529.719300842
2018-06-29 11:40:00,539.553437304
2018-06-29 11:41:00,539.553437304
2018-06-29 11:42:00,539.553437304
2018-06-29 11:43:00,539.553437304
2018-06-29 11:44:00,539.553437304
2018-06-29 11:45:00,539.553437304
2018-06-29 11:46:00,539.553437304
2018-06-29 11:47:00,539.553437304
2018-06-29 11:48:00,559.221710229
2018-06-29 11:49:00,559.221710229
2018-06-29 11:50:00,559.221710229
2018-06-29 11:51:00,559.221710229
2018-06-29 11:52:00,559.221710229
2018-06-29 11:53:00,559.221710229
2018-06-29 11:54:00,559.221710229
2018-06-29 11:55:00,578.889983154
2018-06-29 11:56:00,578.889983154
2018-06-29 11:57:00,578.889983154
2018-06-29 11:58:00,578.889983154
2018-06-29 11:59:00,559.221710229
2018-07-02 01:29:00,426.93567849
2018-07-02 01:30:00,426.93567849
2018-07-02 01:31:00,426.93567849
2018-07-02 01:32:00,426.93567849
2018-07-02 01:33:00,426.93567849
2018-07-02 01:34:00,633.400239815
2018-07-02 01:35:00,624.015487028
2018-07-02 01:36:00,633.400239815
2018-07-02 01:37:00,633.400239815
2018-07-02 01:38:00,633.400239815
2018-07-02 01:39:00,633.400239815
2018-07-02 01:40:00,633.400239815
2018-07-02 01:41:00,633.400239815
2018-07-02 01:42:00,624.015487028
2018-07-02 01:43:00,624.015487028
2018-07-02 01:44:00,624.015487028
2018-07-02 01:45:00,624.015487028
2018-07-02 01:46:00,624.015487028
2018-07-02 01:47:00,624.015487028
2018-07-02 01:48:00,642.784992603
2018-07-02 01:49:00,633.400239815
2018-07-02 01:50:00,633.400239815
2018-07-02 01:51:00,633.400239815
2018-07-02 01:52:00,633.400239815
2018-07-02 01:53:00,633.400239815
2018-07-02 01:54:00,633.400239815
2018-07-02 01:55:00,642.784992603
2018-07-02 01:56:00,633.400239815
2018-07-02 01:57:00,633.400239815
2018-07-02 01:58:00,633.400239815
2018-07-02 01:59:00,633.400239815
2018-07-02 02:00:00,642.784992603
2018-07-02 02:01:00,642.784992603
2018-07-02 02:02:00,642.784992603
2018-07-02 02:03:00,661.554498178
2018-07-02 02:04:00,661.554498178
2018-07-02 02:05:00,661.554498178
2018-07-02 02:06:00,680.324003753
2018-07-02 02:07:00,670.939250965
2018-07-02 02:08:00,680.324003753
2018-07-02 02:09:00,670.939250965
2018-07-02 02:10:00,670.939250965
2018-07-02 02:11:00,689.70875654
2018-07-02 02:12:00,680.324003753
2018-07-02 02:13:00,670.939250965
2018-07-02 02:14:00,670.939250965
2018-07-02 02:15:00,661.554498178
2018-07-02 02:16:00,652.16974539
2018-07-02 02:17:00,652.16974539
2018-07-02 02:18:00,652.16974539
2018-07-02 02:19:00,652.16974539
2018-07-02 02:20:00,652.16974539
2018-07-02 02:21:00,652.16974539
2018-07-02 02:22:00,652.16974539
2018-07-02 02:23:00,652.16974539
2018-07-02 02:24:00,652.16974539
2018-07-02 02:25:00,642.784992603
2018-07-02 02:26:00,633.400239815
2018-07-02 02:27:00,642.784992603
2018-07-02 02:28:00,633.400239815
2018-07-02 02:29:00,633.400239815
2018-07-02 02:30:00,642.784992603
2018-07-02 02:31:00,642.784992603
2018-07-02 02:32:00,661.554498178
2018-07-02 02:33:00,652.16974539
2018-07-02 02:34:00,652.16974539
2018-07-02 02:35:00,670.939250965
2018-07-02 02:36:00,670.939250965
2018-07-02 02:37:00,670.939250965
2018-07-02 02:38:00,689.70875654
2018-07-02 02:39:00,708.478262115
2018-07-02 02:40:00,708.478262115
2018-07-02 02:41:00,708.478262115
2018-07-02 02:42:00,708.478262115
2018-07-02 02:43:00,717.863014903
2018-07-02 02:44:00,717.863014903
2018-07-02 02:45:00,717.863014903
2018-07-02 02:46:00,727.24776769
2018-07-02 02:47:00,727.24776769
2018-07-02 02:48:00,727.24776769
2018-07-02 02:49:00,708.478262115
2018-07-02 02:50:00,727.24776769
2018-07-02 02:51:00,727.24776769
2018-07-02 02:52:00,727.24776769
2018-07-02 02:53:00,727.24776769
2018-07-02 02:54:00,736.632520478
2018-07-02 02:55:00,727.24776769
2018-07-02 02:56:00,727.24776769
2018-07-02 02:57:00,727.24776769
2018-07-02 02:58:00,727.24776769
2018-07-02 02:59:00,717.863014903
2018-07-02 03:00:00,708.478262115
2018-07-02 03:01:00,708.478262115
2018-07-02 03:02:00,717.863014903
2018-07-02 03:03:00,727.24776769
2018-07-02 03:04:00,717.863014903
2018-07-02 03:05:00,727.24776769
2018-07-02 03:06:00,708.478262115
2018-07-02 03:07:00,708.478262115
2018-07-02 03:08:00,708.478262115
2018-07-02 03:09:00,708.478262115
2018-07-02 03:10:00,708.478262115
2018-07-02 03:11:00,689.70875654
2018-07-02 03:12:00,689.70875654
2018-07-02 03:13:00,689.70875654
2018-07-02 03:14:00,689.70875654
2018-07-02 03:15:00,689.70875654
2018-07-02 03:16:00,680.324003753
2018-07-02 03:17:00,670.939250965
2018-07-02 03:18:00,708.478262115
2018-07-02 03:19:00,708.478262115
2018-07-02 03:20:00,699.093509328
2018-07-02 03:21:00,699.093509328
2018-07-02 03:22:00,708.478262115
2018-07-02 03:23:00,708.478262115
2018-07-02 03:24:00,717.863014903
2018-07-02 03:25:00,727.24776769
2018-07-02 03:26:00,727.24776769
2018-07-02 03:27:00,727.24776769
2018-07-02 03:28:00,727.24776769
2018-07-02 03:29:00,736.632520478
2018-07-02 03:30:00,680.324003753
2018-07-02 03:31:00,661.554498178
2018-07-02 03:32:00,670.939250965
2018-07-02 03:33:00,689.70875654
2018-07-02 03:34:00,689.70875654
2018-07-02 03:35:00,689.70875654
2018-07-02 03:36:00,689.70875654
2018-07-02 03:37:00,689.70875654
2018-07-02 03:38:00,689.70875654
2018-07-02 03:39:00,689.70875654
2018-07-02 03:40:00,680.324003753
2018-07-02 03:41:00,652.16974539
2018-07-02 03:42:00,652.16974539
2018-07-02 03:43:00,652.16974539
2018-07-02 03:44:00,652.16974539
2018-07-02 03:45:00,642.784992603
2018-07-02 03:46:00,642.784992603
2018-07-02 03:47:00,633.400239815
2018-07-02 03:48:00,633.400239815
2018-07-02 03:49:00,633.400239815
2018-07-02 03:50:00,614.63073424
2018-07-02 03:51:00,614.63073424
2018-07-02 03:52:00,614.63073424
2018-07-02 03:53:00,614.63073424
2018-07-02 03:54:00,605.245981453
2018-07-02 03:55:00,614.63073424
2018-07-02 03:56:00,605.245981453
2018-07-02 03:57:00,614.63073424
2018-07-02 03:58:00,614.63073424
2018-07-02 03:59:00,605.245981453
2018-07-02 04:00:00,605.245981453
2018-07-02 04:01:00,624.015487028
2018-07-02 04:02:00,624.015487028
2018-07-02 04:03:00,624.015487028
2018-07-02 04:04:00,633.400239815
2018-07-02 04:05:00,642.784992603
2018-07-02 04:06:00,642.784992603
2018-07-02 04:07:00,652.16974539
2018-07-02 04:08:00,652.16974539
2018-07-02 04:09:00,652.16974539
2018-07-02 04:10:00,652.16974539
2018-07-02 04:11:00,652.16974539
2018-07-02 04:12:00,652.16974539
2018-07-02 04:13:00,652.16974539
2018-07-02 04:14:00,652.16974539
2018-07-02 04:15:00,661.554498178
2018-07-02 04:16:00,661.554498178
2018-07-02 04:17:00,661.554498178
2018-07-02 04:18:00,661.554498178
2018-07-02 04:19:00,661.554498178
2018-07-02 04:20:00,652.16974539
2018-07-02 04:21:00,652.16974539
2018-07-02 04:22:00,652.16974539
2018-07-02 04:23:00,652.16974539
2018-07-02 04:24:00,652.16974539
2018-07-02 04:25:00,652.16974539
2018-07-02 04:26:00,652.16974539
2018-07-02 04:27:00,652.16974539
2018-07-02 04:28:00,652.16974539
2018-07-02 04:29:00,652.16974539
2018-07-02 04:30:00,652.16974539
2018-07-02 04:31:00,652.16974539
2018-07-02 04:32:00,652.16974539
2018-07-02 04:33:00,652.16974539
2018-07-02 04:34:00,689.70875654
2018-07-02 04:35:00,689.70875654
2018-07-02 04:36:00,699.093509328
2018-07-02 04:37:00,708.478262115
2018-07-02 04:38:00,708.478262115
2018-07-02 04:39:00,708.478262115
2018-07-02 04:40:00,699.093509328
2018-07-02 04:41:00,699.093509328
2018-07-02 04:42:00,708.478262115
2018-07-02 04:43:00,708.478262115
2018-07-02 04:44:00,708.478262115
2018-07-02 04:45:00,708.478262115
2018-07-02 04:46:00,717.863014903
2018-07-02 04:47:00,708.478262115
2018-07-02 04:48:00,717.863014903
2018-07-02 04:49:00,746.017273265
2018-07-02 04:50:00,746.017273265
2018-07-02 04:51:00,746.017273265
2018-07-02 04:52:00,746.017273265
2018-07-02 04:53:00,746.017273265
2018-07-02 04:54:00,755.402026053
2018-07-02 04:55:00,746.017273265
2018-07-02 04:56:00,746.017273265
2018-07-02 04:57:00,755.402026053
2018-07-02 04:58:00,764.78677884
2018-07-02 04:59:00,746.017273265
2018-07-02 05:00:00,755.402026053
2018-07-02 05:01:00,746.017273265
2018-07-02 05:02:00,764.78677884
2018-07-02 05:03:00,736.632520478
2018-07-02 05:04:00,736.632520478
2018-07-02 05:05:00,727.24776769
2018-07-02 05:06:00,727.24776769
2018-07-02 05:07:00,727.24776769
2018-07-02 05:08:00,727.24776769
2018-07-02 05:09:00,727.24776769
2018-07-02 05:10:00,727.24776769
2018-07-02 05:11:00,727.24776769
2018-07-02 05:12:00,727.24776769
2018-07-02 05:13:00,727.24776769
2018-07-02 05:14:00,727.24776769
2018-07-02 05:15:00,727.24776769
2018-07-02 05:16:00,727.24776769
2018-07-02 05:17:00,727.24776769
2018-07-02 05:18:00,727.24776769
2018-07-02 05:19:00,727.24776769
2018-07-02 05:20:00,736.632520478
2018-07-02 05:21:00,727.24776769
2018-07-02 05:22:00,727.24776769
2018-07-02 05:23:00,755.402026053
2018-07-02 05:24:00,755.402026053
2018-07-02 05:25:00,755.402026053
2018-07-02 05:26:00,755.402026053
2018-07-02 05:27:00,755.402026053
2018-07-02 05:28:00,746.017273265
2018-07-02 05:29:00,746.017273265
2018-07-02 05:30:00,755.402026053
2018-07-02 05:31:00,746.017273265
2018-07-02 05:32:00,755.402026053
2018-07-02 05:33:00,746.017273265
2018-07-02 05:34:00,746.017273265
2018-07-02 05:35:00,746.017273265
2018-07-02 05:36:00,746.017273265
2018-07-02 05:37:00,746.017273265
2018-07-02 05:38:00,746.017273265
2018-07-02 05:39:00,746.017273265
2018-07-02 05:40:00,746.017273265
2018-07-02 05:41:00,746.017273265
2018-07-02 05:42:00,746.017273265
2018-07-02 05:43:00,746.017273265
2018-07-02 05:44:00,746.017273265
2018-07-02 05:45:00,746.017273265
2018-07-02 05:46:00,736.632520478
2018-07-02 05:47:00,736.632520478
2018-07-02 05:48:00,746.017273265
2018-07-02 05:49:00,746.017273265
2018-07-02 05:50:00,746.017273265
2018-07-02 05:51:00,746.017273265
2018-07-02 05:52:00,746.017273265
2018-07-02 05:53:00,746.017273265
2018-07-02 05:54:00,717.863014903
2018-07-02 05:55:00,708.478262115
2018-07-02 05:56:00,708.478262115
2018-07-02 05:57:00,717.863014903
2018-07-02 05:58:00,699.093509328
2018-07-02 05:59:00,689.70875654
2018-07-02 06:00:00,689.70875654
2018-07-02 06:01:00,699.093509328
2018-07-02 06:02:00,708.478262115
2018-07-02 06:03:00,708.478262115
2018-07-02 06:04:00,699.093509328
2018-07-02 06:05:00,699.093509328
2018-07-02 06:06:00,699.093509328
2018-07-02 06:07:00,699.093509328
2018-07-02 06:08:00,699.093509328
2018-07-02 06:09:00,699.093509328
2018-07-02 06:10:00,699.093509328
2018-07-02 06:11:00,699.093509328
2018-07-02 06:12:00,699.093509328
2018-07-02 06:13:00,699.093509328
2018-07-02 06:14:00,699.093509328
2018-07-02 06:15:00,708.478262115
2018-07-02 06:16:00,708.478262115
2018-07-02 06:17:00,708.478262115
2018-07-02 06:18:00,708.478262115
2018-07-02 06:19:00,708.478262115
2018-07-02 06:20:00,717.863014903
2018-07-02 06:21:00,699.093509328
2018-07-02 06:22:00,699.093509328
2018-07-02 06:23:00,699.093509328
2018-07-02 06:24:00,699.093509328
2018-07-02 06:25:00,699.093509328
2018-07-02 06:26:00,699.093509328
2018-07-02 06:27:00,699.093509328
2018-07-02 06:28:00,699.093509328
2018-07-02 06:29:00,699.093509328
2018-07-02 06:30:00,699.093509328
2018-07-02 06:31:00,708.478262115
2018-07-02 06:32:00,717.863014903
2018-07-02 06:33:00,717.863014903
2018-07-02 06:34:00,717.863014903
2018-07-02 06:35:00,717.863014903
2018-07-02 06:36:00,717.863014903
2018-07-02 06:37:00,717.863014903
2018-07-02 06:38:00,717.863014903
2018-07-02 06:39:00,717.863014903
2018-07-02 06:40:00,708.478262115
2018-07-02 06:41:00,708.478262115
2018-07-02 06:42:00,708.478262115
2018-07-02 06:43:00,708.478262115
2018-07-02 06:44:00,708.478262115
2018-07-02 06:45:00,717.863014903
2018-07-02 06:46:00,708.478262115
2018-07-02 06:47:00,708.478262115
2018-07-02 06:48:00,717.863014903
2018-07-02 06:49:00,708.478262115
2018-07-02 06:50:00,717.863014903
2018-07-02 06:51:00,717.863014903
2018-07-02 06:52:00,717.863014903
2018-07-02 06:53:00,717.863014903
2018-07-02 06:54:00,717.863014903
2018-07-02 06:55:00,717.863014903
2018-07-02 06:56:00,717.863014903
2018-07-02 06:57:00,717.863014903
2018-07-02 06:58:00,717.863014903
2018-07-02 06:59:00,717.863014903
2018-07-02 07:00:00,717.863014903
2018-07-02 07:01:00,717.863014903
2018-07-02 07:02:00,717.863014903
2018-07-02 07:03:00,717.863014903
2018-07-02 07:04:00,736.632520478
2018-07-02 07:05:00,736.632520478
2018-07-02 07:06:00,736.632520478
2018-07-02 07:07:00,727.24776769
2018-07-02 07:08:00,708.478262115
2018-07-02 07:09:00,708.478262115
2018-07-02 07:10:00,764.78677884
2018-07-02 07:11:00,764.78677884
2018-07-02 07:12:00,764.78677884
2018-07-02 07:13:00,755.402026053
2018-07-02 07:14:00,755.402026053
2018-07-02 07:15:00,764.78677884
2018-07-02 07:16:00,774.171531628
2018-07-02 07:17:00,774.171531628
2018-07-02 07:18:00,783.556284415
2018-07-02 07:19:00,783.556284415
2018-07-02 07:20:00,783.556284415
2018-07-02 07:21:00,764.78677884
2018-07-02 07:22:00,764.78677884
2018-07-02 07:23:00,764.78677884
2018-07-02 07:24:00,764.78677884
2018-07-02 07:25:00,764.78677884
2018-07-02 07:26:00,764.78677884
2018-07-02 07:27:00,764.78677884
2018-07-02 07:28:00,764.78677884
2018-07-02 07:29:00,764.78677884
2018-07-02 07:30:00,764.78677884
2018-07-02 07:31:00,764.78677884
2018-07-02 07:32:00,764.78677884
2018-07-02 07:33:00,764.78677884
2018-07-02 07:34:00,746.017273265
2018-07-02 07:35:00,746.017273265
2018-07-02 07:36:00,746.017273265
2018-07-02 07:37:00,736.632520478
2018-07-02 07:38:00,736.632520478
2018-07-02 07:39:00,736.632520478
2018-07-02 07:40:00,736.632520478
2018-07-02 07:41:00,727.24776769
2018-07-02 07:42:00,717.863014903
2018-07-02 07:43:00,708.478262115
2018-07-02 07:44:00,708.478262115
2018-07-02 07:45:00,699.093509328
2018-07-02 07:46:00,699.093509328
2018-07-02 07:47:00,708.478262115
2018-07-02 07:48:00,708.478262115
2018-07-02 07:49:00,717.863014903
2018-07-02 07:50:00,727.24776769
2018-07-02 07:51:00,727.24776769
2018-07-02 07:52:00,717.863014903
2018-07-02 07:53:00,708.478262115
2018-07-02 07:54:00,708.478262115
2018-07-02 07:55:00,699.093509328
2018-07-02 07:56:00,708.478262115
2018-07-02 07:57:00,708.478262115
2018-07-02 07:58:00,708.478262115
2018-07-02 07:59:00,708.478262115
2018-07-02 08:00:00,708.478262115
2018-07-02 08:01:00,708.478262115
2018-07-02 08:02:00,708.478262115
2018-07-02 08:03:00,699.093509328
2018-07-02 08:04:00,699.093509328
2018-07-02 08:05:00,699.093509328
2018-07-02 08:06:00,699.093509328
2018-07-02 08:07:00,699.093509328
2018-07-02 08:08:00,699.093509328
2018-07-02 08:09:00,699.093509328
2018-07-02 08:10:00,708.478262115
2018-07-02 08:11:00,717.863014903
2018-07-02 08:12:00,717.863014903
2018-07-02 08:13:00,717.863014903
2018-07-02 08:14:00,717.863014903
2018-07-02 08:15:00,708.478262115
2018-07-02 08:16:00,708.478262115
2018-07-02 08:17:00,708.478262115
2018-07-02 08:18:00,708.478262115
2018-07-02 08:19:00,708.478262115
2018-07-02 08:20:00,708.478262115
2018-07-02 08:21:00,708.478262115
2018-07-02 08:22:00,708.478262115
2018-07-02 08:23:00,708.478262115
2018-07-02 08:24:00,717.863014903
2018-07-02 08:25:00,717.863014903
2018-07-02 08:26:00,727.24776769
2018-07-02 08:27:00,727.24776769
2018-07-02 08:28:00,727.24776769
2018-07-02 08:29:00,717.863014903
2018-07-02 08:30:00,727.24776769
2018-07-02 08:31:00,727.24776769
2018-07-02 08:32:00,727.24776769
2018-07-02 08:33:00,727.24776769
2018-07-02 08:34:00,727.24776769
2018-07-02 08:35:00,727.24776769
2018-07-02 08:36:00,727.24776769
2018-07-02 08:37:00,727.24776769
2018-07-02 08:38:00,727.24776769
2018-07-02 08:39:00,727.24776769
2018-07-02 08:40:00,727.24776769
2018-07-02 08:41:00,727.24776769
2018-07-02 08:42:00,727.24776769
2018-07-02 08:43:00,727.24776769
2018-07-02 08:44:00,746.017273265
2018-07-02 08:45:00,746.017273265
2018-07-02 08:46:00,746.017273265
2018-07-02 08:47:00,727.24776769
2018-07-02 08:48:00,727.24776769
2018-07-02 08:49:00,727.24776769
2018-07-02 08:50:00,736.632520478
2018-07-02 08:51:00,736.632520478
2018-07-02 08:52:00,736.632520478
2018-07-02 08:53:00,736.632520478
2018-07-02 08:54:00,736.632520478
2018-07-02 08:55:00,746.017273265
2018-07-02 08:56:00,746.017273265
2018-07-02 08:57:00,727.24776769
2018-07-02 08:58:00,727.24776769
2018-07-02 08:59:00,727.24776769
2018-07-02 09:00:00,746.017273265
2018-07-02 09:01:00,736.632520478
2018-07-02 09:02:00,736.632520478
2018-07-02 09:03:00,746.017273265
2018-07-02 09:04:00,746.017273265
2018-07-02 09:05:00,746.017273265
2018-07-02 09:06:00,755.402026053
2018-07-02 09:07:00,755.402026053
2018-07-02 09:08:00,764.78677884
2018-07-02 09:09:00,755.402026053
2018-07-02 09:10:00,755.402026053
2018-07-02 09:11:00,746.017273265
2018-07-02 09:12:00,746.017273265
2018-07-02 09:13:00,764.78677884
2018-07-02 09:14:00,764.78677884
2018-07-02 09:15:00,764.78677884
2018-07-02 09:16:00,764.78677884
2018-07-02 09:17:00,746.017273265
2018-07-02 09:18:00,736.632520478
2018-07-02 09:19:00,746.017273265
2018-07-02 09:20:00,755.402026053
2018-07-02 09:21:00,746.017273265
2018-07-02 09:22:00,746.017273265
2018-07-02 09:23:00,764.78677884
2018-07-02 09:24:00,764.78677884
2018-07-02 09:25:00,746.017273265
2018-07-02 09:26:00,755.402026053
2018-07-02 09:27:00,764.78677884
2018-07-02 09:28:00,764.78677884
2018-07-02 09:29:00,764.78677884
2018-07-02 09:30:00,764.78677884
2018-07-02 09:31:00,764.78677884
2018-07-02 09:32:00,764.78677884
2018-07-02 09:33:00,764.78677884
2018-07-02 09:34:00,764.78677884
2018-07-02 09:35:00,764.78677884
2018-07-02 09:36:00,764.78677884
2018-07-02 09:37:00,764.78677884
2018-07-02 09:38:00,764.78677884
2018-07-02 09:39:00,764.78677884
2018-07-02 09:40:00,764.78677884
2018-07-02 09:41:00,764.78677884
2018-07-02 09:42:00,746.017273265
2018-07-02 09:43:00,746.017273265
2018-07-02 09:44:00,746.017273265
2018-07-02 09:45:00,746.017273265
2018-07-02 09:46:00,755.402026053
2018-07-02 09:47:00,755.402026053
2018-07-02 09:48:00,746.017273265
2018-07-02 09:49:00,746.017273265
2018-07-02 09:50:00,746.017273265
2018-07-02 09:51:00,746.017273265
2018-07-02 09:52:00,746.017273265
2018-07-02 09:53:00,746.017273265
2018-07-02 09:54:00,746.017273265
2018-07-02 09:55:00,746.017273265
2018-07-02 09:56:00,746.017273265
2018-07-02 09:57:00,764.78677884
2018-07-02 09:58:00,755.402026053
2018-07-02 09:59:00,755.402026053
2018-07-02 10:00:00,746.017273265
2018-07-02 10:01:00,736.632520478
2018-07-02 10:02:00,746.017273265
2018-07-02 10:03:00,746.017273265
2018-07-02 10:04:00,746.017273265
2018-07-02 10:05:00,746.017273265
2018-07-02 10:06:00,746.017273265
2018-07-02 10:07:00,755.402026053
2018-07-02 10:08:00,764.78677884
2018-07-02 10:09:00,746.017273265
2018-07-02 10:10:00,746.017273265
2018-07-02 10:11:00,755.402026053
2018-07-02 10:12:00,764.78677884
2018-07-02 10:13:00,764.78677884
2018-07-02 10:14:00,764.78677884
2018-07-02 10:15:00,764.78677884
2018-07-02 10:16:00,764.78677884
2018-07-02 10:17:00,755.402026053
2018-07-02 10:18:00,755.402026053
2018-07-02 10:19:00,755.402026053
2018-07-02 10:20:00,755.402026053
2018-07-02 10:21:00,764.78677884
2018-07-02 10:22:00,774.171531628
2018-07-02 10:23:00,774.171531628
2018-07-02 10:24:00,764.78677884
2018-07-02 10:25:00,774.171531628
2018-07-02 10:26:00,774.171531628
2018-07-02 10:27:00,774.171531628
2018-07-02 10:28:00,783.556284415
2018-07-02 10:29:00,774.171531628
2018-07-02 10:30:00,774.171531628
2018-07-02 10:31:00,774.171531628
2018-07-02 10:32:00,774.171531628
2018-07-02 10:33:00,774.171531628
2018-07-02 10:34:00,774.171531628
2018-07-02 10:35:00,764.78677884
2018-07-02 10:36:00,764.78677884
2018-07-02 10:37:00,764.78677884
2018-07-02 10:38:00,764.78677884
2018-07-02 10:39:00,764.78677884
2018-07-02 10:40:00,764.78677884
2018-07-02 10:41:00,774.171531628
2018-07-02 10:42:00,783.556284415
2018-07-02 10:43:00,774.171531628
2018-07-02 10:44:00,783.556284415
2018-07-02 10:45:00,774.171531628
2018-07-02 10:46:00,783.556284415
2018-07-02 10:47:00,774.171531628
2018-07-02 10:48:00,774.171531628
2018-07-02 10:49:00,774.171531628
2018-07-02 10:50:00,774.171531628
2018-07-02 10:51:00,774.171531628
2018-07-02 10:52:00,774.171531628
2018-07-02 10:53:00,764.78677884
2018-07-02 10:54:00,764.78677884
2018-07-02 10:55:00,764.78677884
2018-07-02 10:56:00,755.402026053
2018-07-02 10:57:00,755.402026053
2018-07-02 10:58:00,764.78677884
2018-07-02 10:59:00,764.78677884
2018-07-02 11:00:00,764.78677884
2018-07-02 11:01:00,774.171531628
2018-07-02 11:02:00,774.171531628
2018-07-02 11:03:00,774.171531628
2018-07-02 11:04:00,774.171531628
2018-07-02 11:05:00,764.78677884
2018-07-02 11:06:00,764.78677884
2018-07-02 11:07:00,764.78677884
2018-07-02 11:08:00,764.78677884
2018-07-02 11:09:00,764.78677884
2018-07-02 11:10:00,764.78677884
2018-07-02 11:11:00,764.78677884
2018-07-02 11:12:00,764.78677884
2018-07-02 11:13:00,764.78677884
2018-07-02 11:14:00,764.78677884
2018-07-02 11:15:00,764.78677884
2018-07-02 11:16:00,764.78677884
2018-07-02 11:17:00,764.78677884
2018-07-02 11:18:00,764.78677884
2018-07-02 11:19:00,764.78677884
2018-07-02 11:20:00,764.78677884
2018-07-02 11:21:00,755.402026053
2018-07-02 11:22:00,746.017273265
2018-07-02 11:23:00,746.017273265
2018-07-02 11:24:00,746.017273265
2018-07-02 11:25:00,746.017273265
2018-07-02 11:26:00,746.017273265
2018-07-02 11:27:00,746.017273265
2018-07-02 11:28:00,746.017273265
2018-07-02 11:29:00,746.017273265
2018-07-02 11:30:00,736.632520478
2018-07-02 11:31:00,736.632520478
2018-07-02 11:32:00,736.632520478
2018-07-02 11:33:00,727.24776769
2018-07-02 11:34:00,764.78677884
2018-07-02 11:35:00,764.78677884
2018-07-02 11:36:00,764.78677884
2018-07-02 11:37:00,764.78677884
2018-07-02 11:38:00,764.78677884
2018-07-02 11:39:00,727.24776769
2018-07-02 11:40:00,764.78677884
2018-07-02 11:41:00,746.017273265
2018-07-02 11:42:00,746.017273265
2018-07-02 11:43:00,746.017273265
2018-07-02 11:44:00,746.017273265
2018-07-02 11:45:00,736.632520478
2018-07-02 11:46:00,727.24776769
2018-07-02 11:47:00,746.017273265
2018-07-02 11:48:00,746.017273265
2018-07-02 11:49:00,746.017273265
2018-07-02 11:50:00,746.017273265
2018-07-02 11:51:00,746.017273265
2018-07-02 11:52:00,746.017273265
2018-07-02 11:53:00,746.017273265
2018-07-02 11:54:00,746.017273265
2018-07-02 11:55:00,746.017273265
2018-07-02 11:56:00,746.017273265
2018-07-02 11:57:00,746.017273265
2018-07-02 11:58:00,736.632520478
2018-07-02 11:59:00,746.017273265
2018-07-03 01:29:00,952.48108381
2018-07-03 01:30:00,952.48108381
2018-07-03 01:31:00,952.48108381
2018-07-03 01:32:00,952.48108381
2018-07-03 01:33:00,952.48108381
2018-07-03 01:34:00,680.323252973
2018-07-03 01:35:00,680.323252973
2018-07-03 01:36:00,680.323252973
2018-07-03 01:37:00,670.938500185
2018-07-03 01:38:00,670.938500185
2018-07-03 01:39:00,661.553747398
2018-07-03 01:40:00,670.938500185
2018-07-03 01:41:00,670.938500185
2018-07-03 01:42:00,670.938500185
2018-07-03 01:43:00,670.938500185
2018-07-03 01:44:00,670.938500185
2018-07-03 01:45:00,670.938500185
2018-07-03 01:46:00,670.938500185
2018-07-03 01:47:00,670.938500185
2018-07-03 01:48:00,670.938500185
2018-07-03 01:49:00,670.938500185
2018-07-03 01:50:00,670.938500185
2018-07-03 01:51:00,670.938500185
2018-07-03 01:52:00,670.938500185
2018-07-03 01:53:00,670.938500185
2018-07-03 01:54:00,670.938500185
2018-07-03 01:55:00,670.938500185
2018-07-03 01:56:00,670.938500185
2018-07-03 01:57:00,670.938500185
2018-07-03 01:58:00,670.938500185
2018-07-03 01:59:00,680.323252973
2018-07-03 02:00:00,689.70800576
2018-07-03 02:01:00,689.70800576
2018-07-03 02:02:00,670.938500185
2018-07-03 02:03:00,689.70800576
2018-07-03 02:04:00,689.70800576
2018-07-03 02:05:00,689.70800576
2018-07-03 02:06:00,689.70800576
2018-07-03 02:07:00,689.70800576
2018-07-03 02:08:00,699.092758548
2018-07-03 02:09:00,689.70800576
2018-07-03 02:10:00,708.477511335
2018-07-03 02:11:00,699.092758548
2018-07-03 02:12:00,689.70800576
2018-07-03 02:13:00,727.24701691
2018-07-03 02:14:00,727.24701691
2018-07-03 02:15:00,708.477511335
2018-07-03 02:16:00,708.477511335
2018-07-03 02:17:00,708.477511335
2018-07-03 02:18:00,708.477511335
2018-07-03 02:19:00,708.477511335
2018-07-03 02:20:00,708.477511335
2018-07-03 02:21:00,708.477511335
2018-07-03 02:22:00,717.862264123
2018-07-03 02:23:00,727.24701691
2018-07-03 02:24:00,727.24701691
2018-07-03 02:25:00,727.24701691
2018-07-03 02:26:00,727.24701691
2018-07-03 02:27:00,736.631769698
2018-07-03 02:28:00,736.631769698
2018-07-03 02:29:00,774.170780848
2018-07-03 02:30:00,783.555533635
2018-07-03 02:31:00,783.555533635
2018-07-03 02:32:00,783.555533635
2018-07-03 02:33:00,783.555533635
2018-07-03 02:34:00,774.170780848
2018-07-03 02:35:00,774.170780848
2018-07-03 02:36:00,774.170780848
2018-07-03 02:37:00,783.555533635
2018-07-03 02:38:00,783.555533635
2018-07-03 02:39:00,774.170780848
2018-07-03 02:40:00,774.170780848
2018-07-03 02:41:00,774.170780848
2018-07-03 02:42:00,764.78602806
2018-07-03 02:43:00,774.170780848
2018-07-03 02:44:00,764.78602806
2018-07-03 02:45:00,764.78602806
2018-07-03 02:46:00,764.78602806
2018-07-03 02:47:00,764.78602806
2018-07-03 02:48:00,764.78602806
2018-07-03 02:49:00,746.016522485
2018-07-03 02:50:00,736.631769698
2018-07-03 02:51:00,736.631769698
2018-07-03 02:52:00,736.631769698
2018-07-03 02:53:00,708.477511335
2018-07-03 02:54:00,708.477511335
2018-07-03 02:55:00,708.477511335
2018-07-03 02:56:00,708.477511335
2018-07-03 02:57:00,708.477511335
2018-07-03 02:58:00,708.477511335
2018-07-03 02:59:00,708.477511335
2018-07-03 03:00:00,699.092758548
2018-07-03 03:01:00,699.092758548
2018-07-03 03:02:00,708.477511335
2018-07-03 03:03:00,708.477511335
2018-07-03 03:04:00,727.24701691
2018-07-03 03:05:00,727.24701691
2018-07-03 03:06:00,727.24701691
2018-07-03 03:07:00,717.862264123
2018-07-03 03:08:00,717.862264123
2018-07-03 03:09:00,708.477511335
2018-07-03 03:10:00,689.70800576
2018-07-03 03:11:00,689.70800576
2018-07-03 03:12:00,689.70800576
2018-07-03 03:13:00,670.938500185
2018-07-03 03:14:00,670.938500185
2018-07-03 03:15:00,680.323252973
2018-07-03 03:16:00,670.938500185
2018-07-03 03:17:00,661.553747398
2018-07-03 03:18:00,652.16899461
2018-07-03 03:19:00,670.938500185
2018-07-03 03:20:00,670.938500185
2018-07-03 03:21:00,689.70800576
2018-07-03 03:22:00,689.70800576
2018-07-03 03:23:00,689.70800576
2018-07-03 03:24:00,670.938500185
2018-07-03 03:25:00,680.323252973
2018-07-03 03:26:00,670.938500185
2018-07-03 03:27:00,670.938500185
2018-07-03 03:28:00,661.553747398
2018-07-03 03:29:00,680.323252973
2018-07-03 03:30:00,642.784241823
2018-07-03 03:31:00,670.938500185
2018-07-03 03:32:00,652.16899461
2018-07-03 03:33:00,642.784241823
2018-07-03 03:34:00,642.784241823
2018-07-03 03:35:00,614.62998346
2018-07-03 03:36:00,624.014736248
2018-07-03 03:37:00,614.62998346
2018-07-03 03:38:00,614.62998346
2018-07-03 03:39:00,614.62998346
2018-07-03 03:40:00,614.62998346
2018-07-03 03:41:00,614.62998346
2018-07-03 03:42:00,633.399489035
2018-07-03 03:43:00,633.399489035
2018-07-03 03:44:00,633.399489035
2018-07-03 03:45:00,624.014736248
2018-07-03 03:46:00,624.014736248
2018-07-03 03:47:00,624.014736248
2018-07-03 03:48:00,633.399489035
2018-07-03 03:49:00,633.399489035
2018-07-03 03:50:00,633.399489035
2018-07-03 03:51:00,633.399489035
2018-07-03 03:52:00,633.399489035
2018-07-03 03:53:00,624.014736248
2018-07-03 03:54:00,614.62998346
2018-07-03 03:55:00,633.399489035
2018-07-03 03:56:00,633.399489035
2018-07-03 03:57:00,614.62998346
2018-07-03 03:58:00,624.014736248
2018-07-03 03:59:00,624.014736248
2018-07-03 04:00:00,633.399489035
2018-07-03 04:01:00,642.784241823
2018-07-03 04:02:00,642.784241823
2018-07-03 04:03:00,652.16899461
2018-07-03 04:04:00,633.399489035
2018-07-03 04:05:00,642.784241823
2018-07-03 04:06:00,642.784241823
2018-07-03 04:07:00,670.938500185
2018-07-03 04:08:00,670.938500185
2018-07-03 04:09:00,661.553747398
2018-07-03 04:10:00,661.553747398
2018-07-03 04:11:00,661.553747398
2018-07-03 04:12:00,661.553747398
2018-07-03 04:13:00,652.16899461
2018-07-03 04:14:00,652.16899461
2018-07-03 04:15:00,652.16899461
2018-07-03 04:16:00,661.553747398
2018-07-03 04:17:00,661.553747398
2018-07-03 04:18:00,652.16899461
2018-07-03 04:19:00,652.16899461
2018-07-03 04:20:00,652.16899461
2018-07-03 04:21:00,652.16899461
2018-07-03 04:22:00,670.938500185
2018-07-03 04:23:00,661.553747398
2018-07-03 04:24:00,652.16899461
2018-07-03 04:25:00,652.16899461
2018-07-03 04:26:00,661.553747398
2018-07-03 04:27:00,661.553747398
2018-07-03 04:28:00,661.553747398
2018-07-03 04:29:00,670.938500185
2018-07-03 04:30:00,670.938500185
2018-07-03 04:31:00,680.323252973
2018-07-03 04:32:00,680.323252973
2018-07-03 04:33:00,670.938500185
2018-07-03 04:34:00,670.938500185
2018-07-03 04:35:00,670.938500185
2018-07-03 04:36:00,670.938500185
2018-07-03 04:37:00,670.938500185
2018-07-03 04:38:00,670.938500185
2018-07-03 04:39:00,699.092758548
2018-07-03 04:40:00,689.70800576
2018-07-03 04:41:00,689.70800576
2018-07-03 04:42:00,689.70800576
2018-07-03 04:43:00,689.70800576
2018-07-03 04:44:00,689.70800576
2018-07-03 04:45:00,689.70800576
2018-07-03 04:46:00,689.70800576
2018-07-03 04:47:00,689.70800576
2018-07-03 04:48:00,689.70800576
2018-07-03 04:49:00,689.70800576
2018-07-03 04:50:00,689.70800576
2018-07-03 04:51:00,689.70800576
2018-07-03 04:52:00,689.70800576
2018-07-03 04:53:00,689.70800576
2018-07-03 04:54:00,689.70800576
2018-07-03 04:55:00,689.70800576
2018-07-03 04:56:00,689.70800576
2018-07-03 04:57:00,689.70800576
2018-07-03 04:58:00,689.70800576
2018-07-03 04:59:00,699.092758548
2018-07-03 05:00:00,699.092758548
2018-07-03 05:01:00,699.092758548
2018-07-03 05:02:00,699.092758548
2018-07-03 05:03:00,699.092758548
2018-07-03 05:04:00,708.477511335
2018-07-03 05:05:00,708.477511335
2018-07-03 05:06:00,708.477511335
2018-07-03 05:07:00,680.323252973
2018-07-03 05:08:00,670.938500185
2018-07-03 05:09:00,680.323252973
2018-07-03 05:10:00,680.323252973
2018-07-03 05:11:00,680.323252973
2018-07-03 05:12:00,680.323252973
2018-07-03 05:13:00,670.938500185
2018-07-03 05:14:00,670.938500185
2018-07-03 05:15:00,670.938500185
2018-07-03 05:16:00,661.553747398
2018-07-03 05:17:00,652.16899461
2018-07-03 05:18:00,652.16899461
2018-07-03 05:19:00,642.784241823
2018-07-03 05:20:00,633.399489035
2018-07-03 05:21:00,614.62998346
2018-07-03 05:22:00,614.62998346
2018-07-03 05:23:00,614.62998346
2018-07-03 05:24:00,614.62998346
2018-07-03 05:25:00,605.245230673
2018-07-03 05:26:00,614.62998346
2018-07-03 05:27:00,614.62998346
2018-07-03 05:28:00,614.62998346
2018-07-03 05:29:00,614.62998346
2018-07-03 05:30:00,614.62998346
2018-07-03 05:31:00,614.62998346
2018-07-03 05:32:00,614.62998346
2018-07-03 05:33:00,614.62998346
2018-07-03 05:34:00,614.62998346
2018-07-03 05:35:00,624.014736248
2018-07-03 05:36:00,614.62998346
2018-07-03 05:37:00,614.62998346
2018-07-03 05:38:00,614.62998346
2018-07-03 05:39:00,614.62998346
2018-07-03 05:40:00,633.399489035
2018-07-03 05:41:00,633.399489035
2018-07-03 05:42:00,633.399489035
2018-07-03 05:43:00,633.399489035
2018-07-03 05:44:00,633.399489035
2018-07-03 05:45:00,633.399489035
2018-07-03 05:46:00,633.399489035
2018-07-03 05:47:00,633.399489035
2018-07-03 05:48:00,652.16899461
2018-07-03 05:49:00,652.16899461
2018-07-03 05:50:00,652.16899461
2018-07-03 05:51:00,652.16899461
2018-07-03 05:52:00,661.553747398
2018-07-03 05:53:00,661.553747398
2018-07-03 05:54:00,661.553747398
2018-07-03 05:55:00,652.16899461
2018-07-03 05:56:00,652.16899461
2018-07-03 05:57:00,652.16899461
2018-07-03 05:58:00,652.16899461
2018-07-03 05:59:00,652.16899461
2018-07-03 06:00:00,652.16899461
2018-07-03 06:01:00,652.16899461
2018-07-03 06:02:00,652.16899461
2018-07-03 06:03:00,652.16899461
2018-07-03 06:04:00,652.16899461
2018-07-03 06:05:00,652.16899461
2018-07-03 06:06:00,652.16899461
2018-07-03 06:07:00,652.16899461
2018-07-03 06:08:00,652.16899461
2018-07-03 06:09:00,652.16899461
2018-07-03 06:10:00,661.553747398
2018-07-03 06:11:00,661.553747398
2018-07-03 06:12:00,652.16899461
2018-07-03 06:13:00,652.16899461
2018-07-03 06:14:00,652.16899461
2018-07-03 06:15:00,652.16899461
2018-07-03 06:16:00,661.553747398
2018-07-03 06:17:00,661.553747398
2018-07-03 06:18:00,661.553747398
2018-07-03 06:19:00,680.323252973
2018-07-03 06:20:00,680.323252973
2018-07-03 06:21:00,670.938500185
2018-07-03 06:22:00,680.323252973
2018-07-03 06:23:00,680.323252973
2018-07-03 06:24:00,689.70800576
2018-07-03 06:25:00,699.092758548
2018-07-03 06:26:00,689.70800576
2018-07-03 06:27:00,689.70800576
2018-07-03 06:28:00,670.938500185
2018-07-03 06:29:00,670.938500185
2018-07-03 06:30:00,670.938500185
2018-07-03 06:31:00,670.938500185
2018-07-03 06:32:00,670.938500185
2018-07-03 06:33:00,670.938500185
2018-07-03 06:34:00,670.938500185
2018-07-03 06:35:00,670.938500185
2018-07-03 06:36:00,670.938500185
2018-07-03 06:37:00,661.553747398
2018-07-03 06:38:00,652.16899461
2018-07-03 06:39:00,670.938500185
2018-07-03 06:40:00,670.938500185
2018-07-03 06:41:00,670.938500185
2018-07-03 06:42:00,670.938500185
2018-07-03 06:43:00,670.938500185
2018-07-03 06:44:00,670.938500185
2018-07-03 06:45:00,670.938500185
2018-07-03 06:46:00,670.938500185
2018-07-03 06:47:00,670.938500185
2018-07-03 06:48:00,670.938500185
2018-07-03 06:49:00,670.938500185
2018-07-03 06:50:00,670.938500185
2018-07-03 06:51:00,670.938500185
2018-07-03 06:52:00,670.938500185
2018-07-03 06:53:00,670.938500185
2018-07-03 06:54:00,661.553747398
2018-07-03 06:55:00,661.553747398
2018-07-03 06:56:00,661.553747398
2018-07-03 06:57:00,661.553747398
2018-07-03 06:58:00,661.553747398
2018-07-03 06:59:00,661.553747398
2018-07-03 07:00:00,661.553747398
2018-07-03 07:01:00,661.553747398
2018-07-03 07:02:00,670.938500185
2018-07-03 07:03:00,670.938500185
2018-07-03 07:04:00,661.553747398
2018-07-03 07:05:00,652.16899461
2018-07-03 07:06:00,652.16899461
2018-07-03 07:07:00,652.16899461
2018-07-03 07:08:00,652.16899461
2018-07-03 07:09:00,633.399489035
2018-07-03 07:10:00,642.784241823
2018-07-03 07:11:00,642.784241823
2018-07-03 07:12:00,652.16899461
2018-07-03 07:13:00,652.16899461
2018-07-03 07:14:00,642.784241823
2018-07-03 07:15:00,633.399489035
2018-07-03 07:16:00,642.784241823
2018-07-03 07:17:00,652.16899461
2018-07-03 07:18:00,633.399489035
2018-07-03 07:19:00,633.399489035
2018-07-03 07:20:00,661.553747398
2018-07-03 07:21:00,661.553747398
2018-07-03 07:22:00,661.553747398
2018-07-03 07:23:00,652.16899461
2018-07-03 07:24:00,670.938500185
2018-07-03 07:25:00,670.938500185
2018-07-03 07:26:00,670.938500185
2018-07-03 07:27:00,670.938500185
2018-07-03 07:28:00,670.938500185
2018-07-03 07:29:00,670.938500185
2018-07-03 07:30:00,670.938500185
2018-07-03 07:31:00,680.323252973
2018-07-03 07:32:00,680.323252973
2018-07-03 07:33:00,689.70800576
2018-07-03 07:34:00,689.70800576
2018-07-03 07:35:00,689.70800576
2018-07-03 07:36:00,689.70800576
2018-07-03 07:37:00,689.70800576
2018-07-03 07:38:00,689.70800576
2018-07-03 07:39:00,708.477511335
2018-07-03 07:40:00,717.862264123
2018-07-03 07:41:00,717.862264123
2018-07-03 07:42:00,717.862264123
2018-07-03 07:43:00,717.862264123
2018-07-03 07:44:00,717.862264123
2018-07-03 07:45:00,717.862264123
2018-07-03 07:46:00,708.477511335
2018-07-03 07:47:00,717.862264123
2018-07-03 07:48:00,717.862264123
2018-07-03 07:49:00,717.862264123
2018-07-03 07:50:00,717.862264123
2018-07-03 07:51:00,717.862264123
2018-07-03 07:52:00,717.862264123
2018-07-03 07:53:00,717.862264123
2018-07-03 07:54:00,717.862264123
2018-07-03 07:55:00,708.477511335
2018-07-03 07:56:00,717.862264123
2018-07-03 07:57:00,717.862264123
2018-07-03 07:58:00,717.862264123
2018-07-03 07:59:00,642.784241823
2018-07-03 08:00:00,642.784241823
2018-07-03 08:01:00,642.784241823
2018-07-03 08:02:00,652.16899461
2018-07-03 08:03:00,642.784241823
2018-07-03 08:04:00,642.784241823
2018-07-03 08:05:00,642.784241823
2018-07-03 08:06:00,642.784241823
2018-07-03 08:07:00,642.784241823
2018-07-03 08:08:00,642.784241823
2018-07-03 08:09:00,642.784241823
2018-07-03 08:10:00,642.784241823
2018-07-03 08:11:00,642.784241823
2018-07-03 08:12:00,642.784241823
2018-07-03 08:13:00,652.16899461
2018-07-03 08:14:00,652.16899461
2018-07-03 08:15:00,661.553747398
2018-07-03 08:16:00,652.16899461
2018-07-03 08:17:00,661.553747398
2018-07-03 08:18:00,652.16899461
2018-07-03 08:19:00,670.938500185
2018-07-03 08:20:00,689.70800576
2018-07-03 08:21:00,689.70800576
2018-07-03 08:22:00,689.70800576
2018-07-03 08:23:00,699.092758548
2018-07-03 08:24:00,699.092758548
2018-07-03 08:25:00,699.092758548
2018-07-03 08:26:00,699.092758548
2018-07-03 08:27:00,699.092758548
2018-07-03 08:28:00,699.092758548
2018-07-03 08:29:00,699.092758548
2018-07-03 08:30:00,699.092758548
2018-07-03 08:31:00,699.092758548
2018-07-03 08:32:00,699.092758548
2018-07-03 08:33:00,699.092758548
2018-07-03 08:34:00,680.323252973
2018-07-03 08:35:00,699.092758548
2018-07-03 08:36:00,699.092758548
2018-07-03 08:37:00,699.092758548
2018-07-03 08:38:00,699.092758548
2018-07-03 08:39:00,699.092758548
2018-07-03 08:40:00,699.092758548
2018-07-03 08:41:00,699.092758548
2018-07-03 08:42:00,699.092758548
2018-07-03 08:43:00,699.092758548
2018-07-03 08:44:00,699.092758548
2018-07-03 08:45:00,699.092758548
2018-07-03 08:46:00,699.092758548
2018-07-03 08:47:00,699.092758548
2018-07-03 08:48:00,689.70800576
2018-07-03 08:49:00,680.323252973
2018-07-03 08:50:00,680.323252973
2018-07-03 08:51:00,680.323252973
2018-07-03 08:52:00,670.938500185
2018-07-03 08:53:00,670.938500185
2018-07-03 08:54:00,670.938500185
2018-07-03 08:55:00,680.323252973
2018-07-03 08:56:00,689.70800576
2018-07-03 08:57:00,699.092758548
2018-07-03 08:58:00,699.092758548
2018-07-03 08:59:00,699.092758548
2018-07-03 09:00:00,699.092758548
2018-07-03 09:01:00,699.092758548
2018-07-03 09:02:00,699.092758548
2018-07-03 09:03:00,699.092758548
2018-07-03 09:04:00,699.092758548
2018-07-03 09:05:00,699.092758548
2018-07-03 09:06:00,699.092758548
2018-07-03 09:07:00,699.092758548
2018-07-03 09:08:00,717.862264123
2018-07-03 09:09:00,717.862264123
2018-07-03 09:10:00,717.862264123
2018-07-03 09:11:00,717.862264123
2018-07-03 09:12:00,717.862264123
2018-07-03 09:13:00,717.862264123
2018-07-03 09:14:00,717.862264123
2018-07-03 09:15:00,717.862264123
2018-07-03 09:16:00,717.862264123
2018-07-03 09:17:00,717.862264123
2018-07-03 09:18:00,717.862264123
2018-07-03 09:19:00,717.862264123
2018-07-03 09:20:00,717.862264123
2018-07-03 09:21:00,717.862264123
2018-07-03 09:22:00,717.862264123
2018-07-03 09:23:00,717.862264123
2018-07-03 09:24:00,717.862264123
2018-07-03 09:25:00,717.862264123
2018-07-03 09:26:00,717.862264123
2018-07-03 09:27:00,727.24701691
2018-07-03 09:28:00,717.862264123
2018-07-03 09:29:00,727.24701691
2018-07-03 09:30:00,727.24701691
2018-07-03 09:31:00,727.24701691
2018-07-03 09:32:00,746.016522485
2018-07-03 09:33:00,746.016522485
2018-07-03 09:34:00,746.016522485
2018-07-03 09:35:00,746.016522485
2018-07-03 09:36:00,746.016522485
2018-07-03 09:37:00,746.016522485
2018-07-03 09:38:00,746.016522485
2018-07-03 09:39:00,746.016522485
2018-07-03 09:40:00,746.016522485
2018-07-03 09:41:00,746.016522485
2018-07-03 09:42:00,746.016522485
2018-07-03 09:43:00,746.016522485
2018-07-03 09:44:00,746.016522485
2018-07-03 09:45:00,746.016522485
2018-07-03 09:46:00,746.016522485
2018-07-03 09:47:00,746.016522485
2018-07-03 09:48:00,746.016522485
2018-07-03 09:49:00,746.016522485
2018-07-03 09:50:00,755.401275273
2018-07-03 09:51:00,755.401275273
2018-07-03 09:52:00,736.631769698
2018-07-03 09:53:00,736.631769698
2018-07-03 09:54:00,736.631769698
2018-07-03 09:55:00,727.24701691
2018-07-03 09:56:00,727.24701691
2018-07-03 09:57:00,727.24701691
2018-07-03 09:58:00,727.24701691
2018-07-03 09:59:00,727.24701691
2018-07-03 10:00:00,727.24701691
2018-07-03 10:01:00,746.016522485
2018-07-03 10:02:00,746.016522485
2018-07-03 10:03:00,746.016522485
2018-07-03 10:04:00,736.631769698
2018-07-03 10:05:00,755.401275273
2018-07-03 10:06:00,755.401275273
2018-07-03 10:07:00,746.016522485
2018-07-03 10:08:00,736.631769698
2018-07-03 10:09:00,736.631769698
2018-07-03 10:10:00,746.016522485
2018-07-03 10:11:00,746.016522485
2018-07-03 10:12:00,746.016522485
2018-07-03 10:13:00,746.016522485
2018-07-03 10:14:00,746.016522485
2018-07-03 10:15:00,746.016522485
2018-07-03 10:16:00,746.016522485
2018-07-03 10:17:00,746.016522485
2018-07-03 10:18:00,746.016522485
2018-07-03 10:19:00,755.401275273
2018-07-03 10:20:00,764.78602806
2018-07-03 10:21:00,764.78602806
2018-07-03 10:22:00,746.016522485
2018-07-03 10:23:00,746.016522485
2018-07-03 10:24:00,755.401275273
2018-07-03 10:25:00,755.401275273
2018-07-03 10:26:00,755.401275273
2018-07-03 10:27:00,755.401275273
2018-07-03 10:28:00,755.401275273
2018-07-03 10:29:00,755.401275273
2018-07-03 10:30:00,764.78602806
2018-07-03 10:31:00,764.78602806
2018-07-03 10:32:00,764.78602806
2018-07-03 10:33:00,764.78602806
2018-07-03 10:34:00,783.555533635
2018-07-03 10:35:00,783.555533635
2018-07-03 10:36:00,783.555533635
2018-07-03 10:37:00,783.555533635
2018-07-03 10:38:00,783.555533635
2018-07-03 10:39:00,783.555533635
2018-07-03 10:40:00,764.78602806
2018-07-03 10:41:00,764.78602806
2018-07-03 10:42:00,764.78602806
2018-07-03 10:43:00,764.78602806
2018-07-03 10:44:00,764.78602806
2018-07-03 10:45:00,764.78602806
2018-07-03 10:46:00,764.78602806
2018-07-03 10:47:00,764.78602806
2018-07-03 10:48:00,755.401275273
2018-07-03 10:49:00,755.401275273
2018-07-03 10:50:00,746.016522485
2018-07-03 10:51:00,764.78602806
2018-07-03 10:52:00,764.78602806
2018-07-03 10:53:00,755.401275273
2018-07-03 10:54:00,755.401275273
2018-07-03 10:55:00,755.401275273
2018-07-03 10:56:00,755.401275273
2018-07-03 10:57:00,755.401275273
2018-07-03 10:58:00,746.016522485
2018-07-03 10:59:00,755.401275273
2018-07-03 11:00:00,755.401275273
2018-07-03 11:01:00,755.401275273
2018-07-03 11:02:00,755.401275273
2018-07-03 11:03:00,755.401275273
2018-07-03 11:04:00,746.016522485
2018-07-03 11:05:00,746.016522485
2018-07-03 11:06:00,755.401275273
2018-07-03 11:07:00,774.170780848
2018-07-03 11:08:00,764.78602806
2018-07-03 11:09:00,764.78602806
2018-07-03 11:10:00,755.401275273
2018-07-03 11:11:00,755.401275273
2018-07-03 11:12:00,755.401275273
2018-07-03 11:13:00,755.401275273
2018-07-03 11:14:00,755.401275273
2018-07-03 11:15:00,755.401275273
2018-07-03 11:16:00,755.401275273
2018-07-03 11:17:00,755.401275273
2018-07-03 11:18:00,755.401275273
2018-07-03 11:19:00,755.401275273
2018-07-03 11:20:00,755.401275273
2018-07-03 11:21:00,755.401275273
2018-07-03 11:22:00,755.401275273
2018-07-03 11:23:00,755.401275273
2018-07-03 11:24:00,755.401275273
2018-07-03 11:25:00,755.401275273
2018-07-03 11:26:00,755.401275273
2018-07-03 11:27:00,755.401275273
2018-07-03 11:28:00,764.78602806
2018-07-03 11:29:00,764.78602806
2018-07-03 11:30:00,764.78602806
2018-07-03 11:31:00,764.78602806
2018-07-03 11:32:00,764.78602806
2018-07-03 11:33:00,764.78602806
2018-07-03 11:34:00,764.78602806
2018-07-03 11:35:00,764.78602806
2018-07-03 11:36:00,764.78602806
2018-07-03 11:37:00,764.78602806
2018-07-03 11:38:00,764.78602806
2018-07-03 11:39:00,764.78602806
2018-07-03 11:40:00,764.78602806
2018-07-03 11:41:00,792.940286423
2018-07-03 11:42:00,792.940286423
2018-07-03 11:43:00,792.940286423
2018-07-03 11:44:00,792.940286423
2018-07-03 11:45:00,774.170780848
2018-07-03 11:46:00,792.940286423
2018-07-03 11:47:00,792.940286423
2018-07-03 11:48:00,764.78602806
2018-07-03 11:49:00,774.170780848
2018-07-03 11:50:00,764.78602806
2018-07-03 11:51:00,764.78602806
2018-07-03 11:52:00,764.78602806
2018-07-03 11:53:00,764.78602806
2018-07-03 11:54:00,764.78602806
2018-07-03 11:55:00,764.78602806
2018-07-03 11:56:00,764.78602806
2018-07-03 11:57:00,764.78602806
2018-07-03 11:58:00,764.78602806
2018-07-03 11:59:00,764.78602806
2018-07-04 01:29:00,764.78527728
2018-07-04 01:30:00,764.78527728
2018-07-04 01:31:00,764.78527728
2018-07-04 01:32:00,764.78527728
2018-07-04 01:33:00,764.78527728
2018-07-04 01:34:00,755.400524492
2018-07-04 01:35:00,736.631018917
2018-07-04 01:36:00,736.631018917
2018-07-04 01:37:00,736.631018917
2018-07-04 01:38:00,736.631018917
2018-07-04 01:39:00,736.631018917
2018-07-04 01:40:00,736.631018917
2018-07-04 01:41:00,736.631018917
2018-07-04 01:42:00,736.631018917
2018-07-04 01:43:00,736.631018917
2018-07-04 01:44:00,736.631018917
2018-07-04 01:45:00,736.631018917
2018-07-04 01:46:00,736.631018917
2018-07-04 01:47:00,755.400524492
2018-07-04 01:48:00,755.400524492
2018-07-04 01:49:00,755.400524492
2018-07-04 01:50:00,755.400524492
2018-07-04 01:51:00,755.400524492
2018-07-04 01:52:00,755.400524492
2018-07-04 01:53:00,755.400524492
2018-07-04 01:54:00,755.400524492
2018-07-04 01:55:00,764.78527728
2018-07-04 01:56:00,764.78527728
2018-07-04 01:57:00,764.78527728
2018-07-04 01:58:00,764.78527728
2018-07-04 01:59:00,755.400524492
2018-07-04 02:00:00,736.631018917
2018-07-04 02:01:00,727.24626613
2018-07-04 02:02:00,708.476760555
2018-07-04 02:03:00,708.476760555
2018-07-04 02:04:00,717.861513342
2018-07-04 02:05:00,717.861513342
2018-07-04 02:06:00,717.861513342
2018-07-04 02:07:00,717.861513342
2018-07-04 02:08:00,717.861513342
2018-07-04 02:09:00,717.861513342
2018-07-04 02:10:00,717.861513342
2018-07-04 02:11:00,717.861513342
2018-07-04 02:12:00,708.476760555
2018-07-04 02:13:00,689.70725498
2018-07-04 02:14:00,699.092007767
2018-07-04 02:15:00,699.092007767
2018-07-04 02:16:00,699.092007767
2018-07-04 02:17:00,699.092007767
2018-07-04 02:18:00,699.092007767
2018-07-04 02:19:00,708.476760555
2018-07-04 02:20:00,708.476760555
2018-07-04 02:21:00,708.476760555
2018-07-04 02:22:00,708.476760555
2018-07-04 02:23:00,708.476760555
2018-07-04 02:24:00,708.476760555
2018-07-04 02:25:00,708.476760555
2018-07-04 02:26:00,708.476760555
2018-07-04 02:27:00,708.476760555
2018-07-04 02:28:00,708.476760555
2018-07-04 02:29:00,699.092007767
2018-07-04 02:30:00,699.092007767
2018-07-04 02:31:00,699.092007767
2018-07-04 02:32:00,699.092007767
2018-07-04 02:33:00,699.092007767
2018-07-04 02:34:00,699.092007767
2018-07-04 02:35:00,708.476760555
2018-07-04 02:36:00,708.476760555
2018-07-04 02:37:00,699.092007767
2018-07-04 02:38:00,689.70725498
2018-07-04 02:39:00,708.476760555
2018-07-04 02:40:00,717.861513342
2018-07-04 02:41:00,708.476760555
2018-07-04 02:42:00,708.476760555
2018-07-04 02:43:00,708.476760555
2018-07-04 02:44:00,708.476760555
2018-07-04 02:45:00,708.476760555
2018-07-04 02:46:00,708.476760555
2018-07-04 02:47:00,708.476760555
2018-07-04 02:48:00,708.476760555
2018-07-04 02:49:00,708.476760555
2018-07-04 02:50:00,708.476760555
2018-07-04 02:51:00,736.631018917
2018-07-04 02:52:00,764.78527728
2018-07-04 02:53:00,764.78527728
2018-07-04 02:54:00,764.78527728
2018-07-04 02:55:00,746.015771705
2018-07-04 02:56:00,746.015771705
2018-07-04 02:57:00,746.015771705
2018-07-04 02:58:00,746.015771705
2018-07-04 02:59:00,746.015771705
2018-07-04 03:00:00,727.24626613
2018-07-04 03:01:00,727.24626613
2018-07-04 03:02:00,746.015771705
2018-07-04 03:03:00,746.015771705
2018-07-04 03:04:00,746.015771705
2018-07-04 03:05:00,746.015771705
2018-07-04 03:06:00,746.015771705
2018-07-04 03:07:00,746.015771705
2018-07-04 03:08:00,746.015771705
2018-07-04 03:09:00,746.015771705
2018-07-04 03:10:00,755.400524492
2018-07-04 03:11:00,755.400524492
2018-07-04 03:12:00,755.400524492
2018-07-04 03:13:00,755.400524492
2018-07-04 03:14:00,755.400524492
2018-07-04 03:15:00,755.400524492
2018-07-04 03:16:00,746.015771705
2018-07-04 03:17:00,746.015771705
2018-07-04 03:18:00,736.631018917
2018-07-04 03:19:00,736.631018917
2018-07-04 03:20:00,736.631018917
2018-07-04 03:21:00,746.015771705
2018-07-04 03:22:00,746.015771705
2018-07-04 03:23:00,755.400524492
2018-07-04 03:24:00,755.400524492
2018-07-04 03:25:00,755.400524492
2018-07-04 03:26:00,755.400524492
2018-07-04 03:27:00,755.400524492
2018-07-04 03:28:00,764.78527728
2018-07-04 03:29:00,746.015771705
2018-07-04 03:30:00,670.937749405
2018-07-04 03:31:00,652.16824383
2018-07-04 03:32:00,605.244479892
2018-07-04 03:33:00,595.859727105
2018-07-04 03:34:00,595.859727105
2018-07-04 03:35:00,586.474974317
2018-07-04 03:36:00,586.474974317
2018-07-04 03:37:00,605.244479892
2018-07-04 03:38:00,595.859727105
2018-07-04 03:39:00,595.859727105
2018-07-04 03:40:00,558.320715955
2018-07-04 03:41:00,539.55121038
2018-07-04 03:42:00,539.55121038
2018-07-04 03:43:00,530.166457592
2018-07-04 03:44:00,530.166457592
2018-07-04 03:45:00,539.55121038
2018-07-04 03:46:00,539.55121038
2018-07-04 03:47:00,530.166457592
2018-07-04 03:48:00,539.55121038
2018-07-04 03:49:00,539.55121038
2018-07-04 03:50:00,530.166457592
2018-07-04 03:51:00,539.55121038
2018-07-04 03:52:00,530.166457592
2018-07-04 03:53:00,539.55121038
2018-07-04 03:54:00,539.55121038
2018-07-04 03:55:00,539.55121038
2018-07-04 03:56:00,539.55121038
2018-07-04 03:57:00,539.55121038
2018-07-04 03:58:00,539.55121038
2018-07-04 03:59:00,539.55121038
2018-07-04 04:00:00,558.320715955
2018-07-04 04:01:00,548.935963167
2018-07-04 04:02:00,548.935963167
2018-07-04 04:03:00,548.935963167
2018-07-04 04:04:00,539.55121038
2018-07-04 04:05:00,539.55121038
2018-07-04 04:06:00,520.781704805
2018-07-04 04:07:00,502.01219923
2018-07-04 04:08:00,502.01219923
2018-07-04 04:09:00,502.01219923
2018-07-04 04:10:00,502.01219923
2018-07-04 04:11:00,502.01219923
2018-07-04 04:12:00,520.781704805
2018-07-04 04:13:00,530.166457592
2018-07-04 04:14:00,520.781704805
2018-07-04 04:15:00,539.55121038
2018-07-04 04:16:00,539.55121038
2018-07-04 04:17:00,539.55121038
2018-07-04 04:18:00,520.781704805
2018-07-04 04:19:00,530.166457592
2018-07-04 04:20:00,530.166457592
2018-07-04 04:21:00,548.935963167
2018-07-04 04:22:00,548.935963167
2018-07-04 04:23:00,548.935963167
2018-07-04 04:24:00,548.935963167
2018-07-04 04:25:00,548.935963167
2018-07-04 04:26:00,567.705468742
2018-07-04 04:27:00,577.09022153
2018-07-04 04:28:00,567.705468742
2018-07-04 04:29:00,567.705468742
2018-07-04 04:30:00,567.705468742
2018-07-04 04:31:00,567.705468742
2018-07-04 04:32:00,567.705468742
2018-07-04 04:33:00,567.705468742
2018-07-04 04:34:00,567.705468742
2018-07-04 04:35:00,567.705468742
2018-07-04 04:36:00,567.705468742
2018-07-04 04:37:00,567.705468742
2018-07-04 04:38:00,567.705468742
2018-07-04 04:39:00,567.705468742
2018-07-04 04:40:00,567.705468742
2018-07-04 04:41:00,567.705468742
2018-07-04 04:42:00,567.705468742
2018-07-04 04:43:00,567.705468742
2018-07-04 04:44:00,567.705468742
2018-07-04 04:45:00,567.705468742
2018-07-04 04:46:00,567.705468742
2018-07-04 04:47:00,567.705468742
2018-07-04 04:48:00,558.320715955
2018-07-04 04:49:00,558.320715955
2018-07-04 04:50:00,567.705468742
2018-07-04 04:51:00,567.705468742
2018-07-04 04:52:00,567.705468742
2018-07-04 04:53:00,558.320715955
2018-07-04 04:54:00,558.320715955
2018-07-04 04:55:00,558.320715955
2018-07-04 04:56:00,558.320715955
2018-07-04 04:57:00,558.320715955
2018-07-04 04:58:00,558.320715955
2018-07-04 04:59:00,558.320715955
2018-07-04 05:00:00,558.320715955
2018-07-04 05:01:00,558.320715955
2018-07-04 05:02:00,558.320715955
2018-07-04 05:03:00,558.320715955
2018-07-04 05:04:00,558.320715955
2018-07-04 05:05:00,558.320715955
2018-07-04 05:06:00,558.320715955
2018-07-04 05:07:00,558.320715955
2018-07-04 05:08:00,558.320715955
2018-07-04 05:09:00,558.320715955
2018-07-04 05:10:00,558.320715955
2018-07-04 05:11:00,558.320715955
2018-07-04 05:12:00,558.320715955
2018-07-04 05:13:00,558.320715955
2018-07-04 05:14:00,558.320715955
2018-07-04 05:15:00,548.935963167
2018-07-04 05:16:00,548.935963167
2018-07-04 05:17:00,567.705468742
2018-07-04 05:18:00,567.705468742
2018-07-04 05:19:00,567.705468742
2018-07-04 05:20:00,567.705468742
2018-07-04 05:21:00,567.705468742
2018-07-04 05:22:00,567.705468742
2018-07-04 05:23:00,567.705468742
2018-07-04 05:24:00,567.705468742
2018-07-04 05:25:00,567.705468742
2018-07-04 05:26:00,567.705468742
2018-07-04 05:27:00,567.705468742
2018-07-04 05:28:00,567.705468742
2018-07-04 05:29:00,567.705468742
2018-07-04 05:30:00,567.705468742
2018-07-04 05:31:00,567.705468742
2018-07-04 05:32:00,548.935963167
2018-07-04 05:33:00,539.55121038
2018-07-04 05:34:00,539.55121038
2018-07-04 05:35:00,539.55121038
2018-07-04 05:36:00,539.55121038
2018-07-04 05:37:00,539.55121038
2018-07-04 05:38:00,539.55121038
2018-07-04 05:39:00,539.55121038
2018-07-04 05:40:00,539.55121038
2018-07-04 05:41:00,520.781704805
2018-07-04 05:42:00,511.396952017
2018-07-04 05:43:00,530.166457592
2018-07-04 05:44:00,539.55121038
2018-07-04 05:45:00,539.55121038
2018-07-04 05:46:00,539.55121038
2018-07-04 05:47:00,539.55121038
2018-07-04 05:48:00,539.55121038
2018-07-04 05:49:00,539.55121038
2018-07-04 05:50:00,539.55121038
2018-07-04 05:51:00,539.55121038
2018-07-04 05:52:00,530.166457592
2018-07-04 05:53:00,530.166457592
2018-07-04 05:54:00,530.166457592
2018-07-04 05:55:00,548.935963167
2018-07-04 05:56:00,558.320715955
2018-07-04 05:57:00,548.935963167
2018-07-04 05:58:00,548.935963167
2018-07-04 05:59:00,539.55121038
2018-07-04 06:00:00,539.55121038
2018-07-04 06:01:00,558.320715955
2018-07-04 06:02:00,558.320715955
2018-07-04 06:03:00,558.320715955
2018-07-04 06:04:00,558.320715955
2018-07-04 06:05:00,558.320715955
2018-07-04 06:06:00,558.320715955
2018-07-04 06:07:00,558.320715955
2018-07-04 06:08:00,558.320715955
2018-07-04 06:09:00,558.320715955
2018-07-04 06:10:00,558.320715955
2018-07-04 06:11:00,558.320715955
2018-07-04 06:12:00,558.320715955
2018-07-04 06:13:00,558.320715955
2018-07-04 06:14:00,558.320715955
2018-07-04 06:15:00,558.320715955
2018-07-04 06:16:00,558.320715955
2018-07-04 06:17:00,577.09022153
2018-07-04 06:18:00,577.09022153
2018-07-04 06:19:00,577.09022153
2018-07-04 06:20:00,577.09022153
2018-07-04 06:21:00,577.09022153
2018-07-04 06:22:00,577.09022153
2018-07-04 06:23:00,577.09022153
2018-07-04 06:24:00,577.09022153
2018-07-04 06:25:00,577.09022153
2018-07-04 06:26:00,577.09022153
2018-07-04 06:27:00,577.09022153
2018-07-04 06:28:00,577.09022153
2018-07-04 06:29:00,577.09022153
2018-07-04 06:30:00,577.09022153
2018-07-04 06:31:00,577.09022153
2018-07-04 06:32:00,577.09022153
2018-07-04 06:33:00,577.09022153
2018-07-04 06:34:00,577.09022153
2018-07-04 06:35:00,577.09022153
2018-07-04 06:36:00,577.09022153
2018-07-04 06:37:00,577.09022153
2018-07-04 06:38:00,577.09022153
2018-07-04 06:39:00,577.09022153
2018-07-04 06:40:00,577.09022153
2018-07-04 06:41:00,577.09022153
2018-07-04 06:42:00,577.09022153
2018-07-04 06:43:00,577.09022153
2018-07-04 06:44:00,577.09022153
2018-07-04 06:45:00,577.09022153
2018-07-04 06:46:00,577.09022153
2018-07-04 06:47:00,577.09022153
2018-07-04 06:48:00,577.09022153
2018-07-04 06:49:00,577.09022153
2018-07-04 06:50:00,577.09022153
2018-07-04 06:51:00,567.705468742
2018-07-04 06:52:00,567.705468742
2018-07-04 06:53:00,577.09022153
2018-07-04 06:54:00,577.09022153
2018-07-04 06:55:00,577.09022153
2018-07-04 06:56:00,577.09022153
2018-07-04 06:57:00,558.320715955
2018-07-04 06:58:00,567.705468742
2018-07-04 06:59:00,558.320715955
2018-07-04 07:00:00,558.320715955
2018-07-04 07:01:00,558.320715955
2018-07-04 07:02:00,558.320715955
2018-07-04 07:03:00,567.705468742
2018-07-04 07:04:00,567.705468742
2018-07-04 07:05:00,567.705468742
2018-07-04 07:06:00,567.705468742
2018-07-04 07:07:00,558.320715955
2018-07-04 07:08:00,558.320715955
2018-07-04 07:09:00,558.320715955
2018-07-04 07:10:00,558.320715955
2018-07-04 07:11:00,558.320715955
2018-07-04 07:12:00,558.320715955
2018-07-04 07:13:00,558.320715955
2018-07-04 07:14:00,558.320715955
2018-07-04 07:15:00,558.320715955
2018-07-04 07:16:00,558.320715955
2018-07-04 07:17:00,558.320715955
2018-07-04 07:18:00,558.320715955
2018-07-04 07:19:00,558.320715955
2018-07-04 07:20:00,558.320715955
2018-07-04 07:21:00,558.320715955
2018-07-04 07:22:00,558.320715955
2018-07-04 07:23:00,558.320715955
2018-07-04 07:24:00,558.320715955
2018-07-04 07:25:00,558.320715955
2018-07-04 07:26:00,558.320715955
2018-07-04 07:27:00,577.09022153
2018-07-04 07:28:00,567.705468742
2018-07-04 07:29:00,567.705468742
2018-07-04 07:30:00,567.705468742
2018-07-04 07:31:00,577.09022153
2018-07-04 07:32:00,577.09022153
2018-07-04 07:33:00,577.09022153
2018-07-04 07:34:00,577.09022153
2018-07-04 07:35:00,567.705468742
2018-07-04 07:36:00,577.09022153
2018-07-04 07:37:00,567.705468742
2018-07-04 07:38:00,567.705468742
2018-07-04 07:39:00,567.705468742
2018-07-04 07:40:00,567.705468742
2018-07-04 07:41:00,567.705468742
2018-07-04 07:42:00,567.705468742
2018-07-04 07:43:00,567.705468742
2018-07-04 07:44:00,567.705468742
2018-07-04 07:45:00,567.705468742
2018-07-04 07:46:00,567.705468742
2018-07-04 07:47:00,567.705468742
2018-07-04 07:48:00,558.320715955
2018-07-04 07:49:00,558.320715955
2018-07-04 07:50:00,558.320715955
2018-07-04 07:51:00,567.705468742
2018-07-04 07:52:00,567.705468742
2018-07-04 07:53:00,567.705468742
2018-07-04 07:54:00,558.320715955
2018-07-04 07:55:00,558.320715955
2018-07-04 07:56:00,558.320715955
2018-07-04 07:57:00,558.320715955
2018-07-04 07:58:00,558.320715955
2018-07-04 07:59:00,558.320715955
2018-07-04 08:00:00,558.320715955
2018-07-04 08:01:00,558.320715955
2018-07-04 08:02:00,558.320715955
2018-07-04 08:03:00,558.320715955
2018-07-04 08:04:00,548.935963167
2018-07-04 08:05:00,548.935963167
2018-07-04 08:06:00,539.55121038
2018-07-04 08:07:00,548.935963167
2018-07-04 08:08:00,548.935963167
2018-07-04 08:09:00,548.935963167
2018-07-04 08:10:00,548.935963167
2018-07-04 08:11:00,548.935963167
2018-07-04 08:12:00,548.935963167
2018-07-04 08:13:00,548.935963167
2018-07-04 08:14:00,548.935963167
2018-07-04 08:15:00,539.55121038
2018-07-04 08:16:00,539.55121038
2018-07-04 08:17:00,539.55121038
2018-07-04 08:18:00,539.55121038
2018-07-04 08:19:00,539.55121038
2018-07-04 08:20:00,548.935963167
2018-07-04 08:21:00,548.935963167
2018-07-04 08:22:00,548.935963167
2018-07-04 08:23:00,539.55121038
2018-07-04 08:24:00,539.55121038
2018-07-04 08:25:00,548.935963167
2018-07-04 08:26:00,548.935963167
2018-07-04 08:27:00,548.935963167
2018-07-04 08:28:00,548.935963167
2018-07-04 08:29:00,548.935963167
2018-07-04 08:30:00,558.320715955
2018-07-04 08:31:00,558.320715955
2018-07-04 08:32:00,548.935963167
2018-07-04 08:33:00,548.935963167
2018-07-04 08:34:00,548.935963167
2018-07-04 08:35:00,539.55121038
2018-07-04 08:36:00,539.55121038
2018-07-04 08:37:00,530.166457592
2018-07-04 08:38:00,530.166457592
2018-07-04 08:39:00,530.166457592
2018-07-04 08:40:00,530.166457592
2018-07-04 08:41:00,530.166457592
2018-07-04 08:42:00,539.55121038
2018-07-04 08:43:00,520.781704805
2018-07-04 08:44:00,483.242693655
2018-07-04 08:45:00,483.242693655
2018-07-04 08:46:00,483.242693655
2018-07-04 08:47:00,483.242693655
2018-07-04 08:48:00,483.242693655
2018-07-04 08:49:00,483.242693655
2018-07-04 08:50:00,483.242693655
2018-07-04 08:51:00,483.242693655
2018-07-04 08:52:00,483.242693655
2018-07-04 08:53:00,483.242693655
2018-07-04 08:54:00,483.242693655
2018-07-04 08:55:00,483.242693655
2018-07-04 08:56:00,483.242693655
2018-07-04 08:57:00,483.242693655
2018-07-04 08:58:00,483.242693655
2018-07-04 08:59:00,483.242693655
2018-07-04 09:00:00,483.242693655
2018-07-04 09:01:00,492.627446442
2018-07-04 09:02:00,492.627446442
2018-07-04 09:03:00,483.242693655
2018-07-04 09:04:00,483.242693655
2018-07-04 09:05:00,483.242693655
2018-07-04 09:06:00,483.242693655
2018-07-04 09:07:00,483.242693655
2018-07-04 09:08:00,483.242693655
2018-07-04 09:09:00,483.242693655
2018-07-04 09:10:00,483.242693655
2018-07-04 09:11:00,483.242693655
2018-07-04 09:12:00,483.242693655
2018-07-04 09:13:00,483.242693655
2018-07-04 09:14:00,483.242693655
2018-07-04 09:15:00,483.242693655
2018-07-04 09:16:00,483.242693655
2018-07-04 09:17:00,483.242693655
2018-07-04 09:18:00,483.242693655
2018-07-04 09:19:00,483.242693655
2018-07-04 09:20:00,483.242693655
2018-07-04 09:21:00,483.242693655
2018-07-04 09:22:00,483.242693655
2018-07-04 09:23:00,473.857940867
2018-07-04 09:24:00,473.857940867
2018-07-04 09:25:00,473.857940867
2018-07-04 09:26:00,473.857940867
2018-07-04 09:27:00,445.703682505
2018-07-04 09:28:00,436.318929717
2018-07-04 09:29:00,417.549424142
2018-07-04 09:30:00,417.549424142
2018-07-04 09:31:00,417.549424142
2018-07-04 09:32:00,417.549424142
2018-07-04 09:33:00,417.549424142
2018-07-04 09:34:00,426.93417693
2018-07-04 09:35:00,426.93417693
2018-07-04 09:36:00,426.93417693
2018-07-04 09:37:00,417.549424142
2018-07-04 09:38:00,417.549424142
2018-07-04 09:39:00,426.93417693
2018-07-04 09:40:00,426.93417693
2018-07-04 09:41:00,426.93417693
2018-07-04 09:42:00,426.93417693
2018-07-04 09:43:00,426.93417693
2018-07-04 09:44:00,426.93417693
2018-07-04 09:45:00,426.93417693
2018-07-04 09:46:00,426.93417693
2018-07-04 09:47:00,426.93417693
2018-07-04 09:48:00,436.318929717
2018-07-04 09:49:00,436.318929717
2018-07-04 09:50:00,436.318929717
2018-07-04 09:51:00,445.703682505
2018-07-04 09:52:00,436.318929717
2018-07-04 09:53:00,436.318929717
2018-07-04 09:54:00,436.318929717
2018-07-04 09:55:00,426.93417693
2018-07-04 09:56:00,417.549424142
2018-07-04 09:57:00,426.93417693
2018-07-04 09:58:00,436.318929717
2018-07-04 09:59:00,436.318929717
2018-07-04 10:00:00,436.318929717
2018-07-04 10:01:00,445.703682505
2018-07-04 10:02:00,426.93417693
2018-07-04 10:03:00,426.93417693
2018-07-04 10:04:00,426.93417693
2018-07-04 10:05:00,436.318929717
2018-07-04 10:06:00,436.318929717
2018-07-04 10:07:00,426.93417693
2018-07-04 10:08:00,417.549424142
2018-07-04 10:09:00,408.164671355
2018-07-04 10:10:00,408.164671355
2018-07-04 10:11:00,398.779918567
2018-07-04 10:12:00,398.779918567
2018-07-04 10:13:00,426.93417693
2018-07-04 10:14:00,408.164671355
2018-07-04 10:15:00,408.164671355
2018-07-04 10:16:00,398.779918567
2018-07-04 10:17:00,398.779918567
2018-07-04 10:18:00,398.779918567
2018-07-04 10:19:00,408.164671355
2018-07-04 10:20:00,398.779918567
2018-07-04 10:21:00,398.779918567
2018-07-04 10:22:00,398.779918567
2018-07-04 10:23:00,398.779918567
2018-07-04 10:24:00,398.779918567
2018-07-04 10:25:00,398.779918567
2018-07-04 10:26:00,408.164671355
2018-07-04 10:27:00,408.164671355
2018-07-04 10:28:00,408.164671355
2018-07-04 10:29:00,408.164671355
2018-07-04 10:30:00,408.164671355
2018-07-04 10:31:00,408.164671355
2018-07-04 10:32:00,436.318929717
2018-07-04 10:33:00,436.318929717
2018-07-04 10:34:00,426.93417693
2018-07-04 10:35:00,445.703682505
2018-07-04 10:36:00,445.703682505
2018-07-04 10:37:00,445.703682505
2018-07-04 10:38:00,445.703682505
2018-07-04 10:39:00,389.39516578
2018-07-04 10:40:00,389.39516578
2018-07-04 10:41:00,389.39516578
2018-07-04 10:42:00,380.010412992
2018-07-04 10:43:00,380.010412992
2018-07-04 10:44:00,380.010412992
2018-07-04 10:45:00,389.39516578
2018-07-04 10:46:00,389.39516578
2018-07-04 10:47:00,389.39516578
2018-07-04 10:48:00,389.39516578
2018-07-04 10:49:00,389.39516578
2018-07-04 10:50:00,389.39516578
2018-07-04 10:51:00,389.39516578
2018-07-04 10:52:00,389.39516578
2018-07-04 10:53:00,370.625660205
2018-07-04 10:54:00,370.625660205
2018-07-04 10:55:00,361.240907417
2018-07-04 10:56:00,351.85615463
2018-07-04 10:57:00,351.85615463
2018-07-04 10:58:00,351.85615463
2018-07-04 10:59:00,351.85615463
2018-07-04 11:00:00,351.85615463
2018-07-04 11:01:00,361.240907417
2018-07-04 11:02:00,361.240907417
2018-07-04 11:03:00,361.240907417
2018-07-04 11:04:00,361.240907417
2018-07-04 11:05:00,351.85615463
2018-07-04 11:06:00,351.85615463
2018-07-04 11:07:00,351.85615463
2018-07-04 11:08:00,351.85615463
2018-07-04 11:09:00,351.85615463
2018-07-04 11:10:00,351.85615463
2018-07-04 11:11:00,351.85615463
2018-07-04 11:12:00,389.39516578
2018-07-04 11:13:00,389.39516578
2018-07-04 11:14:00,370.625660205
2018-07-04 11:15:00,351.85615463
2018-07-04 11:16:00,351.85615463
2018-07-04 11:17:00,351.85615463
2018-07-04 11:18:00,351.85615463
2018-07-04 11:19:00,342.471401842
2018-07-04 11:20:00,351.85615463
2018-07-04 11:21:00,351.85615463
2018-07-04 11:22:00,351.85615463
2018-07-04 11:23:00,351.85615463
2018-07-04 11:24:00,351.85615463
2018-07-04 11:25:00,351.85615463
2018-07-04 11:26:00,351.85615463
2018-07-04 11:27:00,351.85615463
2018-07-04 11:28:00,351.85615463
2018-07-04 11:29:00,351.85615463
2018-07-04 11:30:00,351.85615463
2018-07-04 11:31:00,351.85615463
2018-07-04 11:32:00,351.85615463
2018-07-04 11:33:00,351.85615463
2018-07-04 11:34:00,351.85615463
2018-07-04 11:35:00,351.85615463
2018-07-04 11:36:00,351.85615463
2018-07-04 11:37:00,351.85615463
2018-07-04 11:38:00,351.85615463
2018-07-04 11:39:00,351.85615463
2018-07-04 11:40:00,351.85615463
2018-07-04 11:41:00,351.85615463
2018-07-04 11:42:00,351.85615463
2018-07-04 11:43:00,351.85615463
2018-07-04 11:44:00,370.625660205
2018-07-04 11:45:00,351.85615463
2018-07-04 11:46:00,361.240907417
2018-07-04 11:47:00,361.240907417
2018-07-04 11:48:00,351.85615463
2018-07-04 11:49:00,351.85615463
2018-07-04 11:50:00,351.85615463
2018-07-04 11:51:00,351.85615463
2018-07-04 11:52:00,333.086649055
2018-07-04 11:53:00,333.086649055
2018-07-04 11:54:00,333.086649055
2018-07-04 11:55:00,333.086649055
2018-07-04 11:56:00,333.086649055
2018-07-04 11:57:00,314.31714348
2018-07-04 11:58:00,314.31714348
2018-07-04 11:59:00,314.31714348
2018-07-05 01:29:00,14.0050542798
2018-07-05 01:30:00,14.0050542798
2018-07-05 01:31:00,14.0050542798
2018-07-05 01:32:00,14.0050542798
2018-07-05 01:33:00,314.31714348
2018-07-05 01:34:00,333.086649055
2018-07-05 01:35:00,314.31714348
2018-07-05 01:36:00,323.701896267
2018-07-05 01:37:00,323.701896267
2018-07-05 01:38:00,323.701896267
2018-07-05 01:39:00,314.31714348
2018-07-05 01:40:00,304.932390692
2018-07-05 01:41:00,286.162885117
2018-07-05 01:42:00,286.162885117
2018-07-05 01:43:00,286.162885117
2018-07-05 01:44:00,286.162885117
2018-07-05 01:45:00,267.393379542
2018-07-05 01:46:00,267.393379542
2018-07-05 01:47:00,267.393379542
2018-07-05 01:48:00,286.162885117
2018-07-05 01:49:00,295.547637905
2018-07-05 01:50:00,295.547637905
2018-07-05 01:51:00,295.547637905
2018-07-05 01:52:00,295.547637905
2018-07-05 01:53:00,295.547637905
2018-07-05 01:54:00,295.547637905
2018-07-05 01:55:00,295.547637905
2018-07-05 01:56:00,286.162885117
2018-07-05 01:57:00,286.162885117
2018-07-05 01:58:00,286.162885117
2018-07-05 01:59:00,286.162885117
2018-07-05 02:00:00,267.393379542
2018-07-05 02:01:00,258.008626755
2018-07-05 02:02:00,248.623873967
2018-07-05 02:03:00,248.623873967
2018-07-05 02:04:00,248.623873967
2018-07-05 02:05:00,248.623873967
2018-07-05 02:06:00,258.008626755
2018-07-05 02:07:00,258.008626755
2018-07-05 02:08:00,276.77813233
2018-07-05 02:09:00,267.393379542
2018-07-05 02:10:00,248.623873967
2018-07-05 02:11:00,248.623873967
2018-07-05 02:12:00,248.623873967
2018-07-05 02:13:00,248.623873967
2018-07-05 02:14:00,248.623873967
2018-07-05 02:15:00,248.623873967
2018-07-05 02:16:00,248.623873967
2018-07-05 02:17:00,248.623873967
2018-07-05 02:18:00,248.623873967
2018-07-05 02:19:00,248.623873967
2018-07-05 02:20:00,248.623873967
2018-07-05 02:21:00,248.623873967
2018-07-05 02:22:00,276.77813233
2018-07-05 02:23:00,258.008626755
2018-07-05 02:24:00,258.008626755
2018-07-05 02:25:00,258.008626755
2018-07-05 02:26:00,258.008626755
2018-07-05 02:27:00,258.008626755
2018-07-05 02:28:00,258.008626755
2018-07-05 02:29:00,258.008626755
2018-07-05 02:30:00,248.623873967
2018-07-05 02:31:00,248.623873967
2018-07-05 02:32:00,248.623873967
2018-07-05 02:33:00,248.623873967
2018-07-05 02:34:00,248.623873967
2018-07-05 02:35:00,248.623873967
2018-07-05 02:36:00,276.77813233
2018-07-05 02:37:00,276.77813233
2018-07-05 02:38:00,276.77813233
2018-07-05 02:39:00,276.77813233
2018-07-05 02:40:00,248.623873967
2018-07-05 02:41:00,248.623873967
2018-07-05 02:42:00,248.623873967
2018-07-05 02:43:00,248.623873967
2018-07-05 02:44:00,248.623873967
2018-07-05 02:45:00,248.623873967
2018-07-05 02:46:00,248.623873967
2018-07-05 02:47:00,248.623873967
2018-07-05 02:48:00,248.623873967
2018-07-05 02:49:00,229.854368392
2018-07-05 02:50:00,229.854368392
2018-07-05 02:51:00,229.854368392
2018-07-05 02:52:00,229.854368392
2018-07-05 02:53:00,229.854368392
2018-07-05 02:54:00,229.854368392
2018-07-05 02:55:00,229.854368392
2018-07-05 02:56:00,229.854368392
2018-07-05 02:57:00,229.854368392
2018-07-05 02:58:00,229.854368392
2018-07-05 02:59:00,229.854368392
2018-07-05 03:00:00,229.854368392
2018-07-05 03:01:00,229.854368392
2018-07-05 03:02:00,229.854368392
2018-07-05 03:03:00,229.854368392
2018-07-05 03:04:00,229.854368392
2018-07-05 03:05:00,229.854368392
2018-07-05 03:06:00,229.854368392
2018-07-05 03:07:00,229.854368392
2018-07-05 03:08:00,229.854368392
2018-07-05 03:09:00,229.854368392
2018-07-05 03:10:00,229.854368392
2018-07-05 03:11:00,248.623873967
2018-07-05 03:12:00,220.469615605
2018-07-05 03:13:00,220.469615605
2018-07-05 03:14:00,211.084862817
2018-07-05 03:15:00,211.084862817
2018-07-05 03:16:00,220.469615605
2018-07-05 03:17:00,211.084862817
2018-07-05 03:18:00,211.084862817
2018-07-05 03:19:00,201.70011003
2018-07-05 03:20:00,182.930604455
2018-07-05 03:21:00,182.930604455
2018-07-05 03:22:00,182.930604455
2018-07-05 03:23:00,182.930604455
2018-07-05 03:24:00,192.315357242
2018-07-05 03:25:00,192.315357242
2018-07-05 03:26:00,211.084862817
2018-07-05 03:27:00,220.469615605
2018-07-05 03:28:00,220.469615605
2018-07-05 03:29:00,220.469615605
2018-07-05 03:30:00,211.084862817
2018-07-05 03:31:00,211.084862817
2018-07-05 03:32:00,211.084862817
2018-07-05 03:33:00,211.084862817
2018-07-05 03:34:00,220.469615605
2018-07-05 03:35:00,220.469615605
2018-07-05 03:36:00,220.469615605
2018-07-05 03:37:00,220.469615605
2018-07-05 03:38:00,220.469615605
2018-07-05 03:39:00,220.469615605
2018-07-05 03:40:00,220.469615605
2018-07-05 03:41:00,220.469615605
2018-07-05 03:42:00,220.469615605
2018-07-05 03:43:00,220.469615605
2018-07-05 03:44:00,220.469615605
2018-07-05 03:45:00,211.084862817
2018-07-05 03:46:00,211.084862817
2018-07-05 03:47:00,201.70011003
2018-07-05 03:48:00,211.084862817
2018-07-05 03:49:00,211.084862817
2018-07-05 03:50:00,211.084862817
2018-07-05 03:51:00,211.084862817
2018-07-05 03:52:00,211.084862817
2018-07-05 03:53:00,239.23912118
2018-07-05 03:54:00,239.23912118
2018-07-05 03:55:00,239.23912118
2018-07-05 03:56:00,229.854368392
2018-07-05 03:57:00,229.854368392
2018-07-05 03:58:00,229.854368392
2018-07-05 03:59:00,229.854368392
2018-07-05 04:00:00,229.854368392
2018-07-05 04:01:00,229.854368392
2018-07-05 04:02:00,229.854368392
2018-07-05 04:03:00,229.854368392
2018-07-05 04:04:00,229.854368392
2018-07-05 04:05:00,201.70011003
2018-07-05 04:06:00,201.70011003
2018-07-05 04:07:00,201.70011003
2018-07-05 04:08:00,201.70011003
2018-07-05 04:09:00,201.70011003
2018-07-05 04:10:00,201.70011003
2018-07-05 04:11:00,201.70011003
2018-07-05 04:12:00,201.70011003
2018-07-05 04:13:00,201.70011003
2018-07-05 04:14:00,201.70011003
2018-07-05 04:15:00,201.70011003
2018-07-05 04:16:00,201.70011003
2018-07-05 04:17:00,201.70011003
2018-07-05 04:18:00,211.084862817
2018-07-05 04:19:00,211.084862817
2018-07-05 04:20:00,211.084862817
2018-07-05 04:21:00,211.084862817
2018-07-05 04:22:00,211.084862817
2018-07-05 04:23:00,211.084862817
2018-07-05 04:24:00,211.084862817
2018-07-05 04:25:00,211.084862817
2018-07-05 04:26:00,211.084862817
2018-07-05 04:27:00,211.084862817
2018-07-05 04:28:00,211.084862817
2018-07-05 04:29:00,220.469615605
2018-07-05 04:30:00,220.469615605
2018-07-05 04:31:00,220.469615605
2018-07-05 04:32:00,229.854368392
2018-07-05 04:33:00,239.23912118
2018-07-05 04:34:00,229.854368392
2018-07-05 04:35:00,239.23912118
2018-07-05 04:36:00,239.23912118
2018-07-05 04:37:00,220.469615605
2018-07-05 04:38:00,220.469615605
2018-07-05 04:39:00,220.469615605
2018-07-05 04:40:00,229.854368392
2018-07-05 04:41:00,239.23912118
2018-07-05 04:42:00,239.23912118
2018-07-05 04:43:00,239.23912118
2018-07-05 04:44:00,248.623873967
2018-07-05 04:45:00,89.0830765798
2018-07-05 04:46:00,107.852582155
2018-07-05 04:47:00,117.237334942
2018-07-05 04:48:00,107.852582155
2018-07-05 04:49:00,136.006840517
2018-07-05 04:50:00,145.391593305
2018-07-05 04:51:00,145.391593305
2018-07-05 04:52:00,173.545851667
2018-07-05 04:53:00,164.16109888
2018-07-05 04:54:00,164.16109888
2018-07-05 04:55:00,164.16109888
2018-07-05 04:56:00,164.16109888
2018-07-05 04:57:00,192.315357242
2018-07-05 04:58:00,192.315357242
2018-07-05 04:59:00,239.23912118
2018-07-05 05:00:00,229.854368392
2018-07-05 05:01:00,239.23912118
2018-07-05 05:02:00,239.23912118
2018-07-05 05:03:00,239.23912118
2018-07-05 05:04:00,239.23912118
2018-07-05 05:05:00,239.23912118
2018-07-05 05:06:00,239.23912118
2018-07-05 05:07:00,192.315357242
2018-07-05 05:08:00,229.854368392
2018-07-05 05:09:00,220.469615605
2018-07-05 05:10:00,229.854368392
2018-07-05 05:11:00,220.469615605
2018-07-05 05:12:00,220.469615605
2018-07-05 05:13:00,229.854368392
2018-07-05 05:14:00,229.854368392
2018-07-05 05:15:00,220.469615605
2018-07-05 05:16:00,220.469615605
2018-07-05 05:17:00,220.469615605
2018-07-05 05:18:00,211.084862817
2018-07-05 05:19:00,211.084862817
2018-07-05 05:20:00,211.084862817
2018-07-05 05:21:00,211.084862817
2018-07-05 05:22:00,211.084862817
2018-07-05 05:23:00,211.084862817
2018-07-05 05:24:00,211.084862817
2018-07-05 05:25:00,211.084862817
2018-07-05 05:26:00,229.854368392
2018-07-05 05:27:00,220.469615605
2018-07-05 05:28:00,211.084862817
2018-07-05 05:29:00,211.084862817
2018-07-05 05:30:00,248.623873967
2018-07-05 05:31:00,239.23912118
2018-07-05 05:32:00,239.23912118
2018-07-05 05:33:00,229.854368392
2018-07-05 05:34:00,229.854368392
2018-07-05 05:35:00,248.623873967
2018-07-05 05:36:00,248.623873967
2018-07-05 05:37:00,248.623873967
2018-07-05 05:38:00,248.623873967
2018-07-05 05:39:00,267.393379542
2018-07-05 05:40:00,267.393379542
2018-07-05 05:41:00,267.393379542
2018-07-05 05:42:00,258.008626755
2018-07-05 05:43:00,258.008626755
2018-07-05 05:44:00,258.008626755
2018-07-05 05:45:00,258.008626755
2018-07-05 05:46:00,258.008626755
2018-07-05 05:47:00,258.008626755
2018-07-05 05:48:00,258.008626755
2018-07-05 05:49:00,258.008626755
2018-07-05 05:50:00,267.393379542
2018-07-05 05:51:00,258.008626755
2018-07-05 05:52:00,258.008626755
2018-07-05 05:53:00,258.008626755
2018-07-05 05:54:00,258.008626755
2018-07-05 05:55:00,267.393379542
2018-07-05 05:56:00,267.393379542
2018-07-05 05:57:00,267.393379542
2018-07-05 05:58:00,267.393379542
2018-07-05 05:59:00,276.77813233
2018-07-05 06:00:00,276.77813233
2018-07-05 06:01:00,276.77813233
2018-07-05 06:02:00,276.77813233
2018-07-05 06:03:00,276.77813233
2018-07-05 06:04:00,267.393379542
2018-07-05 06:05:00,267.393379542
2018-07-05 06:06:00,276.77813233
2018-07-05 06:07:00,267.393379542
2018-07-05 06:08:00,258.008626755
2018-07-05 06:09:00,267.393379542
2018-07-05 06:10:00,267.393379542
2018-07-05 06:11:00,258.008626755
2018-07-05 06:12:00,258.008626755
2018-07-05 06:13:00,258.008626755
2018-07-05 06:14:00,258.008626755
2018-07-05 06:15:00,258.008626755
2018-07-05 06:16:00,258.008626755
2018-07-05 06:17:00,258.008626755
2018-07-05 06:18:00,267.393379542
2018-07-05 06:19:00,258.008626755
2018-07-05 06:20:00,258.008626755
2018-07-05 06:21:00,267.393379542
2018-07-05 06:22:00,258.008626755
2018-07-05 06:23:00,258.008626755
2018-07-05 06:24:00,267.393379542
2018-07-05 06:25:00,267.393379542
2018-07-05 06:26:00,267.393379542
2018-07-05 06:27:00,267.393379542
2018-07-05 06:28:00,258.008626755
2018-07-05 06:29:00,258.008626755
2018-07-05 06:30:00,258.008626755
2018-07-05 06:31:00,258.008626755
2018-07-05 06:32:00,258.008626755
2018-07-05 06:33:00,258.008626755
2018-07-05 06:34:00,258.008626755
2018-07-05 06:35:00,258.008626755
2018-07-05 06:36:00,258.008626755
2018-07-05 06:37:00,267.393379542
2018-07-05 06:38:00,267.393379542
2018-07-05 06:39:00,267.393379542
2018-07-05 06:40:00,267.393379542
2018-07-05 06:41:00,258.008626755
2018-07-05 06:42:00,276.77813233
2018-07-05 06:43:00,276.77813233
2018-07-05 06:44:00,276.77813233
2018-07-05 06:45:00,276.77813233
2018-07-05 06:46:00,276.77813233
2018-07-05 06:47:00,276.77813233
2018-07-05 06:48:00,276.77813233
2018-07-05 06:49:00,276.77813233
2018-07-05 06:50:00,276.77813233
2018-07-05 06:51:00,276.77813233
2018-07-05 06:52:00,267.393379542
2018-07-05 06:53:00,267.393379542
2018-07-05 06:54:00,267.393379542
2018-07-05 06:55:00,267.393379542
2018-07-05 06:56:00,276.77813233
2018-07-05 06:57:00,276.77813233
2018-07-05 06:58:00,267.393379542
2018-07-05 06:59:00,267.393379542
2018-07-05 07:00:00,267.393379542
2018-07-05 07:01:00,267.393379542
2018-07-05 07:02:00,258.008626755
2018-07-05 07:03:00,276.77813233
2018-07-05 07:04:00,276.77813233
2018-07-05 07:05:00,276.77813233
2018-07-05 07:06:00,276.77813233
2018-07-05 07:07:00,276.77813233
2018-07-05 07:08:00,276.77813233
2018-07-05 07:09:00,276.77813233
2018-07-05 07:10:00,276.77813233
2018-07-05 07:11:00,276.77813233
2018-07-05 07:12:00,276.77813233
2018-07-05 07:13:00,276.77813233
2018-07-05 07:14:00,267.393379542
2018-07-05 07:15:00,276.77813233
2018-07-05 07:16:00,276.77813233
2018-07-05 07:17:00,276.77813233
2018-07-05 07:18:00,276.77813233
2018-07-05 07:19:00,286.162885117
2018-07-05 07:20:00,286.162885117
2018-07-05 07:21:00,286.162885117
2018-07-05 07:22:00,276.77813233
2018-07-05 07:23:00,286.162885117
2018-07-05 07:24:00,286.162885117
2018-07-05 07:25:00,295.547637905
2018-07-05 07:26:00,295.547637905
2018-07-05 07:27:00,295.547637905
2018-07-05 07:28:00,295.547637905
2018-07-05 07:29:00,304.932390692
2018-07-05 07:30:00,295.547637905
2018-07-05 07:31:00,295.547637905
2018-07-05 07:32:00,295.547637905
2018-07-05 07:33:00,295.547637905
2018-07-05 07:34:00,295.547637905
2018-07-05 07:35:00,295.547637905
2018-07-05 07:36:00,295.547637905
2018-07-05 07:37:00,295.547637905
2018-07-05 07:38:00,304.932390692
2018-07-05 07:39:00,304.932390692
2018-07-05 07:40:00,295.547637905
2018-07-05 07:41:00,295.547637905
2018-07-05 07:42:00,295.547637905
2018-07-05 07:43:00,295.547637905
2018-07-05 07:44:00,295.547637905
2018-07-05 07:45:00,295.547637905
2018-07-05 07:46:00,295.547637905
2018-07-05 07:47:00,295.547637905
2018-07-05 07:48:00,295.547637905
2018-07-05 07:49:00,295.547637905
2018-07-05 07:50:00,295.547637905
2018-07-05 07:51:00,295.547637905
2018-07-05 07:52:00,295.547637905
2018-07-05 07:53:00,295.547637905
2018-07-05 07:54:00,295.547637905
2018-07-05 07:55:00,295.547637905
2018-07-05 07:56:00,295.547637905
2018-07-05 07:57:00,295.547637905
2018-07-05 07:58:00,295.547637905
2018-07-05 07:59:00,295.547637905
2018-07-05 08:00:00,295.547637905
2018-07-05 08:01:00,304.932390692
2018-07-05 08:02:00,295.547637905
2018-07-05 08:03:00,304.932390692
2018-07-05 08:04:00,304.932390692
2018-07-05 08:05:00,323.701896267
2018-07-05 08:06:00,333.086649055
2018-07-05 08:07:00,333.086649055
2018-07-05 08:08:00,351.85615463
2018-07-05 08:09:00,342.471401842
2018-07-05 08:10:00,342.471401842
2018-07-05 08:11:00,333.086649055
2018-07-05 08:12:00,333.086649055
2018-07-05 08:13:00,333.086649055
2018-07-05 08:14:00,333.086649055
2018-07-05 08:15:00,342.471401842
2018-07-05 08:16:00,333.086649055
2018-07-05 08:17:00,333.086649055
2018-07-05 08:18:00,333.086649055
2018-07-05 08:19:00,333.086649055
2018-07-05 08:20:00,333.086649055
2018-07-05 08:21:00,351.85615463
2018-07-05 08:22:00,351.85615463
2018-07-05 08:23:00,351.85615463
2018-07-05 08:24:00,351.85615463
2018-07-05 08:25:00,351.85615463
2018-07-05 08:26:00,351.85615463
2018-07-05 08:27:00,351.85615463
2018-07-05 08:28:00,361.240907417
2018-07-05 08:29:00,342.471401842
2018-07-05 08:30:00,333.086649055
2018-07-05 08:31:00,351.85615463
2018-07-05 08:32:00,351.85615463
2018-07-05 08:33:00,351.85615463
2018-07-05 08:34:00,361.240907417
2018-07-05 08:35:00,361.240907417
2018-07-05 08:36:00,351.85615463
2018-07-05 08:37:00,361.240907417
2018-07-05 08:38:00,370.625660205
2018-07-05 08:39:00,370.625660205
2018-07-05 08:40:00,370.625660205
2018-07-05 08:41:00,370.625660205
2018-07-05 08:42:00,370.625660205
2018-07-05 08:43:00,370.625660205
2018-07-05 08:44:00,370.625660205
2018-07-05 08:45:00,370.625660205
2018-07-05 08:46:00,370.625660205
2018-07-05 08:47:00,370.625660205
2018-07-05 08:48:00,370.625660205
2018-07-05 08:49:00,370.625660205
2018-07-05 08:50:00,380.010412992
2018-07-05 08:51:00,389.39516578
2018-07-05 08:52:00,380.010412992
2018-07-05 08:53:00,380.010412992
2018-07-05 08:54:00,389.39516578
2018-07-05 08:55:00,389.39516578
2018-07-05 08:56:00,389.39516578
2018-07-05 08:57:00,380.010412992
2018-07-05 08:58:00,380.010412992
2018-07-05 08:59:00,380.010412992
2018-07-05 09:00:00,398.779918567
2018-07-05 09:01:00,408.164671355
2018-07-05 09:02:00,408.164671355
2018-07-05 09:03:00,389.39516578
2018-07-05 09:04:00,389.39516578
2018-07-05 09:05:00,408.164671355
2018-07-05 09:06:00,398.779918567
2018-07-05 09:07:00,398.779918567
2018-07-05 09:08:00,389.39516578
2018-07-05 09:09:00,389.39516578
2018-07-05 09:10:00,389.39516578
2018-07-05 09:11:00,408.164671355
2018-07-05 09:12:00,389.39516578
2018-07-05 09:13:00,408.164671355
2018-07-05 09:14:00,398.779918567
2018-07-05 09:15:00,408.164671355
2018-07-05 09:16:00,408.164671355
2018-07-05 09:17:00,417.549424142
2018-07-05 09:18:00,417.549424142
2018-07-05 09:19:00,417.549424142
2018-07-05 09:20:00,426.93417693
2018-07-05 09:21:00,426.93417693
2018-07-05 09:22:00,408.164671355
2018-07-05 09:23:00,408.164671355
2018-07-05 09:24:00,408.164671355
2018-07-05 09:25:00,408.164671355
2018-07-05 09:26:00,408.164671355
2018-07-05 09:27:00,408.164671355
2018-07-05 09:28:00,408.164671355
2018-07-05 09:29:00,408.164671355
2018-07-05 09:30:00,408.164671355
2018-07-05 09:31:00,398.779918567
2018-07-05 09:32:00,389.39516578
2018-07-05 09:33:00,398.779918567
2018-07-05 09:34:00,398.779918567
2018-07-05 09:35:00,417.549424142
2018-07-05 09:36:00,417.549424142
2018-07-05 09:37:00,417.549424142
2018-07-05 09:38:00,408.164671355
2018-07-05 09:39:00,408.164671355
2018-07-05 09:40:00,408.164671355
2018-07-05 09:41:00,408.164671355
2018-07-05 09:42:00,408.164671355
2018-07-05 09:43:00,408.164671355
2018-07-05 09:44:00,408.164671355
2018-07-05 09:45:00,408.164671355
2018-07-05 09:46:00,408.164671355
2018-07-05 09:47:00,408.164671355
2018-07-05 09:48:00,408.164671355
2018-07-05 09:49:00,408.164671355
2018-07-05 09:50:00,408.164671355
2018-07-05 09:51:00,408.164671355
2018-07-05 09:52:00,408.164671355
2018-07-05 09:53:00,408.164671355
2018-07-05 09:54:00,417.549424142
2018-07-05 09:55:00,417.549424142
2018-07-05 09:56:00,417.549424142
2018-07-05 09:57:00,417.549424142
2018-07-05 09:58:00,417.549424142
2018-07-05 09:59:00,417.549424142
2018-07-05 10:00:00,408.164671355
2018-07-05 10:01:00,417.549424142
2018-07-05 10:02:00,408.164671355
2018-07-05 10:03:00,408.164671355
2018-07-05 10:04:00,426.93417693
2018-07-05 10:05:00,426.93417693
2018-07-05 10:06:00,417.549424142
2018-07-05 10:07:00,408.164671355
2018-07-05 10:08:00,417.549424142
2018-07-05 10:09:00,426.93417693
2018-07-05 10:10:00,426.93417693
2018-07-05 10:11:00,426.93417693
2018-07-05 10:12:00,445.703682505
2018-07-05 10:13:00,455.088435292
2018-07-05 10:14:00,445.703682505
2018-07-05 10:15:00,426.93417693
2018-07-05 10:16:00,426.93417693
2018-07-05 10:17:00,426.93417693
2018-07-05 10:18:00,426.93417693
2018-07-05 10:19:00,426.93417693
2018-07-05 10:20:00,426.93417693
2018-07-05 10:21:00,426.93417693
2018-07-05 10:22:00,436.318929717
2018-07-05 10:23:00,436.318929717
2018-07-05 10:24:00,426.93417693
2018-07-05 10:25:00,426.93417693
2018-07-05 10:26:00,426.93417693
2018-07-05 10:27:00,426.93417693
2018-07-05 10:28:00,426.93417693
2018-07-05 10:29:00,426.93417693
2018-07-05 10:30:00,417.549424142
2018-07-05 10:31:00,417.549424142
2018-07-05 10:32:00,417.549424142
2018-07-05 10:33:00,426.93417693
2018-07-05 10:34:00,426.93417693
2018-07-05 10:35:00,417.549424142
2018-07-05 10:36:00,417.549424142
2018-07-05 10:37:00,417.549424142
2018-07-05 10:38:00,417.549424142
2018-07-05 10:39:00,417.549424142
2018-07-05 10:40:00,417.549424142
2018-07-05 10:41:00,417.549424142
2018-07-05 10:42:00,417.549424142
2018-07-05 10:43:00,417.549424142
2018-07-05 10:44:00,417.549424142
2018-07-05 10:45:00,417.549424142
2018-07-05 10:46:00,408.164671355
2018-07-05 10:47:00,389.39516578
2018-07-05 10:48:00,370.625660205
2018-07-05 10:49:00,370.625660205
2018-07-05 10:50:00,370.625660205
2018-07-05 10:51:00,370.625660205
2018-07-05 10:52:00,370.625660205
2018-07-05 10:53:00,351.85615463
2018-07-05 10:54:00,361.240907417
2018-07-05 10:55:00,361.240907417
2018-07-05 10:56:00,361.240907417
2018-07-05 10:57:00,351.85615463
2018-07-05 10:58:00,351.85615463
2018-07-05 10:59:00,351.85615463
2018-07-05 11:00:00,361.240907417
2018-07-05 11:01:00,361.240907417
2018-07-05 11:02:00,361.240907417
2018-07-05 11:03:00,361.240907417
2018-07-05 11:04:00,361.240907417
2018-07-05 11:05:00,361.240907417
2018-07-05 11:06:00,361.240907417
2018-07-05 11:07:00,351.85615463
2018-07-05 11:08:00,361.240907417
2018-07-05 11:09:00,361.240907417
2018-07-05 11:10:00,370.625660205
2018-07-05 11:11:00,361.240907417
2018-07-05 11:12:00,361.240907417
2018-07-05 11:13:00,351.85615463
2018-07-05 11:14:00,351.85615463
2018-07-05 11:15:00,351.85615463
2018-07-05 11:16:00,351.85615463
2018-07-05 11:17:00,351.85615463
2018-07-05 11:18:00,351.85615463
2018-07-05 11:19:00,351.85615463
2018-07-05 11:20:00,351.85615463
2018-07-05 11:21:00,351.85615463
2018-07-05 11:22:00,351.85615463
2018-07-05 11:23:00,351.85615463
2018-07-05 11:24:00,342.471401842
2018-07-05 11:25:00,333.086649055
2018-07-05 11:26:00,333.086649055
2018-07-05 11:27:00,333.086649055
2018-07-05 11:28:00,333.086649055
2018-07-05 11:29:00,333.086649055
2018-07-05 11:30:00,333.086649055
2018-07-05 11:31:00,333.086649055
2018-07-05 11:32:00,323.701896267
2018-07-05 11:33:00,323.701896267
2018-07-05 11:34:00,361.240907417
2018-07-05 11:35:00,361.240907417
2018-07-05 11:36:00,370.625660205
2018-07-05 11:37:00,370.625660205
2018-07-05 11:38:00,370.625660205
2018-07-05 11:39:00,370.625660205
2018-07-05 11:40:00,370.625660205
2018-07-05 11:41:00,323.701896267
2018-07-05 11:42:00,323.701896267
2018-07-05 11:43:00,323.701896267
2018-07-05 11:44:00,323.701896267
2018-07-05 11:45:00,323.701896267
2018-07-05 11:46:00,323.701896267
2018-07-05 11:47:00,323.701896267
2018-07-05 11:48:00,342.471401842
2018-07-05 11:49:00,342.471401842
2018-07-05 11:50:00,351.85615463
2018-07-05 11:51:00,351.85615463
2018-07-05 11:52:00,351.85615463
2018-07-05 11:53:00,351.85615463
2018-07-05 11:54:00,351.85615463
2018-07-05 11:55:00,361.240907417
2018-07-05 11:56:00,361.240907417
2018-07-05 11:57:00,361.240907417
2018-07-05 11:58:00,361.240907417
2018-07-05 11:59:00,351.85615463
2018-07-06 01:29:00,323.701896267
2018-07-06 01:30:00,323.701896267
2018-07-06 01:31:00,295.547637905
2018-07-06 01:32:00,295.547637905
2018-07-06 01:33:00,295.547637905
2018-07-06 01:34:00,286.162885117
2018-07-06 01:35:00,286.162885117
2018-07-06 01:36:00,286.162885117
2018-07-06 01:37:00,286.162885117
2018-07-06 01:38:00,286.162885117
2018-07-06 01:39:00,286.162885117
2018-07-06 01:40:00,286.162885117
2018-07-06 01:41:00,286.162885117
2018-07-06 01:42:00,286.162885117
2018-07-06 01:43:00,286.162885117
2018-07-06 01:44:00,295.547637905
2018-07-06 01:45:00,295.547637905
2018-07-06 01:46:00,295.547637905
2018-07-06 01:47:00,295.547637905
2018-07-06 01:48:00,295.547637905
2018-07-06 01:49:00,304.932390692
2018-07-06 01:50:00,314.31714348
2018-07-06 01:51:00,314.31714348
2018-07-06 01:52:00,314.31714348
2018-07-06 01:53:00,314.31714348
2018-07-06 01:54:00,314.31714348
2018-07-06 01:55:00,314.31714348
2018-07-06 01:56:00,314.31714348
2018-07-06 01:57:00,304.932390692
2018-07-06 01:58:00,304.932390692
2018-07-06 01:59:00,286.162885117
2018-07-06 02:00:00,304.932390692
2018-07-06 02:01:00,304.932390692
2018-07-06 02:02:00,323.701896267
2018-07-06 02:03:00,333.086649055
2018-07-06 02:04:00,342.471401842
2018-07-06 02:05:00,351.85615463
2018-07-06 02:06:00,342.471401842
2018-07-06 02:07:00,351.85615463
2018-07-06 02:08:00,351.85615463
2018-07-06 02:09:00,351.85615463
2018-07-06 02:10:00,342.471401842
2018-07-06 02:11:00,342.471401842
2018-07-06 02:12:00,342.471401842
2018-07-06 02:13:00,351.85615463
2018-07-06 02:14:00,351.85615463
2018-07-06 02:15:00,351.85615463
2018-07-06 02:16:00,351.85615463
2018-07-06 02:17:00,351.85615463
2018-07-06 02:18:00,342.471401842
2018-07-06 02:19:00,342.471401842
2018-07-06 02:20:00,342.471401842
2018-07-06 02:21:00,351.85615463
2018-07-06 02:22:00,351.85615463
2018-07-06 02:23:00,351.85615463
2018-07-06 02:24:00,351.85615463
2018-07-06 02:25:00,351.85615463
2018-07-06 02:26:00,351.85615463
2018-07-06 02:27:00,351.85615463
2018-07-06 02:28:00,351.85615463
2018-07-06 02:29:00,351.85615463
2018-07-06 02:30:00,351.85615463
2018-07-06 02:31:00,361.240907417
2018-07-06 02:32:00,370.625660205
2018-07-06 02:33:00,370.625660205
2018-07-06 02:34:00,380.010412992
2018-07-06 02:35:00,380.010412992
2018-07-06 02:36:00,380.010412992
2018-07-06 02:37:00,380.010412992
2018-07-06 02:38:00,370.625660205
2018-07-06 02:39:00,370.625660205
2018-07-06 02:40:00,370.625660205
2018-07-06 02:41:00,370.625660205
2018-07-06 02:42:00,370.625660205
2018-07-06 02:43:00,370.625660205
2018-07-06 02:44:00,370.625660205
2018-07-06 02:45:00,380.010412992
2018-07-06 02:46:00,370.625660205
2018-07-06 02:47:00,370.625660205
2018-07-06 02:48:00,370.625660205
2018-07-06 02:49:00,370.625660205
2018-07-06 02:50:00,370.625660205
2018-07-06 02:51:00,351.85615463
2018-07-06 02:52:00,351.85615463
2018-07-06 02:53:00,351.85615463
2018-07-06 02:54:00,351.85615463
2018-07-06 02:55:00,361.240907417
2018-07-06 02:56:00,361.240907417
2018-07-06 02:57:00,361.240907417
2018-07-06 02:58:00,361.240907417
2018-07-06 02:59:00,361.240907417
2018-07-06 03:00:00,361.240907417
2018-07-06 03:01:00,361.240907417
2018-07-06 03:02:00,361.240907417
2018-07-06 03:03:00,361.240907417
2018-07-06 03:04:00,342.471401842
2018-07-06 03:05:00,333.086649055
2018-07-06 03:06:00,333.086649055
2018-07-06 03:07:00,342.471401842
2018-07-06 03:08:00,342.471401842
2018-07-06 03:09:00,333.086649055
2018-07-06 03:10:00,333.086649055
2018-07-06 03:11:00,333.086649055
2018-07-06 03:12:00,333.086649055
2018-07-06 03:13:00,333.086649055
2018-07-06 03:14:00,333.086649055
2018-07-06 03:15:00,342.471401842
2018-07-06 03:16:00,342.471401842
2018-07-06 03:17:00,342.471401842
2018-07-06 03:18:00,342.471401842
2018-07-06 03:19:00,342.471401842
2018-07-06 03:20:00,342.471401842
2018-07-06 03:21:00,333.086649055
2018-07-06 03:22:00,333.086649055
2018-07-06 03:23:00,333.086649055
2018-07-06 03:24:00,333.086649055
2018-07-06 03:25:00,333.086649055
2018-07-06 03:26:00,323.701896267
2018-07-06 03:27:00,314.31714348
2018-07-06 03:28:00,314.31714348
2018-07-06 03:29:00,314.31714348
2018-07-06 03:30:00,314.31714348
2018-07-06 03:31:00,314.31714348
2018-07-06 03:32:00,323.701896267
2018-07-06 03:33:00,323.701896267
2018-07-06 03:34:00,323.701896267
2018-07-06 03:35:00,314.31714348
2018-07-06 03:36:00,314.31714348
2018-07-06 03:37:00,314.31714348
2018-07-06 03:38:00,314.31714348
2018-07-06 03:39:00,314.31714348
2018-07-06 03:40:00,314.31714348
2018-07-06 03:41:00,323.701896267
2018-07-06 03:42:00,323.701896267
2018-07-06 03:43:00,323.701896267
2018-07-06 03:44:00,323.701896267
2018-07-06 03:45:00,314.31714348
2018-07-06 03:46:00,314.31714348
2018-07-06 03:47:00,333.086649055
2018-07-06 03:48:00,333.086649055
2018-07-06 03:49:00,333.086649055
2018-07-06 03:50:00,333.086649055
2018-07-06 03:51:00,333.086649055
2018-07-06 03:52:00,333.086649055
2018-07-06 03:53:00,333.086649055
2018-07-06 03:54:00,333.086649055
2018-07-06 03:55:00,333.086649055
2018-07-06 03:56:00,333.086649055
2018-07-06 03:57:00,333.086649055
2018-07-06 03:58:00,333.086649055
2018-07-06 03:59:00,333.086649055
2018-07-06 04:00:00,333.086649055
2018-07-06 04:01:00,333.086649055
2018-07-06 04:02:00,333.086649055
2018-07-06 04:03:00,333.086649055
2018-07-06 04:04:00,333.086649055
2018-07-06 04:05:00,333.086649055
2018-07-06 04:06:00,333.086649055
2018-07-06 04:07:00,333.086649055
2018-07-06 04:08:00,333.086649055
2018-07-06 04:09:00,333.086649055
2018-07-06 04:10:00,333.086649055
2018-07-06 04:11:00,333.086649055
2018-07-06 04:12:00,333.086649055
2018-07-06 04:13:00,333.086649055
2018-07-06 04:14:00,333.086649055
2018-07-06 04:15:00,333.086649055
2018-07-06 04:16:00,333.086649055
2018-07-06 04:17:00,333.086649055
2018-07-06 04:18:00,333.086649055
2018-07-06 04:19:00,333.086649055
2018-07-06 04:20:00,333.086649055
2018-07-06 04:21:00,333.086649055
2018-07-06 04:22:00,333.086649055
2018-07-06 04:23:00,333.086649055
2018-07-06 04:24:00,333.086649055
2018-07-06 04:25:00,333.086649055
2018-07-06 04:26:00,333.086649055
2018-07-06 04:27:00,333.086649055
2018-07-06 04:28:00,333.086649055
2018-07-06 04:29:00,333.086649055
2018-07-06 04:30:00,333.086649055
2018-07-06 04:31:00,333.086649055
2018-07-06 04:32:00,333.086649055
2018-07-06 04:33:00,333.086649055
2018-07-06 04:34:00,333.086649055
2018-07-06 04:35:00,333.086649055
2018-07-06 04:36:00,333.086649055
2018-07-06 04:37:00,333.086649055
2018-07-06 04:38:00,333.086649055
2018-07-06 04:39:00,333.086649055
2018-07-06 04:40:00,342.471401842
2018-07-06 04:41:00,342.471401842
2018-07-06 04:42:00,342.471401842
2018-07-06 04:43:00,342.471401842
2018-07-06 04:44:00,342.471401842
2018-07-06 04:45:00,342.471401842
2018-07-06 04:46:00,342.471401842
2018-07-06 04:47:00,351.85615463
2018-07-06 04:48:00,342.471401842
2018-07-06 04:49:00,351.85615463
2018-07-06 04:50:00,351.85615463
2018-07-06 04:51:00,351.85615463
2018-07-06 04:52:00,351.85615463
2018-07-06 04:53:00,333.086649055
2018-07-06 04:54:00,333.086649055
2018-07-06 04:55:00,333.086649055
2018-07-06 04:56:00,342.471401842
2018-07-06 04:57:00,342.471401842
2018-07-06 04:58:00,342.471401842
2018-07-06 04:59:00,333.086649055
2018-07-06 05:00:00,333.086649055
2018-07-06 05:01:00,342.471401842
2018-07-06 05:02:00,342.471401842
2018-07-06 05:03:00,342.471401842
2018-07-06 05:04:00,342.471401842
2018-07-06 05:05:00,342.471401842
2018-07-06 05:06:00,333.086649055
2018-07-06 05:07:00,333.086649055
2018-07-06 05:08:00,333.086649055
2018-07-06 05:09:00,333.086649055
2018-07-06 05:10:00,333.086649055
2018-07-06 05:11:00,333.086649055
2018-07-06 05:12:00,333.086649055
2018-07-06 05:13:00,333.086649055
2018-07-06 05:14:00,333.086649055
2018-07-06 05:15:00,333.086649055
2018-07-06 05:16:00,333.086649055
2018-07-06 05:17:00,323.701896267
2018-07-06 05:18:00,323.701896267
2018-07-06 05:19:00,323.701896267
2018-07-06 05:20:00,323.701896267
2018-07-06 05:21:00,323.701896267
2018-07-06 05:22:00,333.086649055
2018-07-06 05:23:00,333.086649055
2018-07-06 05:24:00,333.086649055
2018-07-06 05:25:00,333.086649055
2018-07-06 05:26:00,333.086649055
2018-07-06 05:27:00,323.701896267
2018-07-06 05:28:00,323.701896267
2018-07-06 05:29:00,333.086649055
2018-07-06 05:30:00,323.701896267
2018-07-06 05:31:00,323.701896267
2018-07-06 05:32:00,333.086649055
2018-07-06 05:33:00,333.086649055
2018-07-06 05:34:00,333.086649055
2018-07-06 05:35:00,333.086649055
2018-07-06 05:36:00,333.086649055
2018-07-06 05:37:00,333.086649055
2018-07-06 05:38:00,333.086649055
2018-07-06 05:39:00,333.086649055
2018-07-06 05:40:00,333.086649055
2018-07-06 05:41:00,333.086649055
2018-07-06 05:42:00,351.85615463
2018-07-06 05:43:00,351.85615463
2018-07-06 05:44:00,351.85615463
2018-07-06 05:45:00,351.85615463
2018-07-06 05:46:00,351.85615463
2018-07-06 05:47:00,351.85615463
2018-07-06 05:48:00,361.240907417
2018-07-06 05:49:00,351.85615463
2018-07-06 05:50:00,351.85615463
2018-07-06 05:51:00,351.85615463
2018-07-06 05:52:00,361.240907417
2018-07-06 05:53:00,361.240907417
2018-07-06 05:54:00,351.85615463
2018-07-06 05:55:00,351.85615463
2018-07-06 05:56:00,351.85615463
2018-07-06 05:57:00,351.85615463
2018-07-06 05:58:00,351.85615463
2018-07-06 05:59:00,351.85615463
2018-07-06 06:00:00,351.85615463
2018-07-06 06:01:00,351.85615463
2018-07-06 06:02:00,351.85615463
2018-07-06 06:03:00,351.85615463
2018-07-06 06:04:00,351.85615463
2018-07-06 06:05:00,351.85615463
2018-07-06 06:06:00,351.85615463
2018-07-06 06:07:00,351.85615463
2018-07-06 06:08:00,342.471401842
2018-07-06 06:09:00,342.471401842
2018-07-06 06:10:00,351.85615463
2018-07-06 06:11:00,333.086649055
2018-07-06 06:12:00,333.086649055
2018-07-06 06:13:00,333.086649055
2018-07-06 06:14:00,351.85615463
2018-07-06 06:15:00,342.471401842
2018-07-06 06:16:00,342.471401842
2018-07-06 06:17:00,342.471401842
2018-07-06 06:18:00,342.471401842
2018-07-06 06:19:00,342.471401842
2018-07-06 06:20:00,342.471401842
2018-07-06 06:21:00,342.471401842
2018-07-06 06:22:00,342.471401842
2018-07-06 06:23:00,351.85615463
2018-07-06 06:24:00,351.85615463
2018-07-06 06:25:00,342.471401842
2018-07-06 06:26:00,342.471401842
2018-07-06 06:27:00,342.471401842
2018-07-06 06:28:00,342.471401842
2018-07-06 06:29:00,342.471401842
2018-07-06 06:30:00,342.471401842
2018-07-06 06:31:00,342.471401842
2018-07-06 06:32:00,342.471401842
2018-07-06 06:33:00,342.471401842
2018-07-06 06:34:00,342.471401842
2018-07-06 06:35:00,342.471401842
2018-07-06 06:36:00,342.471401842
2018-07-06 06:37:00,342.471401842
2018-07-06 06:38:00,342.471401842
2018-07-06 06:39:00,342.471401842
2018-07-06 06:40:00,342.471401842
2018-07-06 06:41:00,342.471401842
2018-07-06 06:42:00,342.471401842
2018-07-06 06:43:00,342.471401842
2018-07-06 06:44:00,342.471401842
2018-07-06 06:45:00,342.471401842
2018-07-06 06:46:00,342.471401842
2018-07-06 06:47:00,342.471401842
2018-07-06 06:48:00,342.471401842
2018-07-06 06:49:00,342.471401842
2018-07-06 06:50:00,342.471401842
2018-07-06 06:51:00,342.471401842
2018-07-06 06:52:00,342.471401842
2018-07-06 06:53:00,333.086649055
2018-07-06 06:54:00,333.086649055
2018-07-06 06:55:00,323.701896267
2018-07-06 06:56:00,323.701896267
2018-07-06 06:57:00,314.31714348
2018-07-06 06:58:00,323.701896267
2018-07-06 06:59:00,323.701896267
2018-07-06 07:00:00,333.086649055
2018-07-06 07:01:00,333.086649055
2018-07-06 07:02:00,333.086649055
2018-07-06 07:03:00,333.086649055
2018-07-06 07:04:00,351.85615463
2018-07-06 07:05:00,351.85615463
2018-07-06 07:06:00,333.086649055
2018-07-06 07:07:00,342.471401842
2018-07-06 07:08:00,351.85615463
2018-07-06 07:09:00,351.85615463
2018-07-06 07:10:00,333.086649055
2018-07-06 07:11:00,342.471401842
2018-07-06 07:12:00,333.086649055
2018-07-06 07:13:00,333.086649055
2018-07-06 07:14:00,333.086649055
2018-07-06 07:15:00,333.086649055
2018-07-06 07:16:00,333.086649055
2018-07-06 07:17:00,333.086649055
2018-07-06 07:18:00,333.086649055
2018-07-06 07:19:00,333.086649055
2018-07-06 07:20:00,333.086649055
2018-07-06 07:21:00,333.086649055
2018-07-06 07:22:00,333.086649055
2018-07-06 07:23:00,333.086649055
2018-07-06 07:24:00,333.086649055
2018-07-06 07:25:00,323.701896267
2018-07-06 07:26:00,333.086649055
2018-07-06 07:27:00,333.086649055
2018-07-06 07:28:00,342.471401842
2018-07-06 07:29:00,333.086649055
2018-07-06 07:30:00,342.471401842
2018-07-06 07:31:00,370.625660205
2018-07-06 07:32:00,361.240907417
2018-07-06 07:33:00,342.471401842
2018-07-06 07:34:00,361.240907417
2018-07-06 07:35:00,351.85615463
2018-07-06 07:36:00,361.240907417
2018-07-06 07:37:00,361.240907417
2018-07-06 07:38:00,342.471401842
2018-07-06 07:39:00,304.932390692
2018-07-06 07:40:00,304.932390692
2018-07-06 07:41:00,304.932390692
2018-07-06 07:42:00,304.932390692
2018-07-06 07:43:00,323.701896267
2018-07-06 07:44:00,304.932390692
2018-07-06 07:45:00,304.932390692
2018-07-06 07:46:00,323.701896267
2018-07-06 07:47:00,333.086649055
2018-07-06 07:48:00,333.086649055
2018-07-06 07:49:00,342.471401842
2018-07-06 07:50:00,342.471401842
2018-07-06 07:51:00,351.85615463
2018-07-06 07:52:00,351.85615463
2018-07-06 07:53:00,370.625660205
2018-07-06 07:54:00,370.625660205
2018-07-06 07:55:00,380.010412992
2018-07-06 07:56:00,389.39516578
2018-07-06 07:57:00,389.39516578
2018-07-06 07:58:00,389.39516578
2018-07-06 07:59:00,389.39516578
2018-07-06 08:00:00,389.39516578
2018-07-06 08:01:00,389.39516578
2018-07-06 08:02:00,389.39516578
2018-07-06 08:03:00,370.625660205
2018-07-06 08:04:00,342.471401842
2018-07-06 08:05:00,333.086649055
2018-07-06 08:06:00,333.086649055
2018-07-06 08:07:00,351.85615463
2018-07-06 08:08:00,351.85615463
2018-07-06 08:09:00,333.086649055
2018-07-06 08:10:00,333.086649055
2018-07-06 08:11:00,333.086649055
2018-07-06 08:12:00,333.086649055
2018-07-06 08:13:00,351.85615463
2018-07-06 08:14:00,333.086649055
2018-07-06 08:15:00,333.086649055
2018-07-06 08:16:00,351.85615463
2018-07-06 08:17:00,351.85615463
2018-07-06 08:18:00,351.85615463
2018-07-06 08:19:00,351.85615463
2018-07-06 08:20:00,333.086649055
2018-07-06 08:21:00,333.086649055
2018-07-06 08:22:00,361.240907417
2018-07-06 08:23:00,351.85615463
2018-07-06 08:24:00,342.471401842
2018-07-06 08:25:00,351.85615463
2018-07-06 08:26:00,351.85615463
2018-07-06 08:27:00,351.85615463
2018-07-06 08:28:00,351.85615463
2018-07-06 08:29:00,351.85615463
2018-07-06 08:30:00,351.85615463
2018-07-06 08:31:00,351.85615463
2018-07-06 08:32:00,351.85615463
2018-07-06 08:33:00,333.086649055
2018-07-06 08:34:00,333.086649055
2018-07-06 08:35:00,323.701896267
2018-07-06 08:36:00,333.086649055
2018-07-06 08:37:00,314.31714348
2018-07-06 08:38:00,304.932390692
2018-07-06 08:39:00,304.932390692
2018-07-06 08:40:00,314.31714348
2018-07-06 08:41:00,314.31714348
2018-07-06 08:42:00,304.932390692
2018-07-06 08:43:00,314.31714348
2018-07-06 08:44:00,314.31714348
2018-07-06 08:45:00,314.31714348
2018-07-06 08:46:00,314.31714348
2018-07-06 08:47:00,314.31714348
2018-07-06 08:48:00,314.31714348
2018-07-06 08:49:00,314.31714348
2018-07-06 08:50:00,314.31714348
2018-07-06 08:51:00,314.31714348
2018-07-06 08:52:00,314.31714348
2018-07-06 08:53:00,323.701896267
2018-07-06 08:54:00,323.701896267
2018-07-06 08:55:00,323.701896267
2018-07-06 08:56:00,323.701896267
2018-07-06 08:57:00,295.547637905
2018-07-06 08:58:00,295.547637905
2018-07-06 08:59:00,304.932390692
2018-07-06 09:00:00,314.31714348
2018-07-06 09:01:00,314.31714348
2018-07-06 09:02:00,314.31714348
2018-07-06 09:03:00,314.31714348
2018-07-06 09:04:00,314.31714348
2018-07-06 09:05:00,314.31714348
2018-07-06 09:06:00,333.086649055
2018-07-06 09:07:00,314.31714348
2018-07-06 09:08:00,314.31714348
2018-07-06 09:09:00,314.31714348
2018-07-06 09:10:00,314.31714348
2018-07-06 09:11:00,314.31714348
2018-07-06 09:12:00,314.31714348
2018-07-06 09:13:00,314.31714348
2018-07-06 09:14:00,314.31714348
2018-07-06 09:15:00,314.31714348
2018-07-06 09:16:00,314.31714348
2018-07-06 09:17:00,304.932390692
2018-07-06 09:18:00,314.31714348
2018-07-06 09:19:00,314.31714348
2018-07-06 09:20:00,314.31714348
2018-07-06 09:21:00,314.31714348
2018-07-06 09:22:00,314.31714348
2018-07-06 09:23:00,314.31714348
2018-07-06 09:24:00,314.31714348
2018-07-06 09:25:00,314.31714348
2018-07-06 09:26:00,323.701896267
2018-07-06 09:27:00,314.31714348
2018-07-06 09:28:00,314.31714348
2018-07-06 09:29:00,314.31714348
2018-07-06 09:30:00,314.31714348
2018-07-06 09:31:00,314.31714348
2018-07-06 09:32:00,314.31714348
2018-07-06 09:33:00,314.31714348
2018-07-06 09:34:00,314.31714348
2018-07-06 09:35:00,314.31714348
2018-07-06 09:36:00,314.31714348
2018-07-06 09:37:00,314.31714348
2018-07-06 09:38:00,314.31714348
2018-07-06 09:39:00,314.31714348
2018-07-06 09:40:00,314.31714348
2018-07-06 09:41:00,314.31714348
2018-07-06 09:42:00,314.31714348
2018-07-06 09:43:00,314.31714348
2018-07-06 09:44:00,314.31714348
2018-07-06 09:45:00,314.31714348
2018-07-06 09:46:00,314.31714348
2018-07-06 09:47:00,314.31714348
2018-07-06 09:48:00,314.31714348
2018-07-06 09:49:00,314.31714348
2018-07-06 09:50:00,314.31714348
2018-07-06 09:51:00,314.31714348
2018-07-06 09:52:00,314.31714348
2018-07-06 09:53:00,314.31714348
2018-07-06 09:54:00,314.31714348
2018-07-06 09:55:00,314.31714348
2018-07-06 09:56:00,314.31714348
2018-07-06 09:57:00,314.31714348
2018-07-06 09:58:00,314.31714348
2018-07-06 09:59:00,314.31714348
2018-07-06 10:00:00,314.31714348
2018-07-06 10:01:00,314.31714348
2018-07-06 10:02:00,314.31714348
2018-07-06 10:03:00,314.31714348
2018-07-06 10:04:00,314.31714348
2018-07-06 10:05:00,314.31714348
2018-07-06 10:06:00,314.31714348
2018-07-06 10:07:00,314.31714348
2018-07-06 10:08:00,304.932390692
2018-07-06 10:09:00,286.162885117
2018-07-06 10:10:00,276.77813233
2018-07-06 10:11:00,276.77813233
2018-07-06 10:12:00,276.77813233
2018-07-06 10:13:00,276.77813233
2018-07-06 10:14:00,276.77813233
2018-07-06 10:15:00,276.77813233
2018-07-06 10:16:00,276.77813233
2018-07-06 10:17:00,258.008626755
2018-07-06 10:18:00,258.008626755
2018-07-06 10:19:00,258.008626755
2018-07-06 10:20:00,258.008626755
2018-07-06 10:21:00,258.008626755
2018-07-06 10:22:00,258.008626755
2018-07-06 10:23:00,258.008626755
2018-07-06 10:24:00,276.77813233
2018-07-06 10:25:00,267.393379542
2018-07-06 10:26:00,258.008626755
2018-07-06 10:27:00,258.008626755
2018-07-06 10:28:00,258.008626755
2018-07-06 10:29:00,258.008626755
2018-07-06 10:30:00,258.008626755
2018-07-06 10:31:00,258.008626755
2018-07-06 10:32:00,248.623873967
2018-07-06 10:33:00,239.23912118
2018-07-06 10:34:00,239.23912118
2018-07-06 10:35:00,248.623873967
2018-07-06 10:36:00,248.623873967
2018-07-06 10:37:00,248.623873967
2018-07-06 10:38:00,239.23912118
2018-07-06 10:39:00,239.23912118
2018-07-06 10:40:00,239.23912118
2018-07-06 10:41:00,248.623873967
2018-07-06 10:42:00,248.623873967
2018-07-06 10:43:00,248.623873967
2018-07-06 10:44:00,248.623873967
2018-07-06 10:45:00,248.623873967
2018-07-06 10:46:00,248.623873967
2018-07-06 10:47:00,248.623873967
2018-07-06 10:48:00,248.623873967
2018-07-06 10:49:00,248.623873967
2018-07-06 10:50:00,276.77813233
2018-07-06 10:51:00,276.77813233
2018-07-06 10:52:00,276.77813233
2018-07-06 10:53:00,276.77813233
2018-07-06 10:54:00,276.77813233
2018-07-06 10:55:00,276.77813233
2018-07-06 10:56:00,276.77813233
2018-07-06 10:57:00,276.77813233
2018-07-06 10:58:00,276.77813233
2018-07-06 10:59:00,276.77813233
2018-07-06 11:00:00,286.162885117
2018-07-06 11:01:00,286.162885117
2018-07-06 11:02:00,286.162885117
2018-07-06 11:03:00,286.162885117
2018-07-06 11:04:00,286.162885117
2018-07-06 11:05:00,286.162885117
2018-07-06 11:06:00,286.162885117
2018-07-06 11:07:00,286.162885117
2018-07-06 11:08:00,286.162885117
2018-07-06 11:09:00,286.162885117
2018-07-06 11:10:00,286.162885117
2018-07-06 11:11:00,286.162885117
2018-07-06 11:12:00,286.162885117
2018-07-06 11:13:00,286.162885117
2018-07-06 11:14:00,286.162885117
2018-07-06 11:15:00,276.77813233
2018-07-06 11:16:00,276.77813233
2018-07-06 11:17:00,276.77813233
2018-07-06 11:18:00,276.77813233
2018-07-06 11:19:00,276.77813233
2018-07-06 11:20:00,276.77813233
2018-07-06 11:21:00,276.77813233
2018-07-06 11:22:00,276.77813233
2018-07-06 11:23:00,276.77813233
2018-07-06 11:24:00,276.77813233
2018-07-06 11:25:00,276.77813233
2018-07-06 11:26:00,276.77813233
2018-07-06 11:27:00,276.77813233
2018-07-06 11:28:00,229.854368392
2018-07-06 11:29:00,229.854368392
2018-07-06 11:30:00,229.854368392
2018-07-06 11:31:00,248.623873967
2018-07-06 11:32:00,239.23912118
2018-07-06 11:33:00,211.084862817
2018-07-06 11:34:00,211.084862817
2018-07-06 11:35:00,211.084862817
2018-07-06 11:36:00,211.084862817
2018-07-06 11:37:00,276.77813233
2018-07-06 11:38:00,276.77813233
2018-07-06 11:39:00,286.162885117
2018-07-06 11:40:00,286.162885117
2018-07-06 11:41:00,286.162885117
2018-07-06 11:42:00,286.162885117
2018-07-06 11:43:00,286.162885117
2018-07-06 11:44:00,286.162885117
2018-07-06 11:45:00,286.162885117
2018-07-06 11:46:00,286.162885117
2018-07-06 11:47:00,286.162885117
2018-07-06 11:48:00,276.77813233
2018-07-06 11:49:00,276.77813233
2018-07-06 11:50:00,276.77813233
2018-07-06 11:51:00,276.77813233
2018-07-06 11:52:00,276.77813233
2018-07-06 11:53:00,276.77813233
2018-07-06 11:54:00,276.77813233
2018-07-06 11:55:00,276.77813233
2018-07-06 11:56:00,276.77813233
2018-07-06 11:57:00,267.393379542
2018-07-06 11:58:00,258.008626755
2018-07-06 11:59:00,276.77813233
2018-07-09 01:30:00,293.349639447
2018-07-09 01:31:00,293.349639447
2018-07-09 01:32:00,293.349639447
2018-07-09 01:33:00,293.349639447
2018-07-09 01:34:00,301.635640859
2018-07-09 01:35:00,301.635640859
2018-07-09 01:36:00,309.921642272
2018-07-09 01:37:00,309.921642272
2018-07-09 01:38:00,309.921642272
2018-07-09 01:39:00,301.635640859
2018-07-09 01:40:00,301.635640859
2018-07-09 01:41:00,301.635640859
2018-07-09 01:42:00,301.635640859
2018-07-09 01:43:00,301.635640859
2018-07-09 01:44:00,293.349639447
2018-07-09 01:45:00,293.349639447
2018-07-09 01:46:00,293.349639447
2018-07-09 01:47:00,293.349639447
2018-07-09 01:48:00,293.349639447
2018-07-09 01:49:00,285.063638034
2018-07-09 01:50:00,285.063638034
2018-07-09 01:51:00,285.063638034
2018-07-09 01:52:00,285.063638034
2018-07-09 01:53:00,285.063638034
2018-07-09 01:54:00,285.063638034
2018-07-09 01:55:00,285.063638034
2018-07-09 01:56:00,285.063638034
2018-07-09 01:57:00,285.063638034
2018-07-09 01:58:00,285.063638034
2018-07-09 01:59:00,285.063638034
2018-07-09 02:00:00,268.491635209
2018-07-09 02:01:00,235.347629559
2018-07-09 02:02:00,243.633630972
2018-07-09 02:03:00,251.919632384
2018-07-09 02:04:00,243.633630972
2018-07-09 02:05:00,251.919632384
2018-07-09 02:06:00,260.205633797
2018-07-09 02:07:00,243.633630972
2018-07-09 02:08:00,243.633630972
2018-07-09 02:09:00,243.633630972
2018-07-09 02:10:00,243.633630972
2018-07-09 02:11:00,251.919632384
2018-07-09 02:12:00,251.919632384
2018-07-09 02:13:00,260.205633797
2018-07-09 02:14:00,260.205633797
2018-07-09 02:15:00,268.491635209
2018-07-09 02:16:00,276.777636622
2018-07-09 02:17:00,268.491635209
2018-07-09 02:18:00,268.491635209
2018-07-09 02:19:00,260.205633797
2018-07-09 02:20:00,260.205633797
2018-07-09 02:21:00,260.205633797
2018-07-09 02:22:00,260.205633797
2018-07-09 02:23:00,260.205633797
2018-07-09 02:24:00,260.205633797
2018-07-09 02:25:00,260.205633797
2018-07-09 02:26:00,260.205633797
2018-07-09 02:27:00,260.205633797
2018-07-09 02:28:00,260.205633797
2018-07-09 02:29:00,260.205633797
2018-07-09 02:30:00,260.205633797
2018-07-09 02:31:00,227.061628147
2018-07-09 02:32:00,218.775626734
2018-07-09 02:33:00,218.775626734
2018-07-09 02:34:00,218.775626734
2018-07-09 02:35:00,210.489625322
2018-07-09 02:36:00,210.489625322
2018-07-09 02:37:00,210.489625322
2018-07-09 02:38:00,210.489625322
2018-07-09 02:39:00,210.489625322
2018-07-09 02:40:00,210.489625322
2018-07-09 02:41:00,210.489625322
2018-07-09 02:42:00,218.775626734
2018-07-09 02:43:00,210.489625322
2018-07-09 02:44:00,210.489625322
2018-07-09 02:45:00,193.917622497
2018-07-09 02:46:00,193.917622497
2018-07-09 02:47:00,202.203623909
2018-07-09 02:48:00,202.203623909
2018-07-09 02:49:00,202.203623909
2018-07-09 02:50:00,202.203623909
2018-07-09 02:51:00,202.203623909
2018-07-09 02:52:00,202.203623909
2018-07-09 02:53:00,202.203623909
2018-07-09 02:54:00,202.203623909
2018-07-09 02:55:00,202.203623909
2018-07-09 02:56:00,202.203623909
2018-07-09 02:57:00,202.203623909
2018-07-09 02:58:00,210.489625322
2018-07-09 02:59:00,210.489625322
2018-07-09 03:00:00,210.489625322
2018-07-09 03:01:00,210.489625322
2018-07-09 03:02:00,202.203623909
2018-07-09 03:03:00,202.203623909
2018-07-09 03:04:00,202.203623909
2018-07-09 03:05:00,202.203623909
2018-07-09 03:06:00,202.203623909
2018-07-09 03:07:00,185.631621084
2018-07-09 03:08:00,177.345619672
2018-07-09 03:09:00,177.345619672
2018-07-09 03:10:00,185.631621084
2018-07-09 03:11:00,185.631621084
2018-07-09 03:12:00,185.631621084
2018-07-09 03:13:00,193.917622497
2018-07-09 03:14:00,193.917622497
2018-07-09 03:15:00,193.917622497
2018-07-09 03:16:00,185.631621084
2018-07-09 03:17:00,185.631621084
2018-07-09 03:18:00,193.917622497
2018-07-09 03:19:00,185.631621084
2018-07-09 03:20:00,185.631621084
2018-07-09 03:21:00,185.631621084
2018-07-09 03:22:00,185.631621084
2018-07-09 03:23:00,177.345619672
2018-07-09 03:24:00,177.345619672
2018-07-09 03:25:00,177.345619672
2018-07-09 03:26:00,177.345619672
2018-07-09 03:27:00,160.773616847
2018-07-09 03:28:00,160.773616847
2018-07-09 03:29:00,169.059618259
2018-07-09 03:30:00,169.059618259
2018-07-09 03:31:00,169.059618259
2018-07-09 03:32:00,169.059618259
2018-07-09 03:33:00,169.059618259
2018-07-09 03:34:00,177.345619672
2018-07-09 03:35:00,169.059618259
2018-07-09 03:36:00,177.345619672
2018-07-09 03:37:00,160.773616847
2018-07-09 03:38:00,152.487615434
2018-07-09 03:39:00,160.773616847
2018-07-09 03:40:00,144.201614022
2018-07-09 03:41:00,135.915612609
2018-07-09 03:42:00,144.201614022
2018-07-09 03:43:00,152.487615434
2018-07-09 03:44:00,152.487615434
2018-07-09 03:45:00,144.201614022
2018-07-09 03:46:00,152.487615434
2018-07-09 03:47:00,127.629611197
2018-07-09 03:48:00,135.915612609
2018-07-09 03:49:00,144.201614022
2018-07-09 03:50:00,144.201614022
2018-07-09 03:51:00,127.629611197
2018-07-09 03:52:00,127.629611197
2018-07-09 03:53:00,144.201614022
2018-07-09 03:54:00,144.201614022
2018-07-09 03:55:00,144.201614022
2018-07-09 03:56:00,144.201614022
2018-07-09 03:57:00,144.201614022
2018-07-09 03:58:00,144.201614022
2018-07-09 03:59:00,152.487615434
2018-07-09 04:00:00,144.201614022
2018-07-09 04:01:00,144.201614022
2018-07-09 04:02:00,144.201614022
2018-07-09 04:03:00,144.201614022
2018-07-09 04:04:00,144.201614022
2018-07-09 04:05:00,144.201614022
2018-07-09 04:06:00,144.201614022
2018-07-09 04:07:00,144.201614022
2018-07-09 04:08:00,144.201614022
2018-07-09 04:09:00,144.201614022
2018-07-09 04:10:00,144.201614022
2018-07-09 04:11:00,144.201614022
2018-07-09 04:12:00,144.201614022
2018-07-09 04:13:00,144.201614022
2018-07-09 04:14:00,144.201614022
2018-07-09 04:15:00,144.201614022
2018-07-09 04:16:00,144.201614022
2018-07-09 04:17:00,144.201614022
2018-07-09 04:18:00,169.059618259
2018-07-09 04:19:00,169.059618259
2018-07-09 04:20:00,160.773616847
2018-07-09 04:21:00,160.773616847
2018-07-09 04:22:00,160.773616847
2018-07-09 04:23:00,160.773616847
2018-07-09 04:24:00,160.773616847
2018-07-09 04:25:00,160.773616847
2018-07-09 04:26:00,160.773616847
2018-07-09 04:27:00,160.773616847
2018-07-09 04:28:00,160.773616847
2018-07-09 04:29:00,160.773616847
2018-07-09 04:30:00,152.487615434
2018-07-09 04:31:00,152.487615434
2018-07-09 04:32:00,152.487615434
2018-07-09 04:33:00,169.059618259
2018-07-09 04:34:00,160.773616847
2018-07-09 04:35:00,160.773616847
2018-07-09 04:36:00,169.059618259
2018-07-09 04:37:00,169.059618259
2018-07-09 04:38:00,169.059618259
2018-07-09 04:39:00,169.059618259
2018-07-09 04:40:00,169.059618259
2018-07-09 04:41:00,169.059618259
2018-07-09 04:42:00,169.059618259
2018-07-09 04:43:00,160.773616847
2018-07-09 04:44:00,169.059618259
2018-07-09 04:45:00,169.059618259
2018-07-09 04:46:00,144.201614022
2018-07-09 04:47:00,144.201614022
2018-07-09 04:48:00,144.201614022
2018-07-09 04:49:00,144.201614022
2018-07-09 04:50:00,144.201614022
2018-07-09 04:51:00,144.201614022
2018-07-09 04:52:00,144.201614022
2018-07-09 04:53:00,144.201614022
2018-07-09 04:54:00,152.487615434
2018-07-09 04:55:00,169.059618259
2018-07-09 04:56:00,169.059618259
2018-07-09 04:57:00,169.059618259
2018-07-09 04:58:00,169.059618259
2018-07-09 04:59:00,169.059618259
2018-07-09 05:00:00,169.059618259
2018-07-09 05:01:00,169.059618259
2018-07-09 05:02:00,169.059618259
2018-07-09 05:03:00,169.059618259
2018-07-09 05:04:00,169.059618259
2018-07-09 05:05:00,169.059618259
2018-07-09 05:06:00,160.773616847
2018-07-09 05:07:00,160.773616847
2018-07-09 05:08:00,160.773616847
2018-07-09 05:09:00,160.773616847
2018-07-09 05:10:00,160.773616847
2018-07-09 05:11:00,135.915612609
2018-07-09 05:12:00,135.915612609
2018-07-09 05:13:00,135.915612609
2018-07-09 05:14:00,135.915612609
2018-07-09 05:15:00,135.915612609
2018-07-09 05:16:00,135.915612609
2018-07-09 05:17:00,135.915612609
2018-07-09 05:18:00,144.201614022
2018-07-09 05:19:00,144.201614022
2018-07-09 05:20:00,144.201614022
2018-07-09 05:21:00,144.201614022
2018-07-09 05:22:00,144.201614022
2018-07-09 05:23:00,144.201614022
2018-07-09 05:24:00,144.201614022
2018-07-09 05:25:00,144.201614022
2018-07-09 05:26:00,144.201614022
2018-07-09 05:27:00,144.201614022
2018-07-09 05:28:00,144.201614022
2018-07-09 05:29:00,144.201614022
2018-07-09 05:30:00,144.201614022
2018-07-09 05:31:00,144.201614022
2018-07-09 05:32:00,144.201614022
2018-07-09 05:33:00,144.201614022
2018-07-09 05:34:00,144.201614022
2018-07-09 05:35:00,144.201614022
2018-07-09 05:36:00,144.201614022
2018-07-09 05:37:00,144.201614022
2018-07-09 05:38:00,144.201614022
2018-07-09 05:39:00,144.201614022
2018-07-09 05:40:00,144.201614022
2018-07-09 05:41:00,144.201614022
2018-07-09 05:42:00,144.201614022
2018-07-09 05:43:00,144.201614022
2018-07-09 05:44:00,144.201614022
2018-07-09 05:45:00,144.201614022
2018-07-09 05:46:00,144.201614022
2018-07-09 05:47:00,144.201614022
2018-07-09 05:48:00,144.201614022
2018-07-09 05:49:00,144.201614022
2018-07-09 05:50:00,144.201614022
2018-07-09 05:51:00,144.201614022
2018-07-09 05:52:00,160.773616847
2018-07-09 05:53:00,160.773616847
2018-07-09 05:54:00,169.059618259
2018-07-09 05:55:00,160.773616847
2018-07-09 05:56:00,169.059618259
2018-07-09 05:57:00,169.059618259
2018-07-09 05:58:00,169.059618259
2018-07-09 05:59:00,177.345619672
2018-07-09 06:00:00,177.345619672
2018-07-09 06:01:00,169.059618259
2018-07-09 06:02:00,177.345619672
2018-07-09 06:03:00,169.059618259
2018-07-09 06:04:00,177.345619672
2018-07-09 06:05:00,177.345619672
2018-07-09 06:06:00,177.345619672
2018-07-09 06:07:00,177.345619672
2018-07-09 06:08:00,177.345619672
2018-07-09 06:09:00,169.059618259
2018-07-09 06:10:00,177.345619672
2018-07-09 06:11:00,169.059618259
2018-07-09 06:12:00,169.059618259
2018-07-09 06:13:00,160.773616847
2018-07-09 06:14:00,160.773616847
2018-07-09 06:15:00,160.773616847
2018-07-09 06:16:00,160.773616847
2018-07-09 06:17:00,160.773616847
2018-07-09 06:18:00,160.773616847
2018-07-09 06:19:00,160.773616847
2018-07-09 06:20:00,160.773616847
2018-07-09 06:21:00,160.773616847
2018-07-09 06:22:00,160.773616847
2018-07-09 06:23:00,160.773616847
2018-07-09 06:24:00,160.773616847
2018-07-09 06:25:00,160.773616847
2018-07-09 06:26:00,160.773616847
2018-07-09 06:27:00,160.773616847
2018-07-09 06:28:00,160.773616847
2018-07-09 06:29:00,160.773616847
2018-07-09 06:30:00,160.773616847
2018-07-09 06:31:00,160.773616847
2018-07-09 06:32:00,160.773616847
2018-07-09 06:33:00,160.773616847
2018-07-09 06:34:00,160.773616847
2018-07-09 06:35:00,160.773616847
2018-07-09 06:36:00,160.773616847
2018-07-09 06:37:00,160.773616847
2018-07-09 06:38:00,160.773616847
2018-07-09 06:39:00,160.773616847
2018-07-09 06:40:00,160.773616847
2018-07-09 06:41:00,160.773616847
2018-07-09 06:42:00,160.773616847
2018-07-09 06:43:00,160.773616847
2018-07-09 06:44:00,160.773616847
2018-07-09 06:45:00,160.773616847
2018-07-09 06:46:00,160.773616847
2018-07-09 06:47:00,160.773616847
2018-07-09 06:48:00,160.773616847
2018-07-09 06:49:00,160.773616847
2018-07-09 06:50:00,160.773616847
2018-07-09 06:51:00,160.773616847
2018-07-09 06:52:00,144.201614022
2018-07-09 06:53:00,152.487615434
2018-07-09 06:54:00,169.059618259
2018-07-09 06:55:00,169.059618259
2018-07-09 06:56:00,160.773616847
2018-07-09 06:57:00,160.773616847
2018-07-09 06:58:00,160.773616847
2018-07-09 06:59:00,160.773616847
2018-07-09 07:00:00,160.773616847
2018-07-09 07:01:00,160.773616847
2018-07-09 07:02:00,160.773616847
2018-07-09 07:03:00,160.773616847
2018-07-09 07:04:00,160.773616847
2018-07-09 07:05:00,160.773616847
2018-07-09 07:06:00,177.345619672
2018-07-09 07:07:00,160.773616847
2018-07-09 07:08:00,160.773616847
2018-07-09 07:09:00,144.201614022
2018-07-09 07:10:00,144.201614022
2018-07-09 07:11:00,144.201614022
2018-07-09 07:12:00,144.201614022
2018-07-09 07:13:00,144.201614022
2018-07-09 07:14:00,135.915612609
2018-07-09 07:15:00,135.915612609
2018-07-09 07:16:00,144.201614022
2018-07-09 07:17:00,135.915612609
2018-07-09 07:18:00,144.201614022
2018-07-09 07:19:00,144.201614022
2018-07-09 07:20:00,152.487615434
2018-07-09 07:21:00,144.201614022
2018-07-09 07:22:00,144.201614022
2018-07-09 07:23:00,144.201614022
2018-07-09 07:24:00,135.915612609
2018-07-09 07:25:00,135.915612609
2018-07-09 07:26:00,144.201614022
2018-07-09 07:27:00,144.201614022
2018-07-09 07:28:00,144.201614022
2018-07-09 07:29:00,152.487615434
2018-07-09 07:30:00,169.059618259
2018-07-09 07:31:00,169.059618259
2018-07-09 07:32:00,169.059618259
2018-07-09 07:33:00,169.059618259
2018-07-09 07:34:00,169.059618259
2018-07-09 07:35:00,169.059618259
2018-07-09 07:36:00,169.059618259
2018-07-09 07:37:00,169.059618259
2018-07-09 07:38:00,177.345619672
2018-07-09 07:39:00,177.345619672
2018-07-09 07:40:00,169.059618259
2018-07-09 07:41:00,185.631621084
2018-07-09 07:42:00,193.917622497
2018-07-09 07:43:00,193.917622497
2018-07-09 07:44:00,193.917622497
2018-07-09 07:45:00,193.917622497
2018-07-09 07:46:00,177.345619672
2018-07-09 07:47:00,169.059618259
2018-07-09 07:48:00,169.059618259
2018-07-09 07:49:00,169.059618259
2018-07-09 07:50:00,177.345619672
2018-07-09 07:51:00,169.059618259
2018-07-09 07:52:00,169.059618259
2018-07-09 07:53:00,169.059618259
2018-07-09 07:54:00,177.345619672
2018-07-09 07:55:00,177.345619672
2018-07-09 07:56:00,177.345619672
2018-07-09 07:57:00,177.345619672
2018-07-09 07:58:00,177.345619672
2018-07-09 07:59:00,177.345619672
2018-07-09 08:00:00,177.345619672
2018-07-09 08:01:00,177.345619672
2018-07-09 08:02:00,169.059618259
2018-07-09 08:03:00,160.773616847
2018-07-09 08:04:00,160.773616847
2018-07-09 08:05:00,169.059618259
2018-07-09 08:06:00,169.059618259
2018-07-09 08:07:00,169.059618259
2018-07-09 08:08:00,169.059618259
2018-07-09 08:09:00,177.345619672
2018-07-09 08:10:00,169.059618259
2018-07-09 08:11:00,160.773616847
2018-07-09 08:12:00,152.487615434
2018-07-09 08:13:00,152.487615434
2018-07-09 08:14:00,152.487615434
2018-07-09 08:15:00,152.487615434
2018-07-09 08:16:00,152.487615434
2018-07-09 08:17:00,152.487615434
2018-07-09 08:18:00,152.487615434
2018-07-09 08:19:00,152.487615434
2018-07-09 08:20:00,152.487615434
2018-07-09 08:21:00,152.487615434
2018-07-09 08:22:00,152.487615434
2018-07-09 08:23:00,144.201614022
2018-07-09 08:24:00,152.487615434
2018-07-09 08:25:00,152.487615434
2018-07-09 08:26:00,152.487615434
2018-07-09 08:27:00,135.915612609
2018-07-09 08:28:00,144.201614022
2018-07-09 08:29:00,135.915612609
2018-07-09 08:30:00,144.201614022
2018-07-09 08:31:00,144.201614022
2018-07-09 08:32:00,127.629611197
2018-07-09 08:33:00,127.629611197
2018-07-09 08:34:00,127.629611197
2018-07-09 08:35:00,127.629611197
2018-07-09 08:36:00,111.057608372
2018-07-09 08:37:00,111.057608372
2018-07-09 08:38:00,111.057608372
2018-07-09 08:39:00,111.057608372
2018-07-09 08:40:00,102.771606959
2018-07-09 08:41:00,111.057608372
2018-07-09 08:42:00,111.057608372
2018-07-09 08:43:00,119.343609784
2018-07-09 08:44:00,135.915612609
2018-07-09 08:45:00,135.915612609
2018-07-09 08:46:00,135.915612609
2018-07-09 08:47:00,127.629611197
2018-07-09 08:48:00,127.629611197
2018-07-09 08:49:00,127.629611197
2018-07-09 08:50:00,135.915612609
2018-07-09 08:51:00,127.629611197
2018-07-09 08:52:00,127.629611197
2018-07-09 08:53:00,127.629611197
2018-07-09 08:54:00,127.629611197
2018-07-09 08:55:00,127.629611197
2018-07-09 08:56:00,127.629611197
2018-07-09 08:57:00,127.629611197
2018-07-09 08:58:00,127.629611197
2018-07-09 08:59:00,135.915612609
2018-07-09 09:00:00,185.631621084
2018-07-09 09:01:00,160.773616847
2018-07-09 09:02:00,160.773616847
2018-07-09 09:03:00,160.773616847
2018-07-09 09:04:00,185.631621084
2018-07-09 09:05:00,193.917622497
2018-07-09 09:06:00,218.775626734
2018-07-09 09:07:00,235.347629559
2018-07-09 09:08:00,293.349639447
2018-07-09 09:09:00,285.063638034
2018-07-09 09:10:00,276.777636622
2018-07-09 09:11:00,276.777636622
2018-07-09 09:12:00,293.349639447
2018-07-09 09:13:00,276.777636622
2018-07-09 09:14:00,285.063638034
2018-07-09 09:15:00,285.063638034
2018-07-09 09:16:00,285.063638034
2018-07-09 09:17:00,285.063638034
2018-07-09 09:18:00,293.349639447
2018-07-09 09:19:00,285.063638034
2018-07-09 09:20:00,293.349639447
2018-07-09 09:21:00,293.349639447
2018-07-09 09:22:00,293.349639447
2018-07-09 09:23:00,293.349639447
2018-07-09 09:24:00,293.349639447
2018-07-09 09:25:00,293.349639447
2018-07-09 09:26:00,285.063638034
2018-07-09 09:27:00,318.207643684
2018-07-09 09:28:00,318.207643684
2018-07-09 09:29:00,318.207643684
2018-07-09 09:30:00,334.779646509
2018-07-09 09:31:00,334.779646509
2018-07-09 09:32:00,359.637650747
2018-07-09 09:33:00,343.065647922
2018-07-09 09:34:00,359.637650747
2018-07-09 09:35:00,351.351649334
2018-07-09 09:36:00,343.065647922
2018-07-09 09:37:00,343.065647922
2018-07-09 09:38:00,309.921642272
2018-07-09 09:39:00,318.207643684
2018-07-09 09:40:00,318.207643684
2018-07-09 09:41:00,293.349639447
2018-07-09 09:42:00,293.349639447
2018-07-09 09:43:00,309.921642272
2018-07-09 09:44:00,309.921642272
2018-07-09 09:45:00,309.921642272
2018-07-09 09:46:00,309.921642272
2018-07-09 09:47:00,318.207643684
2018-07-09 09:48:00,318.207643684
2018-07-09 09:49:00,293.349639447
2018-07-09 09:50:00,293.349639447
2018-07-09 09:51:00,301.635640859
2018-07-09 09:52:00,293.349639447
2018-07-09 09:53:00,309.921642272
2018-07-09 09:54:00,309.921642272
2018-07-09 09:55:00,309.921642272
2018-07-09 09:56:00,293.349639447
2018-07-09 09:57:00,293.349639447
2018-07-09 09:58:00,293.349639447
2018-07-09 09:59:00,301.635640859
2018-07-09 10:00:00,309.921642272
2018-07-09 10:01:00,309.921642272
2018-07-09 10:02:00,309.921642272
2018-07-09 10:03:00,309.921642272
2018-07-09 10:04:00,309.921642272
2018-07-09 10:05:00,309.921642272
2018-07-09 10:06:00,309.921642272
2018-07-09 10:07:00,326.493645097
2018-07-09 10:08:00,326.493645097
2018-07-09 10:09:00,318.207643684
2018-07-09 10:10:00,318.207643684
2018-07-09 10:11:00,309.921642272
2018-07-09 10:12:00,301.635640859
2018-07-09 10:13:00,309.921642272
2018-07-09 10:14:00,318.207643684
2018-07-09 10:15:00,309.921642272
2018-07-09 10:16:00,309.921642272
2018-07-09 10:17:00,309.921642272
2018-07-09 10:18:00,309.921642272
2018-07-09 10:19:00,301.635640859
2018-07-09 10:20:00,301.635640859
2018-07-09 10:21:00,309.921642272
2018-07-09 10:22:00,309.921642272
2018-07-09 10:23:00,309.921642272
2018-07-09 10:24:00,334.779646509
2018-07-09 10:25:00,334.779646509
2018-07-09 10:26:00,334.779646509
2018-07-09 10:27:00,334.779646509
2018-07-09 10:28:00,318.207643684
2018-07-09 10:29:00,318.207643684
2018-07-09 10:30:00,318.207643684
2018-07-09 10:31:00,318.207643684
2018-07-09 10:32:00,301.635640859
2018-07-09 10:33:00,301.635640859
2018-07-09 10:34:00,301.635640859
2018-07-09 10:35:00,301.635640859
2018-07-09 10:36:00,309.921642272
2018-07-09 10:37:00,301.635640859
2018-07-09 10:38:00,309.921642272
2018-07-09 10:39:00,309.921642272
2018-07-09 10:40:00,309.921642272
2018-07-09 10:41:00,309.921642272
2018-07-09 10:42:00,309.921642272
2018-07-09 10:43:00,309.921642272
2018-07-09 10:44:00,334.779646509
2018-07-09 10:45:00,334.779646509
2018-07-09 10:46:00,334.779646509
2018-07-09 10:47:00,334.779646509
2018-07-09 10:48:00,367.923652159
2018-07-09 10:49:00,384.495654984
2018-07-09 10:50:00,367.923652159
2018-07-09 10:51:00,367.923652159
2018-07-09 10:52:00,367.923652159
2018-07-09 10:53:00,367.923652159
2018-07-09 10:54:00,384.495654984
2018-07-09 10:55:00,384.495654984
2018-07-09 10:56:00,384.495654984
2018-07-09 10:57:00,384.495654984
2018-07-09 10:58:00,409.353659222
2018-07-09 10:59:00,417.639660634
2018-07-09 11:00:00,409.353659222
2018-07-09 11:01:00,425.925662047
2018-07-09 11:02:00,425.925662047
2018-07-09 11:03:00,425.925662047
2018-07-09 11:04:00,425.925662047
2018-07-09 11:05:00,425.925662047
2018-07-09 11:06:00,425.925662047
2018-07-09 11:07:00,425.925662047
2018-07-09 11:08:00,442.497664872
2018-07-09 11:09:00,442.497664872
2018-07-09 11:10:00,442.497664872
2018-07-09 11:11:00,425.925662047
2018-07-09 11:12:00,425.925662047
2018-07-09 11:13:00,425.925662047
2018-07-09 11:14:00,425.925662047
2018-07-09 11:15:00,425.925662047
2018-07-09 11:16:00,417.639660634
2018-07-09 11:17:00,417.639660634
2018-07-09 11:18:00,425.925662047
2018-07-09 11:19:00,409.353659222
2018-07-09 11:20:00,409.353659222
2018-07-09 11:21:00,409.353659222
2018-07-09 11:22:00,417.639660634
2018-07-09 11:23:00,425.925662047
2018-07-09 11:24:00,425.925662047
2018-07-09 11:25:00,425.925662047
2018-07-09 11:26:00,425.925662047
2018-07-09 11:27:00,425.925662047
2018-07-09 11:28:00,417.639660634
2018-07-09 11:29:00,417.639660634
2018-07-09 11:30:00,409.353659222
2018-07-09 11:31:00,409.353659222
2018-07-09 11:32:00,409.353659222
2018-07-09 11:33:00,409.353659222
2018-07-09 11:34:00,409.353659222
2018-07-09 11:35:00,409.353659222
2018-07-09 11:36:00,367.923652159
2018-07-09 11:37:00,359.637650747
2018-07-09 11:38:00,359.637650747
2018-07-09 11:39:00,359.637650747
2018-07-09 11:40:00,359.637650747
2018-07-09 11:41:00,359.637650747
2018-07-09 11:42:00,359.637650747
2018-07-09 11:43:00,359.637650747
2018-07-09 11:44:00,359.637650747
2018-07-09 11:45:00,359.637650747
2018-07-09 11:46:00,359.637650747
2018-07-09 11:47:00,359.637650747
2018-07-09 11:48:00,359.637650747
2018-07-09 11:49:00,359.637650747
2018-07-09 11:50:00,359.637650747
2018-07-09 11:51:00,359.637650747
2018-07-09 11:52:00,359.637650747
2018-07-09 11:53:00,359.637650747
2018-07-09 11:54:00,359.637650747
2018-07-09 11:55:00,359.637650747
2018-07-09 11:56:00,359.637650747
2018-07-09 11:57:00,359.637650747
2018-07-09 11:58:00,359.637650747
2018-07-09 11:59:00,359.637650747
2018-07-10 01:29:00,359.637650747
2018-07-10 01:30:00,343.065647922
2018-07-10 01:31:00,326.493645097
2018-07-10 01:32:00,318.207643684
2018-07-10 01:33:00,318.207643684
2018-07-10 01:34:00,318.207643684
2018-07-10 01:35:00,309.921642272
2018-07-10 01:36:00,309.921642272
2018-07-10 01:37:00,309.921642272
2018-07-10 01:38:00,301.635640859
2018-07-10 01:39:00,301.635640859
2018-07-10 01:40:00,301.635640859
2018-07-10 01:41:00,285.063638034
2018-07-10 01:42:00,285.063638034
2018-07-10 01:43:00,276.777636622
2018-07-10 01:44:00,268.491635209
2018-07-10 01:45:00,301.635640859
2018-07-10 01:46:00,301.635640859
2018-07-10 01:47:00,301.635640859
2018-07-10 01:48:00,293.349639447
2018-07-10 01:49:00,301.635640859
2018-07-10 01:50:00,301.635640859
2018-07-10 01:51:00,301.635640859
2018-07-10 01:52:00,301.635640859
2018-07-10 01:53:00,309.921642272
2018-07-10 01:54:00,301.635640859
2018-07-10 01:55:00,301.635640859
2018-07-10 01:56:00,301.635640859
2018-07-10 01:57:00,301.635640859
2018-07-10 01:58:00,301.635640859
2018-07-10 01:59:00,301.635640859
2018-07-10 02:00:00,293.349639447
2018-07-10 02:01:00,276.777636622
2018-07-10 02:02:00,260.205633797
2018-07-10 02:03:00,260.205633797
2018-07-10 02:04:00,260.205633797
2018-07-10 02:05:00,251.919632384
2018-07-10 02:06:00,260.205633797
2018-07-10 02:07:00,260.205633797
2018-07-10 02:08:00,260.205633797
2018-07-10 02:09:00,260.205633797
2018-07-10 02:10:00,260.205633797
2018-07-10 02:11:00,260.205633797
2018-07-10 02:12:00,260.205633797
2018-07-10 02:13:00,268.491635209
2018-07-10 02:14:00,260.205633797
2018-07-10 02:15:00,268.491635209
2018-07-10 02:16:00,276.777636622
2018-07-10 02:17:00,268.491635209
2018-07-10 02:18:00,268.491635209
2018-07-10 02:19:00,268.491635209
2018-07-10 02:20:00,268.491635209
2018-07-10 02:21:00,260.205633797
2018-07-10 02:22:00,268.491635209
2018-07-10 02:23:00,268.491635209
2018-07-10 02:24:00,260.205633797
2018-07-10 02:25:00,260.205633797
2018-07-10 02:26:00,260.205633797
2018-07-10 02:27:00,260.205633797
2018-07-10 02:28:00,260.205633797
2018-07-10 02:29:00,260.205633797
2018-07-10 02:30:00,260.205633797
2018-07-10 02:31:00,260.205633797
2018-07-10 02:32:00,260.205633797
2018-07-10 02:33:00,260.205633797
2018-07-10 02:34:00,260.205633797
2018-07-10 02:35:00,260.205633797
2018-07-10 02:36:00,260.205633797
2018-07-10 02:37:00,251.919632384
2018-07-10 02:38:00,251.919632384
2018-07-10 02:39:00,260.205633797
2018-07-10 02:40:00,260.205633797
2018-07-10 02:41:00,268.491635209
2018-07-10 02:42:00,268.491635209
2018-07-10 02:43:00,268.491635209
2018-07-10 02:44:00,268.491635209
2018-07-10 02:45:00,251.919632384
2018-07-10 02:46:00,251.919632384
2018-07-10 02:47:00,251.919632384
2018-07-10 02:48:00,251.919632384
2018-07-10 02:49:00,243.633630972
2018-07-10 02:50:00,251.919632384
2018-07-10 02:51:00,251.919632384
2018-07-10 02:52:00,251.919632384
2018-07-10 02:53:00,251.919632384
2018-07-10 02:54:00,235.347629559
2018-07-10 02:55:00,202.203623909
2018-07-10 02:56:00,202.203623909
2018-07-10 02:57:00,202.203623909
2018-07-10 02:58:00,202.203623909
2018-07-10 02:59:00,202.203623909
2018-07-10 03:00:00,202.203623909
2018-07-10 03:01:00,202.203623909
2018-07-10 03:02:00,202.203623909
2018-07-10 03:03:00,202.203623909
2018-07-10 03:04:00,177.345619672
2018-07-10 03:05:00,177.345619672
2018-07-10 03:06:00,193.917622497
2018-07-10 03:07:00,177.345619672
2018-07-10 03:08:00,177.345619672
2018-07-10 03:09:00,177.345619672
2018-07-10 03:10:00,177.345619672
2018-07-10 03:11:00,177.345619672
2018-07-10 03:12:00,169.059618259
2018-07-10 03:13:00,169.059618259
2018-07-10 03:14:00,169.059618259
2018-07-10 03:15:00,177.345619672
2018-07-10 03:16:00,177.345619672
2018-07-10 03:17:00,177.345619672
2018-07-10 03:18:00,177.345619672
2018-07-10 03:19:00,177.345619672
2018-07-10 03:20:00,177.345619672
2018-07-10 03:21:00,177.345619672
2018-07-10 03:22:00,169.059618259
2018-07-10 03:23:00,102.771606959
2018-07-10 03:24:00,77.9136027218
2018-07-10 03:25:00,77.9136027218
2018-07-10 03:26:00,77.9136027218
2018-07-10 03:27:00,77.9136027218
2018-07-10 03:28:00,94.4856055468
2018-07-10 03:29:00,61.3415998968
2018-07-10 03:30:00,119.343609784
2018-07-10 03:31:00,111.057608372
2018-07-10 03:32:00,119.343609784
2018-07-10 03:33:00,111.057608372
2018-07-10 03:34:00,119.343609784
2018-07-10 03:35:00,119.343609784
2018-07-10 03:36:00,111.057608372
2018-07-10 03:37:00,111.057608372
2018-07-10 03:38:00,111.057608372
2018-07-10 03:39:00,127.629611197
2018-07-10 03:40:00,127.629611197
2018-07-10 03:41:00,127.629611197
2018-07-10 03:42:00,127.629611197
2018-07-10 03:43:00,127.629611197
2018-07-10 03:44:00,127.629611197
2018-07-10 03:45:00,135.915612609
2018-07-10 03:46:00,135.915612609
2018-07-10 03:47:00,144.201614022
2018-07-10 03:48:00,144.201614022
2018-07-10 03:49:00,135.915612609
2018-07-10 03:50:00,144.201614022
2018-07-10 03:51:00,144.201614022
2018-07-10 03:52:00,144.201614022
2018-07-10 03:53:00,144.201614022
2018-07-10 03:54:00,144.201614022
2018-07-10 03:55:00,144.201614022
2018-07-10 03:56:00,144.201614022
2018-07-10 03:57:00,152.487615434
2018-07-10 03:58:00,144.201614022
2018-07-10 03:59:00,144.201614022
2018-07-10 04:00:00,152.487615434
2018-07-10 04:01:00,152.487615434
2018-07-10 04:02:00,152.487615434
2018-07-10 04:03:00,160.773616847
2018-07-10 04:04:00,177.345619672
2018-07-10 04:05:00,160.773616847
2018-07-10 04:06:00,169.059618259
2018-07-10 04:07:00,177.345619672
2018-07-10 04:08:00,177.345619672
2018-07-10 04:09:00,177.345619672
2018-07-10 04:10:00,177.345619672
2018-07-10 04:11:00,177.345619672
2018-07-10 04:12:00,185.631621084
2018-07-10 04:13:00,193.917622497
2018-07-10 04:14:00,193.917622497
2018-07-10 04:15:00,193.917622497
2018-07-10 04:16:00,193.917622497
2018-07-10 04:17:00,193.917622497
2018-07-10 04:18:00,193.917622497
2018-07-10 04:19:00,193.917622497
2018-07-10 04:20:00,185.631621084
2018-07-10 04:21:00,185.631621084
2018-07-10 04:22:00,193.917622497
2018-07-10 04:23:00,193.917622497
2018-07-10 04:24:00,193.917622497
2018-07-10 04:25:00,177.345619672
2018-07-10 04:26:00,177.345619672
2018-07-10 04:27:00,177.345619672
2018-07-10 04:28:00,177.345619672
2018-07-10 04:29:00,177.345619672
2018-07-10 04:30:00,177.345619672
2018-07-10 04:31:00,177.345619672
2018-07-10 04:32:00,177.345619672
2018-07-10 04:33:00,177.345619672
2018-07-10 04:34:00,177.345619672
2018-07-10 04:35:00,177.345619672
2018-07-10 04:36:00,177.345619672
2018-07-10 04:37:00,177.345619672
2018-07-10 04:38:00,177.345619672
2018-07-10 04:39:00,177.345619672
2018-07-10 04:40:00,177.345619672
2018-07-10 04:41:00,177.345619672
2018-07-10 04:42:00,177.345619672
2018-07-10 04:43:00,177.345619672
2018-07-10 04:44:00,177.345619672
2018-07-10 04:45:00,177.345619672
2018-07-10 04:46:00,177.345619672
2018-07-10 04:47:00,169.059618259
2018-07-10 04:48:00,160.773616847
2018-07-10 04:49:00,169.059618259
2018-07-10 04:50:00,177.345619672
2018-07-10 04:51:00,177.345619672
2018-07-10 04:52:00,169.059618259
2018-07-10 04:53:00,160.773616847
2018-07-10 04:54:00,177.345619672
2018-07-10 04:55:00,177.345619672
2018-07-10 04:56:00,177.345619672
2018-07-10 04:57:00,177.345619672
2018-07-10 04:58:00,177.345619672
2018-07-10 04:59:00,177.345619672
2018-07-10 05:00:00,193.917622497
2018-07-10 05:01:00,193.917622497
2018-07-10 05:02:00,193.917622497
2018-07-10 05:03:00,193.917622497
2018-07-10 05:04:00,193.917622497
2018-07-10 05:05:00,193.917622497
2018-07-10 05:06:00,193.917622497
2018-07-10 05:07:00,193.917622497
2018-07-10 05:08:00,193.917622497
2018-07-10 05:09:00,193.917622497
2018-07-10 05:10:00,193.917622497
2018-07-10 05:11:00,193.917622497
2018-07-10 05:12:00,193.917622497
2018-07-10 05:13:00,193.917622497
2018-07-10 05:14:00,193.917622497
2018-07-10 05:15:00,193.917622497
2018-07-10 05:16:00,193.917622497
2018-07-10 05:17:00,202.203623909
2018-07-10 05:18:00,202.203623909
2018-07-10 05:19:00,202.203623909
2018-07-10 05:20:00,202.203623909
2018-07-10 05:21:00,193.917622497
2018-07-10 05:22:00,202.203623909
2018-07-10 05:23:00,193.917622497
2018-07-10 05:24:00,202.203623909
2018-07-10 05:25:00,202.203623909
2018-07-10 05:26:00,202.203623909
2018-07-10 05:27:00,202.203623909
2018-07-10 05:28:00,193.917622497
2018-07-10 05:29:00,193.917622497
2018-07-10 05:30:00,202.203623909
2018-07-10 05:31:00,202.203623909
2018-07-10 05:32:00,202.203623909
2018-07-10 05:33:00,202.203623909
2018-07-10 05:34:00,202.203623909
2018-07-10 05:35:00,202.203623909
2018-07-10 05:36:00,202.203623909
2018-07-10 05:37:00,202.203623909
2018-07-10 05:38:00,193.917622497
2018-07-10 05:39:00,193.917622497
2018-07-10 05:40:00,193.917622497
2018-07-10 05:41:00,193.917622497
2018-07-10 05:42:00,193.917622497
2018-07-10 05:43:00,193.917622497
2018-07-10 05:44:00,193.917622497
2018-07-10 05:45:00,193.917622497
2018-07-10 05:46:00,193.917622497
2018-07-10 05:47:00,193.917622497
2018-07-10 05:48:00,193.917622497
2018-07-10 05:49:00,193.917622497
2018-07-10 05:50:00,193.917622497
2018-07-10 05:51:00,193.917622497
2018-07-10 05:52:00,193.917622497
2018-07-10 05:53:00,193.917622497
2018-07-10 05:54:00,193.917622497
2018-07-10 05:55:00,193.917622497
2018-07-10 05:56:00,202.203623909
2018-07-10 05:57:00,202.203623909
2018-07-10 05:58:00,202.203623909
2018-07-10 05:59:00,202.203623909
2018-07-10 06:00:00,193.917622497
2018-07-10 06:01:00,193.917622497
2018-07-10 06:02:00,193.917622497
2018-07-10 06:03:00,193.917622497
2018-07-10 06:04:00,193.917622497
2018-07-10 06:05:00,193.917622497
2018-07-10 06:06:00,193.917622497
2018-07-10 06:07:00,193.917622497
2018-07-10 06:08:00,193.917622497
2018-07-10 06:09:00,193.917622497
2018-07-10 06:10:00,193.917622497
2018-07-10 06:11:00,193.917622497
2018-07-10 06:12:00,193.917622497
2018-07-10 06:13:00,193.917622497
2018-07-10 06:14:00,193.917622497
2018-07-10 06:15:00,193.917622497
2018-07-10 06:16:00,193.917622497
2018-07-10 06:17:00,193.917622497
2018-07-10 06:18:00,193.917622497
2018-07-10 06:19:00,193.917622497
2018-07-10 06:20:00,193.917622497
2018-07-10 06:21:00,193.917622497
2018-07-10 06:22:00,193.917622497
2018-07-10 06:23:00,193.917622497
2018-07-10 06:24:00,193.917622497
2018-07-10 06:25:00,193.917622497
2018-07-10 06:26:00,193.917622497
2018-07-10 06:27:00,193.917622497
2018-07-10 06:28:00,193.917622497
2018-07-10 06:29:00,193.917622497
2018-07-10 06:30:00,193.917622497
2018-07-10 06:31:00,193.917622497
2018-07-10 06:32:00,193.917622497
2018-07-10 06:33:00,193.917622497
2018-07-10 06:34:00,193.917622497
2018-07-10 06:35:00,193.917622497
2018-07-10 06:36:00,193.917622497
2018-07-10 06:37:00,193.917622497
2018-07-10 06:38:00,193.917622497
2018-07-10 06:39:00,193.917622497
2018-07-10 06:40:00,193.917622497
2018-07-10 06:41:00,193.917622497
2018-07-10 06:42:00,193.917622497
2018-07-10 06:43:00,193.917622497
2018-07-10 06:44:00,193.917622497
2018-07-10 06:45:00,193.917622497
2018-07-10 06:46:00,193.917622497
2018-07-10 06:47:00,193.917622497
2018-07-10 06:48:00,193.917622497
2018-07-10 06:49:00,193.917622497
2018-07-10 06:50:00,193.917622497
2018-07-10 06:51:00,193.917622497
2018-07-10 06:52:00,193.917622497
2018-07-10 06:53:00,193.917622497
2018-07-10 06:54:00,193.917622497
2018-07-10 06:55:00,193.917622497
2018-07-10 06:56:00,193.917622497
2018-07-10 06:57:00,193.917622497
2018-07-10 06:58:00,193.917622497
2018-07-10 06:59:00,193.917622497
2018-07-10 07:00:00,193.917622497
2018-07-10 07:01:00,193.917622497
2018-07-10 07:02:00,193.917622497
2018-07-10 07:03:00,202.203623909
2018-07-10 07:04:00,210.489625322
2018-07-10 07:05:00,210.489625322
2018-07-10 07:06:00,202.203623909
2018-07-10 07:07:00,193.917622497
2018-07-10 07:08:00,193.917622497
2018-07-10 07:09:00,193.917622497
2018-07-10 07:10:00,193.917622497
2018-07-10 07:11:00,193.917622497
2018-07-10 07:12:00,193.917622497
2018-07-10 07:13:00,193.917622497
2018-07-10 07:14:00,193.917622497
2018-07-10 07:15:00,193.917622497
2018-07-10 07:16:00,193.917622497
2018-07-10 07:17:00,193.917622497
2018-07-10 07:18:00,202.203623909
2018-07-10 07:19:00,193.917622497
2018-07-10 07:20:00,202.203623909
2018-07-10 07:21:00,193.917622497
2018-07-10 07:22:00,193.917622497
2018-07-10 07:23:00,202.203623909
2018-07-10 07:24:00,227.061628147
2018-07-10 07:25:00,227.061628147
2018-07-10 07:26:00,260.205633797
2018-07-10 07:27:00,260.205633797
2018-07-10 07:28:00,260.205633797
2018-07-10 07:29:00,260.205633797
2018-07-10 07:30:00,260.205633797
2018-07-10 07:31:00,243.633630972
2018-07-10 07:32:00,243.633630972
2018-07-10 07:33:00,243.633630972
2018-07-10 07:34:00,218.775626734
2018-07-10 07:35:00,218.775626734
2018-07-10 07:36:00,218.775626734
2018-07-10 07:37:00,218.775626734
2018-07-10 07:38:00,202.203623909
2018-07-10 07:39:00,202.203623909
2018-07-10 07:40:00,202.203623909
2018-07-10 07:41:00,210.489625322
2018-07-10 07:42:00,193.917622497
2018-07-10 07:43:00,193.917622497
2018-07-10 07:44:00,193.917622497
2018-07-10 07:45:00,193.917622497
2018-07-10 07:46:00,177.345619672
2018-07-10 07:47:00,177.345619672
2018-07-10 07:48:00,177.345619672
2018-07-10 07:49:00,169.059618259
2018-07-10 07:50:00,169.059618259
2018-07-10 07:51:00,177.345619672
2018-07-10 07:52:00,169.059618259
2018-07-10 07:53:00,169.059618259
2018-07-10 07:54:00,177.345619672
2018-07-10 07:55:00,169.059618259
2018-07-10 07:56:00,160.773616847
2018-07-10 07:57:00,160.773616847
2018-07-10 07:58:00,160.773616847
2018-07-10 07:59:00,160.773616847
2018-07-10 08:00:00,169.059618259
2018-07-10 08:01:00,169.059618259
2018-07-10 08:02:00,169.059618259
2018-07-10 08:03:00,169.059618259
2018-07-10 08:04:00,160.773616847
2018-07-10 08:05:00,160.773616847
2018-07-10 08:06:00,152.487615434
2018-07-10 08:07:00,152.487615434
2018-07-10 08:08:00,144.201614022
2018-07-10 08:09:00,144.201614022
2018-07-10 08:10:00,144.201614022
2018-07-10 08:11:00,144.201614022
2018-07-10 08:12:00,144.201614022
2018-07-10 08:13:00,144.201614022
2018-07-10 08:14:00,144.201614022
2018-07-10 08:15:00,144.201614022
2018-07-10 08:16:00,144.201614022
2018-07-10 08:17:00,144.201614022
2018-07-10 08:18:00,144.201614022
2018-07-10 08:19:00,144.201614022
2018-07-10 08:20:00,144.201614022
2018-07-10 08:21:00,144.201614022
2018-07-10 08:22:00,144.201614022
2018-07-10 08:23:00,144.201614022
2018-07-10 08:24:00,144.201614022
2018-07-10 08:25:00,144.201614022
2018-07-10 08:26:00,144.201614022
2018-07-10 08:27:00,144.201614022
2018-07-10 08:28:00,160.773616847
2018-07-10 08:29:00,160.773616847
2018-07-10 08:30:00,160.773616847
2018-07-10 08:31:00,169.059618259
2018-07-10 08:32:00,185.631621084
2018-07-10 08:33:00,185.631621084
2018-07-10 08:34:00,185.631621084
2018-07-10 08:35:00,185.631621084
2018-07-10 08:36:00,185.631621084
2018-07-10 08:37:00,185.631621084
2018-07-10 08:38:00,185.631621084
2018-07-10 08:39:00,185.631621084
2018-07-10 08:40:00,185.631621084
2018-07-10 08:41:00,177.345619672
2018-07-10 08:42:00,177.345619672
2018-07-10 08:43:00,177.345619672
2018-07-10 08:44:00,177.345619672
2018-07-10 08:45:00,177.345619672
2018-07-10 08:46:00,177.345619672
2018-07-10 08:47:00,169.059618259
2018-07-10 08:48:00,169.059618259
2018-07-10 08:49:00,169.059618259
2018-07-10 08:50:00,169.059618259
2018-07-10 08:51:00,169.059618259
2018-07-10 08:52:00,169.059618259
2018-07-10 08:53:00,169.059618259
2018-07-10 08:54:00,169.059618259
2018-07-10 08:55:00,169.059618259
2018-07-10 08:56:00,169.059618259
2018-07-10 08:57:00,177.345619672
2018-07-10 08:58:00,177.345619672
2018-07-10 08:59:00,177.345619672
2018-07-10 09:00:00,177.345619672
2018-07-10 09:01:00,177.345619672
2018-07-10 09:02:00,177.345619672
2018-07-10 09:03:00,177.345619672
2018-07-10 09:04:00,177.345619672
2018-07-10 09:05:00,193.917622497
2018-07-10 09:06:00,193.917622497
2018-07-10 09:07:00,193.917622497
2018-07-10 09:08:00,193.917622497
2018-07-10 09:09:00,202.203623909
2018-07-10 09:10:00,202.203623909
2018-07-10 09:11:00,202.203623909
2018-07-10 09:12:00,202.203623909
2018-07-10 09:13:00,193.917622497
2018-07-10 09:14:00,193.917622497
2018-07-10 09:15:00,185.631621084
2018-07-10 09:16:00,185.631621084
2018-07-10 09:17:00,202.203623909
2018-07-10 09:18:00,202.203623909
2018-07-10 09:19:00,210.489625322
2018-07-10 09:20:00,210.489625322
2018-07-10 09:21:00,202.203623909
2018-07-10 09:22:00,202.203623909
2018-07-10 09:23:00,193.917622497
2018-07-10 09:24:00,193.917622497
2018-07-10 09:25:00,193.917622497
2018-07-10 09:26:00,193.917622497
2018-07-10 09:27:00,193.917622497
2018-07-10 09:28:00,193.917622497
2018-07-10 09:29:00,202.203623909
2018-07-10 09:30:00,210.489625322
2018-07-10 09:31:00,193.917622497
2018-07-10 09:32:00,193.917622497
2018-07-10 09:33:00,193.917622497
2018-07-10 09:34:00,193.917622497
2018-07-10 09:35:00,193.917622497
2018-07-10 09:36:00,193.917622497
2018-07-10 09:37:00,193.917622497
2018-07-10 09:38:00,193.917622497
2018-07-10 09:39:00,193.917622497
2018-07-10 09:40:00,202.203623909
2018-07-10 09:41:00,202.203623909
2018-07-10 09:42:00,210.489625322
2018-07-10 09:43:00,210.489625322
2018-07-10 09:44:00,202.203623909
2018-07-10 09:45:00,202.203623909
2018-07-10 09:46:00,202.203623909
2018-07-10 09:47:00,202.203623909
2018-07-10 09:48:00,202.203623909
2018-07-10 09:49:00,202.203623909
2018-07-10 09:50:00,202.203623909
2018-07-10 09:51:00,202.203623909
2018-07-10 09:52:00,202.203623909
2018-07-10 09:53:00,202.203623909
2018-07-10 09:54:00,193.917622497
2018-07-10 09:55:00,193.917622497
2018-07-10 09:56:00,193.917622497
2018-07-10 09:57:00,202.203623909
2018-07-10 09:58:00,193.917622497
2018-07-10 09:59:00,193.917622497
2018-07-10 10:00:00,185.631621084
2018-07-10 10:01:00,185.631621084
2018-07-10 10:02:00,169.059618259
2018-07-10 10:03:00,177.345619672
2018-07-10 10:04:00,177.345619672
2018-07-10 10:05:00,177.345619672
2018-07-10 10:06:00,169.059618259
2018-07-10 10:07:00,169.059618259
2018-07-10 10:08:00,169.059618259
2018-07-10 10:09:00,169.059618259
2018-07-10 10:10:00,169.059618259
2018-07-10 10:11:00,177.345619672
2018-07-10 10:12:00,185.631621084
2018-07-10 10:13:00,185.631621084
2018-07-10 10:14:00,177.345619672
2018-07-10 10:15:00,169.059618259
2018-07-10 10:16:00,169.059618259
2018-07-10 10:17:00,169.059618259
2018-07-10 10:18:00,169.059618259
2018-07-10 10:19:00,169.059618259
2018-07-10 10:20:00,169.059618259
2018-07-10 10:21:00,169.059618259
2018-07-10 10:22:00,169.059618259
2018-07-10 10:23:00,169.059618259
2018-07-10 10:24:00,169.059618259
2018-07-10 10:25:00,169.059618259
2018-07-10 10:26:00,169.059618259
2018-07-10 10:27:00,169.059618259
2018-07-10 10:28:00,169.059618259
2018-07-10 10:29:00,169.059618259
2018-07-10 10:30:00,169.059618259
2018-07-10 10:31:00,169.059618259
2018-07-10 10:32:00,177.345619672
2018-07-10 10:33:00,177.345619672
2018-07-10 10:34:00,177.345619672
2018-07-10 10:35:00,177.345619672
2018-07-10 10:36:00,177.345619672
2018-07-10 10:37:00,177.345619672
2018-07-10 10:38:00,185.631621084
2018-07-10 10:39:00,185.631621084
2018-07-10 10:40:00,185.631621084
2018-07-10 10:41:00,193.917622497
2018-07-10 10:42:00,193.917622497
2018-07-10 10:43:00,193.917622497
2018-07-10 10:44:00,193.917622497
2018-07-10 10:45:00,193.917622497
2018-07-10 10:46:00,210.489625322
2018-07-10 10:47:00,210.489625322
2018-07-10 10:48:00,210.489625322
2018-07-10 10:49:00,218.775626734
2018-07-10 10:50:00,218.775626734
2018-07-10 10:51:00,210.489625322
2018-07-10 10:52:00,210.489625322
2018-07-10 10:53:00,202.203623909
2018-07-10 10:54:00,202.203623909
2018-07-10 10:55:00,202.203623909
2018-07-10 10:56:00,202.203623909
2018-07-10 10:57:00,202.203623909
2018-07-10 10:58:00,202.203623909
2018-07-10 10:59:00,202.203623909
2018-07-10 11:00:00,210.489625322
2018-07-10 11:01:00,193.917622497
2018-07-10 11:02:00,193.917622497
2018-07-10 11:03:00,193.917622497
2018-07-10 11:04:00,193.917622497
2018-07-10 11:05:00,193.917622497
2018-07-10 11:06:00,202.203623909
2018-07-10 11:07:00,202.203623909
2018-07-10 11:08:00,193.917622497
2018-07-10 11:09:00,193.917622497
2018-07-10 11:10:00,193.917622497
2018-07-10 11:11:00,193.917622497
2018-07-10 11:12:00,193.917622497
2018-07-10 11:13:00,202.203623909
2018-07-10 11:14:00,202.203623909
2018-07-10 11:15:00,202.203623909
2018-07-10 11:16:00,193.917622497
2018-07-10 11:17:00,193.917622497
2018-07-10 11:18:00,193.917622497
2018-07-10 11:19:00,193.917622497
2018-07-10 11:20:00,193.917622497
2018-07-10 11:21:00,160.773616847
2018-07-10 11:22:00,160.773616847
2018-07-10 11:23:00,160.773616847
2018-07-10 11:24:00,160.773616847
2018-07-10 11:25:00,160.773616847
2018-07-10 11:26:00,202.203623909
2018-07-10 11:27:00,202.203623909
2018-07-10 11:28:00,202.203623909
2018-07-10 11:29:00,193.917622497
2018-07-10 11:30:00,193.917622497
2018-07-10 11:31:00,202.203623909
2018-07-10 11:32:00,202.203623909
2018-07-10 11:33:00,193.917622497
2018-07-10 11:34:00,202.203623909
2018-07-10 11:35:00,193.917622497
2018-07-10 11:36:00,193.917622497
2018-07-10 11:37:00,202.203623909
2018-07-10 11:38:00,202.203623909
2018-07-10 11:39:00,202.203623909
2018-07-10 11:40:00,202.203623909
2018-07-10 11:41:00,202.203623909
2018-07-10 11:42:00,202.203623909
2018-07-10 11:43:00,202.203623909
2018-07-10 11:44:00,202.203623909
2018-07-10 11:45:00,202.203623909
2018-07-10 11:46:00,193.917622497
2018-07-10 11:47:00,160.773616847
2018-07-10 11:48:00,177.345619672
2018-07-10 11:49:00,177.345619672
2018-07-10 11:50:00,160.773616847
2018-07-10 11:51:00,160.773616847
2018-07-10 11:52:00,160.773616847
2018-07-10 11:53:00,152.487615434
2018-07-10 11:54:00,144.201614022
2018-07-10 11:55:00,144.201614022
2018-07-10 11:56:00,144.201614022
2018-07-10 11:57:00,144.201614022
2018-07-10 11:58:00,144.201614022
2018-07-10 11:59:00,160.773616847
2018-07-11 01:29:00,28.1969313667
2018-07-11 01:30:00,28.1969313667
2018-07-11 01:31:00,28.1969313667
2018-07-11 01:32:00,28.1969313667
2018-07-11 01:33:00,28.1969313667
2018-07-11 01:34:00,235.346966679
2018-07-11 01:35:00,235.346966679
2018-07-11 01:36:00,251.918969504
2018-07-11 01:37:00,243.632968092
2018-07-11 01:38:00,243.632968092
2018-07-11 01:39:00,251.918969504
2018-07-11 01:40:00,251.918969504
2018-07-11 01:41:00,251.918969504
2018-07-11 01:42:00,251.918969504
2018-07-11 01:43:00,251.918969504
2018-07-11 01:44:00,251.918969504
2018-07-11 01:45:00,260.204970917
2018-07-11 01:46:00,260.204970917
2018-07-11 01:47:00,243.632968092
2018-07-11 01:48:00,243.632968092
2018-07-11 01:49:00,243.632968092
2018-07-11 01:50:00,243.632968092
2018-07-11 01:51:00,243.632968092
2018-07-11 01:52:00,251.918969504
2018-07-11 01:53:00,268.490972329
2018-07-11 01:54:00,268.490972329
2018-07-11 01:55:00,268.490972329
2018-07-11 01:56:00,268.490972329
2018-07-11 01:57:00,268.490972329
2018-07-11 01:58:00,268.490972329
2018-07-11 01:59:00,276.776973742
2018-07-11 02:00:00,243.632968092
2018-07-11 02:01:00,243.632968092
2018-07-11 02:02:00,235.346966679
2018-07-11 02:03:00,243.632968092
2018-07-11 02:04:00,251.918969504
2018-07-11 02:05:00,251.918969504
2018-07-11 02:06:00,260.204970917
2018-07-11 02:07:00,260.204970917
2018-07-11 02:08:00,260.204970917
2018-07-11 02:09:00,260.204970917
2018-07-11 02:10:00,260.204970917
2018-07-11 02:11:00,276.776973742
2018-07-11 02:12:00,276.776973742
2018-07-11 02:13:00,276.776973742
2018-07-11 02:14:00,285.062975154
2018-07-11 02:15:00,285.062975154
2018-07-11 02:16:00,276.776973742
2018-07-11 02:17:00,276.776973742
2018-07-11 02:18:00,276.776973742
2018-07-11 02:19:00,276.776973742
2018-07-11 02:20:00,276.776973742
2018-07-11 02:21:00,276.776973742
2018-07-11 02:22:00,276.776973742
2018-07-11 02:23:00,260.204970917
2018-07-11 02:24:00,260.204970917
2018-07-11 02:25:00,260.204970917
2018-07-11 02:26:00,260.204970917
2018-07-11 02:27:00,260.204970917
2018-07-11 02:28:00,260.204970917
2018-07-11 02:29:00,260.204970917
2018-07-11 02:30:00,268.490972329
2018-07-11 02:31:00,260.204970917
2018-07-11 02:32:00,260.204970917
2018-07-11 02:33:00,268.490972329
2018-07-11 02:34:00,268.490972329
2018-07-11 02:35:00,268.490972329
2018-07-11 02:36:00,268.490972329
2018-07-11 02:37:00,268.490972329
2018-07-11 02:38:00,268.490972329
2018-07-11 02:39:00,268.490972329
2018-07-11 02:40:00,268.490972329
2018-07-11 02:41:00,268.490972329
2018-07-11 02:42:00,268.490972329
2018-07-11 02:43:00,268.490972329
2018-07-11 02:44:00,268.490972329
2018-07-11 02:45:00,268.490972329
2018-07-11 02:46:00,268.490972329
2018-07-11 02:47:00,268.490972329
2018-07-11 02:48:00,268.490972329
2018-07-11 02:49:00,268.490972329
2018-07-11 02:50:00,268.490972329
2018-07-11 02:51:00,268.490972329
2018-07-11 02:52:00,268.490972329
2018-07-11 02:53:00,268.490972329
2018-07-11 02:54:00,268.490972329
2018-07-11 02:55:00,268.490972329
2018-07-11 02:56:00,268.490972329
2018-07-11 02:57:00,268.490972329
2018-07-11 02:58:00,268.490972329
2018-07-11 02:59:00,268.490972329
2018-07-11 03:00:00,285.062975154
2018-07-11 03:01:00,276.776973742
2018-07-11 03:02:00,276.776973742
2018-07-11 03:03:00,276.776973742
2018-07-11 03:04:00,276.776973742
2018-07-11 03:05:00,276.776973742
2018-07-11 03:06:00,276.776973742
2018-07-11 03:07:00,276.776973742
2018-07-11 03:08:00,276.776973742
2018-07-11 03:09:00,276.776973742
2018-07-11 03:10:00,276.776973742
2018-07-11 03:11:00,276.776973742
2018-07-11 03:12:00,276.776973742
2018-07-11 03:13:00,276.776973742
2018-07-11 03:14:00,276.776973742
2018-07-11 03:15:00,276.776973742
2018-07-11 03:16:00,276.776973742
2018-07-11 03:17:00,276.776973742
2018-07-11 03:18:00,276.776973742
2018-07-11 03:19:00,276.776973742
2018-07-11 03:20:00,276.776973742
2018-07-11 03:21:00,276.776973742
2018-07-11 03:22:00,276.776973742
2018-07-11 03:23:00,276.776973742
2018-07-11 03:24:00,276.776973742
2018-07-11 03:25:00,276.776973742
2018-07-11 03:26:00,268.490972329
2018-07-11 03:27:00,268.490972329
2018-07-11 03:28:00,268.490972329
2018-07-11 03:29:00,276.776973742
2018-07-11 03:30:00,276.776973742
2018-07-11 03:31:00,276.776973742
2018-07-11 03:32:00,276.776973742
2018-07-11 03:33:00,268.490972329
2018-07-11 03:34:00,276.776973742
2018-07-11 03:35:00,276.776973742
2018-07-11 03:36:00,276.776973742
2018-07-11 03:37:00,276.776973742
2018-07-11 03:38:00,276.776973742
2018-07-11 03:39:00,276.776973742
2018-07-11 03:40:00,276.776973742
2018-07-11 03:41:00,276.776973742
2018-07-11 03:42:00,276.776973742
2018-07-11 03:43:00,276.776973742
2018-07-11 03:44:00,276.776973742
2018-07-11 03:45:00,276.776973742
2018-07-11 03:46:00,276.776973742
2018-07-11 03:47:00,268.490972329
2018-07-11 03:48:00,276.776973742
2018-07-11 03:49:00,268.490972329
2018-07-11 03:50:00,268.490972329
2018-07-11 03:51:00,276.776973742
2018-07-11 03:52:00,268.490972329
2018-07-11 03:53:00,276.776973742
2018-07-11 03:54:00,276.776973742
2018-07-11 03:55:00,276.776973742
2018-07-11 03:56:00,276.776973742
2018-07-11 03:57:00,276.776973742
2018-07-11 03:58:00,276.776973742
2018-07-11 03:59:00,276.776973742
2018-07-11 04:00:00,268.490972329
2018-07-11 04:01:00,268.490972329
2018-07-11 04:02:00,268.490972329
2018-07-11 04:03:00,268.490972329
2018-07-11 04:04:00,268.490972329
2018-07-11 04:05:00,268.490972329
2018-07-11 04:06:00,276.776973742
2018-07-11 04:07:00,276.776973742
2018-07-11 04:08:00,276.776973742
2018-07-11 04:09:00,268.490972329
2018-07-11 04:10:00,268.490972329
2018-07-11 04:11:00,276.776973742
2018-07-11 04:12:00,276.776973742
2018-07-11 04:13:00,276.776973742
2018-07-11 04:14:00,276.776973742
2018-07-11 04:15:00,276.776973742
2018-07-11 04:16:00,276.776973742
2018-07-11 04:17:00,276.776973742
2018-07-11 04:18:00,276.776973742
2018-07-11 04:19:00,276.776973742
2018-07-11 04:20:00,276.776973742
2018-07-11 04:21:00,276.776973742
2018-07-11 04:22:00,276.776973742
2018-07-11 04:23:00,276.776973742
2018-07-11 04:24:00,276.776973742
2018-07-11 04:25:00,276.776973742
2018-07-11 04:26:00,276.776973742
2018-07-11 04:27:00,276.776973742
2018-07-11 04:28:00,268.490972329
2018-07-11 04:29:00,276.776973742
2018-07-11 04:30:00,276.776973742
2018-07-11 04:31:00,276.776973742
2018-07-11 04:32:00,276.776973742
2018-07-11 04:33:00,276.776973742
2018-07-11 04:34:00,276.776973742
2018-07-11 04:35:00,276.776973742
2018-07-11 04:36:00,276.776973742
2018-07-11 04:37:00,276.776973742
2018-07-11 04:38:00,276.776973742
2018-07-11 04:39:00,276.776973742
2018-07-11 04:40:00,260.204970917
2018-07-11 04:41:00,260.204970917
2018-07-11 04:42:00,260.204970917
2018-07-11 04:43:00,260.204970917
2018-07-11 04:44:00,260.204970917
2018-07-11 04:45:00,260.204970917
2018-07-11 04:46:00,260.204970917
2018-07-11 04:47:00,260.204970917
2018-07-11 04:48:00,260.204970917
2018-07-11 04:49:00,260.204970917
2018-07-11 04:50:00,260.204970917
2018-07-11 04:51:00,260.204970917
2018-07-11 04:52:00,260.204970917
2018-07-11 04:53:00,260.204970917
2018-07-11 04:54:00,260.204970917
2018-07-11 04:55:00,260.204970917
2018-07-11 04:56:00,260.204970917
2018-07-11 04:57:00,260.204970917
2018-07-11 04:58:00,260.204970917
2018-07-11 04:59:00,260.204970917
2018-07-11 05:00:00,260.204970917
2018-07-11 05:01:00,260.204970917
2018-07-11 05:02:00,260.204970917
2018-07-11 05:03:00,260.204970917
2018-07-11 05:04:00,260.204970917
2018-07-11 05:05:00,260.204970917
2018-07-11 05:06:00,260.204970917
2018-07-11 05:07:00,260.204970917
2018-07-11 05:08:00,260.204970917
2018-07-11 05:09:00,260.204970917
2018-07-11 05:10:00,260.204970917
2018-07-11 05:11:00,260.204970917
2018-07-11 05:12:00,260.204970917
2018-07-11 05:13:00,260.204970917
2018-07-11 05:14:00,260.204970917
2018-07-11 05:15:00,260.204970917
2018-07-11 05:16:00,260.204970917
2018-07-11 05:17:00,260.204970917
2018-07-11 05:18:00,260.204970917
2018-07-11 05:19:00,260.204970917
2018-07-11 05:20:00,260.204970917
2018-07-11 05:21:00,260.204970917
2018-07-11 05:22:00,260.204970917
2018-07-11 05:23:00,260.204970917
2018-07-11 05:24:00,260.204970917
2018-07-11 05:25:00,260.204970917
2018-07-11 05:26:00,260.204970917
2018-07-11 05:27:00,260.204970917
2018-07-11 05:28:00,260.204970917
2018-07-11 05:29:00,260.204970917
2018-07-11 05:30:00,260.204970917
2018-07-11 05:31:00,260.204970917
2018-07-11 05:32:00,260.204970917
2018-07-11 05:33:00,260.204970917
2018-07-11 05:34:00,260.204970917
2018-07-11 05:35:00,260.204970917
2018-07-11 05:36:00,260.204970917
2018-07-11 05:37:00,260.204970917
2018-07-11 05:38:00,260.204970917
2018-07-11 05:39:00,260.204970917
2018-07-11 05:40:00,260.204970917
2018-07-11 05:41:00,260.204970917
2018-07-11 05:42:00,260.204970917
2018-07-11 05:43:00,268.490972329
2018-07-11 05:44:00,268.490972329
2018-07-11 05:45:00,268.490972329
2018-07-11 05:46:00,268.490972329
2018-07-11 05:47:00,268.490972329
2018-07-11 05:48:00,268.490972329
2018-07-11 05:49:00,268.490972329
2018-07-11 05:50:00,276.776973742
2018-07-11 05:51:00,276.776973742
2018-07-11 05:52:00,268.490972329
2018-07-11 05:53:00,268.490972329
2018-07-11 05:54:00,268.490972329
2018-07-11 05:55:00,268.490972329
2018-07-11 05:56:00,268.490972329
2018-07-11 05:57:00,268.490972329
2018-07-11 05:58:00,268.490972329
2018-07-11 05:59:00,268.490972329
2018-07-11 06:00:00,268.490972329
2018-07-11 06:01:00,268.490972329
2018-07-11 06:02:00,268.490972329
2018-07-11 06:03:00,268.490972329
2018-07-11 06:04:00,268.490972329
2018-07-11 06:05:00,268.490972329
2018-07-11 06:06:00,268.490972329
2018-07-11 06:07:00,268.490972329
2018-07-11 06:08:00,268.490972329
2018-07-11 06:09:00,268.490972329
2018-07-11 06:10:00,268.490972329
2018-07-11 06:11:00,268.490972329
2018-07-11 06:12:00,268.490972329
2018-07-11 06:13:00,268.490972329
2018-07-11 06:14:00,268.490972329
2018-07-11 06:15:00,268.490972329
2018-07-11 06:16:00,268.490972329
2018-07-11 06:17:00,276.776973742
2018-07-11 06:18:00,260.204970917
2018-07-11 06:19:00,251.918969504
2018-07-11 06:20:00,251.918969504
2018-07-11 06:21:00,260.204970917
2018-07-11 06:22:00,260.204970917
2018-07-11 06:23:00,260.204970917
2018-07-11 06:24:00,268.490972329
2018-07-11 06:25:00,268.490972329
2018-07-11 06:26:00,268.490972329
2018-07-11 06:27:00,268.490972329
2018-07-11 06:28:00,268.490972329
2018-07-11 06:29:00,260.204970917
2018-07-11 06:30:00,260.204970917
2018-07-11 06:31:00,260.204970917
2018-07-11 06:32:00,243.632968092
2018-07-11 06:33:00,251.918969504
2018-07-11 06:34:00,251.918969504
2018-07-11 06:35:00,243.632968092
2018-07-11 06:36:00,251.918969504
2018-07-11 06:37:00,251.918969504
2018-07-11 06:38:00,243.632968092
2018-07-11 06:39:00,243.632968092
2018-07-11 06:40:00,251.918969504
2018-07-11 06:41:00,251.918969504
2018-07-11 06:42:00,251.918969504
2018-07-11 06:43:00,251.918969504
2018-07-11 06:44:00,251.918969504
2018-07-11 06:45:00,251.918969504
2018-07-11 06:46:00,251.918969504
2018-07-11 06:47:00,251.918969504
2018-07-11 06:48:00,251.918969504
2018-07-11 06:49:00,251.918969504
2018-07-11 06:50:00,251.918969504
2018-07-11 06:51:00,251.918969504
2018-07-11 06:52:00,243.632968092
2018-07-11 06:53:00,243.632968092
2018-07-11 06:54:00,251.918969504
2018-07-11 06:55:00,260.204970917
2018-07-11 06:56:00,260.204970917
2018-07-11 06:57:00,251.918969504
2018-07-11 06:58:00,243.632968092
2018-07-11 06:59:00,243.632968092
2018-07-11 07:00:00,251.918969504
2018-07-11 07:01:00,251.918969504
2018-07-11 07:02:00,251.918969504
2018-07-11 07:03:00,251.918969504
2018-07-11 07:04:00,251.918969504
2018-07-11 07:05:00,251.918969504
2018-07-11 07:06:00,251.918969504
2018-07-11 07:07:00,251.918969504
2018-07-11 07:08:00,243.632968092
2018-07-11 07:09:00,243.632968092
2018-07-11 07:10:00,243.632968092
2018-07-11 07:11:00,251.918969504
2018-07-11 07:12:00,251.918969504
2018-07-11 07:13:00,243.632968092
2018-07-11 07:14:00,202.202961029
2018-07-11 07:15:00,210.488962442
2018-07-11 07:16:00,235.346966679
2018-07-11 07:17:00,235.346966679
2018-07-11 07:18:00,227.060965267
2018-07-11 07:19:00,227.060965267
2018-07-11 07:20:00,227.060965267
2018-07-11 07:21:00,227.060965267
2018-07-11 07:22:00,227.060965267
2018-07-11 07:23:00,210.488962442
2018-07-11 07:24:00,227.060965267
2018-07-11 07:25:00,235.346966679
2018-07-11 07:26:00,235.346966679
2018-07-11 07:27:00,218.774963854
2018-07-11 07:28:00,202.202961029
2018-07-11 07:29:00,202.202961029
2018-07-11 07:30:00,193.916959617
2018-07-11 07:31:00,193.916959617
2018-07-11 07:32:00,177.344956792
2018-07-11 07:33:00,185.630958204
2018-07-11 07:34:00,185.630958204
2018-07-11 07:35:00,185.630958204
2018-07-11 07:36:00,185.630958204
2018-07-11 07:37:00,185.630958204
2018-07-11 07:38:00,185.630958204
2018-07-11 07:39:00,185.630958204
2018-07-11 07:40:00,177.344956792
2018-07-11 07:41:00,185.630958204
2018-07-11 07:42:00,185.630958204
2018-07-11 07:43:00,185.630958204
2018-07-11 07:44:00,185.630958204
2018-07-11 07:45:00,185.630958204
2018-07-11 07:46:00,193.916959617
2018-07-11 07:47:00,177.344956792
2018-07-11 07:48:00,193.916959617
2018-07-11 07:49:00,185.630958204
2018-07-11 07:50:00,185.630958204
2018-07-11 07:51:00,185.630958204
2018-07-11 07:52:00,185.630958204
2018-07-11 07:53:00,185.630958204
2018-07-11 07:54:00,177.344956792
2018-07-11 07:55:00,235.346966679
2018-07-11 07:56:00,251.918969504
2018-07-11 07:57:00,218.774963854
2018-07-11 07:58:00,210.488962442
2018-07-11 07:59:00,193.916959617
2018-07-11 08:00:00,193.916959617
2018-07-11 08:01:00,177.344956792
2018-07-11 08:02:00,185.630958204
2018-07-11 08:03:00,193.916959617
2018-07-11 08:04:00,193.916959617
2018-07-11 08:05:00,193.916959617
2018-07-11 08:06:00,193.916959617
2018-07-11 08:07:00,193.916959617
2018-07-11 08:08:00,193.916959617
2018-07-11 08:09:00,193.916959617
2018-07-11 08:10:00,193.916959617
2018-07-11 08:11:00,193.916959617
2018-07-11 08:12:00,210.488962442
2018-07-11 08:13:00,210.488962442
2018-07-11 08:14:00,210.488962442
2018-07-11 08:15:00,210.488962442
2018-07-11 08:16:00,210.488962442
2018-07-11 08:17:00,210.488962442
2018-07-11 08:18:00,210.488962442
2018-07-11 08:19:00,227.060965267
2018-07-11 08:20:00,227.060965267
2018-07-11 08:21:00,210.488962442
2018-07-11 08:22:00,210.488962442
2018-07-11 08:23:00,227.060965267
2018-07-11 08:24:00,218.774963854
2018-07-11 08:25:00,218.774963854
2018-07-11 08:26:00,210.488962442
2018-07-11 08:27:00,210.488962442
2018-07-11 08:28:00,227.060965267
2018-07-11 08:29:00,210.488962442
2018-07-11 08:30:00,218.774963854
2018-07-11 08:31:00,210.488962442
2018-07-11 08:32:00,218.774963854
2018-07-11 08:33:00,210.488962442
2018-07-11 08:34:00,210.488962442
2018-07-11 08:35:00,210.488962442
2018-07-11 08:36:00,202.202961029
2018-07-11 08:37:00,193.916959617
2018-07-11 08:38:00,193.916959617
2018-07-11 08:39:00,193.916959617
2018-07-11 08:40:00,193.916959617
2018-07-11 08:41:00,193.916959617
2018-07-11 08:42:00,210.488962442
2018-07-11 08:43:00,210.488962442
2018-07-11 08:44:00,210.488962442
2018-07-11 08:45:00,251.918969504
2018-07-11 08:46:00,251.918969504
2018-07-11 08:47:00,251.918969504
2018-07-11 08:48:00,251.918969504
2018-07-11 08:49:00,251.918969504
2018-07-11 08:50:00,251.918969504
2018-07-11 08:51:00,251.918969504
2018-07-11 08:52:00,251.918969504
2018-07-11 08:53:00,251.918969504
2018-07-11 08:54:00,251.918969504
2018-07-11 08:55:00,251.918969504
2018-07-11 08:56:00,260.204970917
2018-07-11 08:57:00,260.204970917
2018-07-11 08:58:00,260.204970917
2018-07-11 08:59:00,260.204970917
2018-07-11 09:00:00,260.204970917
2018-07-11 09:01:00,251.918969504
2018-07-11 09:02:00,251.918969504
2018-07-11 09:03:00,251.918969504
2018-07-11 09:04:00,243.632968092
2018-07-11 09:05:00,243.632968092
2018-07-11 09:06:00,243.632968092
2018-07-11 09:07:00,260.204970917
2018-07-11 09:08:00,260.204970917
2018-07-11 09:09:00,251.918969504
2018-07-11 09:10:00,260.204970917
2018-07-11 09:11:00,260.204970917
2018-07-11 09:12:00,260.204970917
2018-07-11 09:13:00,260.204970917
2018-07-11 09:14:00,260.204970917
2018-07-11 09:15:00,260.204970917
2018-07-11 09:16:00,260.204970917
2018-07-11 09:17:00,243.632968092
2018-07-11 09:18:00,260.204970917
2018-07-11 09:19:00,260.204970917
2018-07-11 09:20:00,260.204970917
2018-07-11 09:21:00,251.918969504
2018-07-11 09:22:00,251.918969504
2018-07-11 09:23:00,251.918969504
2018-07-11 09:24:00,251.918969504
2018-07-11 09:25:00,243.632968092
2018-07-11 09:26:00,243.632968092
2018-07-11 09:27:00,243.632968092
2018-07-11 09:28:00,243.632968092
2018-07-11 09:29:00,243.632968092
2018-07-11 09:30:00,243.632968092
2018-07-11 09:31:00,251.918969504
2018-07-11 09:32:00,243.632968092
2018-07-11 09:33:00,243.632968092
2018-07-11 09:34:00,251.918969504
2018-07-11 09:35:00,243.632968092
2018-07-11 09:36:00,243.632968092
2018-07-11 09:37:00,243.632968092
2018-07-11 09:38:00,251.918969504
2018-07-11 09:39:00,251.918969504
2018-07-11 09:40:00,251.918969504
2018-07-11 09:41:00,251.918969504
2018-07-11 09:42:00,251.918969504
2018-07-11 09:43:00,243.632968092
2018-07-11 09:44:00,251.918969504
2018-07-11 09:45:00,251.918969504
2018-07-11 09:46:00,251.918969504
2018-07-11 09:47:00,251.918969504
2018-07-11 09:48:00,251.918969504
2018-07-11 09:49:00,251.918969504
2018-07-11 09:50:00,251.918969504
2018-07-11 09:51:00,251.918969504
2018-07-11 09:52:00,251.918969504
2018-07-11 09:53:00,251.918969504
2018-07-11 09:54:00,251.918969504
2018-07-11 09:55:00,251.918969504
2018-07-11 09:56:00,251.918969504
2018-07-11 09:57:00,251.918969504
2018-07-11 09:58:00,251.918969504
2018-07-11 09:59:00,251.918969504
2018-07-11 10:00:00,251.918969504
2018-07-11 10:01:00,251.918969504
2018-07-11 10:02:00,251.918969504
2018-07-11 10:03:00,251.918969504
2018-07-11 10:04:00,251.918969504
2018-07-11 10:05:00,251.918969504
2018-07-11 10:06:00,251.918969504
2018-07-11 10:07:00,260.204970917
2018-07-11 10:08:00,260.204970917
2018-07-11 10:09:00,260.204970917
2018-07-11 10:10:00,260.204970917
2018-07-11 10:11:00,260.204970917
2018-07-11 10:12:00,260.204970917
2018-07-11 10:13:00,260.204970917
2018-07-11 10:14:00,260.204970917
2018-07-11 10:15:00,260.204970917
2018-07-11 10:16:00,260.204970917
2018-07-11 10:17:00,260.204970917
2018-07-11 10:18:00,268.490972329
2018-07-11 10:19:00,268.490972329
2018-07-11 10:20:00,268.490972329
2018-07-11 10:21:00,276.776973742
2018-07-11 10:22:00,276.776973742
2018-07-11 10:23:00,276.776973742
2018-07-11 10:24:00,276.776973742
2018-07-11 10:25:00,276.776973742
2018-07-11 10:26:00,276.776973742
2018-07-11 10:27:00,276.776973742
2018-07-11 10:28:00,276.776973742
2018-07-11 10:29:00,276.776973742
2018-07-11 10:30:00,276.776973742
2018-07-11 10:31:00,276.776973742
2018-07-11 10:32:00,276.776973742
2018-07-11 10:33:00,285.062975154
2018-07-11 10:34:00,293.348976567
2018-07-11 10:35:00,293.348976567
2018-07-11 10:36:00,285.062975154
2018-07-11 10:37:00,293.348976567
2018-07-11 10:38:00,293.348976567
2018-07-11 10:39:00,285.062975154
2018-07-11 10:40:00,285.062975154
2018-07-11 10:41:00,293.348976567
2018-07-11 10:42:00,285.062975154
2018-07-11 10:43:00,285.062975154
2018-07-11 10:44:00,268.490972329
2018-07-11 10:45:00,268.490972329
2018-07-11 10:46:00,268.490972329
2018-07-11 10:47:00,268.490972329
2018-07-11 10:48:00,251.918969504
2018-07-11 10:49:00,251.918969504
2018-07-11 10:50:00,251.918969504
2018-07-11 10:51:00,251.918969504
2018-07-11 10:52:00,251.918969504
2018-07-11 10:53:00,251.918969504
2018-07-11 10:54:00,251.918969504
2018-07-11 10:55:00,251.918969504
2018-07-11 10:56:00,251.918969504
2018-07-11 10:57:00,251.918969504
2018-07-11 10:58:00,251.918969504
2018-07-11 10:59:00,251.918969504
2018-07-11 11:00:00,251.918969504
2018-07-11 11:01:00,251.918969504
2018-07-11 11:02:00,251.918969504
2018-07-11 11:03:00,251.918969504
2018-07-11 11:04:00,251.918969504
2018-07-11 11:05:00,251.918969504
2018-07-11 11:06:00,251.918969504
2018-07-11 11:07:00,251.918969504
2018-07-11 11:08:00,251.918969504
2018-07-11 11:09:00,251.918969504
2018-07-11 11:10:00,251.918969504
2018-07-11 11:11:00,251.918969504
2018-07-11 11:12:00,251.918969504
2018-07-11 11:13:00,251.918969504
2018-07-11 11:14:00,251.918969504
2018-07-11 11:15:00,251.918969504
2018-07-11 11:16:00,251.918969504
2018-07-11 11:17:00,251.918969504
2018-07-11 11:18:00,251.918969504
2018-07-11 11:19:00,260.204970917
2018-07-11 11:20:00,260.204970917
2018-07-11 11:21:00,260.204970917
2018-07-11 11:22:00,260.204970917
2018-07-11 11:23:00,260.204970917
2018-07-11 11:24:00,260.204970917
2018-07-11 11:25:00,260.204970917
2018-07-11 11:26:00,260.204970917
2018-07-11 11:27:00,260.204970917
2018-07-11 11:28:00,260.204970917
2018-07-11 11:29:00,251.918969504
2018-07-11 11:30:00,251.918969504
2018-07-11 11:31:00,251.918969504
2018-07-11 11:32:00,251.918969504
2018-07-11 11:33:00,243.632968092
2018-07-11 11:34:00,243.632968092
2018-07-11 11:35:00,243.632968092
2018-07-11 11:36:00,243.632968092
2018-07-11 11:37:00,243.632968092
2018-07-11 11:38:00,243.632968092
2018-07-11 11:39:00,243.632968092
2018-07-11 11:40:00,243.632968092
2018-07-11 11:41:00,243.632968092
2018-07-11 11:42:00,251.918969504
2018-07-11 11:43:00,251.918969504
2018-07-11 11:44:00,251.918969504
2018-07-11 11:45:00,260.204970917
2018-07-11 11:46:00,251.918969504
2018-07-11 11:47:00,251.918969504
2018-07-11 11:48:00,260.204970917
2018-07-11 11:49:00,260.204970917
2018-07-11 11:50:00,260.204970917
2018-07-11 11:51:00,260.204970917
2018-07-11 11:52:00,260.204970917
2018-07-11 11:53:00,260.204970917
2018-07-11 11:54:00,260.204970917
2018-07-11 11:55:00,260.204970917
2018-07-11 11:56:00,260.204970917
2018-07-11 11:57:00,260.204970917
2018-07-11 11:58:00,260.204970917
2018-07-11 11:59:00,260.204970917
2018-07-12 01:29:00,376.208327812
2018-07-12 01:30:00,376.208327812
2018-07-12 01:31:00,376.208327812
2018-07-12 01:32:00,376.208327812
2018-07-12 01:33:00,376.208327812
2018-07-12 01:34:00,235.346303799
2018-07-12 01:35:00,235.346303799
2018-07-12 01:36:00,235.346303799
2018-07-12 01:37:00,235.346303799
2018-07-12 01:38:00,235.346303799
2018-07-12 01:39:00,235.346303799
2018-07-12 01:40:00,235.346303799
2018-07-12 01:41:00,235.346303799
2018-07-12 01:42:00,235.346303799
2018-07-12 01:43:00,235.346303799
2018-07-12 01:44:00,235.346303799
2018-07-12 01:45:00,243.632305212
2018-07-12 01:46:00,243.632305212
2018-07-12 01:47:00,243.632305212
2018-07-12 01:48:00,243.632305212
2018-07-12 01:49:00,243.632305212
2018-07-12 01:50:00,243.632305212
2018-07-12 01:51:00,243.632305212
2018-07-12 01:52:00,243.632305212
2018-07-12 01:53:00,243.632305212
2018-07-12 01:54:00,235.346303799
2018-07-12 01:55:00,235.346303799
2018-07-12 01:56:00,235.346303799
2018-07-12 01:57:00,235.346303799
2018-07-12 01:58:00,235.346303799
2018-07-12 01:59:00,227.060302387
2018-07-12 02:00:00,260.204308037
2018-07-12 02:01:00,243.632305212
2018-07-12 02:02:00,243.632305212
2018-07-12 02:03:00,251.918306624
2018-07-12 02:04:00,243.632305212
2018-07-12 02:05:00,243.632305212
2018-07-12 02:06:00,243.632305212
2018-07-12 02:07:00,260.204308037
2018-07-12 02:08:00,260.204308037
2018-07-12 02:09:00,260.204308037
2018-07-12 02:10:00,260.204308037
2018-07-12 02:11:00,260.204308037
2018-07-12 02:12:00,260.204308037
2018-07-12 02:13:00,260.204308037
2018-07-12 02:14:00,268.490309449
2018-07-12 02:15:00,276.776310862
2018-07-12 02:16:00,276.776310862
2018-07-12 02:17:00,276.776310862
2018-07-12 02:18:00,268.490309449
2018-07-12 02:19:00,260.204308037
2018-07-12 02:20:00,260.204308037
2018-07-12 02:21:00,260.204308037
2018-07-12 02:22:00,260.204308037
2018-07-12 02:23:00,260.204308037
2018-07-12 02:24:00,268.490309449
2018-07-12 02:25:00,268.490309449
2018-07-12 02:26:00,268.490309449
2018-07-12 02:27:00,268.490309449
2018-07-12 02:28:00,268.490309449
2018-07-12 02:29:00,268.490309449
2018-07-12 02:30:00,276.776310862
2018-07-12 02:31:00,276.776310862
2018-07-12 02:32:00,276.776310862
2018-07-12 02:33:00,276.776310862
2018-07-12 02:34:00,276.776310862
2018-07-12 02:35:00,276.776310862
2018-07-12 02:36:00,276.776310862
2018-07-12 02:37:00,276.776310862
2018-07-12 02:38:00,276.776310862
2018-07-12 02:39:00,276.776310862
2018-07-12 02:40:00,276.776310862
2018-07-12 02:41:00,326.492319337
2018-07-12 02:42:00,343.064322162
2018-07-12 02:43:00,343.064322162
2018-07-12 02:44:00,343.064322162
2018-07-12 02:45:00,343.064322162
2018-07-12 02:46:00,343.064322162
2018-07-12 02:47:00,343.064322162
2018-07-12 02:48:00,351.350323574
2018-07-12 02:49:00,351.350323574
2018-07-12 02:50:00,351.350323574
2018-07-12 02:51:00,343.064322162
2018-07-12 02:52:00,343.064322162
2018-07-12 02:53:00,343.064322162
2018-07-12 02:54:00,343.064322162
2018-07-12 02:55:00,351.350323574
2018-07-12 02:56:00,351.350323574
2018-07-12 02:57:00,351.350323574
2018-07-12 02:58:00,351.350323574
2018-07-12 02:59:00,343.064322162
2018-07-12 03:00:00,343.064322162
2018-07-12 03:01:00,326.492319337
2018-07-12 03:02:00,326.492319337
2018-07-12 03:03:00,326.492319337
2018-07-12 03:04:00,326.492319337
2018-07-12 03:05:00,326.492319337
2018-07-12 03:06:00,326.492319337
2018-07-12 03:07:00,326.492319337
2018-07-12 03:08:00,326.492319337
2018-07-12 03:09:00,326.492319337
2018-07-12 03:10:00,326.492319337
2018-07-12 03:11:00,326.492319337
2018-07-12 03:12:00,326.492319337
2018-07-12 03:13:00,326.492319337
2018-07-12 03:14:00,326.492319337
2018-07-12 03:15:00,326.492319337
2018-07-12 03:16:00,326.492319337
2018-07-12 03:17:00,326.492319337
2018-07-12 03:18:00,326.492319337
2018-07-12 03:19:00,326.492319337
2018-07-12 03:20:00,334.778320749
2018-07-12 03:21:00,334.778320749
2018-07-12 03:22:00,334.778320749
2018-07-12 03:23:00,334.778320749
2018-07-12 03:24:00,334.778320749
2018-07-12 03:25:00,334.778320749
2018-07-12 03:26:00,334.778320749
2018-07-12 03:27:00,334.778320749
2018-07-12 03:28:00,343.064322162
2018-07-12 03:29:00,343.064322162
2018-07-12 03:30:00,343.064322162
2018-07-12 03:31:00,343.064322162
2018-07-12 03:32:00,343.064322162
2018-07-12 03:33:00,343.064322162
2018-07-12 03:34:00,343.064322162
2018-07-12 03:35:00,343.064322162
2018-07-12 03:36:00,343.064322162
2018-07-12 03:37:00,343.064322162
2018-07-12 03:38:00,343.064322162
2018-07-12 03:39:00,351.350323574
2018-07-12 03:40:00,359.636324987
2018-07-12 03:41:00,359.636324987
2018-07-12 03:42:00,359.636324987
2018-07-12 03:43:00,359.636324987
2018-07-12 03:44:00,376.208327812
2018-07-12 03:45:00,384.494329224
2018-07-12 03:46:00,384.494329224
2018-07-12 03:47:00,384.494329224
2018-07-12 03:48:00,384.494329224
2018-07-12 03:49:00,384.494329224
2018-07-12 03:50:00,384.494329224
2018-07-12 03:51:00,376.208327812
2018-07-12 03:52:00,376.208327812
2018-07-12 03:53:00,376.208327812
2018-07-12 03:54:00,376.208327812
2018-07-12 03:55:00,392.780330637
2018-07-12 03:56:00,392.780330637
2018-07-12 03:57:00,392.780330637
2018-07-12 03:58:00,392.780330637
2018-07-12 03:59:00,384.494329224
2018-07-12 04:00:00,376.208327812
2018-07-12 04:01:00,376.208327812
2018-07-12 04:02:00,376.208327812
2018-07-12 04:03:00,392.780330637
2018-07-12 04:04:00,384.494329224
2018-07-12 04:05:00,376.208327812
2018-07-12 04:06:00,376.208327812
2018-07-12 04:07:00,392.780330637
2018-07-12 04:08:00,367.922326399
2018-07-12 04:09:00,367.922326399
2018-07-12 04:10:00,376.208327812
2018-07-12 04:11:00,376.208327812
2018-07-12 04:12:00,376.208327812
2018-07-12 04:13:00,376.208327812
2018-07-12 04:14:00,376.208327812
2018-07-12 04:15:00,376.208327812
2018-07-12 04:16:00,376.208327812
2018-07-12 04:17:00,384.494329224
2018-07-12 04:18:00,384.494329224
2018-07-12 04:19:00,384.494329224
2018-07-12 04:20:00,384.494329224
2018-07-12 04:21:00,384.494329224
2018-07-12 04:22:00,384.494329224
2018-07-12 04:23:00,384.494329224
2018-07-12 04:24:00,384.494329224
2018-07-12 04:25:00,384.494329224
2018-07-12 04:26:00,384.494329224
2018-07-12 04:27:00,384.494329224
2018-07-12 04:28:00,384.494329224
2018-07-12 04:29:00,384.494329224
2018-07-12 04:30:00,384.494329224
2018-07-12 04:31:00,376.208327812
2018-07-12 04:32:00,376.208327812
2018-07-12 04:33:00,376.208327812
2018-07-12 04:34:00,376.208327812
2018-07-12 04:35:00,376.208327812
2018-07-12 04:36:00,376.208327812
2018-07-12 04:37:00,376.208327812
2018-07-12 04:38:00,376.208327812
2018-07-12 04:39:00,376.208327812
2018-07-12 04:40:00,376.208327812
2018-07-12 04:41:00,376.208327812
2018-07-12 04:42:00,376.208327812
2018-07-12 04:43:00,384.494329224
2018-07-12 04:44:00,376.208327812
2018-07-12 04:45:00,376.208327812
2018-07-12 04:46:00,392.780330637
2018-07-12 04:47:00,384.494329224
2018-07-12 04:48:00,384.494329224
2018-07-12 04:49:00,384.494329224
2018-07-12 04:50:00,384.494329224
2018-07-12 04:51:00,384.494329224
2018-07-12 04:52:00,384.494329224
2018-07-12 04:53:00,384.494329224
2018-07-12 04:54:00,384.494329224
2018-07-12 04:55:00,384.494329224
2018-07-12 04:56:00,384.494329224
2018-07-12 04:57:00,384.494329224
2018-07-12 04:58:00,384.494329224
2018-07-12 04:59:00,384.494329224
2018-07-12 05:00:00,384.494329224
2018-07-12 05:01:00,384.494329224
2018-07-12 05:02:00,384.494329224
2018-07-12 05:03:00,384.494329224
2018-07-12 05:04:00,384.494329224
2018-07-12 05:05:00,376.208327812
2018-07-12 05:06:00,376.208327812
2018-07-12 05:07:00,392.780330637
2018-07-12 05:08:00,392.780330637
2018-07-12 05:09:00,384.494329224
2018-07-12 05:10:00,384.494329224
2018-07-12 05:11:00,392.780330637
2018-07-12 05:12:00,392.780330637
2018-07-12 05:13:00,392.780330637
2018-07-12 05:14:00,392.780330637
2018-07-12 05:15:00,384.494329224
2018-07-12 05:16:00,384.494329224
2018-07-12 05:17:00,384.494329224
2018-07-12 05:18:00,392.780330637
2018-07-12 05:19:00,392.780330637
2018-07-12 05:20:00,384.494329224
2018-07-12 05:21:00,384.494329224
2018-07-12 05:22:00,384.494329224
2018-07-12 05:23:00,384.494329224
2018-07-12 05:24:00,384.494329224
2018-07-12 05:25:00,384.494329224
2018-07-12 05:26:00,376.208327812
2018-07-12 05:27:00,376.208327812
2018-07-12 05:28:00,376.208327812
2018-07-12 05:29:00,376.208327812
2018-07-12 05:30:00,392.780330637
2018-07-12 05:31:00,392.780330637
2018-07-12 05:32:00,392.780330637
2018-07-12 05:33:00,392.780330637
2018-07-12 05:34:00,392.780330637
2018-07-12 05:35:00,392.780330637
2018-07-12 05:36:00,392.780330637
2018-07-12 05:37:00,392.780330637
2018-07-12 05:38:00,392.780330637
2018-07-12 05:39:00,376.208327812
2018-07-12 05:40:00,376.208327812
2018-07-12 05:41:00,376.208327812
2018-07-12 05:42:00,376.208327812
2018-07-12 05:43:00,376.208327812
2018-07-12 05:44:00,376.208327812
2018-07-12 05:45:00,384.494329224
2018-07-12 05:46:00,376.208327812
2018-07-12 05:47:00,376.208327812
2018-07-12 05:48:00,384.494329224
2018-07-12 05:49:00,384.494329224
2018-07-12 05:50:00,384.494329224
2018-07-12 05:51:00,384.494329224
2018-07-12 05:52:00,376.208327812
2018-07-12 05:53:00,384.494329224
2018-07-12 05:54:00,384.494329224
2018-07-12 05:55:00,367.922326399
2018-07-12 05:56:00,376.208327812
2018-07-12 05:57:00,359.636324987
2018-07-12 05:58:00,359.636324987
2018-07-12 05:59:00,359.636324987
2018-07-12 06:00:00,359.636324987
2018-07-12 06:01:00,359.636324987
2018-07-12 06:02:00,359.636324987
2018-07-12 06:03:00,367.922326399
2018-07-12 06:04:00,367.922326399
2018-07-12 06:05:00,367.922326399
2018-07-12 06:06:00,376.208327812
2018-07-12 06:07:00,376.208327812
2018-07-12 06:08:00,376.208327812
2018-07-12 06:09:00,376.208327812
2018-07-12 06:10:00,376.208327812
2018-07-12 06:11:00,376.208327812
2018-07-12 06:12:00,376.208327812
2018-07-12 06:13:00,376.208327812
2018-07-12 06:14:00,376.208327812
2018-07-12 06:15:00,376.208327812
2018-07-12 06:16:00,376.208327812
2018-07-12 06:17:00,376.208327812
2018-07-12 06:18:00,376.208327812
2018-07-12 06:19:00,376.208327812
2018-07-12 06:20:00,376.208327812
2018-07-12 06:21:00,376.208327812
2018-07-12 06:22:00,376.208327812
2018-07-12 06:23:00,376.208327812
2018-07-12 06:24:00,367.922326399
2018-07-12 06:25:00,367.922326399
2018-07-12 06:26:00,367.922326399
2018-07-12 06:27:00,367.922326399
2018-07-12 06:28:00,367.922326399
2018-07-12 06:29:00,376.208327812
2018-07-12 06:30:00,376.208327812
2018-07-12 06:31:00,376.208327812
2018-07-12 06:32:00,376.208327812
2018-07-12 06:33:00,376.208327812
2018-07-12 06:34:00,376.208327812
2018-07-12 06:35:00,376.208327812
2018-07-12 06:36:00,376.208327812
2018-07-12 06:37:00,376.208327812
2018-07-12 06:38:00,376.208327812
2018-07-12 06:39:00,376.208327812
2018-07-12 06:40:00,376.208327812
2018-07-12 06:41:00,376.208327812
2018-07-12 06:42:00,376.208327812
2018-07-12 06:43:00,376.208327812
2018-07-12 06:44:00,376.208327812
2018-07-12 06:45:00,376.208327812
2018-07-12 06:46:00,376.208327812
2018-07-12 06:47:00,376.208327812
2018-07-12 06:48:00,376.208327812
2018-07-12 06:49:00,376.208327812
2018-07-12 06:50:00,392.780330637
2018-07-12 06:51:00,392.780330637
2018-07-12 06:52:00,392.780330637
2018-07-12 06:53:00,392.780330637
2018-07-12 06:54:00,384.494329224
2018-07-12 06:55:00,384.494329224
2018-07-12 06:56:00,384.494329224
2018-07-12 06:57:00,384.494329224
2018-07-12 06:58:00,376.208327812
2018-07-12 06:59:00,376.208327812
2018-07-12 07:00:00,376.208327812
2018-07-12 07:01:00,376.208327812
2018-07-12 07:02:00,376.208327812
2018-07-12 07:03:00,376.208327812
2018-07-12 07:04:00,376.208327812
2018-07-12 07:05:00,392.780330637
2018-07-12 07:06:00,392.780330637
2018-07-12 07:07:00,392.780330637
2018-07-12 07:08:00,392.780330637
2018-07-12 07:09:00,376.208327812
2018-07-12 07:10:00,376.208327812
2018-07-12 07:11:00,376.208327812
2018-07-12 07:12:00,392.780330637
2018-07-12 07:13:00,392.780330637
2018-07-12 07:14:00,392.780330637
2018-07-12 07:15:00,392.780330637
2018-07-12 07:16:00,392.780330637
2018-07-12 07:17:00,376.208327812
2018-07-12 07:18:00,376.208327812
2018-07-12 07:19:00,376.208327812
2018-07-12 07:20:00,376.208327812
2018-07-12 07:21:00,367.922326399
2018-07-12 07:22:00,359.636324987
2018-07-12 07:23:00,359.636324987
2018-07-12 07:24:00,359.636324987
2018-07-12 07:25:00,351.350323574
2018-07-12 07:26:00,351.350323574
2018-07-12 07:27:00,351.350323574
2018-07-12 07:28:00,351.350323574
2018-07-12 07:29:00,359.636324987
2018-07-12 07:30:00,351.350323574
2018-07-12 07:31:00,376.208327812
2018-07-12 07:32:00,376.208327812
2018-07-12 07:33:00,376.208327812
2018-07-12 07:34:00,351.350323574
2018-07-12 07:35:00,351.350323574
2018-07-12 07:36:00,351.350323574
2018-07-12 07:37:00,351.350323574
2018-07-12 07:38:00,359.636324987
2018-07-12 07:39:00,359.636324987
2018-07-12 07:40:00,359.636324987
2018-07-12 07:41:00,359.636324987
2018-07-12 07:42:00,359.636324987
2018-07-12 07:43:00,359.636324987
2018-07-12 07:44:00,351.350323574
2018-07-12 07:45:00,359.636324987
2018-07-12 07:46:00,359.636324987
2018-07-12 07:47:00,359.636324987
2018-07-12 07:48:00,359.636324987
2018-07-12 07:49:00,359.636324987
2018-07-12 07:50:00,359.636324987
2018-07-12 07:51:00,359.636324987
2018-07-12 07:52:00,359.636324987
2018-07-12 07:53:00,367.922326399
2018-07-12 07:54:00,376.208327812
2018-07-12 07:55:00,376.208327812
2018-07-12 07:56:00,376.208327812
2018-07-12 07:57:00,376.208327812
2018-07-12 07:58:00,376.208327812
2018-07-12 07:59:00,376.208327812
2018-07-12 08:00:00,376.208327812
2018-07-12 08:01:00,376.208327812
2018-07-12 08:02:00,367.922326399
2018-07-12 08:03:00,376.208327812
2018-07-12 08:04:00,376.208327812
2018-07-12 08:05:00,376.208327812
2018-07-12 08:06:00,376.208327812
2018-07-12 08:07:00,376.208327812
2018-07-12 08:08:00,367.922326399
2018-07-12 08:09:00,376.208327812
2018-07-12 08:10:00,384.494329224
2018-07-12 08:11:00,384.494329224
2018-07-12 08:12:00,384.494329224
2018-07-12 08:13:00,384.494329224
2018-07-12 08:14:00,384.494329224
2018-07-12 08:15:00,384.494329224
2018-07-12 08:16:00,384.494329224
2018-07-12 08:17:00,384.494329224
2018-07-12 08:18:00,384.494329224
2018-07-12 08:19:00,376.208327812
2018-07-12 08:20:00,376.208327812
2018-07-12 08:21:00,376.208327812
2018-07-12 08:22:00,376.208327812
2018-07-12 08:23:00,376.208327812
2018-07-12 08:24:00,376.208327812
2018-07-12 08:25:00,376.208327812
2018-07-12 08:26:00,376.208327812
2018-07-12 08:27:00,376.208327812
2018-07-12 08:28:00,376.208327812
2018-07-12 08:29:00,376.208327812
2018-07-12 08:30:00,376.208327812
2018-07-12 08:31:00,376.208327812
2018-07-12 08:32:00,401.066332049
2018-07-12 08:33:00,409.352333462
2018-07-12 08:34:00,409.352333462
2018-07-12 08:35:00,409.352333462
2018-07-12 08:36:00,425.924336287
2018-07-12 08:37:00,425.924336287
2018-07-12 08:38:00,409.352333462
2018-07-12 08:39:00,417.638334874
2018-07-12 08:40:00,417.638334874
2018-07-12 08:41:00,417.638334874
2018-07-12 08:42:00,417.638334874
2018-07-12 08:43:00,425.924336287
2018-07-12 08:44:00,417.638334874
2018-07-12 08:45:00,434.210337699
2018-07-12 08:46:00,434.210337699
2018-07-12 08:47:00,434.210337699
2018-07-12 08:48:00,434.210337699
2018-07-12 08:49:00,434.210337699
2018-07-12 08:50:00,434.210337699
2018-07-12 08:51:00,425.924336287
2018-07-12 08:52:00,425.924336287
2018-07-12 08:53:00,434.210337699
2018-07-12 08:54:00,434.210337699
2018-07-12 08:55:00,425.924336287
2018-07-12 08:56:00,425.924336287
2018-07-12 08:57:00,417.638334874
2018-07-12 08:58:00,417.638334874
2018-07-12 08:59:00,409.352333462
2018-07-12 09:00:00,409.352333462
2018-07-12 09:01:00,409.352333462
2018-07-12 09:02:00,409.352333462
2018-07-12 09:03:00,409.352333462
2018-07-12 09:04:00,409.352333462
2018-07-12 09:05:00,401.066332049
2018-07-12 09:06:00,392.780330637
2018-07-12 09:07:00,392.780330637
2018-07-12 09:08:00,392.780330637
2018-07-12 09:09:00,392.780330637
2018-07-12 09:10:00,392.780330637
2018-07-12 09:11:00,392.780330637
2018-07-12 09:12:00,409.352333462
2018-07-12 09:13:00,409.352333462
2018-07-12 09:14:00,409.352333462
2018-07-12 09:15:00,409.352333462
2018-07-12 09:16:00,409.352333462
2018-07-12 09:17:00,409.352333462
2018-07-12 09:18:00,409.352333462
2018-07-12 09:19:00,417.638334874
2018-07-12 09:20:00,417.638334874
2018-07-12 09:21:00,409.352333462
2018-07-12 09:22:00,417.638334874
2018-07-12 09:23:00,417.638334874
2018-07-12 09:24:00,425.924336287
2018-07-12 09:25:00,425.924336287
2018-07-12 09:26:00,417.638334874
2018-07-12 09:27:00,425.924336287
2018-07-12 09:28:00,409.352333462
2018-07-12 09:29:00,409.352333462
2018-07-12 09:30:00,401.066332049
2018-07-12 09:31:00,409.352333462
2018-07-12 09:32:00,417.638334874
2018-07-12 09:33:00,409.352333462
2018-07-12 09:34:00,409.352333462
2018-07-12 09:35:00,409.352333462
2018-07-12 09:36:00,409.352333462
2018-07-12 09:37:00,409.352333462
2018-07-12 09:38:00,409.352333462
2018-07-12 09:39:00,409.352333462
2018-07-12 09:40:00,417.638334874
2018-07-12 09:41:00,417.638334874
2018-07-12 09:42:00,417.638334874
2018-07-12 09:43:00,417.638334874
2018-07-12 09:44:00,417.638334874
2018-07-12 09:45:00,417.638334874
2018-07-12 09:46:00,417.638334874
2018-07-12 09:47:00,417.638334874
2018-07-12 09:48:00,417.638334874
2018-07-12 09:49:00,417.638334874
2018-07-12 09:50:00,417.638334874
2018-07-12 09:51:00,417.638334874
2018-07-12 09:52:00,417.638334874
2018-07-12 09:53:00,417.638334874
2018-07-12 09:54:00,417.638334874
2018-07-12 09:55:00,417.638334874
2018-07-12 09:56:00,417.638334874
2018-07-12 09:57:00,417.638334874
2018-07-12 09:58:00,417.638334874
2018-07-12 09:59:00,417.638334874
2018-07-12 10:00:00,417.638334874
2018-07-12 10:01:00,417.638334874
2018-07-12 10:02:00,417.638334874
2018-07-12 10:03:00,417.638334874
2018-07-12 10:04:00,417.638334874
2018-07-12 10:05:00,417.638334874
2018-07-12 10:06:00,417.638334874
2018-07-12 10:07:00,417.638334874
2018-07-12 10:08:00,417.638334874
2018-07-12 10:09:00,417.638334874
2018-07-12 10:10:00,417.638334874
2018-07-12 10:11:00,417.638334874
2018-07-12 10:12:00,417.638334874
2018-07-12 10:13:00,417.638334874
2018-07-12 10:14:00,409.352333462
2018-07-12 10:15:00,409.352333462
2018-07-12 10:16:00,409.352333462
2018-07-12 10:17:00,417.638334874
2018-07-12 10:18:00,425.924336287
2018-07-12 10:19:00,417.638334874
2018-07-12 10:20:00,417.638334874
2018-07-12 10:21:00,417.638334874
2018-07-12 10:22:00,417.638334874
2018-07-12 10:23:00,417.638334874
2018-07-12 10:24:00,417.638334874
2018-07-12 10:25:00,417.638334874
2018-07-12 10:26:00,417.638334874
2018-07-12 10:27:00,417.638334874
2018-07-12 10:28:00,417.638334874
2018-07-12 10:29:00,417.638334874
2018-07-12 10:30:00,417.638334874
2018-07-12 10:31:00,417.638334874
2018-07-12 10:32:00,417.638334874
2018-07-12 10:33:00,417.638334874
2018-07-12 10:34:00,409.352333462
2018-07-12 10:35:00,417.638334874
2018-07-12 10:36:00,409.352333462
2018-07-12 10:37:00,409.352333462
2018-07-12 10:38:00,409.352333462
2018-07-12 10:39:00,409.352333462
2018-07-12 10:40:00,409.352333462
2018-07-12 10:41:00,401.066332049
2018-07-12 10:42:00,401.066332049
2018-07-12 10:43:00,401.066332049
2018-07-12 10:44:00,392.780330637
2018-07-12 10:45:00,392.780330637
2018-07-12 10:46:00,392.780330637
2018-07-12 10:47:00,392.780330637
2018-07-12 10:48:00,392.780330637
2018-07-12 10:49:00,392.780330637
2018-07-12 10:50:00,392.780330637
2018-07-12 10:51:00,392.780330637
2018-07-12 10:52:00,392.780330637
2018-07-12 10:53:00,384.494329224
2018-07-12 10:54:00,384.494329224
2018-07-12 10:55:00,384.494329224
2018-07-12 10:56:00,384.494329224
2018-07-12 10:57:00,384.494329224
2018-07-12 10:58:00,384.494329224
2018-07-12 10:59:00,376.208327812
2018-07-12 11:00:00,359.636324987
2018-07-12 11:01:00,359.636324987
2018-07-12 11:02:00,359.636324987
2018-07-12 11:03:00,367.922326399
2018-07-12 11:04:00,367.922326399
2018-07-12 11:05:00,367.922326399
2018-07-12 11:06:00,367.922326399
2018-07-12 11:07:00,376.208327812
2018-07-12 11:08:00,376.208327812
2018-07-12 11:09:00,376.208327812
2018-07-12 11:10:00,376.208327812
2018-07-12 11:11:00,376.208327812
2018-07-12 11:12:00,376.208327812
2018-07-12 11:13:00,376.208327812
2018-07-12 11:14:00,376.208327812
2018-07-12 11:15:00,376.208327812
2018-07-12 11:16:00,376.208327812
2018-07-12 11:17:00,376.208327812
2018-07-12 11:18:00,376.208327812
2018-07-12 11:19:00,376.208327812
2018-07-12 11:20:00,376.208327812
2018-07-12 11:21:00,376.208327812
2018-07-12 11:22:00,376.208327812
2018-07-12 11:23:00,376.208327812
2018-07-12 11:24:00,376.208327812
2018-07-12 11:25:00,376.208327812
2018-07-12 11:26:00,376.208327812
2018-07-12 11:27:00,376.208327812
2018-07-12 11:28:00,376.208327812
2018-07-12 11:29:00,376.208327812
2018-07-12 11:30:00,376.208327812
2018-07-12 11:31:00,359.636324987
2018-07-12 11:32:00,367.922326399
2018-07-12 11:33:00,367.922326399
2018-07-12 11:34:00,367.922326399
2018-07-12 11:35:00,367.922326399
2018-07-12 11:36:00,367.922326399
2018-07-12 11:37:00,359.636324987
2018-07-12 11:38:00,359.636324987
2018-07-12 11:39:00,359.636324987
2018-07-12 11:40:00,376.208327812
2018-07-12 11:41:00,376.208327812
2018-07-12 11:42:00,376.208327812
2018-07-12 11:43:00,376.208327812
2018-07-12 11:44:00,376.208327812
2018-07-12 11:45:00,376.208327812
2018-07-12 11:46:00,376.208327812
2018-07-12 11:47:00,367.922326399
2018-07-12 11:48:00,376.208327812
2018-07-12 11:49:00,376.208327812
2018-07-12 11:50:00,376.208327812
2018-07-12 11:51:00,376.208327812
2018-07-12 11:52:00,376.208327812
2018-07-12 11:53:00,376.208327812
2018-07-12 11:54:00,376.208327812
2018-07-12 11:55:00,376.208327812
2018-07-12 11:56:00,376.208327812
2018-07-12 11:57:00,376.208327812
2018-07-12 11:58:00,376.208327812
2018-07-12 11:59:00,376.208327812
2018-07-13 01:29:00,508.784350412
2018-07-13 01:30:00,508.784350412
2018-07-13 01:31:00,508.784350412
2018-07-13 01:32:00,508.784350412
2018-07-13 01:33:00,508.784350412
2018-07-13 01:34:00,442.496339112
2018-07-13 01:35:00,442.496339112
2018-07-13 01:36:00,450.782340524
2018-07-13 01:37:00,434.210337699
2018-07-13 01:38:00,434.210337699
2018-07-13 01:39:00,434.210337699
2018-07-13 01:40:00,434.210337699
2018-07-13 01:41:00,434.210337699
2018-07-13 01:42:00,434.210337699
2018-07-13 01:43:00,434.210337699
2018-07-13 01:44:00,434.210337699
2018-07-13 01:45:00,442.496339112
2018-07-13 01:46:00,442.496339112
2018-07-13 01:47:00,442.496339112
2018-07-13 01:48:00,442.496339112
2018-07-13 01:49:00,442.496339112
2018-07-13 01:50:00,442.496339112
2018-07-13 01:51:00,442.496339112
2018-07-13 01:52:00,442.496339112
2018-07-13 01:53:00,442.496339112
2018-07-13 01:54:00,442.496339112
2018-07-13 01:55:00,442.496339112
2018-07-13 01:56:00,442.496339112
2018-07-13 01:57:00,442.496339112
2018-07-13 01:58:00,442.496339112
2018-07-13 01:59:00,442.496339112
2018-07-13 02:00:00,442.496339112
2018-07-13 02:01:00,434.210337699
2018-07-13 02:02:00,434.210337699
2018-07-13 02:03:00,434.210337699
2018-07-13 02:04:00,434.210337699
2018-07-13 02:05:00,442.496339112
2018-07-13 02:06:00,442.496339112
2018-07-13 02:07:00,442.496339112
2018-07-13 02:08:00,442.496339112
2018-07-13 02:09:00,442.496339112
2018-07-13 02:10:00,442.496339112
2018-07-13 02:11:00,459.068341937
2018-07-13 02:12:00,442.496339112
2018-07-13 02:13:00,459.068341937
2018-07-13 02:14:00,459.068341937
2018-07-13 02:15:00,459.068341937
2018-07-13 02:16:00,459.068341937
2018-07-13 02:17:00,459.068341937
2018-07-13 02:18:00,459.068341937
2018-07-13 02:19:00,459.068341937
2018-07-13 02:20:00,459.068341937
2018-07-13 02:21:00,459.068341937
2018-07-13 02:22:00,459.068341937
2018-07-13 02:23:00,459.068341937
2018-07-13 02:24:00,459.068341937
2018-07-13 02:25:00,459.068341937
2018-07-13 02:26:00,459.068341937
2018-07-13 02:27:00,483.926346174
2018-07-13 02:28:00,475.640344762
2018-07-13 02:29:00,475.640344762
2018-07-13 02:30:00,475.640344762
2018-07-13 02:31:00,483.926346174
2018-07-13 02:32:00,475.640344762
2018-07-13 02:33:00,483.926346174
2018-07-13 02:34:00,483.926346174
2018-07-13 02:35:00,483.926346174
2018-07-13 02:36:00,483.926346174
2018-07-13 02:37:00,508.784350412
2018-07-13 02:38:00,508.784350412
2018-07-13 02:39:00,500.498348999
2018-07-13 02:40:00,500.498348999
2018-07-13 02:41:00,508.784350412
2018-07-13 02:42:00,508.784350412
2018-07-13 02:43:00,508.784350412
2018-07-13 02:44:00,508.784350412
2018-07-13 02:45:00,508.784350412
2018-07-13 02:46:00,508.784350412
2018-07-13 02:47:00,508.784350412
2018-07-13 02:48:00,517.070351824
2018-07-13 02:49:00,517.070351824
2018-07-13 02:50:00,517.070351824
2018-07-13 02:51:00,533.642354649
2018-07-13 02:52:00,533.642354649
2018-07-13 02:53:00,533.642354649
2018-07-13 02:54:00,533.642354649
2018-07-13 02:55:00,533.642354649
2018-07-13 02:56:00,533.642354649
2018-07-13 02:57:00,533.642354649
2018-07-13 02:58:00,533.642354649
2018-07-13 02:59:00,533.642354649
2018-07-13 03:00:00,541.928356062
2018-07-13 03:01:00,533.642354649
2018-07-13 03:02:00,533.642354649
2018-07-13 03:03:00,525.356353237
2018-07-13 03:04:00,525.356353237
2018-07-13 03:05:00,541.928356062
2018-07-13 03:06:00,541.928356062
2018-07-13 03:07:00,541.928356062
2018-07-13 03:08:00,558.500358887
2018-07-13 03:09:00,550.214357474
2018-07-13 03:10:00,550.214357474
2018-07-13 03:11:00,558.500358887
2018-07-13 03:12:00,558.500358887
2018-07-13 03:13:00,558.500358887
2018-07-13 03:14:00,558.500358887
2018-07-13 03:15:00,558.500358887
2018-07-13 03:16:00,566.786360299
2018-07-13 03:17:00,566.786360299
2018-07-13 03:18:00,575.072361712
2018-07-13 03:19:00,575.072361712
2018-07-13 03:20:00,575.072361712
2018-07-13 03:21:00,575.072361712
2018-07-13 03:22:00,575.072361712
2018-07-13 03:23:00,575.072361712
2018-07-13 03:24:00,583.358363124
2018-07-13 03:25:00,575.072361712
2018-07-13 03:26:00,575.072361712
2018-07-13 03:27:00,575.072361712
2018-07-13 03:28:00,575.072361712
2018-07-13 03:29:00,575.072361712
2018-07-13 03:30:00,575.072361712
2018-07-13 03:31:00,575.072361712
2018-07-13 03:32:00,575.072361712
2018-07-13 03:33:00,575.072361712
2018-07-13 03:34:00,575.072361712
2018-07-13 03:35:00,575.072361712
2018-07-13 03:36:00,550.214357474
2018-07-13 03:37:00,558.500358887
2018-07-13 03:38:00,558.500358887
2018-07-13 03:39:00,575.072361712
2018-07-13 03:40:00,575.072361712
2018-07-13 03:41:00,575.072361712
2018-07-13 03:42:00,575.072361712
2018-07-13 03:43:00,575.072361712
2018-07-13 03:44:00,558.500358887
2018-07-13 03:45:00,558.500358887
2018-07-13 03:46:00,558.500358887
2018-07-13 03:47:00,558.500358887
2018-07-13 03:48:00,558.500358887
2018-07-13 03:49:00,558.500358887
2018-07-13 03:50:00,558.500358887
2018-07-13 03:51:00,558.500358887
2018-07-13 03:52:00,558.500358887
2018-07-13 03:53:00,558.500358887
2018-07-13 03:54:00,558.500358887
2018-07-13 03:55:00,558.500358887
2018-07-13 03:56:00,558.500358887
2018-07-13 03:57:00,558.500358887
2018-07-13 03:58:00,541.928356062
2018-07-13 03:59:00,541.928356062
2018-07-13 04:00:00,550.214357474
2018-07-13 04:01:00,566.786360299
2018-07-13 04:02:00,566.786360299
2018-07-13 04:03:00,566.786360299
2018-07-13 04:04:00,566.786360299
2018-07-13 04:05:00,566.786360299
2018-07-13 04:06:00,550.214357474
2018-07-13 04:07:00,550.214357474
2018-07-13 04:08:00,558.500358887
2018-07-13 04:09:00,558.500358887
2018-07-13 04:10:00,566.786360299
2018-07-13 04:11:00,558.500358887
2018-07-13 04:12:00,558.500358887
2018-07-13 04:13:00,550.214357474
2018-07-13 04:14:00,533.642354649
2018-07-13 04:15:00,533.642354649
2018-07-13 04:16:00,541.928356062
2018-07-13 04:17:00,533.642354649
2018-07-13 04:18:00,541.928356062
2018-07-13 04:19:00,541.928356062
2018-07-13 04:20:00,541.928356062
2018-07-13 04:21:00,550.214357474
2018-07-13 04:22:00,541.928356062
2018-07-13 04:23:00,541.928356062
2018-07-13 04:24:00,541.928356062
2018-07-13 04:25:00,541.928356062
2018-07-13 04:26:00,558.500358887
2018-07-13 04:27:00,550.214357474
2018-07-13 04:28:00,541.928356062
2018-07-13 04:29:00,541.928356062
2018-07-13 04:30:00,558.500358887
2018-07-13 04:31:00,566.786360299
2018-07-13 04:32:00,566.786360299
2018-07-13 04:33:00,566.786360299
2018-07-13 04:34:00,566.786360299
2018-07-13 04:35:00,566.786360299
2018-07-13 04:36:00,566.786360299
2018-07-13 04:37:00,558.500358887
2018-07-13 04:38:00,541.928356062
2018-07-13 04:39:00,550.214357474
2018-07-13 04:40:00,550.214357474
2018-07-13 04:41:00,541.928356062
2018-07-13 04:42:00,550.214357474
2018-07-13 04:43:00,550.214357474
2018-07-13 04:44:00,566.786360299
2018-07-13 04:45:00,566.786360299
2018-07-13 04:46:00,566.786360299
2018-07-13 04:47:00,566.786360299
2018-07-13 04:48:00,550.214357474
2018-07-13 04:49:00,550.214357474
2018-07-13 04:50:00,550.214357474
2018-07-13 04:51:00,550.214357474
2018-07-13 04:52:00,541.928356062
2018-07-13 04:53:00,541.928356062
2018-07-13 04:54:00,541.928356062
2018-07-13 04:55:00,541.928356062
2018-07-13 04:56:00,541.928356062
2018-07-13 04:57:00,541.928356062
2018-07-13 04:58:00,541.928356062
2018-07-13 04:59:00,541.928356062
2018-07-13 05:00:00,541.928356062
2018-07-13 05:01:00,541.928356062
2018-07-13 05:02:00,541.928356062
2018-07-13 05:03:00,541.928356062
2018-07-13 05:04:00,541.928356062
2018-07-13 05:05:00,525.356353237
2018-07-13 05:06:00,525.356353237
2018-07-13 05:07:00,525.356353237
2018-07-13 05:08:00,517.070351824
2018-07-13 05:09:00,508.784350412
2018-07-13 05:10:00,508.784350412
2018-07-13 05:11:00,508.784350412
2018-07-13 05:12:00,517.070351824
2018-07-13 05:13:00,517.070351824
2018-07-13 05:14:00,508.784350412
2018-07-13 05:15:00,517.070351824
2018-07-13 05:16:00,517.070351824
2018-07-13 05:17:00,517.070351824
2018-07-13 05:18:00,517.070351824
2018-07-13 05:19:00,517.070351824
2018-07-13 05:20:00,517.070351824
2018-07-13 05:21:00,517.070351824
2018-07-13 05:22:00,525.356353237
2018-07-13 05:23:00,525.356353237
2018-07-13 05:24:00,525.356353237
2018-07-13 05:25:00,517.070351824
2018-07-13 05:26:00,517.070351824
2018-07-13 05:27:00,525.356353237
2018-07-13 05:28:00,525.356353237
2018-07-13 05:29:00,517.070351824
2018-07-13 05:30:00,525.356353237
2018-07-13 05:31:00,525.356353237
2018-07-13 05:32:00,525.356353237
2018-07-13 05:33:00,525.356353237
2018-07-13 05:34:00,525.356353237
2018-07-13 05:35:00,525.356353237
2018-07-13 05:36:00,525.356353237
2018-07-13 05:37:00,525.356353237
2018-07-13 05:38:00,525.356353237
2018-07-13 05:39:00,517.070351824
2018-07-13 05:40:00,517.070351824
2018-07-13 05:41:00,525.356353237
2018-07-13 05:42:00,525.356353237
2018-07-13 05:43:00,525.356353237
2018-07-13 05:44:00,525.356353237
2018-07-13 05:45:00,508.784350412
2018-07-13 05:46:00,525.356353237
2018-07-13 05:47:00,525.356353237
2018-07-13 05:48:00,517.070351824
2018-07-13 05:49:00,517.070351824
2018-07-13 05:50:00,508.784350412
2018-07-13 05:51:00,508.784350412
2018-07-13 05:52:00,508.784350412
2018-07-13 05:53:00,508.784350412
2018-07-13 05:54:00,500.498348999
2018-07-13 05:55:00,508.784350412
2018-07-13 05:56:00,517.070351824
2018-07-13 05:57:00,517.070351824
2018-07-13 05:58:00,517.070351824
2018-07-13 05:59:00,508.784350412
2018-07-13 06:00:00,508.784350412
2018-07-13 06:01:00,508.784350412
2018-07-13 06:02:00,508.784350412
2018-07-13 06:03:00,508.784350412
2018-07-13 06:04:00,500.498348999
2018-07-13 06:05:00,500.498348999
2018-07-13 06:06:00,508.784350412
2018-07-13 06:07:00,508.784350412
2018-07-13 06:08:00,517.070351824
2018-07-13 06:09:00,517.070351824
2018-07-13 06:10:00,517.070351824
2018-07-13 06:11:00,517.070351824
2018-07-13 06:12:00,517.070351824
2018-07-13 06:13:00,517.070351824
2018-07-13 06:14:00,517.070351824
2018-07-13 06:15:00,525.356353237
2018-07-13 06:16:00,525.356353237
2018-07-13 06:17:00,525.356353237
2018-07-13 06:18:00,525.356353237
2018-07-13 06:19:00,525.356353237
2018-07-13 06:20:00,525.356353237
2018-07-13 06:21:00,525.356353237
2018-07-13 06:22:00,525.356353237
2018-07-13 06:23:00,525.356353237
2018-07-13 06:24:00,517.070351824
2018-07-13 06:25:00,525.356353237
2018-07-13 06:26:00,525.356353237
2018-07-13 06:27:00,525.356353237
2018-07-13 06:28:00,525.356353237
2018-07-13 06:29:00,500.498348999
2018-07-13 06:30:00,500.498348999
2018-07-13 06:31:00,500.498348999
2018-07-13 06:32:00,508.784350412
2018-07-13 06:33:00,500.498348999
2018-07-13 06:34:00,500.498348999
2018-07-13 06:35:00,508.784350412
2018-07-13 06:36:00,508.784350412
2018-07-13 06:37:00,475.640344762
2018-07-13 06:38:00,475.640344762
2018-07-13 06:39:00,475.640344762
2018-07-13 06:40:00,467.354343349
2018-07-13 06:41:00,467.354343349
2018-07-13 06:42:00,475.640344762
2018-07-13 06:43:00,475.640344762
2018-07-13 06:44:00,475.640344762
2018-07-13 06:45:00,475.640344762
2018-07-13 06:46:00,467.354343349
2018-07-13 06:47:00,417.638334874
2018-07-13 06:48:00,425.924336287
2018-07-13 06:49:00,442.496339112
2018-07-13 06:50:00,450.782340524
2018-07-13 06:51:00,442.496339112
2018-07-13 06:52:00,442.496339112
2018-07-13 06:53:00,442.496339112
2018-07-13 06:54:00,434.210337699
2018-07-13 06:55:00,425.924336287
2018-07-13 06:56:00,425.924336287
2018-07-13 06:57:00,442.496339112
2018-07-13 06:58:00,434.210337699
2018-07-13 06:59:00,425.924336287
2018-07-13 07:00:00,425.924336287
2018-07-13 07:01:00,425.924336287
2018-07-13 07:02:00,417.638334874
2018-07-13 07:03:00,425.924336287
2018-07-13 07:04:00,425.924336287
2018-07-13 07:05:00,425.924336287
2018-07-13 07:06:00,425.924336287
2018-07-13 07:07:00,425.924336287
2018-07-13 07:08:00,425.924336287
2018-07-13 07:09:00,409.352333462
2018-07-13 07:10:00,409.352333462
2018-07-13 07:11:00,417.638334874
2018-07-13 07:12:00,425.924336287
2018-07-13 07:13:00,425.924336287
2018-07-13 07:14:00,425.924336287
2018-07-13 07:15:00,425.924336287
2018-07-13 07:16:00,425.924336287
2018-07-13 07:17:00,425.924336287
2018-07-13 07:18:00,425.924336287
2018-07-13 07:19:00,425.924336287
2018-07-13 07:20:00,425.924336287
2018-07-13 07:21:00,409.352333462
2018-07-13 07:22:00,409.352333462
2018-07-13 07:23:00,425.924336287
2018-07-13 07:24:00,425.924336287
2018-07-13 07:25:00,417.638334874
2018-07-13 07:26:00,425.924336287
2018-07-13 07:27:00,417.638334874
2018-07-13 07:28:00,425.924336287
2018-07-13 07:29:00,425.924336287
2018-07-13 07:30:00,425.924336287
2018-07-13 07:31:00,425.924336287
2018-07-13 07:32:00,425.924336287
2018-07-13 07:33:00,425.924336287
2018-07-13 07:34:00,442.496339112
2018-07-13 07:35:00,442.496339112
2018-07-13 07:36:00,459.068341937
2018-07-13 07:37:00,459.068341937
2018-07-13 07:38:00,459.068341937
2018-07-13 07:39:00,467.354343349
2018-07-13 07:40:00,467.354343349
2018-07-13 07:41:00,459.068341937
2018-07-13 07:42:00,450.782340524
2018-07-13 07:43:00,450.782340524
2018-07-13 07:44:00,442.496339112
2018-07-13 07:45:00,442.496339112
2018-07-13 07:46:00,442.496339112
2018-07-13 07:47:00,450.782340524
2018-07-13 07:48:00,442.496339112
2018-07-13 07:49:00,442.496339112
2018-07-13 07:50:00,442.496339112
2018-07-13 07:51:00,442.496339112
2018-07-13 07:52:00,442.496339112
2018-07-13 07:53:00,442.496339112
2018-07-13 07:54:00,442.496339112
2018-07-13 07:55:00,442.496339112
2018-07-13 07:56:00,442.496339112
2018-07-13 07:57:00,442.496339112
2018-07-13 07:58:00,442.496339112
2018-07-13 07:59:00,442.496339112
2018-07-13 08:00:00,442.496339112
2018-07-13 08:01:00,442.496339112
2018-07-13 08:02:00,434.210337699
2018-07-13 08:03:00,434.210337699
2018-07-13 08:04:00,434.210337699
2018-07-13 08:05:00,434.210337699
2018-07-13 08:06:00,434.210337699
2018-07-13 08:07:00,434.210337699
2018-07-13 08:08:00,434.210337699
2018-07-13 08:09:00,434.210337699
2018-07-13 08:10:00,434.210337699
2018-07-13 08:11:00,434.210337699
2018-07-13 08:12:00,434.210337699
2018-07-13 08:13:00,434.210337699
2018-07-13 08:14:00,434.210337699
2018-07-13 08:15:00,434.210337699
2018-07-13 08:16:00,434.210337699
2018-07-13 08:17:00,425.924336287
2018-07-13 08:18:00,425.924336287
2018-07-13 08:19:00,425.924336287
2018-07-13 08:20:00,417.638334874
2018-07-13 08:21:00,417.638334874
2018-07-13 08:22:00,417.638334874
2018-07-13 08:23:00,409.352333462
2018-07-13 08:24:00,409.352333462
2018-07-13 08:25:00,409.352333462
2018-07-13 08:26:00,409.352333462
2018-07-13 08:27:00,409.352333462
2018-07-13 08:28:00,409.352333462
2018-07-13 08:29:00,401.066332049
2018-07-13 08:30:00,401.066332049
2018-07-13 08:31:00,417.638334874
2018-07-13 08:32:00,417.638334874
2018-07-13 08:33:00,417.638334874
2018-07-13 08:34:00,409.352333462
2018-07-13 08:35:00,392.780330637
2018-07-13 08:36:00,392.780330637
2018-07-13 08:37:00,392.780330637
2018-07-13 08:38:00,392.780330637
2018-07-13 08:39:00,392.780330637
2018-07-13 08:40:00,392.780330637
2018-07-13 08:41:00,401.066332049
2018-07-13 08:42:00,392.780330637
2018-07-13 08:43:00,392.780330637
2018-07-13 08:44:00,392.780330637
2018-07-13 08:45:00,392.780330637
2018-07-13 08:46:00,392.780330637
2018-07-13 08:47:00,392.780330637
2018-07-13 08:48:00,392.780330637
2018-07-13 08:49:00,392.780330637
2018-07-13 08:50:00,392.780330637
2018-07-13 08:51:00,409.352333462
2018-07-13 08:52:00,409.352333462
2018-07-13 08:53:00,409.352333462
2018-07-13 08:54:00,409.352333462
2018-07-13 08:55:00,409.352333462
2018-07-13 08:56:00,409.352333462
2018-07-13 08:57:00,409.352333462
2018-07-13 08:58:00,409.352333462
2018-07-13 08:59:00,409.352333462
2018-07-13 09:00:00,417.638334874
2018-07-13 09:01:00,417.638334874
2018-07-13 09:02:00,417.638334874
2018-07-13 09:03:00,417.638334874
2018-07-13 09:04:00,442.496339112
2018-07-13 09:05:00,442.496339112
2018-07-13 09:06:00,442.496339112
2018-07-13 09:07:00,442.496339112
2018-07-13 09:08:00,434.210337699
2018-07-13 09:09:00,442.496339112
2018-07-13 09:10:00,442.496339112
2018-07-13 09:11:00,442.496339112
2018-07-13 09:12:00,442.496339112
2018-07-13 09:13:00,434.210337699
2018-07-13 09:14:00,442.496339112
2018-07-13 09:15:00,442.496339112
2018-07-13 09:16:00,425.924336287
2018-07-13 09:17:00,425.924336287
2018-07-13 09:18:00,442.496339112
2018-07-13 09:19:00,434.210337699
2018-07-13 09:20:00,442.496339112
2018-07-13 09:21:00,442.496339112
2018-07-13 09:22:00,442.496339112
2018-07-13 09:23:00,442.496339112
2018-07-13 09:24:00,442.496339112
2018-07-13 09:25:00,442.496339112
2018-07-13 09:26:00,442.496339112
2018-07-13 09:27:00,459.068341937
2018-07-13 09:28:00,459.068341937
2018-07-13 09:29:00,459.068341937
2018-07-13 09:30:00,459.068341937
2018-07-13 09:31:00,459.068341937
2018-07-13 09:32:00,459.068341937
2018-07-13 09:33:00,459.068341937
2018-07-13 09:34:00,459.068341937
2018-07-13 09:35:00,459.068341937
2018-07-13 09:36:00,459.068341937
2018-07-13 09:37:00,467.354343349
2018-07-13 09:38:00,467.354343349
2018-07-13 09:39:00,467.354343349
2018-07-13 09:40:00,459.068341937
2018-07-13 09:41:00,459.068341937
2018-07-13 09:42:00,459.068341937
2018-07-13 09:43:00,459.068341937
2018-07-13 09:44:00,459.068341937
2018-07-13 09:45:00,459.068341937
2018-07-13 09:46:00,459.068341937
2018-07-13 09:47:00,459.068341937
2018-07-13 09:48:00,459.068341937
2018-07-13 09:49:00,459.068341937
2018-07-13 09:50:00,459.068341937
2018-07-13 09:51:00,459.068341937
2018-07-13 09:52:00,459.068341937
2018-07-13 09:53:00,459.068341937
2018-07-13 09:54:00,459.068341937
2018-07-13 09:55:00,459.068341937
2018-07-13 09:56:00,459.068341937
2018-07-13 09:57:00,459.068341937
2018-07-13 09:58:00,450.782340524
2018-07-13 09:59:00,450.782340524
2018-07-13 10:00:00,442.496339112
2018-07-13 10:01:00,450.782340524
2018-07-13 10:02:00,450.782340524
2018-07-13 10:03:00,459.068341937
2018-07-13 10:04:00,450.782340524
2018-07-13 10:05:00,450.782340524
2018-07-13 10:06:00,450.782340524
2018-07-13 10:07:00,442.496339112
2018-07-13 10:08:00,442.496339112
2018-07-13 10:09:00,442.496339112
2018-07-13 10:10:00,442.496339112
2018-07-13 10:11:00,450.782340524
2018-07-13 10:12:00,450.782340524
2018-07-13 10:13:00,450.782340524
2018-07-13 10:14:00,442.496339112
2018-07-13 10:15:00,442.496339112
2018-07-13 10:16:00,442.496339112
2018-07-13 10:17:00,442.496339112
2018-07-13 10:18:00,442.496339112
2018-07-13 10:19:00,442.496339112
2018-07-13 10:20:00,442.496339112
2018-07-13 10:21:00,442.496339112
2018-07-13 10:22:00,442.496339112
2018-07-13 10:23:00,442.496339112
2018-07-13 10:24:00,442.496339112
2018-07-13 10:25:00,442.496339112
2018-07-13 10:26:00,442.496339112
2018-07-13 10:27:00,425.924336287
2018-07-13 10:28:00,425.924336287
2018-07-13 10:29:00,425.924336287
2018-07-13 10:30:00,425.924336287
2018-07-13 10:31:00,434.210337699
2018-07-13 10:32:00,425.924336287
2018-07-13 10:33:00,434.210337699
2018-07-13 10:34:00,425.924336287
2018-07-13 10:35:00,425.924336287
2018-07-13 10:36:00,425.924336287
2018-07-13 10:37:00,434.210337699
2018-07-13 10:38:00,434.210337699
2018-07-13 10:39:00,434.210337699
2018-07-13 10:40:00,417.638334874
2018-07-13 10:41:00,417.638334874
2018-07-13 10:42:00,409.352333462
2018-07-13 10:43:00,425.924336287
2018-07-13 10:44:00,417.638334874
2018-07-13 10:45:00,425.924336287
2018-07-13 10:46:00,434.210337699
2018-07-13 10:47:00,434.210337699
2018-07-13 10:48:00,425.924336287
2018-07-13 10:49:00,425.924336287
2018-07-13 10:50:00,425.924336287
2018-07-13 10:51:00,425.924336287
2018-07-13 10:52:00,425.924336287
2018-07-13 10:53:00,425.924336287
2018-07-13 10:54:00,425.924336287
2018-07-13 10:55:00,425.924336287
2018-07-13 10:56:00,425.924336287
2018-07-13 10:57:00,425.924336287
2018-07-13 10:58:00,425.924336287
2018-07-13 10:59:00,425.924336287
2018-07-13 11:00:00,425.924336287
2018-07-13 11:01:00,425.924336287
2018-07-13 11:02:00,425.924336287
2018-07-13 11:03:00,442.496339112
2018-07-13 11:04:00,434.210337699
2018-07-13 11:05:00,434.210337699
2018-07-13 11:06:00,434.210337699
2018-07-13 11:07:00,442.496339112
2018-07-13 11:08:00,442.496339112
2018-07-13 11:09:00,442.496339112
2018-07-13 11:10:00,442.496339112
2018-07-13 11:11:00,442.496339112
2018-07-13 11:12:00,442.496339112
2018-07-13 11:13:00,442.496339112
2018-07-13 11:14:00,442.496339112
2018-07-13 11:15:00,442.496339112
2018-07-13 11:16:00,442.496339112
2018-07-13 11:17:00,450.782340524
2018-07-13 11:18:00,450.782340524
2018-07-13 11:19:00,450.782340524
2018-07-13 11:20:00,450.782340524
2018-07-13 11:21:00,450.782340524
2018-07-13 11:22:00,442.496339112
2018-07-13 11:23:00,442.496339112
2018-07-13 11:24:00,450.782340524
2018-07-13 11:25:00,450.782340524
2018-07-13 11:26:00,459.068341937
2018-07-13 11:27:00,459.068341937
2018-07-13 11:28:00,459.068341937
2018-07-13 11:29:00,417.638334874
2018-07-13 11:30:00,417.638334874
2018-07-13 11:31:00,417.638334874
2018-07-13 11:32:00,417.638334874
2018-07-13 11:33:00,425.924336287
2018-07-13 11:34:00,434.210337699
2018-07-13 11:35:00,434.210337699
2018-07-13 11:36:00,434.210337699
2018-07-13 11:37:00,442.496339112
2018-07-13 11:38:00,434.210337699
2018-07-13 11:39:00,417.638334874
2018-07-13 11:40:00,417.638334874
2018-07-13 11:41:00,417.638334874
2018-07-13 11:42:00,417.638334874
2018-07-13 11:43:00,417.638334874
2018-07-13 11:44:00,417.638334874
2018-07-13 11:45:00,417.638334874
2018-07-13 11:46:00,417.638334874
2018-07-13 11:47:00,417.638334874
2018-07-13 11:48:00,425.924336287
2018-07-13 11:49:00,442.496339112
2018-07-13 11:50:00,442.496339112
2018-07-13 11:51:00,442.496339112
2018-07-13 11:52:00,442.496339112
2018-07-13 11:53:00,442.496339112
2018-07-13 11:54:00,434.210337699
2018-07-13 11:55:00,425.924336287
2018-07-13 11:56:00,425.924336287
2018-07-13 11:57:00,425.924336287
2018-07-13 11:58:00,425.924336287
2018-07-13 11:59:00,425.924336287
2018-07-16 01:29:00,433.923919021
2018-07-16 01:30:00,433.923919021
2018-07-16 01:31:00,433.923919021
2018-07-16 01:32:00,442.495614646
2018-07-16 01:33:00,442.495614646
2018-07-16 01:34:00,442.495614646
2018-07-16 01:35:00,433.923919021
2018-07-16 01:36:00,433.923919021
2018-07-16 01:37:00,433.923919021
2018-07-16 01:38:00,433.923919021
2018-07-16 01:39:00,433.923919021
2018-07-16 01:40:00,451.067310271
2018-07-16 01:41:00,485.354092771
2018-07-16 01:42:00,493.925788396
2018-07-16 01:43:00,493.925788396
2018-07-16 01:44:00,493.925788396
2018-07-16 01:45:00,502.497484021
2018-07-16 01:46:00,511.069179646
2018-07-16 01:47:00,511.069179646
2018-07-16 01:48:00,511.069179646
2018-07-16 01:49:00,502.497484021
2018-07-16 01:50:00,511.069179646
2018-07-16 01:51:00,502.497484021
2018-07-16 01:52:00,493.925788396
2018-07-16 01:53:00,485.354092771
2018-07-16 01:54:00,485.354092771
2018-07-16 01:55:00,493.925788396
2018-07-16 01:56:00,502.497484021
2018-07-16 01:57:00,502.497484021
2018-07-16 01:58:00,502.497484021
2018-07-16 01:59:00,502.497484021
2018-07-16 02:00:00,485.354092771
2018-07-16 02:01:00,485.354092771
2018-07-16 02:02:00,485.354092771
2018-07-16 02:03:00,476.782397146
2018-07-16 02:04:00,476.782397146
2018-07-16 02:05:00,485.354092771
2018-07-16 02:06:00,485.354092771
2018-07-16 02:07:00,493.925788396
2018-07-16 02:08:00,493.925788396
2018-07-16 02:09:00,493.925788396
2018-07-16 02:10:00,493.925788396
2018-07-16 02:11:00,493.925788396
2018-07-16 02:12:00,493.925788396
2018-07-16 02:13:00,493.925788396
2018-07-16 02:14:00,476.782397146
2018-07-16 02:15:00,485.354092771
2018-07-16 02:16:00,485.354092771
2018-07-16 02:17:00,485.354092771
2018-07-16 02:18:00,493.925788396
2018-07-16 02:19:00,485.354092771
2018-07-16 02:20:00,493.925788396
2018-07-16 02:21:00,493.925788396
2018-07-16 02:22:00,493.925788396
2018-07-16 02:23:00,476.782397146
2018-07-16 02:24:00,493.925788396
2018-07-16 02:25:00,493.925788396
2018-07-16 02:26:00,493.925788396
2018-07-16 02:27:00,511.069179646
2018-07-16 02:28:00,511.069179646
2018-07-16 02:29:00,511.069179646
2018-07-16 02:30:00,511.069179646
2018-07-16 02:31:00,511.069179646
2018-07-16 02:32:00,511.069179646
2018-07-16 02:33:00,519.640875271
2018-07-16 02:34:00,519.640875271
2018-07-16 02:35:00,528.212570896
2018-07-16 02:36:00,528.212570896
2018-07-16 02:37:00,528.212570896
2018-07-16 02:38:00,553.927657771
2018-07-16 02:39:00,562.499353396
2018-07-16 02:40:00,562.499353396
2018-07-16 02:41:00,553.927657771
2018-07-16 02:42:00,553.927657771
2018-07-16 02:43:00,553.927657771
2018-07-16 02:44:00,545.355962146
2018-07-16 02:45:00,545.355962146
2018-07-16 02:46:00,545.355962146
2018-07-16 02:47:00,545.355962146
2018-07-16 02:48:00,545.355962146
2018-07-16 02:49:00,545.355962146
2018-07-16 02:50:00,545.355962146
2018-07-16 02:51:00,536.784266521
2018-07-16 02:52:00,528.212570896
2018-07-16 02:53:00,528.212570896
2018-07-16 02:54:00,528.212570896
2018-07-16 02:55:00,528.212570896
2018-07-16 02:56:00,528.212570896
2018-07-16 02:57:00,528.212570896
2018-07-16 02:58:00,519.640875271
2018-07-16 02:59:00,519.640875271
2018-07-16 03:00:00,519.640875271
2018-07-16 03:01:00,511.069179646
2018-07-16 03:02:00,511.069179646
2018-07-16 03:03:00,511.069179646
2018-07-16 03:04:00,511.069179646
2018-07-16 03:05:00,511.069179646
2018-07-16 03:06:00,519.640875271
2018-07-16 03:07:00,519.640875271
2018-07-16 03:08:00,511.069179646
2018-07-16 03:09:00,519.640875271
2018-07-16 03:10:00,528.212570896
2018-07-16 03:11:00,528.212570896
2018-07-16 03:12:00,528.212570896
2018-07-16 03:13:00,528.212570896
2018-07-16 03:14:00,528.212570896
2018-07-16 03:15:00,528.212570896
2018-07-16 03:16:00,553.927657771
2018-07-16 03:17:00,545.355962146
2018-07-16 03:18:00,562.499353396
2018-07-16 03:19:00,562.499353396
2018-07-16 03:20:00,562.499353396
2018-07-16 03:21:00,562.499353396
2018-07-16 03:22:00,545.355962146
2018-07-16 03:23:00,553.927657771
2018-07-16 03:24:00,545.355962146
2018-07-16 03:25:00,545.355962146
2018-07-16 03:26:00,536.784266521
2018-07-16 03:27:00,536.784266521
2018-07-16 03:28:00,536.784266521
2018-07-16 03:29:00,545.355962146
2018-07-16 03:30:00,536.784266521
2018-07-16 03:31:00,536.784266521
2018-07-16 03:32:00,528.212570896
2018-07-16 03:33:00,502.497484021
2018-07-16 03:34:00,493.925788396
2018-07-16 03:35:00,493.925788396
2018-07-16 03:36:00,502.497484021
2018-07-16 03:37:00,511.069179646
2018-07-16 03:38:00,511.069179646
2018-07-16 03:39:00,519.640875271
2018-07-16 03:40:00,511.069179646
2018-07-16 03:41:00,528.212570896
2018-07-16 03:42:00,519.640875271
2018-07-16 03:43:00,519.640875271
2018-07-16 03:44:00,528.212570896
2018-07-16 03:45:00,528.212570896
2018-07-16 03:46:00,528.212570896
2018-07-16 03:47:00,528.212570896
2018-07-16 03:48:00,528.212570896
2018-07-16 03:49:00,511.069179646
2018-07-16 03:50:00,519.640875271
2018-07-16 03:51:00,528.212570896
2018-07-16 03:52:00,519.640875271
2018-07-16 03:53:00,528.212570896
2018-07-16 03:54:00,528.212570896
2018-07-16 03:55:00,519.640875271
2018-07-16 03:56:00,519.640875271
2018-07-16 03:57:00,528.212570896
2018-07-16 03:58:00,528.212570896
2018-07-16 03:59:00,528.212570896
2018-07-16 04:00:00,528.212570896
2018-07-16 04:01:00,528.212570896
2018-07-16 04:02:00,528.212570896
2018-07-16 04:03:00,528.212570896
2018-07-16 04:04:00,528.212570896
2018-07-16 04:05:00,528.212570896
2018-07-16 04:06:00,528.212570896
2018-07-16 04:07:00,528.212570896
2018-07-16 04:08:00,528.212570896
2018-07-16 04:09:00,528.212570896
2018-07-16 04:10:00,528.212570896
2018-07-16 04:11:00,528.212570896
2018-07-16 04:12:00,528.212570896
2018-07-16 04:13:00,536.784266521
2018-07-16 04:14:00,528.212570896
2018-07-16 04:15:00,528.212570896
2018-07-16 04:16:00,528.212570896
2018-07-16 04:17:00,528.212570896
2018-07-16 04:18:00,528.212570896
2018-07-16 04:19:00,528.212570896
2018-07-16 04:20:00,528.212570896
2018-07-16 04:21:00,528.212570896
2018-07-16 04:22:00,528.212570896
2018-07-16 04:23:00,536.784266521
2018-07-16 04:24:00,536.784266521
2018-07-16 04:25:00,528.212570896
2018-07-16 04:26:00,528.212570896
2018-07-16 04:27:00,528.212570896
2018-07-16 04:28:00,528.212570896
2018-07-16 04:29:00,519.640875271
2018-07-16 04:30:00,519.640875271
2018-07-16 04:31:00,528.212570896
2018-07-16 04:32:00,528.212570896
2018-07-16 04:33:00,519.640875271
2018-07-16 04:34:00,519.640875271
2018-07-16 04:35:00,519.640875271
2018-07-16 04:36:00,519.640875271
2018-07-16 04:37:00,519.640875271
2018-07-16 04:38:00,519.640875271
2018-07-16 04:39:00,519.640875271
2018-07-16 04:40:00,519.640875271
2018-07-16 04:41:00,519.640875271
2018-07-16 04:42:00,519.640875271
2018-07-16 04:43:00,528.212570896
2018-07-16 04:44:00,519.640875271
2018-07-16 04:45:00,519.640875271
2018-07-16 04:46:00,528.212570896
2018-07-16 04:47:00,519.640875271
2018-07-16 04:48:00,528.212570896
2018-07-16 04:49:00,528.212570896
2018-07-16 04:50:00,528.212570896
2018-07-16 04:51:00,528.212570896
2018-07-16 04:52:00,528.212570896
2018-07-16 04:53:00,528.212570896
2018-07-16 04:54:00,528.212570896
2018-07-16 04:55:00,528.212570896
2018-07-16 04:56:00,536.784266521
2018-07-16 04:57:00,536.784266521
2018-07-16 04:58:00,536.784266521
2018-07-16 04:59:00,519.640875271
2018-07-16 05:00:00,519.640875271
2018-07-16 05:01:00,519.640875271
2018-07-16 05:02:00,511.069179646
2018-07-16 05:03:00,528.212570896
2018-07-16 05:04:00,528.212570896
2018-07-16 05:05:00,528.212570896
2018-07-16 05:06:00,528.212570896
2018-07-16 05:07:00,528.212570896
2018-07-16 05:08:00,528.212570896
2018-07-16 05:09:00,528.212570896
2018-07-16 05:10:00,528.212570896
2018-07-16 05:11:00,528.212570896
2018-07-16 05:12:00,528.212570896
2018-07-16 05:13:00,528.212570896
2018-07-16 05:14:00,528.212570896
2018-07-16 05:15:00,528.212570896
2018-07-16 05:16:00,528.212570896
2018-07-16 05:17:00,528.212570896
2018-07-16 05:18:00,528.212570896
2018-07-16 05:19:00,528.212570896
2018-07-16 05:20:00,528.212570896
2018-07-16 05:21:00,528.212570896
2018-07-16 05:22:00,528.212570896
2018-07-16 05:23:00,528.212570896
2018-07-16 05:24:00,519.640875271
2018-07-16 05:25:00,528.212570896
2018-07-16 05:26:00,519.640875271
2018-07-16 05:27:00,519.640875271
2018-07-16 05:28:00,519.640875271
2018-07-16 05:29:00,519.640875271
2018-07-16 05:30:00,528.212570896
2018-07-16 05:31:00,528.212570896
2018-07-16 05:32:00,528.212570896
2018-07-16 05:33:00,528.212570896
2018-07-16 05:34:00,528.212570896
2018-07-16 05:35:00,528.212570896
2018-07-16 05:36:00,528.212570896
2018-07-16 05:37:00,528.212570896
2018-07-16 05:38:00,528.212570896
2018-07-16 05:39:00,528.212570896
2018-07-16 05:40:00,519.640875271
2018-07-16 05:41:00,519.640875271
2018-07-16 05:42:00,519.640875271
2018-07-16 05:43:00,519.640875271
2018-07-16 05:44:00,519.640875271
2018-07-16 05:45:00,511.069179646
2018-07-16 05:46:00,511.069179646
2018-07-16 05:47:00,519.640875271
2018-07-16 05:48:00,519.640875271
2018-07-16 05:49:00,519.640875271
2018-07-16 05:50:00,528.212570896
2018-07-16 05:51:00,528.212570896
2018-07-16 05:52:00,528.212570896
2018-07-16 05:53:00,528.212570896
2018-07-16 05:54:00,528.212570896
2018-07-16 05:55:00,519.640875271
2018-07-16 05:56:00,519.640875271
2018-07-16 05:57:00,511.069179646
2018-07-16 05:58:00,511.069179646
2018-07-16 05:59:00,511.069179646
2018-07-16 06:00:00,511.069179646
2018-07-16 06:01:00,511.069179646
2018-07-16 06:02:00,528.212570896
2018-07-16 06:03:00,528.212570896
2018-07-16 06:04:00,528.212570896
2018-07-16 06:05:00,528.212570896
2018-07-16 06:06:00,528.212570896
2018-07-16 06:07:00,528.212570896
2018-07-16 06:08:00,528.212570896
2018-07-16 06:09:00,528.212570896
2018-07-16 06:10:00,528.212570896
2018-07-16 06:11:00,528.212570896
2018-07-16 06:12:00,528.212570896
2018-07-16 06:13:00,528.212570896
2018-07-16 06:14:00,528.212570896
2018-07-16 06:15:00,528.212570896
2018-07-16 06:16:00,528.212570896
2018-07-16 06:17:00,528.212570896
2018-07-16 06:18:00,528.212570896
2018-07-16 06:19:00,528.212570896
2018-07-16 06:20:00,528.212570896
2018-07-16 06:21:00,528.212570896
2018-07-16 06:22:00,528.212570896
2018-07-16 06:23:00,528.212570896
2018-07-16 06:24:00,519.640875271
2018-07-16 06:25:00,519.640875271
2018-07-16 06:26:00,519.640875271
2018-07-16 06:27:00,519.640875271
2018-07-16 06:28:00,528.212570896
2018-07-16 06:29:00,528.212570896
2018-07-16 06:30:00,528.212570896
2018-07-16 06:31:00,528.212570896
2018-07-16 06:32:00,528.212570896
2018-07-16 06:33:00,528.212570896
2018-07-16 06:34:00,528.212570896
2018-07-16 06:35:00,528.212570896
2018-07-16 06:36:00,528.212570896
2018-07-16 06:37:00,519.640875271
2018-07-16 06:38:00,511.069179646
2018-07-16 06:39:00,511.069179646
2018-07-16 06:40:00,511.069179646
2018-07-16 06:41:00,511.069179646
2018-07-16 06:42:00,511.069179646
2018-07-16 06:43:00,511.069179646
2018-07-16 06:44:00,511.069179646
2018-07-16 06:45:00,511.069179646
2018-07-16 06:46:00,511.069179646
2018-07-16 06:47:00,511.069179646
2018-07-16 06:48:00,511.069179646
2018-07-16 06:49:00,511.069179646
2018-07-16 06:50:00,511.069179646
2018-07-16 06:51:00,511.069179646
2018-07-16 06:52:00,511.069179646
2018-07-16 06:53:00,528.212570896
2018-07-16 06:54:00,528.212570896
2018-07-16 06:55:00,528.212570896
2018-07-16 06:56:00,528.212570896
2018-07-16 06:57:00,528.212570896
2018-07-16 06:58:00,528.212570896
2018-07-16 06:59:00,511.069179646
2018-07-16 07:00:00,511.069179646
2018-07-16 07:01:00,511.069179646
2018-07-16 07:02:00,511.069179646
2018-07-16 07:03:00,511.069179646
2018-07-16 07:04:00,511.069179646
2018-07-16 07:05:00,511.069179646
2018-07-16 07:06:00,511.069179646
2018-07-16 07:07:00,511.069179646
2018-07-16 07:08:00,511.069179646
2018-07-16 07:09:00,511.069179646
2018-07-16 07:10:00,511.069179646
2018-07-16 07:11:00,511.069179646
2018-07-16 07:12:00,511.069179646
2018-07-16 07:13:00,511.069179646
2018-07-16 07:14:00,511.069179646
2018-07-16 07:15:00,511.069179646
2018-07-16 07:16:00,511.069179646
2018-07-16 07:17:00,511.069179646
2018-07-16 07:18:00,511.069179646
2018-07-16 07:19:00,511.069179646
2018-07-16 07:20:00,493.925788396
2018-07-16 07:21:00,502.497484021
2018-07-16 07:22:00,502.497484021
2018-07-16 07:23:00,493.925788396
2018-07-16 07:24:00,493.925788396
2018-07-16 07:25:00,493.925788396
2018-07-16 07:26:00,493.925788396
2018-07-16 07:27:00,493.925788396
2018-07-16 07:28:00,493.925788396
2018-07-16 07:29:00,493.925788396
2018-07-16 07:30:00,485.354092771
2018-07-16 07:31:00,476.782397146
2018-07-16 07:32:00,485.354092771
2018-07-16 07:33:00,485.354092771
2018-07-16 07:34:00,485.354092771
2018-07-16 07:35:00,485.354092771
2018-07-16 07:36:00,485.354092771
2018-07-16 07:37:00,485.354092771
2018-07-16 07:38:00,493.925788396
2018-07-16 07:39:00,485.354092771
2018-07-16 07:40:00,493.925788396
2018-07-16 07:41:00,485.354092771
2018-07-16 07:42:00,493.925788396
2018-07-16 07:43:00,493.925788396
2018-07-16 07:44:00,485.354092771
2018-07-16 07:45:00,493.925788396
2018-07-16 07:46:00,493.925788396
2018-07-16 07:47:00,493.925788396
2018-07-16 07:48:00,493.925788396
2018-07-16 07:49:00,493.925788396
2018-07-16 07:50:00,511.069179646
2018-07-16 07:51:00,528.212570896
2018-07-16 07:52:00,528.212570896
2018-07-16 07:53:00,536.784266521
2018-07-16 07:54:00,536.784266521
2018-07-16 07:55:00,528.212570896
2018-07-16 07:56:00,528.212570896
2018-07-16 07:57:00,528.212570896
2018-07-16 07:58:00,528.212570896
2018-07-16 07:59:00,528.212570896
2018-07-16 08:00:00,528.212570896
2018-07-16 08:01:00,528.212570896
2018-07-16 08:02:00,519.640875271
2018-07-16 08:03:00,528.212570896
2018-07-16 08:04:00,528.212570896
2018-07-16 08:05:00,528.212570896
2018-07-16 08:06:00,511.069179646
2018-07-16 08:07:00,511.069179646
2018-07-16 08:08:00,511.069179646
2018-07-16 08:09:00,511.069179646
2018-07-16 08:10:00,493.925788396
2018-07-16 08:11:00,493.925788396
2018-07-16 08:12:00,493.925788396
2018-07-16 08:13:00,493.925788396
2018-07-16 08:14:00,502.497484021
2018-07-16 08:15:00,493.925788396
2018-07-16 08:16:00,493.925788396
2018-07-16 08:17:00,493.925788396
2018-07-16 08:18:00,493.925788396
2018-07-16 08:19:00,476.782397146
2018-07-16 08:20:00,476.782397146
2018-07-16 08:21:00,476.782397146
2018-07-16 08:22:00,485.354092771
2018-07-16 08:23:00,476.782397146
2018-07-16 08:24:00,476.782397146
2018-07-16 08:25:00,468.210701521
2018-07-16 08:26:00,468.210701521
2018-07-16 08:27:00,468.210701521
2018-07-16 08:28:00,468.210701521
2018-07-16 08:29:00,468.210701521
2018-07-16 08:30:00,476.782397146
2018-07-16 08:31:00,476.782397146
2018-07-16 08:32:00,468.210701521
2018-07-16 08:33:00,468.210701521
2018-07-16 08:34:00,476.782397146
2018-07-16 08:35:00,476.782397146
2018-07-16 08:36:00,476.782397146
2018-07-16 08:37:00,476.782397146
2018-07-16 08:38:00,476.782397146
2018-07-16 08:39:00,459.639005896
2018-07-16 08:40:00,459.639005896
2018-07-16 08:41:00,468.210701521
2018-07-16 08:42:00,459.639005896
2018-07-16 08:43:00,459.639005896
2018-07-16 08:44:00,459.639005896
2018-07-16 08:45:00,468.210701521
2018-07-16 08:46:00,459.639005896
2018-07-16 08:47:00,459.639005896
2018-07-16 08:48:00,459.639005896
2018-07-16 08:49:00,451.067310271
2018-07-16 08:50:00,442.495614646
2018-07-16 08:51:00,433.923919021
2018-07-16 08:52:00,442.495614646
2018-07-16 08:53:00,442.495614646
2018-07-16 08:54:00,442.495614646
2018-07-16 08:55:00,442.495614646
2018-07-16 08:56:00,442.495614646
2018-07-16 08:57:00,442.495614646
2018-07-16 08:58:00,442.495614646
2018-07-16 08:59:00,433.923919021
2018-07-16 09:00:00,442.495614646
2018-07-16 09:01:00,442.495614646
2018-07-16 09:02:00,442.495614646
2018-07-16 09:03:00,442.495614646
2018-07-16 09:04:00,442.495614646
2018-07-16 09:05:00,433.923919021
2018-07-16 09:06:00,433.923919021
2018-07-16 09:07:00,433.923919021
2018-07-16 09:08:00,433.923919021
2018-07-16 09:09:00,433.923919021
2018-07-16 09:10:00,408.208832146
2018-07-16 09:11:00,408.208832146
2018-07-16 09:12:00,399.637136521
2018-07-16 09:13:00,399.637136521
2018-07-16 09:14:00,399.637136521
2018-07-16 09:15:00,399.637136521
2018-07-16 09:16:00,416.780527771
2018-07-16 09:17:00,416.780527771
2018-07-16 09:18:00,408.208832146
2018-07-16 09:19:00,399.637136521
2018-07-16 09:20:00,391.065440896
2018-07-16 09:21:00,399.637136521
2018-07-16 09:22:00,391.065440896
2018-07-16 09:23:00,391.065440896
2018-07-16 09:24:00,391.065440896
2018-07-16 09:25:00,391.065440896
2018-07-16 09:26:00,391.065440896
2018-07-16 09:27:00,391.065440896
2018-07-16 09:28:00,391.065440896
2018-07-16 09:29:00,391.065440896
2018-07-16 09:30:00,399.637136521
2018-07-16 09:31:00,408.208832146
2018-07-16 09:32:00,408.208832146
2018-07-16 09:33:00,408.208832146
2018-07-16 09:34:00,408.208832146
2018-07-16 09:35:00,391.065440896
2018-07-16 09:36:00,416.780527771
2018-07-16 09:37:00,408.208832146
2018-07-16 09:38:00,433.923919021
2018-07-16 09:39:00,442.495614646
2018-07-16 09:40:00,442.495614646
2018-07-16 09:41:00,459.639005896
2018-07-16 09:42:00,459.639005896
2018-07-16 09:43:00,459.639005896
2018-07-16 09:44:00,451.067310271
2018-07-16 09:45:00,442.495614646
2018-07-16 09:46:00,442.495614646
2018-07-16 09:47:00,442.495614646
2018-07-16 09:48:00,451.067310271
2018-07-16 09:49:00,451.067310271
2018-07-16 09:50:00,451.067310271
2018-07-16 09:51:00,451.067310271
2018-07-16 09:52:00,451.067310271
2018-07-16 09:53:00,451.067310271
2018-07-16 09:54:00,451.067310271
2018-07-16 09:55:00,451.067310271
2018-07-16 09:56:00,451.067310271
2018-07-16 09:57:00,451.067310271
2018-07-16 09:58:00,451.067310271
2018-07-16 09:59:00,451.067310271
2018-07-16 10:00:00,442.495614646
2018-07-16 10:01:00,442.495614646
2018-07-16 10:02:00,442.495614646
2018-07-16 10:03:00,442.495614646
2018-07-16 10:04:00,442.495614646
2018-07-16 10:05:00,442.495614646
2018-07-16 10:06:00,442.495614646
2018-07-16 10:07:00,442.495614646
2018-07-16 10:08:00,442.495614646
2018-07-16 10:09:00,433.923919021
2018-07-16 10:10:00,442.495614646
2018-07-16 10:11:00,451.067310271
2018-07-16 10:12:00,451.067310271
2018-07-16 10:13:00,468.210701521
2018-07-16 10:14:00,468.210701521
2018-07-16 10:15:00,476.782397146
2018-07-16 10:16:00,476.782397146
2018-07-16 10:17:00,442.495614646
2018-07-16 10:18:00,442.495614646
2018-07-16 10:19:00,442.495614646
2018-07-16 10:20:00,442.495614646
2018-07-16 10:21:00,442.495614646
2018-07-16 10:22:00,459.639005896
2018-07-16 10:23:00,459.639005896
2018-07-16 10:24:00,459.639005896
2018-07-16 10:25:00,459.639005896
2018-07-16 10:26:00,459.639005896
2018-07-16 10:27:00,459.639005896
2018-07-16 10:28:00,459.639005896
2018-07-16 10:29:00,459.639005896
2018-07-16 10:30:00,459.639005896
2018-07-16 10:31:00,459.639005896
2018-07-16 10:32:00,468.210701521
2018-07-16 10:33:00,493.925788396
2018-07-16 10:34:00,493.925788396
2018-07-16 10:35:00,493.925788396
2018-07-16 10:36:00,493.925788396
2018-07-16 10:37:00,493.925788396
2018-07-16 10:38:00,493.925788396
2018-07-16 10:39:00,502.497484021
2018-07-16 10:40:00,511.069179646
2018-07-16 10:41:00,511.069179646
2018-07-16 10:42:00,528.212570896
2018-07-16 10:43:00,528.212570896
2018-07-16 10:44:00,528.212570896
2018-07-16 10:45:00,528.212570896
2018-07-16 10:46:00,528.212570896
2018-07-16 10:47:00,493.925788396
2018-07-16 10:48:00,502.497484021
2018-07-16 10:49:00,511.069179646
2018-07-16 10:50:00,502.497484021
2018-07-16 10:51:00,502.497484021
2018-07-16 10:52:00,493.925788396
2018-07-16 10:53:00,493.925788396
2018-07-16 10:54:00,519.640875271
2018-07-16 10:55:00,511.069179646
2018-07-16 10:56:00,519.640875271
2018-07-16 10:57:00,528.212570896
2018-07-16 10:58:00,528.212570896
2018-07-16 10:59:00,528.212570896
2018-07-16 11:00:00,528.212570896
2018-07-16 11:01:00,528.212570896
2018-07-16 11:02:00,528.212570896
2018-07-16 11:03:00,528.212570896
2018-07-16 11:04:00,528.212570896
2018-07-16 11:05:00,528.212570896
2018-07-16 11:06:00,528.212570896
2018-07-16 11:07:00,528.212570896
2018-07-16 11:08:00,528.212570896
2018-07-16 11:09:00,528.212570896
2018-07-16 11:10:00,511.069179646
2018-07-16 11:11:00,511.069179646
2018-07-16 11:12:00,511.069179646
2018-07-16 11:13:00,528.212570896
2018-07-16 11:14:00,528.212570896
2018-07-16 11:15:00,528.212570896
2018-07-16 11:16:00,528.212570896
2018-07-16 11:17:00,528.212570896
2018-07-16 11:18:00,528.212570896
2018-07-16 11:19:00,528.212570896
2018-07-16 11:20:00,519.640875271
2018-07-16 11:21:00,528.212570896
2018-07-16 11:22:00,528.212570896
2018-07-16 11:23:00,528.212570896
2018-07-16 11:24:00,528.212570896
2018-07-16 11:25:00,528.212570896
2018-07-16 11:26:00,519.640875271
2018-07-16 11:27:00,528.212570896
2018-07-16 11:28:00,528.212570896
2018-07-16 11:29:00,528.212570896
2018-07-16 11:30:00,519.640875271
2018-07-16 11:31:00,519.640875271
2018-07-16 11:32:00,519.640875271
2018-07-16 11:33:00,519.640875271
2018-07-16 11:34:00,519.640875271
2018-07-16 11:35:00,519.640875271
2018-07-16 11:36:00,519.640875271
2018-07-16 11:37:00,528.212570896
2018-07-16 11:38:00,528.212570896
2018-07-16 11:39:00,528.212570896
2018-07-16 11:40:00,519.640875271
2018-07-16 11:41:00,519.640875271
2018-07-16 11:42:00,519.640875271
2018-07-16 11:43:00,519.640875271
2018-07-16 11:44:00,519.640875271
2018-07-16 11:45:00,519.640875271
2018-07-16 11:46:00,519.640875271
2018-07-16 11:47:00,519.640875271
2018-07-16 11:48:00,528.212570896
2018-07-16 11:49:00,528.212570896
2018-07-16 11:50:00,528.212570896
2018-07-16 11:51:00,519.640875271
2018-07-16 11:52:00,519.640875271
2018-07-16 11:53:00,519.640875271
2018-07-16 11:54:00,528.212570896
2018-07-16 11:55:00,528.212570896
2018-07-16 11:56:00,528.212570896
2018-07-16 11:57:00,528.212570896
2018-07-16 11:58:00,528.212570896
2018-07-16 11:59:00,519.640875271
2018-07-17 01:29:00,536.784266521
2018-07-17 01:30:00,528.212570896
2018-07-17 01:31:00,502.497484021
2018-07-17 01:32:00,511.069179646
2018-07-17 01:33:00,528.212570896
2018-07-17 01:34:00,536.784266521
2018-07-17 01:35:00,519.640875271
2018-07-17 01:36:00,528.212570896
2018-07-17 01:37:00,519.640875271
2018-07-17 01:38:00,528.212570896
2018-07-17 01:39:00,528.212570896
2018-07-17 01:40:00,528.212570896
2018-07-17 01:41:00,528.212570896
2018-07-17 01:42:00,528.212570896
2018-07-17 01:43:00,536.784266521
2018-07-17 01:44:00,536.784266521
2018-07-17 01:45:00,536.784266521
2018-07-17 01:46:00,536.784266521
2018-07-17 01:47:00,536.784266521
2018-07-17 01:48:00,536.784266521
2018-07-17 01:49:00,536.784266521
2018-07-17 01:50:00,536.784266521
2018-07-17 01:51:00,536.784266521
2018-07-17 01:52:00,545.355962146
2018-07-17 01:53:00,545.355962146
2018-07-17 01:54:00,545.355962146
2018-07-17 01:55:00,545.355962146
2018-07-17 01:56:00,536.784266521
2018-07-17 01:57:00,536.784266521
2018-07-17 01:58:00,536.784266521
2018-07-17 01:59:00,545.355962146
2018-07-17 02:00:00,536.784266521
2018-07-17 02:01:00,553.927657771
2018-07-17 02:02:00,553.927657771
2018-07-17 02:03:00,562.499353396
2018-07-17 02:04:00,553.927657771
2018-07-17 02:05:00,545.355962146
2018-07-17 02:06:00,545.355962146
2018-07-17 02:07:00,545.355962146
2018-07-17 02:08:00,545.355962146
2018-07-17 02:09:00,545.355962146
2018-07-17 02:10:00,545.355962146
2018-07-17 02:11:00,545.355962146
2018-07-17 02:12:00,528.212570896
2018-07-17 02:13:00,528.212570896
2018-07-17 02:14:00,528.212570896
2018-07-17 02:15:00,528.212570896
2018-07-17 02:16:00,528.212570896
2018-07-17 02:17:00,536.784266521
2018-07-17 02:18:00,536.784266521
2018-07-17 02:19:00,528.212570896
2018-07-17 02:20:00,545.355962146
2018-07-17 02:21:00,545.355962146
2018-07-17 02:22:00,545.355962146
2018-07-17 02:23:00,545.355962146
2018-07-17 02:24:00,562.499353396
2018-07-17 02:25:00,562.499353396
2018-07-17 02:26:00,562.499353396
2018-07-17 02:27:00,562.499353396
2018-07-17 02:28:00,553.927657771
2018-07-17 02:29:00,562.499353396
2018-07-17 02:30:00,562.499353396
2018-07-17 02:31:00,562.499353396
2018-07-17 02:32:00,562.499353396
2018-07-17 02:33:00,562.499353396
2018-07-17 02:34:00,571.071049021
2018-07-17 02:35:00,579.642744646
2018-07-17 02:36:00,562.499353396
2018-07-17 02:37:00,562.499353396
2018-07-17 02:38:00,562.499353396
2018-07-17 02:39:00,562.499353396
2018-07-17 02:40:00,562.499353396
2018-07-17 02:41:00,562.499353396
2018-07-17 02:42:00,553.927657771
2018-07-17 02:43:00,545.355962146
2018-07-17 02:44:00,545.355962146
2018-07-17 02:45:00,545.355962146
2018-07-17 02:46:00,545.355962146
2018-07-17 02:47:00,545.355962146
2018-07-17 02:48:00,545.355962146
2018-07-17 02:49:00,545.355962146
2018-07-17 02:50:00,579.642744646
2018-07-17 02:51:00,579.642744646
2018-07-17 02:52:00,588.214440271
2018-07-17 02:53:00,562.499353396
2018-07-17 02:54:00,588.214440271
2018-07-17 02:55:00,571.071049021
2018-07-17 02:56:00,571.071049021
2018-07-17 02:57:00,571.071049021
2018-07-17 02:58:00,579.642744646
2018-07-17 02:59:00,588.214440271
2018-07-17 03:00:00,579.642744646
2018-07-17 03:01:00,588.214440271
2018-07-17 03:02:00,553.927657771
2018-07-17 03:03:00,553.927657771
2018-07-17 03:04:00,553.927657771
2018-07-17 03:05:00,553.927657771
2018-07-17 03:06:00,553.927657771
2018-07-17 03:07:00,545.355962146
2018-07-17 03:08:00,579.642744646
2018-07-17 03:09:00,579.642744646
2018-07-17 03:10:00,579.642744646
2018-07-17 03:11:00,579.642744646
2018-07-17 03:12:00,579.642744646
2018-07-17 03:13:00,579.642744646
2018-07-17 03:14:00,579.642744646
2018-07-17 03:15:00,579.642744646
2018-07-17 03:16:00,571.071049021
2018-07-17 03:17:00,571.071049021
2018-07-17 03:18:00,571.071049021
2018-07-17 03:19:00,545.355962146
2018-07-17 03:20:00,596.786135896
2018-07-17 03:21:00,579.642744646
2018-07-17 03:22:00,579.642744646
2018-07-17 03:23:00,579.642744646
2018-07-17 03:24:00,579.642744646
2018-07-17 03:25:00,596.786135896
2018-07-17 03:26:00,579.642744646
2018-07-17 03:27:00,579.642744646
2018-07-17 03:28:00,588.214440271
2018-07-17 03:29:00,579.642744646
2018-07-17 03:30:00,579.642744646
2018-07-17 03:31:00,579.642744646
2018-07-17 03:32:00,579.642744646
2018-07-17 03:33:00,562.499353396
2018-07-17 03:34:00,571.071049021
2018-07-17 03:35:00,579.642744646
2018-07-17 03:36:00,579.642744646
2018-07-17 03:37:00,579.642744646
2018-07-17 03:38:00,588.214440271
2018-07-17 03:39:00,588.214440271
2018-07-17 03:40:00,579.642744646
2018-07-17 03:41:00,588.214440271
2018-07-17 03:42:00,579.642744646
2018-07-17 03:43:00,553.927657771
2018-07-17 03:44:00,553.927657771
2018-07-17 03:45:00,553.927657771
2018-07-17 03:46:00,553.927657771
2018-07-17 03:47:00,553.927657771
2018-07-17 03:48:00,528.212570896
2018-07-17 03:49:00,519.640875271
2018-07-17 03:50:00,519.640875271
2018-07-17 03:51:00,528.212570896
2018-07-17 03:52:00,519.640875271
2018-07-17 03:53:00,519.640875271
2018-07-17 03:54:00,511.069179646
2018-07-17 03:55:00,511.069179646
2018-07-17 03:56:00,511.069179646
2018-07-17 03:57:00,511.069179646
2018-07-17 03:58:00,511.069179646
2018-07-17 03:59:00,511.069179646
2018-07-17 04:00:00,511.069179646
2018-07-17 04:01:00,511.069179646
2018-07-17 04:02:00,511.069179646
2018-07-17 04:03:00,511.069179646
2018-07-17 04:04:00,511.069179646
2018-07-17 04:05:00,511.069179646
2018-07-17 04:06:00,511.069179646
2018-07-17 04:07:00,519.640875271
2018-07-17 04:08:00,519.640875271
2018-07-17 04:09:00,519.640875271
2018-07-17 04:10:00,519.640875271
2018-07-17 04:11:00,528.212570896
2018-07-17 04:12:00,528.212570896
2018-07-17 04:13:00,528.212570896
2018-07-17 04:14:00,528.212570896
2018-07-17 04:15:00,528.212570896
2018-07-17 04:16:00,528.212570896
2018-07-17 04:17:00,519.640875271
2018-07-17 04:18:00,519.640875271
2018-07-17 04:19:00,519.640875271
2018-07-17 04:20:00,519.640875271
2018-07-17 04:21:00,528.212570896
2018-07-17 04:22:00,528.212570896
2018-07-17 04:23:00,519.640875271
2018-07-17 04:24:00,528.212570896
2018-07-17 04:25:00,528.212570896
2018-07-17 04:26:00,519.640875271
2018-07-17 04:27:00,519.640875271
2018-07-17 04:28:00,519.640875271
2018-07-17 04:29:00,528.212570896
2018-07-17 04:30:00,519.640875271
2018-07-17 04:31:00,519.640875271
2018-07-17 04:32:00,519.640875271
2018-07-17 04:33:00,519.640875271
2018-07-17 04:34:00,519.640875271
2018-07-17 04:35:00,519.640875271
2018-07-17 04:36:00,528.212570896
2018-07-17 04:37:00,528.212570896
2018-07-17 04:38:00,528.212570896
2018-07-17 04:39:00,528.212570896
2018-07-17 04:40:00,528.212570896
2018-07-17 04:41:00,528.212570896
2018-07-17 04:42:00,528.212570896
2018-07-17 04:43:00,528.212570896
2018-07-17 04:44:00,528.212570896
2018-07-17 04:45:00,528.212570896
2018-07-17 04:46:00,528.212570896
2018-07-17 04:47:00,528.212570896
2018-07-17 04:48:00,528.212570896
2018-07-17 04:49:00,528.212570896
2018-07-17 04:50:00,528.212570896
2018-07-17 04:51:00,528.212570896
2018-07-17 04:52:00,528.212570896
2018-07-17 04:53:00,528.212570896
2018-07-17 04:54:00,528.212570896
2018-07-17 04:55:00,528.212570896
2018-07-17 04:56:00,528.212570896
2018-07-17 04:57:00,528.212570896
2018-07-17 04:58:00,536.784266521
2018-07-17 04:59:00,545.355962146
2018-07-17 05:00:00,545.355962146
2018-07-17 05:01:00,545.355962146
2018-07-17 05:02:00,545.355962146
2018-07-17 05:03:00,545.355962146
2018-07-17 05:04:00,545.355962146
2018-07-17 05:05:00,545.355962146
2018-07-17 05:06:00,553.927657771
2018-07-17 05:07:00,553.927657771
2018-07-17 05:08:00,545.355962146
2018-07-17 05:09:00,536.784266521
2018-07-17 05:10:00,545.355962146
2018-07-17 05:11:00,545.355962146
2018-07-17 05:12:00,553.927657771
2018-07-17 05:13:00,553.927657771
2018-07-17 05:14:00,553.927657771
2018-07-17 05:15:00,545.355962146
2018-07-17 05:16:00,553.927657771
2018-07-17 05:17:00,545.355962146
2018-07-17 05:18:00,545.355962146
2018-07-17 05:19:00,545.355962146
2018-07-17 05:20:00,545.355962146
2018-07-17 05:21:00,545.355962146
2018-07-17 05:22:00,545.355962146
2018-07-17 05:23:00,536.784266521
2018-07-17 05:24:00,536.784266521
2018-07-17 05:25:00,536.784266521
2018-07-17 05:26:00,536.784266521
2018-07-17 05:27:00,511.069179646
2018-07-17 05:28:00,511.069179646
2018-07-17 05:29:00,511.069179646
2018-07-17 05:30:00,511.069179646
2018-07-17 05:31:00,511.069179646
2018-07-17 05:32:00,511.069179646
2018-07-17 05:33:00,511.069179646
2018-07-17 05:34:00,519.640875271
2018-07-17 05:35:00,511.069179646
2018-07-17 05:36:00,511.069179646
2018-07-17 05:37:00,511.069179646
2018-07-17 05:38:00,511.069179646
2018-07-17 05:39:00,511.069179646
2018-07-17 05:40:00,511.069179646
2018-07-17 05:41:00,511.069179646
2018-07-17 05:42:00,511.069179646
2018-07-17 05:43:00,511.069179646
2018-07-17 05:44:00,511.069179646
2018-07-17 05:45:00,511.069179646
2018-07-17 05:46:00,511.069179646
2018-07-17 05:47:00,502.497484021
2018-07-17 05:48:00,511.069179646
2018-07-17 05:49:00,511.069179646
2018-07-17 05:50:00,511.069179646
2018-07-17 05:51:00,493.925788396
2018-07-17 05:52:00,493.925788396
2018-07-17 05:53:00,493.925788396
2018-07-17 05:54:00,493.925788396
2018-07-17 05:55:00,493.925788396
2018-07-17 05:56:00,493.925788396
2018-07-17 05:57:00,493.925788396
2018-07-17 05:58:00,493.925788396
2018-07-17 05:59:00,493.925788396
2018-07-17 06:00:00,493.925788396
2018-07-17 06:01:00,493.925788396
2018-07-17 06:02:00,493.925788396
2018-07-17 06:03:00,493.925788396
2018-07-17 06:04:00,493.925788396
2018-07-17 06:05:00,493.925788396
2018-07-17 06:06:00,476.782397146
2018-07-17 06:07:00,476.782397146
2018-07-17 06:08:00,485.354092771
2018-07-17 06:09:00,493.925788396
2018-07-17 06:10:00,493.925788396
2018-07-17 06:11:00,493.925788396
2018-07-17 06:12:00,493.925788396
2018-07-17 06:13:00,493.925788396
2018-07-17 06:14:00,493.925788396
2018-07-17 06:15:00,493.925788396
2018-07-17 06:16:00,493.925788396
2018-07-17 06:17:00,502.497484021
2018-07-17 06:18:00,502.497484021
2018-07-17 06:19:00,502.497484021
2018-07-17 06:20:00,493.925788396
2018-07-17 06:21:00,493.925788396
2018-07-17 06:22:00,511.069179646
2018-07-17 06:23:00,511.069179646
2018-07-17 06:24:00,511.069179646
2018-07-17 06:25:00,511.069179646
2018-07-17 06:26:00,493.925788396
2018-07-17 06:27:00,511.069179646
2018-07-17 06:28:00,511.069179646
2018-07-17 06:29:00,511.069179646
2018-07-17 06:30:00,511.069179646
2018-07-17 06:31:00,511.069179646
2018-07-17 06:32:00,511.069179646
2018-07-17 06:33:00,511.069179646
2018-07-17 06:34:00,511.069179646
2018-07-17 06:35:00,511.069179646
2018-07-17 06:36:00,511.069179646
2018-07-17 06:37:00,511.069179646
2018-07-17 06:38:00,511.069179646
2018-07-17 06:39:00,511.069179646
2018-07-17 06:40:00,511.069179646
2018-07-17 06:41:00,511.069179646
2018-07-17 06:42:00,502.497484021
2018-07-17 06:43:00,511.069179646
2018-07-17 06:44:00,502.497484021
2018-07-17 06:45:00,511.069179646
2018-07-17 06:46:00,511.069179646
2018-07-17 06:47:00,511.069179646
2018-07-17 06:48:00,511.069179646
2018-07-17 06:49:00,511.069179646
2018-07-17 06:50:00,511.069179646
2018-07-17 06:51:00,511.069179646
2018-07-17 06:52:00,519.640875271
2018-07-17 06:53:00,519.640875271
2018-07-17 06:54:00,519.640875271
2018-07-17 06:55:00,511.069179646
2018-07-17 06:56:00,511.069179646
2018-07-17 06:57:00,511.069179646
2018-07-17 06:58:00,511.069179646
2018-07-17 06:59:00,519.640875271
2018-07-17 07:00:00,528.212570896
2018-07-17 07:01:00,528.212570896
2018-07-17 07:02:00,528.212570896
2018-07-17 07:03:00,528.212570896
2018-07-17 07:04:00,511.069179646
2018-07-17 07:05:00,493.925788396
2018-07-17 07:06:00,493.925788396
2018-07-17 07:07:00,502.497484021
2018-07-17 07:08:00,493.925788396
2018-07-17 07:09:00,493.925788396
2018-07-17 07:10:00,493.925788396
2018-07-17 07:11:00,493.925788396
2018-07-17 07:12:00,493.925788396
2018-07-17 07:13:00,511.069179646
2018-07-17 07:14:00,519.640875271
2018-07-17 07:15:00,519.640875271
2018-07-17 07:16:00,519.640875271
2018-07-17 07:17:00,545.355962146
2018-07-17 07:18:00,545.355962146
2018-07-17 07:19:00,545.355962146
2018-07-17 07:20:00,545.355962146
2018-07-17 07:21:00,545.355962146
2018-07-17 07:22:00,545.355962146
2018-07-17 07:23:00,545.355962146
2018-07-17 07:24:00,545.355962146
2018-07-17 07:25:00,545.355962146
2018-07-17 07:26:00,545.355962146
2018-07-17 07:27:00,545.355962146
2018-07-17 07:28:00,545.355962146
2018-07-17 07:29:00,536.784266521
2018-07-17 07:30:00,528.212570896
2018-07-17 07:31:00,528.212570896
2018-07-17 07:32:00,528.212570896
2018-07-17 07:33:00,528.212570896
2018-07-17 07:34:00,528.212570896
2018-07-17 07:35:00,528.212570896
2018-07-17 07:36:00,528.212570896
2018-07-17 07:37:00,528.212570896
2018-07-17 07:38:00,528.212570896
2018-07-17 07:39:00,528.212570896
2018-07-17 07:40:00,528.212570896
2018-07-17 07:41:00,528.212570896
2018-07-17 07:42:00,528.212570896
2018-07-17 07:43:00,528.212570896
2018-07-17 07:44:00,528.212570896
2018-07-17 07:45:00,528.212570896
2018-07-17 07:46:00,528.212570896
2018-07-17 07:47:00,536.784266521
2018-07-17 07:48:00,528.212570896
2018-07-17 07:49:00,528.212570896
2018-07-17 07:50:00,528.212570896
2018-07-17 07:51:00,528.212570896
2018-07-17 07:52:00,536.784266521
2018-07-17 07:53:00,528.212570896
2018-07-17 07:54:00,545.355962146
2018-07-17 07:55:00,545.355962146
2018-07-17 07:56:00,545.355962146
2018-07-17 07:57:00,545.355962146
2018-07-17 07:58:00,553.927657771
2018-07-17 07:59:00,545.355962146
2018-07-17 08:00:00,553.927657771
2018-07-17 08:01:00,553.927657771
2018-07-17 08:02:00,553.927657771
2018-07-17 08:03:00,553.927657771
2018-07-17 08:04:00,553.927657771
2018-07-17 08:05:00,553.927657771
2018-07-17 08:06:00,553.927657771
2018-07-17 08:07:00,553.927657771
2018-07-17 08:08:00,553.927657771
2018-07-17 08:09:00,553.927657771
2018-07-17 08:10:00,553.927657771
2018-07-17 08:11:00,553.927657771
2018-07-17 08:12:00,553.927657771
2018-07-17 08:13:00,553.927657771
2018-07-17 08:14:00,553.927657771
2018-07-17 08:15:00,553.927657771
2018-07-17 08:16:00,545.355962146
2018-07-17 08:17:00,545.355962146
2018-07-17 08:18:00,545.355962146
2018-07-17 08:19:00,553.927657771
2018-07-17 08:20:00,545.355962146
2018-07-17 08:21:00,545.355962146
2018-07-17 08:22:00,528.212570896
2018-07-17 08:23:00,528.212570896
2018-07-17 08:24:00,528.212570896
2018-07-17 08:25:00,528.212570896
2018-07-17 08:26:00,528.212570896
2018-07-17 08:27:00,528.212570896
2018-07-17 08:28:00,528.212570896
2018-07-17 08:29:00,528.212570896
2018-07-17 08:30:00,536.784266521
2018-07-17 08:31:00,545.355962146
2018-07-17 08:32:00,528.212570896
2018-07-17 08:33:00,528.212570896
2018-07-17 08:34:00,528.212570896
2018-07-17 08:35:00,528.212570896
2018-07-17 08:36:00,528.212570896
2018-07-17 08:37:00,536.784266521
2018-07-17 08:38:00,553.927657771
2018-07-17 08:39:00,553.927657771
2018-07-17 08:40:00,553.927657771
2018-07-17 08:41:00,562.499353396
2018-07-17 08:42:00,562.499353396
2018-07-17 08:43:00,562.499353396
2018-07-17 08:44:00,562.499353396
2018-07-17 08:45:00,562.499353396
2018-07-17 08:46:00,562.499353396
2018-07-17 08:47:00,562.499353396
2018-07-17 08:48:00,562.499353396
2018-07-17 08:49:00,562.499353396
2018-07-17 08:50:00,545.355962146
2018-07-17 08:51:00,545.355962146
2018-07-17 08:52:00,545.355962146
2018-07-17 08:53:00,545.355962146
2018-07-17 08:54:00,545.355962146
2018-07-17 08:55:00,545.355962146
2018-07-17 08:56:00,545.355962146
2018-07-17 08:57:00,545.355962146
2018-07-17 08:58:00,545.355962146
2018-07-17 08:59:00,545.355962146
2018-07-17 09:00:00,553.927657771
2018-07-17 09:01:00,553.927657771
2018-07-17 09:02:00,553.927657771
2018-07-17 09:03:00,553.927657771
2018-07-17 09:04:00,553.927657771
2018-07-17 09:05:00,545.355962146
2018-07-17 09:06:00,545.355962146
2018-07-17 09:07:00,545.355962146
2018-07-17 09:08:00,545.355962146
2018-07-17 09:09:00,545.355962146
2018-07-17 09:10:00,545.355962146
2018-07-17 09:11:00,545.355962146
2018-07-17 09:12:00,545.355962146
2018-07-17 09:13:00,545.355962146
2018-07-17 09:14:00,545.355962146
2018-07-17 09:15:00,545.355962146
2018-07-17 09:16:00,545.355962146
2018-07-17 09:17:00,545.355962146
2018-07-17 09:18:00,545.355962146
2018-07-17 09:19:00,545.355962146
2018-07-17 09:20:00,545.355962146
2018-07-17 09:21:00,553.927657771
2018-07-17 09:22:00,545.355962146
2018-07-17 09:23:00,545.355962146
2018-07-17 09:24:00,553.927657771
2018-07-17 09:25:00,553.927657771
2018-07-17 09:26:00,545.355962146
2018-07-17 09:27:00,553.927657771
2018-07-17 09:28:00,536.784266521
2018-07-17 09:29:00,536.784266521
2018-07-17 09:30:00,528.212570896
2018-07-17 09:31:00,528.212570896
2018-07-17 09:32:00,528.212570896
2018-07-17 09:33:00,528.212570896
2018-07-17 09:34:00,528.212570896
2018-07-17 09:35:00,528.212570896
2018-07-17 09:36:00,528.212570896
2018-07-17 09:37:00,528.212570896
2018-07-17 09:38:00,528.212570896
2018-07-17 09:39:00,528.212570896
2018-07-17 09:40:00,528.212570896
2018-07-17 09:41:00,528.212570896
2018-07-17 09:42:00,528.212570896
2018-07-17 09:43:00,528.212570896
2018-07-17 09:44:00,528.212570896
2018-07-17 09:45:00,528.212570896
2018-07-17 09:46:00,536.784266521
2018-07-17 09:47:00,536.784266521
2018-07-17 09:48:00,536.784266521
2018-07-17 09:49:00,528.212570896
2018-07-17 09:50:00,528.212570896
2018-07-17 09:51:00,528.212570896
2018-07-17 09:52:00,528.212570896
2018-07-17 09:53:00,528.212570896
2018-07-17 09:54:00,528.212570896
2018-07-17 09:55:00,528.212570896
2018-07-17 09:56:00,519.640875271
2018-07-17 09:57:00,519.640875271
2018-07-17 09:58:00,519.640875271
2018-07-17 09:59:00,519.640875271
2018-07-17 10:00:00,511.069179646
2018-07-17 10:01:00,511.069179646
2018-07-17 10:02:00,511.069179646
2018-07-17 10:03:00,519.640875271
2018-07-17 10:04:00,519.640875271
2018-07-17 10:05:00,519.640875271
2018-07-17 10:06:00,528.212570896
2018-07-17 10:07:00,528.212570896
2018-07-17 10:08:00,536.784266521
2018-07-17 10:09:00,536.784266521
2018-07-17 10:10:00,545.355962146
2018-07-17 10:11:00,545.355962146
2018-07-17 10:12:00,545.355962146
2018-07-17 10:13:00,545.355962146
2018-07-17 10:14:00,545.355962146
2018-07-17 10:15:00,536.784266521
2018-07-17 10:16:00,536.784266521
2018-07-17 10:17:00,545.355962146
2018-07-17 10:18:00,545.355962146
2018-07-17 10:19:00,536.784266521
2018-07-17 10:20:00,536.784266521
2018-07-17 10:21:00,536.784266521
2018-07-17 10:22:00,536.784266521
2018-07-17 10:23:00,536.784266521
2018-07-17 10:24:00,545.355962146
2018-07-17 10:25:00,536.784266521
2018-07-17 10:26:00,536.784266521
2018-07-17 10:27:00,536.784266521
2018-07-17 10:28:00,536.784266521
2018-07-17 10:29:00,536.784266521
2018-07-17 10:30:00,536.784266521
2018-07-17 10:31:00,536.784266521
2018-07-17 10:32:00,536.784266521
2018-07-17 10:33:00,536.784266521
2018-07-17 10:34:00,536.784266521
2018-07-17 10:35:00,536.784266521
2018-07-17 10:36:00,536.784266521
2018-07-17 10:37:00,536.784266521
2018-07-17 10:38:00,536.784266521
2018-07-17 10:39:00,536.784266521
2018-07-17 10:40:00,536.784266521
2018-07-17 10:41:00,536.784266521
2018-07-17 10:42:00,536.784266521
2018-07-17 10:43:00,536.784266521
2018-07-17 10:44:00,536.784266521
2018-07-17 10:45:00,536.784266521
2018-07-17 10:46:00,545.355962146
2018-07-17 10:47:00,545.355962146
2018-07-17 10:48:00,545.355962146
2018-07-17 10:49:00,545.355962146
2018-07-17 10:50:00,545.355962146
2018-07-17 10:51:00,545.355962146
2018-07-17 10:52:00,545.355962146
2018-07-17 10:53:00,553.927657771
2018-07-17 10:54:00,536.784266521
2018-07-17 10:55:00,536.784266521
2018-07-17 10:56:00,536.784266521
2018-07-17 10:57:00,536.784266521
2018-07-17 10:58:00,536.784266521
2018-07-17 10:59:00,536.784266521
2018-07-17 11:00:00,536.784266521
2018-07-17 11:01:00,536.784266521
2018-07-17 11:02:00,536.784266521
2018-07-17 11:03:00,536.784266521
2018-07-17 11:04:00,536.784266521
2018-07-17 11:05:00,536.784266521
2018-07-17 11:06:00,536.784266521
2018-07-17 11:07:00,536.784266521
2018-07-17 11:08:00,536.784266521
2018-07-17 11:09:00,528.212570896
2018-07-17 11:10:00,528.212570896
2018-07-17 11:11:00,536.784266521
2018-07-17 11:12:00,536.784266521
2018-07-17 11:13:00,536.784266521
2018-07-17 11:14:00,536.784266521
2018-07-17 11:15:00,545.355962146
2018-07-17 11:16:00,545.355962146
2018-07-17 11:17:00,545.355962146
2018-07-17 11:18:00,545.355962146
2018-07-17 11:19:00,545.355962146
2018-07-17 11:20:00,545.355962146
2018-07-17 11:21:00,528.212570896
2018-07-17 11:22:00,536.784266521
2018-07-17 11:23:00,536.784266521
2018-07-17 11:24:00,536.784266521
2018-07-17 11:25:00,536.784266521
2018-07-17 11:26:00,536.784266521
2018-07-17 11:27:00,536.784266521
2018-07-17 11:28:00,545.355962146
2018-07-17 11:29:00,545.355962146
2018-07-17 11:30:00,545.355962146
2018-07-17 11:31:00,545.355962146
2018-07-17 11:32:00,545.355962146
2018-07-17 11:33:00,545.355962146
2018-07-17 11:34:00,545.355962146
2018-07-17 11:35:00,545.355962146
2018-07-17 11:36:00,545.355962146
2018-07-17 11:37:00,545.355962146
2018-07-17 11:38:00,545.355962146
2018-07-17 11:39:00,545.355962146
2018-07-17 11:40:00,545.355962146
2018-07-17 11:41:00,536.784266521
2018-07-17 11:42:00,536.784266521
2018-07-17 11:43:00,536.784266521
2018-07-17 11:44:00,536.784266521
2018-07-17 11:45:00,536.784266521
2018-07-17 11:46:00,536.784266521
2018-07-17 11:47:00,536.784266521
2018-07-17 11:48:00,528.212570896
2018-07-17 11:49:00,528.212570896
2018-07-17 11:50:00,528.212570896
2018-07-17 11:51:00,528.212570896
2018-07-17 11:52:00,528.212570896
2018-07-17 11:53:00,528.212570896
2018-07-17 11:54:00,528.212570896
2018-07-17 11:55:00,519.640875271
2018-07-17 11:56:00,519.640875271
2018-07-17 11:57:00,511.069179646
2018-07-17 11:58:00,511.069179646
2018-07-17 11:59:00,528.212570896
2018-07-18 01:29:00,665.35901516
2018-07-18 01:30:00,665.35901516
2018-07-18 01:31:00,665.35901516
2018-07-18 01:32:00,665.35901516
2018-07-18 01:33:00,665.35901516
2018-07-18 01:34:00,536.783580785
2018-07-18 01:35:00,536.783580785
2018-07-18 01:36:00,519.640189535
2018-07-18 01:37:00,519.640189535
2018-07-18 01:38:00,519.640189535
2018-07-18 01:39:00,519.640189535
2018-07-18 01:40:00,519.640189535
2018-07-18 01:41:00,519.640189535
2018-07-18 01:42:00,519.640189535
2018-07-18 01:43:00,519.640189535
2018-07-18 01:44:00,519.640189535
2018-07-18 01:45:00,519.640189535
2018-07-18 01:46:00,519.640189535
2018-07-18 01:47:00,519.640189535
2018-07-18 01:48:00,519.640189535
2018-07-18 01:49:00,519.640189535
2018-07-18 01:50:00,519.640189535
2018-07-18 01:51:00,519.640189535
2018-07-18 01:52:00,519.640189535
2018-07-18 01:53:00,519.640189535
2018-07-18 01:54:00,519.640189535
2018-07-18 01:55:00,511.06849391
2018-07-18 01:56:00,519.640189535
2018-07-18 01:57:00,519.640189535
2018-07-18 01:58:00,519.640189535
2018-07-18 01:59:00,519.640189535
2018-07-18 02:00:00,519.640189535
2018-07-18 02:01:00,511.06849391
2018-07-18 02:02:00,511.06849391
2018-07-18 02:03:00,528.21188516
2018-07-18 02:04:00,528.21188516
2018-07-18 02:05:00,519.640189535
2018-07-18 02:06:00,528.21188516
2018-07-18 02:07:00,528.21188516
2018-07-18 02:08:00,511.06849391
2018-07-18 02:09:00,519.640189535
2018-07-18 02:10:00,519.640189535
2018-07-18 02:11:00,528.21188516
2018-07-18 02:12:00,528.21188516
2018-07-18 02:13:00,519.640189535
2018-07-18 02:14:00,528.21188516
2018-07-18 02:15:00,528.21188516
2018-07-18 02:16:00,528.21188516
2018-07-18 02:17:00,528.21188516
2018-07-18 02:18:00,528.21188516
2018-07-18 02:19:00,528.21188516
2018-07-18 02:20:00,536.783580785
2018-07-18 02:21:00,536.783580785
2018-07-18 02:22:00,545.35527641
2018-07-18 02:23:00,545.35527641
2018-07-18 02:24:00,545.35527641
2018-07-18 02:25:00,536.783580785
2018-07-18 02:26:00,536.783580785
2018-07-18 02:27:00,553.926972035
2018-07-18 02:28:00,562.49866766
2018-07-18 02:29:00,579.64205891
2018-07-18 02:30:00,579.64205891
2018-07-18 02:31:00,579.64205891
2018-07-18 02:32:00,579.64205891
2018-07-18 02:33:00,596.78545016
2018-07-18 02:34:00,596.78545016
2018-07-18 02:35:00,596.78545016
2018-07-18 02:36:00,622.500537035
2018-07-18 02:37:00,622.500537035
2018-07-18 02:38:00,631.07223266
2018-07-18 02:39:00,631.07223266
2018-07-18 02:40:00,631.07223266
2018-07-18 02:41:00,639.643928285
2018-07-18 02:42:00,631.07223266
2018-07-18 02:43:00,631.07223266
2018-07-18 02:44:00,631.07223266
2018-07-18 02:45:00,631.07223266
2018-07-18 02:46:00,596.78545016
2018-07-18 02:47:00,579.64205891
2018-07-18 02:48:00,579.64205891
2018-07-18 02:49:00,579.64205891
2018-07-18 02:50:00,579.64205891
2018-07-18 02:51:00,579.64205891
2018-07-18 02:52:00,579.64205891
2018-07-18 02:53:00,571.070363285
2018-07-18 02:54:00,571.070363285
2018-07-18 02:55:00,571.070363285
2018-07-18 02:56:00,571.070363285
2018-07-18 02:57:00,571.070363285
2018-07-18 02:58:00,562.49866766
2018-07-18 02:59:00,562.49866766
2018-07-18 03:00:00,562.49866766
2018-07-18 03:01:00,579.64205891
2018-07-18 03:02:00,571.070363285
2018-07-18 03:03:00,571.070363285
2018-07-18 03:04:00,562.49866766
2018-07-18 03:05:00,562.49866766
2018-07-18 03:06:00,562.49866766
2018-07-18 03:07:00,562.49866766
2018-07-18 03:08:00,562.49866766
2018-07-18 03:09:00,562.49866766
2018-07-18 03:10:00,579.64205891
2018-07-18 03:11:00,579.64205891
2018-07-18 03:12:00,571.070363285
2018-07-18 03:13:00,562.49866766
2018-07-18 03:14:00,562.49866766
2018-07-18 03:15:00,562.49866766
2018-07-18 03:16:00,562.49866766
2018-07-18 03:17:00,571.070363285
2018-07-18 03:18:00,571.070363285
2018-07-18 03:19:00,571.070363285
2018-07-18 03:20:00,553.926972035
2018-07-18 03:21:00,553.926972035
2018-07-18 03:22:00,562.49866766
2018-07-18 03:23:00,579.64205891
2018-07-18 03:24:00,579.64205891
2018-07-18 03:25:00,596.78545016
2018-07-18 03:26:00,596.78545016
2018-07-18 03:27:00,613.92884141
2018-07-18 03:28:00,588.213754535
2018-07-18 03:29:00,596.78545016
2018-07-18 03:30:00,785.36275391
2018-07-18 03:31:00,768.21936266
2018-07-18 03:32:00,768.21936266
2018-07-18 03:33:00,751.07597141
2018-07-18 03:34:00,751.07597141
2018-07-18 03:35:00,742.504275785
2018-07-18 03:36:00,733.93258016
2018-07-18 03:37:00,733.93258016
2018-07-18 03:38:00,708.217493285
2018-07-18 03:39:00,699.64579766
2018-07-18 03:40:00,742.504275785
2018-07-18 03:41:00,742.504275785
2018-07-18 03:42:00,733.93258016
2018-07-18 03:43:00,733.93258016
2018-07-18 03:44:00,768.21936266
2018-07-18 03:45:00,776.791058285
2018-07-18 03:46:00,776.791058285
2018-07-18 03:47:00,776.791058285
2018-07-18 03:48:00,768.21936266
2018-07-18 03:49:00,751.07597141
2018-07-18 03:50:00,751.07597141
2018-07-18 03:51:00,751.07597141
2018-07-18 03:52:00,742.504275785
2018-07-18 03:53:00,742.504275785
2018-07-18 03:54:00,768.21936266
2018-07-18 03:55:00,768.21936266
2018-07-18 03:56:00,751.07597141
2018-07-18 03:57:00,768.21936266
2018-07-18 03:58:00,768.21936266
2018-07-18 03:59:00,759.647667035
2018-07-18 04:00:00,776.791058285
2018-07-18 04:01:00,751.07597141
2018-07-18 04:02:00,768.21936266
2018-07-18 04:03:00,759.647667035
2018-07-18 04:04:00,759.647667035
2018-07-18 04:05:00,759.647667035
2018-07-18 04:06:00,768.21936266
2018-07-18 04:07:00,768.21936266
2018-07-18 04:08:00,768.21936266
2018-07-18 04:09:00,785.36275391
2018-07-18 04:10:00,785.36275391
2018-07-18 04:11:00,785.36275391
2018-07-18 04:12:00,785.36275391
2018-07-18 04:13:00,785.36275391
2018-07-18 04:14:00,785.36275391
2018-07-18 04:15:00,785.36275391
2018-07-18 04:16:00,776.791058285
2018-07-18 04:17:00,785.36275391
2018-07-18 04:18:00,785.36275391
2018-07-18 04:19:00,785.36275391
2018-07-18 04:20:00,785.36275391
2018-07-18 04:21:00,768.21936266
2018-07-18 04:22:00,768.21936266
2018-07-18 04:23:00,768.21936266
2018-07-18 04:24:00,768.21936266
2018-07-18 04:25:00,776.791058285
2018-07-18 04:26:00,768.21936266
2018-07-18 04:27:00,785.36275391
2018-07-18 04:28:00,785.36275391
2018-07-18 04:29:00,785.36275391
2018-07-18 04:30:00,785.36275391
2018-07-18 04:31:00,785.36275391
2018-07-18 04:32:00,802.50614516
2018-07-18 04:33:00,802.50614516
2018-07-18 04:34:00,802.50614516
2018-07-18 04:35:00,802.50614516
2018-07-18 04:36:00,811.077840785
2018-07-18 04:37:00,811.077840785
2018-07-18 04:38:00,811.077840785
2018-07-18 04:39:00,819.64953641
2018-07-18 04:40:00,819.64953641
2018-07-18 04:41:00,819.64953641
2018-07-18 04:42:00,862.508014535
2018-07-18 04:43:00,871.07971016
2018-07-18 04:44:00,845.364623285
2018-07-18 04:45:00,836.79292766
2018-07-18 04:46:00,845.364623285
2018-07-18 04:47:00,845.364623285
2018-07-18 04:48:00,845.364623285
2018-07-18 04:49:00,845.364623285
2018-07-18 04:50:00,845.364623285
2018-07-18 04:51:00,845.364623285
2018-07-18 04:52:00,845.364623285
2018-07-18 04:53:00,836.79292766
2018-07-18 04:54:00,836.79292766
2018-07-18 04:55:00,836.79292766
2018-07-18 04:56:00,853.93631891
2018-07-18 04:57:00,888.22310141
2018-07-18 04:58:00,913.938188285
2018-07-18 04:59:00,896.794797035
2018-07-18 05:00:00,896.794797035
2018-07-18 05:01:00,888.22310141
2018-07-18 05:02:00,888.22310141
2018-07-18 05:03:00,888.22310141
2018-07-18 05:04:00,888.22310141
2018-07-18 05:05:00,888.22310141
2018-07-18 05:06:00,879.651405785
2018-07-18 05:07:00,853.93631891
2018-07-18 05:08:00,853.93631891
2018-07-18 05:09:00,853.93631891
2018-07-18 05:10:00,853.93631891
2018-07-18 05:11:00,853.93631891
2018-07-18 05:12:00,853.93631891
2018-07-18 05:13:00,853.93631891
2018-07-18 05:14:00,853.93631891
2018-07-18 05:15:00,853.93631891
2018-07-18 05:16:00,853.93631891
2018-07-18 05:17:00,853.93631891
2018-07-18 05:18:00,853.93631891
2018-07-18 05:19:00,853.93631891
2018-07-18 05:20:00,853.93631891
2018-07-18 05:21:00,853.93631891
2018-07-18 05:22:00,871.07971016
2018-07-18 05:23:00,871.07971016
2018-07-18 05:24:00,871.07971016
2018-07-18 05:25:00,853.93631891
2018-07-18 05:26:00,853.93631891
2018-07-18 05:27:00,853.93631891
2018-07-18 05:28:00,853.93631891
2018-07-18 05:29:00,862.508014535
2018-07-18 05:30:00,862.508014535
2018-07-18 05:31:00,853.93631891
2018-07-18 05:32:00,871.07971016
2018-07-18 05:33:00,871.07971016
2018-07-18 05:34:00,871.07971016
2018-07-18 05:35:00,871.07971016
2018-07-18 05:36:00,871.07971016
2018-07-18 05:37:00,871.07971016
2018-07-18 05:38:00,871.07971016
2018-07-18 05:39:00,871.07971016
2018-07-18 05:40:00,871.07971016
2018-07-18 05:41:00,871.07971016
2018-07-18 05:42:00,871.07971016
2018-07-18 05:43:00,871.07971016
2018-07-18 05:44:00,871.07971016
2018-07-18 05:45:00,871.07971016
2018-07-18 05:46:00,888.22310141
2018-07-18 05:47:00,888.22310141
2018-07-18 05:48:00,888.22310141
2018-07-18 05:49:00,888.22310141
2018-07-18 05:50:00,888.22310141
2018-07-18 05:51:00,888.22310141
2018-07-18 05:52:00,879.651405785
2018-07-18 05:53:00,879.651405785
2018-07-18 05:54:00,888.22310141
2018-07-18 05:55:00,871.07971016
2018-07-18 05:56:00,879.651405785
2018-07-18 05:57:00,871.07971016
2018-07-18 05:58:00,871.07971016
2018-07-18 05:59:00,871.07971016
2018-07-18 06:00:00,871.07971016
2018-07-18 06:01:00,871.07971016
2018-07-18 06:02:00,871.07971016
2018-07-18 06:03:00,871.07971016
2018-07-18 06:04:00,871.07971016
2018-07-18 06:05:00,871.07971016
2018-07-18 06:06:00,879.651405785
2018-07-18 06:07:00,888.22310141
2018-07-18 06:08:00,871.07971016
2018-07-18 06:09:00,871.07971016
2018-07-18 06:10:00,888.22310141
2018-07-18 06:11:00,888.22310141
2018-07-18 06:12:00,888.22310141
2018-07-18 06:13:00,888.22310141
2018-07-18 06:14:00,888.22310141
2018-07-18 06:15:00,888.22310141
2018-07-18 06:16:00,888.22310141
2018-07-18 06:17:00,888.22310141
2018-07-18 06:18:00,871.07971016
2018-07-18 06:19:00,871.07971016
2018-07-18 06:20:00,871.07971016
2018-07-18 06:21:00,871.07971016
2018-07-18 06:22:00,871.07971016
2018-07-18 06:23:00,871.07971016
2018-07-18 06:24:00,888.22310141
2018-07-18 06:25:00,888.22310141
2018-07-18 06:26:00,888.22310141
2018-07-18 06:27:00,888.22310141
2018-07-18 06:28:00,896.794797035
2018-07-18 06:29:00,896.794797035
2018-07-18 06:30:00,913.938188285
2018-07-18 06:31:00,913.938188285
2018-07-18 06:32:00,896.794797035
2018-07-18 06:33:00,896.794797035
2018-07-18 06:34:00,896.794797035
2018-07-18 06:35:00,888.22310141
2018-07-18 06:36:00,888.22310141
2018-07-18 06:37:00,888.22310141
2018-07-18 06:38:00,888.22310141
2018-07-18 06:39:00,888.22310141
2018-07-18 06:40:00,888.22310141
2018-07-18 06:41:00,896.794797035
2018-07-18 06:42:00,888.22310141
2018-07-18 06:43:00,888.22310141
2018-07-18 06:44:00,888.22310141
2018-07-18 06:45:00,888.22310141
2018-07-18 06:46:00,888.22310141
2018-07-18 06:47:00,888.22310141
2018-07-18 06:48:00,853.93631891
2018-07-18 06:49:00,853.93631891
2018-07-18 06:50:00,845.364623285
2018-07-18 06:51:00,879.651405785
2018-07-18 06:52:00,888.22310141
2018-07-18 06:53:00,888.22310141
2018-07-18 06:54:00,888.22310141
2018-07-18 06:55:00,896.794797035
2018-07-18 06:56:00,905.36649266
2018-07-18 06:57:00,905.36649266
2018-07-18 06:58:00,905.36649266
2018-07-18 06:59:00,905.36649266
2018-07-18 07:00:00,905.36649266
2018-07-18 07:01:00,905.36649266
2018-07-18 07:02:00,905.36649266
2018-07-18 07:03:00,905.36649266
2018-07-18 07:04:00,939.65327516
2018-07-18 07:05:00,939.65327516
2018-07-18 07:06:00,939.65327516
2018-07-18 07:07:00,939.65327516
2018-07-18 07:08:00,939.65327516
2018-07-18 07:09:00,939.65327516
2018-07-18 07:10:00,956.79666641
2018-07-18 07:11:00,956.79666641
2018-07-18 07:12:00,956.79666641
2018-07-18 07:13:00,948.224970785
2018-07-18 07:14:00,956.79666641
2018-07-18 07:15:00,948.224970785
2018-07-18 07:16:00,956.79666641
2018-07-18 07:17:00,948.224970785
2018-07-18 07:18:00,948.224970785
2018-07-18 07:19:00,939.65327516
2018-07-18 07:20:00,922.50988391
2018-07-18 07:21:00,939.65327516
2018-07-18 07:22:00,956.79666641
2018-07-18 07:23:00,948.224970785
2018-07-18 07:24:00,956.79666641
2018-07-18 07:25:00,956.79666641
2018-07-18 07:26:00,991.08344891
2018-07-18 07:27:00,991.08344891
2018-07-18 07:28:00,982.511753285
2018-07-18 07:29:00,973.94005766
2018-07-18 07:30:00,973.94005766
2018-07-18 07:31:00,982.511753285
2018-07-18 07:32:00,982.511753285
2018-07-18 07:33:00,991.08344891
2018-07-18 07:34:00,982.511753285
2018-07-18 07:35:00,973.94005766
2018-07-18 07:36:00,973.94005766
2018-07-18 07:37:00,956.79666641
2018-07-18 07:38:00,948.224970785
2018-07-18 07:39:00,948.224970785
2018-07-18 07:40:00,922.50988391
2018-07-18 07:41:00,922.50988391
2018-07-18 07:42:00,931.081579535
2018-07-18 07:43:00,922.50988391
2018-07-18 07:44:00,922.50988391
2018-07-18 07:45:00,922.50988391
2018-07-18 07:46:00,922.50988391
2018-07-18 07:47:00,905.36649266
2018-07-18 07:48:00,905.36649266
2018-07-18 07:49:00,905.36649266
2018-07-18 07:50:00,896.794797035
2018-07-18 07:51:00,896.794797035
2018-07-18 07:52:00,896.794797035
2018-07-18 07:53:00,896.794797035
2018-07-18 07:54:00,896.794797035
2018-07-18 07:55:00,896.794797035
2018-07-18 07:56:00,896.794797035
2018-07-18 07:57:00,888.22310141
2018-07-18 07:58:00,888.22310141
2018-07-18 07:59:00,888.22310141
2018-07-18 08:00:00,896.794797035
2018-07-18 08:01:00,888.22310141
2018-07-18 08:02:00,888.22310141
2018-07-18 08:03:00,888.22310141
2018-07-18 08:04:00,888.22310141
2018-07-18 08:05:00,888.22310141
2018-07-18 08:06:00,888.22310141
2018-07-18 08:07:00,888.22310141
2018-07-18 08:08:00,888.22310141
2018-07-18 08:09:00,888.22310141
2018-07-18 08:10:00,888.22310141
2018-07-18 08:11:00,888.22310141
2018-07-18 08:12:00,888.22310141
2018-07-18 08:13:00,888.22310141
2018-07-18 08:14:00,888.22310141
2018-07-18 08:15:00,896.794797035
2018-07-18 08:16:00,888.22310141
2018-07-18 08:17:00,888.22310141
2018-07-18 08:18:00,888.22310141
2018-07-18 08:19:00,888.22310141
2018-07-18 08:20:00,888.22310141
2018-07-18 08:21:00,888.22310141
2018-07-18 08:22:00,888.22310141
2018-07-18 08:23:00,888.22310141
2018-07-18 08:24:00,888.22310141
2018-07-18 08:25:00,888.22310141
2018-07-18 08:26:00,888.22310141
2018-07-18 08:27:00,888.22310141
2018-07-18 08:28:00,888.22310141
2018-07-18 08:29:00,888.22310141
2018-07-18 08:30:00,888.22310141
2018-07-18 08:31:00,888.22310141
2018-07-18 08:32:00,905.36649266
2018-07-18 08:33:00,905.36649266
2018-07-18 08:34:00,905.36649266
2018-07-18 08:35:00,905.36649266
2018-07-18 08:36:00,896.794797035
2018-07-18 08:37:00,896.794797035
2018-07-18 08:38:00,896.794797035
2018-07-18 08:39:00,896.794797035
2018-07-18 08:40:00,896.794797035
2018-07-18 08:41:00,896.794797035
2018-07-18 08:42:00,896.794797035
2018-07-18 08:43:00,896.794797035
2018-07-18 08:44:00,896.794797035
2018-07-18 08:45:00,896.794797035
2018-07-18 08:46:00,896.794797035
2018-07-18 08:47:00,896.794797035
2018-07-18 08:48:00,896.794797035
2018-07-18 08:49:00,896.794797035
2018-07-18 08:50:00,896.794797035
2018-07-18 08:51:00,905.36649266
2018-07-18 08:52:00,905.36649266
2018-07-18 08:53:00,905.36649266
2018-07-18 08:54:00,905.36649266
2018-07-18 08:55:00,905.36649266
2018-07-18 08:56:00,905.36649266
2018-07-18 08:57:00,905.36649266
2018-07-18 08:58:00,896.794797035
2018-07-18 08:59:00,896.794797035
2018-07-18 09:00:00,905.36649266
2018-07-18 09:01:00,905.36649266
2018-07-18 09:02:00,896.794797035
2018-07-18 09:03:00,905.36649266
2018-07-18 09:04:00,905.36649266
2018-07-18 09:05:00,905.36649266
2018-07-18 09:06:00,905.36649266
2018-07-18 09:07:00,905.36649266
2018-07-18 09:08:00,905.36649266
2018-07-18 09:09:00,905.36649266
2018-07-18 09:10:00,905.36649266
2018-07-18 09:11:00,896.794797035
2018-07-18 09:12:00,896.794797035
2018-07-18 09:13:00,896.794797035
2018-07-18 09:14:00,896.794797035
2018-07-18 09:15:00,896.794797035
2018-07-18 09:16:00,896.794797035
2018-07-18 09:17:00,905.36649266
2018-07-18 09:18:00,905.36649266
2018-07-18 09:19:00,905.36649266
2018-07-18 09:20:00,905.36649266
2018-07-18 09:21:00,905.36649266
2018-07-18 09:22:00,905.36649266
2018-07-18 09:23:00,905.36649266
2018-07-18 09:24:00,888.22310141
2018-07-18 09:25:00,896.794797035
2018-07-18 09:26:00,896.794797035
2018-07-18 09:27:00,888.22310141
2018-07-18 09:28:00,888.22310141
2018-07-18 09:29:00,888.22310141
2018-07-18 09:30:00,888.22310141
2018-07-18 09:31:00,896.794797035
2018-07-18 09:32:00,896.794797035
2018-07-18 09:33:00,905.36649266
2018-07-18 09:34:00,905.36649266
2018-07-18 09:35:00,905.36649266
2018-07-18 09:36:00,905.36649266
2018-07-18 09:37:00,905.36649266
2018-07-18 09:38:00,905.36649266
2018-07-18 09:39:00,896.794797035
2018-07-18 09:40:00,888.22310141
2018-07-18 09:41:00,888.22310141
2018-07-18 09:42:00,888.22310141
2018-07-18 09:43:00,888.22310141
2018-07-18 09:44:00,888.22310141
2018-07-18 09:45:00,888.22310141
2018-07-18 09:46:00,888.22310141
2018-07-18 09:47:00,888.22310141
2018-07-18 09:48:00,888.22310141
2018-07-18 09:49:00,888.22310141
2018-07-18 09:50:00,888.22310141
2018-07-18 09:51:00,888.22310141
2018-07-18 09:52:00,888.22310141
2018-07-18 09:53:00,888.22310141
2018-07-18 09:54:00,888.22310141
2018-07-18 09:55:00,888.22310141
2018-07-18 09:56:00,888.22310141
2018-07-18 09:57:00,888.22310141
2018-07-18 09:58:00,879.651405785
2018-07-18 09:59:00,853.93631891
2018-07-18 10:00:00,853.93631891
2018-07-18 10:01:00,853.93631891
2018-07-18 10:02:00,845.364623285
2018-07-18 10:03:00,845.364623285
2018-07-18 10:04:00,853.93631891
2018-07-18 10:05:00,845.364623285
2018-07-18 10:06:00,836.79292766
2018-07-18 10:07:00,836.79292766
2018-07-18 10:08:00,836.79292766
2018-07-18 10:09:00,836.79292766
2018-07-18 10:10:00,836.79292766
2018-07-18 10:11:00,836.79292766
2018-07-18 10:12:00,836.79292766
2018-07-18 10:13:00,836.79292766
2018-07-18 10:14:00,836.79292766
2018-07-18 10:15:00,836.79292766
2018-07-18 10:16:00,836.79292766
2018-07-18 10:17:00,836.79292766
2018-07-18 10:18:00,836.79292766
2018-07-18 10:19:00,836.79292766
2018-07-18 10:20:00,836.79292766
2018-07-18 10:21:00,836.79292766
2018-07-18 10:22:00,836.79292766
2018-07-18 10:23:00,836.79292766
2018-07-18 10:24:00,836.79292766
2018-07-18 10:25:00,836.79292766
2018-07-18 10:26:00,836.79292766
2018-07-18 10:27:00,836.79292766
2018-07-18 10:28:00,836.79292766
2018-07-18 10:29:00,836.79292766
2018-07-18 10:30:00,836.79292766
2018-07-18 10:31:00,836.79292766
2018-07-18 10:32:00,836.79292766
2018-07-18 10:33:00,836.79292766
2018-07-18 10:34:00,836.79292766
2018-07-18 10:35:00,836.79292766
2018-07-18 10:36:00,828.221232035
2018-07-18 10:37:00,828.221232035
2018-07-18 10:38:00,828.221232035
2018-07-18 10:39:00,828.221232035
2018-07-18 10:40:00,828.221232035
2018-07-18 10:41:00,828.221232035
2018-07-18 10:42:00,828.221232035
2018-07-18 10:43:00,828.221232035
2018-07-18 10:44:00,836.79292766
2018-07-18 10:45:00,836.79292766
2018-07-18 10:46:00,836.79292766
2018-07-18 10:47:00,836.79292766
2018-07-18 10:48:00,836.79292766
2018-07-18 10:49:00,836.79292766
2018-07-18 10:50:00,836.79292766
2018-07-18 10:51:00,836.79292766
2018-07-18 10:52:00,836.79292766
2018-07-18 10:53:00,828.221232035
2018-07-18 10:54:00,828.221232035
2018-07-18 10:55:00,828.221232035
2018-07-18 10:56:00,828.221232035
2018-07-18 10:57:00,828.221232035
2018-07-18 10:58:00,836.79292766
2018-07-18 10:59:00,836.79292766
2018-07-18 11:00:00,836.79292766
2018-07-18 11:01:00,836.79292766
2018-07-18 11:02:00,836.79292766
2018-07-18 11:03:00,836.79292766
2018-07-18 11:04:00,836.79292766
2018-07-18 11:05:00,836.79292766
2018-07-18 11:06:00,836.79292766
2018-07-18 11:07:00,836.79292766
2018-07-18 11:08:00,836.79292766
2018-07-18 11:09:00,836.79292766
2018-07-18 11:10:00,836.79292766
2018-07-18 11:11:00,828.221232035
2018-07-18 11:12:00,828.221232035
2018-07-18 11:13:00,828.221232035
2018-07-18 11:14:00,828.221232035
2018-07-18 11:15:00,828.221232035
2018-07-18 11:16:00,828.221232035
2018-07-18 11:17:00,819.64953641
2018-07-18 11:18:00,828.221232035
2018-07-18 11:19:00,819.64953641
2018-07-18 11:20:00,819.64953641
2018-07-18 11:21:00,819.64953641
2018-07-18 11:22:00,819.64953641
2018-07-18 11:23:00,819.64953641
2018-07-18 11:24:00,819.64953641
2018-07-18 11:25:00,819.64953641
2018-07-18 11:26:00,819.64953641
2018-07-18 11:27:00,819.64953641
2018-07-18 11:28:00,819.64953641
2018-07-18 11:29:00,819.64953641
2018-07-18 11:30:00,819.64953641
2018-07-18 11:31:00,819.64953641
2018-07-18 11:32:00,819.64953641
2018-07-18 11:33:00,828.221232035
2018-07-18 11:34:00,828.221232035
2018-07-18 11:35:00,828.221232035
2018-07-18 11:36:00,828.221232035
2018-07-18 11:37:00,828.221232035
2018-07-18 11:38:00,828.221232035
2018-07-18 11:39:00,828.221232035
2018-07-18 11:40:00,828.221232035
2018-07-18 11:41:00,828.221232035
2018-07-18 11:42:00,828.221232035
2018-07-18 11:43:00,828.221232035
2018-07-18 11:44:00,828.221232035
2018-07-18 11:45:00,828.221232035
2018-07-18 11:46:00,828.221232035
2018-07-18 11:47:00,828.221232035
2018-07-18 11:48:00,845.364623285
2018-07-18 11:49:00,845.364623285
2018-07-18 11:50:00,853.93631891
2018-07-18 11:51:00,853.93631891
2018-07-18 11:52:00,853.93631891
2018-07-18 11:53:00,845.364623285
2018-07-18 11:54:00,853.93631891
2018-07-18 11:55:00,845.364623285
2018-07-18 11:56:00,845.364623285
2018-07-18 11:57:00,845.364623285
2018-07-18 11:58:00,853.93631891
2018-07-18 11:59:00,862.508014535
2018-07-19 01:29:00,1171.0883713
2018-07-19 01:30:00,1171.0883713
2018-07-19 01:31:00,1171.0883713
2018-07-19 01:32:00,1171.0883713
2018-07-19 01:33:00,1171.0883713
2018-07-19 01:34:00,793.9337638
2018-07-19 01:35:00,793.9337638
2018-07-19 01:36:00,785.362068175
2018-07-19 01:37:00,785.362068175
2018-07-19 01:38:00,776.79037255
2018-07-19 01:39:00,776.79037255
2018-07-19 01:40:00,776.79037255
2018-07-19 01:41:00,776.79037255
2018-07-19 01:42:00,785.362068175
2018-07-19 01:43:00,785.362068175
2018-07-19 01:44:00,785.362068175
2018-07-19 01:45:00,776.79037255
2018-07-19 01:46:00,785.362068175
2018-07-19 01:47:00,793.9337638
2018-07-19 01:48:00,793.9337638
2018-07-19 01:49:00,793.9337638
2018-07-19 01:50:00,793.9337638
2018-07-19 01:51:00,793.9337638
2018-07-19 01:52:00,811.07715505
2018-07-19 01:53:00,811.07715505
2018-07-19 01:54:00,793.9337638
2018-07-19 01:55:00,793.9337638
2018-07-19 01:56:00,793.9337638
2018-07-19 01:57:00,793.9337638
2018-07-19 01:58:00,793.9337638
2018-07-19 01:59:00,793.9337638
2018-07-19 02:00:00,793.9337638
2018-07-19 02:01:00,776.79037255
2018-07-19 02:02:00,802.505459425
2018-07-19 02:03:00,802.505459425
2018-07-19 02:04:00,785.362068175
2018-07-19 02:05:00,785.362068175
2018-07-19 02:06:00,785.362068175
2018-07-19 02:07:00,785.362068175
2018-07-19 02:08:00,785.362068175
2018-07-19 02:09:00,785.362068175
2018-07-19 02:10:00,785.362068175
2018-07-19 02:11:00,785.362068175
2018-07-19 02:12:00,785.362068175
2018-07-19 02:13:00,785.362068175
2018-07-19 02:14:00,776.79037255
2018-07-19 02:15:00,776.79037255
2018-07-19 02:16:00,776.79037255
2018-07-19 02:17:00,768.218676925
2018-07-19 02:18:00,776.79037255
2018-07-19 02:19:00,776.79037255
2018-07-19 02:20:00,776.79037255
2018-07-19 02:21:00,759.6469813
2018-07-19 02:22:00,759.6469813
2018-07-19 02:23:00,768.218676925
2018-07-19 02:24:00,768.218676925
2018-07-19 02:25:00,785.362068175
2018-07-19 02:26:00,802.505459425
2018-07-19 02:27:00,802.505459425
2018-07-19 02:28:00,802.505459425
2018-07-19 02:29:00,819.648850675
2018-07-19 02:30:00,802.505459425
2018-07-19 02:31:00,785.362068175
2018-07-19 02:32:00,785.362068175
2018-07-19 02:33:00,793.9337638
2018-07-19 02:34:00,802.505459425
2018-07-19 02:35:00,785.362068175
2018-07-19 02:36:00,785.362068175
2018-07-19 02:37:00,785.362068175
2018-07-19 02:38:00,785.362068175
2018-07-19 02:39:00,785.362068175
2018-07-19 02:40:00,785.362068175
2018-07-19 02:41:00,785.362068175
2018-07-19 02:42:00,785.362068175
2018-07-19 02:43:00,785.362068175
2018-07-19 02:44:00,785.362068175
2018-07-19 02:45:00,776.79037255
2018-07-19 02:46:00,785.362068175
2018-07-19 02:47:00,785.362068175
2018-07-19 02:48:00,785.362068175
2018-07-19 02:49:00,785.362068175
2018-07-19 02:50:00,793.9337638
2018-07-19 02:51:00,793.9337638
2018-07-19 02:52:00,785.362068175
2018-07-19 02:53:00,785.362068175
2018-07-19 02:54:00,785.362068175
2018-07-19 02:55:00,785.362068175
2018-07-19 02:56:00,785.362068175
2018-07-19 02:57:00,793.9337638
2018-07-19 02:58:00,785.362068175
2018-07-19 02:59:00,785.362068175
2018-07-19 03:00:00,802.505459425
2018-07-19 03:01:00,785.362068175
2018-07-19 03:02:00,785.362068175
2018-07-19 03:03:00,785.362068175
2018-07-19 03:04:00,785.362068175
2018-07-19 03:05:00,785.362068175
2018-07-19 03:06:00,785.362068175
2018-07-19 03:07:00,785.362068175
2018-07-19 03:08:00,785.362068175
2018-07-19 03:09:00,785.362068175
2018-07-19 03:10:00,785.362068175
2018-07-19 03:11:00,785.362068175
2018-07-19 03:12:00,785.362068175
2018-07-19 03:13:00,785.362068175
2018-07-19 03:14:00,785.362068175
2018-07-19 03:15:00,785.362068175
2018-07-19 03:16:00,785.362068175
2018-07-19 03:17:00,785.362068175
2018-07-19 03:18:00,759.6469813
2018-07-19 03:19:00,759.6469813
2018-07-19 03:20:00,768.218676925
2018-07-19 03:21:00,768.218676925
2018-07-19 03:22:00,768.218676925
2018-07-19 03:23:00,768.218676925
2018-07-19 03:24:00,768.218676925
2018-07-19 03:25:00,768.218676925
2018-07-19 03:26:00,751.075285675
2018-07-19 03:27:00,751.075285675
2018-07-19 03:28:00,759.6469813
2018-07-19 03:29:00,708.21680755
2018-07-19 03:30:00,802.505459425
2018-07-19 03:31:00,836.792241925
2018-07-19 03:32:00,819.648850675
2018-07-19 03:33:00,819.648850675
2018-07-19 03:34:00,828.2205463
2018-07-19 03:35:00,845.36393755
2018-07-19 03:36:00,836.792241925
2018-07-19 03:37:00,836.792241925
2018-07-19 03:38:00,845.36393755
2018-07-19 03:39:00,845.36393755
2018-07-19 03:40:00,845.36393755
2018-07-19 03:41:00,853.935633175
2018-07-19 03:42:00,853.935633175
2018-07-19 03:43:00,853.935633175
2018-07-19 03:44:00,853.935633175
2018-07-19 03:45:00,845.36393755
2018-07-19 03:46:00,853.935633175
2018-07-19 03:47:00,853.935633175
2018-07-19 03:48:00,845.36393755
2018-07-19 03:49:00,845.36393755
2018-07-19 03:50:00,836.792241925
2018-07-19 03:51:00,845.36393755
2018-07-19 03:52:00,845.36393755
2018-07-19 03:53:00,793.9337638
2018-07-19 03:54:00,793.9337638
2018-07-19 03:55:00,776.79037255
2018-07-19 03:56:00,776.79037255
2018-07-19 03:57:00,768.218676925
2018-07-19 03:58:00,768.218676925
2018-07-19 03:59:00,785.362068175
2018-07-19 04:00:00,785.362068175
2018-07-19 04:01:00,802.505459425
2018-07-19 04:02:00,802.505459425
2018-07-19 04:03:00,802.505459425
2018-07-19 04:04:00,802.505459425
2018-07-19 04:05:00,802.505459425
2018-07-19 04:06:00,785.362068175
2018-07-19 04:07:00,785.362068175
2018-07-19 04:08:00,776.79037255
2018-07-19 04:09:00,768.218676925
2018-07-19 04:10:00,776.79037255
2018-07-19 04:11:00,776.79037255
2018-07-19 04:12:00,768.218676925
2018-07-19 04:13:00,768.218676925
2018-07-19 04:14:00,768.218676925
2018-07-19 04:15:00,768.218676925
2018-07-19 04:16:00,768.218676925
2018-07-19 04:17:00,768.218676925
2018-07-19 04:18:00,768.218676925
2018-07-19 04:19:00,768.218676925
2018-07-19 04:20:00,768.218676925
2018-07-19 04:21:00,776.79037255
2018-07-19 04:22:00,768.218676925
2018-07-19 04:23:00,768.218676925
2018-07-19 04:24:00,768.218676925
2018-07-19 04:25:00,768.218676925
2018-07-19 04:26:00,768.218676925
2018-07-19 04:27:00,768.218676925
2018-07-19 04:28:00,768.218676925
2018-07-19 04:29:00,768.218676925
2018-07-19 04:30:00,776.79037255
2018-07-19 04:31:00,768.218676925
2018-07-19 04:32:00,776.79037255
2018-07-19 04:33:00,785.362068175
2018-07-19 04:34:00,785.362068175
2018-07-19 04:35:00,785.362068175
2018-07-19 04:36:00,785.362068175
2018-07-19 04:37:00,785.362068175
2018-07-19 04:38:00,785.362068175
2018-07-19 04:39:00,785.362068175
2018-07-19 04:40:00,785.362068175
2018-07-19 04:41:00,785.362068175
2018-07-19 04:42:00,793.9337638
2018-07-19 04:43:00,793.9337638
2018-07-19 04:44:00,793.9337638
2018-07-19 04:45:00,793.9337638
2018-07-19 04:46:00,802.505459425
2018-07-19 04:47:00,828.2205463
2018-07-19 04:48:00,819.648850675
2018-07-19 04:49:00,802.505459425
2018-07-19 04:50:00,802.505459425
2018-07-19 04:51:00,802.505459425
2018-07-19 04:52:00,802.505459425
2018-07-19 04:53:00,802.505459425
2018-07-19 04:54:00,802.505459425
2018-07-19 04:55:00,811.07715505
2018-07-19 04:56:00,811.07715505
2018-07-19 04:57:00,811.07715505
2018-07-19 04:58:00,819.648850675
2018-07-19 04:59:00,819.648850675
2018-07-19 05:00:00,811.07715505
2018-07-19 05:01:00,811.07715505
2018-07-19 05:02:00,819.648850675
2018-07-19 05:03:00,802.505459425
2018-07-19 05:04:00,793.9337638
2018-07-19 05:05:00,785.362068175
2018-07-19 05:06:00,785.362068175
2018-07-19 05:07:00,785.362068175
2018-07-19 05:08:00,785.362068175
2018-07-19 05:09:00,776.79037255
2018-07-19 05:10:00,776.79037255
2018-07-19 05:11:00,776.79037255
2018-07-19 05:12:00,776.79037255
2018-07-19 05:13:00,751.075285675
2018-07-19 05:14:00,751.075285675
2018-07-19 05:15:00,751.075285675
2018-07-19 05:16:00,785.362068175
2018-07-19 05:17:00,785.362068175
2018-07-19 05:18:00,785.362068175
2018-07-19 05:19:00,785.362068175
2018-07-19 05:20:00,785.362068175
2018-07-19 05:21:00,785.362068175
2018-07-19 05:22:00,785.362068175
2018-07-19 05:23:00,785.362068175
2018-07-19 05:24:00,785.362068175
2018-07-19 05:25:00,785.362068175
2018-07-19 05:26:00,785.362068175
2018-07-19 05:27:00,785.362068175
2018-07-19 05:28:00,785.362068175
2018-07-19 05:29:00,793.9337638
2018-07-19 05:30:00,793.9337638
2018-07-19 05:31:00,793.9337638
2018-07-19 05:32:00,793.9337638
2018-07-19 05:33:00,793.9337638
2018-07-19 05:34:00,785.362068175
2018-07-19 05:35:00,785.362068175
2018-07-19 05:36:00,785.362068175
2018-07-19 05:37:00,785.362068175
2018-07-19 05:38:00,793.9337638
2018-07-19 05:39:00,802.505459425
2018-07-19 05:40:00,802.505459425
2018-07-19 05:41:00,811.07715505
2018-07-19 05:42:00,819.648850675
2018-07-19 05:43:00,819.648850675
2018-07-19 05:44:00,819.648850675
2018-07-19 05:45:00,819.648850675
2018-07-19 05:46:00,819.648850675
2018-07-19 05:47:00,819.648850675
2018-07-19 05:48:00,819.648850675
2018-07-19 05:49:00,819.648850675
2018-07-19 05:50:00,819.648850675
2018-07-19 05:51:00,819.648850675
2018-07-19 05:52:00,819.648850675
2018-07-19 05:53:00,819.648850675
2018-07-19 05:54:00,819.648850675
2018-07-19 05:55:00,819.648850675
2018-07-19 05:56:00,828.2205463
2018-07-19 05:57:00,836.792241925
2018-07-19 05:58:00,836.792241925
2018-07-19 05:59:00,836.792241925
2018-07-19 06:00:00,836.792241925
2018-07-19 06:01:00,836.792241925
2018-07-19 06:02:00,836.792241925
2018-07-19 06:03:00,836.792241925
2018-07-19 06:04:00,836.792241925
2018-07-19 06:05:00,836.792241925
2018-07-19 06:06:00,836.792241925
2018-07-19 06:07:00,836.792241925
2018-07-19 06:08:00,836.792241925
2018-07-19 06:09:00,836.792241925
2018-07-19 06:10:00,836.792241925
2018-07-19 06:11:00,836.792241925
2018-07-19 06:12:00,836.792241925
2018-07-19 06:13:00,836.792241925
2018-07-19 06:14:00,836.792241925
2018-07-19 06:15:00,836.792241925
2018-07-19 06:16:00,836.792241925
2018-07-19 06:17:00,836.792241925
2018-07-19 06:18:00,836.792241925
2018-07-19 06:19:00,836.792241925
2018-07-19 06:20:00,836.792241925
2018-07-19 06:21:00,836.792241925
2018-07-19 06:22:00,836.792241925
2018-07-19 06:23:00,836.792241925
2018-07-19 06:24:00,836.792241925
2018-07-19 06:25:00,836.792241925
2018-07-19 06:26:00,836.792241925
2018-07-19 06:27:00,853.935633175
2018-07-19 06:28:00,853.935633175
2018-07-19 06:29:00,853.935633175
2018-07-19 06:30:00,853.935633175
2018-07-19 06:31:00,853.935633175
2018-07-19 06:32:00,853.935633175
2018-07-19 06:33:00,853.935633175
2018-07-19 06:34:00,853.935633175
2018-07-19 06:35:00,853.935633175
2018-07-19 06:36:00,853.935633175
2018-07-19 06:37:00,853.935633175
2018-07-19 06:38:00,845.36393755
2018-07-19 06:39:00,845.36393755
2018-07-19 06:40:00,845.36393755
2018-07-19 06:41:00,853.935633175
2018-07-19 06:42:00,853.935633175
2018-07-19 06:43:00,871.079024425
2018-07-19 06:44:00,871.079024425
2018-07-19 06:45:00,905.365806925
2018-07-19 06:46:00,905.365806925
2018-07-19 06:47:00,905.365806925
2018-07-19 06:48:00,905.365806925
2018-07-19 06:49:00,905.365806925
2018-07-19 06:50:00,922.509198175
2018-07-19 06:51:00,922.509198175
2018-07-19 06:52:00,913.93750255
2018-07-19 06:53:00,913.93750255
2018-07-19 06:54:00,913.93750255
2018-07-19 06:55:00,922.509198175
2018-07-19 06:56:00,922.509198175
2018-07-19 06:57:00,913.93750255
2018-07-19 06:58:00,905.365806925
2018-07-19 06:59:00,905.365806925
2018-07-19 07:00:00,905.365806925
2018-07-19 07:01:00,913.93750255
2018-07-19 07:02:00,913.93750255
2018-07-19 07:03:00,913.93750255
2018-07-19 07:04:00,913.93750255
2018-07-19 07:05:00,913.93750255
2018-07-19 07:06:00,913.93750255
2018-07-19 07:07:00,913.93750255
2018-07-19 07:08:00,913.93750255
2018-07-19 07:09:00,913.93750255
2018-07-19 07:10:00,913.93750255
2018-07-19 07:11:00,913.93750255
2018-07-19 07:12:00,913.93750255
2018-07-19 07:13:00,913.93750255
2018-07-19 07:14:00,913.93750255
2018-07-19 07:15:00,913.93750255
2018-07-19 07:16:00,913.93750255
2018-07-19 07:17:00,913.93750255
2018-07-19 07:18:00,922.509198175
2018-07-19 07:19:00,913.93750255
2018-07-19 07:20:00,913.93750255
2018-07-19 07:21:00,913.93750255
2018-07-19 07:22:00,939.652589425
2018-07-19 07:23:00,939.652589425
2018-07-19 07:24:00,939.652589425
2018-07-19 07:25:00,939.652589425
2018-07-19 07:26:00,939.652589425
2018-07-19 07:27:00,939.652589425
2018-07-19 07:28:00,939.652589425
2018-07-19 07:29:00,931.0808938
2018-07-19 07:30:00,922.509198175
2018-07-19 07:31:00,922.509198175
2018-07-19 07:32:00,922.509198175
2018-07-19 07:33:00,922.509198175
2018-07-19 07:34:00,913.93750255
2018-07-19 07:35:00,913.93750255
2018-07-19 07:36:00,913.93750255
2018-07-19 07:37:00,913.93750255
2018-07-19 07:38:00,913.93750255
2018-07-19 07:39:00,913.93750255
2018-07-19 07:40:00,922.509198175
2018-07-19 07:41:00,922.509198175
2018-07-19 07:42:00,931.0808938
2018-07-19 07:43:00,922.509198175
2018-07-19 07:44:00,931.0808938
2018-07-19 07:45:00,931.0808938
2018-07-19 07:46:00,939.652589425
2018-07-19 07:47:00,931.0808938
2018-07-19 07:48:00,939.652589425
2018-07-19 07:49:00,948.22428505
2018-07-19 07:50:00,939.652589425
2018-07-19 07:51:00,948.22428505
2018-07-19 07:52:00,973.939371925
2018-07-19 07:53:00,956.795980675
2018-07-19 07:54:00,956.795980675
2018-07-19 07:55:00,973.939371925
2018-07-19 07:56:00,973.939371925
2018-07-19 07:57:00,965.3676763
2018-07-19 07:58:00,948.22428505
2018-07-19 07:59:00,956.795980675
2018-07-19 08:00:00,956.795980675
2018-07-19 08:01:00,956.795980675
2018-07-19 08:02:00,956.795980675
2018-07-19 08:03:00,913.93750255
2018-07-19 08:04:00,931.0808938
2018-07-19 08:05:00,931.0808938
2018-07-19 08:06:00,931.0808938
2018-07-19 08:07:00,931.0808938
2018-07-19 08:08:00,931.0808938
2018-07-19 08:09:00,931.0808938
2018-07-19 08:10:00,931.0808938
2018-07-19 08:11:00,939.652589425
2018-07-19 08:12:00,931.0808938
2018-07-19 08:13:00,922.509198175
2018-07-19 08:14:00,939.652589425
2018-07-19 08:15:00,948.22428505
2018-07-19 08:16:00,948.22428505
2018-07-19 08:17:00,948.22428505
2018-07-19 08:18:00,948.22428505
2018-07-19 08:19:00,939.652589425
2018-07-19 08:20:00,931.0808938
2018-07-19 08:21:00,939.652589425
2018-07-19 08:22:00,939.652589425
2018-07-19 08:23:00,948.22428505
2018-07-19 08:24:00,948.22428505
2018-07-19 08:25:00,948.22428505
2018-07-19 08:26:00,948.22428505
2018-07-19 08:27:00,931.0808938
2018-07-19 08:28:00,931.0808938
2018-07-19 08:29:00,931.0808938
2018-07-19 08:30:00,939.652589425
2018-07-19 08:31:00,939.652589425
2018-07-19 08:32:00,939.652589425
2018-07-19 08:33:00,939.652589425
2018-07-19 08:34:00,939.652589425
2018-07-19 08:35:00,939.652589425
2018-07-19 08:36:00,948.22428505
2018-07-19 08:37:00,948.22428505
2018-07-19 08:38:00,948.22428505
2018-07-19 08:39:00,939.652589425
2018-07-19 08:40:00,939.652589425
2018-07-19 08:41:00,948.22428505
2018-07-19 08:42:00,931.0808938
2018-07-19 08:43:00,939.652589425
2018-07-19 08:44:00,939.652589425
2018-07-19 08:45:00,948.22428505
2018-07-19 08:46:00,948.22428505
2018-07-19 08:47:00,948.22428505
2018-07-19 08:48:00,948.22428505
2018-07-19 08:49:00,948.22428505
2018-07-19 08:50:00,948.22428505
2018-07-19 08:51:00,948.22428505
2018-07-19 08:52:00,948.22428505
2018-07-19 08:53:00,973.939371925
2018-07-19 08:54:00,973.939371925
2018-07-19 08:55:00,973.939371925
2018-07-19 08:56:00,973.939371925
2018-07-19 08:57:00,982.51106755
2018-07-19 08:58:00,973.939371925
2018-07-19 08:59:00,973.939371925
2018-07-19 09:00:00,973.939371925
2018-07-19 09:01:00,965.3676763
2018-07-19 09:02:00,965.3676763
2018-07-19 09:03:00,965.3676763
2018-07-19 09:04:00,973.939371925
2018-07-19 09:05:00,973.939371925
2018-07-19 09:06:00,973.939371925
2018-07-19 09:07:00,973.939371925
2018-07-19 09:08:00,973.939371925
2018-07-19 09:09:00,973.939371925
2018-07-19 09:10:00,956.795980675
2018-07-19 09:11:00,956.795980675
2018-07-19 09:12:00,956.795980675
2018-07-19 09:13:00,956.795980675
2018-07-19 09:14:00,948.22428505
2018-07-19 09:15:00,948.22428505
2018-07-19 09:16:00,948.22428505
2018-07-19 09:17:00,948.22428505
2018-07-19 09:18:00,939.652589425
2018-07-19 09:19:00,939.652589425
2018-07-19 09:20:00,939.652589425
2018-07-19 09:21:00,931.0808938
2018-07-19 09:22:00,931.0808938
2018-07-19 09:23:00,931.0808938
2018-07-19 09:24:00,931.0808938
2018-07-19 09:25:00,931.0808938
2018-07-19 09:26:00,879.65072005
2018-07-19 09:27:00,896.7941113
2018-07-19 09:28:00,896.7941113
2018-07-19 09:29:00,896.7941113
2018-07-19 09:30:00,896.7941113
2018-07-19 09:31:00,896.7941113
2018-07-19 09:32:00,896.7941113
2018-07-19 09:33:00,896.7941113
2018-07-19 09:34:00,896.7941113
2018-07-19 09:35:00,896.7941113
2018-07-19 09:36:00,896.7941113
2018-07-19 09:37:00,896.7941113
2018-07-19 09:38:00,896.7941113
2018-07-19 09:39:00,896.7941113
2018-07-19 09:40:00,896.7941113
2018-07-19 09:41:00,896.7941113
2018-07-19 09:42:00,896.7941113
2018-07-19 09:43:00,896.7941113
2018-07-19 09:44:00,896.7941113
2018-07-19 09:45:00,896.7941113
2018-07-19 09:46:00,896.7941113
2018-07-19 09:47:00,871.079024425
2018-07-19 09:48:00,879.65072005
2018-07-19 09:49:00,879.65072005
2018-07-19 09:50:00,871.079024425
2018-07-19 09:51:00,862.5073288
2018-07-19 09:52:00,853.935633175
2018-07-19 09:53:00,853.935633175
2018-07-19 09:54:00,853.935633175
2018-07-19 09:55:00,845.36393755
2018-07-19 09:56:00,845.36393755
2018-07-19 09:57:00,845.36393755
2018-07-19 09:58:00,836.792241925
2018-07-19 09:59:00,836.792241925
2018-07-19 10:00:00,853.935633175
2018-07-19 10:01:00,853.935633175
2018-07-19 10:02:00,845.36393755
2018-07-19 10:03:00,845.36393755
2018-07-19 10:04:00,845.36393755
2018-07-19 10:05:00,862.5073288
2018-07-19 10:06:00,853.935633175
2018-07-19 10:07:00,853.935633175
2018-07-19 10:08:00,862.5073288
2018-07-19 10:09:00,853.935633175
2018-07-19 10:10:00,862.5073288
2018-07-19 10:11:00,853.935633175
2018-07-19 10:12:00,853.935633175
2018-07-19 10:13:00,853.935633175
2018-07-19 10:14:00,853.935633175
2018-07-19 10:15:00,862.5073288
2018-07-19 10:16:00,862.5073288
2018-07-19 10:17:00,862.5073288
2018-07-19 10:18:00,879.65072005
2018-07-19 10:19:00,879.65072005
2018-07-19 10:20:00,879.65072005
2018-07-19 10:21:00,879.65072005
2018-07-19 10:22:00,879.65072005
2018-07-19 10:23:00,853.935633175
2018-07-19 10:24:00,853.935633175
2018-07-19 10:25:00,853.935633175
2018-07-19 10:26:00,862.5073288
2018-07-19 10:27:00,871.079024425
2018-07-19 10:28:00,871.079024425
2018-07-19 10:29:00,871.079024425
2018-07-19 10:30:00,871.079024425
2018-07-19 10:31:00,871.079024425
2018-07-19 10:32:00,871.079024425
2018-07-19 10:33:00,871.079024425
2018-07-19 10:34:00,871.079024425
2018-07-19 10:35:00,871.079024425
2018-07-19 10:36:00,871.079024425
2018-07-19 10:37:00,871.079024425
2018-07-19 10:38:00,871.079024425
2018-07-19 10:39:00,871.079024425
2018-07-19 10:40:00,871.079024425
2018-07-19 10:41:00,871.079024425
2018-07-19 10:42:00,871.079024425
2018-07-19 10:43:00,871.079024425
2018-07-19 10:44:00,871.079024425
2018-07-19 10:45:00,871.079024425
2018-07-19 10:46:00,871.079024425
2018-07-19 10:47:00,871.079024425
2018-07-19 10:48:00,871.079024425
2018-07-19 10:49:00,871.079024425
2018-07-19 10:50:00,871.079024425
2018-07-19 10:51:00,871.079024425
2018-07-19 10:52:00,871.079024425
2018-07-19 10:53:00,871.079024425
2018-07-19 10:54:00,871.079024425
2018-07-19 10:55:00,871.079024425
2018-07-19 10:56:00,871.079024425
2018-07-19 10:57:00,871.079024425
2018-07-19 10:58:00,862.5073288
2018-07-19 10:59:00,871.079024425
2018-07-19 11:00:00,871.079024425
2018-07-19 11:01:00,871.079024425
2018-07-19 11:02:00,871.079024425
2018-07-19 11:03:00,871.079024425
2018-07-19 11:04:00,871.079024425
2018-07-19 11:05:00,871.079024425
2018-07-19 11:06:00,871.079024425
2018-07-19 11:07:00,871.079024425
2018-07-19 11:08:00,871.079024425
2018-07-19 11:09:00,862.5073288
2018-07-19 11:10:00,871.079024425
2018-07-19 11:11:00,879.65072005
2018-07-19 11:12:00,888.222415675
2018-07-19 11:13:00,888.222415675
2018-07-19 11:14:00,888.222415675
2018-07-19 11:15:00,888.222415675
2018-07-19 11:16:00,905.365806925
2018-07-19 11:17:00,905.365806925
2018-07-19 11:18:00,905.365806925
2018-07-19 11:19:00,905.365806925
2018-07-19 11:20:00,905.365806925
2018-07-19 11:21:00,905.365806925
2018-07-19 11:22:00,905.365806925
2018-07-19 11:23:00,905.365806925
2018-07-19 11:24:00,905.365806925
2018-07-19 11:25:00,913.93750255
2018-07-19 11:26:00,922.509198175
2018-07-19 11:27:00,896.7941113
2018-07-19 11:28:00,905.365806925
2018-07-19 11:29:00,922.509198175
2018-07-19 11:30:00,922.509198175
2018-07-19 11:31:00,922.509198175
2018-07-19 11:32:00,922.509198175
2018-07-19 11:33:00,922.509198175
2018-07-19 11:34:00,922.509198175
2018-07-19 11:35:00,922.509198175
2018-07-19 11:36:00,905.365806925
2018-07-19 11:37:00,905.365806925
2018-07-19 11:38:00,905.365806925
2018-07-19 11:39:00,905.365806925
2018-07-19 11:40:00,905.365806925
2018-07-19 11:41:00,905.365806925
2018-07-19 11:42:00,905.365806925
2018-07-19 11:43:00,905.365806925
2018-07-19 11:44:00,905.365806925
2018-07-19 11:45:00,939.652589425
2018-07-19 11:46:00,939.652589425
2018-07-19 11:47:00,939.652589425
2018-07-19 11:48:00,922.509198175
2018-07-19 11:49:00,922.509198175
2018-07-19 11:50:00,922.509198175
2018-07-19 11:51:00,922.509198175
2018-07-19 11:52:00,922.509198175
2018-07-19 11:53:00,922.509198175
2018-07-19 11:54:00,922.509198175
2018-07-19 11:55:00,922.509198175
2018-07-19 11:56:00,922.509198175
2018-07-19 11:57:00,922.509198175
2018-07-19 11:58:00,922.509198175
2018-07-19 11:59:00,922.509198175
2018-07-20 01:29:00,939.652589425
2018-07-20 01:30:00,939.652589425
2018-07-20 01:31:00,939.652589425
2018-07-20 01:32:00,939.652589425
2018-07-20 01:33:00,939.652589425
2018-07-20 01:34:00,956.795980675
2018-07-20 01:35:00,965.3676763
2018-07-20 01:36:00,965.3676763
2018-07-20 01:37:00,956.795980675
2018-07-20 01:38:00,956.795980675
2018-07-20 01:39:00,956.795980675
2018-07-20 01:40:00,956.795980675
2018-07-20 01:41:00,956.795980675
2018-07-20 01:42:00,956.795980675
2018-07-20 01:43:00,956.795980675
2018-07-20 01:44:00,939.652589425
2018-07-20 01:45:00,939.652589425
2018-07-20 01:46:00,939.652589425
2018-07-20 01:47:00,939.652589425
2018-07-20 01:48:00,939.652589425
2018-07-20 01:49:00,939.652589425
2018-07-20 01:50:00,922.509198175
2018-07-20 01:51:00,922.509198175
2018-07-20 01:52:00,922.509198175
2018-07-20 01:53:00,922.509198175
2018-07-20 01:54:00,939.652589425
2018-07-20 01:55:00,939.652589425
2018-07-20 01:56:00,939.652589425
2018-07-20 01:57:00,939.652589425
2018-07-20 01:58:00,939.652589425
2018-07-20 01:59:00,948.22428505
2018-07-20 02:00:00,948.22428505
2018-07-20 02:01:00,939.652589425
2018-07-20 02:02:00,948.22428505
2018-07-20 02:03:00,956.795980675
2018-07-20 02:04:00,939.652589425
2018-07-20 02:05:00,956.795980675
2018-07-20 02:06:00,939.652589425
2018-07-20 02:07:00,939.652589425
2018-07-20 02:08:00,939.652589425
2018-07-20 02:09:00,939.652589425
2018-07-20 02:10:00,939.652589425
2018-07-20 02:11:00,939.652589425
2018-07-20 02:12:00,939.652589425
2018-07-20 02:13:00,948.22428505
2018-07-20 02:14:00,956.795980675
2018-07-20 02:15:00,956.795980675
2018-07-20 02:16:00,956.795980675
2018-07-20 02:17:00,956.795980675
2018-07-20 02:18:00,956.795980675
2018-07-20 02:19:00,939.652589425
2018-07-20 02:20:00,939.652589425
2018-07-20 02:21:00,939.652589425
2018-07-20 02:22:00,939.652589425
2018-07-20 02:23:00,931.0808938
2018-07-20 02:24:00,939.652589425
2018-07-20 02:25:00,931.0808938
2018-07-20 02:26:00,939.652589425
2018-07-20 02:27:00,939.652589425
2018-07-20 02:28:00,939.652589425
2018-07-20 02:29:00,939.652589425
2018-07-20 02:30:00,939.652589425
2018-07-20 02:31:00,939.652589425
2018-07-20 02:32:00,939.652589425
2018-07-20 02:33:00,939.652589425
2018-07-20 02:34:00,922.509198175
2018-07-20 02:35:00,922.509198175
2018-07-20 02:36:00,922.509198175
2018-07-20 02:37:00,922.509198175
2018-07-20 02:38:00,913.93750255
2018-07-20 02:39:00,913.93750255
2018-07-20 02:40:00,922.509198175
2018-07-20 02:41:00,922.509198175
2018-07-20 02:42:00,922.509198175
2018-07-20 02:43:00,922.509198175
2018-07-20 02:44:00,922.509198175
2018-07-20 02:45:00,913.93750255
2018-07-20 02:46:00,913.93750255
2018-07-20 02:47:00,913.93750255
2018-07-20 02:48:00,922.509198175
2018-07-20 02:49:00,922.509198175
2018-07-20 02:50:00,922.509198175
2018-07-20 02:51:00,922.509198175
2018-07-20 02:52:00,922.509198175
2018-07-20 02:53:00,922.509198175
2018-07-20 02:54:00,922.509198175
2018-07-20 02:55:00,922.509198175
2018-07-20 02:56:00,922.509198175
2018-07-20 02:57:00,922.509198175
2018-07-20 02:58:00,922.509198175
2018-07-20 02:59:00,922.509198175
2018-07-20 03:00:00,913.93750255
2018-07-20 03:01:00,913.93750255
2018-07-20 03:02:00,913.93750255
2018-07-20 03:03:00,913.93750255
2018-07-20 03:04:00,913.93750255
2018-07-20 03:05:00,913.93750255
2018-07-20 03:06:00,913.93750255
2018-07-20 03:07:00,913.93750255
2018-07-20 03:08:00,913.93750255
2018-07-20 03:09:00,913.93750255
2018-07-20 03:10:00,913.93750255
2018-07-20 03:11:00,905.365806925
2018-07-20 03:12:00,905.365806925
2018-07-20 03:13:00,905.365806925
2018-07-20 03:14:00,905.365806925
2018-07-20 03:15:00,905.365806925
2018-07-20 03:16:00,905.365806925
2018-07-20 03:17:00,905.365806925
2018-07-20 03:18:00,905.365806925
2018-07-20 03:19:00,905.365806925
2018-07-20 03:20:00,905.365806925
2018-07-20 03:21:00,905.365806925
2018-07-20 03:22:00,905.365806925
2018-07-20 03:23:00,905.365806925
2018-07-20 03:24:00,905.365806925
2018-07-20 03:25:00,905.365806925
2018-07-20 03:26:00,905.365806925
2018-07-20 03:27:00,905.365806925
2018-07-20 03:28:00,905.365806925
2018-07-20 03:29:00,905.365806925
2018-07-20 03:30:00,896.7941113
2018-07-20 03:31:00,896.7941113
2018-07-20 03:32:00,905.365806925
2018-07-20 03:33:00,905.365806925
2018-07-20 03:34:00,905.365806925
2018-07-20 03:35:00,905.365806925
2018-07-20 03:36:00,905.365806925
2018-07-20 03:37:00,905.365806925
2018-07-20 03:38:00,905.365806925
2018-07-20 03:39:00,905.365806925
2018-07-20 03:40:00,905.365806925
2018-07-20 03:41:00,896.7941113
2018-07-20 03:42:00,905.365806925
2018-07-20 03:43:00,905.365806925
2018-07-20 03:44:00,905.365806925
2018-07-20 03:45:00,905.365806925
2018-07-20 03:46:00,905.365806925
2018-07-20 03:47:00,905.365806925
2018-07-20 03:48:00,905.365806925
2018-07-20 03:49:00,905.365806925
2018-07-20 03:50:00,905.365806925
2018-07-20 03:51:00,905.365806925
2018-07-20 03:52:00,905.365806925
2018-07-20 03:53:00,913.93750255
2018-07-20 03:54:00,922.509198175
2018-07-20 03:55:00,922.509198175
2018-07-20 03:56:00,922.509198175
2018-07-20 03:57:00,922.509198175
2018-07-20 03:58:00,922.509198175
2018-07-20 03:59:00,922.509198175
2018-07-20 04:00:00,939.652589425
2018-07-20 04:01:00,939.652589425
2018-07-20 04:02:00,939.652589425
2018-07-20 04:03:00,922.509198175
2018-07-20 04:04:00,922.509198175
2018-07-20 04:05:00,922.509198175
2018-07-20 04:06:00,922.509198175
2018-07-20 04:07:00,922.509198175
2018-07-20 04:08:00,922.509198175
2018-07-20 04:09:00,922.509198175
2018-07-20 04:10:00,922.509198175
2018-07-20 04:11:00,922.509198175
2018-07-20 04:12:00,905.365806925
2018-07-20 04:13:00,905.365806925
2018-07-20 04:14:00,905.365806925
2018-07-20 04:15:00,905.365806925
2018-07-20 04:16:00,905.365806925
2018-07-20 04:17:00,905.365806925
2018-07-20 04:18:00,905.365806925
2018-07-20 04:19:00,905.365806925
2018-07-20 04:20:00,913.93750255
2018-07-20 04:21:00,922.509198175
2018-07-20 04:22:00,922.509198175
2018-07-20 04:23:00,922.509198175
2018-07-20 04:24:00,922.509198175
2018-07-20 04:25:00,922.509198175
2018-07-20 04:26:00,922.509198175
2018-07-20 04:27:00,922.509198175
2018-07-20 04:28:00,931.0808938
2018-07-20 04:29:00,931.0808938
2018-07-20 04:30:00,931.0808938
2018-07-20 04:31:00,931.0808938
2018-07-20 04:32:00,922.509198175
2018-07-20 04:33:00,922.509198175
2018-07-20 04:34:00,922.509198175
2018-07-20 04:35:00,922.509198175
2018-07-20 04:36:00,922.509198175
2018-07-20 04:37:00,922.509198175
2018-07-20 04:38:00,922.509198175
2018-07-20 04:39:00,922.509198175
2018-07-20 04:40:00,922.509198175
2018-07-20 04:41:00,922.509198175
2018-07-20 04:42:00,913.93750255
2018-07-20 04:43:00,922.509198175
2018-07-20 04:44:00,913.93750255
2018-07-20 04:45:00,922.509198175
2018-07-20 04:46:00,922.509198175
2018-07-20 04:47:00,913.93750255
2018-07-20 04:48:00,922.509198175
2018-07-20 04:49:00,913.93750255
2018-07-20 04:50:00,922.509198175
2018-07-20 04:51:00,922.509198175
2018-07-20 04:52:00,922.509198175
2018-07-20 04:53:00,922.509198175
2018-07-20 04:54:00,922.509198175
2018-07-20 04:55:00,922.509198175
2018-07-20 04:56:00,922.509198175
2018-07-20 04:57:00,922.509198175
2018-07-20 04:58:00,922.509198175
2018-07-20 04:59:00,922.509198175
2018-07-20 05:00:00,922.509198175
2018-07-20 05:01:00,922.509198175
2018-07-20 05:02:00,922.509198175
2018-07-20 05:03:00,922.509198175
2018-07-20 05:04:00,922.509198175
2018-07-20 05:05:00,913.93750255
2018-07-20 05:06:00,922.509198175
2018-07-20 05:07:00,922.509198175
2018-07-20 05:08:00,922.509198175
2018-07-20 05:09:00,905.365806925
2018-07-20 05:10:00,913.93750255
2018-07-20 05:11:00,905.365806925
2018-07-20 05:12:00,913.93750255
2018-07-20 05:13:00,913.93750255
2018-07-20 05:14:00,913.93750255
2018-07-20 05:15:00,922.509198175
2018-07-20 05:16:00,939.652589425
2018-07-20 05:17:00,939.652589425
2018-07-20 05:18:00,905.365806925
2018-07-20 05:19:00,905.365806925
2018-07-20 05:20:00,905.365806925
2018-07-20 05:21:00,905.365806925
2018-07-20 05:22:00,888.222415675
2018-07-20 05:23:00,888.222415675
2018-07-20 05:24:00,896.7941113
2018-07-20 05:25:00,896.7941113
2018-07-20 05:26:00,905.365806925
2018-07-20 05:27:00,905.365806925
2018-07-20 05:28:00,888.222415675
2018-07-20 05:29:00,905.365806925
2018-07-20 05:30:00,896.7941113
2018-07-20 05:31:00,888.222415675
2018-07-20 05:32:00,862.5073288
2018-07-20 05:33:00,862.5073288
2018-07-20 05:34:00,836.792241925
2018-07-20 05:35:00,836.792241925
2018-07-20 05:36:00,836.792241925
2018-07-20 05:37:00,836.792241925
2018-07-20 05:38:00,819.648850675
2018-07-20 05:39:00,802.505459425
2018-07-20 05:40:00,802.505459425
2018-07-20 05:41:00,785.362068175
2018-07-20 05:42:00,785.362068175
2018-07-20 05:43:00,785.362068175
2018-07-20 05:44:00,785.362068175
2018-07-20 05:45:00,802.505459425
2018-07-20 05:46:00,802.505459425
2018-07-20 05:47:00,793.9337638
2018-07-20 05:48:00,793.9337638
2018-07-20 05:49:00,793.9337638
2018-07-20 05:50:00,793.9337638
2018-07-20 05:51:00,802.505459425
2018-07-20 05:52:00,802.505459425
2018-07-20 05:53:00,811.07715505
2018-07-20 05:54:00,819.648850675
2018-07-20 05:55:00,819.648850675
2018-07-20 05:56:00,836.792241925
2018-07-20 05:57:00,819.648850675
2018-07-20 05:58:00,836.792241925
2018-07-20 05:59:00,836.792241925
2018-07-20 06:00:00,836.792241925
2018-07-20 06:01:00,836.792241925
2018-07-20 06:02:00,836.792241925
2018-07-20 06:03:00,836.792241925
2018-07-20 06:04:00,836.792241925
2018-07-20 06:05:00,828.2205463
2018-07-20 06:06:00,819.648850675
2018-07-20 06:07:00,828.2205463
2018-07-20 06:08:00,828.2205463
2018-07-20 06:09:00,819.648850675
2018-07-20 06:10:00,819.648850675
2018-07-20 06:11:00,819.648850675
2018-07-20 06:12:00,819.648850675
2018-07-20 06:13:00,802.505459425
2018-07-20 06:14:00,802.505459425
2018-07-20 06:15:00,802.505459425
2018-07-20 06:16:00,802.505459425
2018-07-20 06:17:00,802.505459425
2018-07-20 06:18:00,802.505459425
2018-07-20 06:19:00,802.505459425
2018-07-20 06:20:00,802.505459425
2018-07-20 06:21:00,802.505459425
2018-07-20 06:22:00,802.505459425
2018-07-20 06:23:00,802.505459425
2018-07-20 06:24:00,802.505459425
2018-07-20 06:25:00,802.505459425
2018-07-20 06:26:00,802.505459425
2018-07-20 06:27:00,802.505459425
2018-07-20 06:28:00,802.505459425
2018-07-20 06:29:00,802.505459425
2018-07-20 06:30:00,802.505459425
2018-07-20 06:31:00,802.505459425
2018-07-20 06:32:00,802.505459425
2018-07-20 06:33:00,802.505459425
2018-07-20 06:34:00,802.505459425
2018-07-20 06:35:00,802.505459425
2018-07-20 06:36:00,811.07715505
2018-07-20 06:37:00,811.07715505
2018-07-20 06:38:00,802.505459425
2018-07-20 06:39:00,802.505459425
2018-07-20 06:40:00,811.07715505
2018-07-20 06:41:00,811.07715505
2018-07-20 06:42:00,811.07715505
2018-07-20 06:43:00,811.07715505
2018-07-20 06:44:00,811.07715505
2018-07-20 06:45:00,819.648850675
2018-07-20 06:46:00,819.648850675
2018-07-20 06:47:00,811.07715505
2018-07-20 06:48:00,819.648850675
2018-07-20 06:49:00,811.07715505
2018-07-20 06:50:00,819.648850675
2018-07-20 06:51:00,811.07715505
2018-07-20 06:52:00,811.07715505
2018-07-20 06:53:00,811.07715505
2018-07-20 06:54:00,811.07715505
2018-07-20 06:55:00,811.07715505
2018-07-20 06:56:00,802.505459425
2018-07-20 06:57:00,793.9337638
2018-07-20 06:58:00,802.505459425
2018-07-20 06:59:00,802.505459425
2018-07-20 07:00:00,811.07715505
2018-07-20 07:01:00,819.648850675
2018-07-20 07:02:00,819.648850675
2018-07-20 07:03:00,819.648850675
2018-07-20 07:04:00,811.07715505
2018-07-20 07:05:00,802.505459425
2018-07-20 07:06:00,802.505459425
2018-07-20 07:07:00,802.505459425
2018-07-20 07:08:00,802.505459425
2018-07-20 07:09:00,802.505459425
2018-07-20 07:10:00,802.505459425
2018-07-20 07:11:00,802.505459425
2018-07-20 07:12:00,802.505459425
2018-07-20 07:13:00,802.505459425
2018-07-20 07:14:00,811.07715505
2018-07-20 07:15:00,802.505459425
2018-07-20 07:16:00,811.07715505
2018-07-20 07:17:00,802.505459425
2018-07-20 07:18:00,802.505459425
2018-07-20 07:19:00,793.9337638
2018-07-20 07:20:00,802.505459425
2018-07-20 07:21:00,802.505459425
2018-07-20 07:22:00,802.505459425
2018-07-20 07:23:00,802.505459425
2018-07-20 07:24:00,811.07715505
2018-07-20 07:25:00,811.07715505
2018-07-20 07:26:00,819.648850675
2018-07-20 07:27:00,819.648850675
2018-07-20 07:28:00,819.648850675
2018-07-20 07:29:00,819.648850675
2018-07-20 07:30:00,802.505459425
2018-07-20 07:31:00,802.505459425
2018-07-20 07:32:00,802.505459425
2018-07-20 07:33:00,802.505459425
2018-07-20 07:34:00,793.9337638
2018-07-20 07:35:00,785.362068175
2018-07-20 07:36:00,785.362068175
2018-07-20 07:37:00,785.362068175
2018-07-20 07:38:00,785.362068175
2018-07-20 07:39:00,785.362068175
2018-07-20 07:40:00,785.362068175
2018-07-20 07:41:00,785.362068175
2018-07-20 07:42:00,776.79037255
2018-07-20 07:43:00,785.362068175
2018-07-20 07:44:00,802.505459425
2018-07-20 07:45:00,802.505459425
2018-07-20 07:46:00,802.505459425
2018-07-20 07:47:00,802.505459425
2018-07-20 07:48:00,802.505459425
2018-07-20 07:49:00,802.505459425
2018-07-20 07:50:00,802.505459425
2018-07-20 07:51:00,811.07715505
2018-07-20 07:52:00,802.505459425
2018-07-20 07:53:00,802.505459425
2018-07-20 07:54:00,785.362068175
2018-07-20 07:55:00,793.9337638
2018-07-20 07:56:00,785.362068175
2018-07-20 07:57:00,785.362068175
2018-07-20 07:58:00,785.362068175
2018-07-20 07:59:00,785.362068175
2018-07-20 08:00:00,785.362068175
2018-07-20 08:01:00,776.79037255
2018-07-20 08:02:00,785.362068175
2018-07-20 08:03:00,785.362068175
2018-07-20 08:04:00,785.362068175
2018-07-20 08:05:00,768.218676925
2018-07-20 08:06:00,768.218676925
2018-07-20 08:07:00,751.075285675
2018-07-20 08:08:00,751.075285675
2018-07-20 08:09:00,751.075285675
2018-07-20 08:10:00,759.6469813
2018-07-20 08:11:00,759.6469813
2018-07-20 08:12:00,742.50359005
2018-07-20 08:13:00,742.50359005
2018-07-20 08:14:00,699.645111925
2018-07-20 08:15:00,716.788503175
2018-07-20 08:16:00,708.21680755
2018-07-20 08:17:00,716.788503175
2018-07-20 08:18:00,716.788503175
2018-07-20 08:19:00,699.645111925
2018-07-20 08:20:00,733.931894425
2018-07-20 08:21:00,733.931894425
2018-07-20 08:22:00,733.931894425
2018-07-20 08:23:00,725.3601988
2018-07-20 08:24:00,725.3601988
2018-07-20 08:25:00,725.3601988
2018-07-20 08:26:00,725.3601988
2018-07-20 08:27:00,725.3601988
2018-07-20 08:28:00,725.3601988
2018-07-20 08:29:00,725.3601988
2018-07-20 08:30:00,716.788503175
2018-07-20 08:31:00,708.21680755
2018-07-20 08:32:00,708.21680755
2018-07-20 08:33:00,699.645111925
2018-07-20 08:34:00,699.645111925
2018-07-20 08:35:00,699.645111925
2018-07-20 08:36:00,691.0734163
2018-07-20 08:37:00,699.645111925
2018-07-20 08:38:00,708.21680755
2018-07-20 08:39:00,708.21680755
2018-07-20 08:40:00,699.645111925
2018-07-20 08:41:00,699.645111925
2018-07-20 08:42:00,699.645111925
2018-07-20 08:43:00,708.21680755
2018-07-20 08:44:00,708.21680755
2018-07-20 08:45:00,708.21680755
2018-07-20 08:46:00,716.788503175
2018-07-20 08:47:00,699.645111925
2018-07-20 08:48:00,708.21680755
2018-07-20 08:49:00,699.645111925
2018-07-20 08:50:00,699.645111925
2018-07-20 08:51:00,699.645111925
2018-07-20 08:52:00,699.645111925
2018-07-20 08:53:00,699.645111925
2018-07-20 08:54:00,699.645111925
2018-07-20 08:55:00,699.645111925
2018-07-20 08:56:00,699.645111925
2018-07-20 08:57:00,699.645111925
2018-07-20 08:58:00,699.645111925
2018-07-20 08:59:00,699.645111925
2018-07-20 09:00:00,699.645111925
2018-07-20 09:01:00,699.645111925
2018-07-20 09:02:00,699.645111925
2018-07-20 09:03:00,699.645111925
2018-07-20 09:04:00,699.645111925
2018-07-20 09:05:00,699.645111925
2018-07-20 09:06:00,699.645111925
2018-07-20 09:07:00,699.645111925
2018-07-20 09:08:00,699.645111925
2018-07-20 09:09:00,699.645111925
2018-07-20 09:10:00,699.645111925
2018-07-20 09:11:00,699.645111925
2018-07-20 09:12:00,673.93002505
2018-07-20 09:13:00,673.93002505
2018-07-20 09:14:00,665.358329425
2018-07-20 09:15:00,656.7866338
2018-07-20 09:16:00,665.358329425
2018-07-20 09:17:00,656.7866338
2018-07-20 09:18:00,665.358329425
2018-07-20 09:19:00,673.93002505
2018-07-20 09:20:00,673.93002505
2018-07-20 09:21:00,673.93002505
2018-07-20 09:22:00,665.358329425
2018-07-20 09:23:00,673.93002505
2018-07-20 09:24:00,665.358329425
2018-07-20 09:25:00,665.358329425
2018-07-20 09:26:00,665.358329425
2018-07-20 09:27:00,673.93002505
2018-07-20 09:28:00,673.93002505
2018-07-20 09:29:00,665.358329425
2018-07-20 09:30:00,665.358329425
2018-07-20 09:31:00,665.358329425
2018-07-20 09:32:00,665.358329425
2018-07-20 09:33:00,665.358329425
2018-07-20 09:34:00,656.7866338
2018-07-20 09:35:00,648.214938175
2018-07-20 09:36:00,648.214938175
2018-07-20 09:37:00,648.214938175
2018-07-20 09:38:00,648.214938175
2018-07-20 09:39:00,648.214938175
2018-07-20 09:40:00,648.214938175
2018-07-20 09:41:00,648.214938175
2018-07-20 09:42:00,656.7866338
2018-07-20 09:43:00,656.7866338
2018-07-20 09:44:00,656.7866338
2018-07-20 09:45:00,648.214938175
2018-07-20 09:46:00,656.7866338
2018-07-20 09:47:00,656.7866338
2018-07-20 09:48:00,639.64324255
2018-07-20 09:49:00,639.64324255
2018-07-20 09:50:00,639.64324255
2018-07-20 09:51:00,639.64324255
2018-07-20 09:52:00,639.64324255
2018-07-20 09:53:00,639.64324255
2018-07-20 09:54:00,639.64324255
2018-07-20 09:55:00,639.64324255
2018-07-20 09:56:00,639.64324255
2018-07-20 09:57:00,639.64324255
2018-07-20 09:58:00,639.64324255
2018-07-20 09:59:00,648.214938175
2018-07-20 10:00:00,648.214938175
2018-07-20 10:01:00,665.358329425
2018-07-20 10:02:00,673.93002505
2018-07-20 10:03:00,673.93002505
2018-07-20 10:04:00,665.358329425
2018-07-20 10:05:00,665.358329425
2018-07-20 10:06:00,673.93002505
2018-07-20 10:07:00,673.93002505
2018-07-20 10:08:00,673.93002505
2018-07-20 10:09:00,673.93002505
2018-07-20 10:10:00,673.93002505
2018-07-20 10:11:00,673.93002505
2018-07-20 10:12:00,673.93002505
2018-07-20 10:13:00,673.93002505
2018-07-20 10:14:00,665.358329425
2018-07-20 10:15:00,665.358329425
2018-07-20 10:16:00,673.93002505
2018-07-20 10:17:00,673.93002505
2018-07-20 10:18:00,673.93002505
2018-07-20 10:19:00,673.93002505
2018-07-20 10:20:00,673.93002505
2018-07-20 10:21:00,673.93002505
2018-07-20 10:22:00,673.93002505
2018-07-20 10:23:00,673.93002505
2018-07-20 10:24:00,665.358329425
2018-07-20 10:25:00,665.358329425
2018-07-20 10:26:00,665.358329425
2018-07-20 10:27:00,665.358329425
2018-07-20 10:28:00,665.358329425
2018-07-20 10:29:00,665.358329425
2018-07-20 10:30:00,665.358329425
2018-07-20 10:31:00,665.358329425
2018-07-20 10:32:00,656.7866338
2018-07-20 10:33:00,648.214938175
2018-07-20 10:34:00,648.214938175
2018-07-20 10:35:00,648.214938175
2018-07-20 10:36:00,648.214938175
2018-07-20 10:37:00,639.64324255
2018-07-20 10:38:00,639.64324255
2018-07-20 10:39:00,648.214938175
2018-07-20 10:40:00,648.214938175
2018-07-20 10:41:00,665.358329425
2018-07-20 10:42:00,665.358329425
2018-07-20 10:43:00,665.358329425
2018-07-20 10:44:00,673.93002505
2018-07-20 10:45:00,665.358329425
2018-07-20 10:46:00,656.7866338
2018-07-20 10:47:00,656.7866338
2018-07-20 10:48:00,656.7866338
2018-07-20 10:49:00,656.7866338
2018-07-20 10:50:00,648.214938175
2018-07-20 10:51:00,656.7866338
2018-07-20 10:52:00,656.7866338
2018-07-20 10:53:00,648.214938175
2018-07-20 10:54:00,648.214938175
2018-07-20 10:55:00,648.214938175
2018-07-20 10:56:00,656.7866338
2018-07-20 10:57:00,665.358329425
2018-07-20 10:58:00,656.7866338
2018-07-20 10:59:00,656.7866338
2018-07-20 11:00:00,656.7866338
2018-07-20 11:01:00,648.214938175
2018-07-20 11:02:00,648.214938175
2018-07-20 11:03:00,648.214938175
2018-07-20 11:04:00,656.7866338
2018-07-20 11:05:00,656.7866338
2018-07-20 11:06:00,656.7866338
2018-07-20 11:07:00,648.214938175
2018-07-20 11:08:00,648.214938175
2018-07-20 11:09:00,648.214938175
2018-07-20 11:10:00,648.214938175
2018-07-20 11:11:00,648.214938175
2018-07-20 11:12:00,648.214938175
2018-07-20 11:13:00,648.214938175
2018-07-20 11:14:00,648.214938175
2018-07-20 11:15:00,648.214938175
2018-07-20 11:16:00,648.214938175
2018-07-20 11:17:00,648.214938175
2018-07-20 11:18:00,648.214938175
2018-07-20 11:19:00,648.214938175
2018-07-20 11:20:00,639.64324255
2018-07-20 11:21:00,639.64324255
2018-07-20 11:22:00,639.64324255
2018-07-20 11:23:00,639.64324255
2018-07-20 11:24:00,648.214938175
2018-07-20 11:25:00,648.214938175
2018-07-20 11:26:00,648.214938175
2018-07-20 11:27:00,648.214938175
2018-07-20 11:28:00,648.214938175
2018-07-20 11:29:00,648.214938175
2018-07-20 11:30:00,631.071546925
2018-07-20 11:31:00,639.64324255
2018-07-20 11:32:00,639.64324255
2018-07-20 11:33:00,639.64324255
2018-07-20 11:34:00,639.64324255
2018-07-20 11:35:00,639.64324255
2018-07-20 11:36:00,639.64324255
2018-07-20 11:37:00,639.64324255
2018-07-20 11:38:00,639.64324255
2018-07-20 11:39:00,631.071546925
2018-07-20 11:40:00,631.071546925
2018-07-20 11:41:00,631.071546925
2018-07-20 11:42:00,631.071546925
2018-07-20 11:43:00,631.071546925
2018-07-20 11:44:00,631.071546925
2018-07-20 11:45:00,631.071546925
2018-07-20 11:46:00,631.071546925
2018-07-20 11:47:00,631.071546925
2018-07-20 11:48:00,648.214938175
2018-07-20 11:49:00,648.214938175
2018-07-20 11:50:00,648.214938175
2018-07-20 11:51:00,648.214938175
2018-07-20 11:52:00,648.214938175
2018-07-20 11:53:00,648.214938175
2018-07-20 11:54:00,648.214938175
2018-07-20 11:55:00,648.214938175
2018-07-20 11:56:00,648.214938175
2018-07-20 11:57:00,648.214938175
2018-07-20 11:58:00,648.214938175
2018-07-20 11:59:00,648.214938175
2018-07-23 01:34:00,623.215576472
2018-07-23 01:35:00,623.215576472
2018-07-23 01:36:00,623.215576472
2018-07-23 01:37:00,623.215576472
2018-07-23 01:38:00,639.642424959
2018-07-23 01:39:00,639.642424959
2018-07-23 01:40:00,639.642424959
2018-07-23 01:41:00,639.642424959
2018-07-23 01:42:00,639.642424959
2018-07-23 01:43:00,639.642424959
2018-07-23 01:44:00,631.429000715
2018-07-23 01:45:00,623.215576472
2018-07-23 01:46:00,639.642424959
2018-07-23 01:47:00,639.642424959
2018-07-23 01:48:00,639.642424959
2018-07-23 01:49:00,639.642424959
2018-07-23 01:50:00,639.642424959
2018-07-23 01:51:00,639.642424959
2018-07-23 01:52:00,623.215576472
2018-07-23 01:53:00,606.788727984
2018-07-23 01:54:00,606.788727984
2018-07-23 01:55:00,606.788727984
2018-07-23 01:56:00,606.788727984
2018-07-23 01:57:00,606.788727984
2018-07-23 01:58:00,606.788727984
2018-07-23 01:59:00,606.788727984
2018-07-23 02:00:00,582.148455253
2018-07-23 02:01:00,582.148455253
2018-07-23 02:02:00,582.148455253
2018-07-23 02:03:00,582.148455253
2018-07-23 02:04:00,590.361879497
2018-07-23 02:05:00,582.148455253
2018-07-23 02:06:00,582.148455253
2018-07-23 02:07:00,582.148455253
2018-07-23 02:08:00,590.361879497
2018-07-23 02:09:00,598.57530374
2018-07-23 02:10:00,598.57530374
2018-07-23 02:11:00,598.57530374
2018-07-23 02:12:00,615.002152228
2018-07-23 02:13:00,615.002152228
2018-07-23 02:14:00,606.788727984
2018-07-23 02:15:00,615.002152228
2018-07-23 02:16:00,615.002152228
2018-07-23 02:17:00,615.002152228
2018-07-23 02:18:00,606.788727984
2018-07-23 02:19:00,615.002152228
2018-07-23 02:20:00,615.002152228
2018-07-23 02:21:00,623.215576472
2018-07-23 02:22:00,623.215576472
2018-07-23 02:23:00,623.215576472
2018-07-23 02:24:00,615.002152228
2018-07-23 02:25:00,623.215576472
2018-07-23 02:26:00,615.002152228
2018-07-23 02:27:00,615.002152228
2018-07-23 02:28:00,615.002152228
2018-07-23 02:29:00,615.002152228
2018-07-23 02:30:00,598.57530374
2018-07-23 02:31:00,598.57530374
2018-07-23 02:32:00,598.57530374
2018-07-23 02:33:00,615.002152228
2018-07-23 02:34:00,598.57530374
2018-07-23 02:35:00,598.57530374
2018-07-23 02:36:00,598.57530374
2018-07-23 02:37:00,598.57530374
2018-07-23 02:38:00,598.57530374
2018-07-23 02:39:00,598.57530374
2018-07-23 02:40:00,598.57530374
2018-07-23 02:41:00,598.57530374
2018-07-23 02:42:00,598.57530374
2018-07-23 02:43:00,598.57530374
2018-07-23 02:44:00,598.57530374
2018-07-23 02:45:00,598.57530374
2018-07-23 02:46:00,598.57530374
2018-07-23 02:47:00,598.57530374
2018-07-23 02:48:00,598.57530374
2018-07-23 02:49:00,590.361879497
2018-07-23 02:50:00,590.361879497
2018-07-23 02:51:00,598.57530374
2018-07-23 02:52:00,598.57530374
2018-07-23 02:53:00,598.57530374
2018-07-23 02:54:00,598.57530374
2018-07-23 02:55:00,598.57530374
2018-07-23 02:56:00,598.57530374
2018-07-23 02:57:00,598.57530374
2018-07-23 02:58:00,598.57530374
2018-07-23 02:59:00,615.002152228
2018-07-23 03:00:00,615.002152228
2018-07-23 03:01:00,615.002152228
2018-07-23 03:02:00,623.215576472
2018-07-23 03:03:00,623.215576472
2018-07-23 03:04:00,623.215576472
2018-07-23 03:05:00,623.215576472
2018-07-23 03:06:00,623.215576472
2018-07-23 03:07:00,615.002152228
2018-07-23 03:08:00,615.002152228
2018-07-23 03:09:00,615.002152228
2018-07-23 03:10:00,615.002152228
2018-07-23 03:11:00,615.002152228
2018-07-23 03:12:00,615.002152228
2018-07-23 03:13:00,615.002152228
2018-07-23 03:14:00,606.788727984
2018-07-23 03:15:00,606.788727984
2018-07-23 03:16:00,606.788727984
2018-07-23 03:17:00,615.002152228
2018-07-23 03:18:00,598.57530374
2018-07-23 03:19:00,598.57530374
2018-07-23 03:20:00,615.002152228
2018-07-23 03:21:00,606.788727984
2018-07-23 03:22:00,598.57530374
2018-07-23 03:23:00,606.788727984
2018-07-23 03:24:00,606.788727984
2018-07-23 03:25:00,606.788727984
2018-07-23 03:26:00,598.57530374
2018-07-23 03:27:00,598.57530374
2018-07-23 03:28:00,606.788727984
2018-07-23 03:29:00,598.57530374
2018-07-23 03:30:00,590.361879497
2018-07-23 03:31:00,590.361879497
2018-07-23 03:32:00,590.361879497
2018-07-23 03:33:00,582.148455253
2018-07-23 03:34:00,582.148455253
2018-07-23 03:35:00,598.57530374
2018-07-23 03:36:00,598.57530374
2018-07-23 03:37:00,598.57530374
2018-07-23 03:38:00,590.361879497
2018-07-23 03:39:00,606.788727984
2018-07-23 03:40:00,606.788727984
2018-07-23 03:41:00,598.57530374
2018-07-23 03:42:00,598.57530374
2018-07-23 03:43:00,598.57530374
2018-07-23 03:44:00,606.788727984
2018-07-23 03:45:00,606.788727984
2018-07-23 03:46:00,606.788727984
2018-07-23 03:47:00,606.788727984
2018-07-23 03:48:00,615.002152228
2018-07-23 03:49:00,615.002152228
2018-07-23 03:50:00,606.788727984
2018-07-23 03:51:00,615.002152228
2018-07-23 03:52:00,598.57530374
2018-07-23 03:53:00,615.002152228
2018-07-23 03:54:00,615.002152228
2018-07-23 03:55:00,606.788727984
2018-07-23 03:56:00,590.361879497
2018-07-23 03:57:00,606.788727984
2018-07-23 03:58:00,615.002152228
2018-07-23 03:59:00,623.215576472
2018-07-23 04:00:00,615.002152228
2018-07-23 04:01:00,615.002152228
2018-07-23 04:02:00,582.148455253
2018-07-23 04:03:00,582.148455253
2018-07-23 04:04:00,582.148455253
2018-07-23 04:05:00,573.935031009
2018-07-23 04:06:00,573.935031009
2018-07-23 04:07:00,582.148455253
2018-07-23 04:08:00,582.148455253
2018-07-23 04:09:00,582.148455253
2018-07-23 04:10:00,590.361879497
2018-07-23 04:11:00,590.361879497
2018-07-23 04:12:00,590.361879497
2018-07-23 04:13:00,590.361879497
2018-07-23 04:14:00,590.361879497
2018-07-23 04:15:00,590.361879497
2018-07-23 04:16:00,590.361879497
2018-07-23 04:17:00,590.361879497
2018-07-23 04:18:00,590.361879497
2018-07-23 04:19:00,590.361879497
2018-07-23 04:20:00,590.361879497
2018-07-23 04:21:00,590.361879497
2018-07-23 04:22:00,590.361879497
2018-07-23 04:23:00,590.361879497
2018-07-23 04:24:00,590.361879497
2018-07-23 04:25:00,606.788727984
2018-07-23 04:26:00,606.788727984
2018-07-23 04:27:00,631.429000715
2018-07-23 04:28:00,631.429000715
2018-07-23 04:29:00,631.429000715
2018-07-23 04:30:00,631.429000715
2018-07-23 04:31:00,631.429000715
2018-07-23 04:32:00,631.429000715
2018-07-23 04:33:00,631.429000715
2018-07-23 04:34:00,631.429000715
2018-07-23 04:35:00,631.429000715
2018-07-23 04:36:00,631.429000715
2018-07-23 04:37:00,631.429000715
2018-07-23 04:38:00,615.002152228
2018-07-23 04:39:00,615.002152228
2018-07-23 04:40:00,615.002152228
2018-07-23 04:41:00,615.002152228
2018-07-23 04:42:00,606.788727984
2018-07-23 04:43:00,631.429000715
2018-07-23 04:44:00,631.429000715
2018-07-23 04:45:00,631.429000715
2018-07-23 04:46:00,631.429000715
2018-07-23 04:47:00,631.429000715
2018-07-23 04:48:00,631.429000715
2018-07-23 04:49:00,631.429000715
2018-07-23 04:50:00,631.429000715
2018-07-23 04:51:00,631.429000715
2018-07-23 04:52:00,631.429000715
2018-07-23 04:53:00,631.429000715
2018-07-23 04:54:00,631.429000715
2018-07-23 04:55:00,631.429000715
2018-07-23 04:56:00,631.429000715
2018-07-23 04:57:00,631.429000715
2018-07-23 04:58:00,631.429000715
2018-07-23 04:59:00,631.429000715
2018-07-23 05:00:00,623.215576472
2018-07-23 05:01:00,631.429000715
2018-07-23 05:02:00,631.429000715
2018-07-23 05:03:00,631.429000715
2018-07-23 05:04:00,631.429000715
2018-07-23 05:05:00,631.429000715
2018-07-23 05:06:00,631.429000715
2018-07-23 05:07:00,631.429000715
2018-07-23 05:08:00,631.429000715
2018-07-23 05:09:00,631.429000715
2018-07-23 05:10:00,631.429000715
2018-07-23 05:11:00,631.429000715
2018-07-23 05:12:00,631.429000715
2018-07-23 05:13:00,631.429000715
2018-07-23 05:14:00,631.429000715
2018-07-23 05:15:00,631.429000715
2018-07-23 05:16:00,631.429000715
2018-07-23 05:17:00,639.642424959
2018-07-23 05:18:00,631.429000715
2018-07-23 05:19:00,631.429000715
2018-07-23 05:20:00,631.429000715
2018-07-23 05:21:00,631.429000715
2018-07-23 05:22:00,639.642424959
2018-07-23 05:23:00,631.429000715
2018-07-23 05:24:00,631.429000715
2018-07-23 05:25:00,631.429000715
2018-07-23 05:26:00,631.429000715
2018-07-23 05:27:00,631.429000715
2018-07-23 05:28:00,631.429000715
2018-07-23 05:29:00,631.429000715
2018-07-23 05:30:00,631.429000715
2018-07-23 05:31:00,631.429000715
2018-07-23 05:32:00,631.429000715
2018-07-23 05:33:00,631.429000715
2018-07-23 05:34:00,631.429000715
2018-07-23 05:35:00,615.002152228
2018-07-23 05:36:00,615.002152228
2018-07-23 05:37:00,615.002152228
2018-07-23 05:38:00,615.002152228
2018-07-23 05:39:00,598.57530374
2018-07-23 05:40:00,598.57530374
2018-07-23 05:41:00,582.148455253
2018-07-23 05:42:00,582.148455253
2018-07-23 05:43:00,582.148455253
2018-07-23 05:44:00,565.721606765
2018-07-23 05:45:00,565.721606765
2018-07-23 05:46:00,573.935031009
2018-07-23 05:47:00,573.935031009
2018-07-23 05:48:00,573.935031009
2018-07-23 05:49:00,573.935031009
2018-07-23 05:50:00,573.935031009
2018-07-23 05:51:00,573.935031009
2018-07-23 05:52:00,565.721606765
2018-07-23 05:53:00,582.148455253
2018-07-23 05:54:00,582.148455253
2018-07-23 05:55:00,582.148455253
2018-07-23 05:56:00,582.148455253
2018-07-23 05:57:00,598.57530374
2018-07-23 05:58:00,598.57530374
2018-07-23 05:59:00,615.002152228
2018-07-23 06:00:00,598.57530374
2018-07-23 06:01:00,615.002152228
2018-07-23 06:02:00,631.429000715
2018-07-23 06:03:00,639.642424959
2018-07-23 06:04:00,639.642424959
2018-07-23 06:05:00,631.429000715
2018-07-23 06:06:00,631.429000715
2018-07-23 06:07:00,631.429000715
2018-07-23 06:08:00,639.642424959
2018-07-23 06:09:00,631.429000715
2018-07-23 06:10:00,631.429000715
2018-07-23 06:11:00,631.429000715
2018-07-23 06:12:00,631.429000715
2018-07-23 06:13:00,631.429000715
2018-07-23 06:14:00,631.429000715
2018-07-23 06:15:00,631.429000715
2018-07-23 06:16:00,631.429000715
2018-07-23 06:17:00,631.429000715
2018-07-23 06:18:00,631.429000715
2018-07-23 06:19:00,631.429000715
2018-07-23 06:20:00,639.642424959
2018-07-23 06:21:00,631.429000715
2018-07-23 06:22:00,631.429000715
2018-07-23 06:23:00,631.429000715
2018-07-23 06:24:00,631.429000715
2018-07-23 06:25:00,631.429000715
2018-07-23 06:26:00,639.642424959
2018-07-23 06:27:00,639.642424959
2018-07-23 06:28:00,639.642424959
2018-07-23 06:29:00,639.642424959
2018-07-23 06:30:00,639.642424959
2018-07-23 06:31:00,631.429000715
2018-07-23 06:32:00,631.429000715
2018-07-23 06:33:00,631.429000715
2018-07-23 06:34:00,631.429000715
2018-07-23 06:35:00,631.429000715
2018-07-23 06:36:00,631.429000715
2018-07-23 06:37:00,631.429000715
2018-07-23 06:38:00,631.429000715
2018-07-23 06:39:00,631.429000715
2018-07-23 06:40:00,631.429000715
2018-07-23 06:41:00,631.429000715
2018-07-23 06:42:00,631.429000715
2018-07-23 06:43:00,631.429000715
2018-07-23 06:44:00,631.429000715
2018-07-23 06:45:00,631.429000715
2018-07-23 06:46:00,631.429000715
2018-07-23 06:47:00,631.429000715
2018-07-23 06:48:00,631.429000715
2018-07-23 06:49:00,631.429000715
2018-07-23 06:50:00,631.429000715
2018-07-23 06:51:00,631.429000715
2018-07-23 06:52:00,623.215576472
2018-07-23 06:53:00,631.429000715
2018-07-23 06:54:00,631.429000715
2018-07-23 06:55:00,623.215576472
2018-07-23 06:56:00,623.215576472
2018-07-23 06:57:00,623.215576472
2018-07-23 06:58:00,623.215576472
2018-07-23 06:59:00,623.215576472
2018-07-23 07:00:00,623.215576472
2018-07-23 07:01:00,623.215576472
2018-07-23 07:02:00,623.215576472
2018-07-23 07:03:00,623.215576472
2018-07-23 07:04:00,631.429000715
2018-07-23 07:05:00,631.429000715
2018-07-23 07:06:00,631.429000715
2018-07-23 07:07:00,631.429000715
2018-07-23 07:08:00,631.429000715
2018-07-23 07:09:00,631.429000715
2018-07-23 07:10:00,631.429000715
2018-07-23 07:11:00,631.429000715
2018-07-23 07:12:00,631.429000715
2018-07-23 07:13:00,631.429000715
2018-07-23 07:14:00,631.429000715
2018-07-23 07:15:00,631.429000715
2018-07-23 07:16:00,631.429000715
2018-07-23 07:17:00,631.429000715
2018-07-23 07:18:00,631.429000715
2018-07-23 07:19:00,623.215576472
2018-07-23 07:20:00,623.215576472
2018-07-23 07:21:00,623.215576472
2018-07-23 07:22:00,623.215576472
2018-07-23 07:23:00,623.215576472
2018-07-23 07:24:00,615.002152228
2018-07-23 07:25:00,623.215576472
2018-07-23 07:26:00,623.215576472
2018-07-23 07:27:00,623.215576472
2018-07-23 07:28:00,623.215576472
2018-07-23 07:29:00,623.215576472
2018-07-23 07:30:00,623.215576472
2018-07-23 07:31:00,631.429000715
2018-07-23 07:32:00,631.429000715
2018-07-23 07:33:00,631.429000715
2018-07-23 07:34:00,631.429000715
2018-07-23 07:35:00,631.429000715
2018-07-23 07:36:00,631.429000715
2018-07-23 07:37:00,631.429000715
2018-07-23 07:38:00,590.361879497
2018-07-23 07:39:00,590.361879497
2018-07-23 07:40:00,582.148455253
2018-07-23 07:41:00,582.148455253
2018-07-23 07:42:00,582.148455253
2018-07-23 07:43:00,573.935031009
2018-07-23 07:44:00,573.935031009
2018-07-23 07:45:00,573.935031009
2018-07-23 07:46:00,565.721606765
2018-07-23 07:47:00,565.721606765
2018-07-23 07:48:00,565.721606765
2018-07-23 07:49:00,565.721606765
2018-07-23 07:50:00,565.721606765
2018-07-23 07:51:00,573.935031009
2018-07-23 07:52:00,565.721606765
2018-07-23 07:53:00,565.721606765
2018-07-23 07:54:00,565.721606765
2018-07-23 07:55:00,565.721606765
2018-07-23 07:56:00,565.721606765
2018-07-23 07:57:00,573.935031009
2018-07-23 07:58:00,582.148455253
2018-07-23 07:59:00,582.148455253
2018-07-23 08:00:00,582.148455253
2018-07-23 08:01:00,582.148455253
2018-07-23 08:02:00,582.148455253
2018-07-23 08:03:00,582.148455253
2018-07-23 08:04:00,582.148455253
2018-07-23 08:05:00,582.148455253
2018-07-23 08:06:00,582.148455253
2018-07-23 08:07:00,582.148455253
2018-07-23 08:08:00,582.148455253
2018-07-23 08:09:00,582.148455253
2018-07-23 08:10:00,582.148455253
2018-07-23 08:11:00,582.148455253
2018-07-23 08:12:00,582.148455253
2018-07-23 08:13:00,598.57530374
2018-07-23 08:14:00,598.57530374
2018-07-23 08:15:00,598.57530374
2018-07-23 08:16:00,598.57530374
2018-07-23 08:17:00,598.57530374
2018-07-23 08:18:00,598.57530374
2018-07-23 08:19:00,598.57530374
2018-07-23 08:20:00,598.57530374
2018-07-23 08:21:00,598.57530374
2018-07-23 08:22:00,598.57530374
2018-07-23 08:23:00,598.57530374
2018-07-23 08:24:00,598.57530374
2018-07-23 08:25:00,590.361879497
2018-07-23 08:26:00,582.148455253
2018-07-23 08:27:00,590.361879497
2018-07-23 08:28:00,598.57530374
2018-07-23 08:29:00,598.57530374
2018-07-23 08:30:00,582.148455253
2018-07-23 08:31:00,582.148455253
2018-07-23 08:32:00,582.148455253
2018-07-23 08:33:00,582.148455253
2018-07-23 08:34:00,582.148455253
2018-07-23 08:35:00,582.148455253
2018-07-23 08:36:00,582.148455253
2018-07-23 08:37:00,582.148455253
2018-07-23 08:38:00,582.148455253
2018-07-23 08:39:00,582.148455253
2018-07-23 08:40:00,582.148455253
2018-07-23 08:41:00,582.148455253
2018-07-23 08:42:00,582.148455253
2018-07-23 08:43:00,582.148455253
2018-07-23 08:44:00,590.361879497
2018-07-23 08:45:00,565.721606765
2018-07-23 08:46:00,565.721606765
2018-07-23 08:47:00,582.148455253
2018-07-23 08:48:00,573.935031009
2018-07-23 08:49:00,582.148455253
2018-07-23 08:50:00,582.148455253
2018-07-23 08:51:00,582.148455253
2018-07-23 08:52:00,582.148455253
2018-07-23 08:53:00,582.148455253
2018-07-23 08:54:00,582.148455253
2018-07-23 08:55:00,582.148455253
2018-07-23 08:56:00,549.294758278
2018-07-23 08:57:00,565.721606765
2018-07-23 08:58:00,549.294758278
2018-07-23 08:59:00,565.721606765
2018-07-23 09:00:00,565.721606765
2018-07-23 09:01:00,549.294758278
2018-07-23 09:02:00,565.721606765
2018-07-23 09:03:00,565.721606765
2018-07-23 09:04:00,565.721606765
2018-07-23 09:05:00,573.935031009
2018-07-23 09:06:00,582.148455253
2018-07-23 09:07:00,582.148455253
2018-07-23 09:08:00,582.148455253
2018-07-23 09:09:00,582.148455253
2018-07-23 09:10:00,582.148455253
2018-07-23 09:11:00,573.935031009
2018-07-23 09:12:00,573.935031009
2018-07-23 09:13:00,565.721606765
2018-07-23 09:14:00,565.721606765
2018-07-23 09:15:00,565.721606765
2018-07-23 09:16:00,565.721606765
2018-07-23 09:17:00,565.721606765
2018-07-23 09:18:00,565.721606765
2018-07-23 09:19:00,549.294758278
2018-07-23 09:20:00,549.294758278
2018-07-23 09:21:00,532.86790979
2018-07-23 09:22:00,516.441061303
2018-07-23 09:23:00,508.227637059
2018-07-23 09:24:00,500.014212815
2018-07-23 09:25:00,500.014212815
2018-07-23 09:26:00,500.014212815
2018-07-23 09:27:00,500.014212815
2018-07-23 09:28:00,508.227637059
2018-07-23 09:29:00,516.441061303
2018-07-23 09:30:00,524.654485547
2018-07-23 09:31:00,524.654485547
2018-07-23 09:32:00,532.86790979
2018-07-23 09:33:00,565.721606765
2018-07-23 09:34:00,565.721606765
2018-07-23 09:35:00,565.721606765
2018-07-23 09:36:00,565.721606765
2018-07-23 09:37:00,557.508182522
2018-07-23 09:38:00,565.721606765
2018-07-23 09:39:00,565.721606765
2018-07-23 09:40:00,565.721606765
2018-07-23 09:41:00,565.721606765
2018-07-23 09:42:00,565.721606765
2018-07-23 09:43:00,565.721606765
2018-07-23 09:44:00,565.721606765
2018-07-23 09:45:00,557.508182522
2018-07-23 09:46:00,549.294758278
2018-07-23 09:47:00,549.294758278
2018-07-23 09:48:00,549.294758278
2018-07-23 09:49:00,532.86790979
2018-07-23 09:50:00,532.86790979
2018-07-23 09:51:00,541.081334034
2018-07-23 09:52:00,532.86790979
2018-07-23 09:53:00,532.86790979
2018-07-23 09:54:00,532.86790979
2018-07-23 09:55:00,532.86790979
2018-07-23 09:56:00,532.86790979
2018-07-23 09:57:00,532.86790979
2018-07-23 09:58:00,516.441061303
2018-07-23 09:59:00,516.441061303
2018-07-23 10:00:00,516.441061303
2018-07-23 10:01:00,516.441061303
2018-07-23 10:02:00,516.441061303
2018-07-23 10:03:00,516.441061303
2018-07-23 10:04:00,524.654485547
2018-07-23 10:05:00,532.86790979
2018-07-23 10:06:00,532.86790979
2018-07-23 10:07:00,532.86790979
2018-07-23 10:08:00,524.654485547
2018-07-23 10:09:00,524.654485547
2018-07-23 10:10:00,524.654485547
2018-07-23 10:11:00,524.654485547
2018-07-23 10:12:00,516.441061303
2018-07-23 10:13:00,508.227637059
2018-07-23 10:14:00,524.654485547
2018-07-23 10:15:00,524.654485547
2018-07-23 10:16:00,524.654485547
2018-07-23 10:17:00,524.654485547
2018-07-23 10:18:00,516.441061303
2018-07-23 10:19:00,516.441061303
2018-07-23 10:20:00,516.441061303
2018-07-23 10:21:00,524.654485547
2018-07-23 10:22:00,524.654485547
2018-07-23 10:23:00,516.441061303
2018-07-23 10:24:00,516.441061303
2018-07-23 10:25:00,516.441061303
2018-07-23 10:26:00,516.441061303
2018-07-23 10:27:00,516.441061303
2018-07-23 10:28:00,516.441061303
2018-07-23 10:29:00,516.441061303
2018-07-23 10:30:00,516.441061303
2018-07-23 10:31:00,508.227637059
2018-07-23 10:32:00,516.441061303
2018-07-23 10:33:00,516.441061303
2018-07-23 10:34:00,516.441061303
2018-07-23 10:35:00,500.014212815
2018-07-23 10:36:00,500.014212815
2018-07-23 10:37:00,491.800788572
2018-07-23 10:38:00,491.800788572
2018-07-23 10:39:00,500.014212815
2018-07-23 10:40:00,516.441061303
2018-07-23 10:41:00,516.441061303
2018-07-23 10:42:00,516.441061303
2018-07-23 10:43:00,516.441061303
2018-07-23 10:44:00,516.441061303
2018-07-23 10:45:00,516.441061303
2018-07-23 10:46:00,516.441061303
2018-07-23 10:47:00,516.441061303
2018-07-23 10:48:00,524.654485547
2018-07-23 10:49:00,524.654485547
2018-07-23 10:50:00,524.654485547
2018-07-23 10:51:00,524.654485547
2018-07-23 10:52:00,524.654485547
2018-07-23 10:53:00,524.654485547
2018-07-23 10:54:00,524.654485547
2018-07-23 10:55:00,508.227637059
2018-07-23 10:56:00,508.227637059
2018-07-23 10:57:00,524.654485547
2018-07-23 10:58:00,508.227637059
2018-07-23 10:59:00,508.227637059
2018-07-23 11:00:00,532.86790979
2018-07-23 11:01:00,532.86790979
2018-07-23 11:02:00,524.654485547
2018-07-23 11:03:00,532.86790979
2018-07-23 11:04:00,524.654485547
2018-07-23 11:05:00,532.86790979
2018-07-23 11:06:00,524.654485547
2018-07-23 11:07:00,524.654485547
2018-07-23 11:08:00,524.654485547
2018-07-23 11:09:00,524.654485547
2018-07-23 11:10:00,541.081334034
2018-07-23 11:11:00,516.441061303
2018-07-23 11:12:00,516.441061303
2018-07-23 11:13:00,532.86790979
2018-07-23 11:14:00,524.654485547
2018-07-23 11:15:00,532.86790979
2018-07-23 11:16:00,532.86790979
2018-07-23 11:17:00,532.86790979
2018-07-23 11:18:00,532.86790979
2018-07-23 11:19:00,532.86790979
2018-07-23 11:20:00,524.654485547
2018-07-23 11:21:00,524.654485547
2018-07-23 11:22:00,524.654485547
2018-07-23 11:23:00,524.654485547
2018-07-23 11:24:00,524.654485547
2018-07-23 11:25:00,524.654485547
2018-07-23 11:26:00,524.654485547
2018-07-23 11:27:00,524.654485547
2018-07-23 11:28:00,524.654485547
2018-07-23 11:29:00,524.654485547
2018-07-23 11:30:00,524.654485547
2018-07-23 11:31:00,524.654485547
2018-07-23 11:32:00,524.654485547
2018-07-23 11:33:00,524.654485547
2018-07-23 11:34:00,524.654485547
2018-07-23 11:35:00,524.654485547
2018-07-23 11:36:00,524.654485547
2018-07-23 11:37:00,524.654485547
2018-07-23 11:38:00,524.654485547
2018-07-23 11:39:00,524.654485547
2018-07-23 11:40:00,524.654485547
2018-07-23 11:41:00,516.441061303
2018-07-23 11:42:00,508.227637059
2018-07-23 11:43:00,508.227637059
2018-07-23 11:44:00,516.441061303
2018-07-23 11:45:00,516.441061303
2018-07-23 11:46:00,516.441061303
2018-07-23 11:47:00,516.441061303
2018-07-23 11:48:00,500.014212815
2018-07-23 11:49:00,508.227637059
2018-07-23 11:50:00,500.014212815
2018-07-23 11:51:00,500.014212815
2018-07-23 11:52:00,500.014212815
2018-07-23 11:53:00,500.014212815
2018-07-23 11:54:00,500.014212815
2018-07-23 11:55:00,500.014212815
2018-07-23 11:56:00,500.014212815
2018-07-23 11:57:00,500.014212815
2018-07-23 11:58:00,500.014212815
2018-07-23 11:59:00,500.014212815
2018-07-24 01:29:00,335.74572794
2018-07-24 01:30:00,335.74572794
2018-07-24 01:31:00,335.74572794
2018-07-24 01:32:00,335.74572794
2018-07-24 01:33:00,335.74572794
2018-07-24 01:34:00,524.654485547
2018-07-24 01:35:00,524.654485547
2018-07-24 01:36:00,516.441061303
2018-07-24 01:37:00,516.441061303
2018-07-24 01:38:00,508.227637059
2018-07-24 01:39:00,508.227637059
2018-07-24 01:40:00,508.227637059
2018-07-24 01:41:00,508.227637059
2018-07-24 01:42:00,508.227637059
2018-07-24 01:43:00,508.227637059
2018-07-24 01:44:00,500.014212815
2018-07-24 01:45:00,508.227637059
2018-07-24 01:46:00,508.227637059
2018-07-24 01:47:00,508.227637059
2018-07-24 01:48:00,508.227637059
2018-07-24 01:49:00,508.227637059
2018-07-24 01:50:00,483.587364328
2018-07-24 01:51:00,483.587364328
2018-07-24 01:52:00,475.373940084
2018-07-24 01:53:00,475.373940084
2018-07-24 01:54:00,483.587364328
2018-07-24 01:55:00,483.587364328
2018-07-24 01:56:00,475.373940084
2018-07-24 01:57:00,475.373940084
2018-07-24 01:58:00,483.587364328
2018-07-24 01:59:00,475.373940084
2018-07-24 02:00:00,475.373940084
2018-07-24 02:01:00,458.947091597
2018-07-24 02:02:00,442.520243109
2018-07-24 02:03:00,450.733667353
2018-07-24 02:04:00,434.306818865
2018-07-24 02:05:00,434.306818865
2018-07-24 02:06:00,434.306818865
2018-07-24 02:07:00,426.093394622
2018-07-24 02:08:00,426.093394622
2018-07-24 02:09:00,417.879970378
2018-07-24 02:10:00,426.093394622
2018-07-24 02:11:00,426.093394622
2018-07-24 02:12:00,426.093394622
2018-07-24 02:13:00,426.093394622
2018-07-24 02:14:00,442.520243109
2018-07-24 02:15:00,442.520243109
2018-07-24 02:16:00,426.093394622
2018-07-24 02:17:00,426.093394622
2018-07-24 02:18:00,426.093394622
2018-07-24 02:19:00,434.306818865
2018-07-24 02:20:00,426.093394622
2018-07-24 02:21:00,417.879970378
2018-07-24 02:22:00,417.879970378
2018-07-24 02:23:00,417.879970378
2018-07-24 02:24:00,417.879970378
2018-07-24 02:25:00,417.879970378
2018-07-24 02:26:00,426.093394622
2018-07-24 02:27:00,426.093394622
2018-07-24 02:28:00,434.306818865
2018-07-24 02:29:00,434.306818865
2018-07-24 02:30:00,417.879970378
2018-07-24 02:31:00,434.306818865
2018-07-24 02:32:00,442.520243109
2018-07-24 02:33:00,434.306818865
2018-07-24 02:34:00,434.306818865
2018-07-24 02:35:00,434.306818865
2018-07-24 02:36:00,417.879970378
2018-07-24 02:37:00,409.666546134
2018-07-24 02:38:00,409.666546134
2018-07-24 02:39:00,409.666546134
2018-07-24 02:40:00,401.45312189
2018-07-24 02:41:00,401.45312189
2018-07-24 02:42:00,409.666546134
2018-07-24 02:43:00,417.879970378
2018-07-24 02:44:00,417.879970378
2018-07-24 02:45:00,417.879970378
2018-07-24 02:46:00,417.879970378
2018-07-24 02:47:00,417.879970378
2018-07-24 02:48:00,417.879970378
2018-07-24 02:49:00,417.879970378
2018-07-24 02:50:00,417.879970378
2018-07-24 02:51:00,426.093394622
2018-07-24 02:52:00,434.306818865
2018-07-24 02:53:00,434.306818865
2018-07-24 02:54:00,434.306818865
2018-07-24 02:55:00,434.306818865
2018-07-24 02:56:00,442.520243109
2018-07-24 02:57:00,450.733667353
2018-07-24 02:58:00,442.520243109
2018-07-24 02:59:00,434.306818865
2018-07-24 03:00:00,450.733667353
2018-07-24 03:01:00,450.733667353
2018-07-24 03:02:00,458.947091597
2018-07-24 03:03:00,458.947091597
2018-07-24 03:04:00,467.16051584
2018-07-24 03:05:00,467.16051584
2018-07-24 03:06:00,467.16051584
2018-07-24 03:07:00,467.16051584
2018-07-24 03:08:00,467.16051584
2018-07-24 03:09:00,467.16051584
2018-07-24 03:10:00,467.16051584
2018-07-24 03:11:00,467.16051584
2018-07-24 03:12:00,467.16051584
2018-07-24 03:13:00,467.16051584
2018-07-24 03:14:00,467.16051584
2018-07-24 03:15:00,467.16051584
2018-07-24 03:16:00,467.16051584
2018-07-24 03:17:00,467.16051584
2018-07-24 03:18:00,467.16051584
2018-07-24 03:19:00,467.16051584
2018-07-24 03:20:00,467.16051584
2018-07-24 03:21:00,475.373940084
2018-07-24 03:22:00,475.373940084
2018-07-24 03:23:00,467.16051584
2018-07-24 03:24:00,467.16051584
2018-07-24 03:25:00,467.16051584
2018-07-24 03:26:00,467.16051584
2018-07-24 03:27:00,467.16051584
2018-07-24 03:28:00,467.16051584
2018-07-24 03:29:00,467.16051584
2018-07-24 03:30:00,467.16051584
2018-07-24 03:31:00,467.16051584
2018-07-24 03:32:00,467.16051584
2018-07-24 03:33:00,467.16051584
2018-07-24 03:34:00,467.16051584
2018-07-24 03:35:00,467.16051584
2018-07-24 03:36:00,467.16051584
2018-07-24 03:37:00,450.733667353
2018-07-24 03:38:00,450.733667353
2018-07-24 03:39:00,450.733667353
2018-07-24 03:40:00,426.093394622
2018-07-24 03:41:00,417.879970378
2018-07-24 03:42:00,417.879970378
2018-07-24 03:43:00,417.879970378
2018-07-24 03:44:00,417.879970378
2018-07-24 03:45:00,417.879970378
2018-07-24 03:46:00,417.879970378
2018-07-24 03:47:00,417.879970378
2018-07-24 03:48:00,417.879970378
2018-07-24 03:49:00,417.879970378
2018-07-24 03:50:00,450.733667353
2018-07-24 03:51:00,450.733667353
2018-07-24 03:52:00,450.733667353
2018-07-24 03:53:00,458.947091597
2018-07-24 03:54:00,467.16051584
2018-07-24 03:55:00,450.733667353
2018-07-24 03:56:00,458.947091597
2018-07-24 03:57:00,458.947091597
2018-07-24 03:58:00,458.947091597
2018-07-24 03:59:00,458.947091597
2018-07-24 04:00:00,467.16051584
2018-07-24 04:01:00,467.16051584
2018-07-24 04:02:00,458.947091597
2018-07-24 04:03:00,458.947091597
2018-07-24 04:04:00,458.947091597
2018-07-24 04:05:00,467.16051584
2018-07-24 04:06:00,467.16051584
2018-07-24 04:07:00,467.16051584
2018-07-24 04:08:00,467.16051584
2018-07-24 04:09:00,467.16051584
2018-07-24 04:10:00,467.16051584
2018-07-24 04:11:00,467.16051584
2018-07-24 04:12:00,467.16051584
2018-07-24 04:13:00,467.16051584
2018-07-24 04:14:00,467.16051584
2018-07-24 04:15:00,467.16051584
2018-07-24 04:16:00,467.16051584
2018-07-24 04:17:00,467.16051584
2018-07-24 04:18:00,467.16051584
2018-07-24 04:19:00,467.16051584
2018-07-24 04:20:00,467.16051584
2018-07-24 04:21:00,450.733667353
2018-07-24 04:22:00,450.733667353
2018-07-24 04:23:00,450.733667353
2018-07-24 04:24:00,450.733667353
2018-07-24 04:25:00,450.733667353
2018-07-24 04:26:00,450.733667353
2018-07-24 04:27:00,450.733667353
2018-07-24 04:28:00,450.733667353
2018-07-24 04:29:00,467.16051584
2018-07-24 04:30:00,467.16051584
2018-07-24 04:31:00,467.16051584
2018-07-24 04:32:00,467.16051584
2018-07-24 04:33:00,467.16051584
2018-07-24 04:34:00,467.16051584
2018-07-24 04:35:00,467.16051584
2018-07-24 04:36:00,467.16051584
2018-07-24 04:37:00,467.16051584
2018-07-24 04:38:00,450.733667353
2018-07-24 04:39:00,450.733667353
2018-07-24 04:40:00,450.733667353
2018-07-24 04:41:00,467.16051584
2018-07-24 04:42:00,467.16051584
2018-07-24 04:43:00,467.16051584
2018-07-24 04:44:00,467.16051584
2018-07-24 04:45:00,467.16051584
2018-07-24 04:46:00,467.16051584
2018-07-24 04:47:00,467.16051584
2018-07-24 04:48:00,467.16051584
2018-07-24 04:49:00,467.16051584
2018-07-24 04:50:00,467.16051584
2018-07-24 04:51:00,467.16051584
2018-07-24 04:52:00,467.16051584
2018-07-24 04:53:00,467.16051584
2018-07-24 04:54:00,458.947091597
2018-07-24 04:55:00,467.16051584
2018-07-24 04:56:00,467.16051584
2018-07-24 04:57:00,467.16051584
2018-07-24 04:58:00,467.16051584
2018-07-24 04:59:00,467.16051584
2018-07-24 05:00:00,458.947091597
2018-07-24 05:01:00,458.947091597
2018-07-24 05:02:00,458.947091597
2018-07-24 05:03:00,458.947091597
2018-07-24 05:04:00,458.947091597
2018-07-24 05:05:00,434.306818865
2018-07-24 05:06:00,434.306818865
2018-07-24 05:07:00,434.306818865
2018-07-24 05:08:00,442.520243109
2018-07-24 05:09:00,450.733667353
2018-07-24 05:10:00,450.733667353
2018-07-24 05:11:00,450.733667353
2018-07-24 05:12:00,458.947091597
2018-07-24 05:13:00,458.947091597
2018-07-24 05:14:00,458.947091597
2018-07-24 05:15:00,450.733667353
2018-07-24 05:16:00,450.733667353
2018-07-24 05:17:00,450.733667353
2018-07-24 05:18:00,450.733667353
2018-07-24 05:19:00,458.947091597
2018-07-24 05:20:00,450.733667353
2018-07-24 05:21:00,442.520243109
2018-07-24 05:22:00,442.520243109
2018-07-24 05:23:00,434.306818865
2018-07-24 05:24:00,450.733667353
2018-07-24 05:25:00,450.733667353
2018-07-24 05:26:00,434.306818865
2018-07-24 05:27:00,434.306818865
2018-07-24 05:28:00,434.306818865
2018-07-24 05:29:00,434.306818865
2018-07-24 05:30:00,434.306818865
2018-07-24 05:31:00,450.733667353
2018-07-24 05:32:00,450.733667353
2018-07-24 05:33:00,450.733667353
2018-07-24 05:34:00,450.733667353
2018-07-24 05:35:00,450.733667353
2018-07-24 05:36:00,450.733667353
2018-07-24 05:37:00,450.733667353
2018-07-24 05:38:00,450.733667353
2018-07-24 05:39:00,450.733667353
2018-07-24 05:40:00,434.306818865
2018-07-24 05:41:00,434.306818865
2018-07-24 05:42:00,434.306818865
2018-07-24 05:43:00,434.306818865
2018-07-24 05:44:00,434.306818865
2018-07-24 05:45:00,434.306818865
2018-07-24 05:46:00,434.306818865
2018-07-24 05:47:00,434.306818865
2018-07-24 05:48:00,434.306818865
2018-07-24 05:49:00,434.306818865
2018-07-24 05:50:00,450.733667353
2018-07-24 05:51:00,450.733667353
2018-07-24 05:52:00,450.733667353
2018-07-24 05:53:00,450.733667353
2018-07-24 05:54:00,450.733667353
2018-07-24 05:55:00,442.520243109
2018-07-24 05:56:00,442.520243109
2018-07-24 05:57:00,450.733667353
2018-07-24 05:58:00,450.733667353
2018-07-24 05:59:00,450.733667353
2018-07-24 06:00:00,467.16051584
2018-07-24 06:01:00,467.16051584
2018-07-24 06:02:00,467.16051584
2018-07-24 06:03:00,467.16051584
2018-07-24 06:04:00,467.16051584
2018-07-24 06:05:00,483.587364328
2018-07-24 06:06:00,483.587364328
2018-07-24 06:07:00,491.800788572
2018-07-24 06:08:00,483.587364328
2018-07-24 06:09:00,483.587364328
2018-07-24 06:10:00,483.587364328
2018-07-24 06:11:00,475.373940084
2018-07-24 06:12:00,475.373940084
2018-07-24 06:13:00,475.373940084
2018-07-24 06:14:00,467.16051584
2018-07-24 06:15:00,467.16051584
2018-07-24 06:16:00,467.16051584
2018-07-24 06:17:00,458.947091597
2018-07-24 06:18:00,458.947091597
2018-07-24 06:19:00,467.16051584
2018-07-24 06:20:00,467.16051584
2018-07-24 06:21:00,467.16051584
2018-07-24 06:22:00,467.16051584
2018-07-24 06:23:00,467.16051584
2018-07-24 06:24:00,467.16051584
2018-07-24 06:25:00,467.16051584
2018-07-24 06:26:00,467.16051584
2018-07-24 06:27:00,434.306818865
2018-07-24 06:28:00,450.733667353
2018-07-24 06:29:00,442.520243109
2018-07-24 06:30:00,458.947091597
2018-07-24 06:31:00,442.520243109
2018-07-24 06:32:00,434.306818865
2018-07-24 06:33:00,434.306818865
2018-07-24 06:34:00,434.306818865
2018-07-24 06:35:00,434.306818865
2018-07-24 06:36:00,434.306818865
2018-07-24 06:37:00,434.306818865
2018-07-24 06:38:00,434.306818865
2018-07-24 06:39:00,434.306818865
2018-07-24 06:40:00,434.306818865
2018-07-24 06:41:00,434.306818865
2018-07-24 06:42:00,434.306818865
2018-07-24 06:43:00,434.306818865
2018-07-24 06:44:00,434.306818865
2018-07-24 06:45:00,434.306818865
2018-07-24 06:46:00,434.306818865
2018-07-24 06:47:00,434.306818865
2018-07-24 06:48:00,434.306818865
2018-07-24 06:49:00,434.306818865
2018-07-24 06:50:00,434.306818865
2018-07-24 06:51:00,434.306818865
2018-07-24 06:52:00,434.306818865
2018-07-24 06:53:00,417.879970378
2018-07-24 06:54:00,417.879970378
2018-07-24 06:55:00,417.879970378
2018-07-24 06:56:00,417.879970378
2018-07-24 06:57:00,401.45312189
2018-07-24 06:58:00,401.45312189
2018-07-24 06:59:00,409.666546134
2018-07-24 07:00:00,426.093394622
2018-07-24 07:01:00,401.45312189
2018-07-24 07:02:00,409.666546134
2018-07-24 07:03:00,426.093394622
2018-07-24 07:04:00,426.093394622
2018-07-24 07:05:00,409.666546134
2018-07-24 07:06:00,401.45312189
2018-07-24 07:07:00,401.45312189
2018-07-24 07:08:00,401.45312189
2018-07-24 07:09:00,393.239697647
2018-07-24 07:10:00,393.239697647
2018-07-24 07:11:00,393.239697647
2018-07-24 07:12:00,393.239697647
2018-07-24 07:13:00,393.239697647
2018-07-24 07:14:00,393.239697647
2018-07-24 07:15:00,401.45312189
2018-07-24 07:16:00,393.239697647
2018-07-24 07:17:00,393.239697647
2018-07-24 07:18:00,393.239697647
2018-07-24 07:19:00,393.239697647
2018-07-24 07:20:00,393.239697647
2018-07-24 07:21:00,393.239697647
2018-07-24 07:22:00,393.239697647
2018-07-24 07:23:00,393.239697647
2018-07-24 07:24:00,393.239697647
2018-07-24 07:25:00,393.239697647
2018-07-24 07:26:00,393.239697647
2018-07-24 07:27:00,393.239697647
2018-07-24 07:28:00,393.239697647
2018-07-24 07:29:00,393.239697647
2018-07-24 07:30:00,393.239697647
2018-07-24 07:31:00,385.026273403
2018-07-24 07:32:00,393.239697647
2018-07-24 07:33:00,393.239697647
2018-07-24 07:34:00,393.239697647
2018-07-24 07:35:00,393.239697647
2018-07-24 07:36:00,393.239697647
2018-07-24 07:37:00,393.239697647
2018-07-24 07:38:00,393.239697647
2018-07-24 07:39:00,393.239697647
2018-07-24 07:40:00,393.239697647
2018-07-24 07:41:00,393.239697647
2018-07-24 07:42:00,385.026273403
2018-07-24 07:43:00,360.386000672
2018-07-24 07:44:00,368.599424915
2018-07-24 07:45:00,368.599424915
2018-07-24 07:46:00,368.599424915
2018-07-24 07:47:00,368.599424915
2018-07-24 07:48:00,368.599424915
2018-07-24 07:49:00,368.599424915
2018-07-24 07:50:00,376.812849159
2018-07-24 07:51:00,368.599424915
2018-07-24 07:52:00,385.026273403
2018-07-24 07:53:00,368.599424915
2018-07-24 07:54:00,376.812849159
2018-07-24 07:55:00,368.599424915
2018-07-24 07:56:00,368.599424915
2018-07-24 07:57:00,368.599424915
2018-07-24 07:58:00,368.599424915
2018-07-24 07:59:00,368.599424915
2018-07-24 08:00:00,368.599424915
2018-07-24 08:01:00,368.599424915
2018-07-24 08:02:00,368.599424915
2018-07-24 08:03:00,368.599424915
2018-07-24 08:04:00,368.599424915
2018-07-24 08:05:00,376.812849159
2018-07-24 08:06:00,376.812849159
2018-07-24 08:07:00,376.812849159
2018-07-24 08:08:00,385.026273403
2018-07-24 08:09:00,385.026273403
2018-07-24 08:10:00,401.45312189
2018-07-24 08:11:00,401.45312189
2018-07-24 08:12:00,417.879970378
2018-07-24 08:13:00,417.879970378
2018-07-24 08:14:00,417.879970378
2018-07-24 08:15:00,417.879970378
2018-07-24 08:16:00,426.093394622
2018-07-24 08:17:00,426.093394622
2018-07-24 08:18:00,434.306818865
2018-07-24 08:19:00,434.306818865
2018-07-24 08:20:00,417.879970378
2018-07-24 08:21:00,417.879970378
2018-07-24 08:22:00,417.879970378
2018-07-24 08:23:00,409.666546134
2018-07-24 08:24:00,409.666546134
2018-07-24 08:25:00,409.666546134
2018-07-24 08:26:00,393.239697647
2018-07-24 08:27:00,393.239697647
2018-07-24 08:28:00,401.45312189
2018-07-24 08:29:00,385.026273403
2018-07-24 08:30:00,393.239697647
2018-07-24 08:31:00,385.026273403
2018-07-24 08:32:00,385.026273403
2018-07-24 08:33:00,385.026273403
2018-07-24 08:34:00,368.599424915
2018-07-24 08:35:00,368.599424915
2018-07-24 08:36:00,368.599424915
2018-07-24 08:37:00,368.599424915
2018-07-24 08:38:00,368.599424915
2018-07-24 08:39:00,352.172576428
2018-07-24 08:40:00,352.172576428
2018-07-24 08:41:00,352.172576428
2018-07-24 08:42:00,352.172576428
2018-07-24 08:43:00,368.599424915
2018-07-24 08:44:00,360.386000672
2018-07-24 08:45:00,368.599424915
2018-07-24 08:46:00,368.599424915
2018-07-24 08:47:00,352.172576428
2018-07-24 08:48:00,352.172576428
2018-07-24 08:49:00,360.386000672
2018-07-24 08:50:00,352.172576428
2018-07-24 08:51:00,343.959152184
2018-07-24 08:52:00,343.959152184
2018-07-24 08:53:00,343.959152184
2018-07-24 08:54:00,360.386000672
2018-07-24 08:55:00,352.172576428
2018-07-24 08:56:00,343.959152184
2018-07-24 08:57:00,368.599424915
2018-07-24 08:58:00,360.386000672
2018-07-24 08:59:00,360.386000672
2018-07-24 09:00:00,376.812849159
2018-07-24 09:01:00,376.812849159
2018-07-24 09:02:00,376.812849159
2018-07-24 09:03:00,376.812849159
2018-07-24 09:04:00,393.239697647
2018-07-24 09:05:00,385.026273403
2018-07-24 09:06:00,385.026273403
2018-07-24 09:07:00,385.026273403
2018-07-24 09:08:00,393.239697647
2018-07-24 09:09:00,393.239697647
2018-07-24 09:10:00,393.239697647
2018-07-24 09:11:00,393.239697647
2018-07-24 09:12:00,393.239697647
2018-07-24 09:13:00,393.239697647
2018-07-24 09:14:00,401.45312189
2018-07-24 09:15:00,385.026273403
2018-07-24 09:16:00,385.026273403
2018-07-24 09:17:00,385.026273403
2018-07-24 09:18:00,385.026273403
2018-07-24 09:19:00,385.026273403
2018-07-24 09:20:00,376.812849159
2018-07-24 09:21:00,376.812849159
2018-07-24 09:22:00,376.812849159
2018-07-24 09:23:00,368.599424915
2018-07-24 09:24:00,368.599424915
2018-07-24 09:25:00,385.026273403
2018-07-24 09:26:00,385.026273403
2018-07-24 09:27:00,385.026273403
2018-07-24 09:28:00,385.026273403
2018-07-24 09:29:00,385.026273403
2018-07-24 09:30:00,385.026273403
2018-07-24 09:31:00,385.026273403
2018-07-24 09:32:00,385.026273403
2018-07-24 09:33:00,385.026273403
2018-07-24 09:34:00,393.239697647
2018-07-24 09:35:00,401.45312189
2018-07-24 09:36:00,401.45312189
2018-07-24 09:37:00,401.45312189
2018-07-24 09:38:00,401.45312189
2018-07-24 09:39:00,401.45312189
2018-07-24 09:40:00,401.45312189
2018-07-24 09:41:00,401.45312189
2018-07-24 09:42:00,401.45312189
2018-07-24 09:43:00,401.45312189
2018-07-24 09:44:00,401.45312189
2018-07-24 09:45:00,409.666546134
2018-07-24 09:46:00,417.879970378
2018-07-24 09:47:00,417.879970378
2018-07-24 09:48:00,417.879970378
2018-07-24 09:49:00,426.093394622
2018-07-24 09:50:00,442.520243109
2018-07-24 09:51:00,442.520243109
2018-07-24 09:52:00,434.306818865
2018-07-24 09:53:00,426.093394622
2018-07-24 09:54:00,434.306818865
2018-07-24 09:55:00,426.093394622
2018-07-24 09:56:00,426.093394622
2018-07-24 09:57:00,417.879970378
2018-07-24 09:58:00,409.666546134
2018-07-24 09:59:00,401.45312189
2018-07-24 10:00:00,401.45312189
2018-07-24 10:01:00,401.45312189
2018-07-24 10:02:00,426.093394622
2018-07-24 10:03:00,417.879970378
2018-07-24 10:04:00,417.879970378
2018-07-24 10:05:00,417.879970378
2018-07-24 10:06:00,417.879970378
2018-07-24 10:07:00,434.306818865
2018-07-24 10:08:00,434.306818865
2018-07-24 10:09:00,426.093394622
2018-07-24 10:10:00,434.306818865
2018-07-24 10:11:00,417.879970378
2018-07-24 10:12:00,417.879970378
2018-07-24 10:13:00,417.879970378
2018-07-24 10:14:00,426.093394622
2018-07-24 10:15:00,426.093394622
2018-07-24 10:16:00,417.879970378
2018-07-24 10:17:00,417.879970378
2018-07-24 10:18:00,417.879970378
2018-07-24 10:19:00,417.879970378
2018-07-24 10:20:00,417.879970378
2018-07-24 10:21:00,417.879970378
2018-07-24 10:22:00,409.666546134
2018-07-24 10:23:00,409.666546134
2018-07-24 10:24:00,401.45312189
2018-07-24 10:25:00,401.45312189
2018-07-24 10:26:00,401.45312189
2018-07-24 10:27:00,409.666546134
2018-07-24 10:28:00,409.666546134
2018-07-24 10:29:00,409.666546134
2018-07-24 10:30:00,409.666546134
2018-07-24 10:31:00,417.879970378
2018-07-24 10:32:00,409.666546134
2018-07-24 10:33:00,409.666546134
2018-07-24 10:34:00,409.666546134
2018-07-24 10:35:00,401.45312189
2018-07-24 10:36:00,401.45312189
2018-07-24 10:37:00,401.45312189
2018-07-24 10:38:00,401.45312189
2018-07-24 10:39:00,401.45312189
2018-07-24 10:40:00,401.45312189
2018-07-24 10:41:00,401.45312189
2018-07-24 10:42:00,401.45312189
2018-07-24 10:43:00,401.45312189
2018-07-24 10:44:00,393.239697647
2018-07-24 10:45:00,393.239697647
2018-07-24 10:46:00,385.026273403
2018-07-24 10:47:00,385.026273403
2018-07-24 10:48:00,385.026273403
2018-07-24 10:49:00,385.026273403
2018-07-24 10:50:00,385.026273403
2018-07-24 10:51:00,385.026273403
2018-07-24 10:52:00,385.026273403
2018-07-24 10:53:00,393.239697647
2018-07-24 10:54:00,368.599424915
2018-07-24 10:55:00,368.599424915
2018-07-24 10:56:00,368.599424915
2018-07-24 10:57:00,368.599424915
2018-07-24 10:58:00,368.599424915
2018-07-24 10:59:00,368.599424915
2018-07-24 11:00:00,376.812849159
2018-07-24 11:01:00,376.812849159
2018-07-24 11:02:00,393.239697647
2018-07-24 11:03:00,393.239697647
2018-07-24 11:04:00,385.026273403
2018-07-24 11:05:00,393.239697647
2018-07-24 11:06:00,385.026273403
2018-07-24 11:07:00,385.026273403
2018-07-24 11:08:00,385.026273403
2018-07-24 11:09:00,385.026273403
2018-07-24 11:10:00,401.45312189
2018-07-24 11:11:00,417.879970378
2018-07-24 11:12:00,385.026273403
2018-07-24 11:13:00,376.812849159
2018-07-24 11:14:00,376.812849159
2018-07-24 11:15:00,376.812849159
2018-07-24 11:16:00,376.812849159
2018-07-24 11:17:00,376.812849159
2018-07-24 11:18:00,409.666546134
2018-07-24 11:19:00,409.666546134
2018-07-24 11:20:00,409.666546134
2018-07-24 11:21:00,409.666546134
2018-07-24 11:22:00,417.879970378
2018-07-24 11:23:00,417.879970378
2018-07-24 11:24:00,417.879970378
2018-07-24 11:25:00,417.879970378
2018-07-24 11:26:00,417.879970378
2018-07-24 11:27:00,426.093394622
2018-07-24 11:28:00,426.093394622
2018-07-24 11:29:00,426.093394622
2018-07-24 11:30:00,426.093394622
2018-07-24 11:31:00,426.093394622
2018-07-24 11:32:00,409.666546134
2018-07-24 11:33:00,409.666546134
2018-07-24 11:34:00,409.666546134
2018-07-24 11:35:00,409.666546134
2018-07-24 11:36:00,409.666546134
2018-07-24 11:37:00,409.666546134
2018-07-24 11:38:00,409.666546134
2018-07-24 11:39:00,409.666546134
2018-07-24 11:40:00,409.666546134
2018-07-24 11:41:00,409.666546134
2018-07-24 11:42:00,409.666546134
2018-07-24 11:43:00,409.666546134
2018-07-24 11:44:00,409.666546134
2018-07-24 11:45:00,409.666546134
2018-07-24 11:46:00,409.666546134
2018-07-24 11:47:00,417.879970378
2018-07-24 11:48:00,401.45312189
2018-07-24 11:49:00,401.45312189
2018-07-24 11:50:00,401.45312189
2018-07-24 11:51:00,401.45312189
2018-07-24 11:52:00,401.45312189
2018-07-24 11:53:00,401.45312189
2018-07-24 11:54:00,401.45312189
2018-07-24 11:55:00,385.026273403
2018-07-24 11:56:00,385.026273403
2018-07-24 11:57:00,401.45312189
2018-07-24 11:58:00,401.45312189
2018-07-24 11:59:00,401.45312189
2018-07-25 01:29:00,302.892030965
2018-07-25 01:30:00,302.892030965
2018-07-25 01:31:00,302.892030965
2018-07-25 01:32:00,302.892030965
2018-07-25 01:33:00,302.892030965
2018-07-25 01:34:00,434.306818865
2018-07-25 01:35:00,434.306818865
2018-07-25 01:36:00,434.306818865
2018-07-25 01:37:00,434.306818865
2018-07-25 01:38:00,434.306818865
2018-07-25 01:39:00,426.093394622
2018-07-25 01:40:00,426.093394622
2018-07-25 01:41:00,426.093394622
2018-07-25 01:42:00,426.093394622
2018-07-25 01:43:00,426.093394622
2018-07-25 01:44:00,426.093394622
2018-07-25 01:45:00,409.666546134
2018-07-25 01:46:00,409.666546134
2018-07-25 01:47:00,409.666546134
2018-07-25 01:48:00,409.666546134
2018-07-25 01:49:00,409.666546134
2018-07-25 01:50:00,393.239697647
2018-07-25 01:51:00,376.812849159
2018-07-25 01:52:00,376.812849159
2018-07-25 01:53:00,376.812849159
2018-07-25 01:54:00,376.812849159
2018-07-25 01:55:00,376.812849159
2018-07-25 01:56:00,376.812849159
2018-07-25 01:57:00,376.812849159
2018-07-25 01:58:00,376.812849159
2018-07-25 01:59:00,376.812849159
2018-07-25 02:00:00,393.239697647
2018-07-25 02:01:00,385.026273403
2018-07-25 02:02:00,393.239697647
2018-07-25 02:03:00,385.026273403
2018-07-25 02:04:00,368.599424915
2018-07-25 02:05:00,368.599424915
2018-07-25 02:06:00,368.599424915
2018-07-25 02:07:00,376.812849159
2018-07-25 02:08:00,385.026273403
2018-07-25 02:09:00,385.026273403
2018-07-25 02:10:00,385.026273403
2018-07-25 02:11:00,385.026273403
2018-07-25 02:12:00,385.026273403
2018-07-25 02:13:00,385.026273403
2018-07-25 02:14:00,385.026273403
2018-07-25 02:15:00,385.026273403
2018-07-25 02:16:00,401.45312189
2018-07-25 02:17:00,401.45312189
2018-07-25 02:18:00,401.45312189
2018-07-25 02:19:00,401.45312189
2018-07-25 02:20:00,401.45312189
2018-07-25 02:21:00,401.45312189
2018-07-25 02:22:00,401.45312189
2018-07-25 02:23:00,401.45312189
2018-07-25 02:24:00,401.45312189
2018-07-25 02:25:00,401.45312189
2018-07-25 02:26:00,401.45312189
2018-07-25 02:27:00,401.45312189
2018-07-25 02:28:00,376.812849159
2018-07-25 02:29:00,376.812849159
2018-07-25 02:30:00,393.239697647
2018-07-25 02:31:00,393.239697647
2018-07-25 02:32:00,393.239697647
2018-07-25 02:33:00,385.026273403
2018-07-25 02:34:00,393.239697647
2018-07-25 02:35:00,401.45312189
2018-07-25 02:36:00,393.239697647
2018-07-25 02:37:00,393.239697647
2018-07-25 02:38:00,385.026273403
2018-07-25 02:39:00,385.026273403
2018-07-25 02:40:00,385.026273403
2018-07-25 02:41:00,385.026273403
2018-07-25 02:42:00,385.026273403
2018-07-25 02:43:00,393.239697647
2018-07-25 02:44:00,393.239697647
2018-07-25 02:45:00,385.026273403
2018-07-25 02:46:00,385.026273403
2018-07-25 02:47:00,376.812849159
2018-07-25 02:48:00,368.599424915
2018-07-25 02:49:00,368.599424915
2018-07-25 02:50:00,368.599424915
2018-07-25 02:51:00,368.599424915
2018-07-25 02:52:00,368.599424915
2018-07-25 02:53:00,368.599424915
2018-07-25 02:54:00,376.812849159
2018-07-25 02:55:00,393.239697647
2018-07-25 02:56:00,376.812849159
2018-07-25 02:57:00,376.812849159
2018-07-25 02:58:00,376.812849159
2018-07-25 02:59:00,368.599424915
2018-07-25 03:00:00,368.599424915
2018-07-25 03:01:00,376.812849159
2018-07-25 03:02:00,376.812849159
2018-07-25 03:03:00,376.812849159
2018-07-25 03:04:00,376.812849159
2018-07-25 03:05:00,368.599424915
2018-07-25 03:06:00,368.599424915
2018-07-25 03:07:00,368.599424915
2018-07-25 03:08:00,368.599424915
2018-07-25 03:09:00,368.599424915
2018-07-25 03:10:00,360.386000672
2018-07-25 03:11:00,368.599424915
2018-07-25 03:12:00,368.599424915
2018-07-25 03:13:00,360.386000672
2018-07-25 03:14:00,360.386000672
2018-07-25 03:15:00,360.386000672
2018-07-25 03:16:00,368.599424915
2018-07-25 03:17:00,376.812849159
2018-07-25 03:18:00,376.812849159
2018-07-25 03:19:00,385.026273403
2018-07-25 03:20:00,376.812849159
2018-07-25 03:21:00,376.812849159
2018-07-25 03:22:00,376.812849159
2018-07-25 03:23:00,368.599424915
2018-07-25 03:24:00,376.812849159
2018-07-25 03:25:00,368.599424915
2018-07-25 03:26:00,368.599424915
2018-07-25 03:27:00,368.599424915
2018-07-25 03:28:00,368.599424915
2018-07-25 03:29:00,368.599424915
2018-07-25 03:30:00,376.812849159
2018-07-25 03:31:00,368.599424915
2018-07-25 03:32:00,368.599424915
2018-07-25 03:33:00,368.599424915
2018-07-25 03:34:00,368.599424915
2018-07-25 03:35:00,368.599424915
2018-07-25 03:36:00,368.599424915
2018-07-25 03:37:00,368.599424915
2018-07-25 03:38:00,376.812849159
2018-07-25 03:39:00,385.026273403
2018-07-25 03:40:00,385.026273403
2018-07-25 03:41:00,385.026273403
2018-07-25 03:42:00,385.026273403
2018-07-25 03:43:00,385.026273403
2018-07-25 03:44:00,385.026273403
2018-07-25 03:45:00,393.239697647
2018-07-25 03:46:00,393.239697647
2018-07-25 03:47:00,393.239697647
2018-07-25 03:48:00,385.026273403
2018-07-25 03:49:00,393.239697647
2018-07-25 03:50:00,385.026273403
2018-07-25 03:51:00,385.026273403
2018-07-25 03:52:00,385.026273403
2018-07-25 03:53:00,385.026273403
2018-07-25 03:54:00,385.026273403
2018-07-25 03:55:00,385.026273403
2018-07-25 03:56:00,385.026273403
2018-07-25 03:57:00,385.026273403
2018-07-25 03:58:00,393.239697647
2018-07-25 03:59:00,385.026273403
2018-07-25 04:00:00,401.45312189
2018-07-25 04:01:00,401.45312189
2018-07-25 04:02:00,401.45312189
2018-07-25 04:03:00,401.45312189
2018-07-25 04:04:00,401.45312189
2018-07-25 04:05:00,401.45312189
2018-07-25 04:06:00,401.45312189
2018-07-25 04:07:00,401.45312189
2018-07-25 04:08:00,401.45312189
2018-07-25 04:09:00,401.45312189
2018-07-25 04:10:00,401.45312189
2018-07-25 04:11:00,409.666546134
2018-07-25 04:12:00,409.666546134
2018-07-25 04:13:00,409.666546134
2018-07-25 04:14:00,409.666546134
2018-07-25 04:15:00,409.666546134
2018-07-25 04:16:00,401.45312189
2018-07-25 04:17:00,401.45312189
2018-07-25 04:18:00,401.45312189
2018-07-25 04:19:00,401.45312189
2018-07-25 04:20:00,401.45312189
2018-07-25 04:21:00,401.45312189
2018-07-25 04:22:00,401.45312189
2018-07-25 04:23:00,401.45312189
2018-07-25 04:24:00,401.45312189
2018-07-25 04:25:00,401.45312189
2018-07-25 04:26:00,401.45312189
2018-07-25 04:27:00,401.45312189
2018-07-25 04:28:00,401.45312189
2018-07-25 04:29:00,393.239697647
2018-07-25 04:30:00,393.239697647
2018-07-25 04:31:00,393.239697647
2018-07-25 04:32:00,385.026273403
2018-07-25 04:33:00,385.026273403
2018-07-25 04:34:00,401.45312189
2018-07-25 04:35:00,401.45312189
2018-07-25 04:36:00,393.239697647
2018-07-25 04:37:00,393.239697647
2018-07-25 04:38:00,401.45312189
2018-07-25 04:39:00,401.45312189
2018-07-25 04:40:00,401.45312189
2018-07-25 04:41:00,401.45312189
2018-07-25 04:42:00,401.45312189
2018-07-25 04:43:00,401.45312189
2018-07-25 04:44:00,401.45312189
2018-07-25 04:45:00,401.45312189
2018-07-25 04:46:00,401.45312189
2018-07-25 04:47:00,401.45312189
2018-07-25 04:48:00,401.45312189
2018-07-25 04:49:00,401.45312189
2018-07-25 04:50:00,401.45312189
2018-07-25 04:51:00,401.45312189
2018-07-25 04:52:00,401.45312189
2018-07-25 04:53:00,401.45312189
2018-07-25 04:54:00,401.45312189
2018-07-25 04:55:00,401.45312189
2018-07-25 04:56:00,401.45312189
2018-07-25 04:57:00,401.45312189
2018-07-25 04:58:00,401.45312189
2018-07-25 04:59:00,401.45312189
2018-07-25 05:00:00,393.239697647
2018-07-25 05:01:00,393.239697647
2018-07-25 05:02:00,393.239697647
2018-07-25 05:03:00,393.239697647
2018-07-25 05:04:00,401.45312189
2018-07-25 05:05:00,401.45312189
2018-07-25 05:06:00,401.45312189
2018-07-25 05:07:00,401.45312189
2018-07-25 05:08:00,401.45312189
2018-07-25 05:09:00,393.239697647
2018-07-25 05:10:00,393.239697647
2018-07-25 05:11:00,393.239697647
2018-07-25 05:12:00,393.239697647
2018-07-25 05:13:00,385.026273403
2018-07-25 05:14:00,385.026273403
2018-07-25 05:15:00,385.026273403
2018-07-25 05:16:00,385.026273403
2018-07-25 05:17:00,368.599424915
2018-07-25 05:18:00,376.812849159
2018-07-25 05:19:00,368.599424915
2018-07-25 05:20:00,368.599424915
2018-07-25 05:21:00,368.599424915
2018-07-25 05:22:00,368.599424915
2018-07-25 05:23:00,368.599424915
2018-07-25 05:24:00,368.599424915
2018-07-25 05:25:00,368.599424915
2018-07-25 05:26:00,385.026273403
2018-07-25 05:27:00,385.026273403
2018-07-25 05:28:00,368.599424915
2018-07-25 05:29:00,368.599424915
2018-07-25 05:30:00,368.599424915
2018-07-25 05:31:00,368.599424915
2018-07-25 05:32:00,368.599424915
2018-07-25 05:33:00,368.599424915
2018-07-25 05:34:00,368.599424915
2018-07-25 05:35:00,368.599424915
2018-07-25 05:36:00,368.599424915
2018-07-25 05:37:00,368.599424915
2018-07-25 05:38:00,368.599424915
2018-07-25 05:39:00,368.599424915
2018-07-25 05:40:00,385.026273403
2018-07-25 05:41:00,385.026273403
2018-07-25 05:42:00,385.026273403
2018-07-25 05:43:00,376.812849159
2018-07-25 05:44:00,376.812849159
2018-07-25 05:45:00,376.812849159
2018-07-25 05:46:00,376.812849159
2018-07-25 05:47:00,368.599424915
2018-07-25 05:48:00,360.386000672
2018-07-25 05:49:00,360.386000672
2018-07-25 05:50:00,360.386000672
2018-07-25 05:51:00,352.172576428
2018-07-25 05:52:00,352.172576428
2018-07-25 05:53:00,352.172576428
2018-07-25 05:54:00,352.172576428
2018-07-25 05:55:00,343.959152184
2018-07-25 05:56:00,343.959152184
2018-07-25 05:57:00,335.74572794
2018-07-25 05:58:00,343.959152184
2018-07-25 05:59:00,352.172576428
2018-07-25 06:00:00,352.172576428
2018-07-25 06:01:00,352.172576428
2018-07-25 06:02:00,352.172576428
2018-07-25 06:03:00,352.172576428
2018-07-25 06:04:00,352.172576428
2018-07-25 06:05:00,352.172576428
2018-07-25 06:06:00,352.172576428
2018-07-25 06:07:00,360.386000672
2018-07-25 06:08:00,360.386000672
2018-07-25 06:09:00,360.386000672
2018-07-25 06:10:00,368.599424915
2018-07-25 06:11:00,368.599424915
2018-07-25 06:12:00,368.599424915
2018-07-25 06:13:00,368.599424915
2018-07-25 06:14:00,368.599424915
2018-07-25 06:15:00,368.599424915
2018-07-25 06:16:00,368.599424915
2018-07-25 06:17:00,368.599424915
2018-07-25 06:18:00,368.599424915
2018-07-25 06:19:00,368.599424915
2018-07-25 06:20:00,368.599424915
2018-07-25 06:21:00,360.386000672
2018-07-25 06:22:00,360.386000672
2018-07-25 06:23:00,360.386000672
2018-07-25 06:24:00,360.386000672
2018-07-25 06:25:00,360.386000672
2018-07-25 06:26:00,360.386000672
2018-07-25 06:27:00,360.386000672
2018-07-25 06:28:00,360.386000672
2018-07-25 06:29:00,360.386000672
2018-07-25 06:30:00,368.599424915
2018-07-25 06:31:00,368.599424915
2018-07-25 06:32:00,368.599424915
2018-07-25 06:33:00,376.812849159
2018-07-25 06:34:00,376.812849159
2018-07-25 06:35:00,385.026273403
2018-07-25 06:36:00,385.026273403
2018-07-25 06:37:00,385.026273403
2018-07-25 06:38:00,385.026273403
2018-07-25 06:39:00,385.026273403
2018-07-25 06:40:00,385.026273403
2018-07-25 06:41:00,385.026273403
2018-07-25 06:42:00,385.026273403
2018-07-25 06:43:00,385.026273403
2018-07-25 06:44:00,385.026273403
2018-07-25 06:45:00,385.026273403
2018-07-25 06:46:00,385.026273403
2018-07-25 06:47:00,385.026273403
2018-07-25 06:48:00,385.026273403
2018-07-25 06:49:00,376.812849159
2018-07-25 06:50:00,385.026273403
2018-07-25 06:51:00,385.026273403
2018-07-25 06:52:00,385.026273403
2018-07-25 06:53:00,385.026273403
2018-07-25 06:54:00,368.599424915
2018-07-25 06:55:00,368.599424915
2018-07-25 06:56:00,368.599424915
2018-07-25 06:57:00,376.812849159
2018-07-25 06:58:00,376.812849159
2018-07-25 06:59:00,385.026273403
2018-07-25 07:00:00,385.026273403
2018-07-25 07:01:00,385.026273403
2018-07-25 07:02:00,385.026273403
2018-07-25 07:03:00,385.026273403
2018-07-25 07:04:00,385.026273403
2018-07-25 07:05:00,376.812849159
2018-07-25 07:06:00,368.599424915
2018-07-25 07:07:00,368.599424915
2018-07-25 07:08:00,368.599424915
2018-07-25 07:09:00,368.599424915
2018-07-25 07:10:00,368.599424915
2018-07-25 07:11:00,376.812849159
2018-07-25 07:12:00,368.599424915
2018-07-25 07:13:00,368.599424915
2018-07-25 07:14:00,368.599424915
2018-07-25 07:15:00,368.599424915
2018-07-25 07:16:00,368.599424915
2018-07-25 07:17:00,368.599424915
2018-07-25 07:18:00,368.599424915
2018-07-25 07:19:00,368.599424915
2018-07-25 07:20:00,360.386000672
2018-07-25 07:21:00,360.386000672
2018-07-25 07:22:00,360.386000672
2018-07-25 07:23:00,360.386000672
2018-07-25 07:24:00,352.172576428
2018-07-25 07:25:00,352.172576428
2018-07-25 07:26:00,343.959152184
2018-07-25 07:27:00,343.959152184
2018-07-25 07:28:00,343.959152184
2018-07-25 07:29:00,343.959152184
2018-07-25 07:30:00,352.172576428
2018-07-25 07:31:00,352.172576428
2018-07-25 07:32:00,352.172576428
2018-07-25 07:33:00,352.172576428
2018-07-25 07:34:00,352.172576428
2018-07-25 07:35:00,352.172576428
2018-07-25 07:36:00,352.172576428
2018-07-25 07:37:00,352.172576428
2018-07-25 07:38:00,376.812849159
2018-07-25 07:39:00,376.812849159
2018-07-25 07:40:00,368.599424915
2018-07-25 07:41:00,368.599424915
2018-07-25 07:42:00,368.599424915
2018-07-25 07:43:00,368.599424915
2018-07-25 07:44:00,368.599424915
2018-07-25 07:45:00,368.599424915
2018-07-25 07:46:00,368.599424915
2018-07-25 07:47:00,368.599424915
2018-07-25 07:48:00,368.599424915
2018-07-25 07:49:00,368.599424915
2018-07-25 07:50:00,360.386000672
2018-07-25 07:51:00,360.386000672
2018-07-25 07:52:00,360.386000672
2018-07-25 07:53:00,360.386000672
2018-07-25 07:54:00,360.386000672
2018-07-25 07:55:00,360.386000672
2018-07-25 07:56:00,360.386000672
2018-07-25 07:57:00,360.386000672
2018-07-25 07:58:00,360.386000672
2018-07-25 07:59:00,360.386000672
2018-07-25 08:00:00,360.386000672
2018-07-25 08:01:00,360.386000672
2018-07-25 08:02:00,360.386000672
2018-07-25 08:03:00,360.386000672
2018-07-25 08:04:00,360.386000672
2018-07-25 08:05:00,360.386000672
2018-07-25 08:06:00,360.386000672
2018-07-25 08:07:00,360.386000672
2018-07-25 08:08:00,360.386000672
2018-07-25 08:09:00,360.386000672
2018-07-25 08:10:00,360.386000672
2018-07-25 08:11:00,360.386000672
2018-07-25 08:12:00,360.386000672
2018-07-25 08:13:00,360.386000672
2018-07-25 08:14:00,360.386000672
2018-07-25 08:15:00,360.386000672
2018-07-25 08:16:00,360.386000672
2018-07-25 08:17:00,360.386000672
2018-07-25 08:18:00,360.386000672
2018-07-25 08:19:00,360.386000672
2018-07-25 08:20:00,360.386000672
2018-07-25 08:21:00,360.386000672
2018-07-25 08:22:00,376.812849159
2018-07-25 08:23:00,376.812849159
2018-07-25 08:24:00,376.812849159
2018-07-25 08:25:00,368.599424915
2018-07-25 08:26:00,368.599424915
2018-07-25 08:27:00,368.599424915
2018-07-25 08:28:00,368.599424915
2018-07-25 08:29:00,376.812849159
2018-07-25 08:30:00,376.812849159
2018-07-25 08:31:00,368.599424915
2018-07-25 08:32:00,368.599424915
2018-07-25 08:33:00,368.599424915
2018-07-25 08:34:00,368.599424915
2018-07-25 08:35:00,368.599424915
2018-07-25 08:36:00,368.599424915
2018-07-25 08:37:00,368.599424915
2018-07-25 08:38:00,368.599424915
2018-07-25 08:39:00,360.386000672
2018-07-25 08:40:00,352.172576428
2018-07-25 08:41:00,352.172576428
2018-07-25 08:42:00,360.386000672
2018-07-25 08:43:00,360.386000672
2018-07-25 08:44:00,360.386000672
2018-07-25 08:45:00,360.386000672
2018-07-25 08:46:00,352.172576428
2018-07-25 08:47:00,360.386000672
2018-07-25 08:48:00,352.172576428
2018-07-25 08:49:00,368.599424915
2018-07-25 08:50:00,360.386000672
2018-07-25 08:51:00,360.386000672
2018-07-25 08:52:00,376.812849159
2018-07-25 08:53:00,368.599424915
2018-07-25 08:54:00,376.812849159
2018-07-25 08:55:00,376.812849159
2018-07-25 08:56:00,376.812849159
2018-07-25 08:57:00,360.386000672
2018-07-25 08:58:00,360.386000672
2018-07-25 08:59:00,360.386000672
2018-07-25 09:00:00,360.386000672
2018-07-25 09:01:00,368.599424915
2018-07-25 09:02:00,360.386000672
2018-07-25 09:03:00,368.599424915
2018-07-25 09:04:00,368.599424915
2018-07-25 09:05:00,368.599424915
2018-07-25 09:06:00,368.599424915
2018-07-25 09:07:00,368.599424915
2018-07-25 09:08:00,360.386000672
2018-07-25 09:09:00,360.386000672
2018-07-25 09:10:00,360.386000672
2018-07-25 09:11:00,360.386000672
2018-07-25 09:12:00,360.386000672
2018-07-25 09:13:00,360.386000672
2018-07-25 09:14:00,360.386000672
2018-07-25 09:15:00,360.386000672
2018-07-25 09:16:00,360.386000672
2018-07-25 09:17:00,360.386000672
2018-07-25 09:18:00,360.386000672
2018-07-25 09:19:00,360.386000672
2018-07-25 09:20:00,360.386000672
2018-07-25 09:21:00,368.599424915
2018-07-25 09:22:00,352.172576428
2018-07-25 09:23:00,352.172576428
2018-07-25 09:24:00,343.959152184
2018-07-25 09:25:00,343.959152184
2018-07-25 09:26:00,335.74572794
2018-07-25 09:27:00,343.959152184
2018-07-25 09:28:00,335.74572794
2018-07-25 09:29:00,335.74572794
2018-07-25 09:30:00,335.74572794
2018-07-25 09:31:00,335.74572794
2018-07-25 09:32:00,335.74572794
2018-07-25 09:33:00,335.74572794
2018-07-25 09:34:00,335.74572794
2018-07-25 09:35:00,335.74572794
2018-07-25 09:36:00,335.74572794
2018-07-25 09:37:00,335.74572794
2018-07-25 09:38:00,335.74572794
2018-07-25 09:39:00,335.74572794
2018-07-25 09:40:00,335.74572794
2018-07-25 09:41:00,335.74572794
2018-07-25 09:42:00,360.386000672
2018-07-25 09:43:00,343.959152184
2018-07-25 09:44:00,343.959152184
2018-07-25 09:45:00,352.172576428
2018-07-25 09:46:00,343.959152184
2018-07-25 09:47:00,352.172576428
2018-07-25 09:48:00,368.599424915
2018-07-25 09:49:00,368.599424915
2018-07-25 09:50:00,368.599424915
2018-07-25 09:51:00,368.599424915
2018-07-25 09:52:00,368.599424915
2018-07-25 09:53:00,368.599424915
2018-07-25 09:54:00,368.599424915
2018-07-25 09:55:00,368.599424915
2018-07-25 09:56:00,360.386000672
2018-07-25 09:57:00,360.386000672
2018-07-25 09:58:00,360.386000672
2018-07-25 09:59:00,360.386000672
2018-07-25 10:00:00,360.386000672
2018-07-25 10:01:00,360.386000672
2018-07-25 10:02:00,360.386000672
2018-07-25 10:03:00,376.812849159
2018-07-25 10:04:00,360.386000672
2018-07-25 10:05:00,360.386000672
2018-07-25 10:06:00,385.026273403
2018-07-25 10:07:00,376.812849159
2018-07-25 10:08:00,376.812849159
2018-07-25 10:09:00,368.599424915
2018-07-25 10:10:00,368.599424915
2018-07-25 10:11:00,360.386000672
2018-07-25 10:12:00,360.386000672
2018-07-25 10:13:00,360.386000672
2018-07-25 10:14:00,360.386000672
2018-07-25 10:15:00,360.386000672
2018-07-25 10:16:00,360.386000672
2018-07-25 10:17:00,360.386000672
2018-07-25 10:18:00,360.386000672
2018-07-25 10:19:00,360.386000672
2018-07-25 10:20:00,360.386000672
2018-07-25 10:21:00,360.386000672
2018-07-25 10:22:00,360.386000672
2018-07-25 10:23:00,360.386000672
2018-07-25 10:24:00,360.386000672
2018-07-25 10:25:00,360.386000672
2018-07-25 10:26:00,360.386000672
2018-07-25 10:27:00,360.386000672
2018-07-25 10:28:00,360.386000672
2018-07-25 10:29:00,360.386000672
2018-07-25 10:30:00,352.172576428
2018-07-25 10:31:00,352.172576428
2018-07-25 10:32:00,352.172576428
2018-07-25 10:33:00,352.172576428
2018-07-25 10:34:00,352.172576428
2018-07-25 10:35:00,352.172576428
2018-07-25 10:36:00,352.172576428
2018-07-25 10:37:00,352.172576428
2018-07-25 10:38:00,368.599424915
2018-07-25 10:39:00,360.386000672
2018-07-25 10:40:00,352.172576428
2018-07-25 10:41:00,360.386000672
2018-07-25 10:42:00,352.172576428
2018-07-25 10:43:00,352.172576428
2018-07-25 10:44:00,352.172576428
2018-07-25 10:45:00,343.959152184
2018-07-25 10:46:00,343.959152184
2018-07-25 10:47:00,343.959152184
2018-07-25 10:48:00,343.959152184
2018-07-25 10:49:00,335.74572794
2018-07-25 10:50:00,335.74572794
2018-07-25 10:51:00,335.74572794
2018-07-25 10:52:00,335.74572794
2018-07-25 10:53:00,327.532303697
2018-07-25 10:54:00,327.532303697
2018-07-25 10:55:00,335.74572794
2018-07-25 10:56:00,335.74572794
2018-07-25 10:57:00,335.74572794
2018-07-25 10:58:00,335.74572794
2018-07-25 10:59:00,327.532303697
2018-07-25 11:00:00,335.74572794
2018-07-25 11:01:00,335.74572794
2018-07-25 11:02:00,335.74572794
2018-07-25 11:03:00,335.74572794
2018-07-25 11:04:00,335.74572794
2018-07-25 11:05:00,335.74572794
2018-07-25 11:06:00,335.74572794
2018-07-25 11:07:00,327.532303697
2018-07-25 11:08:00,327.532303697
2018-07-25 11:09:00,327.532303697
2018-07-25 11:10:00,327.532303697
2018-07-25 11:11:00,327.532303697
2018-07-25 11:12:00,327.532303697
2018-07-25 11:13:00,327.532303697
2018-07-25 11:14:00,327.532303697
2018-07-25 11:15:00,327.532303697
2018-07-25 11:16:00,327.532303697
2018-07-25 11:17:00,327.532303697
2018-07-25 11:18:00,327.532303697
2018-07-25 11:19:00,327.532303697
2018-07-25 11:20:00,327.532303697
2018-07-25 11:21:00,327.532303697
2018-07-25 11:22:00,327.532303697
2018-07-25 11:23:00,327.532303697
2018-07-25 11:24:00,327.532303697
2018-07-25 11:25:00,327.532303697
2018-07-25 11:26:00,327.532303697
2018-07-25 11:27:00,327.532303697
2018-07-25 11:28:00,327.532303697
2018-07-25 11:29:00,327.532303697
2018-07-25 11:30:00,327.532303697
2018-07-25 11:31:00,335.74572794
2018-07-25 11:32:00,335.74572794
2018-07-25 11:33:00,335.74572794
2018-07-25 11:34:00,335.74572794
2018-07-25 11:35:00,327.532303697
2018-07-25 11:36:00,327.532303697
2018-07-25 11:37:00,327.532303697
2018-07-25 11:38:00,327.532303697
2018-07-25 11:39:00,327.532303697
2018-07-25 11:40:00,327.532303697
2018-07-25 11:41:00,327.532303697
2018-07-25 11:42:00,327.532303697
2018-07-25 11:43:00,327.532303697
2018-07-25 11:44:00,327.532303697
2018-07-25 11:45:00,327.532303697
2018-07-25 11:46:00,327.532303697
2018-07-25 11:47:00,327.532303697
2018-07-25 11:48:00,319.318879453
2018-07-25 11:49:00,319.318879453
2018-07-25 11:50:00,319.318879453
2018-07-25 11:51:00,319.318879453
2018-07-25 11:52:00,319.318879453
2018-07-25 11:53:00,319.318879453
2018-07-25 11:54:00,319.318879453
2018-07-25 11:55:00,311.105455209
2018-07-25 11:56:00,311.105455209
2018-07-25 11:57:00,311.105455209
2018-07-25 11:58:00,311.105455209
2018-07-25 11:59:00,311.105455209
2018-07-26 01:29:00,261.824252673
2018-07-26 01:30:00,261.824252673
2018-07-26 01:31:00,228.970555698
2018-07-26 01:32:00,228.970555698
2018-07-26 01:33:00,228.970555698
2018-07-26 01:34:00,228.970555698
2018-07-26 01:35:00,228.970555698
2018-07-26 01:36:00,228.970555698
2018-07-26 01:37:00,228.970555698
2018-07-26 01:38:00,228.970555698
2018-07-26 01:39:00,212.54370721
2018-07-26 01:40:00,220.757131454
2018-07-26 01:41:00,220.757131454
2018-07-26 01:42:00,212.54370721
2018-07-26 01:43:00,212.54370721
2018-07-26 01:44:00,212.54370721
2018-07-26 01:45:00,212.54370721
2018-07-26 01:46:00,220.757131454
2018-07-26 01:47:00,220.757131454
2018-07-26 01:48:00,228.970555698
2018-07-26 01:49:00,228.970555698
2018-07-26 01:50:00,228.970555698
2018-07-26 01:51:00,228.970555698
2018-07-26 01:52:00,204.330282966
2018-07-26 01:53:00,212.54370721
2018-07-26 01:54:00,212.54370721
2018-07-26 01:55:00,212.54370721
2018-07-26 01:56:00,204.330282966
2018-07-26 01:57:00,204.330282966
2018-07-26 01:58:00,204.330282966
2018-07-26 01:59:00,212.54370721
2018-07-26 02:00:00,204.330282966
2018-07-26 02:01:00,196.116858723
2018-07-26 02:02:00,196.116858723
2018-07-26 02:03:00,196.116858723
2018-07-26 02:04:00,196.116858723
2018-07-26 02:05:00,196.116858723
2018-07-26 02:06:00,196.116858723
2018-07-26 02:07:00,204.330282966
2018-07-26 02:08:00,204.330282966
2018-07-26 02:09:00,204.330282966
2018-07-26 02:10:00,212.54370721
2018-07-26 02:11:00,237.183979941
2018-07-26 02:12:00,204.330282966
2018-07-26 02:13:00,204.330282966
2018-07-26 02:14:00,220.757131454
2018-07-26 02:15:00,228.970555698
2018-07-26 02:16:00,220.757131454
2018-07-26 02:17:00,220.757131454
2018-07-26 02:18:00,220.757131454
2018-07-26 02:19:00,228.970555698
2018-07-26 02:20:00,228.970555698
2018-07-26 02:21:00,220.757131454
2018-07-26 02:22:00,220.757131454
2018-07-26 02:23:00,220.757131454
2018-07-26 02:24:00,220.757131454
2018-07-26 02:25:00,220.757131454
2018-07-26 02:26:00,220.757131454
2018-07-26 02:27:00,220.757131454
2018-07-26 02:28:00,220.757131454
2018-07-26 02:29:00,270.037676916
2018-07-26 02:30:00,286.464525404
2018-07-26 02:31:00,278.25110116
2018-07-26 02:32:00,286.464525404
2018-07-26 02:33:00,302.891373891
2018-07-26 02:34:00,302.891373891
2018-07-26 02:35:00,302.891373891
2018-07-26 02:36:00,286.464525404
2018-07-26 02:37:00,286.464525404
2018-07-26 02:38:00,286.464525404
2018-07-26 02:39:00,286.464525404
2018-07-26 02:40:00,286.464525404
2018-07-26 02:41:00,302.891373891
2018-07-26 02:42:00,302.891373891
2018-07-26 02:43:00,302.891373891
2018-07-26 02:44:00,302.891373891
2018-07-26 02:45:00,302.891373891
2018-07-26 02:46:00,311.104798135
2018-07-26 02:47:00,311.104798135
2018-07-26 02:48:00,311.104798135
2018-07-26 02:49:00,302.891373891
2018-07-26 02:50:00,302.891373891
2018-07-26 02:51:00,302.891373891
2018-07-26 02:52:00,302.891373891
2018-07-26 02:53:00,302.891373891
2018-07-26 02:54:00,302.891373891
2018-07-26 02:55:00,294.677949648
2018-07-26 02:56:00,294.677949648
2018-07-26 02:57:00,286.464525404
2018-07-26 02:58:00,278.25110116
2018-07-26 02:59:00,278.25110116
2018-07-26 03:00:00,286.464525404
2018-07-26 03:01:00,286.464525404
2018-07-26 03:02:00,294.677949648
2018-07-26 03:03:00,286.464525404
2018-07-26 03:04:00,286.464525404
2018-07-26 03:05:00,302.891373891
2018-07-26 03:06:00,302.891373891
2018-07-26 03:07:00,302.891373891
2018-07-26 03:08:00,286.464525404
2018-07-26 03:09:00,286.464525404
2018-07-26 03:10:00,286.464525404
2018-07-26 03:11:00,286.464525404
2018-07-26 03:12:00,286.464525404
2018-07-26 03:13:00,286.464525404
2018-07-26 03:14:00,286.464525404
2018-07-26 03:15:00,286.464525404
2018-07-26 03:16:00,286.464525404
2018-07-26 03:17:00,286.464525404
2018-07-26 03:18:00,286.464525404
2018-07-26 03:19:00,302.891373891
2018-07-26 03:20:00,302.891373891
2018-07-26 03:21:00,302.891373891
2018-07-26 03:22:00,302.891373891
2018-07-26 03:23:00,302.891373891
2018-07-26 03:24:00,302.891373891
2018-07-26 03:25:00,302.891373891
2018-07-26 03:26:00,294.677949648
2018-07-26 03:27:00,286.464525404
2018-07-26 03:28:00,286.464525404
2018-07-26 03:29:00,286.464525404
2018-07-26 03:30:00,286.464525404
2018-07-26 03:31:00,286.464525404
2018-07-26 03:32:00,286.464525404
2018-07-26 03:33:00,286.464525404
2018-07-26 03:34:00,286.464525404
2018-07-26 03:35:00,286.464525404
2018-07-26 03:36:00,286.464525404
2018-07-26 03:37:00,286.464525404
2018-07-26 03:38:00,286.464525404
2018-07-26 03:39:00,286.464525404
2018-07-26 03:40:00,286.464525404
2018-07-26 03:41:00,270.037676916
2018-07-26 03:42:00,270.037676916
2018-07-26 03:43:00,270.037676916
2018-07-26 03:44:00,270.037676916
2018-07-26 03:45:00,270.037676916
2018-07-26 03:46:00,261.824252673
2018-07-26 03:47:00,261.824252673
2018-07-26 03:48:00,261.824252673
2018-07-26 03:49:00,270.037676916
2018-07-26 03:50:00,261.824252673
2018-07-26 03:51:00,270.037676916
2018-07-26 03:52:00,261.824252673
2018-07-26 03:53:00,270.037676916
2018-07-26 03:54:00,261.824252673
2018-07-26 03:55:00,261.824252673
2018-07-26 03:56:00,261.824252673
2018-07-26 03:57:00,261.824252673
2018-07-26 03:58:00,261.824252673
2018-07-26 03:59:00,270.037676916
2018-07-26 04:00:00,270.037676916
2018-07-26 04:01:00,261.824252673
2018-07-26 04:02:00,261.824252673
2018-07-26 04:03:00,261.824252673
2018-07-26 04:04:00,261.824252673
2018-07-26 04:05:00,261.824252673
2018-07-26 04:06:00,261.824252673
2018-07-26 04:07:00,261.824252673
2018-07-26 04:08:00,261.824252673
2018-07-26 04:09:00,261.824252673
2018-07-26 04:10:00,261.824252673
2018-07-26 04:11:00,261.824252673
2018-07-26 04:12:00,261.824252673
2018-07-26 04:13:00,261.824252673
2018-07-26 04:14:00,261.824252673
2018-07-26 04:15:00,270.037676916
2018-07-26 04:16:00,261.824252673
2018-07-26 04:17:00,261.824252673
2018-07-26 04:18:00,261.824252673
2018-07-26 04:19:00,261.824252673
2018-07-26 04:20:00,261.824252673
2018-07-26 04:21:00,270.037676916
2018-07-26 04:22:00,261.824252673
2018-07-26 04:23:00,261.824252673
2018-07-26 04:24:00,261.824252673
2018-07-26 04:25:00,261.824252673
2018-07-26 04:26:00,261.824252673
2018-07-26 04:27:00,261.824252673
2018-07-26 04:28:00,261.824252673
2018-07-26 04:29:00,261.824252673
2018-07-26 04:30:00,261.824252673
2018-07-26 04:31:00,261.824252673
2018-07-26 04:32:00,261.824252673
2018-07-26 04:33:00,261.824252673
2018-07-26 04:34:00,253.610828429
2018-07-26 04:35:00,253.610828429
2018-07-26 04:36:00,261.824252673
2018-07-26 04:37:00,261.824252673
2018-07-26 04:38:00,261.824252673
2018-07-26 04:39:00,261.824252673
2018-07-26 04:40:00,261.824252673
2018-07-26 04:41:00,261.824252673
2018-07-26 04:42:00,261.824252673
2018-07-26 04:43:00,261.824252673
2018-07-26 04:44:00,245.397404185
2018-07-26 04:45:00,245.397404185
2018-07-26 04:46:00,245.397404185
2018-07-26 04:47:00,237.183979941
2018-07-26 04:48:00,237.183979941
2018-07-26 04:49:00,237.183979941
2018-07-26 04:50:00,228.970555698
2018-07-26 04:51:00,245.397404185
2018-07-26 04:52:00,245.397404185
2018-07-26 04:53:00,261.824252673
2018-07-26 04:54:00,261.824252673
2018-07-26 04:55:00,261.824252673
2018-07-26 04:56:00,261.824252673
2018-07-26 04:57:00,270.037676916
2018-07-26 04:58:00,270.037676916
2018-07-26 04:59:00,270.037676916
2018-07-26 05:00:00,270.037676916
2018-07-26 05:01:00,253.610828429
2018-07-26 05:02:00,253.610828429
2018-07-26 05:03:00,253.610828429
2018-07-26 05:04:00,253.610828429
2018-07-26 05:05:00,253.610828429
2018-07-26 05:06:00,253.610828429
2018-07-26 05:07:00,253.610828429
2018-07-26 05:08:00,245.397404185
2018-07-26 05:09:00,245.397404185
2018-07-26 05:10:00,237.183979941
2018-07-26 05:11:00,237.183979941
2018-07-26 05:12:00,237.183979941
2018-07-26 05:13:00,237.183979941
2018-07-26 05:14:00,237.183979941
2018-07-26 05:15:00,237.183979941
2018-07-26 05:16:00,237.183979941
2018-07-26 05:17:00,237.183979941
2018-07-26 05:18:00,237.183979941
2018-07-26 05:19:00,237.183979941
2018-07-26 05:20:00,237.183979941
2018-07-26 05:21:00,237.183979941
2018-07-26 05:22:00,237.183979941
2018-07-26 05:23:00,237.183979941
2018-07-26 05:24:00,237.183979941
2018-07-26 05:25:00,237.183979941
2018-07-26 05:26:00,237.183979941
2018-07-26 05:27:00,237.183979941
2018-07-26 05:28:00,237.183979941
2018-07-26 05:29:00,237.183979941
2018-07-26 05:30:00,237.183979941
2018-07-26 05:31:00,237.183979941
2018-07-26 05:32:00,237.183979941
2018-07-26 05:33:00,237.183979941
2018-07-26 05:34:00,237.183979941
2018-07-26 05:35:00,237.183979941
2018-07-26 05:36:00,237.183979941
2018-07-26 05:37:00,237.183979941
2018-07-26 05:38:00,237.183979941
2018-07-26 05:39:00,237.183979941
2018-07-26 05:40:00,237.183979941
2018-07-26 05:41:00,253.610828429
2018-07-26 05:42:00,253.610828429
2018-07-26 05:43:00,253.610828429
2018-07-26 05:44:00,253.610828429
2018-07-26 05:45:00,253.610828429
2018-07-26 05:46:00,253.610828429
2018-07-26 05:47:00,253.610828429
2018-07-26 05:48:00,261.824252673
2018-07-26 05:49:00,261.824252673
2018-07-26 05:50:00,253.610828429
2018-07-26 05:51:00,253.610828429
2018-07-26 05:52:00,253.610828429
2018-07-26 05:53:00,270.037676916
2018-07-26 05:54:00,270.037676916
2018-07-26 05:55:00,270.037676916
2018-07-26 05:56:00,270.037676916
2018-07-26 05:57:00,270.037676916
2018-07-26 05:58:00,270.037676916
2018-07-26 05:59:00,270.037676916
2018-07-26 06:00:00,270.037676916
2018-07-26 06:01:00,270.037676916
2018-07-26 06:02:00,270.037676916
2018-07-26 06:03:00,270.037676916
2018-07-26 06:04:00,270.037676916
2018-07-26 06:05:00,270.037676916
2018-07-26 06:06:00,270.037676916
2018-07-26 06:07:00,270.037676916
2018-07-26 06:08:00,270.037676916
2018-07-26 06:09:00,270.037676916
2018-07-26 06:10:00,270.037676916
2018-07-26 06:11:00,270.037676916
2018-07-26 06:12:00,270.037676916
2018-07-26 06:13:00,270.037676916
2018-07-26 06:14:00,278.25110116
2018-07-26 06:15:00,278.25110116
2018-07-26 06:16:00,278.25110116
2018-07-26 06:17:00,278.25110116
2018-07-26 06:18:00,278.25110116
2018-07-26 06:19:00,278.25110116
2018-07-26 06:20:00,278.25110116
2018-07-26 06:21:00,278.25110116
2018-07-26 06:22:00,278.25110116
2018-07-26 06:23:00,278.25110116
2018-07-26 06:24:00,278.25110116
2018-07-26 06:25:00,278.25110116
2018-07-26 06:26:00,278.25110116
2018-07-26 06:27:00,278.25110116
2018-07-26 06:28:00,278.25110116
2018-07-26 06:29:00,302.891373891
2018-07-26 06:30:00,294.677949648
2018-07-26 06:31:00,278.25110116
2018-07-26 06:32:00,278.25110116
2018-07-26 06:33:00,286.464525404
2018-07-26 06:34:00,286.464525404
2018-07-26 06:35:00,286.464525404
2018-07-26 06:36:00,286.464525404
2018-07-26 06:37:00,286.464525404
2018-07-26 06:38:00,286.464525404
2018-07-26 06:39:00,294.677949648
2018-07-26 06:40:00,294.677949648
2018-07-26 06:41:00,294.677949648
2018-07-26 06:42:00,294.677949648
2018-07-26 06:43:00,311.104798135
2018-07-26 06:44:00,311.104798135
2018-07-26 06:45:00,311.104798135
2018-07-26 06:46:00,278.25110116
2018-07-26 06:47:00,278.25110116
2018-07-26 06:48:00,286.464525404
2018-07-26 06:49:00,278.25110116
2018-07-26 06:50:00,278.25110116
2018-07-26 06:51:00,278.25110116
2018-07-26 06:52:00,278.25110116
2018-07-26 06:53:00,294.677949648
2018-07-26 06:54:00,319.318222379
2018-07-26 06:55:00,319.318222379
2018-07-26 06:56:00,302.891373891
2018-07-26 06:57:00,319.318222379
2018-07-26 06:58:00,311.104798135
2018-07-26 06:59:00,311.104798135
2018-07-26 07:00:00,311.104798135
2018-07-26 07:01:00,311.104798135
2018-07-26 07:02:00,311.104798135
2018-07-26 07:03:00,311.104798135
2018-07-26 07:04:00,311.104798135
2018-07-26 07:05:00,302.891373891
2018-07-26 07:06:00,286.464525404
2018-07-26 07:07:00,294.677949648
2018-07-26 07:08:00,302.891373891
2018-07-26 07:09:00,302.891373891
2018-07-26 07:10:00,286.464525404
2018-07-26 07:11:00,286.464525404
2018-07-26 07:12:00,286.464525404
2018-07-26 07:13:00,286.464525404
2018-07-26 07:14:00,286.464525404
2018-07-26 07:15:00,286.464525404
2018-07-26 07:16:00,286.464525404
2018-07-26 07:17:00,286.464525404
2018-07-26 07:18:00,286.464525404
2018-07-26 07:19:00,286.464525404
2018-07-26 07:20:00,286.464525404
2018-07-26 07:21:00,286.464525404
2018-07-26 07:22:00,286.464525404
2018-07-26 07:23:00,286.464525404
2018-07-26 07:24:00,286.464525404
2018-07-26 07:25:00,286.464525404
2018-07-26 07:26:00,286.464525404
2018-07-26 07:27:00,286.464525404
2018-07-26 07:28:00,286.464525404
2018-07-26 07:29:00,286.464525404
2018-07-26 07:30:00,270.037676916
2018-07-26 07:31:00,270.037676916
2018-07-26 07:32:00,253.610828429
2018-07-26 07:33:00,253.610828429
2018-07-26 07:34:00,253.610828429
2018-07-26 07:35:00,245.397404185
2018-07-26 07:36:00,228.970555698
2018-07-26 07:37:00,228.970555698
2018-07-26 07:38:00,228.970555698
2018-07-26 07:39:00,228.970555698
2018-07-26 07:40:00,228.970555698
2018-07-26 07:41:00,245.397404185
2018-07-26 07:42:00,237.183979941
2018-07-26 07:43:00,245.397404185
2018-07-26 07:44:00,245.397404185
2018-07-26 07:45:00,245.397404185
2018-07-26 07:46:00,245.397404185
2018-07-26 07:47:00,245.397404185
2018-07-26 07:48:00,286.464525404
2018-07-26 07:49:00,278.25110116
2018-07-26 07:50:00,278.25110116
2018-07-26 07:51:00,278.25110116
2018-07-26 07:52:00,278.25110116
2018-07-26 07:53:00,311.104798135
2018-07-26 07:54:00,327.531646623
2018-07-26 07:55:00,327.531646623
2018-07-26 07:56:00,327.531646623
2018-07-26 07:57:00,327.531646623
2018-07-26 07:58:00,327.531646623
2018-07-26 07:59:00,327.531646623
2018-07-26 08:00:00,327.531646623
2018-07-26 08:01:00,327.531646623
2018-07-26 08:02:00,319.318222379
2018-07-26 08:03:00,319.318222379
2018-07-26 08:04:00,319.318222379
2018-07-26 08:05:00,319.318222379
2018-07-26 08:06:00,319.318222379
2018-07-26 08:07:00,311.104798135
2018-07-26 08:08:00,311.104798135
2018-07-26 08:09:00,311.104798135
2018-07-26 08:10:00,311.104798135
2018-07-26 08:11:00,311.104798135
2018-07-26 08:12:00,311.104798135
2018-07-26 08:13:00,311.104798135
2018-07-26 08:14:00,327.531646623
2018-07-26 08:15:00,327.531646623
2018-07-26 08:16:00,327.531646623
2018-07-26 08:17:00,319.318222379
2018-07-26 08:18:00,319.318222379
2018-07-26 08:19:00,319.318222379
2018-07-26 08:20:00,319.318222379
2018-07-26 08:21:00,319.318222379
2018-07-26 08:22:00,319.318222379
2018-07-26 08:23:00,319.318222379
2018-07-26 08:24:00,286.464525404
2018-07-26 08:25:00,286.464525404
2018-07-26 08:26:00,294.677949648
2018-07-26 08:27:00,302.891373891
2018-07-26 08:28:00,302.891373891
2018-07-26 08:29:00,302.891373891
2018-07-26 08:30:00,302.891373891
2018-07-26 08:31:00,302.891373891
2018-07-26 08:32:00,302.891373891
2018-07-26 08:33:00,302.891373891
2018-07-26 08:34:00,302.891373891
2018-07-26 08:35:00,302.891373891
2018-07-26 08:36:00,302.891373891
2018-07-26 08:37:00,286.464525404
2018-07-26 08:38:00,286.464525404
2018-07-26 08:39:00,278.25110116
2018-07-26 08:40:00,270.037676916
2018-07-26 08:41:00,270.037676916
2018-07-26 08:42:00,270.037676916
2018-07-26 08:43:00,286.464525404
2018-07-26 08:44:00,278.25110116
2018-07-26 08:45:00,278.25110116
2018-07-26 08:46:00,286.464525404
2018-07-26 08:47:00,278.25110116
2018-07-26 08:48:00,286.464525404
2018-07-26 08:49:00,278.25110116
2018-07-26 08:50:00,278.25110116
2018-07-26 08:51:00,286.464525404
2018-07-26 08:52:00,286.464525404
2018-07-26 08:53:00,286.464525404
2018-07-26 08:54:00,286.464525404
2018-07-26 08:55:00,286.464525404
2018-07-26 08:56:00,286.464525404
2018-07-26 08:57:00,286.464525404
2018-07-26 08:58:00,270.037676916
2018-07-26 08:59:00,270.037676916
2018-07-26 09:00:00,270.037676916
2018-07-26 09:01:00,278.25110116
2018-07-26 09:02:00,286.464525404
2018-07-26 09:03:00,270.037676916
2018-07-26 09:04:00,270.037676916
2018-07-26 09:05:00,270.037676916
2018-07-26 09:06:00,278.25110116
2018-07-26 09:07:00,286.464525404
2018-07-26 09:08:00,286.464525404
2018-07-26 09:09:00,286.464525404
2018-07-26 09:10:00,270.037676916
2018-07-26 09:11:00,270.037676916
2018-07-26 09:12:00,270.037676916
2018-07-26 09:13:00,270.037676916
2018-07-26 09:14:00,278.25110116
2018-07-26 09:15:00,278.25110116
2018-07-26 09:16:00,278.25110116
2018-07-26 09:17:00,278.25110116
2018-07-26 09:18:00,278.25110116
2018-07-26 09:19:00,286.464525404
2018-07-26 09:20:00,286.464525404
2018-07-26 09:21:00,286.464525404
2018-07-26 09:22:00,286.464525404
2018-07-26 09:23:00,286.464525404
2018-07-26 09:24:00,302.891373891
2018-07-26 09:25:00,302.891373891
2018-07-26 09:26:00,302.891373891
2018-07-26 09:27:00,302.891373891
2018-07-26 09:28:00,286.464525404
2018-07-26 09:29:00,286.464525404
2018-07-26 09:30:00,302.891373891
2018-07-26 09:31:00,302.891373891
2018-07-26 09:32:00,302.891373891
2018-07-26 09:33:00,302.891373891
2018-07-26 09:34:00,286.464525404
2018-07-26 09:35:00,294.677949648
2018-07-26 09:36:00,286.464525404
2018-07-26 09:37:00,286.464525404
2018-07-26 09:38:00,286.464525404
2018-07-26 09:39:00,286.464525404
2018-07-26 09:40:00,286.464525404
2018-07-26 09:41:00,286.464525404
2018-07-26 09:42:00,286.464525404
2018-07-26 09:43:00,278.25110116
2018-07-26 09:44:00,278.25110116
2018-07-26 09:45:00,278.25110116
2018-07-26 09:46:00,286.464525404
2018-07-26 09:47:00,286.464525404
2018-07-26 09:48:00,286.464525404
2018-07-26 09:49:00,286.464525404
2018-07-26 09:50:00,278.25110116
2018-07-26 09:51:00,270.037676916
2018-07-26 09:52:00,270.037676916
2018-07-26 09:53:00,270.037676916
2018-07-26 09:54:00,270.037676916
2018-07-26 09:55:00,253.610828429
2018-07-26 09:56:00,253.610828429
2018-07-26 09:57:00,261.824252673
2018-07-26 09:58:00,253.610828429
2018-07-26 09:59:00,253.610828429
2018-07-26 10:00:00,245.397404185
2018-07-26 10:01:00,245.397404185
2018-07-26 10:02:00,237.183979941
2018-07-26 10:03:00,245.397404185
2018-07-26 10:04:00,253.610828429
2018-07-26 10:05:00,253.610828429
2018-07-26 10:06:00,253.610828429
2018-07-26 10:07:00,253.610828429
2018-07-26 10:08:00,253.610828429
2018-07-26 10:09:00,253.610828429
2018-07-26 10:10:00,253.610828429
2018-07-26 10:11:00,237.183979941
2018-07-26 10:12:00,237.183979941
2018-07-26 10:13:00,237.183979941
2018-07-26 10:14:00,253.610828429
2018-07-26 10:15:00,261.824252673
2018-07-26 10:16:00,253.610828429
2018-07-26 10:17:00,253.610828429
2018-07-26 10:18:00,253.610828429
2018-07-26 10:19:00,253.610828429
2018-07-26 10:20:00,253.610828429
2018-07-26 10:21:00,253.610828429
2018-07-26 10:22:00,253.610828429
2018-07-26 10:23:00,253.610828429
2018-07-26 10:24:00,237.183979941
2018-07-26 10:25:00,237.183979941
2018-07-26 10:26:00,237.183979941
2018-07-26 10:27:00,237.183979941
2018-07-26 10:28:00,228.970555698
2018-07-26 10:29:00,228.970555698
2018-07-26 10:30:00,220.757131454
2018-07-26 10:31:00,220.757131454
2018-07-26 10:32:00,228.970555698
2018-07-26 10:33:00,228.970555698
2018-07-26 10:34:00,220.757131454
2018-07-26 10:35:00,220.757131454
2018-07-26 10:36:00,220.757131454
2018-07-26 10:37:00,228.970555698
2018-07-26 10:38:00,228.970555698
2018-07-26 10:39:00,237.183979941
2018-07-26 10:40:00,237.183979941
2018-07-26 10:41:00,228.970555698
2018-07-26 10:42:00,237.183979941
2018-07-26 10:43:00,237.183979941
2018-07-26 10:44:00,237.183979941
2018-07-26 10:45:00,253.610828429
2018-07-26 10:46:00,253.610828429
2018-07-26 10:47:00,270.037676916
2018-07-26 10:48:00,261.824252673
2018-07-26 10:49:00,261.824252673
2018-07-26 10:50:00,253.610828429
2018-07-26 10:51:00,237.183979941
2018-07-26 10:52:00,245.397404185
2018-07-26 10:53:00,237.183979941
2018-07-26 10:54:00,237.183979941
2018-07-26 10:55:00,237.183979941
2018-07-26 10:56:00,245.397404185
2018-07-26 10:57:00,245.397404185
2018-07-26 10:58:00,228.970555698
2018-07-26 10:59:00,237.183979941
2018-07-26 11:00:00,237.183979941
2018-07-26 11:01:00,237.183979941
2018-07-26 11:02:00,237.183979941
2018-07-26 11:03:00,237.183979941
2018-07-26 11:04:00,237.183979941
2018-07-26 11:05:00,253.610828429
2018-07-26 11:06:00,245.397404185
2018-07-26 11:07:00,261.824252673
2018-07-26 11:08:00,245.397404185
2018-07-26 11:09:00,245.397404185
2018-07-26 11:10:00,245.397404185
2018-07-26 11:11:00,245.397404185
2018-07-26 11:12:00,237.183979941
2018-07-26 11:13:00,237.183979941
2018-07-26 11:14:00,237.183979941
2018-07-26 11:15:00,237.183979941
2018-07-26 11:16:00,237.183979941
2018-07-26 11:17:00,237.183979941
2018-07-26 11:18:00,237.183979941
2018-07-26 11:19:00,237.183979941
2018-07-26 11:20:00,237.183979941
2018-07-26 11:21:00,237.183979941
2018-07-26 11:22:00,237.183979941
2018-07-26 11:23:00,237.183979941
2018-07-26 11:24:00,237.183979941
2018-07-26 11:25:00,237.183979941
2018-07-26 11:26:00,237.183979941
2018-07-26 11:27:00,237.183979941
2018-07-26 11:28:00,237.183979941
2018-07-26 11:29:00,237.183979941
2018-07-26 11:30:00,237.183979941
2018-07-26 11:31:00,253.610828429
2018-07-26 11:32:00,253.610828429
2018-07-26 11:33:00,253.610828429
2018-07-26 11:34:00,237.183979941
2018-07-26 11:35:00,261.824252673
2018-07-26 11:36:00,261.824252673
2018-07-26 11:37:00,261.824252673
2018-07-26 11:38:00,253.610828429
2018-07-26 11:39:00,237.183979941
2018-07-26 11:40:00,237.183979941
2018-07-26 11:41:00,237.183979941
2018-07-26 11:42:00,237.183979941
2018-07-26 11:43:00,237.183979941
2018-07-26 11:44:00,253.610828429
2018-07-26 11:45:00,253.610828429
2018-07-26 11:46:00,245.397404185
2018-07-26 11:47:00,228.970555698
2018-07-26 11:48:00,237.183979941
2018-07-26 11:49:00,237.183979941
2018-07-26 11:50:00,237.183979941
2018-07-26 11:51:00,237.183979941
2018-07-26 11:52:00,245.397404185
2018-07-26 11:53:00,245.397404185
2018-07-26 11:54:00,245.397404185
2018-07-26 11:55:00,245.397404185
2018-07-26 11:56:00,245.397404185
2018-07-26 11:57:00,237.183979941
2018-07-26 11:58:00,237.183979941
2018-07-26 11:59:00,253.610828429
2018-07-27 01:29:00,138.622889016
2018-07-27 01:30:00,138.622889016
2018-07-27 01:31:00,138.622889016
2018-07-27 01:32:00,138.622889016
2018-07-27 01:33:00,138.622889016
2018-07-27 01:34:00,261.824252673
2018-07-27 01:35:00,261.824252673
2018-07-27 01:36:00,261.824252673
2018-07-27 01:37:00,261.824252673
2018-07-27 01:38:00,261.824252673
2018-07-27 01:39:00,261.824252673
2018-07-27 01:40:00,261.824252673
2018-07-27 01:41:00,261.824252673
2018-07-27 01:42:00,261.824252673
2018-07-27 01:43:00,261.824252673
2018-07-27 01:44:00,261.824252673
2018-07-27 01:45:00,261.824252673
2018-07-27 01:46:00,261.824252673
2018-07-27 01:47:00,261.824252673
2018-07-27 01:48:00,261.824252673
2018-07-27 01:49:00,261.824252673
2018-07-27 01:50:00,261.824252673
2018-07-27 01:51:00,261.824252673
2018-07-27 01:52:00,261.824252673
2018-07-27 01:53:00,261.824252673
2018-07-27 01:54:00,261.824252673
2018-07-27 01:55:00,261.824252673
2018-07-27 01:56:00,261.824252673
2018-07-27 01:57:00,261.824252673
2018-07-27 01:58:00,261.824252673
2018-07-27 01:59:00,261.824252673
2018-07-27 02:00:00,245.397404185
2018-07-27 02:01:00,228.970555698
2018-07-27 02:02:00,237.183979941
2018-07-27 02:03:00,237.183979941
2018-07-27 02:04:00,237.183979941
2018-07-27 02:05:00,253.610828429
2018-07-27 02:06:00,253.610828429
2018-07-27 02:07:00,261.824252673
2018-07-27 02:08:00,253.610828429
2018-07-27 02:09:00,237.183979941
2018-07-27 02:10:00,237.183979941
2018-07-27 02:11:00,237.183979941
2018-07-27 02:12:00,237.183979941
2018-07-27 02:13:00,237.183979941
2018-07-27 02:14:00,237.183979941
2018-07-27 02:15:00,237.183979941
2018-07-27 02:16:00,237.183979941
2018-07-27 02:17:00,237.183979941
2018-07-27 02:18:00,220.757131454
2018-07-27 02:19:00,220.757131454
2018-07-27 02:20:00,220.757131454
2018-07-27 02:21:00,228.970555698
2018-07-27 02:22:00,228.970555698
2018-07-27 02:23:00,220.757131454
2018-07-27 02:24:00,220.757131454
2018-07-27 02:25:00,228.970555698
2018-07-27 02:26:00,228.970555698
2018-07-27 02:27:00,228.970555698
2018-07-27 02:28:00,228.970555698
2018-07-27 02:29:00,228.970555698
2018-07-27 02:30:00,228.970555698
2018-07-27 02:31:00,220.757131454
2018-07-27 02:32:00,220.757131454
2018-07-27 02:33:00,220.757131454
2018-07-27 02:34:00,220.757131454
2018-07-27 02:35:00,228.970555698
2018-07-27 02:36:00,237.183979941
2018-07-27 02:37:00,237.183979941
2018-07-27 02:38:00,237.183979941
2018-07-27 02:39:00,237.183979941
2018-07-27 02:40:00,220.757131454
2018-07-27 02:41:00,237.183979941
2018-07-27 02:42:00,237.183979941
2018-07-27 02:43:00,237.183979941
2018-07-27 02:44:00,237.183979941
2018-07-27 02:45:00,237.183979941
2018-07-27 02:46:00,228.970555698
2018-07-27 02:47:00,228.970555698
2018-07-27 02:48:00,237.183979941
2018-07-27 02:49:00,237.183979941
2018-07-27 02:50:00,237.183979941
2018-07-27 02:51:00,237.183979941
2018-07-27 02:52:00,228.970555698
2018-07-27 02:53:00,220.757131454
2018-07-27 02:54:00,228.970555698
2018-07-27 02:55:00,220.757131454
2018-07-27 02:56:00,220.757131454
2018-07-27 02:57:00,220.757131454
2018-07-27 02:58:00,220.757131454
2018-07-27 02:59:00,220.757131454
2018-07-27 03:00:00,220.757131454
2018-07-27 03:01:00,220.757131454
2018-07-27 03:02:00,220.757131454
2018-07-27 03:03:00,220.757131454
2018-07-27 03:04:00,220.757131454
2018-07-27 03:05:00,220.757131454
2018-07-27 03:06:00,220.757131454
2018-07-27 03:07:00,220.757131454
2018-07-27 03:08:00,220.757131454
2018-07-27 03:09:00,220.757131454
2018-07-27 03:10:00,220.757131454
2018-07-27 03:11:00,212.54370721
2018-07-27 03:12:00,212.54370721
2018-07-27 03:13:00,212.54370721
2018-07-27 03:14:00,212.54370721
2018-07-27 03:15:00,212.54370721
2018-07-27 03:16:00,212.54370721
2018-07-27 03:17:00,212.54370721
2018-07-27 03:18:00,212.54370721
2018-07-27 03:19:00,212.54370721
2018-07-27 03:20:00,212.54370721
2018-07-27 03:21:00,220.757131454
2018-07-27 03:22:00,220.757131454
2018-07-27 03:23:00,220.757131454
2018-07-27 03:24:00,220.757131454
2018-07-27 03:25:00,237.183979941
2018-07-27 03:26:00,220.757131454
2018-07-27 03:27:00,220.757131454
2018-07-27 03:28:00,220.757131454
2018-07-27 03:29:00,220.757131454
2018-07-27 03:30:00,220.757131454
2018-07-27 03:31:00,220.757131454
2018-07-27 03:32:00,220.757131454
2018-07-27 03:33:00,220.757131454
2018-07-27 03:34:00,220.757131454
2018-07-27 03:35:00,212.54370721
2018-07-27 03:36:00,220.757131454
2018-07-27 03:37:00,212.54370721
2018-07-27 03:38:00,220.757131454
2018-07-27 03:39:00,220.757131454
2018-07-27 03:40:00,204.330282966
2018-07-27 03:41:00,212.54370721
2018-07-27 03:42:00,212.54370721
2018-07-27 03:43:00,204.330282966
2018-07-27 03:44:00,204.330282966
2018-07-27 03:45:00,204.330282966
2018-07-27 03:46:00,204.330282966
2018-07-27 03:47:00,204.330282966
2018-07-27 03:48:00,204.330282966
2018-07-27 03:49:00,196.116858723
2018-07-27 03:50:00,187.903434479
2018-07-27 03:51:00,187.903434479
2018-07-27 03:52:00,179.690010235
2018-07-27 03:53:00,179.690010235
2018-07-27 03:54:00,179.690010235
2018-07-27 03:55:00,187.903434479
2018-07-27 03:56:00,187.903434479
2018-07-27 03:57:00,187.903434479
2018-07-27 03:58:00,187.903434479
2018-07-27 03:59:00,196.116858723
2018-07-27 04:00:00,196.116858723
2018-07-27 04:01:00,196.116858723
2018-07-27 04:02:00,204.330282966
2018-07-27 04:03:00,187.903434479
2018-07-27 04:04:00,187.903434479
2018-07-27 04:05:00,187.903434479
2018-07-27 04:06:00,187.903434479
2018-07-27 04:07:00,196.116858723
2018-07-27 04:08:00,196.116858723
2018-07-27 04:09:00,196.116858723
2018-07-27 04:10:00,196.116858723
2018-07-27 04:11:00,196.116858723
2018-07-27 04:12:00,196.116858723
2018-07-27 04:13:00,196.116858723
2018-07-27 04:14:00,212.54370721
2018-07-27 04:15:00,204.330282966
2018-07-27 04:16:00,220.757131454
2018-07-27 04:17:00,220.757131454
2018-07-27 04:18:00,220.757131454
2018-07-27 04:19:00,220.757131454
2018-07-27 04:20:00,220.757131454
2018-07-27 04:21:00,220.757131454
2018-07-27 04:22:00,212.54370721
2018-07-27 04:23:00,212.54370721
2018-07-27 04:24:00,212.54370721
2018-07-27 04:25:00,220.757131454
2018-07-27 04:26:00,220.757131454
2018-07-27 04:27:00,220.757131454
2018-07-27 04:28:00,220.757131454
2018-07-27 04:29:00,220.757131454
2018-07-27 04:30:00,220.757131454
2018-07-27 04:31:00,220.757131454
2018-07-27 04:32:00,220.757131454
2018-07-27 04:33:00,220.757131454
2018-07-27 04:34:00,220.757131454
2018-07-27 04:35:00,220.757131454
2018-07-27 04:36:00,220.757131454
2018-07-27 04:37:00,220.757131454
2018-07-27 04:38:00,212.54370721
2018-07-27 04:39:00,212.54370721
2018-07-27 04:40:00,220.757131454
2018-07-27 04:41:00,212.54370721
2018-07-27 04:42:00,212.54370721
2018-07-27 04:43:00,212.54370721
2018-07-27 04:44:00,212.54370721
2018-07-27 04:45:00,212.54370721
2018-07-27 04:46:00,212.54370721
2018-07-27 04:47:00,212.54370721
2018-07-27 04:48:00,220.757131454
2018-07-27 04:49:00,204.330282966
2018-07-27 04:50:00,204.330282966
2018-07-27 04:51:00,220.757131454
2018-07-27 04:52:00,220.757131454
2018-07-27 04:53:00,220.757131454
2018-07-27 04:54:00,220.757131454
2018-07-27 04:55:00,220.757131454
2018-07-27 04:56:00,220.757131454
2018-07-27 04:57:00,228.970555698
2018-07-27 04:58:00,228.970555698
2018-07-27 04:59:00,228.970555698
2018-07-27 05:00:00,228.970555698
2018-07-27 05:01:00,220.757131454
2018-07-27 05:02:00,212.54370721
2018-07-27 05:03:00,212.54370721
2018-07-27 05:04:00,212.54370721
2018-07-27 05:05:00,212.54370721
2018-07-27 05:06:00,204.330282966
2018-07-27 05:07:00,204.330282966
2018-07-27 05:08:00,204.330282966
2018-07-27 05:09:00,204.330282966
2018-07-27 05:10:00,204.330282966
2018-07-27 05:11:00,204.330282966
2018-07-27 05:12:00,204.330282966
2018-07-27 05:13:00,204.330282966
2018-07-27 05:14:00,204.330282966
2018-07-27 05:15:00,204.330282966
2018-07-27 05:16:00,204.330282966
2018-07-27 05:17:00,204.330282966
2018-07-27 05:18:00,204.330282966
2018-07-27 05:19:00,204.330282966
2018-07-27 05:20:00,204.330282966
2018-07-27 05:21:00,204.330282966
2018-07-27 05:22:00,204.330282966
2018-07-27 05:23:00,204.330282966
2018-07-27 05:24:00,204.330282966
2018-07-27 05:25:00,204.330282966
2018-07-27 05:26:00,204.330282966
2018-07-27 05:27:00,204.330282966
2018-07-27 05:28:00,204.330282966
2018-07-27 05:29:00,204.330282966
2018-07-27 05:30:00,204.330282966
2018-07-27 05:31:00,204.330282966
2018-07-27 05:32:00,204.330282966
2018-07-27 05:33:00,204.330282966
2018-07-27 05:34:00,204.330282966
2018-07-27 05:35:00,204.330282966
2018-07-27 05:36:00,204.330282966
2018-07-27 05:37:00,204.330282966
2018-07-27 05:38:00,204.330282966
2018-07-27 05:39:00,204.330282966
2018-07-27 05:40:00,204.330282966
2018-07-27 05:41:00,204.330282966
2018-07-27 05:42:00,204.330282966
2018-07-27 05:43:00,204.330282966
2018-07-27 05:44:00,204.330282966
2018-07-27 05:45:00,204.330282966
2018-07-27 05:46:00,204.330282966
2018-07-27 05:47:00,204.330282966
2018-07-27 05:48:00,204.330282966
2018-07-27 05:49:00,204.330282966
2018-07-27 05:50:00,204.330282966
2018-07-27 05:51:00,196.116858723
2018-07-27 05:52:00,196.116858723
2018-07-27 05:53:00,196.116858723
2018-07-27 05:54:00,196.116858723
2018-07-27 05:55:00,196.116858723
2018-07-27 05:56:00,212.54370721
2018-07-27 05:57:00,204.330282966
2018-07-27 05:58:00,204.330282966
2018-07-27 05:59:00,204.330282966
2018-07-27 06:00:00,204.330282966
2018-07-27 06:01:00,204.330282966
2018-07-27 06:02:00,204.330282966
2018-07-27 06:03:00,204.330282966
2018-07-27 06:04:00,204.330282966
2018-07-27 06:05:00,204.330282966
2018-07-27 06:06:00,204.330282966
2018-07-27 06:07:00,204.330282966
2018-07-27 06:08:00,204.330282966
2018-07-27 06:09:00,196.116858723
2018-07-27 06:10:00,196.116858723
2018-07-27 06:11:00,196.116858723
2018-07-27 06:12:00,196.116858723
2018-07-27 06:13:00,196.116858723
2018-07-27 06:14:00,196.116858723
2018-07-27 06:15:00,196.116858723
2018-07-27 06:16:00,196.116858723
2018-07-27 06:17:00,187.903434479
2018-07-27 06:18:00,187.903434479
2018-07-27 06:19:00,187.903434479
2018-07-27 06:20:00,187.903434479
2018-07-27 06:21:00,187.903434479
2018-07-27 06:22:00,187.903434479
2018-07-27 06:23:00,187.903434479
2018-07-27 06:24:00,187.903434479
2018-07-27 06:25:00,187.903434479
2018-07-27 06:26:00,187.903434479
2018-07-27 06:27:00,187.903434479
2018-07-27 06:28:00,187.903434479
2018-07-27 06:29:00,187.903434479
2018-07-27 06:30:00,187.903434479
2018-07-27 06:31:00,187.903434479
2018-07-27 06:32:00,187.903434479
2018-07-27 06:33:00,187.903434479
2018-07-27 06:34:00,187.903434479
2018-07-27 06:35:00,187.903434479
2018-07-27 06:36:00,187.903434479
2018-07-27 06:37:00,187.903434479
2018-07-27 06:38:00,187.903434479
2018-07-27 06:39:00,187.903434479
2018-07-27 06:40:00,187.903434479
2018-07-27 06:41:00,187.903434479
2018-07-27 06:42:00,187.903434479
2018-07-27 06:43:00,187.903434479
2018-07-27 06:44:00,187.903434479
2018-07-27 06:45:00,187.903434479
2018-07-27 06:46:00,187.903434479
2018-07-27 06:47:00,187.903434479
2018-07-27 06:48:00,187.903434479
2018-07-27 06:49:00,179.690010235
2018-07-27 06:50:00,179.690010235
2018-07-27 06:51:00,179.690010235
2018-07-27 06:52:00,179.690010235
2018-07-27 06:53:00,196.116858723
2018-07-27 06:54:00,196.116858723
2018-07-27 06:55:00,196.116858723
2018-07-27 06:56:00,196.116858723
2018-07-27 06:57:00,196.116858723
2018-07-27 06:58:00,196.116858723
2018-07-27 06:59:00,212.54370721
2018-07-27 07:00:00,212.54370721
2018-07-27 07:01:00,212.54370721
2018-07-27 07:02:00,212.54370721
2018-07-27 07:03:00,212.54370721
2018-07-27 07:04:00,196.116858723
2018-07-27 07:05:00,196.116858723
2018-07-27 07:06:00,196.116858723
2018-07-27 07:07:00,196.116858723
2018-07-27 07:08:00,196.116858723
2018-07-27 07:09:00,196.116858723
2018-07-27 07:10:00,196.116858723
2018-07-27 07:11:00,187.903434479
2018-07-27 07:12:00,187.903434479
2018-07-27 07:13:00,187.903434479
2018-07-27 07:14:00,187.903434479
2018-07-27 07:15:00,187.903434479
2018-07-27 07:16:00,187.903434479
2018-07-27 07:17:00,179.690010235
2018-07-27 07:18:00,171.476585991
2018-07-27 07:19:00,171.476585991
2018-07-27 07:20:00,179.690010235
2018-07-27 07:21:00,171.476585991
2018-07-27 07:22:00,179.690010235
2018-07-27 07:23:00,179.690010235
2018-07-27 07:24:00,179.690010235
2018-07-27 07:25:00,171.476585991
2018-07-27 07:26:00,171.476585991
2018-07-27 07:27:00,187.903434479
2018-07-27 07:28:00,187.903434479
2018-07-27 07:29:00,171.476585991
2018-07-27 07:30:00,212.54370721
2018-07-27 07:31:00,212.54370721
2018-07-27 07:32:00,228.970555698
2018-07-27 07:33:00,212.54370721
2018-07-27 07:34:00,212.54370721
2018-07-27 07:35:00,212.54370721
2018-07-27 07:36:00,204.330282966
2018-07-27 07:37:00,204.330282966
2018-07-27 07:38:00,196.116858723
2018-07-27 07:39:00,196.116858723
2018-07-27 07:40:00,196.116858723
2018-07-27 07:41:00,204.330282966
2018-07-27 07:42:00,204.330282966
2018-07-27 07:43:00,204.330282966
2018-07-27 07:44:00,204.330282966
2018-07-27 07:45:00,204.330282966
2018-07-27 07:46:00,204.330282966
2018-07-27 07:47:00,220.757131454
2018-07-27 07:48:00,220.757131454
2018-07-27 07:49:00,220.757131454
2018-07-27 07:50:00,220.757131454
2018-07-27 07:51:00,228.970555698
2018-07-27 07:52:00,228.970555698
2018-07-27 07:53:00,237.183979941
2018-07-27 07:54:00,237.183979941
2018-07-27 07:55:00,237.183979941
2018-07-27 07:56:00,228.970555698
2018-07-27 07:57:00,228.970555698
2018-07-27 07:58:00,228.970555698
2018-07-27 07:59:00,220.757131454
2018-07-27 08:00:00,212.54370721
2018-07-27 08:01:00,220.757131454
2018-07-27 08:02:00,220.757131454
2018-07-27 08:03:00,204.330282966
2018-07-27 08:04:00,212.54370721
2018-07-27 08:05:00,212.54370721
2018-07-27 08:06:00,204.330282966
2018-07-27 08:07:00,204.330282966
2018-07-27 08:08:00,204.330282966
2018-07-27 08:09:00,204.330282966
2018-07-27 08:10:00,212.54370721
2018-07-27 08:11:00,204.330282966
2018-07-27 08:12:00,204.330282966
2018-07-27 08:13:00,204.330282966
2018-07-27 08:14:00,204.330282966
2018-07-27 08:15:00,212.54370721
2018-07-27 08:16:00,212.54370721
2018-07-27 08:17:00,212.54370721
2018-07-27 08:18:00,212.54370721
2018-07-27 08:19:00,220.757131454
2018-07-27 08:20:00,228.970555698
2018-07-27 08:21:00,212.54370721
2018-07-27 08:22:00,212.54370721
2018-07-27 08:23:00,212.54370721
2018-07-27 08:24:00,237.183979941
2018-07-27 08:25:00,237.183979941
2018-07-27 08:26:00,237.183979941
2018-07-27 08:27:00,245.397404185
2018-07-27 08:28:00,245.397404185
2018-07-27 08:29:00,237.183979941
2018-07-27 08:30:00,237.183979941
2018-07-27 08:31:00,228.970555698
2018-07-27 08:32:00,228.970555698
2018-07-27 08:33:00,220.757131454
2018-07-27 08:34:00,220.757131454
2018-07-27 08:35:00,220.757131454
2018-07-27 08:36:00,220.757131454
2018-07-27 08:37:00,220.757131454
2018-07-27 08:38:00,220.757131454
2018-07-27 08:39:00,212.54370721
2018-07-27 08:40:00,204.330282966
2018-07-27 08:41:00,204.330282966
2018-07-27 08:42:00,204.330282966
2018-07-27 08:43:00,204.330282966
2018-07-27 08:44:00,204.330282966
2018-07-27 08:45:00,204.330282966
2018-07-27 08:46:00,212.54370721
2018-07-27 08:47:00,212.54370721
2018-07-27 08:48:00,212.54370721
2018-07-27 08:49:00,212.54370721
2018-07-27 08:50:00,204.330282966
2018-07-27 08:51:00,204.330282966
2018-07-27 08:52:00,204.330282966
2018-07-27 08:53:00,204.330282966
2018-07-27 08:54:00,204.330282966
2018-07-27 08:55:00,204.330282966
2018-07-27 08:56:00,204.330282966
2018-07-27 08:57:00,220.757131454
2018-07-27 08:58:00,220.757131454
2018-07-27 08:59:00,220.757131454
2018-07-27 09:00:00,220.757131454
2018-07-27 09:01:00,212.54370721
2018-07-27 09:02:00,212.54370721
2018-07-27 09:03:00,204.330282966
2018-07-27 09:04:00,204.330282966
2018-07-27 09:05:00,204.330282966
2018-07-27 09:06:00,196.116858723
2018-07-27 09:07:00,196.116858723
2018-07-27 09:08:00,196.116858723
2018-07-27 09:09:00,196.116858723
2018-07-27 09:10:00,196.116858723
2018-07-27 09:11:00,196.116858723
2018-07-27 09:12:00,204.330282966
2018-07-27 09:13:00,204.330282966
2018-07-27 09:14:00,204.330282966
2018-07-27 09:15:00,196.116858723
2018-07-27 09:16:00,196.116858723
2018-07-27 09:17:00,196.116858723
2018-07-27 09:18:00,204.330282966
2018-07-27 09:19:00,204.330282966
2018-07-27 09:20:00,196.116858723
2018-07-27 09:21:00,196.116858723
2018-07-27 09:22:00,196.116858723
2018-07-27 09:23:00,196.116858723
2018-07-27 09:24:00,196.116858723
2018-07-27 09:25:00,187.903434479
2018-07-27 09:26:00,179.690010235
2018-07-27 09:27:00,187.903434479
2018-07-27 09:28:00,187.903434479
2018-07-27 09:29:00,187.903434479
2018-07-27 09:30:00,196.116858723
2018-07-27 09:31:00,187.903434479
2018-07-27 09:32:00,187.903434479
2018-07-27 09:33:00,187.903434479
2018-07-27 09:34:00,187.903434479
2018-07-27 09:35:00,179.690010235
2018-07-27 09:36:00,187.903434479
2018-07-27 09:37:00,187.903434479
2018-07-27 09:38:00,187.903434479
2018-07-27 09:39:00,187.903434479
2018-07-27 09:40:00,187.903434479
2018-07-27 09:41:00,179.690010235
2018-07-27 09:42:00,179.690010235
2018-07-27 09:43:00,187.903434479
2018-07-27 09:44:00,187.903434479
2018-07-27 09:45:00,196.116858723
2018-07-27 09:46:00,187.903434479
2018-07-27 09:47:00,187.903434479
2018-07-27 09:48:00,187.903434479
2018-07-27 09:49:00,196.116858723
2018-07-27 09:50:00,196.116858723
2018-07-27 09:51:00,196.116858723
2018-07-27 09:52:00,196.116858723
2018-07-27 09:53:00,187.903434479
2018-07-27 09:54:00,187.903434479
2018-07-27 09:55:00,187.903434479
2018-07-27 09:56:00,187.903434479
2018-07-27 09:57:00,187.903434479
2018-07-27 09:58:00,196.116858723
2018-07-27 09:59:00,187.903434479
2018-07-27 10:00:00,179.690010235
2018-07-27 10:01:00,179.690010235
2018-07-27 10:02:00,179.690010235
2018-07-27 10:03:00,179.690010235
2018-07-27 10:04:00,179.690010235
2018-07-27 10:05:00,179.690010235
2018-07-27 10:06:00,179.690010235
2018-07-27 10:07:00,179.690010235
2018-07-27 10:08:00,179.690010235
2018-07-27 10:09:00,179.690010235
2018-07-27 10:10:00,179.690010235
2018-07-27 10:11:00,187.903434479
2018-07-27 10:12:00,187.903434479
2018-07-27 10:13:00,187.903434479
2018-07-27 10:14:00,179.690010235
2018-07-27 10:15:00,179.690010235
2018-07-27 10:16:00,187.903434479
2018-07-27 10:17:00,187.903434479
2018-07-27 10:18:00,187.903434479
2018-07-27 10:19:00,179.690010235
2018-07-27 10:20:00,171.476585991
2018-07-27 10:21:00,171.476585991
2018-07-27 10:22:00,163.263161748
2018-07-27 10:23:00,163.263161748
2018-07-27 10:24:00,163.263161748
2018-07-27 10:25:00,171.476585991
2018-07-27 10:26:00,171.476585991
2018-07-27 10:27:00,171.476585991
2018-07-27 10:28:00,171.476585991
2018-07-27 10:29:00,163.263161748
2018-07-27 10:30:00,163.263161748
2018-07-27 10:31:00,171.476585991
2018-07-27 10:32:00,171.476585991
2018-07-27 10:33:00,171.476585991
2018-07-27 10:34:00,171.476585991
2018-07-27 10:35:00,171.476585991
2018-07-27 10:36:00,171.476585991
2018-07-27 10:37:00,171.476585991
2018-07-27 10:38:00,171.476585991
2018-07-27 10:39:00,171.476585991
2018-07-27 10:40:00,171.476585991
2018-07-27 10:41:00,171.476585991
2018-07-27 10:42:00,171.476585991
2018-07-27 10:43:00,163.263161748
2018-07-27 10:44:00,163.263161748
2018-07-27 10:45:00,171.476585991
2018-07-27 10:46:00,163.263161748
2018-07-27 10:47:00,171.476585991
2018-07-27 10:48:00,171.476585991
2018-07-27 10:49:00,171.476585991
2018-07-27 10:50:00,163.263161748
2018-07-27 10:51:00,171.476585991
2018-07-27 10:52:00,171.476585991
2018-07-27 10:53:00,179.690010235
2018-07-27 10:54:00,196.116858723
2018-07-27 10:55:00,212.54370721
2018-07-27 10:56:00,212.54370721
2018-07-27 10:57:00,228.970555698
2018-07-27 10:58:00,237.183979941
2018-07-27 10:59:00,228.970555698
2018-07-27 11:00:00,220.757131454
2018-07-27 11:01:00,237.183979941
2018-07-27 11:02:00,237.183979941
2018-07-27 11:03:00,220.757131454
2018-07-27 11:04:00,220.757131454
2018-07-27 11:05:00,228.970555698
2018-07-27 11:06:00,228.970555698
2018-07-27 11:07:00,228.970555698
2018-07-27 11:08:00,228.970555698
2018-07-27 11:09:00,228.970555698
2018-07-27 11:10:00,228.970555698
2018-07-27 11:11:00,228.970555698
2018-07-27 11:12:00,220.757131454
2018-07-27 11:13:00,220.757131454
2018-07-27 11:14:00,220.757131454
2018-07-27 11:15:00,228.970555698
2018-07-27 11:16:00,228.970555698
2018-07-27 11:17:00,228.970555698
2018-07-27 11:18:00,228.970555698
2018-07-27 11:19:00,228.970555698
2018-07-27 11:20:00,220.757131454
2018-07-27 11:21:00,228.970555698
2018-07-27 11:22:00,228.970555698
2018-07-27 11:23:00,228.970555698
2018-07-27 11:24:00,228.970555698
2018-07-27 11:25:00,228.970555698
2018-07-27 11:26:00,228.970555698
2018-07-27 11:27:00,228.970555698
2018-07-27 11:28:00,237.183979941
2018-07-27 11:29:00,237.183979941
2018-07-27 11:30:00,237.183979941
2018-07-27 11:31:00,228.970555698
2018-07-27 11:32:00,237.183979941
2018-07-27 11:33:00,245.397404185
2018-07-27 11:34:00,245.397404185
2018-07-27 11:35:00,245.397404185
2018-07-27 11:36:00,245.397404185
2018-07-27 11:37:00,245.397404185
2018-07-27 11:38:00,245.397404185
2018-07-27 11:39:00,245.397404185
2018-07-27 11:40:00,237.183979941
2018-07-27 11:41:00,245.397404185
2018-07-27 11:42:00,245.397404185
2018-07-27 11:43:00,245.397404185
2018-07-27 11:44:00,245.397404185
2018-07-27 11:45:00,245.397404185
2018-07-27 11:46:00,245.397404185
2018-07-27 11:47:00,245.397404185
2018-07-27 11:48:00,237.183979941
2018-07-27 11:49:00,237.183979941
2018-07-27 11:50:00,237.183979941
2018-07-27 11:51:00,237.183979941
2018-07-27 11:52:00,237.183979941
2018-07-27 11:53:00,237.183979941
2018-07-27 11:54:00,237.183979941
2018-07-27 11:55:00,245.397404185
2018-07-27 11:56:00,253.610828429
2018-07-27 11:57:00,253.610828429
2018-07-27 11:58:00,245.397404185
2018-07-27 11:59:00,237.183979941
2018-07-30 01:29:00,166.075547318
2018-07-30 01:30:00,166.075547318
2018-07-30 01:31:00,166.075547318
2018-07-30 01:32:00,202.529679318
2018-07-30 01:33:00,184.302613318
2018-07-30 01:34:00,211.643212318
2018-07-30 01:35:00,211.643212318
2018-07-30 01:36:00,211.643212318
2018-07-30 01:37:00,211.643212318
2018-07-30 01:38:00,211.643212318
2018-07-30 01:39:00,211.643212318
2018-07-30 01:40:00,211.643212318
2018-07-30 01:41:00,211.643212318
2018-07-30 01:42:00,211.643212318
2018-07-30 01:43:00,211.643212318
2018-07-30 01:44:00,211.643212318
2018-07-30 01:45:00,211.643212318
2018-07-30 01:46:00,211.643212318
2018-07-30 01:47:00,211.643212318
2018-07-30 01:48:00,211.643212318
2018-07-30 01:49:00,211.643212318
2018-07-30 01:50:00,211.643212318
2018-07-30 01:51:00,211.643212318
2018-07-30 01:52:00,202.529679318
2018-07-30 01:53:00,202.529679318
2018-07-30 01:54:00,202.529679318
2018-07-30 01:55:00,202.529679318
2018-07-30 01:56:00,211.643212318
2018-07-30 01:57:00,202.529679318
2018-07-30 01:58:00,193.416146318
2018-07-30 01:59:00,193.416146318
2018-07-30 02:00:00,184.302613318
2018-07-30 02:01:00,175.189080318
2018-07-30 02:02:00,175.189080318
2018-07-30 02:03:00,184.302613318
2018-07-30 02:04:00,184.302613318
2018-07-30 02:05:00,166.075547318
2018-07-30 02:06:00,184.302613318
2018-07-30 02:07:00,166.075547318
2018-07-30 02:08:00,175.189080318
2018-07-30 02:09:00,175.189080318
2018-07-30 02:10:00,166.075547318
2018-07-30 02:11:00,166.075547318
2018-07-30 02:12:00,166.075547318
2018-07-30 02:13:00,166.075547318
2018-07-30 02:14:00,166.075547318
2018-07-30 02:15:00,138.734948318
2018-07-30 02:16:00,138.734948318
2018-07-30 02:17:00,129.621415318
2018-07-30 02:18:00,138.734948318
2018-07-30 02:19:00,147.848481318
2018-07-30 02:20:00,138.734948318
2018-07-30 02:21:00,138.734948318
2018-07-30 02:22:00,147.848481318
2018-07-30 02:23:00,120.507882318
2018-07-30 02:24:00,129.621415318
2018-07-30 02:25:00,129.621415318
2018-07-30 02:26:00,120.507882318
2018-07-30 02:27:00,120.507882318
2018-07-30 02:28:00,111.394349318
2018-07-30 02:29:00,111.394349318
2018-07-30 02:30:00,111.394349318
2018-07-30 02:31:00,93.1672833177
2018-07-30 02:32:00,93.1672833177
2018-07-30 02:33:00,129.621415318
2018-07-30 02:34:00,93.1672833177
2018-07-30 02:35:00,84.0537503177
2018-07-30 02:36:00,74.9402173177
2018-07-30 02:37:00,74.9402173177
2018-07-30 02:38:00,74.9402173177
2018-07-30 02:39:00,74.9402173177
2018-07-30 02:40:00,74.9402173177
2018-07-30 02:41:00,74.9402173177
2018-07-30 02:42:00,74.9402173177
2018-07-30 02:43:00,74.9402173177
2018-07-30 02:44:00,65.8266843177
2018-07-30 02:45:00,65.8266843177
2018-07-30 02:46:00,65.8266843177
2018-07-30 02:47:00,65.8266843177
2018-07-30 02:48:00,65.8266843177
2018-07-30 02:49:00,56.7131513177
2018-07-30 02:50:00,65.8266843177
2018-07-30 02:51:00,56.7131513177
2018-07-30 02:52:00,74.9402173177
2018-07-30 02:53:00,74.9402173177
2018-07-30 02:54:00,74.9402173177
2018-07-30 02:55:00,74.9402173177
2018-07-30 02:56:00,74.9402173177
2018-07-30 02:57:00,74.9402173177
2018-07-30 02:58:00,84.0537503177
2018-07-30 02:59:00,84.0537503177
2018-07-30 03:00:00,84.0537503177
2018-07-30 03:01:00,74.9402173177
2018-07-30 03:02:00,74.9402173177
2018-07-30 03:03:00,74.9402173177
2018-07-30 03:04:00,56.7131513177
2018-07-30 03:05:00,56.7131513177
2018-07-30 03:06:00,56.7131513177
2018-07-30 03:07:00,56.7131513177
2018-07-30 03:08:00,56.7131513177
2018-07-30 03:09:00,56.7131513177
2018-07-30 03:10:00,56.7131513177
2018-07-30 03:11:00,56.7131513177
2018-07-30 03:12:00,56.7131513177
2018-07-30 03:13:00,56.7131513177
2018-07-30 03:14:00,56.7131513177
2018-07-30 03:15:00,56.7131513177
2018-07-30 03:16:00,56.7131513177
2018-07-30 03:17:00,56.7131513177
2018-07-30 03:18:00,47.5996183177
2018-07-30 03:19:00,56.7131513177
2018-07-30 03:20:00,47.5996183177
2018-07-30 03:21:00,47.5996183177
2018-07-30 03:22:00,29.3725523177
2018-07-30 03:23:00,29.3725523177
2018-07-30 03:24:00,38.4860853177
2018-07-30 03:25:00,38.4860853177
2018-07-30 03:26:00,38.4860853177
2018-07-30 03:27:00,47.5996183177
2018-07-30 03:28:00,29.3725523177
2018-07-30 03:29:00,29.3725523177
2018-07-30 03:30:00,29.3725523177
2018-07-30 03:31:00,20.2590193177
2018-07-30 03:32:00,29.3725523177
2018-07-30 03:33:00,38.4860853177
2018-07-30 03:34:00,38.4860853177
2018-07-30 03:35:00,38.4860853177
2018-07-30 03:36:00,38.4860853177
2018-07-30 03:37:00,47.5996183177
2018-07-30 03:38:00,47.5996183177
2018-07-30 03:39:00,56.7131513177
2018-07-30 03:40:00,47.5996183177
2018-07-30 03:41:00,47.5996183177
2018-07-30 03:42:00,47.5996183177
2018-07-30 03:43:00,38.4860853177
2018-07-30 03:44:00,38.4860853177
2018-07-30 03:45:00,29.3725523177
2018-07-30 03:46:00,38.4860853177
2018-07-30 03:47:00,38.4860853177
2018-07-30 03:48:00,38.4860853177
2018-07-30 03:49:00,38.4860853177
2018-07-30 03:50:00,29.3725523177
2018-07-30 03:51:00,20.2590193177
2018-07-30 03:52:00,20.2590193177
2018-07-30 03:53:00,20.2590193177
2018-07-30 03:54:00,20.2590193177
2018-07-30 03:55:00,20.2590193177
2018-07-30 03:56:00,20.2590193177
2018-07-30 03:57:00,20.2590193177
2018-07-30 03:58:00,20.2590193177
2018-07-30 03:59:00,20.2590193177
2018-07-30 04:00:00,20.2590193177
2018-07-30 04:01:00,20.2590193177
2018-07-30 04:02:00,20.2590193177
2018-07-30 04:03:00,20.2590193177
2018-07-30 04:04:00,20.2590193177
2018-07-30 04:05:00,20.2590193177
2018-07-30 04:06:00,20.2590193177
2018-07-30 04:07:00,20.2590193177
2018-07-30 04:08:00,20.2590193177
2018-07-30 04:09:00,20.2590193177
2018-07-30 04:10:00,20.2590193177
2018-07-30 04:11:00,20.2590193177
2018-07-30 04:12:00,20.2590193177
2018-07-30 04:13:00,20.2590193177
2018-07-30 04:14:00,20.2590193177
2018-07-30 04:15:00,20.2590193177
2018-07-30 04:16:00,38.4860853177
2018-07-30 04:17:00,29.3725523177
2018-07-30 04:18:00,29.3725523177
2018-07-30 04:19:00,20.2590193177
2018-07-30 04:20:00,11.1454863177
2018-07-30 04:21:00,20.2590193177
2018-07-30 04:22:00,20.2590193177
2018-07-30 04:23:00,20.2590193177
2018-07-30 04:24:00,29.3725523177
2018-07-30 04:25:00,38.4860853177
2018-07-30 04:26:00,20.2590193177
2018-07-30 04:27:00,20.2590193177
2018-07-30 04:28:00,20.2590193177
2018-07-30 04:29:00,29.3725523177
2018-07-30 04:30:00,20.2590193177
2018-07-30 04:31:00,11.1454863177
2018-07-30 04:32:00,11.1454863177
2018-07-30 04:33:00,11.1454863177
2018-07-30 04:34:00,11.1454863177
2018-07-30 04:35:00,11.1454863177
2018-07-30 04:36:00,11.1454863177
2018-07-30 04:37:00,2.03195331768
2018-07-30 04:38:00,2.03195331768
2018-07-30 04:39:00,2.03195331768
2018-07-30 04:40:00,2.03195331768
2018-07-30 04:41:00,2.03195331768
2018-07-30 04:42:00,2.03195331768
2018-07-30 04:43:00,2.03195331768
2018-07-30 04:44:00,2.03195331768
2018-07-30 04:45:00,2.03195331768
2018-07-30 04:46:00,2.03195331768
2018-07-30 04:47:00,2.03195331768
2018-07-30 04:48:00,2.03195331768
2018-07-30 04:49:00,2.03195331768
2018-07-30 04:50:00,2.03195331768
2018-07-30 04:51:00,11.1454863177
2018-07-30 04:52:00,11.1454863177
2018-07-30 04:53:00,2.03195331768
2018-07-30 04:54:00,2.03195331768
2018-07-30 04:55:00,11.1454863177
2018-07-30 04:56:00,11.1454863177
2018-07-30 04:57:00,11.1454863177
2018-07-30 04:58:00,2.03195331768
2018-07-30 04:59:00,2.03195331768
2018-07-30 05:00:00,2.03195331768
2018-07-30 05:01:00,2.03195331768
2018-07-30 05:02:00,2.03195331768
2018-07-30 05:03:00,2.03195331768
2018-07-30 05:04:00,2.03195331768
2018-07-30 05:05:00,2.03195331768
2018-07-30 05:06:00,2.03195331768
2018-07-30 05:07:00,-16.1951126823
2018-07-30 05:08:00,-16.1951126823
2018-07-30 05:09:00,-16.1951126823
2018-07-30 05:10:00,2.03195331768
2018-07-30 05:11:00,11.1454863177
2018-07-30 05:12:00,11.1454863177
2018-07-30 05:13:00,11.1454863177
2018-07-30 05:14:00,11.1454863177
2018-07-30 05:15:00,11.1454863177
2018-07-30 05:16:00,11.1454863177
2018-07-30 05:17:00,11.1454863177
2018-07-30 05:18:00,11.1454863177
2018-07-30 05:19:00,11.1454863177
2018-07-30 05:20:00,11.1454863177
2018-07-30 05:21:00,11.1454863177
2018-07-30 05:22:00,11.1454863177
2018-07-30 05:23:00,11.1454863177
2018-07-30 05:24:00,11.1454863177
2018-07-30 05:25:00,11.1454863177
2018-07-30 05:26:00,11.1454863177
2018-07-30 05:27:00,11.1454863177
2018-07-30 05:28:00,11.1454863177
2018-07-30 05:29:00,11.1454863177
2018-07-30 05:30:00,11.1454863177
2018-07-30 05:31:00,11.1454863177
2018-07-30 05:32:00,11.1454863177
2018-07-30 05:33:00,11.1454863177
2018-07-30 05:34:00,29.3725523177
2018-07-30 05:35:00,29.3725523177
2018-07-30 05:36:00,29.3725523177
2018-07-30 05:37:00,29.3725523177
2018-07-30 05:38:00,29.3725523177
2018-07-30 05:39:00,29.3725523177
2018-07-30 05:40:00,29.3725523177
2018-07-30 05:41:00,29.3725523177
2018-07-30 05:42:00,29.3725523177
2018-07-30 05:43:00,29.3725523177
2018-07-30 05:44:00,29.3725523177
2018-07-30 05:45:00,38.4860853177
2018-07-30 05:46:00,47.5996183177
2018-07-30 05:47:00,47.5996183177
2018-07-30 05:48:00,56.7131513177
2018-07-30 05:49:00,56.7131513177
2018-07-30 05:50:00,56.7131513177
2018-07-30 05:51:00,56.7131513177
2018-07-30 05:52:00,56.7131513177
2018-07-30 05:53:00,56.7131513177
2018-07-30 05:54:00,56.7131513177
2018-07-30 05:55:00,56.7131513177
2018-07-30 05:56:00,56.7131513177
2018-07-30 05:57:00,47.5996183177
2018-07-30 05:58:00,47.5996183177
2018-07-30 05:59:00,38.4860853177
2018-07-30 06:00:00,38.4860853177
2018-07-30 06:01:00,38.4860853177
2018-07-30 06:02:00,38.4860853177
2018-07-30 06:03:00,29.3725523177
2018-07-30 06:04:00,29.3725523177
2018-07-30 06:05:00,29.3725523177
2018-07-30 06:06:00,2.03195331768
2018-07-30 06:07:00,2.03195331768
2018-07-30 06:08:00,2.03195331768
2018-07-30 06:09:00,2.03195331768
2018-07-30 06:10:00,2.03195331768
2018-07-30 06:11:00,2.03195331768
2018-07-30 06:12:00,2.03195331768
2018-07-30 06:13:00,2.03195331768
2018-07-30 06:14:00,-7.08157968232
2018-07-30 06:15:00,-7.08157968232
2018-07-30 06:16:00,-7.08157968232
2018-07-30 06:17:00,2.03195331768
2018-07-30 06:18:00,2.03195331768
2018-07-30 06:19:00,2.03195331768
2018-07-30 06:20:00,2.03195331768
2018-07-30 06:21:00,2.03195331768
2018-07-30 06:22:00,2.03195331768
2018-07-30 06:23:00,2.03195331768
2018-07-30 06:24:00,-16.1951126823
2018-07-30 06:25:00,-16.1951126823
2018-07-30 06:26:00,-7.08157968232
2018-07-30 06:27:00,2.03195331768
2018-07-30 06:28:00,2.03195331768
2018-07-30 06:29:00,-16.1951126823
2018-07-30 06:30:00,-16.1951126823
2018-07-30 06:31:00,-16.1951126823
2018-07-30 06:32:00,-16.1951126823
2018-07-30 06:33:00,-16.1951126823
2018-07-30 06:34:00,-16.1951126823
2018-07-30 06:35:00,-7.08157968232
2018-07-30 06:36:00,29.3725523177
2018-07-30 06:37:00,38.4860853177
2018-07-30 06:38:00,38.4860853177
2018-07-30 06:39:00,38.4860853177
2018-07-30 06:40:00,38.4860853177
2018-07-30 06:41:00,29.3725523177
2018-07-30 06:42:00,38.4860853177
2018-07-30 06:43:00,29.3725523177
2018-07-30 06:44:00,38.4860853177
2018-07-30 06:45:00,29.3725523177
2018-07-30 06:46:00,29.3725523177
2018-07-30 06:47:00,29.3725523177
2018-07-30 06:48:00,29.3725523177
2018-07-30 06:49:00,29.3725523177
2018-07-30 06:50:00,38.4860853177
2018-07-30 06:51:00,38.4860853177
2018-07-30 06:52:00,47.5996183177
2018-07-30 06:53:00,47.5996183177
2018-07-30 06:54:00,47.5996183177
2018-07-30 06:55:00,47.5996183177
2018-07-30 06:56:00,56.7131513177
2018-07-30 06:57:00,56.7131513177
2018-07-30 06:58:00,56.7131513177
2018-07-30 06:59:00,56.7131513177
2018-07-30 07:00:00,56.7131513177
2018-07-30 07:01:00,56.7131513177
2018-07-30 07:02:00,47.5996183177
2018-07-30 07:03:00,47.5996183177
2018-07-30 07:04:00,47.5996183177
2018-07-30 07:05:00,47.5996183177
2018-07-30 07:06:00,38.4860853177
2018-07-30 07:07:00,38.4860853177
2018-07-30 07:08:00,20.2590193177
2018-07-30 07:09:00,20.2590193177
2018-07-30 07:10:00,20.2590193177
2018-07-30 07:11:00,29.3725523177
2018-07-30 07:12:00,38.4860853177
2018-07-30 07:13:00,38.4860853177
2018-07-30 07:14:00,38.4860853177
2018-07-30 07:15:00,20.2590193177
2018-07-30 07:16:00,20.2590193177
2018-07-30 07:17:00,2.03195331768
2018-07-30 07:18:00,2.03195331768
2018-07-30 07:19:00,-16.1951126823
2018-07-30 07:20:00,-16.1951126823
2018-07-30 07:21:00,-16.1951126823
2018-07-30 07:22:00,-16.1951126823
2018-07-30 07:23:00,-16.1951126823
2018-07-30 07:24:00,-16.1951126823
2018-07-30 07:25:00,2.03195331768
2018-07-30 07:26:00,-7.08157968232
2018-07-30 07:27:00,2.03195331768
2018-07-30 07:28:00,-7.08157968232
2018-07-30 07:29:00,2.03195331768
2018-07-30 07:30:00,-7.08157968232
2018-07-30 07:31:00,-7.08157968232
2018-07-30 07:32:00,-7.08157968232
2018-07-30 07:33:00,-7.08157968232
2018-07-30 07:34:00,-7.08157968232
2018-07-30 07:35:00,-7.08157968232
2018-07-30 07:36:00,-7.08157968232
2018-07-30 07:37:00,-7.08157968232
2018-07-30 07:38:00,-16.1951126823
2018-07-30 07:39:00,-16.1951126823
2018-07-30 07:40:00,-16.1951126823
2018-07-30 07:41:00,-16.1951126823
2018-07-30 07:42:00,-16.1951126823
2018-07-30 07:43:00,-16.1951126823
2018-07-30 07:44:00,-16.1951126823
2018-07-30 07:45:00,-16.1951126823
2018-07-30 07:46:00,-16.1951126823
2018-07-30 07:47:00,-16.1951126823
2018-07-30 07:48:00,-16.1951126823
2018-07-30 07:49:00,-16.1951126823
2018-07-30 07:50:00,-16.1951126823
2018-07-30 07:51:00,-16.1951126823
2018-07-30 07:52:00,-16.1951126823
2018-07-30 07:53:00,-16.1951126823
2018-07-30 07:54:00,-16.1951126823
2018-07-30 07:55:00,-16.1951126823
2018-07-30 07:56:00,-16.1951126823
2018-07-30 07:57:00,-16.1951126823
2018-07-30 07:58:00,-16.1951126823
2018-07-30 07:59:00,-16.1951126823
2018-07-30 08:00:00,-16.1951126823
2018-07-30 08:01:00,-16.1951126823
2018-07-30 08:02:00,-16.1951126823
2018-07-30 08:03:00,-16.1951126823
2018-07-30 08:04:00,-16.1951126823
2018-07-30 08:05:00,-16.1951126823
2018-07-30 08:06:00,-16.1951126823
2018-07-30 08:07:00,-16.1951126823
2018-07-30 08:08:00,-16.1951126823
2018-07-30 08:09:00,-16.1951126823
2018-07-30 08:10:00,-16.1951126823
2018-07-30 08:11:00,-16.1951126823
2018-07-30 08:12:00,-16.1951126823
2018-07-30 08:13:00,-16.1951126823
2018-07-30 08:14:00,-16.1951126823
2018-07-30 08:15:00,-16.1951126823
2018-07-30 08:16:00,-7.08157968232
2018-07-30 08:17:00,-7.08157968232
2018-07-30 08:18:00,2.03195331768
2018-07-30 08:19:00,2.03195331768
2018-07-30 08:20:00,2.03195331768
2018-07-30 08:21:00,2.03195331768
2018-07-30 08:22:00,2.03195331768
2018-07-30 08:23:00,2.03195331768
2018-07-30 08:24:00,-7.08157968232
2018-07-30 08:25:00,-7.08157968232
2018-07-30 08:26:00,-7.08157968232
2018-07-30 08:27:00,-7.08157968232
2018-07-30 08:28:00,-7.08157968232
2018-07-30 08:29:00,-7.08157968232
2018-07-30 08:30:00,-7.08157968232
2018-07-30 08:31:00,2.03195331768
2018-07-30 08:32:00,-7.08157968232
2018-07-30 08:33:00,-7.08157968232
2018-07-30 08:34:00,2.03195331768
2018-07-30 08:35:00,2.03195331768
2018-07-30 08:36:00,2.03195331768
2018-07-30 08:37:00,-7.08157968232
2018-07-30 08:38:00,2.03195331768
2018-07-30 08:39:00,2.03195331768
2018-07-30 08:40:00,2.03195331768
2018-07-30 08:41:00,-7.08157968232
2018-07-30 08:42:00,-7.08157968232
2018-07-30 08:43:00,2.03195331768
2018-07-30 08:44:00,2.03195331768
2018-07-30 08:45:00,2.03195331768
2018-07-30 08:46:00,2.03195331768
2018-07-30 08:47:00,2.03195331768
2018-07-30 08:48:00,2.03195331768
2018-07-30 08:49:00,2.03195331768
2018-07-30 08:50:00,2.03195331768
2018-07-30 08:51:00,2.03195331768
2018-07-30 08:52:00,2.03195331768
2018-07-30 08:53:00,2.03195331768
2018-07-30 08:54:00,11.1454863177
2018-07-30 08:55:00,11.1454863177
2018-07-30 08:56:00,11.1454863177
2018-07-30 08:57:00,11.1454863177
2018-07-30 08:58:00,2.03195331768
2018-07-30 08:59:00,2.03195331768
2018-07-30 09:00:00,-7.08157968232
2018-07-30 09:01:00,-7.08157968232
2018-07-30 09:02:00,-7.08157968232
2018-07-30 09:03:00,-7.08157968232
2018-07-30 09:04:00,2.03195331768
2018-07-30 09:05:00,2.03195331768
2018-07-30 09:06:00,2.03195331768
2018-07-30 09:07:00,2.03195331768
2018-07-30 09:08:00,2.03195331768
2018-07-30 09:09:00,2.03195331768
2018-07-30 09:10:00,2.03195331768
2018-07-30 09:11:00,2.03195331768
2018-07-30 09:12:00,2.03195331768
2018-07-30 09:13:00,2.03195331768
2018-07-30 09:14:00,2.03195331768
2018-07-30 09:15:00,2.03195331768
2018-07-30 09:16:00,2.03195331768
2018-07-30 09:17:00,11.1454863177
2018-07-30 09:18:00,11.1454863177
2018-07-30 09:19:00,11.1454863177
2018-07-30 09:20:00,11.1454863177
2018-07-30 09:21:00,11.1454863177
2018-07-30 09:22:00,2.03195331768
2018-07-30 09:23:00,2.03195331768
2018-07-30 09:24:00,2.03195331768
2018-07-30 09:25:00,2.03195331768
2018-07-30 09:26:00,2.03195331768
2018-07-30 09:27:00,2.03195331768
2018-07-30 09:28:00,2.03195331768
2018-07-30 09:29:00,-7.08157968232
2018-07-30 09:30:00,-16.1951126823
2018-07-30 09:31:00,-16.1951126823
2018-07-30 09:32:00,-16.1951126823
2018-07-30 09:33:00,-16.1951126823
2018-07-30 09:34:00,-16.1951126823
2018-07-30 09:35:00,-16.1951126823
2018-07-30 09:36:00,-16.1951126823
2018-07-30 09:37:00,-16.1951126823
2018-07-30 09:38:00,-16.1951126823
2018-07-30 09:39:00,-16.1951126823
2018-07-30 09:40:00,-25.3086456823
2018-07-30 09:41:00,-25.3086456823
2018-07-30 09:42:00,-25.3086456823
2018-07-30 09:43:00,-25.3086456823
2018-07-30 09:44:00,-25.3086456823
2018-07-30 09:45:00,-25.3086456823
2018-07-30 09:46:00,-34.4221786823
2018-07-30 09:47:00,-70.8763106823
2018-07-30 09:48:00,-79.9898436823
2018-07-30 09:49:00,-89.1033766823
2018-07-30 09:50:00,-79.9898436823
2018-07-30 09:51:00,-79.9898436823
2018-07-30 09:52:00,-89.1033766823
2018-07-30 09:53:00,-89.1033766823
2018-07-30 09:54:00,-70.8763106823
2018-07-30 09:55:00,-89.1033766823
2018-07-30 09:56:00,-89.1033766823
2018-07-30 09:57:00,-89.1033766823
2018-07-30 09:58:00,-89.1033766823
2018-07-30 09:59:00,-89.1033766823
2018-07-30 10:00:00,-79.9898436823
2018-07-30 10:01:00,-89.1033766823
2018-07-30 10:02:00,-79.9898436823
2018-07-30 10:03:00,-70.8763106823
2018-07-30 10:04:00,-70.8763106823
2018-07-30 10:05:00,-70.8763106823
2018-07-30 10:06:00,-61.7627776823
2018-07-30 10:07:00,-70.8763106823
2018-07-30 10:08:00,-61.7627776823
2018-07-30 10:09:00,-61.7627776823
2018-07-30 10:10:00,-79.9898436823
2018-07-30 10:11:00,-70.8763106823
2018-07-30 10:12:00,-70.8763106823
2018-07-30 10:13:00,-79.9898436823
2018-07-30 10:14:00,-79.9898436823
2018-07-30 10:15:00,-79.9898436823
2018-07-30 10:16:00,-89.1033766823
2018-07-30 10:17:00,-79.9898436823
2018-07-30 10:18:00,-79.9898436823
2018-07-30 10:19:00,-79.9898436823
2018-07-30 10:20:00,-89.1033766823
2018-07-30 10:21:00,-98.2169096823
2018-07-30 10:22:00,-89.1033766823
2018-07-30 10:23:00,-89.1033766823
2018-07-30 10:24:00,-89.1033766823
2018-07-30 10:25:00,-98.2169096823
2018-07-30 10:26:00,-98.2169096823
2018-07-30 10:27:00,-98.2169096823
2018-07-30 10:28:00,-98.2169096823
2018-07-30 10:29:00,-107.330442682
2018-07-30 10:30:00,-98.2169096823
2018-07-30 10:31:00,-89.1033766823
2018-07-30 10:32:00,-89.1033766823
2018-07-30 10:33:00,-98.2169096823
2018-07-30 10:34:00,-98.2169096823
2018-07-30 10:35:00,-89.1033766823
2018-07-30 10:36:00,-98.2169096823
2018-07-30 10:37:00,-89.1033766823
2018-07-30 10:38:00,-89.1033766823
2018-07-30 10:39:00,-89.1033766823
2018-07-30 10:40:00,-89.1033766823
2018-07-30 10:41:00,-89.1033766823
2018-07-30 10:42:00,-89.1033766823
2018-07-30 10:43:00,-89.1033766823
2018-07-30 10:44:00,-79.9898436823
2018-07-30 10:45:00,-89.1033766823
2018-07-30 10:46:00,-79.9898436823
2018-07-30 10:47:00,-70.8763106823
2018-07-30 10:48:00,-61.7627776823
2018-07-30 10:49:00,-61.7627776823
2018-07-30 10:50:00,-61.7627776823
2018-07-30 10:51:00,-61.7627776823
2018-07-30 10:52:00,-61.7627776823
2018-07-30 10:53:00,-79.9898436823
2018-07-30 10:54:00,-79.9898436823
2018-07-30 10:55:00,-70.8763106823
2018-07-30 10:56:00,-61.7627776823
2018-07-30 10:57:00,-61.7627776823
2018-07-30 10:58:00,-61.7627776823
2018-07-30 10:59:00,-61.7627776823
2018-07-30 11:00:00,-52.6492446823
2018-07-30 11:01:00,-43.5357116823
2018-07-30 11:02:00,-43.5357116823
2018-07-30 11:03:00,-34.4221786823
2018-07-30 11:04:00,-25.3086456823
2018-07-30 11:05:00,-25.3086456823
2018-07-30 11:06:00,-16.1951126823
2018-07-30 11:07:00,-16.1951126823
2018-07-30 11:08:00,-16.1951126823
2018-07-30 11:09:00,-34.4221786823
2018-07-30 11:10:00,-25.3086456823
2018-07-30 11:11:00,-25.3086456823
2018-07-30 11:12:00,-16.1951126823
2018-07-30 11:13:00,-16.1951126823
2018-07-30 11:14:00,-16.1951126823
2018-07-30 11:15:00,-16.1951126823
2018-07-30 11:16:00,-16.1951126823
2018-07-30 11:17:00,-16.1951126823
2018-07-30 11:18:00,-16.1951126823
2018-07-30 11:19:00,-16.1951126823
2018-07-30 11:20:00,-16.1951126823
2018-07-30 11:21:00,-16.1951126823
2018-07-30 11:22:00,-16.1951126823
2018-07-30 11:23:00,-16.1951126823
2018-07-30 11:24:00,-25.3086456823
2018-07-30 11:25:00,-25.3086456823
2018-07-30 11:26:00,-25.3086456823
2018-07-30 11:27:00,-16.1951126823
2018-07-30 11:28:00,-16.1951126823
2018-07-30 11:29:00,-34.4221786823
2018-07-30 11:30:00,-34.4221786823
2018-07-30 11:31:00,-34.4221786823
2018-07-30 11:32:00,-34.4221786823
2018-07-30 11:33:00,-25.3086456823
2018-07-30 11:34:00,-25.3086456823
2018-07-30 11:35:00,-25.3086456823
2018-07-30 11:36:00,-25.3086456823
2018-07-30 11:37:00,-25.3086456823
2018-07-30 11:38:00,-25.3086456823
2018-07-30 11:39:00,-25.3086456823
2018-07-30 11:40:00,-25.3086456823
2018-07-30 11:41:00,-25.3086456823
2018-07-30 11:42:00,-16.1951126823
2018-07-30 11:43:00,-16.1951126823
2018-07-30 11:44:00,-16.1951126823
2018-07-30 11:45:00,-16.1951126823
2018-07-30 11:46:00,-16.1951126823
2018-07-30 11:47:00,-16.1951126823
2018-07-30 11:48:00,-16.1951126823
2018-07-30 11:49:00,-16.1951126823
2018-07-30 11:50:00,-16.1951126823
2018-07-30 11:51:00,-25.3086456823
2018-07-30 11:52:00,-16.1951126823
2018-07-30 11:53:00,-16.1951126823
2018-07-30 11:54:00,-16.1951126823
2018-07-30 11:55:00,-16.1951126823
2018-07-30 11:56:00,-16.1951126823
2018-07-30 11:57:00,-16.1951126823
2018-07-30 11:58:00,-16.1951126823
2018-07-30 11:59:00,-16.1951126823
2018-07-31 01:29:00,-271.374765765
2018-07-31 01:30:00,-271.374765765
2018-07-31 01:31:00,-271.374765765
2018-07-31 01:32:00,-271.374765765
2018-07-31 01:33:00,-271.374765765
2018-07-31 01:34:00,29.371823235
2018-07-31 01:35:00,29.371823235
2018-07-31 01:36:00,29.371823235
2018-07-31 01:37:00,20.258290235
2018-07-31 01:38:00,2.03122423504
2018-07-31 01:39:00,2.03122423504
2018-07-31 01:40:00,-7.08230876496
2018-07-31 01:41:00,-7.08230876496
2018-07-31 01:42:00,11.144757235
2018-07-31 01:43:00,11.144757235
2018-07-31 01:44:00,20.258290235
2018-07-31 01:45:00,20.258290235
2018-07-31 01:46:00,20.258290235
2018-07-31 01:47:00,20.258290235
2018-07-31 01:48:00,20.258290235
2018-07-31 01:49:00,20.258290235
2018-07-31 01:50:00,11.144757235
2018-07-31 01:51:00,11.144757235
2018-07-31 01:52:00,11.144757235
2018-07-31 01:53:00,11.144757235
2018-07-31 01:54:00,11.144757235
2018-07-31 01:55:00,11.144757235
2018-07-31 01:56:00,11.144757235
2018-07-31 01:57:00,11.144757235
2018-07-31 01:58:00,11.144757235
2018-07-31 01:59:00,11.144757235
2018-07-31 02:00:00,29.371823235
2018-07-31 02:01:00,11.144757235
2018-07-31 02:02:00,11.144757235
2018-07-31 02:03:00,20.258290235
2018-07-31 02:04:00,20.258290235
2018-07-31 02:05:00,20.258290235
2018-07-31 02:06:00,20.258290235
2018-07-31 02:07:00,38.485356235
2018-07-31 02:08:00,29.371823235
2018-07-31 02:09:00,29.371823235
2018-07-31 02:10:00,29.371823235
2018-07-31 02:11:00,38.485356235
2018-07-31 02:12:00,47.598889235
2018-07-31 02:13:00,38.485356235
2018-07-31 02:14:00,29.371823235
2018-07-31 02:15:00,29.371823235
2018-07-31 02:16:00,29.371823235
2018-07-31 02:17:00,20.258290235
2018-07-31 02:18:00,29.371823235
2018-07-31 02:19:00,20.258290235
2018-07-31 02:20:00,11.144757235
2018-07-31 02:21:00,11.144757235
2018-07-31 02:22:00,11.144757235
2018-07-31 02:23:00,11.144757235
2018-07-31 02:24:00,11.144757235
2018-07-31 02:25:00,11.144757235
2018-07-31 02:26:00,11.144757235
2018-07-31 02:27:00,11.144757235
2018-07-31 02:28:00,11.144757235
2018-07-31 02:29:00,11.144757235
2018-07-31 02:30:00,-16.195841765
2018-07-31 02:31:00,-16.195841765
2018-07-31 02:32:00,-16.195841765
2018-07-31 02:33:00,-16.195841765
2018-07-31 02:34:00,-16.195841765
2018-07-31 02:35:00,-16.195841765
2018-07-31 02:36:00,-16.195841765
2018-07-31 02:37:00,-16.195841765
2018-07-31 02:38:00,-16.195841765
2018-07-31 02:39:00,-16.195841765
2018-07-31 02:40:00,-16.195841765
2018-07-31 02:41:00,2.03122423504
2018-07-31 02:42:00,-7.08230876496
2018-07-31 02:43:00,2.03122423504
2018-07-31 02:44:00,2.03122423504
2018-07-31 02:45:00,2.03122423504
2018-07-31 02:46:00,-7.08230876496
2018-07-31 02:47:00,-7.08230876496
2018-07-31 02:48:00,-16.195841765
2018-07-31 02:49:00,-16.195841765
2018-07-31 02:50:00,-16.195841765
2018-07-31 02:51:00,-25.309374765
2018-07-31 02:52:00,-25.309374765
2018-07-31 02:53:00,-25.309374765
2018-07-31 02:54:00,-25.309374765
2018-07-31 02:55:00,-25.309374765
2018-07-31 02:56:00,-25.309374765
2018-07-31 02:57:00,-25.309374765
2018-07-31 02:58:00,-25.309374765
2018-07-31 02:59:00,-25.309374765
2018-07-31 03:00:00,-25.309374765
2018-07-31 03:01:00,-25.309374765
2018-07-31 03:02:00,-34.422907765
2018-07-31 03:03:00,-34.422907765
2018-07-31 03:04:00,-34.422907765
2018-07-31 03:05:00,-34.422907765
2018-07-31 03:06:00,-34.422907765
2018-07-31 03:07:00,-34.422907765
2018-07-31 03:08:00,-34.422907765
2018-07-31 03:09:00,-52.649973765
2018-07-31 03:10:00,-52.649973765
2018-07-31 03:11:00,-52.649973765
2018-07-31 03:12:00,-52.649973765
2018-07-31 03:13:00,-52.649973765
2018-07-31 03:14:00,-52.649973765
2018-07-31 03:15:00,-43.536440765
2018-07-31 03:16:00,-70.877039765
2018-07-31 03:17:00,-70.877039765
2018-07-31 03:18:00,-70.877039765
2018-07-31 03:19:00,-61.763506765
2018-07-31 03:20:00,-70.877039765
2018-07-31 03:21:00,-70.877039765
2018-07-31 03:22:00,-61.763506765
2018-07-31 03:23:00,-61.763506765
2018-07-31 03:24:00,-70.877039765
2018-07-31 03:25:00,-70.877039765
2018-07-31 03:26:00,-70.877039765
2018-07-31 03:27:00,-61.763506765
2018-07-31 03:28:00,-70.877039765
2018-07-31 03:29:00,-70.877039765
2018-07-31 03:30:00,-70.877039765
2018-07-31 03:31:00,-79.990572765
2018-07-31 03:32:00,-89.104105765
2018-07-31 03:33:00,-89.104105765
2018-07-31 03:34:00,-79.990572765
2018-07-31 03:35:00,-79.990572765
2018-07-31 03:36:00,-79.990572765
2018-07-31 03:37:00,-61.763506765
2018-07-31 03:38:00,-61.763506765
2018-07-31 03:39:00,-89.104105765
2018-07-31 03:40:00,-89.104105765
2018-07-31 03:41:00,-89.104105765
2018-07-31 03:42:00,-79.990572765
2018-07-31 03:43:00,-79.990572765
2018-07-31 03:44:00,-89.104105765
2018-07-31 03:45:00,-89.104105765
2018-07-31 03:46:00,-79.990572765
2018-07-31 03:47:00,-79.990572765
2018-07-31 03:48:00,-61.763506765
2018-07-31 03:49:00,-61.763506765
2018-07-31 03:50:00,-61.763506765
2018-07-31 03:51:00,-61.763506765
2018-07-31 03:52:00,-61.763506765
2018-07-31 03:53:00,-61.763506765
2018-07-31 03:54:00,-61.763506765
2018-07-31 03:55:00,-61.763506765
2018-07-31 03:56:00,-61.763506765
2018-07-31 03:57:00,-61.763506765
2018-07-31 03:58:00,-61.763506765
2018-07-31 03:59:00,-61.763506765
2018-07-31 04:00:00,-79.990572765
2018-07-31 04:01:00,-79.990572765
2018-07-31 04:02:00,-79.990572765
2018-07-31 04:03:00,-79.990572765
2018-07-31 04:04:00,-89.104105765
2018-07-31 04:05:00,-89.104105765
2018-07-31 04:06:00,-98.217638765
2018-07-31 04:07:00,-107.331171765
2018-07-31 04:08:00,-107.331171765
2018-07-31 04:09:00,-107.331171765
2018-07-31 04:10:00,-107.331171765
2018-07-31 04:11:00,-116.444704765
2018-07-31 04:12:00,-116.444704765
2018-07-31 04:13:00,-116.444704765
2018-07-31 04:14:00,-107.331171765
2018-07-31 04:15:00,-107.331171765
2018-07-31 04:16:00,-107.331171765
2018-07-31 04:17:00,-107.331171765
2018-07-31 04:18:00,-98.217638765
2018-07-31 04:19:00,-107.331171765
2018-07-31 04:20:00,-107.331171765
2018-07-31 04:21:00,-107.331171765
2018-07-31 04:22:00,-98.217638765
2018-07-31 04:23:00,-98.217638765
2018-07-31 04:24:00,-107.331171765
2018-07-31 04:25:00,-107.331171765
2018-07-31 04:26:00,-107.331171765
2018-07-31 04:27:00,-107.331171765
2018-07-31 04:28:00,-107.331171765
2018-07-31 04:29:00,-107.331171765
2018-07-31 04:30:00,-107.331171765
2018-07-31 04:31:00,-125.558237765
2018-07-31 04:32:00,-125.558237765
2018-07-31 04:33:00,-116.444704765
2018-07-31 04:34:00,-116.444704765
2018-07-31 04:35:00,-116.444704765
2018-07-31 04:36:00,-98.217638765
2018-07-31 04:37:00,-98.217638765
2018-07-31 04:38:00,-70.877039765
2018-07-31 04:39:00,-70.877039765
2018-07-31 04:40:00,-70.877039765
2018-07-31 04:41:00,-70.877039765
2018-07-31 04:42:00,-70.877039765
2018-07-31 04:43:00,-70.877039765
2018-07-31 04:44:00,-70.877039765
2018-07-31 04:45:00,-70.877039765
2018-07-31 04:46:00,-70.877039765
2018-07-31 04:47:00,-70.877039765
2018-07-31 04:48:00,-70.877039765
2018-07-31 04:49:00,-79.990572765
2018-07-31 04:50:00,-70.877039765
2018-07-31 04:51:00,-70.877039765
2018-07-31 04:52:00,-70.877039765
2018-07-31 04:53:00,-70.877039765
2018-07-31 04:54:00,-79.990572765
2018-07-31 04:55:00,-79.990572765
2018-07-31 04:56:00,-79.990572765
2018-07-31 04:57:00,-79.990572765
2018-07-31 04:58:00,-79.990572765
2018-07-31 04:59:00,-79.990572765
2018-07-31 05:00:00,-79.990572765
2018-07-31 05:01:00,-79.990572765
2018-07-31 05:02:00,-79.990572765
2018-07-31 05:03:00,-89.104105765
2018-07-31 05:04:00,-89.104105765
2018-07-31 05:05:00,-89.104105765
2018-07-31 05:06:00,-89.104105765
2018-07-31 05:07:00,-89.104105765
2018-07-31 05:08:00,-89.104105765
2018-07-31 05:09:00,-89.104105765
2018-07-31 05:10:00,-89.104105765
2018-07-31 05:11:00,-79.990572765
2018-07-31 05:12:00,-70.877039765
2018-07-31 05:13:00,-70.877039765
2018-07-31 05:14:00,-89.104105765
2018-07-31 05:15:00,-89.104105765
2018-07-31 05:16:00,-89.104105765
2018-07-31 05:17:00,-89.104105765
2018-07-31 05:18:00,-89.104105765
2018-07-31 05:19:00,-89.104105765
2018-07-31 05:20:00,-79.990572765
2018-07-31 05:21:00,-89.104105765
2018-07-31 05:22:00,-89.104105765
2018-07-31 05:23:00,-89.104105765
2018-07-31 05:24:00,-89.104105765
2018-07-31 05:25:00,-89.104105765
2018-07-31 05:26:00,-89.104105765
2018-07-31 05:27:00,-89.104105765
2018-07-31 05:28:00,-89.104105765
2018-07-31 05:29:00,-89.104105765
2018-07-31 05:30:00,-89.104105765
2018-07-31 05:31:00,-89.104105765
2018-07-31 05:32:00,-89.104105765
2018-07-31 05:33:00,-89.104105765
2018-07-31 05:34:00,-89.104105765
2018-07-31 05:35:00,-89.104105765
2018-07-31 05:36:00,-107.331171765
2018-07-31 05:37:00,-107.331171765
2018-07-31 05:38:00,-107.331171765
2018-07-31 05:39:00,-107.331171765
2018-07-31 05:40:00,-107.331171765
2018-07-31 05:41:00,-107.331171765
2018-07-31 05:42:00,-98.217638765
2018-07-31 05:43:00,-107.331171765
2018-07-31 05:44:00,-107.331171765
2018-07-31 05:45:00,-107.331171765
2018-07-31 05:46:00,-107.331171765
2018-07-31 05:47:00,-107.331171765
2018-07-31 05:48:00,-107.331171765
2018-07-31 05:49:00,-107.331171765
2018-07-31 05:50:00,-79.990572765
2018-07-31 05:51:00,-79.990572765
2018-07-31 05:52:00,-79.990572765
2018-07-31 05:53:00,-79.990572765
2018-07-31 05:54:00,-89.104105765
2018-07-31 05:55:00,-89.104105765
2018-07-31 05:56:00,-89.104105765
2018-07-31 05:57:00,-89.104105765
2018-07-31 05:58:00,-89.104105765
2018-07-31 05:59:00,-70.877039765
2018-07-31 06:00:00,-70.877039765
2018-07-31 06:01:00,-70.877039765
2018-07-31 06:02:00,-70.877039765
2018-07-31 06:03:00,-70.877039765
2018-07-31 06:04:00,-70.877039765
2018-07-31 06:05:00,-70.877039765
2018-07-31 06:06:00,-70.877039765
2018-07-31 06:07:00,-79.990572765
2018-07-31 06:08:00,-79.990572765
2018-07-31 06:09:00,-89.104105765
2018-07-31 06:10:00,-89.104105765
2018-07-31 06:11:00,-89.104105765
2018-07-31 06:12:00,-79.990572765
2018-07-31 06:13:00,-79.990572765
2018-07-31 06:14:00,-79.990572765
2018-07-31 06:15:00,-79.990572765
2018-07-31 06:16:00,-79.990572765
2018-07-31 06:17:00,-79.990572765
2018-07-31 06:18:00,-79.990572765
2018-07-31 06:19:00,-79.990572765
2018-07-31 06:20:00,-79.990572765
2018-07-31 06:21:00,-79.990572765
2018-07-31 06:22:00,-89.104105765
2018-07-31 06:23:00,-89.104105765
2018-07-31 06:24:00,-79.990572765
2018-07-31 06:25:00,-79.990572765
2018-07-31 06:26:00,-79.990572765
2018-07-31 06:27:00,-79.990572765
2018-07-31 06:28:00,-79.990572765
2018-07-31 06:29:00,-79.990572765
2018-07-31 06:30:00,-79.990572765
2018-07-31 06:31:00,-79.990572765
2018-07-31 06:32:00,-79.990572765
2018-07-31 06:33:00,-79.990572765
2018-07-31 06:34:00,-79.990572765
2018-07-31 06:35:00,-79.990572765
2018-07-31 06:36:00,-79.990572765
2018-07-31 06:37:00,-79.990572765
2018-07-31 06:38:00,-79.990572765
2018-07-31 06:39:00,-79.990572765
2018-07-31 06:40:00,-79.990572765
2018-07-31 06:41:00,-79.990572765
2018-07-31 06:42:00,-79.990572765
2018-07-31 06:43:00,-79.990572765
2018-07-31 06:44:00,-79.990572765
2018-07-31 06:45:00,-79.990572765
2018-07-31 06:46:00,-79.990572765
2018-07-31 06:47:00,-79.990572765
2018-07-31 06:48:00,-79.990572765
2018-07-31 06:49:00,-61.763506765
2018-07-31 06:50:00,-61.763506765
2018-07-31 06:51:00,-61.763506765
2018-07-31 06:52:00,-61.763506765
2018-07-31 06:53:00,-61.763506765
2018-07-31 06:54:00,-61.763506765
2018-07-31 06:55:00,-61.763506765
2018-07-31 06:56:00,-70.877039765
2018-07-31 06:57:00,-70.877039765
2018-07-31 06:58:00,-79.990572765
2018-07-31 06:59:00,-70.877039765
2018-07-31 07:00:00,-70.877039765
2018-07-31 07:01:00,-70.877039765
2018-07-31 07:02:00,-70.877039765
2018-07-31 07:03:00,-70.877039765
2018-07-31 07:04:00,-70.877039765
2018-07-31 07:05:00,-52.649973765
2018-07-31 07:06:00,-52.649973765
2018-07-31 07:07:00,-52.649973765
2018-07-31 07:08:00,-52.649973765
2018-07-31 07:09:00,-61.763506765
2018-07-31 07:10:00,-61.763506765
2018-07-31 07:11:00,-61.763506765
2018-07-31 07:12:00,-61.763506765
2018-07-31 07:13:00,-61.763506765
2018-07-31 07:14:00,-61.763506765
2018-07-31 07:15:00,-70.877039765
2018-07-31 07:16:00,-61.763506765
2018-07-31 07:17:00,-61.763506765
2018-07-31 07:18:00,-61.763506765
2018-07-31 07:19:00,-61.763506765
2018-07-31 07:20:00,-70.877039765
2018-07-31 07:21:00,-70.877039765
2018-07-31 07:22:00,-70.877039765
2018-07-31 07:23:00,-70.877039765
2018-07-31 07:24:00,-70.877039765
2018-07-31 07:25:00,-70.877039765
2018-07-31 07:26:00,-70.877039765
2018-07-31 07:27:00,-70.877039765
2018-07-31 07:28:00,-70.877039765
2018-07-31 07:29:00,-70.877039765
2018-07-31 07:30:00,-61.763506765
2018-07-31 07:31:00,-70.877039765
2018-07-31 07:32:00,-61.763506765
2018-07-31 07:33:00,-61.763506765
2018-07-31 07:34:00,-61.763506765
2018-07-31 07:35:00,-61.763506765
2018-07-31 07:36:00,-61.763506765
2018-07-31 07:37:00,-61.763506765
2018-07-31 07:38:00,-52.649973765
2018-07-31 07:39:00,-52.649973765
2018-07-31 07:40:00,-52.649973765
2018-07-31 07:41:00,-52.649973765
2018-07-31 07:42:00,-52.649973765
2018-07-31 07:43:00,-52.649973765
2018-07-31 07:44:00,-52.649973765
2018-07-31 07:45:00,-52.649973765
2018-07-31 07:46:00,-52.649973765
2018-07-31 07:47:00,-52.649973765
2018-07-31 07:48:00,-52.649973765
2018-07-31 07:49:00,-52.649973765
2018-07-31 07:50:00,-43.536440765
2018-07-31 07:51:00,-52.649973765
2018-07-31 07:52:00,-52.649973765
2018-07-31 07:53:00,-52.649973765
2018-07-31 07:54:00,-52.649973765
2018-07-31 07:55:00,-52.649973765
2018-07-31 07:56:00,-52.649973765
2018-07-31 07:57:00,-52.649973765
2018-07-31 07:58:00,-52.649973765
2018-07-31 07:59:00,-52.649973765
2018-07-31 08:00:00,-52.649973765
2018-07-31 08:01:00,-52.649973765
2018-07-31 08:02:00,-34.422907765
2018-07-31 08:03:00,-34.422907765
2018-07-31 08:04:00,-34.422907765
2018-07-31 08:05:00,-34.422907765
2018-07-31 08:06:00,-52.649973765
2018-07-31 08:07:00,-52.649973765
2018-07-31 08:08:00,-43.536440765
2018-07-31 08:09:00,-43.536440765
2018-07-31 08:10:00,-34.422907765
2018-07-31 08:11:00,-34.422907765
2018-07-31 08:12:00,-34.422907765
2018-07-31 08:13:00,-34.422907765
2018-07-31 08:14:00,-34.422907765
2018-07-31 08:15:00,-34.422907765
2018-07-31 08:16:00,-34.422907765
2018-07-31 08:17:00,-34.422907765
2018-07-31 08:18:00,-34.422907765
2018-07-31 08:19:00,-34.422907765
2018-07-31 08:20:00,-34.422907765
2018-07-31 08:21:00,-34.422907765
2018-07-31 08:22:00,-34.422907765
2018-07-31 08:23:00,-34.422907765
2018-07-31 08:24:00,-79.990572765
2018-07-31 08:25:00,-70.877039765
2018-07-31 08:26:00,-70.877039765
2018-07-31 08:27:00,-70.877039765
2018-07-31 08:28:00,-79.990572765
2018-07-31 08:29:00,-70.877039765
2018-07-31 08:30:00,-89.104105765
2018-07-31 08:31:00,-89.104105765
2018-07-31 08:32:00,-61.763506765
2018-07-31 08:33:00,-70.877039765
2018-07-31 08:34:00,-70.877039765
2018-07-31 08:35:00,-70.877039765
2018-07-31 08:36:00,-70.877039765
2018-07-31 08:37:00,-70.877039765
2018-07-31 08:38:00,-70.877039765
2018-07-31 08:39:00,-70.877039765
2018-07-31 08:40:00,-89.104105765
2018-07-31 08:41:00,-79.990572765
2018-07-31 08:42:00,-70.877039765
2018-07-31 08:43:00,-70.877039765
2018-07-31 08:44:00,-79.990572765
2018-07-31 08:45:00,-79.990572765
2018-07-31 08:46:00,-70.877039765
2018-07-31 08:47:00,-70.877039765
2018-07-31 08:48:00,-70.877039765
2018-07-31 08:49:00,-70.877039765
2018-07-31 08:50:00,-61.763506765
2018-07-31 08:51:00,-61.763506765
2018-07-31 08:52:00,-61.763506765
2018-07-31 08:53:00,-61.763506765
2018-07-31 08:54:00,-61.763506765
2018-07-31 08:55:00,-61.763506765
2018-07-31 08:56:00,-61.763506765
2018-07-31 08:57:00,-61.763506765
2018-07-31 08:58:00,-61.763506765
2018-07-31 08:59:00,-61.763506765
2018-07-31 09:00:00,-61.763506765
2018-07-31 09:01:00,-70.877039765
2018-07-31 09:02:00,-70.877039765
2018-07-31 09:03:00,-61.763506765
2018-07-31 09:04:00,-70.877039765
2018-07-31 09:05:00,-70.877039765
2018-07-31 09:06:00,-61.763506765
2018-07-31 09:07:00,-70.877039765
2018-07-31 09:08:00,-79.990572765
2018-07-31 09:09:00,-79.990572765
2018-07-31 09:10:00,-79.990572765
2018-07-31 09:11:00,-70.877039765
2018-07-31 09:12:00,-70.877039765
2018-07-31 09:13:00,-70.877039765
2018-07-31 09:14:00,-61.763506765
2018-07-31 09:15:00,-61.763506765
2018-07-31 09:16:00,-70.877039765
2018-07-31 09:17:00,-70.877039765
2018-07-31 09:18:00,-70.877039765
2018-07-31 09:19:00,-70.877039765
2018-07-31 09:20:00,-79.990572765
2018-07-31 09:21:00,-79.990572765
2018-07-31 09:22:00,-79.990572765
2018-07-31 09:23:00,-79.990572765
2018-07-31 09:24:00,-70.877039765
2018-07-31 09:25:00,-79.990572765
2018-07-31 09:26:00,-79.990572765
2018-07-31 09:27:00,-79.990572765
2018-07-31 09:28:00,-79.990572765
2018-07-31 09:29:00,-89.104105765
2018-07-31 09:30:00,-89.104105765
2018-07-31 09:31:00,-89.104105765
2018-07-31 09:32:00,-89.104105765
2018-07-31 09:33:00,-70.877039765
2018-07-31 09:34:00,-70.877039765
2018-07-31 09:35:00,-70.877039765
2018-07-31 09:36:00,-70.877039765
2018-07-31 09:37:00,-70.877039765
2018-07-31 09:38:00,-70.877039765
2018-07-31 09:39:00,-70.877039765
2018-07-31 09:40:00,-70.877039765
2018-07-31 09:41:00,-70.877039765
2018-07-31 09:42:00,-61.763506765
2018-07-31 09:43:00,-52.649973765
2018-07-31 09:44:00,-52.649973765
2018-07-31 09:45:00,-52.649973765
2018-07-31 09:46:00,-52.649973765
2018-07-31 09:47:00,-52.649973765
2018-07-31 09:48:00,-52.649973765
2018-07-31 09:49:00,-61.763506765
2018-07-31 09:50:00,-70.877039765
2018-07-31 09:51:00,-52.649973765
2018-07-31 09:52:00,-52.649973765
2018-07-31 09:53:00,-52.649973765
2018-07-31 09:54:00,-61.763506765
2018-07-31 09:55:00,-61.763506765
2018-07-31 09:56:00,-52.649973765
2018-07-31 09:57:00,-61.763506765
2018-07-31 09:58:00,-61.763506765
2018-07-31 09:59:00,-52.649973765
2018-07-31 10:00:00,-52.649973765
2018-07-31 10:01:00,-52.649973765
2018-07-31 10:02:00,-52.649973765
2018-07-31 10:03:00,-61.763506765
2018-07-31 10:04:00,-52.649973765
2018-07-31 10:05:00,-52.649973765
2018-07-31 10:06:00,-52.649973765
2018-07-31 10:07:00,-52.649973765
2018-07-31 10:08:00,-52.649973765
2018-07-31 10:09:00,-52.649973765
2018-07-31 10:10:00,-52.649973765
2018-07-31 10:11:00,-52.649973765
2018-07-31 10:12:00,-43.536440765
2018-07-31 10:13:00,-52.649973765
2018-07-31 10:14:00,-52.649973765
2018-07-31 10:15:00,-43.536440765
2018-07-31 10:16:00,-43.536440765
2018-07-31 10:17:00,-43.536440765
2018-07-31 10:18:00,-43.536440765
2018-07-31 10:19:00,-52.649973765
2018-07-31 10:20:00,-52.649973765
2018-07-31 10:21:00,-52.649973765
2018-07-31 10:22:00,-43.536440765
2018-07-31 10:23:00,-43.536440765
2018-07-31 10:24:00,-34.422907765
2018-07-31 10:25:00,-43.536440765
2018-07-31 10:26:00,-43.536440765
2018-07-31 10:27:00,-43.536440765
2018-07-31 10:28:00,-43.536440765
2018-07-31 10:29:00,-43.536440765
2018-07-31 10:30:00,-43.536440765
2018-07-31 10:31:00,-34.422907765
2018-07-31 10:32:00,-43.536440765
2018-07-31 10:33:00,-25.309374765
2018-07-31 10:34:00,-34.422907765
2018-07-31 10:35:00,-34.422907765
2018-07-31 10:36:00,-34.422907765
2018-07-31 10:37:00,-34.422907765
2018-07-31 10:38:00,-34.422907765
2018-07-31 10:39:00,-34.422907765
2018-07-31 10:40:00,-34.422907765
2018-07-31 10:41:00,-34.422907765
2018-07-31 10:42:00,-34.422907765
2018-07-31 10:43:00,-34.422907765
2018-07-31 10:44:00,-34.422907765
2018-07-31 10:45:00,-34.422907765
2018-07-31 10:46:00,-34.422907765
2018-07-31 10:47:00,-52.649973765
2018-07-31 10:48:00,-52.649973765
2018-07-31 10:49:00,-52.649973765
2018-07-31 10:50:00,-52.649973765
2018-07-31 10:51:00,-43.536440765
2018-07-31 10:52:00,-52.649973765
2018-07-31 10:53:00,-52.649973765
2018-07-31 10:54:00,-52.649973765
2018-07-31 10:55:00,-52.649973765
2018-07-31 10:56:00,-52.649973765
2018-07-31 10:57:00,-52.649973765
2018-07-31 10:58:00,-52.649973765
2018-07-31 10:59:00,-52.649973765
2018-07-31 11:00:00,-52.649973765
2018-07-31 11:01:00,-52.649973765
2018-07-31 11:02:00,-52.649973765
2018-07-31 11:03:00,-61.763506765
2018-07-31 11:04:00,-52.649973765
2018-07-31 11:05:00,-52.649973765
2018-07-31 11:06:00,-52.649973765
2018-07-31 11:07:00,-52.649973765
2018-07-31 11:08:00,-52.649973765
2018-07-31 11:09:00,-52.649973765
2018-07-31 11:10:00,-52.649973765
2018-07-31 11:11:00,-52.649973765
2018-07-31 11:12:00,-52.649973765
2018-07-31 11:13:00,-52.649973765
2018-07-31 11:14:00,-52.649973765
2018-07-31 11:15:00,-43.536440765
2018-07-31 11:16:00,-43.536440765
2018-07-31 11:17:00,-43.536440765
2018-07-31 11:18:00,-34.422907765
2018-07-31 11:19:00,-34.422907765
2018-07-31 11:20:00,-34.422907765
2018-07-31 11:21:00,-34.422907765
2018-07-31 11:22:00,-34.422907765
2018-07-31 11:23:00,-34.422907765
2018-07-31 11:24:00,-34.422907765
2018-07-31 11:25:00,-34.422907765
2018-07-31 11:26:00,-34.422907765
2018-07-31 11:27:00,-34.422907765
2018-07-31 11:28:00,-34.422907765
2018-07-31 11:29:00,-34.422907765
2018-07-31 11:30:00,-34.422907765
2018-07-31 11:31:00,-43.536440765
2018-07-31 11:32:00,-52.649973765
2018-07-31 11:33:00,-52.649973765
2018-07-31 11:34:00,-52.649973765
2018-07-31 11:35:00,-52.649973765
2018-07-31 11:36:00,-52.649973765
2018-07-31 11:37:00,-52.649973765
2018-07-31 11:38:00,-52.649973765
2018-07-31 11:39:00,-52.649973765
2018-07-31 11:40:00,-52.649973765
2018-07-31 11:41:00,-52.649973765
2018-07-31 11:42:00,-52.649973765
2018-07-31 11:43:00,-52.649973765
2018-07-31 11:44:00,-52.649973765
2018-07-31 11:45:00,-52.649973765
2018-07-31 11:46:00,-52.649973765
2018-07-31 11:47:00,-52.649973765
2018-07-31 11:48:00,-52.649973765
2018-07-31 11:49:00,-52.649973765
2018-07-31 11:50:00,-52.649973765
2018-07-31 11:51:00,-52.649973765
2018-07-31 11:52:00,-52.649973765
2018-07-31 11:53:00,-52.649973765
2018-07-31 11:54:00,-52.649973765
2018-07-31 11:55:00,-52.649973765
2018-07-31 11:56:00,-52.649973765
2018-07-31 11:57:00,-52.649973765
2018-07-31 11:58:00,-52.649973765
2018-07-31 11:59:00,-52.649973765
2018-08-01 01:29:00,-34.4221786823
2018-08-01 01:30:00,-34.4221786823
2018-08-01 01:31:00,-34.4221786823
2018-08-01 01:32:00,-34.4221786823
2018-08-01 01:33:00,-162.011640682
2018-08-01 01:34:00,-143.784574682
2018-08-01 01:35:00,-143.784574682
2018-08-01 01:36:00,-152.898107682
2018-08-01 01:37:00,-134.671041682
2018-08-01 01:38:00,-134.671041682
2018-08-01 01:39:00,-134.671041682
2018-08-01 01:40:00,-152.898107682
2018-08-01 01:41:00,-152.898107682
2018-08-01 01:42:00,-152.898107682
2018-08-01 01:43:00,-152.898107682
2018-08-01 01:44:00,-152.898107682
2018-08-01 01:45:00,-152.898107682
2018-08-01 01:46:00,-152.898107682
2018-08-01 01:47:00,-152.898107682
2018-08-01 01:48:00,-152.898107682
2018-08-01 01:49:00,-143.784574682
2018-08-01 01:50:00,-143.784574682
2018-08-01 01:51:00,-143.784574682
2018-08-01 01:52:00,-152.898107682
2018-08-01 01:53:00,-143.784574682
2018-08-01 01:54:00,-143.784574682
2018-08-01 01:55:00,-143.784574682
2018-08-01 01:56:00,-143.784574682
2018-08-01 01:57:00,-143.784574682
2018-08-01 01:58:00,-134.671041682
2018-08-01 01:59:00,-134.671041682
2018-08-01 02:00:00,-162.011640682
2018-08-01 02:01:00,-152.898107682
2018-08-01 02:02:00,-152.898107682
2018-08-01 02:03:00,-152.898107682
2018-08-01 02:04:00,-143.784574682
2018-08-01 02:05:00,-143.784574682
2018-08-01 02:06:00,-143.784574682
2018-08-01 02:07:00,-152.898107682
2018-08-01 02:08:00,-152.898107682
2018-08-01 02:09:00,-162.011640682
2018-08-01 02:10:00,-162.011640682
2018-08-01 02:11:00,-162.011640682
2018-08-01 02:12:00,-162.011640682
2018-08-01 02:13:00,-162.011640682
2018-08-01 02:14:00,-152.898107682
2018-08-01 02:15:00,-152.898107682
2018-08-01 02:16:00,-152.898107682
2018-08-01 02:17:00,-152.898107682
2018-08-01 02:18:00,-152.898107682
2018-08-01 02:19:00,-152.898107682
2018-08-01 02:20:00,-152.898107682
2018-08-01 02:21:00,-152.898107682
2018-08-01 02:22:00,-152.898107682
2018-08-01 02:23:00,-143.784574682
2018-08-01 02:24:00,-143.784574682
2018-08-01 02:25:00,-143.784574682
2018-08-01 02:26:00,-162.011640682
2018-08-01 02:27:00,-162.011640682
2018-08-01 02:28:00,-162.011640682
2018-08-01 02:29:00,-152.898107682
2018-08-01 02:30:00,-162.011640682
2018-08-01 02:31:00,-143.784574682
2018-08-01 02:32:00,-152.898107682
2018-08-01 02:33:00,-162.011640682
2018-08-01 02:34:00,-162.011640682
2018-08-01 02:35:00,-162.011640682
2018-08-01 02:36:00,-162.011640682
2018-08-01 02:37:00,-162.011640682
2018-08-01 02:38:00,-162.011640682
2018-08-01 02:39:00,-162.011640682
2018-08-01 02:40:00,-162.011640682
2018-08-01 02:41:00,-162.011640682
2018-08-01 02:42:00,-162.011640682
2018-08-01 02:43:00,-162.011640682
2018-08-01 02:44:00,-162.011640682
2018-08-01 02:45:00,-152.898107682
2018-08-01 02:46:00,-134.671041682
2018-08-01 02:47:00,-125.557508682
2018-08-01 02:48:00,-125.557508682
2018-08-01 02:49:00,-125.557508682
2018-08-01 02:50:00,-125.557508682
2018-08-01 02:51:00,-125.557508682
2018-08-01 02:52:00,-125.557508682
2018-08-01 02:53:00,-125.557508682
2018-08-01 02:54:00,-125.557508682
2018-08-01 02:55:00,-98.2169096823
2018-08-01 02:56:00,-107.330442682
2018-08-01 02:57:00,-116.443975682
2018-08-01 02:58:00,-116.443975682
2018-08-01 02:59:00,-107.330442682
2018-08-01 03:00:00,-107.330442682
2018-08-01 03:01:00,-107.330442682
2018-08-01 03:02:00,-116.443975682
2018-08-01 03:03:00,-125.557508682
2018-08-01 03:04:00,-125.557508682
2018-08-01 03:05:00,-125.557508682
2018-08-01 03:06:00,-125.557508682
2018-08-01 03:07:00,-107.330442682
2018-08-01 03:08:00,-107.330442682
2018-08-01 03:09:00,-107.330442682
2018-08-01 03:10:00,-107.330442682
2018-08-01 03:11:00,-125.557508682
2018-08-01 03:12:00,-116.443975682
2018-08-01 03:13:00,-116.443975682
2018-08-01 03:14:00,-116.443975682
2018-08-01 03:15:00,-116.443975682
2018-08-01 03:16:00,-116.443975682
2018-08-01 03:17:00,-116.443975682
2018-08-01 03:18:00,-116.443975682
2018-08-01 03:19:00,-116.443975682
2018-08-01 03:20:00,-107.330442682
2018-08-01 03:21:00,-107.330442682
2018-08-01 03:22:00,-107.330442682
2018-08-01 03:23:00,-107.330442682
2018-08-01 03:24:00,-107.330442682
2018-08-01 03:25:00,-98.2169096823
2018-08-01 03:26:00,-116.443975682
2018-08-01 03:27:00,-116.443975682
2018-08-01 03:28:00,-116.443975682
2018-08-01 03:29:00,-116.443975682
2018-08-01 03:30:00,-134.671041682
2018-08-01 03:31:00,-125.557508682
2018-08-01 03:32:00,-125.557508682
2018-08-01 03:33:00,-107.330442682
2018-08-01 03:34:00,-125.557508682
2018-08-01 03:35:00,-125.557508682
2018-08-01 03:36:00,-125.557508682
2018-08-01 03:37:00,-125.557508682
2018-08-01 03:38:00,-125.557508682
2018-08-01 03:39:00,-125.557508682
2018-08-01 03:40:00,-125.557508682
2018-08-01 03:41:00,-125.557508682
2018-08-01 03:42:00,-125.557508682
2018-08-01 03:43:00,-125.557508682
2018-08-01 03:44:00,-125.557508682
2018-08-01 03:45:00,-125.557508682
2018-08-01 03:46:00,-125.557508682
2018-08-01 03:47:00,-125.557508682
2018-08-01 03:48:00,-125.557508682
2018-08-01 03:49:00,-125.557508682
2018-08-01 03:50:00,-125.557508682
2018-08-01 03:51:00,-125.557508682
2018-08-01 03:52:00,-125.557508682
2018-08-01 03:53:00,-125.557508682
2018-08-01 03:54:00,-125.557508682
2018-08-01 03:55:00,-134.671041682
2018-08-01 03:56:00,-134.671041682
2018-08-01 03:57:00,-134.671041682
2018-08-01 03:58:00,-152.898107682
2018-08-01 03:59:00,-143.784574682
2018-08-01 04:00:00,-134.671041682
2018-08-01 04:01:00,-143.784574682
2018-08-01 04:02:00,-143.784574682
2018-08-01 04:03:00,-143.784574682
2018-08-01 04:04:00,-143.784574682
2018-08-01 04:05:00,-143.784574682
2018-08-01 04:06:00,-143.784574682
2018-08-01 04:07:00,-143.784574682
2018-08-01 04:08:00,-143.784574682
2018-08-01 04:09:00,-143.784574682
2018-08-01 04:10:00,-143.784574682
2018-08-01 04:11:00,-143.784574682
2018-08-01 04:12:00,-134.671041682
2018-08-01 04:13:00,-134.671041682
2018-08-01 04:14:00,-134.671041682
2018-08-01 04:15:00,-134.671041682
2018-08-01 04:16:00,-134.671041682
2018-08-01 04:17:00,-134.671041682
2018-08-01 04:18:00,-134.671041682
2018-08-01 04:19:00,-134.671041682
2018-08-01 04:20:00,-152.898107682
2018-08-01 04:21:00,-152.898107682
2018-08-01 04:22:00,-152.898107682
2018-08-01 04:23:00,-152.898107682
2018-08-01 04:24:00,-152.898107682
2018-08-01 04:25:00,-152.898107682
2018-08-01 04:26:00,-152.898107682
2018-08-01 04:27:00,-152.898107682
2018-08-01 04:28:00,-152.898107682
2018-08-01 04:29:00,-152.898107682
2018-08-01 04:30:00,-152.898107682
2018-08-01 04:31:00,-152.898107682
2018-08-01 04:32:00,-152.898107682
2018-08-01 04:33:00,-152.898107682
2018-08-01 04:34:00,-152.898107682
2018-08-01 04:35:00,-152.898107682
2018-08-01 04:36:00,-162.011640682
2018-08-01 04:37:00,-152.898107682
2018-08-01 04:38:00,-162.011640682
2018-08-01 04:39:00,-152.898107682
2018-08-01 04:40:00,-134.671041682
2018-08-01 04:41:00,-143.784574682
2018-08-01 04:42:00,-143.784574682
2018-08-01 04:43:00,-143.784574682
2018-08-01 04:44:00,-143.784574682
2018-08-01 04:45:00,-143.784574682
2018-08-01 04:46:00,-162.011640682
2018-08-01 04:47:00,-162.011640682
2018-08-01 04:48:00,-171.125173682
2018-08-01 04:49:00,-171.125173682
2018-08-01 04:50:00,-171.125173682
2018-08-01 04:51:00,-171.125173682
2018-08-01 04:52:00,-189.352239682
2018-08-01 04:53:00,-189.352239682
2018-08-01 04:54:00,-189.352239682
2018-08-01 04:55:00,-189.352239682
2018-08-01 04:56:00,-198.465772682
2018-08-01 04:57:00,-198.465772682
2018-08-01 04:58:00,-189.352239682
2018-08-01 04:59:00,-189.352239682
2018-08-01 05:00:00,-171.125173682
2018-08-01 05:01:00,-189.352239682
2018-08-01 05:02:00,-171.125173682
2018-08-01 05:03:00,-171.125173682
2018-08-01 05:04:00,-171.125173682
2018-08-01 05:05:00,-171.125173682
2018-08-01 05:06:00,-171.125173682
2018-08-01 05:07:00,-171.125173682
2018-08-01 05:08:00,-171.125173682
2018-08-01 05:09:00,-171.125173682
2018-08-01 05:10:00,-171.125173682
2018-08-01 05:11:00,-171.125173682
2018-08-01 05:12:00,-171.125173682
2018-08-01 05:13:00,-189.352239682
2018-08-01 05:14:00,-189.352239682
2018-08-01 05:15:00,-180.238706682
2018-08-01 05:16:00,-180.238706682
2018-08-01 05:17:00,-180.238706682
2018-08-01 05:18:00,-180.238706682
2018-08-01 05:19:00,-180.238706682
2018-08-01 05:20:00,-180.238706682
2018-08-01 05:21:00,-180.238706682
2018-08-01 05:22:00,-180.238706682
2018-08-01 05:23:00,-180.238706682
2018-08-01 05:24:00,-180.238706682
2018-08-01 05:25:00,-180.238706682
2018-08-01 05:26:00,-189.352239682
2018-08-01 05:27:00,-189.352239682
2018-08-01 05:28:00,-189.352239682
2018-08-01 05:29:00,-189.352239682
2018-08-01 05:30:00,-189.352239682
2018-08-01 05:31:00,-189.352239682
2018-08-01 05:32:00,-189.352239682
2018-08-01 05:33:00,-189.352239682
2018-08-01 05:34:00,-189.352239682
2018-08-01 05:35:00,-189.352239682
2018-08-01 05:36:00,-189.352239682
2018-08-01 05:37:00,-189.352239682
2018-08-01 05:38:00,-189.352239682
2018-08-01 05:39:00,-189.352239682
2018-08-01 05:40:00,-189.352239682
2018-08-01 05:41:00,-189.352239682
2018-08-01 05:42:00,-189.352239682
2018-08-01 05:43:00,-189.352239682
2018-08-01 05:44:00,-189.352239682
2018-08-01 05:45:00,-189.352239682
2018-08-01 05:46:00,-189.352239682
2018-08-01 05:47:00,-189.352239682
2018-08-01 05:48:00,-189.352239682
2018-08-01 05:49:00,-198.465772682
2018-08-01 05:50:00,-198.465772682
2018-08-01 05:51:00,-198.465772682
2018-08-01 05:52:00,-189.352239682
2018-08-01 05:53:00,-189.352239682
2018-08-01 05:54:00,-198.465772682
2018-08-01 05:55:00,-198.465772682
2018-08-01 05:56:00,-198.465772682
2018-08-01 05:57:00,-189.352239682
2018-08-01 05:58:00,-189.352239682
2018-08-01 05:59:00,-180.238706682
2018-08-01 06:00:00,-180.238706682
2018-08-01 06:01:00,-180.238706682
2018-08-01 06:02:00,-180.238706682
2018-08-01 06:03:00,-189.352239682
2018-08-01 06:04:00,-198.465772682
2018-08-01 06:05:00,-198.465772682
2018-08-01 06:06:00,-189.352239682
2018-08-01 06:07:00,-198.465772682
2018-08-01 06:08:00,-207.579305682
2018-08-01 06:09:00,-189.352239682
2018-08-01 06:10:00,-198.465772682
2018-08-01 06:11:00,-198.465772682
2018-08-01 06:12:00,-198.465772682
2018-08-01 06:13:00,-198.465772682
2018-08-01 06:14:00,-198.465772682
2018-08-01 06:15:00,-198.465772682
2018-08-01 06:16:00,-198.465772682
2018-08-01 06:17:00,-198.465772682
2018-08-01 06:18:00,-198.465772682
2018-08-01 06:19:00,-198.465772682
2018-08-01 06:20:00,-198.465772682
2018-08-01 06:21:00,-198.465772682
2018-08-01 06:22:00,-198.465772682
2018-08-01 06:23:00,-198.465772682
2018-08-01 06:24:00,-198.465772682
2018-08-01 06:25:00,-198.465772682
2018-08-01 06:26:00,-198.465772682
2018-08-01 06:27:00,-198.465772682
2018-08-01 06:28:00,-198.465772682
2018-08-01 06:29:00,-198.465772682
2018-08-01 06:30:00,-198.465772682
2018-08-01 06:31:00,-198.465772682
2018-08-01 06:32:00,-198.465772682
2018-08-01 06:33:00,-198.465772682
2018-08-01 06:34:00,-198.465772682
2018-08-01 06:35:00,-198.465772682
2018-08-01 06:36:00,-198.465772682
2018-08-01 06:37:00,-198.465772682
2018-08-01 06:38:00,-207.579305682
2018-08-01 06:39:00,-207.579305682
2018-08-01 06:40:00,-207.579305682
2018-08-01 06:41:00,-198.465772682
2018-08-01 06:42:00,-198.465772682
2018-08-01 06:43:00,-198.465772682
2018-08-01 06:44:00,-198.465772682
2018-08-01 06:45:00,-198.465772682
2018-08-01 06:46:00,-198.465772682
2018-08-01 06:47:00,-198.465772682
2018-08-01 06:48:00,-198.465772682
2018-08-01 06:49:00,-198.465772682
2018-08-01 06:50:00,-198.465772682
2018-08-01 06:51:00,-198.465772682
2018-08-01 06:52:00,-198.465772682
2018-08-01 06:53:00,-198.465772682
2018-08-01 06:54:00,-198.465772682
2018-08-01 06:55:00,-198.465772682
2018-08-01 06:56:00,-198.465772682
2018-08-01 06:57:00,-198.465772682
2018-08-01 06:58:00,-198.465772682
2018-08-01 06:59:00,-198.465772682
2018-08-01 07:00:00,-198.465772682
2018-08-01 07:01:00,-198.465772682
2018-08-01 07:02:00,-207.579305682
2018-08-01 07:03:00,-207.579305682
2018-08-01 07:04:00,-207.579305682
2018-08-01 07:05:00,-207.579305682
2018-08-01 07:06:00,-207.579305682
2018-08-01 07:07:00,-207.579305682
2018-08-01 07:08:00,-198.465772682
2018-08-01 07:09:00,-198.465772682
2018-08-01 07:10:00,-207.579305682
2018-08-01 07:11:00,-207.579305682
2018-08-01 07:12:00,-207.579305682
2018-08-01 07:13:00,-216.692838682
2018-08-01 07:14:00,-216.692838682
2018-08-01 07:15:00,-216.692838682
2018-08-01 07:16:00,-225.806371682
2018-08-01 07:17:00,-207.579305682
2018-08-01 07:18:00,-207.579305682
2018-08-01 07:19:00,-216.692838682
2018-08-01 07:20:00,-216.692838682
2018-08-01 07:21:00,-225.806371682
2018-08-01 07:22:00,-225.806371682
2018-08-01 07:23:00,-225.806371682
2018-08-01 07:24:00,-225.806371682
2018-08-01 07:25:00,-225.806371682
2018-08-01 07:26:00,-216.692838682
2018-08-01 07:27:00,-198.465772682
2018-08-01 07:28:00,-198.465772682
2018-08-01 07:29:00,-207.579305682
2018-08-01 07:30:00,-216.692838682
2018-08-01 07:31:00,-216.692838682
2018-08-01 07:32:00,-207.579305682
2018-08-01 07:33:00,-207.579305682
2018-08-01 07:34:00,-207.579305682
2018-08-01 07:35:00,-207.579305682
2018-08-01 07:36:00,-207.579305682
2018-08-01 07:37:00,-207.579305682
2018-08-01 07:38:00,-207.579305682
2018-08-01 07:39:00,-207.579305682
2018-08-01 07:40:00,-198.465772682
2018-08-01 07:41:00,-198.465772682
2018-08-01 07:42:00,-189.352239682
2018-08-01 07:43:00,-189.352239682
2018-08-01 07:44:00,-207.579305682
2018-08-01 07:45:00,-207.579305682
2018-08-01 07:46:00,-207.579305682
2018-08-01 07:47:00,-207.579305682
2018-08-01 07:48:00,-207.579305682
2018-08-01 07:49:00,-207.579305682
2018-08-01 07:50:00,-216.692838682
2018-08-01 07:51:00,-216.692838682
2018-08-01 07:52:00,-225.806371682
2018-08-01 07:53:00,-234.919904682
2018-08-01 07:54:00,-244.033437682
2018-08-01 07:55:00,-244.033437682
2018-08-01 07:56:00,-234.919904682
2018-08-01 07:57:00,-234.919904682
2018-08-01 07:58:00,-234.919904682
2018-08-01 07:59:00,-234.919904682
2018-08-01 08:00:00,-234.919904682
2018-08-01 08:01:00,-234.919904682
2018-08-01 08:02:00,-234.919904682
2018-08-01 08:03:00,-234.919904682
2018-08-01 08:04:00,-234.919904682
2018-08-01 08:05:00,-234.919904682
2018-08-01 08:06:00,-234.919904682
2018-08-01 08:07:00,-234.919904682
2018-08-01 08:08:00,-234.919904682
2018-08-01 08:09:00,-234.919904682
2018-08-01 08:10:00,-234.919904682
2018-08-01 08:11:00,-234.919904682
2018-08-01 08:12:00,-234.919904682
2018-08-01 08:13:00,-234.919904682
2018-08-01 08:14:00,-234.919904682
2018-08-01 08:15:00,-234.919904682
2018-08-01 08:16:00,-234.919904682
2018-08-01 08:17:00,-253.146970682
2018-08-01 08:18:00,-244.033437682
2018-08-01 08:19:00,-244.033437682
2018-08-01 08:20:00,-234.919904682
2018-08-01 08:21:00,-234.919904682
2018-08-01 08:22:00,-234.919904682
2018-08-01 08:23:00,-234.919904682
2018-08-01 08:24:00,-234.919904682
2018-08-01 08:25:00,-253.146970682
2018-08-01 08:26:00,-244.033437682
2018-08-01 08:27:00,-225.806371682
2018-08-01 08:28:00,-225.806371682
2018-08-01 08:29:00,-225.806371682
2018-08-01 08:30:00,-253.146970682
2018-08-01 08:31:00,-253.146970682
2018-08-01 08:32:00,-271.374036682
2018-08-01 08:33:00,-262.260503682
2018-08-01 08:34:00,-262.260503682
2018-08-01 08:35:00,-262.260503682
2018-08-01 08:36:00,-262.260503682
2018-08-01 08:37:00,-262.260503682
2018-08-01 08:38:00,-262.260503682
2018-08-01 08:39:00,-262.260503682
2018-08-01 08:40:00,-262.260503682
2018-08-01 08:41:00,-280.487569682
2018-08-01 08:42:00,-262.260503682
2018-08-01 08:43:00,-262.260503682
2018-08-01 08:44:00,-262.260503682
2018-08-01 08:45:00,-271.374036682
2018-08-01 08:46:00,-271.374036682
2018-08-01 08:47:00,-271.374036682
2018-08-01 08:48:00,-262.260503682
2018-08-01 08:49:00,-262.260503682
2018-08-01 08:50:00,-271.374036682
2018-08-01 08:51:00,-262.260503682
2018-08-01 08:52:00,-262.260503682
2018-08-01 08:53:00,-262.260503682
2018-08-01 08:54:00,-262.260503682
2018-08-01 08:55:00,-262.260503682
2018-08-01 08:56:00,-271.374036682
2018-08-01 08:57:00,-271.374036682
2018-08-01 08:58:00,-271.374036682
2018-08-01 08:59:00,-271.374036682
2018-08-01 09:00:00,-271.374036682
2018-08-01 09:01:00,-271.374036682
2018-08-01 09:02:00,-271.374036682
2018-08-01 09:03:00,-244.033437682
2018-08-01 09:04:00,-244.033437682
2018-08-01 09:05:00,-253.146970682
2018-08-01 09:06:00,-253.146970682
2018-08-01 09:07:00,-244.033437682
2018-08-01 09:08:00,-253.146970682
2018-08-01 09:09:00,-253.146970682
2018-08-01 09:10:00,-253.146970682
2018-08-01 09:11:00,-253.146970682
2018-08-01 09:12:00,-253.146970682
2018-08-01 09:13:00,-271.374036682
2018-08-01 09:14:00,-271.374036682
2018-08-01 09:15:00,-271.374036682
2018-08-01 09:16:00,-271.374036682
2018-08-01 09:17:00,-271.374036682
2018-08-01 09:18:00,-271.374036682
2018-08-01 09:19:00,-271.374036682
2018-08-01 09:20:00,-271.374036682
2018-08-01 09:21:00,-271.374036682
2018-08-01 09:22:00,-271.374036682
2018-08-01 09:23:00,-280.487569682
2018-08-01 09:24:00,-271.374036682
2018-08-01 09:25:00,-271.374036682
2018-08-01 09:26:00,-271.374036682
2018-08-01 09:27:00,-271.374036682
2018-08-01 09:28:00,-271.374036682
2018-08-01 09:29:00,-271.374036682
2018-08-01 09:30:00,-271.374036682
2018-08-01 09:31:00,-271.374036682
2018-08-01 09:32:00,-271.374036682
2018-08-01 09:33:00,-271.374036682
2018-08-01 09:34:00,-271.374036682
2018-08-01 09:35:00,-271.374036682
2018-08-01 09:36:00,-271.374036682
2018-08-01 09:37:00,-271.374036682
2018-08-01 09:38:00,-271.374036682
2018-08-01 09:39:00,-271.374036682
2018-08-01 09:40:00,-271.374036682
2018-08-01 09:41:00,-280.487569682
2018-08-01 09:42:00,-280.487569682
2018-08-01 09:43:00,-271.374036682
2018-08-01 09:44:00,-271.374036682
2018-08-01 09:45:00,-271.374036682
2018-08-01 09:46:00,-280.487569682
2018-08-01 09:47:00,-280.487569682
2018-08-01 09:48:00,-280.487569682
2018-08-01 09:49:00,-271.374036682
2018-08-01 09:50:00,-271.374036682
2018-08-01 09:51:00,-271.374036682
2018-08-01 09:52:00,-271.374036682
2018-08-01 09:53:00,-271.374036682
2018-08-01 09:54:00,-271.374036682
2018-08-01 09:55:00,-271.374036682
2018-08-01 09:56:00,-271.374036682
2018-08-01 09:57:00,-271.374036682
2018-08-01 09:58:00,-271.374036682
2018-08-01 09:59:00,-262.260503682
2018-08-01 10:00:00,-253.146970682
2018-08-01 10:01:00,-262.260503682
2018-08-01 10:02:00,-262.260503682
2018-08-01 10:03:00,-262.260503682
2018-08-01 10:04:00,-262.260503682
2018-08-01 10:05:00,-262.260503682
2018-08-01 10:06:00,-262.260503682
2018-08-01 10:07:00,-262.260503682
2018-08-01 10:08:00,-262.260503682
2018-08-01 10:09:00,-262.260503682
2018-08-01 10:10:00,-262.260503682
2018-08-01 10:11:00,-262.260503682
2018-08-01 10:12:00,-262.260503682
2018-08-01 10:13:00,-271.374036682
2018-08-01 10:14:00,-262.260503682
2018-08-01 10:15:00,-262.260503682
2018-08-01 10:16:00,-262.260503682
2018-08-01 10:17:00,-262.260503682
2018-08-01 10:18:00,-271.374036682
2018-08-01 10:19:00,-271.374036682
2018-08-01 10:20:00,-271.374036682
2018-08-01 10:21:00,-271.374036682
2018-08-01 10:22:00,-271.374036682
2018-08-01 10:23:00,-271.374036682
2018-08-01 10:24:00,-262.260503682
2018-08-01 10:25:00,-253.146970682
2018-08-01 10:26:00,-262.260503682
2018-08-01 10:27:00,-253.146970682
2018-08-01 10:28:00,-271.374036682
2018-08-01 10:29:00,-271.374036682
2018-08-01 10:30:00,-271.374036682
2018-08-01 10:31:00,-271.374036682
2018-08-01 10:32:00,-271.374036682
2018-08-01 10:33:00,-262.260503682
2018-08-01 10:34:00,-262.260503682
2018-08-01 10:35:00,-271.374036682
2018-08-01 10:36:00,-271.374036682
2018-08-01 10:37:00,-262.260503682
2018-08-01 10:38:00,-271.374036682
2018-08-01 10:39:00,-280.487569682
2018-08-01 10:40:00,-280.487569682
2018-08-01 10:41:00,-280.487569682
2018-08-01 10:42:00,-280.487569682
2018-08-01 10:43:00,-271.374036682
2018-08-01 10:44:00,-271.374036682
2018-08-01 10:45:00,-280.487569682
2018-08-01 10:46:00,-280.487569682
2018-08-01 10:47:00,-280.487569682
2018-08-01 10:48:00,-280.487569682
2018-08-01 10:49:00,-280.487569682
2018-08-01 10:50:00,-280.487569682
2018-08-01 10:51:00,-271.374036682
2018-08-01 10:52:00,-262.260503682
2018-08-01 10:53:00,-262.260503682
2018-08-01 10:54:00,-262.260503682
2018-08-01 10:55:00,-262.260503682
2018-08-01 10:56:00,-262.260503682
2018-08-01 10:57:00,-262.260503682
2018-08-01 10:58:00,-262.260503682
2018-08-01 10:59:00,-262.260503682
2018-08-01 11:00:00,-262.260503682
2018-08-01 11:01:00,-262.260503682
2018-08-01 11:02:00,-262.260503682
2018-08-01 11:03:00,-262.260503682
2018-08-01 11:04:00,-262.260503682
2018-08-01 11:05:00,-262.260503682
2018-08-01 11:06:00,-262.260503682
2018-08-01 11:07:00,-262.260503682
2018-08-01 11:08:00,-271.374036682
2018-08-01 11:09:00,-262.260503682
2018-08-01 11:10:00,-262.260503682
2018-08-01 11:11:00,-289.601102682
2018-08-01 11:12:00,-280.487569682
2018-08-01 11:13:00,-289.601102682
2018-08-01 11:14:00,-289.601102682
2018-08-01 11:15:00,-289.601102682
2018-08-01 11:16:00,-289.601102682
2018-08-01 11:17:00,-289.601102682
2018-08-01 11:18:00,-280.487569682
2018-08-01 11:19:00,-280.487569682
2018-08-01 11:20:00,-280.487569682
2018-08-01 11:21:00,-280.487569682
2018-08-01 11:22:00,-280.487569682
2018-08-01 11:23:00,-262.260503682
2018-08-01 11:24:00,-262.260503682
2018-08-01 11:25:00,-253.146970682
2018-08-01 11:26:00,-262.260503682
2018-08-01 11:27:00,-253.146970682
2018-08-01 11:28:00,-253.146970682
2018-08-01 11:29:00,-253.146970682
2018-08-01 11:30:00,-253.146970682
2018-08-01 11:31:00,-253.146970682
2018-08-01 11:32:00,-262.260503682
2018-08-01 11:33:00,-262.260503682
2018-08-01 11:34:00,-262.260503682
2018-08-01 11:35:00,-262.260503682
2018-08-01 11:36:00,-262.260503682
2018-08-01 11:37:00,-262.260503682
2018-08-01 11:38:00,-262.260503682
2018-08-01 11:39:00,-280.487569682
2018-08-01 11:40:00,-280.487569682
2018-08-01 11:41:00,-262.260503682
2018-08-01 11:42:00,-280.487569682
2018-08-01 11:43:00,-262.260503682
2018-08-01 11:44:00,-253.146970682
2018-08-01 11:45:00,-253.146970682
2018-08-01 11:46:00,-262.260503682
2018-08-01 11:47:00,-262.260503682
2018-08-01 11:48:00,-253.146970682
2018-08-01 11:49:00,-253.146970682
2018-08-01 11:50:00,-253.146970682
2018-08-01 11:51:00,-253.146970682
2018-08-01 11:52:00,-253.146970682
2018-08-01 11:53:00,-253.146970682
2018-08-01 11:54:00,-262.260503682
2018-08-01 11:55:00,-262.260503682
2018-08-01 11:56:00,-262.260503682
2018-08-01 11:57:00,-262.260503682
2018-08-01 11:58:00,-271.374036682
2018-08-01 11:59:00,-271.374036682
2018-08-02 01:29:00,-508.325894682
2018-08-02 01:30:00,-508.325894682
2018-08-02 01:31:00,-508.325894682
2018-08-02 01:32:00,-508.325894682
2018-08-02 01:33:00,-508.325894682
2018-08-02 01:34:00,-298.714635682
2018-08-02 01:35:00,-307.828168682
2018-08-02 01:36:00,-307.828168682
2018-08-02 01:37:00,-316.941701682
2018-08-02 01:38:00,-316.941701682
2018-08-02 01:39:00,-316.941701682
2018-08-02 01:40:00,-307.828168682
2018-08-02 01:41:00,-316.941701682
2018-08-02 01:42:00,-307.828168682
2018-08-02 01:43:00,-307.828168682
2018-08-02 01:44:00,-307.828168682
2018-08-02 01:45:00,-316.941701682
2018-08-02 01:46:00,-316.941701682
2018-08-02 01:47:00,-316.941701682
2018-08-02 01:48:00,-316.941701682
2018-08-02 01:49:00,-316.941701682
2018-08-02 01:50:00,-326.055234682
2018-08-02 01:51:00,-335.168767682
2018-08-02 01:52:00,-335.168767682
2018-08-02 01:53:00,-335.168767682
2018-08-02 01:54:00,-326.055234682
2018-08-02 01:55:00,-326.055234682
2018-08-02 01:56:00,-326.055234682
2018-08-02 01:57:00,-335.168767682
2018-08-02 01:58:00,-335.168767682
2018-08-02 01:59:00,-335.168767682
2018-08-02 02:00:00,-335.168767682
2018-08-02 02:01:00,-326.055234682
2018-08-02 02:02:00,-344.282300682
2018-08-02 02:03:00,-335.168767682
2018-08-02 02:04:00,-326.055234682
2018-08-02 02:05:00,-316.941701682
2018-08-02 02:06:00,-326.055234682
2018-08-02 02:07:00,-326.055234682
2018-08-02 02:08:00,-326.055234682
2018-08-02 02:09:00,-326.055234682
2018-08-02 02:10:00,-335.168767682
2018-08-02 02:11:00,-344.282300682
2018-08-02 02:12:00,-335.168767682
2018-08-02 02:13:00,-344.282300682
2018-08-02 02:14:00,-344.282300682
2018-08-02 02:15:00,-344.282300682
2018-08-02 02:16:00,-344.282300682
2018-08-02 02:17:00,-344.282300682
2018-08-02 02:18:00,-344.282300682
2018-08-02 02:19:00,-344.282300682
2018-08-02 02:20:00,-344.282300682
2018-08-02 02:21:00,-344.282300682
2018-08-02 02:22:00,-344.282300682
2018-08-02 02:23:00,-344.282300682
2018-08-02 02:24:00,-362.509366682
2018-08-02 02:25:00,-362.509366682
2018-08-02 02:26:00,-362.509366682
2018-08-02 02:27:00,-362.509366682
2018-08-02 02:28:00,-362.509366682
2018-08-02 02:29:00,-362.509366682
2018-08-02 02:30:00,-362.509366682
2018-08-02 02:31:00,-362.509366682
2018-08-02 02:32:00,-362.509366682
2018-08-02 02:33:00,-371.622899682
2018-08-02 02:34:00,-371.622899682
2018-08-02 02:35:00,-371.622899682
2018-08-02 02:36:00,-371.622899682
2018-08-02 02:37:00,-371.622899682
2018-08-02 02:38:00,-371.622899682
2018-08-02 02:39:00,-362.509366682
2018-08-02 02:40:00,-344.282300682
2018-08-02 02:41:00,-344.282300682
2018-08-02 02:42:00,-344.282300682
2018-08-02 02:43:00,-344.282300682
2018-08-02 02:44:00,-344.282300682
2018-08-02 02:45:00,-344.282300682
2018-08-02 02:46:00,-326.055234682
2018-08-02 02:47:00,-335.168767682
2018-08-02 02:48:00,-326.055234682
2018-08-02 02:49:00,-326.055234682
2018-08-02 02:50:00,-326.055234682
2018-08-02 02:51:00,-326.055234682
2018-08-02 02:52:00,-344.282300682
2018-08-02 02:53:00,-344.282300682
2018-08-02 02:54:00,-344.282300682
2018-08-02 02:55:00,-353.395833682
2018-08-02 02:56:00,-353.395833682
2018-08-02 02:57:00,-353.395833682
2018-08-02 02:58:00,-353.395833682
2018-08-02 02:59:00,-344.282300682
2018-08-02 03:00:00,-344.282300682
2018-08-02 03:01:00,-344.282300682
2018-08-02 03:02:00,-344.282300682
2018-08-02 03:03:00,-326.055234682
2018-08-02 03:04:00,-326.055234682
2018-08-02 03:05:00,-326.055234682
2018-08-02 03:06:00,-326.055234682
2018-08-02 03:07:00,-326.055234682
2018-08-02 03:08:00,-326.055234682
2018-08-02 03:09:00,-344.282300682
2018-08-02 03:10:00,-344.282300682
2018-08-02 03:11:00,-344.282300682
2018-08-02 03:12:00,-344.282300682
2018-08-02 03:13:00,-344.282300682
2018-08-02 03:14:00,-344.282300682
2018-08-02 03:15:00,-362.509366682
2018-08-02 03:16:00,-362.509366682
2018-08-02 03:17:00,-362.509366682
2018-08-02 03:18:00,-362.509366682
2018-08-02 03:19:00,-335.168767682
2018-08-02 03:20:00,-344.282300682
2018-08-02 03:21:00,-344.282300682
2018-08-02 03:22:00,-344.282300682
2018-08-02 03:23:00,-353.395833682
2018-08-02 03:24:00,-353.395833682
2018-08-02 03:25:00,-344.282300682
2018-08-02 03:26:00,-344.282300682
2018-08-02 03:27:00,-353.395833682
2018-08-02 03:28:00,-353.395833682
2018-08-02 03:29:00,-344.282300682
2018-08-02 03:30:00,-371.622899682
2018-08-02 03:31:00,-371.622899682
2018-08-02 03:32:00,-371.622899682
2018-08-02 03:33:00,-371.622899682
2018-08-02 03:34:00,-353.395833682
2018-08-02 03:35:00,-362.509366682
2018-08-02 03:36:00,-362.509366682
2018-08-02 03:37:00,-362.509366682
2018-08-02 03:38:00,-353.395833682
2018-08-02 03:39:00,-353.395833682
2018-08-02 03:40:00,-344.282300682
2018-08-02 03:41:00,-344.282300682
2018-08-02 03:42:00,-344.282300682
2018-08-02 03:43:00,-353.395833682
2018-08-02 03:44:00,-344.282300682
2018-08-02 03:45:00,-362.509366682
2018-08-02 03:46:00,-353.395833682
2018-08-02 03:47:00,-353.395833682
2018-08-02 03:48:00,-371.622899682
2018-08-02 03:49:00,-371.622899682
2018-08-02 03:50:00,-371.622899682
2018-08-02 03:51:00,-371.622899682
2018-08-02 03:52:00,-371.622899682
2018-08-02 03:53:00,-371.622899682
2018-08-02 03:54:00,-371.622899682
2018-08-02 03:55:00,-362.509366682
2018-08-02 03:56:00,-344.282300682
2018-08-02 03:57:00,-344.282300682
2018-08-02 03:58:00,-344.282300682
2018-08-02 03:59:00,-344.282300682
2018-08-02 04:00:00,-344.282300682
2018-08-02 04:01:00,-344.282300682
2018-08-02 04:02:00,-353.395833682
2018-08-02 04:03:00,-362.509366682
2018-08-02 04:04:00,-362.509366682
2018-08-02 04:05:00,-353.395833682
2018-08-02 04:06:00,-353.395833682
2018-08-02 04:07:00,-362.509366682
2018-08-02 04:08:00,-362.509366682
2018-08-02 04:09:00,-362.509366682
2018-08-02 04:10:00,-362.509366682
2018-08-02 04:11:00,-362.509366682
2018-08-02 04:12:00,-362.509366682
2018-08-02 04:13:00,-362.509366682
2018-08-02 04:14:00,-362.509366682
2018-08-02 04:15:00,-362.509366682
2018-08-02 04:16:00,-362.509366682
2018-08-02 04:17:00,-362.509366682
2018-08-02 04:18:00,-362.509366682
2018-08-02 04:19:00,-362.509366682
2018-08-02 04:20:00,-353.395833682
2018-08-02 04:21:00,-344.282300682
2018-08-02 04:22:00,-344.282300682
2018-08-02 04:23:00,-344.282300682
2018-08-02 04:24:00,-335.168767682
2018-08-02 04:25:00,-335.168767682
2018-08-02 04:26:00,-335.168767682
2018-08-02 04:27:00,-344.282300682
2018-08-02 04:28:00,-344.282300682
2018-08-02 04:29:00,-344.282300682
2018-08-02 04:30:00,-344.282300682
2018-08-02 04:31:00,-344.282300682
2018-08-02 04:32:00,-344.282300682
2018-08-02 04:33:00,-353.395833682
2018-08-02 04:34:00,-353.395833682
2018-08-02 04:35:00,-353.395833682
2018-08-02 04:36:00,-353.395833682
2018-08-02 04:37:00,-335.168767682
2018-08-02 04:38:00,-335.168767682
2018-08-02 04:39:00,-335.168767682
2018-08-02 04:40:00,-344.282300682
2018-08-02 04:41:00,-344.282300682
2018-08-02 04:42:00,-344.282300682
2018-08-02 04:43:00,-326.055234682
2018-08-02 04:44:00,-344.282300682
2018-08-02 04:45:00,-344.282300682
2018-08-02 04:46:00,-326.055234682
2018-08-02 04:47:00,-335.168767682
2018-08-02 04:48:00,-335.168767682
2018-08-02 04:49:00,-326.055234682
2018-08-02 04:50:00,-335.168767682
2018-08-02 04:51:00,-335.168767682
2018-08-02 04:52:00,-335.168767682
2018-08-02 04:53:00,-344.282300682
2018-08-02 04:54:00,-353.395833682
2018-08-02 04:55:00,-353.395833682
2018-08-02 04:56:00,-344.282300682
2018-08-02 04:57:00,-344.282300682
2018-08-02 04:58:00,-335.168767682
2018-08-02 04:59:00,-344.282300682
2018-08-02 05:00:00,-344.282300682
2018-08-02 05:01:00,-335.168767682
2018-08-02 05:02:00,-344.282300682
2018-08-02 05:03:00,-344.282300682
2018-08-02 05:04:00,-335.168767682
2018-08-02 05:05:00,-326.055234682
2018-08-02 05:06:00,-326.055234682
2018-08-02 05:07:00,-344.282300682
2018-08-02 05:08:00,-335.168767682
2018-08-02 05:09:00,-335.168767682
2018-08-02 05:10:00,-335.168767682
2018-08-02 05:11:00,-316.941701682
2018-08-02 05:12:00,-326.055234682
2018-08-02 05:13:00,-335.168767682
2018-08-02 05:14:00,-344.282300682
2018-08-02 05:15:00,-344.282300682
2018-08-02 05:16:00,-344.282300682
2018-08-02 05:17:00,-344.282300682
2018-08-02 05:18:00,-344.282300682
2018-08-02 05:19:00,-344.282300682
2018-08-02 05:20:00,-344.282300682
2018-08-02 05:21:00,-344.282300682
2018-08-02 05:22:00,-344.282300682
2018-08-02 05:23:00,-335.168767682
2018-08-02 05:24:00,-335.168767682
2018-08-02 05:25:00,-335.168767682
2018-08-02 05:26:00,-335.168767682
2018-08-02 05:27:00,-344.282300682
2018-08-02 05:28:00,-344.282300682
2018-08-02 05:29:00,-326.055234682
2018-08-02 05:30:00,-326.055234682
2018-08-02 05:31:00,-326.055234682
2018-08-02 05:32:00,-335.168767682
2018-08-02 05:33:00,-344.282300682
2018-08-02 05:34:00,-326.055234682
2018-08-02 05:35:00,-326.055234682
2018-08-02 05:36:00,-335.168767682
2018-08-02 05:37:00,-335.168767682
2018-08-02 05:38:00,-335.168767682
2018-08-02 05:39:00,-335.168767682
2018-08-02 05:40:00,-326.055234682
2018-08-02 05:41:00,-316.941701682
2018-08-02 05:42:00,-316.941701682
2018-08-02 05:43:00,-307.828168682
2018-08-02 05:44:00,-307.828168682
2018-08-02 05:45:00,-307.828168682
2018-08-02 05:46:00,-316.941701682
2018-08-02 05:47:00,-316.941701682
2018-08-02 05:48:00,-307.828168682
2018-08-02 05:49:00,-307.828168682
2018-08-02 05:50:00,-307.828168682
2018-08-02 05:51:00,-298.714635682
2018-08-02 05:52:00,-289.601102682
2018-08-02 05:53:00,-271.374036682
2018-08-02 05:54:00,-244.033437682
2018-08-02 05:55:00,-271.374036682
2018-08-02 05:56:00,-253.146970682
2018-08-02 05:57:00,-216.692838682
2018-08-02 05:58:00,-262.260503682
2018-08-02 05:59:00,-198.465772682
2018-08-02 06:00:00,-280.487569682
2018-08-02 06:01:00,-398.963498682
2018-08-02 06:02:00,-289.601102682
2018-08-02 06:03:00,-298.714635682
2018-08-02 06:04:00,-335.168767682
2018-08-02 06:05:00,-335.168767682
2018-08-02 06:06:00,-326.055234682
2018-08-02 06:07:00,-326.055234682
2018-08-02 06:08:00,-326.055234682
2018-08-02 06:09:00,-326.055234682
2018-08-02 06:10:00,-326.055234682
2018-08-02 06:11:00,-298.714635682
2018-08-02 06:12:00,-307.828168682
2018-08-02 06:13:00,-289.601102682
2018-08-02 06:14:00,-289.601102682
2018-08-02 06:15:00,-280.487569682
2018-08-02 06:16:00,-271.374036682
2018-08-02 06:17:00,-234.919904682
2018-08-02 06:18:00,-234.919904682
2018-08-02 06:19:00,-207.579305682
2018-08-02 06:20:00,-216.692838682
2018-08-02 06:21:00,-198.465772682
2018-08-02 06:22:00,-189.352239682
2018-08-02 06:23:00,-198.465772682
2018-08-02 06:24:00,-216.692838682
2018-08-02 06:25:00,-216.692838682
2018-08-02 06:26:00,-216.692838682
2018-08-02 06:27:00,-216.692838682
2018-08-02 06:28:00,-216.692838682
2018-08-02 06:29:00,-216.692838682
2018-08-02 06:30:00,-216.692838682
2018-08-02 06:31:00,-216.692838682
2018-08-02 06:32:00,-216.692838682
2018-08-02 06:33:00,-216.692838682
2018-08-02 06:34:00,-216.692838682
2018-08-02 06:35:00,-207.579305682
2018-08-02 06:36:00,-225.806371682
2018-08-02 06:37:00,-244.033437682
2018-08-02 06:38:00,-244.033437682
2018-08-02 06:39:00,-262.260503682
2018-08-02 06:40:00,-262.260503682
2018-08-02 06:41:00,-262.260503682
2018-08-02 06:42:00,-244.033437682
2018-08-02 06:43:00,-198.465772682
2018-08-02 06:44:00,-189.352239682
2018-08-02 06:45:00,-189.352239682
2018-08-02 06:46:00,-180.238706682
2018-08-02 06:47:00,-171.125173682
2018-08-02 06:48:00,-162.011640682
2018-08-02 06:49:00,-152.898107682
2018-08-02 06:50:00,-152.898107682
2018-08-02 06:51:00,-152.898107682
2018-08-02 06:52:00,-134.671041682
2018-08-02 06:53:00,-125.557508682
2018-08-02 06:54:00,-134.671041682
2018-08-02 06:55:00,-152.898107682
2018-08-02 06:56:00,-152.898107682
2018-08-02 06:57:00,-171.125173682
2018-08-02 06:58:00,-171.125173682
2018-08-02 06:59:00,-180.238706682
2018-08-02 07:00:00,-171.125173682
2018-08-02 07:01:00,-171.125173682
2018-08-02 07:02:00,-152.898107682
2018-08-02 07:03:00,-125.557508682
2018-08-02 07:04:00,-143.784574682
2018-08-02 07:05:00,-107.330442682
2018-08-02 07:06:00,-134.671041682
2018-08-02 07:07:00,-134.671041682
2018-08-02 07:08:00,-152.898107682
2018-08-02 07:09:00,-162.011640682
2018-08-02 07:10:00,-152.898107682
2018-08-02 07:11:00,-152.898107682
2018-08-02 07:12:00,-152.898107682
2018-08-02 07:13:00,-162.011640682
2018-08-02 07:14:00,-162.011640682
2018-08-02 07:15:00,-171.125173682
2018-08-02 07:16:00,-171.125173682
2018-08-02 07:17:00,-171.125173682
2018-08-02 07:18:00,-180.238706682
2018-08-02 07:19:00,-180.238706682
2018-08-02 07:20:00,-180.238706682
2018-08-02 07:21:00,-180.238706682
2018-08-02 07:22:00,-171.125173682
2018-08-02 07:23:00,-171.125173682
2018-08-02 07:24:00,-180.238706682
2018-08-02 07:25:00,-180.238706682
2018-08-02 07:26:00,-180.238706682
2018-08-02 07:27:00,-180.238706682
2018-08-02 07:28:00,-180.238706682
2018-08-02 07:29:00,-180.238706682
2018-08-02 07:30:00,-207.579305682
2018-08-02 07:31:00,-198.465772682
2018-08-02 07:32:00,-216.692838682
2018-08-02 07:33:00,-216.692838682
2018-08-02 07:34:00,-234.919904682
2018-08-02 07:35:00,-244.033437682
2018-08-02 07:36:00,-244.033437682
2018-08-02 07:37:00,-253.146970682
2018-08-02 07:38:00,-234.919904682
2018-08-02 07:39:00,-234.919904682
2018-08-02 07:40:00,-271.374036682
2018-08-02 07:41:00,-253.146970682
2018-08-02 07:42:00,-253.146970682
2018-08-02 07:43:00,-234.919904682
2018-08-02 07:44:00,-234.919904682
2018-08-02 07:45:00,-253.146970682
2018-08-02 07:46:00,-253.146970682
2018-08-02 07:47:00,-253.146970682
2018-08-02 07:48:00,-244.033437682
2018-08-02 07:49:00,-253.146970682
2018-08-02 07:50:00,-271.374036682
2018-08-02 07:51:00,-253.146970682
2018-08-02 07:52:00,-234.919904682
2018-08-02 07:53:00,-225.806371682
2018-08-02 07:54:00,-207.579305682
2018-08-02 07:55:00,-207.579305682
2018-08-02 07:56:00,-198.465772682
2018-08-02 07:57:00,-216.692838682
2018-08-02 07:58:00,-216.692838682
2018-08-02 07:59:00,-216.692838682
2018-08-02 08:00:00,-198.465772682
2018-08-02 08:01:00,-198.465772682
2018-08-02 08:02:00,-189.352239682
2018-08-02 08:03:00,-198.465772682
2018-08-02 08:04:00,-189.352239682
2018-08-02 08:05:00,-189.352239682
2018-08-02 08:06:00,-198.465772682
2018-08-02 08:07:00,-189.352239682
2018-08-02 08:08:00,-189.352239682
2018-08-02 08:09:00,-189.352239682
2018-08-02 08:10:00,-189.352239682
2018-08-02 08:11:00,-180.238706682
2018-08-02 08:12:00,-171.125173682
2018-08-02 08:13:00,-180.238706682
2018-08-02 08:14:00,-180.238706682
2018-08-02 08:15:00,-180.238706682
2018-08-02 08:16:00,-180.238706682
2018-08-02 08:17:00,-180.238706682
2018-08-02 08:18:00,-180.238706682
2018-08-02 08:19:00,-180.238706682
2018-08-02 08:20:00,-180.238706682
2018-08-02 08:21:00,-180.238706682
2018-08-02 08:22:00,-180.238706682
2018-08-02 08:23:00,-189.352239682
2018-08-02 08:24:00,-189.352239682
2018-08-02 08:25:00,-198.465772682
2018-08-02 08:26:00,-198.465772682
2018-08-02 08:27:00,-198.465772682
2018-08-02 08:28:00,-198.465772682
2018-08-02 08:29:00,-198.465772682
2018-08-02 08:30:00,-207.579305682
2018-08-02 08:31:00,-207.579305682
2018-08-02 08:32:00,-207.579305682
2018-08-02 08:33:00,-216.692838682
2018-08-02 08:34:00,-225.806371682
2018-08-02 08:35:00,-162.011640682
2018-08-02 08:36:00,-143.784574682
2018-08-02 08:37:00,-143.784574682
2018-08-02 08:38:00,-143.784574682
2018-08-02 08:39:00,-152.898107682
2018-08-02 08:40:00,-171.125173682
2018-08-02 08:41:00,-171.125173682
2018-08-02 08:42:00,-171.125173682
2018-08-02 08:43:00,-152.898107682
2018-08-02 08:44:00,-152.898107682
2018-08-02 08:45:00,-152.898107682
2018-08-02 08:46:00,-152.898107682
2018-08-02 08:47:00,-152.898107682
2018-08-02 08:48:00,-143.784574682
2018-08-02 08:49:00,-143.784574682
2018-08-02 08:50:00,-143.784574682
2018-08-02 08:51:00,-162.011640682
2018-08-02 08:52:00,-162.011640682
2018-08-02 08:53:00,-171.125173682
2018-08-02 08:54:00,-162.011640682
2018-08-02 08:55:00,-152.898107682
2018-08-02 08:56:00,-162.011640682
2018-08-02 08:57:00,-171.125173682
2018-08-02 08:58:00,-171.125173682
2018-08-02 08:59:00,-171.125173682
2018-08-02 09:00:00,-171.125173682
2018-08-02 09:01:00,-171.125173682
2018-08-02 09:02:00,-162.011640682
2018-08-02 09:03:00,-162.011640682
2018-08-02 09:04:00,-162.011640682
2018-08-02 09:05:00,-162.011640682
2018-08-02 09:06:00,-162.011640682
2018-08-02 09:07:00,-162.011640682
2018-08-02 09:08:00,-162.011640682
2018-08-02 09:09:00,-162.011640682
2018-08-02 09:10:00,-162.011640682
2018-08-02 09:11:00,-162.011640682
2018-08-02 09:12:00,-162.011640682
2018-08-02 09:13:00,-162.011640682
2018-08-02 09:14:00,-171.125173682
2018-08-02 09:15:00,-171.125173682
2018-08-02 09:16:00,-171.125173682
2018-08-02 09:17:00,-171.125173682
2018-08-02 09:18:00,-171.125173682
2018-08-02 09:19:00,-171.125173682
2018-08-02 09:20:00,-171.125173682
2018-08-02 09:21:00,-171.125173682
2018-08-02 09:22:00,-171.125173682
2018-08-02 09:23:00,-171.125173682
2018-08-02 09:24:00,-171.125173682
2018-08-02 09:25:00,-171.125173682
2018-08-02 09:26:00,-171.125173682
2018-08-02 09:27:00,-171.125173682
2018-08-02 09:28:00,-171.125173682
2018-08-02 09:29:00,-171.125173682
2018-08-02 09:30:00,-171.125173682
2018-08-02 09:31:00,-171.125173682
2018-08-02 09:32:00,-171.125173682
2018-08-02 09:33:00,-171.125173682
2018-08-02 09:34:00,-171.125173682
2018-08-02 09:35:00,-171.125173682
2018-08-02 09:36:00,-171.125173682
2018-08-02 09:37:00,-171.125173682
2018-08-02 09:38:00,-171.125173682
2018-08-02 09:39:00,-189.352239682
2018-08-02 09:40:00,-171.125173682
2018-08-02 09:41:00,-171.125173682
2018-08-02 09:42:00,-171.125173682
2018-08-02 09:43:00,-171.125173682
2018-08-02 09:44:00,-189.352239682
2018-08-02 09:45:00,-171.125173682
2018-08-02 09:46:00,-180.238706682
2018-08-02 09:47:00,-162.011640682
2018-08-02 09:48:00,-162.011640682
2018-08-02 09:49:00,-162.011640682
2018-08-02 09:50:00,-162.011640682
2018-08-02 09:51:00,-162.011640682
2018-08-02 09:52:00,-162.011640682
2018-08-02 09:53:00,-162.011640682
2018-08-02 09:54:00,-162.011640682
2018-08-02 09:55:00,-162.011640682
2018-08-02 09:56:00,-162.011640682
2018-08-02 09:57:00,-162.011640682
2018-08-02 09:58:00,-171.125173682
2018-08-02 09:59:00,-180.238706682
2018-08-02 10:00:00,-180.238706682
2018-08-02 10:01:00,-189.352239682
2018-08-02 10:02:00,-189.352239682
2018-08-02 10:03:00,-189.352239682
2018-08-02 10:04:00,-189.352239682
2018-08-02 10:05:00,-180.238706682
2018-08-02 10:06:00,-180.238706682
2018-08-02 10:07:00,-180.238706682
2018-08-02 10:08:00,-180.238706682
2018-08-02 10:09:00,-180.238706682
2018-08-02 10:10:00,-180.238706682
2018-08-02 10:11:00,-180.238706682
2018-08-02 10:12:00,-180.238706682
2018-08-02 10:13:00,-171.125173682
2018-08-02 10:14:00,-171.125173682
2018-08-02 10:15:00,-171.125173682
2018-08-02 10:16:00,-162.011640682
2018-08-02 10:17:00,-162.011640682
2018-08-02 10:18:00,-171.125173682
2018-08-02 10:19:00,-180.238706682
2018-08-02 10:20:00,-171.125173682
2018-08-02 10:21:00,-171.125173682
2018-08-02 10:22:00,-162.011640682
2018-08-02 10:23:00,-162.011640682
2018-08-02 10:24:00,-162.011640682
2018-08-02 10:25:00,-162.011640682
2018-08-02 10:26:00,-162.011640682
2018-08-02 10:27:00,-162.011640682
2018-08-02 10:28:00,-162.011640682
2018-08-02 10:29:00,-162.011640682
2018-08-02 10:30:00,-162.011640682
2018-08-02 10:31:00,-162.011640682
2018-08-02 10:32:00,-162.011640682
2018-08-02 10:33:00,-162.011640682
2018-08-02 10:34:00,-162.011640682
2018-08-02 10:35:00,-162.011640682
2018-08-02 10:36:00,-162.011640682
2018-08-02 10:37:00,-162.011640682
2018-08-02 10:38:00,-162.011640682
2018-08-02 10:39:00,-162.011640682
2018-08-02 10:40:00,-162.011640682
2018-08-02 10:41:00,-162.011640682
2018-08-02 10:42:00,-162.011640682
2018-08-02 10:43:00,-152.898107682
2018-08-02 10:44:00,-162.011640682
2018-08-02 10:45:00,-152.898107682
2018-08-02 10:46:00,-152.898107682
2018-08-02 10:47:00,-152.898107682
2018-08-02 10:48:00,-152.898107682
2018-08-02 10:49:00,-162.011640682
2018-08-02 10:50:00,-152.898107682
2018-08-02 10:51:00,-162.011640682
2018-08-02 10:52:00,-152.898107682
2018-08-02 10:53:00,-152.898107682
2018-08-02 10:54:00,-171.125173682
2018-08-02 10:55:00,-171.125173682
2018-08-02 10:56:00,-143.784574682
2018-08-02 10:57:00,-143.784574682
2018-08-02 10:58:00,-143.784574682
2018-08-02 10:59:00,-143.784574682
2018-08-02 11:00:00,-143.784574682
2018-08-02 11:01:00,-143.784574682
2018-08-02 11:02:00,-143.784574682
2018-08-02 11:03:00,-143.784574682
2018-08-02 11:04:00,-143.784574682
2018-08-02 11:05:00,-152.898107682
2018-08-02 11:06:00,-171.125173682
2018-08-02 11:07:00,-171.125173682
2018-08-02 11:08:00,-171.125173682
2018-08-02 11:09:00,-162.011640682
2018-08-02 11:10:00,-162.011640682
2018-08-02 11:11:00,-162.011640682
2018-08-02 11:12:00,-162.011640682
2018-08-02 11:13:00,-162.011640682
2018-08-02 11:14:00,-162.011640682
2018-08-02 11:15:00,-162.011640682
2018-08-02 11:16:00,-152.898107682
2018-08-02 11:17:00,-162.011640682
2018-08-02 11:18:00,-162.011640682
2018-08-02 11:19:00,-162.011640682
2018-08-02 11:20:00,-162.011640682
2018-08-02 11:21:00,-162.011640682
2018-08-02 11:22:00,-162.011640682
2018-08-02 11:23:00,-162.011640682
2018-08-02 11:24:00,-152.898107682
2018-08-02 11:25:00,-162.011640682
2018-08-02 11:26:00,-162.011640682
2018-08-02 11:27:00,-162.011640682
2018-08-02 11:28:00,-162.011640682
2018-08-02 11:29:00,-152.898107682
2018-08-02 11:30:00,-162.011640682
2018-08-02 11:31:00,-162.011640682
2018-08-02 11:32:00,-162.011640682
2018-08-02 11:33:00,-162.011640682
2018-08-02 11:34:00,-162.011640682
2018-08-02 11:35:00,-162.011640682
2018-08-02 11:36:00,-180.238706682
2018-08-02 11:37:00,-180.238706682
2018-08-02 11:38:00,-171.125173682
2018-08-02 11:39:00,-171.125173682
2018-08-02 11:40:00,-171.125173682
2018-08-02 11:41:00,-171.125173682
2018-08-02 11:42:00,-171.125173682
2018-08-02 11:43:00,-171.125173682
2018-08-02 11:44:00,-171.125173682
2018-08-02 11:45:00,-180.238706682
2018-08-02 11:46:00,-180.238706682
2018-08-02 11:47:00,-180.238706682
2018-08-02 11:48:00,-180.238706682
2018-08-02 11:49:00,-180.238706682
2018-08-02 11:50:00,-180.238706682
2018-08-02 11:51:00,-171.125173682
2018-08-02 11:52:00,-171.125173682
2018-08-02 11:53:00,-171.125173682
2018-08-02 11:54:00,-171.125173682
2018-08-02 11:55:00,-171.125173682
2018-08-02 11:56:00,-171.125173682
2018-08-02 11:57:00,-171.125173682
2018-08-02 11:58:00,-162.011640682
2018-08-02 11:59:00,-162.011640682
2018-08-03 01:29:00,-52.6485155997
2018-08-03 01:30:00,-52.6485155997
2018-08-03 01:31:00,-52.6485155997
2018-08-03 01:32:00,-52.6485155997
2018-08-03 01:33:00,-52.6485155997
2018-08-03 01:34:00,-134.6703126
2018-08-03 01:35:00,-134.6703126
2018-08-03 01:36:00,-134.6703126
2018-08-03 01:37:00,-134.6703126
2018-08-03 01:38:00,-134.6703126
2018-08-03 01:39:00,-116.4432466
2018-08-03 01:40:00,-116.4432466
2018-08-03 01:41:00,-107.3297136
2018-08-03 01:42:00,-107.3297136
2018-08-03 01:43:00,-116.4432466
2018-08-03 01:44:00,-107.3297136
2018-08-03 01:45:00,-116.4432466
2018-08-03 01:46:00,-116.4432466
2018-08-03 01:47:00,-116.4432466
2018-08-03 01:48:00,-116.4432466
2018-08-03 01:49:00,-116.4432466
2018-08-03 01:50:00,-116.4432466
2018-08-03 01:51:00,-116.4432466
2018-08-03 01:52:00,-116.4432466
2018-08-03 01:53:00,-116.4432466
2018-08-03 01:54:00,-116.4432466
2018-08-03 01:55:00,-98.2161805997
2018-08-03 01:56:00,-107.3297136
2018-08-03 01:57:00,-107.3297136
2018-08-03 01:58:00,-107.3297136
2018-08-03 01:59:00,-107.3297136
2018-08-03 02:00:00,-98.2161805997
2018-08-03 02:01:00,-89.1026475997
2018-08-03 02:02:00,-79.9891145997
2018-08-03 02:03:00,-89.1026475997
2018-08-03 02:04:00,-89.1026475997
2018-08-03 02:05:00,-89.1026475997
2018-08-03 02:06:00,-107.3297136
2018-08-03 02:07:00,-116.4432466
2018-08-03 02:08:00,-116.4432466
2018-08-03 02:09:00,-98.2161805997
2018-08-03 02:10:00,-107.3297136
2018-08-03 02:11:00,-107.3297136
2018-08-03 02:12:00,-125.5567796
2018-08-03 02:13:00,-107.3297136
2018-08-03 02:14:00,-98.2161805997
2018-08-03 02:15:00,-89.1026475997
2018-08-03 02:16:00,-98.2161805997
2018-08-03 02:17:00,-89.1026475997
2018-08-03 02:18:00,-89.1026475997
2018-08-03 02:19:00,-89.1026475997
2018-08-03 02:20:00,-89.1026475997
2018-08-03 02:21:00,-89.1026475997
2018-08-03 02:22:00,-89.1026475997
2018-08-03 02:23:00,-89.1026475997
2018-08-03 02:24:00,-89.1026475997
2018-08-03 02:25:00,-89.1026475997
2018-08-03 02:26:00,-89.1026475997
2018-08-03 02:27:00,-89.1026475997
2018-08-03 02:28:00,-89.1026475997
2018-08-03 02:29:00,-89.1026475997
2018-08-03 02:30:00,-79.9891145997
2018-08-03 02:31:00,-89.1026475997
2018-08-03 02:32:00,-79.9891145997
2018-08-03 02:33:00,-79.9891145997
2018-08-03 02:34:00,-70.8755815997
2018-08-03 02:35:00,-70.8755815997
2018-08-03 02:36:00,-70.8755815997
2018-08-03 02:37:00,-70.8755815997
2018-08-03 02:38:00,-52.6485155997
2018-08-03 02:39:00,-52.6485155997
2018-08-03 02:40:00,-52.6485155997
2018-08-03 02:41:00,-52.6485155997
2018-08-03 02:42:00,-52.6485155997
2018-08-03 02:43:00,-34.4214495997
2018-08-03 02:44:00,-34.4214495997
2018-08-03 02:45:00,-34.4214495997
2018-08-03 02:46:00,-25.3079165997
2018-08-03 02:47:00,-34.4214495997
2018-08-03 02:48:00,-34.4214495997
2018-08-03 02:49:00,-16.1943835997
2018-08-03 02:50:00,-16.1943835997
2018-08-03 02:51:00,-16.1943835997
2018-08-03 02:52:00,-25.3079165997
2018-08-03 02:53:00,-34.4214495997
2018-08-03 02:54:00,-25.3079165997
2018-08-03 02:55:00,-25.3079165997
2018-08-03 02:56:00,-16.1943835997
2018-08-03 02:57:00,-16.1943835997
2018-08-03 02:58:00,-16.1943835997
2018-08-03 02:59:00,-16.1943835997
2018-08-03 03:00:00,-16.1943835997
2018-08-03 03:01:00,-16.1943835997
2018-08-03 03:02:00,-16.1943835997
2018-08-03 03:03:00,-16.1943835997
2018-08-03 03:04:00,-16.1943835997
2018-08-03 03:05:00,-16.1943835997
2018-08-03 03:06:00,-7.08085059968
2018-08-03 03:07:00,2.03268240032
2018-08-03 03:08:00,2.03268240032
2018-08-03 03:09:00,11.1462154003
2018-08-03 03:10:00,20.2597484003
2018-08-03 03:11:00,11.1462154003
2018-08-03 03:12:00,11.1462154003
2018-08-03 03:13:00,11.1462154003
2018-08-03 03:14:00,11.1462154003
2018-08-03 03:15:00,11.1462154003
2018-08-03 03:16:00,2.03268240032
2018-08-03 03:17:00,-7.08085059968
2018-08-03 03:18:00,-16.1943835997
2018-08-03 03:19:00,-16.1943835997
2018-08-03 03:20:00,-16.1943835997
2018-08-03 03:21:00,-16.1943835997
2018-08-03 03:22:00,-16.1943835997
2018-08-03 03:23:00,-25.3079165997
2018-08-03 03:24:00,-25.3079165997
2018-08-03 03:25:00,-25.3079165997
2018-08-03 03:26:00,-16.1943835997
2018-08-03 03:27:00,-16.1943835997
2018-08-03 03:28:00,-7.08085059968
2018-08-03 03:29:00,-7.08085059968
2018-08-03 03:30:00,11.1462154003
2018-08-03 03:31:00,20.2597484003
2018-08-03 03:32:00,11.1462154003
2018-08-03 03:33:00,20.2597484003
2018-08-03 03:34:00,20.2597484003
2018-08-03 03:35:00,2.03268240032
2018-08-03 03:36:00,2.03268240032
2018-08-03 03:37:00,2.03268240032
2018-08-03 03:38:00,20.2597484003
2018-08-03 03:39:00,11.1462154003
2018-08-03 03:40:00,2.03268240032
2018-08-03 03:41:00,11.1462154003
2018-08-03 03:42:00,20.2597484003
2018-08-03 03:43:00,20.2597484003
2018-08-03 03:44:00,-7.08085059968
2018-08-03 03:45:00,2.03268240032
2018-08-03 03:46:00,2.03268240032
2018-08-03 03:47:00,2.03268240032
2018-08-03 03:48:00,2.03268240032
2018-08-03 03:49:00,11.1462154003
2018-08-03 03:50:00,11.1462154003
2018-08-03 03:51:00,2.03268240032
2018-08-03 03:52:00,2.03268240032
2018-08-03 03:53:00,2.03268240032
2018-08-03 03:54:00,2.03268240032
2018-08-03 03:55:00,2.03268240032
2018-08-03 03:56:00,2.03268240032
2018-08-03 03:57:00,-16.1943835997
2018-08-03 03:58:00,-25.3079165997
2018-08-03 03:59:00,-25.3079165997
2018-08-03 04:00:00,-25.3079165997
2018-08-03 04:01:00,-43.5349825997
2018-08-03 04:02:00,-34.4214495997
2018-08-03 04:03:00,-34.4214495997
2018-08-03 04:04:00,-34.4214495997
2018-08-03 04:05:00,-34.4214495997
2018-08-03 04:06:00,-34.4214495997
2018-08-03 04:07:00,-52.6485155997
2018-08-03 04:08:00,-52.6485155997
2018-08-03 04:09:00,-52.6485155997
2018-08-03 04:10:00,-52.6485155997
2018-08-03 04:11:00,-52.6485155997
2018-08-03 04:12:00,-52.6485155997
2018-08-03 04:13:00,-61.7620485997
2018-08-03 04:14:00,-61.7620485997
2018-08-03 04:15:00,-61.7620485997
2018-08-03 04:16:00,-61.7620485997
2018-08-03 04:17:00,-61.7620485997
2018-08-03 04:18:00,-61.7620485997
2018-08-03 04:19:00,-70.8755815997
2018-08-03 04:20:00,-70.8755815997
2018-08-03 04:21:00,-70.8755815997
2018-08-03 04:22:00,-70.8755815997
2018-08-03 04:23:00,-70.8755815997
2018-08-03 04:24:00,-70.8755815997
2018-08-03 04:25:00,-61.7620485997
2018-08-03 04:26:00,-70.8755815997
2018-08-03 04:27:00,-70.8755815997
2018-08-03 04:28:00,-70.8755815997
2018-08-03 04:29:00,-70.8755815997
2018-08-03 04:30:00,-70.8755815997
2018-08-03 04:31:00,-79.9891145997
2018-08-03 04:32:00,-79.9891145997
2018-08-03 04:33:00,-79.9891145997
2018-08-03 04:34:00,-79.9891145997
2018-08-03 04:35:00,-79.9891145997
2018-08-03 04:36:00,-79.9891145997
2018-08-03 04:37:00,-79.9891145997
2018-08-03 04:38:00,-79.9891145997
2018-08-03 04:39:00,-79.9891145997
2018-08-03 04:40:00,-61.7620485997
2018-08-03 04:41:00,-61.7620485997
2018-08-03 04:42:00,-61.7620485997
2018-08-03 04:43:00,-61.7620485997
2018-08-03 04:44:00,-61.7620485997
2018-08-03 04:45:00,-61.7620485997
2018-08-03 04:46:00,-61.7620485997
2018-08-03 04:47:00,-61.7620485997
2018-08-03 04:48:00,-61.7620485997
2018-08-03 04:49:00,-79.9891145997
2018-08-03 04:50:00,-79.9891145997
2018-08-03 04:51:00,-89.1026475997
2018-08-03 04:52:00,-79.9891145997
2018-08-03 04:53:00,-89.1026475997
2018-08-03 04:54:00,-89.1026475997
2018-08-03 04:55:00,-89.1026475997
2018-08-03 04:56:00,-89.1026475997
2018-08-03 04:57:00,-98.2161805997
2018-08-03 04:58:00,-89.1026475997
2018-08-03 04:59:00,-89.1026475997
2018-08-03 05:00:00,-89.1026475997
2018-08-03 05:01:00,-89.1026475997
2018-08-03 05:02:00,-89.1026475997
2018-08-03 05:03:00,-70.8755815997
2018-08-03 05:04:00,-70.8755815997
2018-08-03 05:05:00,-70.8755815997
2018-08-03 05:06:00,-70.8755815997
2018-08-03 05:07:00,-70.8755815997
2018-08-03 05:08:00,-70.8755815997
2018-08-03 05:09:00,-70.8755815997
2018-08-03 05:10:00,-70.8755815997
2018-08-03 05:11:00,-70.8755815997
2018-08-03 05:12:00,-70.8755815997
2018-08-03 05:13:00,-61.7620485997
2018-08-03 05:14:00,-79.9891145997
2018-08-03 05:15:00,-70.8755815997
2018-08-03 05:16:00,-70.8755815997
2018-08-03 05:17:00,-70.8755815997
2018-08-03 05:18:00,-70.8755815997
2018-08-03 05:19:00,-70.8755815997
2018-08-03 05:20:00,-61.7620485997
2018-08-03 05:21:00,-61.7620485997
2018-08-03 05:22:00,-52.6485155997
2018-08-03 05:23:00,-52.6485155997
2018-08-03 05:24:00,-52.6485155997
2018-08-03 05:25:00,-70.8755815997
2018-08-03 05:26:00,-70.8755815997
2018-08-03 05:27:00,-61.7620485997
2018-08-03 05:28:00,-61.7620485997
2018-08-03 05:29:00,-61.7620485997
2018-08-03 05:30:00,-61.7620485997
2018-08-03 05:31:00,-70.8755815997
2018-08-03 05:32:00,-70.8755815997
2018-08-03 05:33:00,-70.8755815997
2018-08-03 05:34:00,-70.8755815997
2018-08-03 05:35:00,-61.7620485997
2018-08-03 05:36:00,-61.7620485997
2018-08-03 05:37:00,-61.7620485997
2018-08-03 05:38:00,-52.6485155997
2018-08-03 05:39:00,-52.6485155997
2018-08-03 05:40:00,-52.6485155997
2018-08-03 05:41:00,-52.6485155997
2018-08-03 05:42:00,-52.6485155997
2018-08-03 05:43:00,-52.6485155997
2018-08-03 05:44:00,-52.6485155997
2018-08-03 05:45:00,-52.6485155997
2018-08-03 05:46:00,-52.6485155997
2018-08-03 05:47:00,-52.6485155997
2018-08-03 05:48:00,-52.6485155997
2018-08-03 05:49:00,-61.7620485997
2018-08-03 05:50:00,-70.8755815997
2018-08-03 05:51:00,-61.7620485997
2018-08-03 05:52:00,-61.7620485997
2018-08-03 05:53:00,-61.7620485997
2018-08-03 05:54:00,-61.7620485997
2018-08-03 05:55:00,-16.1943835997
2018-08-03 05:56:00,-16.1943835997
2018-08-03 05:57:00,-25.3079165997
2018-08-03 05:58:00,-25.3079165997
2018-08-03 05:59:00,-7.08085059968
2018-08-03 06:00:00,-7.08085059968
2018-08-03 06:01:00,-16.1943835997
2018-08-03 06:02:00,-16.1943835997
2018-08-03 06:03:00,-52.6485155997
2018-08-03 06:04:00,-43.5349825997
2018-08-03 06:05:00,-61.7620485997
2018-08-03 06:06:00,-61.7620485997
2018-08-03 06:07:00,-52.6485155997
2018-08-03 06:08:00,-52.6485155997
2018-08-03 06:09:00,-52.6485155997
2018-08-03 06:10:00,-52.6485155997
2018-08-03 06:11:00,-52.6485155997
2018-08-03 06:12:00,-52.6485155997
2018-08-03 06:13:00,-52.6485155997
2018-08-03 06:14:00,-61.7620485997
2018-08-03 06:15:00,-61.7620485997
2018-08-03 06:16:00,-61.7620485997
2018-08-03 06:17:00,-61.7620485997
2018-08-03 06:18:00,-61.7620485997
2018-08-03 06:19:00,-89.1026475997
2018-08-03 06:20:00,-70.8755815997
2018-08-03 06:21:00,-79.9891145997
2018-08-03 06:22:00,-79.9891145997
2018-08-03 06:23:00,-79.9891145997
2018-08-03 06:24:00,-79.9891145997
2018-08-03 06:25:00,-79.9891145997
2018-08-03 06:26:00,-79.9891145997
2018-08-03 06:27:00,-79.9891145997
2018-08-03 06:28:00,-79.9891145997
2018-08-03 06:29:00,-98.2161805997
2018-08-03 06:30:00,-98.2161805997
2018-08-03 06:31:00,-107.3297136
2018-08-03 06:32:00,-98.2161805997
2018-08-03 06:33:00,-98.2161805997
2018-08-03 06:34:00,-107.3297136
2018-08-03 06:35:00,-107.3297136
2018-08-03 06:36:00,-116.4432466
2018-08-03 06:37:00,-116.4432466
2018-08-03 06:38:00,-107.3297136
2018-08-03 06:39:00,-107.3297136
2018-08-03 06:40:00,-107.3297136
2018-08-03 06:41:00,-125.5567796
2018-08-03 06:42:00,-89.1026475997
2018-08-03 06:43:00,-116.4432466
2018-08-03 06:44:00,-116.4432466
2018-08-03 06:45:00,-125.5567796
2018-08-03 06:46:00,-125.5567796
2018-08-03 06:47:00,-125.5567796
2018-08-03 06:48:00,-116.4432466
2018-08-03 06:49:00,-116.4432466
2018-08-03 06:50:00,-125.5567796
2018-08-03 06:51:00,-125.5567796
2018-08-03 06:52:00,-125.5567796
2018-08-03 06:53:00,-125.5567796
2018-08-03 06:54:00,-116.4432466
2018-08-03 06:55:00,-116.4432466
2018-08-03 06:56:00,-116.4432466
2018-08-03 06:57:00,-116.4432466
2018-08-03 06:58:00,-116.4432466
2018-08-03 06:59:00,-79.9891145997
2018-08-03 07:00:00,-52.6485155997
2018-08-03 07:01:00,-61.7620485997
2018-08-03 07:02:00,-61.7620485997
2018-08-03 07:03:00,-61.7620485997
2018-08-03 07:04:00,-61.7620485997
2018-08-03 07:05:00,-61.7620485997
2018-08-03 07:06:00,-61.7620485997
2018-08-03 07:07:00,-61.7620485997
2018-08-03 07:08:00,-61.7620485997
2018-08-03 07:09:00,-61.7620485997
2018-08-03 07:10:00,-25.3079165997
2018-08-03 07:11:00,-43.5349825997
2018-08-03 07:12:00,-25.3079165997
2018-08-03 07:13:00,-16.1943835997
2018-08-03 07:14:00,-25.3079165997
2018-08-03 07:15:00,-25.3079165997
2018-08-03 07:16:00,-16.1943835997
2018-08-03 07:17:00,-16.1943835997
2018-08-03 07:18:00,-16.1943835997
2018-08-03 07:19:00,-16.1943835997
2018-08-03 07:20:00,-16.1943835997
2018-08-03 07:21:00,-7.08085059968
2018-08-03 07:22:00,-7.08085059968
2018-08-03 07:23:00,-7.08085059968
2018-08-03 07:24:00,-7.08085059968
2018-08-03 07:25:00,-7.08085059968
2018-08-03 07:26:00,-25.3079165997
2018-08-03 07:27:00,-25.3079165997
2018-08-03 07:28:00,-16.1943835997
2018-08-03 07:29:00,20.2597484003
2018-08-03 07:30:00,-25.3079165997
2018-08-03 07:31:00,-7.08085059968
2018-08-03 07:32:00,-16.1943835997
2018-08-03 07:33:00,-34.4214495997
2018-08-03 07:34:00,-25.3079165997
2018-08-03 07:35:00,-7.08085059968
2018-08-03 07:36:00,-16.1943835997
2018-08-03 07:37:00,-25.3079165997
2018-08-03 07:38:00,-25.3079165997
2018-08-03 07:39:00,-25.3079165997
2018-08-03 07:40:00,-7.08085059968
2018-08-03 07:41:00,2.03268240032
2018-08-03 07:42:00,2.03268240032
2018-08-03 07:43:00,2.03268240032
2018-08-03 07:44:00,-7.08085059968
2018-08-03 07:45:00,-7.08085059968
2018-08-03 07:46:00,-7.08085059968
2018-08-03 07:47:00,-7.08085059968
2018-08-03 07:48:00,-7.08085059968
2018-08-03 07:49:00,-7.08085059968
2018-08-03 07:50:00,-7.08085059968
2018-08-03 07:51:00,-7.08085059968
2018-08-03 07:52:00,-16.1943835997
2018-08-03 07:53:00,-16.1943835997
2018-08-03 07:54:00,-16.1943835997
2018-08-03 07:55:00,-16.1943835997
2018-08-03 07:56:00,-16.1943835997
2018-08-03 07:57:00,-7.08085059968
2018-08-03 07:58:00,-7.08085059968
2018-08-03 07:59:00,-7.08085059968
2018-08-03 08:00:00,-7.08085059968
2018-08-03 08:01:00,-7.08085059968
2018-08-03 08:02:00,-7.08085059968
2018-08-03 08:03:00,-25.3079165997
2018-08-03 08:04:00,-7.08085059968
2018-08-03 08:05:00,-7.08085059968
2018-08-03 08:06:00,-7.08085059968
2018-08-03 08:07:00,-7.08085059968
2018-08-03 08:08:00,-7.08085059968
2018-08-03 08:09:00,-7.08085059968
2018-08-03 08:10:00,-7.08085059968
2018-08-03 08:11:00,-25.3079165997
2018-08-03 08:12:00,-25.3079165997
2018-08-03 08:13:00,-25.3079165997
2018-08-03 08:14:00,-25.3079165997
2018-08-03 08:15:00,-25.3079165997
2018-08-03 08:16:00,-34.4214495997
2018-08-03 08:17:00,-34.4214495997
2018-08-03 08:18:00,-34.4214495997
2018-08-03 08:19:00,-34.4214495997
2018-08-03 08:20:00,-25.3079165997
2018-08-03 08:21:00,-25.3079165997
2018-08-03 08:22:00,-25.3079165997
2018-08-03 08:23:00,-25.3079165997
2018-08-03 08:24:00,-25.3079165997
2018-08-03 08:25:00,-25.3079165997
2018-08-03 08:26:00,-25.3079165997
2018-08-03 08:27:00,-25.3079165997
2018-08-03 08:28:00,-7.08085059968
2018-08-03 08:29:00,-7.08085059968
2018-08-03 08:30:00,-7.08085059968
2018-08-03 08:31:00,-7.08085059968
2018-08-03 08:32:00,-7.08085059968
2018-08-03 08:33:00,-7.08085059968
2018-08-03 08:34:00,-7.08085059968
2018-08-03 08:35:00,-7.08085059968
2018-08-03 08:36:00,-7.08085059968
2018-08-03 08:37:00,-7.08085059968
2018-08-03 08:38:00,2.03268240032
2018-08-03 08:39:00,-7.08085059968
2018-08-03 08:40:00,2.03268240032
2018-08-03 08:41:00,-7.08085059968
2018-08-03 08:42:00,-7.08085059968
2018-08-03 08:43:00,-7.08085059968
2018-08-03 08:44:00,20.2597484003
2018-08-03 08:45:00,29.3732814003
2018-08-03 08:46:00,29.3732814003
2018-08-03 08:47:00,29.3732814003
2018-08-03 08:48:00,38.4868144003
2018-08-03 08:49:00,47.6003474003
2018-08-03 08:50:00,56.7138804003
2018-08-03 08:51:00,65.8274134003
2018-08-03 08:52:00,65.8274134003
2018-08-03 08:53:00,65.8274134003
2018-08-03 08:54:00,65.8274134003
2018-08-03 08:55:00,65.8274134003
2018-08-03 08:56:00,47.6003474003
2018-08-03 08:57:00,47.6003474003
2018-08-03 08:58:00,56.7138804003
2018-08-03 08:59:00,29.3732814003
2018-08-03 09:00:00,65.8274134003
2018-08-03 09:01:00,74.9409464003
2018-08-03 09:02:00,56.7138804003
2018-08-03 09:03:00,56.7138804003
2018-08-03 09:04:00,56.7138804003
2018-08-03 09:05:00,56.7138804003
2018-08-03 09:06:00,56.7138804003
2018-08-03 09:07:00,56.7138804003
2018-08-03 09:08:00,74.9409464003
2018-08-03 09:09:00,74.9409464003
2018-08-03 09:10:00,74.9409464003
2018-08-03 09:11:00,74.9409464003
2018-08-03 09:12:00,56.7138804003
2018-08-03 09:13:00,56.7138804003
2018-08-03 09:14:00,65.8274134003
2018-08-03 09:15:00,56.7138804003
2018-08-03 09:16:00,56.7138804003
2018-08-03 09:17:00,74.9409464003
2018-08-03 09:18:00,56.7138804003
2018-08-03 09:19:00,56.7138804003
2018-08-03 09:20:00,56.7138804003
2018-08-03 09:21:00,56.7138804003
2018-08-03 09:22:00,65.8274134003
2018-08-03 09:23:00,74.9409464003
2018-08-03 09:24:00,65.8274134003
2018-08-03 09:25:00,65.8274134003
2018-08-03 09:26:00,65.8274134003
2018-08-03 09:27:00,74.9409464003
2018-08-03 09:28:00,74.9409464003
2018-08-03 09:29:00,65.8274134003
2018-08-03 09:30:00,84.0544794003
2018-08-03 09:31:00,84.0544794003
2018-08-03 09:32:00,84.0544794003
2018-08-03 09:33:00,74.9409464003
2018-08-03 09:34:00,84.0544794003
2018-08-03 09:35:00,93.1680124003
2018-08-03 09:36:00,93.1680124003
2018-08-03 09:37:00,93.1680124003
2018-08-03 09:38:00,93.1680124003
2018-08-03 09:39:00,93.1680124003
2018-08-03 09:40:00,93.1680124003
2018-08-03 09:41:00,93.1680124003
2018-08-03 09:42:00,74.9409464003
2018-08-03 09:43:00,74.9409464003
2018-08-03 09:44:00,74.9409464003
2018-08-03 09:45:00,84.0544794003
2018-08-03 09:46:00,93.1680124003
2018-08-03 09:47:00,93.1680124003
2018-08-03 09:48:00,93.1680124003
2018-08-03 09:49:00,93.1680124003
2018-08-03 09:50:00,93.1680124003
2018-08-03 09:51:00,84.0544794003
2018-08-03 09:52:00,84.0544794003
2018-08-03 09:53:00,84.0544794003
2018-08-03 09:54:00,84.0544794003
2018-08-03 09:55:00,84.0544794003
2018-08-03 09:56:00,93.1680124003
2018-08-03 09:57:00,93.1680124003
2018-08-03 09:58:00,93.1680124003
2018-08-03 09:59:00,93.1680124003
2018-08-03 10:00:00,102.2815454
2018-08-03 10:01:00,102.2815454
2018-08-03 10:02:00,102.2815454
2018-08-03 10:03:00,102.2815454
2018-08-03 10:04:00,74.9409464003
2018-08-03 10:05:00,74.9409464003
2018-08-03 10:06:00,74.9409464003
2018-08-03 10:07:00,65.8274134003
2018-08-03 10:08:00,65.8274134003
2018-08-03 10:09:00,84.0544794003
2018-08-03 10:10:00,56.7138804003
2018-08-03 10:11:00,74.9409464003
2018-08-03 10:12:00,65.8274134003
2018-08-03 10:13:00,74.9409464003
2018-08-03 10:14:00,84.0544794003
2018-08-03 10:15:00,84.0544794003
2018-08-03 10:16:00,84.0544794003
2018-08-03 10:17:00,84.0544794003
2018-08-03 10:18:00,84.0544794003
2018-08-03 10:19:00,84.0544794003
2018-08-03 10:20:00,84.0544794003
2018-08-03 10:21:00,84.0544794003
2018-08-03 10:22:00,84.0544794003
2018-08-03 10:23:00,93.1680124003
2018-08-03 10:24:00,93.1680124003
2018-08-03 10:25:00,93.1680124003
2018-08-03 10:26:00,84.0544794003
2018-08-03 10:27:00,84.0544794003
2018-08-03 10:28:00,84.0544794003
2018-08-03 10:29:00,84.0544794003
2018-08-03 10:30:00,84.0544794003
2018-08-03 10:31:00,84.0544794003
2018-08-03 10:32:00,84.0544794003
2018-08-03 10:33:00,84.0544794003
2018-08-03 10:34:00,74.9409464003
2018-08-03 10:35:00,74.9409464003
2018-08-03 10:36:00,74.9409464003
2018-08-03 10:37:00,74.9409464003
2018-08-03 10:38:00,74.9409464003
2018-08-03 10:39:00,74.9409464003
2018-08-03 10:40:00,74.9409464003
2018-08-03 10:41:00,74.9409464003
2018-08-03 10:42:00,74.9409464003
2018-08-03 10:43:00,65.8274134003
2018-08-03 10:44:00,74.9409464003
2018-08-03 10:45:00,74.9409464003
2018-08-03 10:46:00,74.9409464003
2018-08-03 10:47:00,74.9409464003
2018-08-03 10:48:00,84.0544794003
2018-08-03 10:49:00,93.1680124003
2018-08-03 10:50:00,93.1680124003
2018-08-03 10:51:00,93.1680124003
2018-08-03 10:52:00,74.9409464003
2018-08-03 10:53:00,74.9409464003
2018-08-03 10:54:00,65.8274134003
2018-08-03 10:55:00,65.8274134003
2018-08-03 10:56:00,65.8274134003
2018-08-03 10:57:00,56.7138804003
2018-08-03 10:58:00,56.7138804003
2018-08-03 10:59:00,74.9409464003
2018-08-03 11:00:00,65.8274134003
2018-08-03 11:01:00,65.8274134003
2018-08-03 11:02:00,65.8274134003
2018-08-03 11:03:00,65.8274134003
2018-08-03 11:04:00,65.8274134003
2018-08-03 11:05:00,65.8274134003
2018-08-03 11:06:00,56.7138804003
2018-08-03 11:07:00,56.7138804003
2018-08-03 11:08:00,56.7138804003
2018-08-03 11:09:00,56.7138804003
2018-08-03 11:10:00,56.7138804003
2018-08-03 11:11:00,56.7138804003
2018-08-03 11:12:00,56.7138804003
2018-08-03 11:13:00,56.7138804003
2018-08-03 11:14:00,56.7138804003
2018-08-03 11:15:00,56.7138804003
2018-08-03 11:16:00,56.7138804003
2018-08-03 11:17:00,56.7138804003
2018-08-03 11:18:00,56.7138804003
2018-08-03 11:19:00,56.7138804003
2018-08-03 11:20:00,56.7138804003
2018-08-03 11:21:00,56.7138804003
2018-08-03 11:22:00,47.6003474003
2018-08-03 11:23:00,47.6003474003
2018-08-03 11:24:00,56.7138804003
2018-08-03 11:25:00,56.7138804003
2018-08-03 11:26:00,56.7138804003
2018-08-03 11:27:00,56.7138804003
2018-08-03 11:28:00,56.7138804003
2018-08-03 11:29:00,56.7138804003
2018-08-03 11:30:00,56.7138804003
2018-08-03 11:31:00,56.7138804003
2018-08-03 11:32:00,56.7138804003
2018-08-03 11:33:00,56.7138804003
2018-08-03 11:34:00,56.7138804003
2018-08-03 11:35:00,56.7138804003
2018-08-03 11:36:00,56.7138804003
2018-08-03 11:37:00,56.7138804003
2018-08-03 11:38:00,65.8274134003
2018-08-03 11:39:00,65.8274134003
2018-08-03 11:40:00,56.7138804003
2018-08-03 11:41:00,56.7138804003
2018-08-03 11:42:00,56.7138804003
2018-08-03 11:43:00,56.7138804003
2018-08-03 11:44:00,56.7138804003
2018-08-03 11:45:00,56.7138804003
2018-08-03 11:46:00,56.7138804003
2018-08-03 11:47:00,56.7138804003
2018-08-03 11:48:00,56.7138804003
2018-08-03 11:49:00,56.7138804003
2018-08-03 11:50:00,56.7138804003
2018-08-03 11:51:00,56.7138804003
2018-08-03 11:52:00,56.7138804003
2018-08-03 11:53:00,56.7138804003
2018-08-03 11:54:00,56.7138804003
2018-08-03 11:55:00,56.7138804003
2018-08-03 11:56:00,56.7138804003
2018-08-03 11:57:00,56.7138804003
2018-08-03 11:58:00,56.7138804003
2018-08-03 11:59:00,56.7138804003
2018-08-06 01:34:00,66.9648336289
2018-08-06 01:35:00,57.2824616727
2018-08-06 01:36:00,57.2824616727
2018-08-06 01:37:00,66.9648336289
2018-08-06 01:38:00,66.9648336289
2018-08-06 01:39:00,66.9648336289
2018-08-06 01:40:00,66.9648336289
2018-08-06 01:41:00,66.9648336289
2018-08-06 01:42:00,66.9648336289
2018-08-06 01:43:00,57.2824616727
2018-08-06 01:44:00,57.2824616727
2018-08-06 01:45:00,57.2824616727
2018-08-06 01:46:00,57.2824616727
2018-08-06 01:47:00,47.6000897164
2018-08-06 01:48:00,47.6000897164
2018-08-06 01:49:00,47.6000897164
2018-08-06 01:50:00,47.6000897164
2018-08-06 01:51:00,47.6000897164
2018-08-06 01:52:00,47.6000897164
2018-08-06 01:53:00,47.6000897164
2018-08-06 01:54:00,47.6000897164
2018-08-06 01:55:00,47.6000897164
2018-08-06 01:56:00,47.6000897164
2018-08-06 01:57:00,28.2353458039
2018-08-06 01:58:00,28.2353458039
2018-08-06 01:59:00,28.2353458039
2018-08-06 02:00:00,47.6000897164
2018-08-06 02:01:00,47.6000897164
2018-08-06 02:02:00,57.2824616727
2018-08-06 02:03:00,57.2824616727
2018-08-06 02:04:00,47.6000897164
2018-08-06 02:05:00,47.6000897164
2018-08-06 02:06:00,47.6000897164
2018-08-06 02:07:00,47.6000897164
2018-08-06 02:08:00,47.6000897164
2018-08-06 02:09:00,47.6000897164
2018-08-06 02:10:00,47.6000897164
2018-08-06 02:11:00,57.2824616727
2018-08-06 02:12:00,66.9648336289
2018-08-06 02:13:00,76.6472055852
2018-08-06 02:14:00,76.6472055852
2018-08-06 02:15:00,66.9648336289
2018-08-06 02:16:00,66.9648336289
2018-08-06 02:17:00,66.9648336289
2018-08-06 02:18:00,66.9648336289
2018-08-06 02:19:00,66.9648336289
2018-08-06 02:20:00,66.9648336289
2018-08-06 02:21:00,66.9648336289
2018-08-06 02:22:00,66.9648336289
2018-08-06 02:23:00,66.9648336289
2018-08-06 02:24:00,66.9648336289
2018-08-06 02:25:00,66.9648336289
2018-08-06 02:26:00,66.9648336289
2018-08-06 02:27:00,66.9648336289
2018-08-06 02:28:00,66.9648336289
2018-08-06 02:29:00,66.9648336289
2018-08-06 02:30:00,66.9648336289
2018-08-06 02:31:00,66.9648336289
2018-08-06 02:32:00,66.9648336289
2018-08-06 02:33:00,66.9648336289
2018-08-06 02:34:00,76.6472055852
2018-08-06 02:35:00,76.6472055852
2018-08-06 02:36:00,76.6472055852
2018-08-06 02:37:00,76.6472055852
2018-08-06 02:38:00,76.6472055852
2018-08-06 02:39:00,76.6472055852
2018-08-06 02:40:00,66.9648336289
2018-08-06 02:41:00,76.6472055852
2018-08-06 02:42:00,76.6472055852
2018-08-06 02:43:00,76.6472055852
2018-08-06 02:44:00,76.6472055852
2018-08-06 02:45:00,76.6472055852
2018-08-06 02:46:00,76.6472055852
2018-08-06 02:47:00,76.6472055852
2018-08-06 02:48:00,76.6472055852
2018-08-06 02:49:00,76.6472055852
2018-08-06 02:50:00,96.0119494977
2018-08-06 02:51:00,86.3295775414
2018-08-06 02:52:00,86.3295775414
2018-08-06 02:53:00,76.6472055852
2018-08-06 02:54:00,76.6472055852
2018-08-06 02:55:00,76.6472055852
2018-08-06 02:56:00,76.6472055852
2018-08-06 02:57:00,76.6472055852
2018-08-06 02:58:00,76.6472055852
2018-08-06 02:59:00,76.6472055852
2018-08-06 03:00:00,76.6472055852
2018-08-06 03:01:00,76.6472055852
2018-08-06 03:02:00,86.3295775414
2018-08-06 03:03:00,105.694321454
2018-08-06 03:04:00,96.0119494977
2018-08-06 03:05:00,96.0119494977
2018-08-06 03:06:00,96.0119494977
2018-08-06 03:07:00,96.0119494977
2018-08-06 03:08:00,96.0119494977
2018-08-06 03:09:00,96.0119494977
2018-08-06 03:10:00,96.0119494977
2018-08-06 03:11:00,96.0119494977
2018-08-06 03:12:00,96.0119494977
2018-08-06 03:13:00,57.2824616727
2018-08-06 03:14:00,57.2824616727
2018-08-06 03:15:00,76.6472055852
2018-08-06 03:16:00,76.6472055852
2018-08-06 03:17:00,76.6472055852
2018-08-06 03:18:00,96.0119494977
2018-08-06 03:19:00,96.0119494977
2018-08-06 03:20:00,86.3295775414
2018-08-06 03:21:00,86.3295775414
2018-08-06 03:22:00,96.0119494977
2018-08-06 03:23:00,96.0119494977
2018-08-06 03:24:00,96.0119494977
2018-08-06 03:25:00,96.0119494977
2018-08-06 03:26:00,96.0119494977
2018-08-06 03:27:00,96.0119494977
2018-08-06 03:28:00,96.0119494977
2018-08-06 03:29:00,96.0119494977
2018-08-06 03:30:00,76.6472055852
2018-08-06 03:31:00,76.6472055852
2018-08-06 03:32:00,76.6472055852
2018-08-06 03:33:00,76.6472055852
2018-08-06 03:34:00,86.3295775414
2018-08-06 03:35:00,76.6472055852
2018-08-06 03:36:00,76.6472055852
2018-08-06 03:37:00,76.6472055852
2018-08-06 03:38:00,76.6472055852
2018-08-06 03:39:00,76.6472055852
2018-08-06 03:40:00,66.9648336289
2018-08-06 03:41:00,76.6472055852
2018-08-06 03:42:00,76.6472055852
2018-08-06 03:43:00,76.6472055852
2018-08-06 03:44:00,76.6472055852
2018-08-06 03:45:00,76.6472055852
2018-08-06 03:46:00,86.3295775414
2018-08-06 03:47:00,86.3295775414
2018-08-06 03:48:00,105.694321454
2018-08-06 03:49:00,86.3295775414
2018-08-06 03:50:00,86.3295775414
2018-08-06 03:51:00,86.3295775414
2018-08-06 03:52:00,86.3295775414
2018-08-06 03:53:00,96.0119494977
2018-08-06 03:54:00,96.0119494977
2018-08-06 03:55:00,86.3295775414
2018-08-06 03:56:00,86.3295775414
2018-08-06 03:57:00,96.0119494977
2018-08-06 03:58:00,105.694321454
2018-08-06 03:59:00,105.694321454
2018-08-06 04:00:00,105.694321454
2018-08-06 04:01:00,105.694321454
2018-08-06 04:02:00,96.0119494977
2018-08-06 04:03:00,105.694321454
2018-08-06 04:04:00,105.694321454
2018-08-06 04:05:00,105.694321454
2018-08-06 04:06:00,105.694321454
2018-08-06 04:07:00,105.694321454
2018-08-06 04:08:00,105.694321454
2018-08-06 04:09:00,105.694321454
2018-08-06 04:10:00,105.694321454
2018-08-06 04:11:00,105.694321454
2018-08-06 04:12:00,105.694321454
2018-08-06 04:13:00,105.694321454
2018-08-06 04:14:00,105.694321454
2018-08-06 04:15:00,105.694321454
2018-08-06 04:16:00,105.694321454
2018-08-06 04:17:00,105.694321454
2018-08-06 04:18:00,105.694321454
2018-08-06 04:19:00,105.694321454
2018-08-06 04:20:00,105.694321454
2018-08-06 04:21:00,105.694321454
2018-08-06 04:22:00,105.694321454
2018-08-06 04:23:00,105.694321454
2018-08-06 04:24:00,105.694321454
2018-08-06 04:25:00,105.694321454
2018-08-06 04:26:00,105.694321454
2018-08-06 04:27:00,105.694321454
2018-08-06 04:28:00,105.694321454
2018-08-06 04:29:00,105.694321454
2018-08-06 04:30:00,105.694321454
2018-08-06 04:31:00,105.694321454
2018-08-06 04:32:00,105.694321454
2018-08-06 04:33:00,105.694321454
2018-08-06 04:34:00,105.694321454
2018-08-06 04:35:00,105.694321454
2018-08-06 04:36:00,105.694321454
2018-08-06 04:37:00,105.694321454
2018-08-06 04:38:00,134.741437323
2018-08-06 04:39:00,134.741437323
2018-08-06 04:40:00,134.741437323
2018-08-06 04:41:00,134.741437323
2018-08-06 04:42:00,134.741437323
2018-08-06 04:43:00,134.741437323
2018-08-06 04:44:00,134.741437323
2018-08-06 04:45:00,134.741437323
2018-08-06 04:46:00,134.741437323
2018-08-06 04:47:00,134.741437323
2018-08-06 04:48:00,134.741437323
2018-08-06 04:49:00,134.741437323
2018-08-06 04:50:00,125.059065366
2018-08-06 04:51:00,125.059065366
2018-08-06 04:52:00,125.059065366
2018-08-06 04:53:00,125.059065366
2018-08-06 04:54:00,134.741437323
2018-08-06 04:55:00,134.741437323
2018-08-06 04:56:00,125.059065366
2018-08-06 04:57:00,134.741437323
2018-08-06 04:58:00,134.741437323
2018-08-06 04:59:00,134.741437323
2018-08-06 05:00:00,134.741437323
2018-08-06 05:01:00,134.741437323
2018-08-06 05:02:00,115.37669341
2018-08-06 05:03:00,115.37669341
2018-08-06 05:04:00,115.37669341
2018-08-06 05:05:00,115.37669341
2018-08-06 05:06:00,115.37669341
2018-08-06 05:07:00,115.37669341
2018-08-06 05:08:00,115.37669341
2018-08-06 05:09:00,115.37669341
2018-08-06 05:10:00,115.37669341
2018-08-06 05:11:00,115.37669341
2018-08-06 05:12:00,115.37669341
2018-08-06 05:13:00,115.37669341
2018-08-06 05:14:00,115.37669341
2018-08-06 05:15:00,115.37669341
2018-08-06 05:16:00,115.37669341
2018-08-06 05:17:00,115.37669341
2018-08-06 05:18:00,115.37669341
2018-08-06 05:19:00,115.37669341
2018-08-06 05:20:00,115.37669341
2018-08-06 05:21:00,115.37669341
2018-08-06 05:22:00,115.37669341
2018-08-06 05:23:00,115.37669341
2018-08-06 05:24:00,115.37669341
2018-08-06 05:25:00,125.059065366
2018-08-06 05:26:00,134.741437323
2018-08-06 05:27:00,134.741437323
2018-08-06 05:28:00,134.741437323
2018-08-06 05:29:00,134.741437323
2018-08-06 05:30:00,134.741437323
2018-08-06 05:31:00,134.741437323
2018-08-06 05:32:00,134.741437323
2018-08-06 05:33:00,134.741437323
2018-08-06 05:34:00,134.741437323
2018-08-06 05:35:00,134.741437323
2018-08-06 05:36:00,134.741437323
2018-08-06 05:37:00,134.741437323
2018-08-06 05:38:00,134.741437323
2018-08-06 05:39:00,134.741437323
2018-08-06 05:40:00,125.059065366
2018-08-06 05:41:00,125.059065366
2018-08-06 05:42:00,125.059065366
2018-08-06 05:43:00,125.059065366
2018-08-06 05:44:00,125.059065366
2018-08-06 05:45:00,125.059065366
2018-08-06 05:46:00,115.37669341
2018-08-06 05:47:00,115.37669341
2018-08-06 05:48:00,115.37669341
2018-08-06 05:49:00,115.37669341
2018-08-06 05:50:00,115.37669341
2018-08-06 05:51:00,115.37669341
2018-08-06 05:52:00,125.059065366
2018-08-06 05:53:00,144.423809279
2018-08-06 05:54:00,134.741437323
2018-08-06 05:55:00,134.741437323
2018-08-06 05:56:00,134.741437323
2018-08-06 05:57:00,144.423809279
2018-08-06 05:58:00,144.423809279
2018-08-06 05:59:00,144.423809279
2018-08-06 06:00:00,144.423809279
2018-08-06 06:01:00,144.423809279
2018-08-06 06:02:00,144.423809279
2018-08-06 06:03:00,144.423809279
2018-08-06 06:04:00,163.788553191
2018-08-06 06:05:00,134.741437323
2018-08-06 06:06:00,134.741437323
2018-08-06 06:07:00,125.059065366
2018-08-06 06:08:00,125.059065366
2018-08-06 06:09:00,125.059065366
2018-08-06 06:10:00,125.059065366
2018-08-06 06:11:00,125.059065366
2018-08-06 06:12:00,125.059065366
2018-08-06 06:13:00,105.694321454
2018-08-06 06:14:00,105.694321454
2018-08-06 06:15:00,105.694321454
2018-08-06 06:16:00,105.694321454
2018-08-06 06:17:00,105.694321454
2018-08-06 06:18:00,105.694321454
2018-08-06 06:19:00,105.694321454
2018-08-06 06:20:00,105.694321454
2018-08-06 06:21:00,105.694321454
2018-08-06 06:22:00,105.694321454
2018-08-06 06:23:00,105.694321454
2018-08-06 06:24:00,105.694321454
2018-08-06 06:25:00,125.059065366
2018-08-06 06:26:00,125.059065366
2018-08-06 06:27:00,154.106181235
2018-08-06 06:28:00,154.106181235
2018-08-06 06:29:00,154.106181235
2018-08-06 06:30:00,154.106181235
2018-08-06 06:31:00,144.423809279
2018-08-06 06:32:00,134.741437323
2018-08-06 06:33:00,144.423809279
2018-08-06 06:34:00,144.423809279
2018-08-06 06:35:00,144.423809279
2018-08-06 06:36:00,134.741437323
2018-08-06 06:37:00,134.741437323
2018-08-06 06:38:00,134.741437323
2018-08-06 06:39:00,154.106181235
2018-08-06 06:40:00,154.106181235
2018-08-06 06:41:00,144.423809279
2018-08-06 06:42:00,144.423809279
2018-08-06 06:43:00,144.423809279
2018-08-06 06:44:00,144.423809279
2018-08-06 06:45:00,154.106181235
2018-08-06 06:46:00,154.106181235
2018-08-06 06:47:00,154.106181235
2018-08-06 06:48:00,154.106181235
2018-08-06 06:49:00,154.106181235
2018-08-06 06:50:00,154.106181235
2018-08-06 06:51:00,154.106181235
2018-08-06 06:52:00,154.106181235
2018-08-06 06:53:00,154.106181235
2018-08-06 06:54:00,154.106181235
2018-08-06 06:55:00,154.106181235
2018-08-06 06:56:00,154.106181235
2018-08-06 06:57:00,163.788553191
2018-08-06 06:58:00,163.788553191
2018-08-06 06:59:00,154.106181235
2018-08-06 07:00:00,154.106181235
2018-08-06 07:01:00,154.106181235
2018-08-06 07:02:00,154.106181235
2018-08-06 07:03:00,154.106181235
2018-08-06 07:04:00,154.106181235
2018-08-06 07:05:00,154.106181235
2018-08-06 07:06:00,154.106181235
2018-08-06 07:07:00,154.106181235
2018-08-06 07:08:00,154.106181235
2018-08-06 07:09:00,154.106181235
2018-08-06 07:10:00,154.106181235
2018-08-06 07:11:00,154.106181235
2018-08-06 07:12:00,154.106181235
2018-08-06 07:13:00,154.106181235
2018-08-06 07:14:00,154.106181235
2018-08-06 07:15:00,154.106181235
2018-08-06 07:16:00,154.106181235
2018-08-06 07:17:00,154.106181235
2018-08-06 07:18:00,154.106181235
2018-08-06 07:19:00,134.741437323
2018-08-06 07:20:00,154.106181235
2018-08-06 07:21:00,154.106181235
2018-08-06 07:22:00,154.106181235
2018-08-06 07:23:00,154.106181235
2018-08-06 07:24:00,154.106181235
2018-08-06 07:25:00,154.106181235
2018-08-06 07:26:00,154.106181235
2018-08-06 07:27:00,154.106181235
2018-08-06 07:28:00,154.106181235
2018-08-06 07:29:00,154.106181235
2018-08-06 07:30:00,154.106181235
2018-08-06 07:31:00,144.423809279
2018-08-06 07:32:00,144.423809279
2018-08-06 07:33:00,144.423809279
2018-08-06 07:34:00,144.423809279
2018-08-06 07:35:00,144.423809279
2018-08-06 07:36:00,144.423809279
2018-08-06 07:37:00,144.423809279
2018-08-06 07:38:00,144.423809279
2018-08-06 07:39:00,144.423809279
2018-08-06 07:40:00,144.423809279
2018-08-06 07:41:00,144.423809279
2018-08-06 07:42:00,144.423809279
2018-08-06 07:43:00,144.423809279
2018-08-06 07:44:00,144.423809279
2018-08-06 07:45:00,144.423809279
2018-08-06 07:46:00,144.423809279
2018-08-06 07:47:00,144.423809279
2018-08-06 07:48:00,144.423809279
2018-08-06 07:49:00,144.423809279
2018-08-06 07:50:00,144.423809279
2018-08-06 07:51:00,154.106181235
2018-08-06 07:52:00,173.470925148
2018-08-06 07:53:00,192.83566906
2018-08-06 07:54:00,202.518041016
2018-08-06 07:55:00,192.83566906
2018-08-06 07:56:00,192.83566906
2018-08-06 07:57:00,183.153297104
2018-08-06 07:58:00,192.83566906
2018-08-06 07:59:00,202.518041016
2018-08-06 08:00:00,202.518041016
2018-08-06 08:01:00,192.83566906
2018-08-06 08:02:00,183.153297104
2018-08-06 08:03:00,183.153297104
2018-08-06 08:04:00,202.518041016
2018-08-06 08:05:00,202.518041016
2018-08-06 08:06:00,202.518041016
2018-08-06 08:07:00,202.518041016
2018-08-06 08:08:00,183.153297104
2018-08-06 08:09:00,183.153297104
2018-08-06 08:10:00,183.153297104
2018-08-06 08:11:00,192.83566906
2018-08-06 08:12:00,183.153297104
2018-08-06 08:13:00,183.153297104
2018-08-06 08:14:00,183.153297104
2018-08-06 08:15:00,163.788553191
2018-08-06 08:16:00,163.788553191
2018-08-06 08:17:00,163.788553191
2018-08-06 08:18:00,163.788553191
2018-08-06 08:19:00,163.788553191
2018-08-06 08:20:00,163.788553191
2018-08-06 08:21:00,163.788553191
2018-08-06 08:22:00,163.788553191
2018-08-06 08:23:00,163.788553191
2018-08-06 08:24:00,154.106181235
2018-08-06 08:25:00,163.788553191
2018-08-06 08:26:00,163.788553191
2018-08-06 08:27:00,163.788553191
2018-08-06 08:28:00,163.788553191
2018-08-06 08:29:00,163.788553191
2018-08-06 08:30:00,163.788553191
2018-08-06 08:31:00,163.788553191
2018-08-06 08:32:00,183.153297104
2018-08-06 08:33:00,192.83566906
2018-08-06 08:34:00,212.200412973
2018-08-06 08:35:00,212.200412973
2018-08-06 08:36:00,212.200412973
2018-08-06 08:37:00,212.200412973
2018-08-06 08:38:00,212.200412973
2018-08-06 08:39:00,212.200412973
2018-08-06 08:40:00,212.200412973
2018-08-06 08:41:00,212.200412973
2018-08-06 08:42:00,221.882784929
2018-08-06 08:43:00,212.200412973
2018-08-06 08:44:00,212.200412973
2018-08-06 08:45:00,212.200412973
2018-08-06 08:46:00,212.200412973
2018-08-06 08:47:00,212.200412973
2018-08-06 08:48:00,212.200412973
2018-08-06 08:49:00,221.882784929
2018-08-06 08:50:00,212.200412973
2018-08-06 08:51:00,212.200412973
2018-08-06 08:52:00,221.882784929
2018-08-06 08:53:00,221.882784929
2018-08-06 08:54:00,212.200412973
2018-08-06 08:55:00,212.200412973
2018-08-06 08:56:00,212.200412973
2018-08-06 08:57:00,212.200412973
2018-08-06 08:58:00,221.882784929
2018-08-06 08:59:00,212.200412973
2018-08-06 09:00:00,221.882784929
2018-08-06 09:01:00,212.200412973
2018-08-06 09:02:00,212.200412973
2018-08-06 09:03:00,212.200412973
2018-08-06 09:04:00,221.882784929
2018-08-06 09:05:00,221.882784929
2018-08-06 09:06:00,212.200412973
2018-08-06 09:07:00,212.200412973
2018-08-06 09:08:00,212.200412973
2018-08-06 09:09:00,212.200412973
2018-08-06 09:10:00,212.200412973
2018-08-06 09:11:00,212.200412973
2018-08-06 09:12:00,212.200412973
2018-08-06 09:13:00,202.518041016
2018-08-06 09:14:00,212.200412973
2018-08-06 09:15:00,202.518041016
2018-08-06 09:16:00,202.518041016
2018-08-06 09:17:00,212.200412973
2018-08-06 09:18:00,202.518041016
2018-08-06 09:19:00,202.518041016
2018-08-06 09:20:00,202.518041016
2018-08-06 09:21:00,202.518041016
2018-08-06 09:22:00,202.518041016
2018-08-06 09:23:00,192.83566906
2018-08-06 09:24:00,202.518041016
2018-08-06 09:25:00,202.518041016
2018-08-06 09:26:00,202.518041016
2018-08-06 09:27:00,202.518041016
2018-08-06 09:28:00,202.518041016
2018-08-06 09:29:00,212.200412973
2018-08-06 09:30:00,212.200412973
2018-08-06 09:31:00,192.83566906
2018-08-06 09:32:00,212.200412973
2018-08-06 09:33:00,212.200412973
2018-08-06 09:34:00,212.200412973
2018-08-06 09:35:00,212.200412973
2018-08-06 09:36:00,202.518041016
2018-08-06 09:37:00,212.200412973
2018-08-06 09:38:00,212.200412973
2018-08-06 09:39:00,212.200412973
2018-08-06 09:40:00,212.200412973
2018-08-06 09:41:00,212.200412973
2018-08-06 09:42:00,212.200412973
2018-08-06 09:43:00,212.200412973
2018-08-06 09:44:00,212.200412973
2018-08-06 09:45:00,212.200412973
2018-08-06 09:46:00,212.200412973
2018-08-06 09:47:00,212.200412973
2018-08-06 09:48:00,212.200412973
2018-08-06 09:49:00,202.518041016
2018-08-06 09:50:00,202.518041016
2018-08-06 09:51:00,183.153297104
2018-08-06 09:52:00,192.83566906
2018-08-06 09:53:00,192.83566906
2018-08-06 09:54:00,192.83566906
2018-08-06 09:55:00,192.83566906
2018-08-06 09:56:00,192.83566906
2018-08-06 09:57:00,192.83566906
2018-08-06 09:58:00,192.83566906
2018-08-06 09:59:00,192.83566906
2018-08-06 10:00:00,192.83566906
2018-08-06 10:01:00,192.83566906
2018-08-06 10:02:00,192.83566906
2018-08-06 10:03:00,192.83566906
2018-08-06 10:04:00,183.153297104
2018-08-06 10:05:00,192.83566906
2018-08-06 10:06:00,192.83566906
2018-08-06 10:07:00,192.83566906
2018-08-06 10:08:00,192.83566906
2018-08-06 10:09:00,192.83566906
2018-08-06 10:10:00,202.518041016
2018-08-06 10:11:00,202.518041016
2018-08-06 10:12:00,192.83566906
2018-08-06 10:13:00,202.518041016
2018-08-06 10:14:00,202.518041016
2018-08-06 10:15:00,212.200412973
2018-08-06 10:16:00,212.200412973
2018-08-06 10:17:00,212.200412973
2018-08-06 10:18:00,212.200412973
2018-08-06 10:19:00,212.200412973
2018-08-06 10:20:00,212.200412973
2018-08-06 10:21:00,212.200412973
2018-08-06 10:22:00,212.200412973
2018-08-06 10:23:00,212.200412973
2018-08-06 10:24:00,212.200412973
2018-08-06 10:25:00,212.200412973
2018-08-06 10:26:00,212.200412973
2018-08-06 10:27:00,212.200412973
2018-08-06 10:28:00,212.200412973
2018-08-06 10:29:00,212.200412973
2018-08-06 10:30:00,212.200412973
2018-08-06 10:31:00,212.200412973
2018-08-06 10:32:00,221.882784929
2018-08-06 10:33:00,221.882784929
2018-08-06 10:34:00,212.200412973
2018-08-06 10:35:00,212.200412973
2018-08-06 10:36:00,212.200412973
2018-08-06 10:37:00,212.200412973
2018-08-06 10:38:00,212.200412973
2018-08-06 10:39:00,212.200412973
2018-08-06 10:40:00,212.200412973
2018-08-06 10:41:00,212.200412973
2018-08-06 10:42:00,212.200412973
2018-08-06 10:43:00,212.200412973
2018-08-06 10:44:00,212.200412973
2018-08-06 10:45:00,192.83566906
2018-08-06 10:46:00,192.83566906
2018-08-06 10:47:00,192.83566906
2018-08-06 10:48:00,192.83566906
2018-08-06 10:49:00,192.83566906
2018-08-06 10:50:00,202.518041016
2018-08-06 10:51:00,202.518041016
2018-08-06 10:52:00,202.518041016
2018-08-06 10:53:00,202.518041016
2018-08-06 10:54:00,202.518041016
2018-08-06 10:55:00,202.518041016
2018-08-06 10:56:00,202.518041016
2018-08-06 10:57:00,192.83566906
2018-08-06 10:58:00,192.83566906
2018-08-06 10:59:00,192.83566906
2018-08-06 11:00:00,192.83566906
2018-08-06 11:01:00,192.83566906
2018-08-06 11:02:00,192.83566906
2018-08-06 11:03:00,192.83566906
2018-08-06 11:04:00,192.83566906
2018-08-06 11:05:00,192.83566906
2018-08-06 11:06:00,192.83566906
2018-08-06 11:07:00,192.83566906
2018-08-06 11:08:00,192.83566906
2018-08-06 11:09:00,192.83566906
2018-08-06 11:10:00,192.83566906
2018-08-06 11:11:00,192.83566906
2018-08-06 11:12:00,192.83566906
2018-08-06 11:13:00,192.83566906
2018-08-06 11:14:00,192.83566906
2018-08-06 11:15:00,192.83566906
2018-08-06 11:16:00,192.83566906
2018-08-06 11:17:00,192.83566906
2018-08-06 11:18:00,192.83566906
2018-08-06 11:19:00,192.83566906
2018-08-06 11:20:00,192.83566906
2018-08-06 11:21:00,192.83566906
2018-08-06 11:22:00,192.83566906
2018-08-06 11:23:00,192.83566906
2018-08-06 11:24:00,192.83566906
2018-08-06 11:25:00,192.83566906
2018-08-06 11:26:00,192.83566906
2018-08-06 11:27:00,192.83566906
2018-08-06 11:28:00,192.83566906
2018-08-06 11:29:00,192.83566906
2018-08-06 11:30:00,192.83566906
2018-08-06 11:31:00,192.83566906
2018-08-06 11:32:00,192.83566906
2018-08-06 11:33:00,192.83566906
2018-08-06 11:34:00,192.83566906
2018-08-06 11:35:00,192.83566906
2018-08-06 11:36:00,192.83566906
2018-08-06 11:37:00,192.83566906
2018-08-06 11:38:00,192.83566906
2018-08-06 11:39:00,192.83566906
2018-08-06 11:40:00,192.83566906
2018-08-06 11:41:00,183.153297104
2018-08-06 11:42:00,183.153297104
2018-08-06 11:43:00,183.153297104
2018-08-06 11:44:00,183.153297104
2018-08-06 11:45:00,183.153297104
2018-08-06 11:46:00,183.153297104
2018-08-06 11:47:00,183.153297104
2018-08-06 11:48:00,192.83566906
2018-08-06 11:49:00,192.83566906
2018-08-06 11:50:00,192.83566906
2018-08-06 11:51:00,192.83566906
2018-08-06 11:52:00,192.83566906
2018-08-06 11:53:00,192.83566906
2018-08-06 11:54:00,192.83566906
2018-08-06 11:55:00,192.83566906
2018-08-06 11:56:00,192.83566906
2018-08-06 11:57:00,192.83566906
2018-08-06 11:58:00,192.83566906
2018-08-06 11:59:00,192.83566906
2018-08-07 01:29:00,328.388876448
2018-08-07 01:30:00,328.388876448
2018-08-07 01:31:00,328.388876448
2018-08-07 01:32:00,328.388876448
2018-08-07 01:33:00,328.388876448
2018-08-07 01:34:00,173.470925148
2018-08-07 01:35:00,163.788553191
2018-08-07 01:36:00,163.788553191
2018-08-07 01:37:00,163.788553191
2018-08-07 01:38:00,183.153297104
2018-08-07 01:39:00,183.153297104
2018-08-07 01:40:00,183.153297104
2018-08-07 01:41:00,183.153297104
2018-08-07 01:42:00,163.788553191
2018-08-07 01:43:00,163.788553191
2018-08-07 01:44:00,163.788553191
2018-08-07 01:45:00,163.788553191
2018-08-07 01:46:00,163.788553191
2018-08-07 01:47:00,173.470925148
2018-08-07 01:48:00,173.470925148
2018-08-07 01:49:00,173.470925148
2018-08-07 01:50:00,173.470925148
2018-08-07 01:51:00,173.470925148
2018-08-07 01:52:00,173.470925148
2018-08-07 01:53:00,192.83566906
2018-08-07 01:54:00,192.83566906
2018-08-07 01:55:00,173.470925148
2018-08-07 01:56:00,173.470925148
2018-08-07 01:57:00,173.470925148
2018-08-07 01:58:00,173.470925148
2018-08-07 01:59:00,163.788553191
2018-08-07 02:00:00,183.153297104
2018-08-07 02:01:00,192.83566906
2018-08-07 02:02:00,192.83566906
2018-08-07 02:03:00,192.83566906
2018-08-07 02:04:00,202.518041016
2018-08-07 02:05:00,212.200412973
2018-08-07 02:06:00,212.200412973
2018-08-07 02:07:00,231.565156885
2018-08-07 02:08:00,231.565156885
2018-08-07 02:09:00,231.565156885
2018-08-07 02:10:00,231.565156885
2018-08-07 02:11:00,231.565156885
2018-08-07 02:12:00,231.565156885
2018-08-07 02:13:00,221.882784929
2018-08-07 02:14:00,221.882784929
2018-08-07 02:15:00,231.565156885
2018-08-07 02:16:00,212.200412973
2018-08-07 02:17:00,212.200412973
2018-08-07 02:18:00,212.200412973
2018-08-07 02:19:00,221.882784929
2018-08-07 02:20:00,221.882784929
2018-08-07 02:21:00,221.882784929
2018-08-07 02:22:00,221.882784929
2018-08-07 02:23:00,221.882784929
2018-08-07 02:24:00,221.882784929
2018-08-07 02:25:00,202.518041016
2018-08-07 02:26:00,202.518041016
2018-08-07 02:27:00,202.518041016
2018-08-07 02:28:00,192.83566906
2018-08-07 02:29:00,202.518041016
2018-08-07 02:30:00,202.518041016
2018-08-07 02:31:00,202.518041016
2018-08-07 02:32:00,202.518041016
2018-08-07 02:33:00,173.470925148
2018-08-07 02:34:00,173.470925148
2018-08-07 02:35:00,173.470925148
2018-08-07 02:36:00,173.470925148
2018-08-07 02:37:00,173.470925148
2018-08-07 02:38:00,173.470925148
2018-08-07 02:39:00,173.470925148
2018-08-07 02:40:00,173.470925148
2018-08-07 02:41:00,173.470925148
2018-08-07 02:42:00,173.470925148
2018-08-07 02:43:00,173.470925148
2018-08-07 02:44:00,173.470925148
2018-08-07 02:45:00,173.470925148
2018-08-07 02:46:00,173.470925148
2018-08-07 02:47:00,183.153297104
2018-08-07 02:48:00,183.153297104
2018-08-07 02:49:00,183.153297104
2018-08-07 02:50:00,183.153297104
2018-08-07 02:51:00,183.153297104
2018-08-07 02:52:00,183.153297104
2018-08-07 02:53:00,183.153297104
2018-08-07 02:54:00,173.470925148
2018-08-07 02:55:00,163.788553191
2018-08-07 02:56:00,163.788553191
2018-08-07 02:57:00,163.788553191
2018-08-07 02:58:00,163.788553191
2018-08-07 02:59:00,163.788553191
2018-08-07 03:00:00,154.106181235
2018-08-07 03:01:00,154.106181235
2018-08-07 03:02:00,154.106181235
2018-08-07 03:03:00,154.106181235
2018-08-07 03:04:00,154.106181235
2018-08-07 03:05:00,154.106181235
2018-08-07 03:06:00,154.106181235
2018-08-07 03:07:00,154.106181235
2018-08-07 03:08:00,154.106181235
2018-08-07 03:09:00,154.106181235
2018-08-07 03:10:00,154.106181235
2018-08-07 03:11:00,154.106181235
2018-08-07 03:12:00,154.106181235
2018-08-07 03:13:00,154.106181235
2018-08-07 03:14:00,154.106181235
2018-08-07 03:15:00,154.106181235
2018-08-07 03:16:00,154.106181235
2018-08-07 03:17:00,154.106181235
2018-08-07 03:18:00,154.106181235
2018-08-07 03:19:00,154.106181235
2018-08-07 03:20:00,154.106181235
2018-08-07 03:21:00,154.106181235
2018-08-07 03:22:00,154.106181235
2018-08-07 03:23:00,154.106181235
2018-08-07 03:24:00,154.106181235
2018-08-07 03:25:00,154.106181235
2018-08-07 03:26:00,154.106181235
2018-08-07 03:27:00,154.106181235
2018-08-07 03:28:00,154.106181235
2018-08-07 03:29:00,154.106181235
2018-08-07 03:30:00,154.106181235
2018-08-07 03:31:00,154.106181235
2018-08-07 03:32:00,154.106181235
2018-08-07 03:33:00,154.106181235
2018-08-07 03:34:00,154.106181235
2018-08-07 03:35:00,154.106181235
2018-08-07 03:36:00,154.106181235
2018-08-07 03:37:00,154.106181235
2018-08-07 03:38:00,154.106181235
2018-08-07 03:39:00,154.106181235
2018-08-07 03:40:00,154.106181235
2018-08-07 03:41:00,154.106181235
2018-08-07 03:42:00,154.106181235
2018-08-07 03:43:00,154.106181235
2018-08-07 03:44:00,144.423809279
2018-08-07 03:45:00,144.423809279
2018-08-07 03:46:00,144.423809279
2018-08-07 03:47:00,154.106181235
2018-08-07 03:48:00,154.106181235
2018-08-07 03:49:00,154.106181235
2018-08-07 03:50:00,154.106181235
2018-08-07 03:51:00,154.106181235
2018-08-07 03:52:00,154.106181235
2018-08-07 03:53:00,154.106181235
2018-08-07 03:54:00,154.106181235
2018-08-07 03:55:00,154.106181235
2018-08-07 03:56:00,154.106181235
2018-08-07 03:57:00,154.106181235
2018-08-07 03:58:00,154.106181235
2018-08-07 03:59:00,154.106181235
2018-08-07 04:00:00,154.106181235
2018-08-07 04:01:00,154.106181235
2018-08-07 04:02:00,154.106181235
2018-08-07 04:03:00,154.106181235
2018-08-07 04:04:00,144.423809279
2018-08-07 04:05:00,144.423809279
2018-08-07 04:06:00,144.423809279
2018-08-07 04:07:00,144.423809279
2018-08-07 04:08:00,144.423809279
2018-08-07 04:09:00,144.423809279
2018-08-07 04:10:00,144.423809279
2018-08-07 04:11:00,144.423809279
2018-08-07 04:12:00,144.423809279
2018-08-07 04:13:00,144.423809279
2018-08-07 04:14:00,144.423809279
2018-08-07 04:15:00,144.423809279
2018-08-07 04:16:00,154.106181235
2018-08-07 04:17:00,154.106181235
2018-08-07 04:18:00,154.106181235
2018-08-07 04:19:00,154.106181235
2018-08-07 04:20:00,154.106181235
2018-08-07 04:21:00,154.106181235
2018-08-07 04:22:00,154.106181235
2018-08-07 04:23:00,154.106181235
2018-08-07 04:24:00,154.106181235
2018-08-07 04:25:00,154.106181235
2018-08-07 04:26:00,154.106181235
2018-08-07 04:27:00,154.106181235
2018-08-07 04:28:00,154.106181235
2018-08-07 04:29:00,154.106181235
2018-08-07 04:30:00,154.106181235
2018-08-07 04:31:00,154.106181235
2018-08-07 04:32:00,154.106181235
2018-08-07 04:33:00,154.106181235
2018-08-07 04:34:00,154.106181235
2018-08-07 04:35:00,154.106181235
2018-08-07 04:36:00,154.106181235
2018-08-07 04:37:00,154.106181235
2018-08-07 04:38:00,154.106181235
2018-08-07 04:39:00,154.106181235
2018-08-07 04:40:00,154.106181235
2018-08-07 04:41:00,154.106181235
2018-08-07 04:42:00,154.106181235
2018-08-07 04:43:00,154.106181235
2018-08-07 04:44:00,154.106181235
2018-08-07 04:45:00,154.106181235
2018-08-07 04:46:00,154.106181235
2018-08-07 04:47:00,154.106181235
2018-08-07 04:48:00,154.106181235
2018-08-07 04:49:00,144.423809279
2018-08-07 04:50:00,144.423809279
2018-08-07 04:51:00,144.423809279
2018-08-07 04:52:00,144.423809279
2018-08-07 04:53:00,154.106181235
2018-08-07 04:54:00,154.106181235
2018-08-07 04:55:00,154.106181235
2018-08-07 04:56:00,154.106181235
2018-08-07 04:57:00,154.106181235
2018-08-07 04:58:00,154.106181235
2018-08-07 04:59:00,154.106181235
2018-08-07 05:00:00,154.106181235
2018-08-07 05:01:00,154.106181235
2018-08-07 05:02:00,154.106181235
2018-08-07 05:03:00,154.106181235
2018-08-07 05:04:00,154.106181235
2018-08-07 05:05:00,154.106181235
2018-08-07 05:06:00,154.106181235
2018-08-07 05:07:00,144.423809279
2018-08-07 05:08:00,144.423809279
2018-08-07 05:09:00,144.423809279
2018-08-07 05:10:00,144.423809279
2018-08-07 05:11:00,154.106181235
2018-08-07 05:12:00,154.106181235
2018-08-07 05:13:00,154.106181235
2018-08-07 05:14:00,154.106181235
2018-08-07 05:15:00,154.106181235
2018-08-07 05:16:00,154.106181235
2018-08-07 05:17:00,154.106181235
2018-08-07 05:18:00,154.106181235
2018-08-07 05:19:00,154.106181235
2018-08-07 05:20:00,154.106181235
2018-08-07 05:21:00,154.106181235
2018-08-07 05:22:00,154.106181235
2018-08-07 05:23:00,154.106181235
2018-08-07 05:24:00,163.788553191
2018-08-07 05:25:00,163.788553191
2018-08-07 05:26:00,173.470925148
2018-08-07 05:27:00,173.470925148
2018-08-07 05:28:00,173.470925148
2018-08-07 05:29:00,173.470925148
2018-08-07 05:30:00,173.470925148
2018-08-07 05:31:00,173.470925148
2018-08-07 05:32:00,173.470925148
2018-08-07 05:33:00,154.106181235
2018-08-07 05:34:00,154.106181235
2018-08-07 05:35:00,154.106181235
2018-08-07 05:36:00,154.106181235
2018-08-07 05:37:00,154.106181235
2018-08-07 05:38:00,154.106181235
2018-08-07 05:39:00,154.106181235
2018-08-07 05:40:00,154.106181235
2018-08-07 05:41:00,154.106181235
2018-08-07 05:42:00,154.106181235
2018-08-07 05:43:00,154.106181235
2018-08-07 05:44:00,154.106181235
2018-08-07 05:45:00,192.83566906
2018-08-07 05:46:00,192.83566906
2018-08-07 05:47:00,192.83566906
2018-08-07 05:48:00,192.83566906
2018-08-07 05:49:00,192.83566906
2018-08-07 05:50:00,192.83566906
2018-08-07 05:51:00,192.83566906
2018-08-07 05:52:00,192.83566906
2018-08-07 05:53:00,192.83566906
2018-08-07 05:54:00,192.83566906
2018-08-07 05:55:00,192.83566906
2018-08-07 05:56:00,192.83566906
2018-08-07 05:57:00,202.518041016
2018-08-07 05:58:00,212.200412973
2018-08-07 05:59:00,212.200412973
2018-08-07 06:00:00,212.200412973
2018-08-07 06:01:00,212.200412973
2018-08-07 06:02:00,202.518041016
2018-08-07 06:03:00,202.518041016
2018-08-07 06:04:00,202.518041016
2018-08-07 06:05:00,192.83566906
2018-08-07 06:06:00,192.83566906
2018-08-07 06:07:00,192.83566906
2018-08-07 06:08:00,192.83566906
2018-08-07 06:09:00,202.518041016
2018-08-07 06:10:00,192.83566906
2018-08-07 06:11:00,192.83566906
2018-08-07 06:12:00,212.200412973
2018-08-07 06:13:00,212.200412973
2018-08-07 06:14:00,212.200412973
2018-08-07 06:15:00,212.200412973
2018-08-07 06:16:00,202.518041016
2018-08-07 06:17:00,202.518041016
2018-08-07 06:18:00,212.200412973
2018-08-07 06:19:00,212.200412973
2018-08-07 06:20:00,212.200412973
2018-08-07 06:21:00,212.200412973
2018-08-07 06:22:00,221.882784929
2018-08-07 06:23:00,221.882784929
2018-08-07 06:24:00,221.882784929
2018-08-07 06:25:00,221.882784929
2018-08-07 06:26:00,221.882784929
2018-08-07 06:27:00,221.882784929
2018-08-07 06:28:00,221.882784929
2018-08-07 06:29:00,221.882784929
2018-08-07 06:30:00,221.882784929
2018-08-07 06:31:00,221.882784929
2018-08-07 06:32:00,221.882784929
2018-08-07 06:33:00,212.200412973
2018-08-07 06:34:00,212.200412973
2018-08-07 06:35:00,212.200412973
2018-08-07 06:36:00,202.518041016
2018-08-07 06:37:00,202.518041016
2018-08-07 06:38:00,212.200412973
2018-08-07 06:39:00,212.200412973
2018-08-07 06:40:00,202.518041016
2018-08-07 06:41:00,202.518041016
2018-08-07 06:42:00,202.518041016
2018-08-07 06:43:00,202.518041016
2018-08-07 06:44:00,202.518041016
2018-08-07 06:45:00,202.518041016
2018-08-07 06:46:00,202.518041016
2018-08-07 06:47:00,212.200412973
2018-08-07 06:48:00,212.200412973
2018-08-07 06:49:00,212.200412973
2018-08-07 06:50:00,212.200412973
2018-08-07 06:51:00,212.200412973
2018-08-07 06:52:00,212.200412973
2018-08-07 06:53:00,212.200412973
2018-08-07 06:54:00,212.200412973
2018-08-07 06:55:00,192.83566906
2018-08-07 06:56:00,192.83566906
2018-08-07 06:57:00,192.83566906
2018-08-07 06:58:00,192.83566906
2018-08-07 06:59:00,192.83566906
2018-08-07 07:00:00,192.83566906
2018-08-07 07:01:00,192.83566906
2018-08-07 07:02:00,192.83566906
2018-08-07 07:03:00,183.153297104
2018-08-07 07:04:00,183.153297104
2018-08-07 07:05:00,192.83566906
2018-08-07 07:06:00,192.83566906
2018-08-07 07:07:00,192.83566906
2018-08-07 07:08:00,192.83566906
2018-08-07 07:09:00,183.153297104
2018-08-07 07:10:00,183.153297104
2018-08-07 07:11:00,192.83566906
2018-08-07 07:12:00,183.153297104
2018-08-07 07:13:00,192.83566906
2018-08-07 07:14:00,192.83566906
2018-08-07 07:15:00,192.83566906
2018-08-07 07:16:00,183.153297104
2018-08-07 07:17:00,183.153297104
2018-08-07 07:18:00,183.153297104
2018-08-07 07:19:00,183.153297104
2018-08-07 07:20:00,183.153297104
2018-08-07 07:21:00,173.470925148
2018-08-07 07:22:00,173.470925148
2018-08-07 07:23:00,173.470925148
2018-08-07 07:24:00,173.470925148
2018-08-07 07:25:00,173.470925148
2018-08-07 07:26:00,192.83566906
2018-08-07 07:27:00,202.518041016
2018-08-07 07:28:00,202.518041016
2018-08-07 07:29:00,202.518041016
2018-08-07 07:30:00,202.518041016
2018-08-07 07:31:00,202.518041016
2018-08-07 07:32:00,202.518041016
2018-08-07 07:33:00,202.518041016
2018-08-07 07:34:00,192.83566906
2018-08-07 07:35:00,192.83566906
2018-08-07 07:36:00,154.106181235
2018-08-07 07:37:00,173.470925148
2018-08-07 07:38:00,173.470925148
2018-08-07 07:39:00,173.470925148
2018-08-07 07:40:00,173.470925148
2018-08-07 07:41:00,173.470925148
2018-08-07 07:42:00,183.153297104
2018-08-07 07:43:00,183.153297104
2018-08-07 07:44:00,173.470925148
2018-08-07 07:45:00,163.788553191
2018-08-07 07:46:00,163.788553191
2018-08-07 07:47:00,154.106181235
2018-08-07 07:48:00,154.106181235
2018-08-07 07:49:00,163.788553191
2018-08-07 07:50:00,163.788553191
2018-08-07 07:51:00,154.106181235
2018-08-07 07:52:00,154.106181235
2018-08-07 07:53:00,154.106181235
2018-08-07 07:54:00,154.106181235
2018-08-07 07:55:00,154.106181235
2018-08-07 07:56:00,154.106181235
2018-08-07 07:57:00,154.106181235
2018-08-07 07:58:00,154.106181235
2018-08-07 07:59:00,173.470925148
2018-08-07 08:00:00,173.470925148
2018-08-07 08:01:00,173.470925148
2018-08-07 08:02:00,154.106181235
2018-08-07 08:03:00,154.106181235
2018-08-07 08:04:00,173.470925148
2018-08-07 08:05:00,173.470925148
2018-08-07 08:06:00,173.470925148
2018-08-07 08:07:00,173.470925148
2018-08-07 08:08:00,173.470925148
2018-08-07 08:09:00,173.470925148
2018-08-07 08:10:00,173.470925148
2018-08-07 08:11:00,173.470925148
2018-08-07 08:12:00,173.470925148
2018-08-07 08:13:00,154.106181235
2018-08-07 08:14:00,163.788553191
2018-08-07 08:15:00,163.788553191
2018-08-07 08:16:00,163.788553191
2018-08-07 08:17:00,163.788553191
2018-08-07 08:18:00,163.788553191
2018-08-07 08:19:00,163.788553191
2018-08-07 08:20:00,173.470925148
2018-08-07 08:21:00,173.470925148
2018-08-07 08:22:00,173.470925148
2018-08-07 08:23:00,173.470925148
2018-08-07 08:24:00,173.470925148
2018-08-07 08:25:00,173.470925148
2018-08-07 08:26:00,173.470925148
2018-08-07 08:27:00,163.788553191
2018-08-07 08:28:00,163.788553191
2018-08-07 08:29:00,154.106181235
2018-08-07 08:30:00,163.788553191
2018-08-07 08:31:00,163.788553191
2018-08-07 08:32:00,163.788553191
2018-08-07 08:33:00,144.423809279
2018-08-07 08:34:00,154.106181235
2018-08-07 08:35:00,154.106181235
2018-08-07 08:36:00,154.106181235
2018-08-07 08:37:00,154.106181235
2018-08-07 08:38:00,154.106181235
2018-08-07 08:39:00,144.423809279
2018-08-07 08:40:00,134.741437323
2018-08-07 08:41:00,154.106181235
2018-08-07 08:42:00,154.106181235
2018-08-07 08:43:00,154.106181235
2018-08-07 08:44:00,154.106181235
2018-08-07 08:45:00,154.106181235
2018-08-07 08:46:00,154.106181235
2018-08-07 08:47:00,154.106181235
2018-08-07 08:48:00,154.106181235
2018-08-07 08:49:00,154.106181235
2018-08-07 08:50:00,154.106181235
2018-08-07 08:51:00,144.423809279
2018-08-07 08:52:00,144.423809279
2018-08-07 08:53:00,134.741437323
2018-08-07 08:54:00,134.741437323
2018-08-07 08:55:00,134.741437323
2018-08-07 08:56:00,134.741437323
2018-08-07 08:57:00,125.059065366
2018-08-07 08:58:00,125.059065366
2018-08-07 08:59:00,134.741437323
2018-08-07 09:00:00,134.741437323
2018-08-07 09:01:00,134.741437323
2018-08-07 09:02:00,134.741437323
2018-08-07 09:03:00,134.741437323
2018-08-07 09:04:00,134.741437323
2018-08-07 09:05:00,134.741437323
2018-08-07 09:06:00,134.741437323
2018-08-07 09:07:00,134.741437323
2018-08-07 09:08:00,134.741437323
2018-08-07 09:09:00,134.741437323
2018-08-07 09:10:00,134.741437323
2018-08-07 09:11:00,105.694321454
2018-08-07 09:12:00,105.694321454
2018-08-07 09:13:00,76.6472055852
2018-08-07 09:14:00,76.6472055852
2018-08-07 09:15:00,76.6472055852
2018-08-07 09:16:00,76.6472055852
2018-08-07 09:17:00,66.9648336289
2018-08-07 09:18:00,66.9648336289
2018-08-07 09:19:00,66.9648336289
2018-08-07 09:20:00,66.9648336289
2018-08-07 09:21:00,86.3295775414
2018-08-07 09:22:00,86.3295775414
2018-08-07 09:23:00,86.3295775414
2018-08-07 09:24:00,86.3295775414
2018-08-07 09:25:00,86.3295775414
2018-08-07 09:26:00,76.6472055852
2018-08-07 09:27:00,86.3295775414
2018-08-07 09:28:00,86.3295775414
2018-08-07 09:29:00,96.0119494977
2018-08-07 09:30:00,115.37669341
2018-08-07 09:31:00,105.694321454
2018-08-07 09:32:00,115.37669341
2018-08-07 09:33:00,115.37669341
2018-08-07 09:34:00,115.37669341
2018-08-07 09:35:00,115.37669341
2018-08-07 09:36:00,115.37669341
2018-08-07 09:37:00,105.694321454
2018-08-07 09:38:00,115.37669341
2018-08-07 09:39:00,105.694321454
2018-08-07 09:40:00,105.694321454
2018-08-07 09:41:00,105.694321454
2018-08-07 09:42:00,105.694321454
2018-08-07 09:43:00,105.694321454
2018-08-07 09:44:00,105.694321454
2018-08-07 09:45:00,105.694321454
2018-08-07 09:46:00,105.694321454
2018-08-07 09:47:00,105.694321454
2018-08-07 09:48:00,105.694321454
2018-08-07 09:49:00,105.694321454
2018-08-07 09:50:00,105.694321454
2018-08-07 09:51:00,105.694321454
2018-08-07 09:52:00,105.694321454
2018-08-07 09:53:00,105.694321454
2018-08-07 09:54:00,105.694321454
2018-08-07 09:55:00,105.694321454
2018-08-07 09:56:00,96.0119494977
2018-08-07 09:57:00,96.0119494977
2018-08-07 09:58:00,96.0119494977
2018-08-07 09:59:00,96.0119494977
2018-08-07 10:00:00,96.0119494977
2018-08-07 10:01:00,86.3295775414
2018-08-07 10:02:00,86.3295775414
2018-08-07 10:03:00,86.3295775414
2018-08-07 10:04:00,86.3295775414
2018-08-07 10:05:00,86.3295775414
2018-08-07 10:06:00,86.3295775414
2018-08-07 10:07:00,105.694321454
2018-08-07 10:08:00,105.694321454
2018-08-07 10:09:00,105.694321454
2018-08-07 10:10:00,105.694321454
2018-08-07 10:11:00,105.694321454
2018-08-07 10:12:00,115.37669341
2018-08-07 10:13:00,115.37669341
2018-08-07 10:14:00,115.37669341
2018-08-07 10:15:00,115.37669341
2018-08-07 10:16:00,115.37669341
2018-08-07 10:17:00,115.37669341
2018-08-07 10:18:00,115.37669341
2018-08-07 10:19:00,115.37669341
2018-08-07 10:20:00,115.37669341
2018-08-07 10:21:00,115.37669341
2018-08-07 10:22:00,115.37669341
2018-08-07 10:23:00,115.37669341
2018-08-07 10:24:00,115.37669341
2018-08-07 10:25:00,115.37669341
2018-08-07 10:26:00,115.37669341
2018-08-07 10:27:00,115.37669341
2018-08-07 10:28:00,115.37669341
2018-08-07 10:29:00,115.37669341
2018-08-07 10:30:00,115.37669341
2018-08-07 10:31:00,115.37669341
2018-08-07 10:32:00,125.059065366
2018-08-07 10:33:00,134.741437323
2018-08-07 10:34:00,125.059065366
2018-08-07 10:35:00,125.059065366
2018-08-07 10:36:00,134.741437323
2018-08-07 10:37:00,134.741437323
2018-08-07 10:38:00,134.741437323
2018-08-07 10:39:00,134.741437323
2018-08-07 10:40:00,134.741437323
2018-08-07 10:41:00,134.741437323
2018-08-07 10:42:00,144.423809279
2018-08-07 10:43:00,154.106181235
2018-08-07 10:44:00,134.741437323
2018-08-07 10:45:00,144.423809279
2018-08-07 10:46:00,144.423809279
2018-08-07 10:47:00,144.423809279
2018-08-07 10:48:00,154.106181235
2018-08-07 10:49:00,154.106181235
2018-08-07 10:50:00,154.106181235
2018-08-07 10:51:00,154.106181235
2018-08-07 10:52:00,144.423809279
2018-08-07 10:53:00,154.106181235
2018-08-07 10:54:00,154.106181235
2018-08-07 10:55:00,154.106181235
2018-08-07 10:56:00,154.106181235
2018-08-07 10:57:00,154.106181235
2018-08-07 10:58:00,154.106181235
2018-08-07 10:59:00,154.106181235
2018-08-07 11:00:00,154.106181235
2018-08-07 11:01:00,154.106181235
2018-08-07 11:02:00,154.106181235
2018-08-07 11:03:00,154.106181235
2018-08-07 11:04:00,154.106181235
2018-08-07 11:05:00,154.106181235
2018-08-07 11:06:00,154.106181235
2018-08-07 11:07:00,154.106181235
2018-08-07 11:08:00,154.106181235
2018-08-07 11:09:00,154.106181235
2018-08-07 11:10:00,154.106181235
2018-08-07 11:11:00,154.106181235
2018-08-07 11:12:00,154.106181235
2018-08-07 11:13:00,154.106181235
2018-08-07 11:14:00,154.106181235
2018-08-07 11:15:00,154.106181235
2018-08-07 11:16:00,154.106181235
2018-08-07 11:17:00,154.106181235
2018-08-07 11:18:00,154.106181235
2018-08-07 11:19:00,154.106181235
2018-08-07 11:20:00,154.106181235
2018-08-07 11:21:00,154.106181235
2018-08-07 11:22:00,154.106181235
2018-08-07 11:23:00,163.788553191
2018-08-07 11:24:00,163.788553191
2018-08-07 11:25:00,163.788553191
2018-08-07 11:26:00,163.788553191
2018-08-07 11:27:00,163.788553191
2018-08-07 11:28:00,163.788553191
2018-08-07 11:29:00,163.788553191
2018-08-07 11:30:00,163.788553191
2018-08-07 11:31:00,163.788553191
2018-08-07 11:32:00,163.788553191
2018-08-07 11:33:00,163.788553191
2018-08-07 11:34:00,163.788553191
2018-08-07 11:35:00,163.788553191
2018-08-07 11:36:00,163.788553191
2018-08-07 11:37:00,163.788553191
2018-08-07 11:38:00,163.788553191
2018-08-07 11:39:00,163.788553191
2018-08-07 11:40:00,163.788553191
2018-08-07 11:41:00,163.788553191
2018-08-07 11:42:00,163.788553191
2018-08-07 11:43:00,163.788553191
2018-08-07 11:44:00,163.788553191
2018-08-07 11:45:00,163.788553191
2018-08-07 11:46:00,163.788553191
2018-08-07 11:47:00,163.788553191
2018-08-07 11:48:00,154.106181235
2018-08-07 11:49:00,154.106181235
2018-08-07 11:50:00,154.106181235
2018-08-07 11:51:00,154.106181235
2018-08-07 11:52:00,154.106181235
2018-08-07 11:53:00,154.106181235
2018-08-07 11:54:00,144.423809279
2018-08-07 11:55:00,134.741437323
2018-08-07 11:56:00,144.423809279
2018-08-07 11:57:00,144.423809279
2018-08-07 11:58:00,144.423809279
2018-08-07 11:59:00,134.741437323
2018-08-08 01:29:00,18.5521992579
2018-08-08 01:30:00,18.5521992579
2018-08-08 01:31:00,18.5521992579
2018-08-08 01:32:00,173.470150558
2018-08-08 01:33:00,173.470150558
2018-08-08 01:34:00,173.470150558
2018-08-08 01:35:00,173.470150558
2018-08-08 01:36:00,173.470150558
2018-08-08 01:37:00,173.470150558
2018-08-08 01:38:00,173.470150558
2018-08-08 01:39:00,173.470150558
2018-08-08 01:40:00,173.470150558
2018-08-08 01:41:00,183.152522514
2018-08-08 01:42:00,183.152522514
2018-08-08 01:43:00,183.152522514
2018-08-08 01:44:00,183.152522514
2018-08-08 01:45:00,183.152522514
2018-08-08 01:46:00,183.152522514
2018-08-08 01:47:00,192.83489447
2018-08-08 01:48:00,183.152522514
2018-08-08 01:49:00,173.470150558
2018-08-08 01:50:00,173.470150558
2018-08-08 01:51:00,173.470150558
2018-08-08 01:52:00,173.470150558
2018-08-08 01:53:00,183.152522514
2018-08-08 01:54:00,183.152522514
2018-08-08 01:55:00,183.152522514
2018-08-08 01:56:00,183.152522514
2018-08-08 01:57:00,183.152522514
2018-08-08 01:58:00,183.152522514
2018-08-08 01:59:00,183.152522514
2018-08-08 02:00:00,163.787778602
2018-08-08 02:01:00,154.105406645
2018-08-08 02:02:00,154.105406645
2018-08-08 02:03:00,154.105406645
2018-08-08 02:04:00,154.105406645
2018-08-08 02:05:00,154.105406645
2018-08-08 02:06:00,154.105406645
2018-08-08 02:07:00,163.787778602
2018-08-08 02:08:00,154.105406645
2018-08-08 02:09:00,163.787778602
2018-08-08 02:10:00,173.470150558
2018-08-08 02:11:00,173.470150558
2018-08-08 02:12:00,173.470150558
2018-08-08 02:13:00,144.423034689
2018-08-08 02:14:00,144.423034689
2018-08-08 02:15:00,144.423034689
2018-08-08 02:16:00,154.105406645
2018-08-08 02:17:00,154.105406645
2018-08-08 02:18:00,134.740662733
2018-08-08 02:19:00,144.423034689
2018-08-08 02:20:00,154.105406645
2018-08-08 02:21:00,144.423034689
2018-08-08 02:22:00,154.105406645
2018-08-08 02:23:00,134.740662733
2018-08-08 02:24:00,134.740662733
2018-08-08 02:25:00,134.740662733
2018-08-08 02:26:00,134.740662733
2018-08-08 02:27:00,134.740662733
2018-08-08 02:28:00,134.740662733
2018-08-08 02:29:00,134.740662733
2018-08-08 02:30:00,134.740662733
2018-08-08 02:31:00,134.740662733
2018-08-08 02:32:00,134.740662733
2018-08-08 02:33:00,134.740662733
2018-08-08 02:34:00,134.740662733
2018-08-08 02:35:00,134.740662733
2018-08-08 02:36:00,134.740662733
2018-08-08 02:37:00,134.740662733
2018-08-08 02:38:00,134.740662733
2018-08-08 02:39:00,134.740662733
2018-08-08 02:40:00,86.3288029517
2018-08-08 02:41:00,86.3288029517
2018-08-08 02:42:00,86.3288029517
2018-08-08 02:43:00,96.0111749079
2018-08-08 02:44:00,96.0111749079
2018-08-08 02:45:00,96.0111749079
2018-08-08 02:46:00,96.0111749079
2018-08-08 02:47:00,96.0111749079
2018-08-08 02:48:00,105.693546864
2018-08-08 02:49:00,105.693546864
2018-08-08 02:50:00,105.693546864
2018-08-08 02:51:00,105.693546864
2018-08-08 02:52:00,115.37591882
2018-08-08 02:53:00,115.37591882
2018-08-08 02:54:00,115.37591882
2018-08-08 02:55:00,115.37591882
2018-08-08 02:56:00,105.693546864
2018-08-08 02:57:00,105.693546864
2018-08-08 02:58:00,105.693546864
2018-08-08 02:59:00,105.693546864
2018-08-08 03:00:00,105.693546864
2018-08-08 03:01:00,105.693546864
2018-08-08 03:02:00,125.058290777
2018-08-08 03:03:00,125.058290777
2018-08-08 03:04:00,125.058290777
2018-08-08 03:05:00,125.058290777
2018-08-08 03:06:00,125.058290777
2018-08-08 03:07:00,125.058290777
2018-08-08 03:08:00,125.058290777
2018-08-08 03:09:00,125.058290777
2018-08-08 03:10:00,125.058290777
2018-08-08 03:11:00,125.058290777
2018-08-08 03:12:00,125.058290777
2018-08-08 03:13:00,125.058290777
2018-08-08 03:14:00,125.058290777
2018-08-08 03:15:00,125.058290777
2018-08-08 03:16:00,125.058290777
2018-08-08 03:17:00,125.058290777
2018-08-08 03:18:00,125.058290777
2018-08-08 03:19:00,125.058290777
2018-08-08 03:20:00,134.740662733
2018-08-08 03:21:00,134.740662733
2018-08-08 03:22:00,134.740662733
2018-08-08 03:23:00,144.423034689
2018-08-08 03:24:00,134.740662733
2018-08-08 03:25:00,134.740662733
2018-08-08 03:26:00,134.740662733
2018-08-08 03:27:00,134.740662733
2018-08-08 03:28:00,154.105406645
2018-08-08 03:29:00,134.740662733
2018-08-08 03:30:00,134.740662733
2018-08-08 03:31:00,134.740662733
2018-08-08 03:32:00,144.423034689
2018-08-08 03:33:00,144.423034689
2018-08-08 03:34:00,154.105406645
2018-08-08 03:35:00,154.105406645
2018-08-08 03:36:00,154.105406645
2018-08-08 03:37:00,154.105406645
2018-08-08 03:38:00,163.787778602
2018-08-08 03:39:00,173.470150558
2018-08-08 03:40:00,173.470150558
2018-08-08 03:41:00,173.470150558
2018-08-08 03:42:00,173.470150558
2018-08-08 03:43:00,173.470150558
2018-08-08 03:44:00,163.787778602
2018-08-08 03:45:00,163.787778602
2018-08-08 03:46:00,154.105406645
2018-08-08 03:47:00,154.105406645
2018-08-08 03:48:00,154.105406645
2018-08-08 03:49:00,163.787778602
2018-08-08 03:50:00,163.787778602
2018-08-08 03:51:00,163.787778602
2018-08-08 03:52:00,163.787778602
2018-08-08 03:53:00,163.787778602
2018-08-08 03:54:00,163.787778602
2018-08-08 03:55:00,163.787778602
2018-08-08 03:56:00,163.787778602
2018-08-08 03:57:00,163.787778602
2018-08-08 03:58:00,154.105406645
2018-08-08 03:59:00,154.105406645
2018-08-08 04:00:00,154.105406645
2018-08-08 04:01:00,154.105406645
2018-08-08 04:02:00,154.105406645
2018-08-08 04:03:00,144.423034689
2018-08-08 04:04:00,144.423034689
2018-08-08 04:05:00,144.423034689
2018-08-08 04:06:00,154.105406645
2018-08-08 04:07:00,154.105406645
2018-08-08 04:08:00,154.105406645
2018-08-08 04:09:00,154.105406645
2018-08-08 04:10:00,144.423034689
2018-08-08 04:11:00,144.423034689
2018-08-08 04:12:00,144.423034689
2018-08-08 04:13:00,144.423034689
2018-08-08 04:14:00,144.423034689
2018-08-08 04:15:00,144.423034689
2018-08-08 04:16:00,134.740662733
2018-08-08 04:17:00,134.740662733
2018-08-08 04:18:00,144.423034689
2018-08-08 04:19:00,144.423034689
2018-08-08 04:20:00,144.423034689
2018-08-08 04:21:00,144.423034689
2018-08-08 04:22:00,144.423034689
2018-08-08 04:23:00,144.423034689
2018-08-08 04:24:00,144.423034689
2018-08-08 04:25:00,144.423034689
2018-08-08 04:26:00,144.423034689
2018-08-08 04:27:00,154.105406645
2018-08-08 04:28:00,154.105406645
2018-08-08 04:29:00,154.105406645
2018-08-08 04:30:00,163.787778602
2018-08-08 04:31:00,154.105406645
2018-08-08 04:32:00,163.787778602
2018-08-08 04:33:00,163.787778602
2018-08-08 04:34:00,173.470150558
2018-08-08 04:35:00,163.787778602
2018-08-08 04:36:00,163.787778602
2018-08-08 04:37:00,163.787778602
2018-08-08 04:38:00,173.470150558
2018-08-08 04:39:00,173.470150558
2018-08-08 04:40:00,173.470150558
2018-08-08 04:41:00,173.470150558
2018-08-08 04:42:00,173.470150558
2018-08-08 04:43:00,173.470150558
2018-08-08 04:44:00,173.470150558
2018-08-08 04:45:00,173.470150558
2018-08-08 04:46:00,173.470150558
2018-08-08 04:47:00,173.470150558
2018-08-08 04:48:00,173.470150558
2018-08-08 04:49:00,173.470150558
2018-08-08 04:50:00,173.470150558
2018-08-08 04:51:00,173.470150558
2018-08-08 04:52:00,173.470150558
2018-08-08 04:53:00,163.787778602
2018-08-08 04:54:00,163.787778602
2018-08-08 04:55:00,154.105406645
2018-08-08 04:56:00,154.105406645
2018-08-08 04:57:00,154.105406645
2018-08-08 04:58:00,154.105406645
2018-08-08 04:59:00,144.423034689
2018-08-08 05:00:00,144.423034689
2018-08-08 05:01:00,144.423034689
2018-08-08 05:02:00,144.423034689
2018-08-08 05:03:00,144.423034689
2018-08-08 05:04:00,144.423034689
2018-08-08 05:05:00,144.423034689
2018-08-08 05:06:00,144.423034689
2018-08-08 05:07:00,144.423034689
2018-08-08 05:08:00,154.105406645
2018-08-08 05:09:00,154.105406645
2018-08-08 05:10:00,154.105406645
2018-08-08 05:11:00,154.105406645
2018-08-08 05:12:00,154.105406645
2018-08-08 05:13:00,154.105406645
2018-08-08 05:14:00,154.105406645
2018-08-08 05:15:00,154.105406645
2018-08-08 05:16:00,154.105406645
2018-08-08 05:17:00,154.105406645
2018-08-08 05:18:00,163.787778602
2018-08-08 05:19:00,163.787778602
2018-08-08 05:20:00,163.787778602
2018-08-08 05:21:00,173.470150558
2018-08-08 05:22:00,173.470150558
2018-08-08 05:23:00,163.787778602
2018-08-08 05:24:00,173.470150558
2018-08-08 05:25:00,173.470150558
2018-08-08 05:26:00,173.470150558
2018-08-08 05:27:00,173.470150558
2018-08-08 05:28:00,173.470150558
2018-08-08 05:29:00,173.470150558
2018-08-08 05:30:00,173.470150558
2018-08-08 05:31:00,173.470150558
2018-08-08 05:32:00,173.470150558
2018-08-08 05:33:00,173.470150558
2018-08-08 05:34:00,163.787778602
2018-08-08 05:35:00,163.787778602
2018-08-08 05:36:00,173.470150558
2018-08-08 05:37:00,173.470150558
2018-08-08 05:38:00,173.470150558
2018-08-08 05:39:00,173.470150558
2018-08-08 05:40:00,173.470150558
2018-08-08 05:41:00,173.470150558
2018-08-08 05:42:00,173.470150558
2018-08-08 05:43:00,192.83489447
2018-08-08 05:44:00,192.83489447
2018-08-08 05:45:00,183.152522514
2018-08-08 05:46:00,192.83489447
2018-08-08 05:47:00,192.83489447
2018-08-08 05:48:00,192.83489447
2018-08-08 05:49:00,192.83489447
2018-08-08 05:50:00,192.83489447
2018-08-08 05:51:00,192.83489447
2018-08-08 05:52:00,183.152522514
2018-08-08 05:53:00,183.152522514
2018-08-08 05:54:00,192.83489447
2018-08-08 05:55:00,192.83489447
2018-08-08 05:56:00,212.199638383
2018-08-08 05:57:00,212.199638383
2018-08-08 05:58:00,212.199638383
2018-08-08 05:59:00,212.199638383
2018-08-08 06:00:00,212.199638383
2018-08-08 06:01:00,212.199638383
2018-08-08 06:02:00,212.199638383
2018-08-08 06:03:00,212.199638383
2018-08-08 06:04:00,212.199638383
2018-08-08 06:05:00,202.517266427
2018-08-08 06:06:00,202.517266427
2018-08-08 06:07:00,202.517266427
2018-08-08 06:08:00,202.517266427
2018-08-08 06:09:00,202.517266427
2018-08-08 06:10:00,202.517266427
2018-08-08 06:11:00,202.517266427
2018-08-08 06:12:00,202.517266427
2018-08-08 06:13:00,202.517266427
2018-08-08 06:14:00,202.517266427
2018-08-08 06:15:00,202.517266427
2018-08-08 06:16:00,202.517266427
2018-08-08 06:17:00,212.199638383
2018-08-08 06:18:00,221.882010339
2018-08-08 06:19:00,221.882010339
2018-08-08 06:20:00,221.882010339
2018-08-08 06:21:00,221.882010339
2018-08-08 06:22:00,221.882010339
2018-08-08 06:23:00,212.199638383
2018-08-08 06:24:00,212.199638383
2018-08-08 06:25:00,202.517266427
2018-08-08 06:26:00,202.517266427
2018-08-08 06:27:00,202.517266427
2018-08-08 06:28:00,202.517266427
2018-08-08 06:29:00,202.517266427
2018-08-08 06:30:00,202.517266427
2018-08-08 06:31:00,202.517266427
2018-08-08 06:32:00,202.517266427
2018-08-08 06:33:00,202.517266427
2018-08-08 06:34:00,202.517266427
2018-08-08 06:35:00,202.517266427
2018-08-08 06:36:00,202.517266427
2018-08-08 06:37:00,202.517266427
2018-08-08 06:38:00,202.517266427
2018-08-08 06:39:00,202.517266427
2018-08-08 06:40:00,202.517266427
2018-08-08 06:41:00,221.882010339
2018-08-08 06:42:00,221.882010339
2018-08-08 06:43:00,221.882010339
2018-08-08 06:44:00,221.882010339
2018-08-08 06:45:00,221.882010339
2018-08-08 06:46:00,221.882010339
2018-08-08 06:47:00,221.882010339
2018-08-08 06:48:00,221.882010339
2018-08-08 06:49:00,221.882010339
2018-08-08 06:50:00,212.199638383
2018-08-08 06:51:00,212.199638383
2018-08-08 06:52:00,202.517266427
2018-08-08 06:53:00,212.199638383
2018-08-08 06:54:00,212.199638383
2018-08-08 06:55:00,212.199638383
2018-08-08 06:56:00,192.83489447
2018-08-08 06:57:00,192.83489447
2018-08-08 06:58:00,192.83489447
2018-08-08 06:59:00,192.83489447
2018-08-08 07:00:00,202.517266427
2018-08-08 07:01:00,202.517266427
2018-08-08 07:02:00,202.517266427
2018-08-08 07:03:00,212.199638383
2018-08-08 07:04:00,212.199638383
2018-08-08 07:05:00,212.199638383
2018-08-08 07:06:00,212.199638383
2018-08-08 07:07:00,212.199638383
2018-08-08 07:08:00,212.199638383
2018-08-08 07:09:00,212.199638383
2018-08-08 07:10:00,212.199638383
2018-08-08 07:11:00,212.199638383
2018-08-08 07:12:00,212.199638383
2018-08-08 07:13:00,212.199638383
2018-08-08 07:14:00,212.199638383
2018-08-08 07:15:00,212.199638383
2018-08-08 07:16:00,212.199638383
2018-08-08 07:17:00,202.517266427
2018-08-08 07:18:00,202.517266427
2018-08-08 07:19:00,202.517266427
2018-08-08 07:20:00,202.517266427
2018-08-08 07:21:00,192.83489447
2018-08-08 07:22:00,192.83489447
2018-08-08 07:23:00,192.83489447
2018-08-08 07:24:00,183.152522514
2018-08-08 07:25:00,192.83489447
2018-08-08 07:26:00,183.152522514
2018-08-08 07:27:00,183.152522514
2018-08-08 07:28:00,183.152522514
2018-08-08 07:29:00,183.152522514
2018-08-08 07:30:00,183.152522514
2018-08-08 07:31:00,183.152522514
2018-08-08 07:32:00,183.152522514
2018-08-08 07:33:00,183.152522514
2018-08-08 07:34:00,183.152522514
2018-08-08 07:35:00,183.152522514
2018-08-08 07:36:00,183.152522514
2018-08-08 07:37:00,183.152522514
2018-08-08 07:38:00,183.152522514
2018-08-08 07:39:00,154.105406645
2018-08-08 07:40:00,154.105406645
2018-08-08 07:41:00,154.105406645
2018-08-08 07:42:00,154.105406645
2018-08-08 07:43:00,154.105406645
2018-08-08 07:44:00,154.105406645
2018-08-08 07:45:00,154.105406645
2018-08-08 07:46:00,163.787778602
2018-08-08 07:47:00,163.787778602
2018-08-08 07:48:00,163.787778602
2018-08-08 07:49:00,154.105406645
2018-08-08 07:50:00,173.470150558
2018-08-08 07:51:00,173.470150558
2018-08-08 07:52:00,173.470150558
2018-08-08 07:53:00,173.470150558
2018-08-08 07:54:00,173.470150558
2018-08-08 07:55:00,173.470150558
2018-08-08 07:56:00,173.470150558
2018-08-08 07:57:00,183.152522514
2018-08-08 07:58:00,183.152522514
2018-08-08 07:59:00,183.152522514
2018-08-08 08:00:00,183.152522514
2018-08-08 08:01:00,183.152522514
2018-08-08 08:02:00,183.152522514
2018-08-08 08:03:00,183.152522514
2018-08-08 08:04:00,173.470150558
2018-08-08 08:05:00,163.787778602
2018-08-08 08:06:00,173.470150558
2018-08-08 08:07:00,173.470150558
2018-08-08 08:08:00,163.787778602
2018-08-08 08:09:00,163.787778602
2018-08-08 08:10:00,163.787778602
2018-08-08 08:11:00,163.787778602
2018-08-08 08:12:00,163.787778602
2018-08-08 08:13:00,163.787778602
2018-08-08 08:14:00,163.787778602
2018-08-08 08:15:00,163.787778602
2018-08-08 08:16:00,163.787778602
2018-08-08 08:17:00,163.787778602
2018-08-08 08:18:00,163.787778602
2018-08-08 08:19:00,163.787778602
2018-08-08 08:20:00,173.470150558
2018-08-08 08:21:00,163.787778602
2018-08-08 08:22:00,154.105406645
2018-08-08 08:23:00,154.105406645
2018-08-08 08:24:00,154.105406645
2018-08-08 08:25:00,154.105406645
2018-08-08 08:26:00,163.787778602
2018-08-08 08:27:00,163.787778602
2018-08-08 08:28:00,163.787778602
2018-08-08 08:29:00,163.787778602
2018-08-08 08:30:00,163.787778602
2018-08-08 08:31:00,163.787778602
2018-08-08 08:32:00,163.787778602
2018-08-08 08:33:00,163.787778602
2018-08-08 08:34:00,163.787778602
2018-08-08 08:35:00,163.787778602
2018-08-08 08:36:00,163.787778602
2018-08-08 08:37:00,163.787778602
2018-08-08 08:38:00,163.787778602
2018-08-08 08:39:00,163.787778602
2018-08-08 08:40:00,163.787778602
2018-08-08 08:41:00,163.787778602
2018-08-08 08:42:00,163.787778602
2018-08-08 08:43:00,163.787778602
2018-08-08 08:44:00,163.787778602
2018-08-08 08:45:00,163.787778602
2018-08-08 08:46:00,163.787778602
2018-08-08 08:47:00,163.787778602
2018-08-08 08:48:00,163.787778602
2018-08-08 08:49:00,163.787778602
2018-08-08 08:50:00,163.787778602
2018-08-08 08:51:00,183.152522514
2018-08-08 08:52:00,183.152522514
2018-08-08 08:53:00,183.152522514
2018-08-08 08:54:00,183.152522514
2018-08-08 08:55:00,183.152522514
2018-08-08 08:56:00,183.152522514
2018-08-08 08:57:00,183.152522514
2018-08-08 08:58:00,183.152522514
2018-08-08 08:59:00,183.152522514
2018-08-08 09:00:00,183.152522514
2018-08-08 09:01:00,183.152522514
2018-08-08 09:02:00,183.152522514
2018-08-08 09:03:00,202.517266427
2018-08-08 09:04:00,202.517266427
2018-08-08 09:05:00,183.152522514
2018-08-08 09:06:00,183.152522514
2018-08-08 09:07:00,183.152522514
2018-08-08 09:08:00,183.152522514
2018-08-08 09:09:00,183.152522514
2018-08-08 09:10:00,183.152522514
2018-08-08 09:11:00,183.152522514
2018-08-08 09:12:00,183.152522514
2018-08-08 09:13:00,183.152522514
2018-08-08 09:14:00,183.152522514
2018-08-08 09:15:00,183.152522514
2018-08-08 09:16:00,183.152522514
2018-08-08 09:17:00,183.152522514
2018-08-08 09:18:00,183.152522514
2018-08-08 09:19:00,183.152522514
2018-08-08 09:20:00,183.152522514
2018-08-08 09:21:00,183.152522514
2018-08-08 09:22:00,192.83489447
2018-08-08 09:23:00,183.152522514
2018-08-08 09:24:00,183.152522514
2018-08-08 09:25:00,183.152522514
2018-08-08 09:26:00,183.152522514
2018-08-08 09:27:00,183.152522514
2018-08-08 09:28:00,183.152522514
2018-08-08 09:29:00,183.152522514
2018-08-08 09:30:00,183.152522514
2018-08-08 09:31:00,183.152522514
2018-08-08 09:32:00,163.787778602
2018-08-08 09:33:00,163.787778602
2018-08-08 09:34:00,163.787778602
2018-08-08 09:35:00,183.152522514
2018-08-08 09:36:00,163.787778602
2018-08-08 09:37:00,163.787778602
2018-08-08 09:38:00,183.152522514
2018-08-08 09:39:00,183.152522514
2018-08-08 09:40:00,183.152522514
2018-08-08 09:41:00,183.152522514
2018-08-08 09:42:00,183.152522514
2018-08-08 09:43:00,183.152522514
2018-08-08 09:44:00,173.470150558
2018-08-08 09:45:00,173.470150558
2018-08-08 09:46:00,163.787778602
2018-08-08 09:47:00,163.787778602
2018-08-08 09:48:00,163.787778602
2018-08-08 09:49:00,163.787778602
2018-08-08 09:50:00,163.787778602
2018-08-08 09:51:00,163.787778602
2018-08-08 09:52:00,163.787778602
2018-08-08 09:53:00,163.787778602
2018-08-08 09:54:00,163.787778602
2018-08-08 09:55:00,163.787778602
2018-08-08 09:56:00,154.105406645
2018-08-08 09:57:00,154.105406645
2018-08-08 09:58:00,154.105406645
2018-08-08 09:59:00,154.105406645
2018-08-08 10:00:00,154.105406645
2018-08-08 10:01:00,154.105406645
2018-08-08 10:02:00,154.105406645
2018-08-08 10:03:00,154.105406645
2018-08-08 10:04:00,154.105406645
2018-08-08 10:05:00,154.105406645
2018-08-08 10:06:00,163.787778602
2018-08-08 10:07:00,163.787778602
2018-08-08 10:08:00,163.787778602
2018-08-08 10:09:00,163.787778602
2018-08-08 10:10:00,163.787778602
2018-08-08 10:11:00,154.105406645
2018-08-08 10:12:00,154.105406645
2018-08-08 10:13:00,154.105406645
2018-08-08 10:14:00,154.105406645
2018-08-08 10:15:00,144.423034689
2018-08-08 10:16:00,144.423034689
2018-08-08 10:17:00,154.105406645
2018-08-08 10:18:00,154.105406645
2018-08-08 10:19:00,144.423034689
2018-08-08 10:20:00,144.423034689
2018-08-08 10:21:00,134.740662733
2018-08-08 10:22:00,144.423034689
2018-08-08 10:23:00,144.423034689
2018-08-08 10:24:00,154.105406645
2018-08-08 10:25:00,163.787778602
2018-08-08 10:26:00,163.787778602
2018-08-08 10:27:00,154.105406645
2018-08-08 10:28:00,154.105406645
2018-08-08 10:29:00,154.105406645
2018-08-08 10:30:00,154.105406645
2018-08-08 10:31:00,154.105406645
2018-08-08 10:32:00,154.105406645
2018-08-08 10:33:00,154.105406645
2018-08-08 10:34:00,154.105406645
2018-08-08 10:35:00,154.105406645
2018-08-08 10:36:00,154.105406645
2018-08-08 10:37:00,154.105406645
2018-08-08 10:38:00,154.105406645
2018-08-08 10:39:00,154.105406645
2018-08-08 10:40:00,154.105406645
2018-08-08 10:41:00,163.787778602
2018-08-08 10:42:00,173.470150558
2018-08-08 10:43:00,192.83489447
2018-08-08 10:44:00,183.152522514
2018-08-08 10:45:00,183.152522514
2018-08-08 10:46:00,183.152522514
2018-08-08 10:47:00,183.152522514
2018-08-08 10:48:00,183.152522514
2018-08-08 10:49:00,173.470150558
2018-08-08 10:50:00,183.152522514
2018-08-08 10:51:00,183.152522514
2018-08-08 10:52:00,183.152522514
2018-08-08 10:53:00,183.152522514
2018-08-08 10:54:00,183.152522514
2018-08-08 10:55:00,183.152522514
2018-08-08 10:56:00,183.152522514
2018-08-08 10:57:00,183.152522514
2018-08-08 10:58:00,183.152522514
2018-08-08 10:59:00,183.152522514
2018-08-08 11:00:00,183.152522514
2018-08-08 11:01:00,183.152522514
2018-08-08 11:02:00,183.152522514
2018-08-08 11:03:00,183.152522514
2018-08-08 11:04:00,183.152522514
2018-08-08 11:05:00,173.470150558
2018-08-08 11:06:00,163.787778602
2018-08-08 11:07:00,163.787778602
2018-08-08 11:08:00,163.787778602
2018-08-08 11:09:00,163.787778602
2018-08-08 11:10:00,163.787778602
2018-08-08 11:11:00,163.787778602
2018-08-08 11:12:00,163.787778602
2018-08-08 11:13:00,163.787778602
2018-08-08 11:14:00,163.787778602
2018-08-08 11:15:00,163.787778602
2018-08-08 11:16:00,163.787778602
2018-08-08 11:17:00,163.787778602
2018-08-08 11:18:00,173.470150558
2018-08-08 11:19:00,163.787778602
2018-08-08 11:20:00,173.470150558
2018-08-08 11:21:00,163.787778602
2018-08-08 11:22:00,154.105406645
2018-08-08 11:23:00,154.105406645
2018-08-08 11:24:00,154.105406645
2018-08-08 11:25:00,154.105406645
2018-08-08 11:26:00,154.105406645
2018-08-08 11:27:00,154.105406645
2018-08-08 11:28:00,154.105406645
2018-08-08 11:29:00,154.105406645
2018-08-08 11:30:00,154.105406645
2018-08-08 11:31:00,163.787778602
2018-08-08 11:32:00,163.787778602
2018-08-08 11:33:00,163.787778602
2018-08-08 11:34:00,163.787778602
2018-08-08 11:35:00,163.787778602
2018-08-08 11:36:00,163.787778602
2018-08-08 11:37:00,163.787778602
2018-08-08 11:38:00,163.787778602
2018-08-08 11:39:00,163.787778602
2018-08-08 11:40:00,163.787778602
2018-08-08 11:41:00,163.787778602
2018-08-08 11:42:00,163.787778602
2018-08-08 11:43:00,163.787778602
2018-08-08 11:44:00,163.787778602
2018-08-08 11:45:00,163.787778602
2018-08-08 11:46:00,163.787778602
2018-08-08 11:47:00,163.787778602
2018-08-08 11:48:00,163.787778602
2018-08-08 11:49:00,163.787778602
2018-08-08 11:50:00,163.787778602
2018-08-08 11:51:00,163.787778602
2018-08-08 11:52:00,163.787778602
2018-08-08 11:53:00,163.787778602
2018-08-08 11:54:00,163.787778602
2018-08-08 11:55:00,163.787778602
2018-08-08 11:56:00,163.787778602
2018-08-08 11:57:00,173.470150558
2018-08-08 11:58:00,173.470150558
2018-08-08 11:59:00,173.470150558
2018-08-09 01:29:00,231.563607706
2018-08-09 01:30:00,231.563607706
2018-08-09 01:31:00,231.563607706
2018-08-09 01:32:00,231.563607706
2018-08-09 01:33:00,231.563607706
2018-08-09 01:34:00,231.563607706
2018-08-09 01:35:00,192.834119881
2018-08-09 01:36:00,192.834119881
2018-08-09 01:37:00,202.516491837
2018-08-09 01:38:00,221.881235749
2018-08-09 01:39:00,221.881235749
2018-08-09 01:40:00,231.563607706
2018-08-09 01:41:00,231.563607706
2018-08-09 01:42:00,231.563607706
2018-08-09 01:43:00,231.563607706
2018-08-09 01:44:00,212.198863793
2018-08-09 01:45:00,212.198863793
2018-08-09 01:46:00,212.198863793
2018-08-09 01:47:00,212.198863793
2018-08-09 01:48:00,212.198863793
2018-08-09 01:49:00,212.198863793
2018-08-09 01:50:00,212.198863793
2018-08-09 01:51:00,212.198863793
2018-08-09 01:52:00,212.198863793
2018-08-09 01:53:00,212.198863793
2018-08-09 01:54:00,212.198863793
2018-08-09 01:55:00,212.198863793
2018-08-09 01:56:00,212.198863793
2018-08-09 01:57:00,212.198863793
2018-08-09 01:58:00,212.198863793
2018-08-09 01:59:00,241.245979662
2018-08-09 02:00:00,241.245979662
2018-08-09 02:01:00,241.245979662
2018-08-09 02:02:00,241.245979662
2018-08-09 02:03:00,241.245979662
2018-08-09 02:04:00,231.563607706
2018-08-09 02:05:00,250.928351618
2018-08-09 02:06:00,250.928351618
2018-08-09 02:07:00,250.928351618
2018-08-09 02:08:00,270.293095531
2018-08-09 02:09:00,270.293095531
2018-08-09 02:10:00,270.293095531
2018-08-09 02:11:00,260.610723574
2018-08-09 02:12:00,250.928351618
2018-08-09 02:13:00,250.928351618
2018-08-09 02:14:00,250.928351618
2018-08-09 02:15:00,250.928351618
2018-08-09 02:16:00,250.928351618
2018-08-09 02:17:00,260.610723574
2018-08-09 02:18:00,260.610723574
2018-08-09 02:19:00,260.610723574
2018-08-09 02:20:00,260.610723574
2018-08-09 02:21:00,260.610723574
2018-08-09 02:22:00,250.928351618
2018-08-09 02:23:00,260.610723574
2018-08-09 02:24:00,260.610723574
2018-08-09 02:25:00,260.610723574
2018-08-09 02:26:00,260.610723574
2018-08-09 02:27:00,260.610723574
2018-08-09 02:28:00,260.610723574
2018-08-09 02:29:00,260.610723574
2018-08-09 02:30:00,270.293095531
2018-08-09 02:31:00,270.293095531
2018-08-09 02:32:00,270.293095531
2018-08-09 02:33:00,270.293095531
2018-08-09 02:34:00,250.928351618
2018-08-09 02:35:00,270.293095531
2018-08-09 02:36:00,270.293095531
2018-08-09 02:37:00,270.293095531
2018-08-09 02:38:00,260.610723574
2018-08-09 02:39:00,260.610723574
2018-08-09 02:40:00,270.293095531
2018-08-09 02:41:00,270.293095531
2018-08-09 02:42:00,270.293095531
2018-08-09 02:43:00,260.610723574
2018-08-09 02:44:00,260.610723574
2018-08-09 02:45:00,260.610723574
2018-08-09 02:46:00,250.928351618
2018-08-09 02:47:00,250.928351618
2018-08-09 02:48:00,250.928351618
2018-08-09 02:49:00,250.928351618
2018-08-09 02:50:00,250.928351618
2018-08-09 02:51:00,250.928351618
2018-08-09 02:52:00,250.928351618
2018-08-09 02:53:00,250.928351618
2018-08-09 02:54:00,250.928351618
2018-08-09 02:55:00,250.928351618
2018-08-09 02:56:00,250.928351618
2018-08-09 02:57:00,250.928351618
2018-08-09 02:58:00,250.928351618
2018-08-09 02:59:00,250.928351618
2018-08-09 03:00:00,250.928351618
2018-08-09 03:01:00,250.928351618
2018-08-09 03:02:00,250.928351618
2018-08-09 03:03:00,250.928351618
2018-08-09 03:04:00,250.928351618
2018-08-09 03:05:00,250.928351618
2018-08-09 03:06:00,250.928351618
2018-08-09 03:07:00,250.928351618
2018-08-09 03:08:00,250.928351618
2018-08-09 03:09:00,250.928351618
2018-08-09 03:10:00,250.928351618
2018-08-09 03:11:00,250.928351618
2018-08-09 03:12:00,250.928351618
2018-08-09 03:13:00,250.928351618
2018-08-09 03:14:00,250.928351618
2018-08-09 03:15:00,250.928351618
2018-08-09 03:16:00,250.928351618
2018-08-09 03:17:00,250.928351618
2018-08-09 03:18:00,250.928351618
2018-08-09 03:19:00,250.928351618
2018-08-09 03:20:00,250.928351618
2018-08-09 03:21:00,250.928351618
2018-08-09 03:22:00,250.928351618
2018-08-09 03:23:00,250.928351618
2018-08-09 03:24:00,250.928351618
2018-08-09 03:25:00,250.928351618
2018-08-09 03:26:00,250.928351618
2018-08-09 03:27:00,231.563607706
2018-08-09 03:28:00,231.563607706
2018-08-09 03:29:00,231.563607706
2018-08-09 03:30:00,231.563607706
2018-08-09 03:31:00,231.563607706
2018-08-09 03:32:00,231.563607706
2018-08-09 03:33:00,231.563607706
2018-08-09 03:34:00,231.563607706
2018-08-09 03:35:00,231.563607706
2018-08-09 03:36:00,231.563607706
2018-08-09 03:37:00,231.563607706
2018-08-09 03:38:00,231.563607706
2018-08-09 03:39:00,221.881235749
2018-08-09 03:40:00,221.881235749
2018-08-09 03:41:00,221.881235749
2018-08-09 03:42:00,221.881235749
2018-08-09 03:43:00,231.563607706
2018-08-09 03:44:00,221.881235749
2018-08-09 03:45:00,221.881235749
2018-08-09 03:46:00,231.563607706
2018-08-09 03:47:00,221.881235749
2018-08-09 03:48:00,221.881235749
2018-08-09 03:49:00,221.881235749
2018-08-09 03:50:00,221.881235749
2018-08-09 03:51:00,221.881235749
2018-08-09 03:52:00,221.881235749
2018-08-09 03:53:00,212.198863793
2018-08-09 03:54:00,231.563607706
2018-08-09 03:55:00,231.563607706
2018-08-09 03:56:00,221.881235749
2018-08-09 03:57:00,212.198863793
2018-08-09 03:58:00,212.198863793
2018-08-09 03:59:00,212.198863793
2018-08-09 04:00:00,221.881235749
2018-08-09 04:01:00,221.881235749
2018-08-09 04:02:00,221.881235749
2018-08-09 04:03:00,221.881235749
2018-08-09 04:04:00,221.881235749
2018-08-09 04:05:00,221.881235749
2018-08-09 04:06:00,231.563607706
2018-08-09 04:07:00,231.563607706
2018-08-09 04:08:00,231.563607706
2018-08-09 04:09:00,231.563607706
2018-08-09 04:10:00,231.563607706
2018-08-09 04:11:00,231.563607706
2018-08-09 04:12:00,231.563607706
2018-08-09 04:13:00,241.245979662
2018-08-09 04:14:00,212.198863793
2018-08-09 04:15:00,221.881235749
2018-08-09 04:16:00,221.881235749
2018-08-09 04:17:00,221.881235749
2018-08-09 04:18:00,221.881235749
2018-08-09 04:19:00,221.881235749
2018-08-09 04:20:00,221.881235749
2018-08-09 04:21:00,221.881235749
2018-08-09 04:22:00,221.881235749
2018-08-09 04:23:00,221.881235749
2018-08-09 04:24:00,221.881235749
2018-08-09 04:25:00,221.881235749
2018-08-09 04:26:00,221.881235749
2018-08-09 04:27:00,221.881235749
2018-08-09 04:28:00,221.881235749
2018-08-09 04:29:00,221.881235749
2018-08-09 04:30:00,221.881235749
2018-08-09 04:31:00,221.881235749
2018-08-09 04:32:00,221.881235749
2018-08-09 04:33:00,221.881235749
2018-08-09 04:34:00,231.563607706
2018-08-09 04:35:00,231.563607706
2018-08-09 04:36:00,231.563607706
2018-08-09 04:37:00,231.563607706
2018-08-09 04:38:00,231.563607706
2018-08-09 04:39:00,231.563607706
2018-08-09 04:40:00,231.563607706
2018-08-09 04:41:00,231.563607706
2018-08-09 04:42:00,231.563607706
2018-08-09 04:43:00,231.563607706
2018-08-09 04:44:00,231.563607706
2018-08-09 04:45:00,231.563607706
2018-08-09 04:46:00,231.563607706
2018-08-09 04:47:00,221.881235749
2018-08-09 04:48:00,221.881235749
2018-08-09 04:49:00,221.881235749
2018-08-09 04:50:00,221.881235749
2018-08-09 04:51:00,221.881235749
2018-08-09 04:52:00,221.881235749
2018-08-09 04:53:00,221.881235749
2018-08-09 04:54:00,221.881235749
2018-08-09 04:55:00,221.881235749
2018-08-09 04:56:00,221.881235749
2018-08-09 04:57:00,221.881235749
2018-08-09 04:58:00,221.881235749
2018-08-09 04:59:00,221.881235749
2018-08-09 05:00:00,221.881235749
2018-08-09 05:01:00,221.881235749
2018-08-09 05:02:00,221.881235749
2018-08-09 05:03:00,221.881235749
2018-08-09 05:04:00,221.881235749
2018-08-09 05:05:00,221.881235749
2018-08-09 05:06:00,221.881235749
2018-08-09 05:07:00,221.881235749
2018-08-09 05:08:00,221.881235749
2018-08-09 05:09:00,221.881235749
2018-08-09 05:10:00,221.881235749
2018-08-09 05:11:00,221.881235749
2018-08-09 05:12:00,212.198863793
2018-08-09 05:13:00,221.881235749
2018-08-09 05:14:00,221.881235749
2018-08-09 05:15:00,221.881235749
2018-08-09 05:16:00,221.881235749
2018-08-09 05:17:00,221.881235749
2018-08-09 05:18:00,221.881235749
2018-08-09 05:19:00,221.881235749
2018-08-09 05:20:00,212.198863793
2018-08-09 05:21:00,212.198863793
2018-08-09 05:22:00,202.516491837
2018-08-09 05:23:00,202.516491837
2018-08-09 05:24:00,202.516491837
2018-08-09 05:25:00,202.516491837
2018-08-09 05:26:00,202.516491837
2018-08-09 05:27:00,192.834119881
2018-08-09 05:28:00,183.151747924
2018-08-09 05:29:00,192.834119881
2018-08-09 05:30:00,192.834119881
2018-08-09 05:31:00,192.834119881
2018-08-09 05:32:00,192.834119881
2018-08-09 05:33:00,192.834119881
2018-08-09 05:34:00,192.834119881
2018-08-09 05:35:00,202.516491837
2018-08-09 05:36:00,212.198863793
2018-08-09 05:37:00,212.198863793
2018-08-09 05:38:00,212.198863793
2018-08-09 05:39:00,212.198863793
2018-08-09 05:40:00,212.198863793
2018-08-09 05:41:00,212.198863793
2018-08-09 05:42:00,212.198863793
2018-08-09 05:43:00,231.563607706
2018-08-09 05:44:00,231.563607706
2018-08-09 05:45:00,231.563607706
2018-08-09 05:46:00,221.881235749
2018-08-09 05:47:00,221.881235749
2018-08-09 05:48:00,221.881235749
2018-08-09 05:49:00,221.881235749
2018-08-09 05:50:00,212.198863793
2018-08-09 05:51:00,212.198863793
2018-08-09 05:52:00,212.198863793
2018-08-09 05:53:00,212.198863793
2018-08-09 05:54:00,212.198863793
2018-08-09 05:55:00,212.198863793
2018-08-09 05:56:00,212.198863793
2018-08-09 05:57:00,212.198863793
2018-08-09 05:58:00,212.198863793
2018-08-09 05:59:00,212.198863793
2018-08-09 06:00:00,221.881235749
2018-08-09 06:01:00,221.881235749
2018-08-09 06:02:00,221.881235749
2018-08-09 06:03:00,221.881235749
2018-08-09 06:04:00,221.881235749
2018-08-09 06:05:00,212.198863793
2018-08-09 06:06:00,221.881235749
2018-08-09 06:07:00,221.881235749
2018-08-09 06:08:00,221.881235749
2018-08-09 06:09:00,221.881235749
2018-08-09 06:10:00,212.198863793
2018-08-09 06:11:00,221.881235749
2018-08-09 06:12:00,212.198863793
2018-08-09 06:13:00,221.881235749
2018-08-09 06:14:00,221.881235749
2018-08-09 06:15:00,221.881235749
2018-08-09 06:16:00,221.881235749
2018-08-09 06:17:00,221.881235749
2018-08-09 06:18:00,212.198863793
2018-08-09 06:19:00,212.198863793
2018-08-09 06:20:00,212.198863793
2018-08-09 06:21:00,221.881235749
2018-08-09 06:22:00,212.198863793
2018-08-09 06:23:00,212.198863793
2018-08-09 06:24:00,221.881235749
2018-08-09 06:25:00,212.198863793
2018-08-09 06:26:00,212.198863793
2018-08-09 06:27:00,212.198863793
2018-08-09 06:28:00,212.198863793
2018-08-09 06:29:00,212.198863793
2018-08-09 06:30:00,212.198863793
2018-08-09 06:31:00,212.198863793
2018-08-09 06:32:00,212.198863793
2018-08-09 06:33:00,212.198863793
2018-08-09 06:34:00,212.198863793
2018-08-09 06:35:00,212.198863793
2018-08-09 06:36:00,212.198863793
2018-08-09 06:37:00,212.198863793
2018-08-09 06:38:00,173.469375968
2018-08-09 06:39:00,173.469375968
2018-08-09 06:40:00,173.469375968
2018-08-09 06:41:00,173.469375968
2018-08-09 06:42:00,163.787004012
2018-08-09 06:43:00,154.104632056
2018-08-09 06:44:00,154.104632056
2018-08-09 06:45:00,154.104632056
2018-08-09 06:46:00,154.104632056
2018-08-09 06:47:00,154.104632056
2018-08-09 06:48:00,154.104632056
2018-08-09 06:49:00,154.104632056
2018-08-09 06:50:00,144.422260099
2018-08-09 06:51:00,154.104632056
2018-08-09 06:52:00,154.104632056
2018-08-09 06:53:00,154.104632056
2018-08-09 06:54:00,154.104632056
2018-08-09 06:55:00,154.104632056
2018-08-09 06:56:00,163.787004012
2018-08-09 06:57:00,173.469375968
2018-08-09 06:58:00,163.787004012
2018-08-09 06:59:00,163.787004012
2018-08-09 07:00:00,163.787004012
2018-08-09 07:01:00,163.787004012
2018-08-09 07:02:00,154.104632056
2018-08-09 07:03:00,154.104632056
2018-08-09 07:04:00,154.104632056
2018-08-09 07:05:00,163.787004012
2018-08-09 07:06:00,154.104632056
2018-08-09 07:07:00,154.104632056
2018-08-09 07:08:00,154.104632056
2018-08-09 07:09:00,154.104632056
2018-08-09 07:10:00,154.104632056
2018-08-09 07:11:00,154.104632056
2018-08-09 07:12:00,154.104632056
2018-08-09 07:13:00,163.787004012
2018-08-09 07:14:00,163.787004012
2018-08-09 07:15:00,173.469375968
2018-08-09 07:16:00,173.469375968
2018-08-09 07:17:00,173.469375968
2018-08-09 07:18:00,173.469375968
2018-08-09 07:19:00,173.469375968
2018-08-09 07:20:00,173.469375968
2018-08-09 07:21:00,173.469375968
2018-08-09 07:22:00,173.469375968
2018-08-09 07:23:00,183.151747924
2018-08-09 07:24:00,183.151747924
2018-08-09 07:25:00,183.151747924
2018-08-09 07:26:00,183.151747924
2018-08-09 07:27:00,192.834119881
2018-08-09 07:28:00,183.151747924
2018-08-09 07:29:00,192.834119881
2018-08-09 07:30:00,202.516491837
2018-08-09 07:31:00,173.469375968
2018-08-09 07:32:00,173.469375968
2018-08-09 07:33:00,173.469375968
2018-08-09 07:34:00,192.834119881
2018-08-09 07:35:00,192.834119881
2018-08-09 07:36:00,173.469375968
2018-08-09 07:37:00,183.151747924
2018-08-09 07:38:00,192.834119881
2018-08-09 07:39:00,192.834119881
2018-08-09 07:40:00,192.834119881
2018-08-09 07:41:00,202.516491837
2018-08-09 07:42:00,212.198863793
2018-08-09 07:43:00,202.516491837
2018-08-09 07:44:00,202.516491837
2018-08-09 07:45:00,202.516491837
2018-08-09 07:46:00,202.516491837
2018-08-09 07:47:00,202.516491837
2018-08-09 07:48:00,202.516491837
2018-08-09 07:49:00,202.516491837
2018-08-09 07:50:00,202.516491837
2018-08-09 07:51:00,212.198863793
2018-08-09 07:52:00,212.198863793
2018-08-09 07:53:00,202.516491837
2018-08-09 07:54:00,202.516491837
2018-08-09 07:55:00,202.516491837
2018-08-09 07:56:00,202.516491837
2018-08-09 07:57:00,221.881235749
2018-08-09 07:58:00,221.881235749
2018-08-09 07:59:00,221.881235749
2018-08-09 08:00:00,221.881235749
2018-08-09 08:01:00,221.881235749
2018-08-09 08:02:00,221.881235749
2018-08-09 08:03:00,221.881235749
2018-08-09 08:04:00,231.563607706
2018-08-09 08:05:00,231.563607706
2018-08-09 08:06:00,231.563607706
2018-08-09 08:07:00,241.245979662
2018-08-09 08:08:00,241.245979662
2018-08-09 08:09:00,241.245979662
2018-08-09 08:10:00,241.245979662
2018-08-09 08:11:00,241.245979662
2018-08-09 08:12:00,231.563607706
2018-08-09 08:13:00,241.245979662
2018-08-09 08:14:00,250.928351618
2018-08-09 08:15:00,250.928351618
2018-08-09 08:16:00,250.928351618
2018-08-09 08:17:00,250.928351618
2018-08-09 08:18:00,250.928351618
2018-08-09 08:19:00,250.928351618
2018-08-09 08:20:00,250.928351618
2018-08-09 08:21:00,260.610723574
2018-08-09 08:22:00,260.610723574
2018-08-09 08:23:00,250.928351618
2018-08-09 08:24:00,250.928351618
2018-08-09 08:25:00,250.928351618
2018-08-09 08:26:00,241.245979662
2018-08-09 08:27:00,241.245979662
2018-08-09 08:28:00,241.245979662
2018-08-09 08:29:00,241.245979662
2018-08-09 08:30:00,241.245979662
2018-08-09 08:31:00,231.563607706
2018-08-09 08:32:00,231.563607706
2018-08-09 08:33:00,231.563607706
2018-08-09 08:34:00,231.563607706
2018-08-09 08:35:00,241.245979662
2018-08-09 08:36:00,250.928351618
2018-08-09 08:37:00,241.245979662
2018-08-09 08:38:00,250.928351618
2018-08-09 08:39:00,270.293095531
2018-08-09 08:40:00,260.610723574
2018-08-09 08:41:00,260.610723574
2018-08-09 08:42:00,260.610723574
2018-08-09 08:43:00,260.610723574
2018-08-09 08:44:00,279.975467487
2018-08-09 08:45:00,289.657839443
2018-08-09 08:46:00,279.975467487
2018-08-09 08:47:00,279.975467487
2018-08-09 08:48:00,279.975467487
2018-08-09 08:49:00,279.975467487
2018-08-09 08:50:00,279.975467487
2018-08-09 08:51:00,279.975467487
2018-08-09 08:52:00,279.975467487
2018-08-09 08:53:00,279.975467487
2018-08-09 08:54:00,279.975467487
2018-08-09 08:55:00,279.975467487
2018-08-09 08:56:00,279.975467487
2018-08-09 08:57:00,279.975467487
2018-08-09 08:58:00,279.975467487
2018-08-09 08:59:00,279.975467487
2018-08-09 09:00:00,279.975467487
2018-08-09 09:01:00,279.975467487
2018-08-09 09:02:00,289.657839443
2018-08-09 09:03:00,289.657839443
2018-08-09 09:04:00,289.657839443
2018-08-09 09:05:00,279.975467487
2018-08-09 09:06:00,279.975467487
2018-08-09 09:07:00,279.975467487
2018-08-09 09:08:00,279.975467487
2018-08-09 09:09:00,279.975467487
2018-08-09 09:10:00,279.975467487
2018-08-09 09:11:00,279.975467487
2018-08-09 09:12:00,279.975467487
2018-08-09 09:13:00,279.975467487
2018-08-09 09:14:00,279.975467487
2018-08-09 09:15:00,279.975467487
2018-08-09 09:16:00,279.975467487
2018-08-09 09:17:00,279.975467487
2018-08-09 09:18:00,279.975467487
2018-08-09 09:19:00,289.657839443
2018-08-09 09:20:00,279.975467487
2018-08-09 09:21:00,279.975467487
2018-08-09 09:22:00,270.293095531
2018-08-09 09:23:00,279.975467487
2018-08-09 09:24:00,279.975467487
2018-08-09 09:25:00,279.975467487
2018-08-09 09:26:00,279.975467487
2018-08-09 09:27:00,279.975467487
2018-08-09 09:28:00,279.975467487
2018-08-09 09:29:00,279.975467487
2018-08-09 09:30:00,279.975467487
2018-08-09 09:31:00,279.975467487
2018-08-09 09:32:00,270.293095531
2018-08-09 09:33:00,270.293095531
2018-08-09 09:34:00,270.293095531
2018-08-09 09:35:00,270.293095531
2018-08-09 09:36:00,270.293095531
2018-08-09 09:37:00,270.293095531
2018-08-09 09:38:00,270.293095531
2018-08-09 09:39:00,270.293095531
2018-08-09 09:40:00,270.293095531
2018-08-09 09:41:00,270.293095531
2018-08-09 09:42:00,270.293095531
2018-08-09 09:43:00,270.293095531
2018-08-09 09:44:00,270.293095531
2018-08-09 09:45:00,270.293095531
2018-08-09 09:46:00,270.293095531
2018-08-09 09:47:00,270.293095531
2018-08-09 09:48:00,279.975467487
2018-08-09 09:49:00,279.975467487
2018-08-09 09:50:00,270.293095531
2018-08-09 09:51:00,270.293095531
2018-08-09 09:52:00,279.975467487
2018-08-09 09:53:00,270.293095531
2018-08-09 09:54:00,270.293095531
2018-08-09 09:55:00,270.293095531
2018-08-09 09:56:00,270.293095531
2018-08-09 09:57:00,270.293095531
2018-08-09 09:58:00,270.293095531
2018-08-09 09:59:00,270.293095531
2018-08-09 10:00:00,270.293095531
2018-08-09 10:01:00,270.293095531
2018-08-09 10:02:00,260.610723574
2018-08-09 10:03:00,250.928351618
2018-08-09 10:04:00,250.928351618
2018-08-09 10:05:00,250.928351618
2018-08-09 10:06:00,250.928351618
2018-08-09 10:07:00,250.928351618
2018-08-09 10:08:00,250.928351618
2018-08-09 10:09:00,270.293095531
2018-08-09 10:10:00,270.293095531
2018-08-09 10:11:00,270.293095531
2018-08-09 10:12:00,270.293095531
2018-08-09 10:13:00,270.293095531
2018-08-09 10:14:00,270.293095531
2018-08-09 10:15:00,270.293095531
2018-08-09 10:16:00,270.293095531
2018-08-09 10:17:00,270.293095531
2018-08-09 10:18:00,270.293095531
2018-08-09 10:19:00,270.293095531
2018-08-09 10:20:00,270.293095531
2018-08-09 10:21:00,270.293095531
2018-08-09 10:22:00,270.293095531
2018-08-09 10:23:00,270.293095531
2018-08-09 10:24:00,270.293095531
2018-08-09 10:25:00,270.293095531
2018-08-09 10:26:00,270.293095531
2018-08-09 10:27:00,270.293095531
2018-08-09 10:28:00,270.293095531
2018-08-09 10:29:00,270.293095531
2018-08-09 10:30:00,289.657839443
2018-08-09 10:31:00,250.928351618
2018-08-09 10:32:00,250.928351618
2018-08-09 10:33:00,260.610723574
2018-08-09 10:34:00,250.928351618
2018-08-09 10:35:00,270.293095531
2018-08-09 10:36:00,270.293095531
2018-08-09 10:37:00,260.610723574
2018-08-09 10:38:00,260.610723574
2018-08-09 10:39:00,260.610723574
2018-08-09 10:40:00,270.293095531
2018-08-09 10:41:00,270.293095531
2018-08-09 10:42:00,270.293095531
2018-08-09 10:43:00,270.293095531
2018-08-09 10:44:00,279.975467487
2018-08-09 10:45:00,270.293095531
2018-08-09 10:46:00,270.293095531
2018-08-09 10:47:00,270.293095531
2018-08-09 10:48:00,270.293095531
2018-08-09 10:49:00,270.293095531
2018-08-09 10:50:00,270.293095531
2018-08-09 10:51:00,279.975467487
2018-08-09 10:52:00,279.975467487
2018-08-09 10:53:00,260.610723574
2018-08-09 10:54:00,260.610723574
2018-08-09 10:55:00,260.610723574
2018-08-09 10:56:00,260.610723574
2018-08-09 10:57:00,260.610723574
2018-08-09 10:58:00,260.610723574
2018-08-09 10:59:00,260.610723574
2018-08-09 11:00:00,260.610723574
2018-08-09 11:01:00,260.610723574
2018-08-09 11:02:00,260.610723574
2018-08-09 11:03:00,260.610723574
2018-08-09 11:04:00,260.610723574
2018-08-09 11:05:00,260.610723574
2018-08-09 11:06:00,260.610723574
2018-08-09 11:07:00,260.610723574
2018-08-09 11:08:00,260.610723574
2018-08-09 11:09:00,260.610723574
2018-08-09 11:10:00,260.610723574
2018-08-09 11:11:00,260.610723574
2018-08-09 11:12:00,260.610723574
2018-08-09 11:13:00,260.610723574
2018-08-09 11:14:00,260.610723574
2018-08-09 11:15:00,260.610723574
2018-08-09 11:16:00,260.610723574
2018-08-09 11:17:00,260.610723574
2018-08-09 11:18:00,260.610723574
2018-08-09 11:19:00,260.610723574
2018-08-09 11:20:00,260.610723574
2018-08-09 11:21:00,260.610723574
2018-08-09 11:22:00,260.610723574
2018-08-09 11:23:00,270.293095531
2018-08-09 11:24:00,270.293095531
2018-08-09 11:25:00,270.293095531
2018-08-09 11:26:00,270.293095531
2018-08-09 11:27:00,270.293095531
2018-08-09 11:28:00,270.293095531
2018-08-09 11:29:00,270.293095531
2018-08-09 11:30:00,270.293095531
2018-08-09 11:31:00,270.293095531
2018-08-09 11:32:00,270.293095531
2018-08-09 11:33:00,270.293095531
2018-08-09 11:34:00,270.293095531
2018-08-09 11:35:00,270.293095531
2018-08-09 11:36:00,270.293095531
2018-08-09 11:37:00,270.293095531
2018-08-09 11:38:00,270.293095531
2018-08-09 11:39:00,270.293095531
2018-08-09 11:40:00,270.293095531
2018-08-09 11:41:00,270.293095531
2018-08-09 11:42:00,270.293095531
2018-08-09 11:43:00,270.293095531
2018-08-09 11:44:00,270.293095531
2018-08-09 11:45:00,260.610723574
2018-08-09 11:46:00,260.610723574
2018-08-09 11:47:00,260.610723574
2018-08-09 11:48:00,260.610723574
2018-08-09 11:49:00,260.610723574
2018-08-09 11:50:00,270.293095531
2018-08-09 11:51:00,270.293095531
2018-08-09 11:52:00,270.293095531
2018-08-09 11:53:00,270.293095531
2018-08-09 11:54:00,270.293095531
2018-08-09 11:55:00,270.293095531
2018-08-09 11:56:00,270.293095531
2018-08-09 11:57:00,270.293095531
2018-08-09 11:58:00,270.293095531
2018-08-09 11:59:00,270.293095531
2018-08-10 01:29:00,367.116815093
2018-08-10 01:30:00,367.116815093
2018-08-10 01:31:00,396.163930962
2018-08-10 01:32:00,386.481559006
2018-08-10 01:33:00,386.481559006
2018-08-10 01:34:00,376.799187049
2018-08-10 01:35:00,357.434443137
2018-08-10 01:36:00,367.116815093
2018-08-10 01:37:00,367.116815093
2018-08-10 01:38:00,376.799187049
2018-08-10 01:39:00,367.116815093
2018-08-10 01:40:00,367.116815093
2018-08-10 01:41:00,396.163930962
2018-08-10 01:42:00,396.163930962
2018-08-10 01:43:00,396.163930962
2018-08-10 01:44:00,396.163930962
2018-08-10 01:45:00,376.799187049
2018-08-10 01:46:00,376.799187049
2018-08-10 01:47:00,367.116815093
2018-08-10 01:48:00,367.116815093
2018-08-10 01:49:00,367.116815093
2018-08-10 01:50:00,367.116815093
2018-08-10 01:51:00,367.116815093
2018-08-10 01:52:00,367.116815093
2018-08-10 01:53:00,367.116815093
2018-08-10 01:54:00,367.116815093
2018-08-10 01:55:00,367.116815093
2018-08-10 01:56:00,367.116815093
2018-08-10 01:57:00,367.116815093
2018-08-10 01:58:00,396.163930962
2018-08-10 01:59:00,405.846302918
2018-08-10 02:00:00,405.846302918
2018-08-10 02:01:00,415.528674874
2018-08-10 02:02:00,425.211046831
2018-08-10 02:03:00,444.575790743
2018-08-10 02:04:00,415.528674874
2018-08-10 02:05:00,425.211046831
2018-08-10 02:06:00,444.575790743
2018-08-10 02:07:00,444.575790743
2018-08-10 02:08:00,425.211046831
2018-08-10 02:09:00,425.211046831
2018-08-10 02:10:00,425.211046831
2018-08-10 02:11:00,434.893418787
2018-08-10 02:12:00,425.211046831
2018-08-10 02:13:00,444.575790743
2018-08-10 02:14:00,444.575790743
2018-08-10 02:15:00,444.575790743
2018-08-10 02:16:00,434.893418787
2018-08-10 02:17:00,425.211046831
2018-08-10 02:18:00,425.211046831
2018-08-10 02:19:00,425.211046831
2018-08-10 02:20:00,444.575790743
2018-08-10 02:21:00,444.575790743
2018-08-10 02:22:00,463.940534656
2018-08-10 02:23:00,463.940534656
2018-08-10 02:24:00,454.258162699
2018-08-10 02:25:00,454.258162699
2018-08-10 02:26:00,444.575790743
2018-08-10 02:27:00,444.575790743
2018-08-10 02:28:00,444.575790743
2018-08-10 02:29:00,444.575790743
2018-08-10 02:30:00,444.575790743
2018-08-10 02:31:00,444.575790743
2018-08-10 02:32:00,444.575790743
2018-08-10 02:33:00,463.940534656
2018-08-10 02:34:00,463.940534656
2018-08-10 02:35:00,454.258162699
2018-08-10 02:36:00,463.940534656
2018-08-10 02:37:00,454.258162699
2018-08-10 02:38:00,463.940534656
2018-08-10 02:39:00,473.622906612
2018-08-10 02:40:00,473.622906612
2018-08-10 02:41:00,463.940534656
2018-08-10 02:42:00,463.940534656
2018-08-10 02:43:00,463.940534656
2018-08-10 02:44:00,444.575790743
2018-08-10 02:45:00,444.575790743
2018-08-10 02:46:00,444.575790743
2018-08-10 02:47:00,444.575790743
2018-08-10 02:48:00,454.258162699
2018-08-10 02:49:00,454.258162699
2018-08-10 02:50:00,483.305278568
2018-08-10 02:51:00,492.987650524
2018-08-10 02:52:00,492.987650524
2018-08-10 02:53:00,492.987650524
2018-08-10 02:54:00,492.987650524
2018-08-10 02:55:00,502.670022481
2018-08-10 02:56:00,502.670022481
2018-08-10 02:57:00,492.987650524
2018-08-10 02:58:00,492.987650524
2018-08-10 02:59:00,512.352394437
2018-08-10 03:00:00,512.352394437
2018-08-10 03:01:00,512.352394437
2018-08-10 03:02:00,512.352394437
2018-08-10 03:03:00,512.352394437
2018-08-10 03:04:00,492.987650524
2018-08-10 03:05:00,512.352394437
2018-08-10 03:06:00,522.034766393
2018-08-10 03:07:00,522.034766393
2018-08-10 03:08:00,512.352394437
2018-08-10 03:09:00,492.987650524
2018-08-10 03:10:00,502.670022481
2018-08-10 03:11:00,492.987650524
2018-08-10 03:12:00,502.670022481
2018-08-10 03:13:00,492.987650524
2018-08-10 03:14:00,492.987650524
2018-08-10 03:15:00,492.987650524
2018-08-10 03:16:00,492.987650524
2018-08-10 03:17:00,492.987650524
2018-08-10 03:18:00,492.987650524
2018-08-10 03:19:00,492.987650524
2018-08-10 03:20:00,492.987650524
2018-08-10 03:21:00,502.670022481
2018-08-10 03:22:00,492.987650524
2018-08-10 03:23:00,492.987650524
2018-08-10 03:24:00,492.987650524
2018-08-10 03:25:00,492.987650524
2018-08-10 03:26:00,483.305278568
2018-08-10 03:27:00,492.987650524
2018-08-10 03:28:00,502.670022481
2018-08-10 03:29:00,492.987650524
2018-08-10 03:30:00,483.305278568
2018-08-10 03:31:00,483.305278568
2018-08-10 03:32:00,483.305278568
2018-08-10 03:33:00,483.305278568
2018-08-10 03:34:00,473.622906612
2018-08-10 03:35:00,483.305278568
2018-08-10 03:36:00,483.305278568
2018-08-10 03:37:00,473.622906612
2018-08-10 03:38:00,473.622906612
2018-08-10 03:39:00,483.305278568
2018-08-10 03:40:00,483.305278568
2018-08-10 03:41:00,492.987650524
2018-08-10 03:42:00,531.717138349
2018-08-10 03:43:00,502.670022481
2018-08-10 03:44:00,502.670022481
2018-08-10 03:45:00,512.352394437
2018-08-10 03:46:00,512.352394437
2018-08-10 03:47:00,551.081882262
2018-08-10 03:48:00,551.081882262
2018-08-10 03:49:00,551.081882262
2018-08-10 03:50:00,560.764254218
2018-08-10 03:51:00,560.764254218
2018-08-10 03:52:00,560.764254218
2018-08-10 03:53:00,560.764254218
2018-08-10 03:54:00,560.764254218
2018-08-10 03:55:00,551.081882262
2018-08-10 03:56:00,541.399510306
2018-08-10 03:57:00,551.081882262
2018-08-10 03:58:00,541.399510306
2018-08-10 03:59:00,541.399510306
2018-08-10 04:00:00,541.399510306
2018-08-10 04:01:00,541.399510306
2018-08-10 04:02:00,541.399510306
2018-08-10 04:03:00,551.081882262
2018-08-10 04:04:00,531.717138349
2018-08-10 04:05:00,531.717138349
2018-08-10 04:06:00,522.034766393
2018-08-10 04:07:00,522.034766393
2018-08-10 04:08:00,531.717138349
2018-08-10 04:09:00,531.717138349
2018-08-10 04:10:00,522.034766393
2018-08-10 04:11:00,522.034766393
2018-08-10 04:12:00,512.352394437
2018-08-10 04:13:00,512.352394437
2018-08-10 04:14:00,512.352394437
2018-08-10 04:15:00,512.352394437
2018-08-10 04:16:00,512.352394437
2018-08-10 04:17:00,512.352394437
2018-08-10 04:18:00,512.352394437
2018-08-10 04:19:00,522.034766393
2018-08-10 04:20:00,522.034766393
2018-08-10 04:21:00,522.034766393
2018-08-10 04:22:00,522.034766393
2018-08-10 04:23:00,522.034766393
2018-08-10 04:24:00,522.034766393
2018-08-10 04:25:00,522.034766393
2018-08-10 04:26:00,522.034766393
2018-08-10 04:27:00,522.034766393
2018-08-10 04:28:00,522.034766393
2018-08-10 04:29:00,522.034766393
2018-08-10 04:30:00,522.034766393
2018-08-10 04:31:00,522.034766393
2018-08-10 04:32:00,512.352394437
2018-08-10 04:33:00,512.352394437
2018-08-10 04:34:00,512.352394437
2018-08-10 04:35:00,512.352394437
2018-08-10 04:36:00,512.352394437
2018-08-10 04:37:00,512.352394437
2018-08-10 04:38:00,522.034766393
2018-08-10 04:39:00,522.034766393
2018-08-10 04:40:00,522.034766393
2018-08-10 04:41:00,522.034766393
2018-08-10 04:42:00,522.034766393
2018-08-10 04:43:00,522.034766393
2018-08-10 04:44:00,551.081882262
2018-08-10 04:45:00,551.081882262
2018-08-10 04:46:00,551.081882262
2018-08-10 04:47:00,551.081882262
2018-08-10 04:48:00,551.081882262
2018-08-10 04:49:00,551.081882262
2018-08-10 04:50:00,551.081882262
2018-08-10 04:51:00,551.081882262
2018-08-10 04:52:00,551.081882262
2018-08-10 04:53:00,551.081882262
2018-08-10 04:54:00,551.081882262
2018-08-10 04:55:00,551.081882262
2018-08-10 04:56:00,551.081882262
2018-08-10 04:57:00,551.081882262
2018-08-10 04:58:00,551.081882262
2018-08-10 04:59:00,551.081882262
2018-08-10 05:00:00,551.081882262
2018-08-10 05:01:00,551.081882262
2018-08-10 05:02:00,551.081882262
2018-08-10 05:03:00,551.081882262
2018-08-10 05:04:00,551.081882262
2018-08-10 05:05:00,551.081882262
2018-08-10 05:06:00,551.081882262
2018-08-10 05:07:00,551.081882262
2018-08-10 05:08:00,551.081882262
2018-08-10 05:09:00,551.081882262
2018-08-10 05:10:00,551.081882262
2018-08-10 05:11:00,551.081882262
2018-08-10 05:12:00,551.081882262
2018-08-10 05:13:00,560.764254218
2018-08-10 05:14:00,551.081882262
2018-08-10 05:15:00,551.081882262
2018-08-10 05:16:00,551.081882262
2018-08-10 05:17:00,560.764254218
2018-08-10 05:18:00,560.764254218
2018-08-10 05:19:00,560.764254218
2018-08-10 05:20:00,551.081882262
2018-08-10 05:21:00,551.081882262
2018-08-10 05:22:00,551.081882262
2018-08-10 05:23:00,541.399510306
2018-08-10 05:24:00,541.399510306
2018-08-10 05:25:00,541.399510306
2018-08-10 05:26:00,541.399510306
2018-08-10 05:27:00,541.399510306
2018-08-10 05:28:00,541.399510306
2018-08-10 05:29:00,551.081882262
2018-08-10 05:30:00,551.081882262
2018-08-10 05:31:00,551.081882262
2018-08-10 05:32:00,551.081882262
2018-08-10 05:33:00,551.081882262
2018-08-10 05:34:00,551.081882262
2018-08-10 05:35:00,551.081882262
2018-08-10 05:36:00,551.081882262
2018-08-10 05:37:00,551.081882262
2018-08-10 05:38:00,551.081882262
2018-08-10 05:39:00,551.081882262
2018-08-10 05:40:00,551.081882262
2018-08-10 05:41:00,551.081882262
2018-08-10 05:42:00,551.081882262
2018-08-10 05:43:00,551.081882262
2018-08-10 05:44:00,551.081882262
2018-08-10 05:45:00,551.081882262
2018-08-10 05:46:00,551.081882262
2018-08-10 05:47:00,551.081882262
2018-08-10 05:48:00,551.081882262
2018-08-10 05:49:00,551.081882262
2018-08-10 05:50:00,551.081882262
2018-08-10 05:51:00,541.399510306
2018-08-10 05:52:00,541.399510306
2018-08-10 05:53:00,541.399510306
2018-08-10 05:54:00,541.399510306
2018-08-10 05:55:00,551.081882262
2018-08-10 05:56:00,560.764254218
2018-08-10 05:57:00,580.128998131
2018-08-10 05:58:00,580.128998131
2018-08-10 05:59:00,599.493742043
2018-08-10 06:00:00,580.128998131
2018-08-10 06:01:00,589.811370087
2018-08-10 06:02:00,589.811370087
2018-08-10 06:03:00,589.811370087
2018-08-10 06:04:00,589.811370087
2018-08-10 06:05:00,599.493742043
2018-08-10 06:06:00,589.811370087
2018-08-10 06:07:00,589.811370087
2018-08-10 06:08:00,580.128998131
2018-08-10 06:09:00,570.446626174
2018-08-10 06:10:00,570.446626174
2018-08-10 06:11:00,570.446626174
2018-08-10 06:12:00,560.764254218
2018-08-10 06:13:00,570.446626174
2018-08-10 06:14:00,580.128998131
2018-08-10 06:15:00,580.128998131
2018-08-10 06:16:00,580.128998131
2018-08-10 06:17:00,580.128998131
2018-08-10 06:18:00,580.128998131
2018-08-10 06:19:00,580.128998131
2018-08-10 06:20:00,589.811370087
2018-08-10 06:21:00,589.811370087
2018-08-10 06:22:00,560.764254218
2018-08-10 06:23:00,560.764254218
2018-08-10 06:24:00,560.764254218
2018-08-10 06:25:00,580.128998131
2018-08-10 06:26:00,580.128998131
2018-08-10 06:27:00,580.128998131
2018-08-10 06:28:00,580.128998131
2018-08-10 06:29:00,580.128998131
2018-08-10 06:30:00,560.764254218
2018-08-10 06:31:00,560.764254218
2018-08-10 06:32:00,560.764254218
2018-08-10 06:33:00,551.081882262
2018-08-10 06:34:00,551.081882262
2018-08-10 06:35:00,560.764254218
2018-08-10 06:36:00,560.764254218
2018-08-10 06:37:00,560.764254218
2018-08-10 06:38:00,560.764254218
2018-08-10 06:39:00,560.764254218
2018-08-10 06:40:00,560.764254218
2018-08-10 06:41:00,560.764254218
2018-08-10 06:42:00,560.764254218
2018-08-10 06:43:00,560.764254218
2018-08-10 06:44:00,551.081882262
2018-08-10 06:45:00,541.399510306
2018-08-10 06:46:00,531.717138349
2018-08-10 06:47:00,541.399510306
2018-08-10 06:48:00,541.399510306
2018-08-10 06:49:00,541.399510306
2018-08-10 06:50:00,541.399510306
2018-08-10 06:51:00,551.081882262
2018-08-10 06:52:00,551.081882262
2018-08-10 06:53:00,551.081882262
2018-08-10 06:54:00,551.081882262
2018-08-10 06:55:00,560.764254218
2018-08-10 06:56:00,570.446626174
2018-08-10 06:57:00,570.446626174
2018-08-10 06:58:00,580.128998131
2018-08-10 06:59:00,580.128998131
2018-08-10 07:00:00,580.128998131
2018-08-10 07:01:00,599.493742043
2018-08-10 07:02:00,599.493742043
2018-08-10 07:03:00,609.176113999
2018-08-10 07:04:00,609.176113999
2018-08-10 07:05:00,609.176113999
2018-08-10 07:06:00,618.858485956
2018-08-10 07:07:00,618.858485956
2018-08-10 07:08:00,618.858485956
2018-08-10 07:09:00,618.858485956
2018-08-10 07:10:00,599.493742043
2018-08-10 07:11:00,599.493742043
2018-08-10 07:12:00,589.811370087
2018-08-10 07:13:00,580.128998131
2018-08-10 07:14:00,580.128998131
2018-08-10 07:15:00,580.128998131
2018-08-10 07:16:00,580.128998131
2018-08-10 07:17:00,580.128998131
2018-08-10 07:18:00,580.128998131
2018-08-10 07:19:00,580.128998131
2018-08-10 07:20:00,580.128998131
2018-08-10 07:21:00,589.811370087
2018-08-10 07:22:00,570.446626174
2018-08-10 07:23:00,570.446626174
2018-08-10 07:24:00,551.081882262
2018-08-10 07:25:00,580.128998131
2018-08-10 07:26:00,560.764254218
2018-08-10 07:27:00,560.764254218
2018-08-10 07:28:00,551.081882262
2018-08-10 07:29:00,541.399510306
2018-08-10 07:30:00,560.764254218
2018-08-10 07:31:00,541.399510306
2018-08-10 07:32:00,522.034766393
2018-08-10 07:33:00,522.034766393
2018-08-10 07:34:00,531.717138349
2018-08-10 07:35:00,522.034766393
2018-08-10 07:36:00,522.034766393
2018-08-10 07:37:00,512.352394437
2018-08-10 07:38:00,502.670022481
2018-08-10 07:39:00,492.987650524
2018-08-10 07:40:00,512.352394437
2018-08-10 07:41:00,512.352394437
2018-08-10 07:42:00,512.352394437
2018-08-10 07:43:00,502.670022481
2018-08-10 07:44:00,512.352394437
2018-08-10 07:45:00,512.352394437
2018-08-10 07:46:00,502.670022481
2018-08-10 07:47:00,512.352394437
2018-08-10 07:48:00,551.081882262
2018-08-10 07:49:00,551.081882262
2018-08-10 07:50:00,551.081882262
2018-08-10 07:51:00,551.081882262
2018-08-10 07:52:00,531.717138349
2018-08-10 07:53:00,522.034766393
2018-08-10 07:54:00,531.717138349
2018-08-10 07:55:00,531.717138349
2018-08-10 07:56:00,531.717138349
2018-08-10 07:57:00,551.081882262
2018-08-10 07:58:00,560.764254218
2018-08-10 07:59:00,551.081882262
2018-08-10 08:00:00,541.399510306
2018-08-10 08:01:00,551.081882262
2018-08-10 08:02:00,551.081882262
2018-08-10 08:03:00,541.399510306
2018-08-10 08:04:00,551.081882262
2018-08-10 08:05:00,551.081882262
2018-08-10 08:06:00,522.034766393
2018-08-10 08:07:00,531.717138349
2018-08-10 08:08:00,531.717138349
2018-08-10 08:09:00,531.717138349
2018-08-10 08:10:00,541.399510306
2018-08-10 08:11:00,531.717138349
2018-08-10 08:12:00,541.399510306
2018-08-10 08:13:00,541.399510306
2018-08-10 08:14:00,541.399510306
2018-08-10 08:15:00,541.399510306
2018-08-10 08:16:00,560.764254218
2018-08-10 08:17:00,541.399510306
2018-08-10 08:18:00,551.081882262
2018-08-10 08:19:00,560.764254218
2018-08-10 08:20:00,560.764254218
2018-08-10 08:21:00,551.081882262
2018-08-10 08:22:00,551.081882262
2018-08-10 08:23:00,570.446626174
2018-08-10 08:24:00,580.128998131
2018-08-10 08:25:00,580.128998131
2018-08-10 08:26:00,580.128998131
2018-08-10 08:27:00,580.128998131
2018-08-10 08:28:00,618.858485956
2018-08-10 08:29:00,618.858485956
2018-08-10 08:30:00,628.540857912
2018-08-10 08:31:00,618.858485956
2018-08-10 08:32:00,618.858485956
2018-08-10 08:33:00,628.540857912
2018-08-10 08:34:00,618.858485956
2018-08-10 08:35:00,628.540857912
2018-08-10 08:36:00,618.858485956
2018-08-10 08:37:00,618.858485956
2018-08-10 08:38:00,628.540857912
2018-08-10 08:39:00,628.540857912
2018-08-10 08:40:00,628.540857912
2018-08-10 08:41:00,638.223229868
2018-08-10 08:42:00,638.223229868
2018-08-10 08:43:00,618.858485956
2018-08-10 08:44:00,618.858485956
2018-08-10 08:45:00,599.493742043
2018-08-10 08:46:00,599.493742043
2018-08-10 08:47:00,599.493742043
2018-08-10 08:48:00,609.176113999
2018-08-10 08:49:00,609.176113999
2018-08-10 08:50:00,609.176113999
2018-08-10 08:51:00,609.176113999
2018-08-10 08:52:00,618.858485956
2018-08-10 08:53:00,618.858485956
2018-08-10 08:54:00,618.858485956
2018-08-10 08:55:00,638.223229868
2018-08-10 08:56:00,638.223229868
2018-08-10 08:57:00,638.223229868
2018-08-10 08:58:00,638.223229868
2018-08-10 08:59:00,647.905601824
2018-08-10 09:00:00,638.223229868
2018-08-10 09:01:00,638.223229868
2018-08-10 09:02:00,647.905601824
2018-08-10 09:03:00,647.905601824
2018-08-10 09:04:00,647.905601824
2018-08-10 09:05:00,638.223229868
2018-08-10 09:06:00,638.223229868
2018-08-10 09:07:00,638.223229868
2018-08-10 09:08:00,638.223229868
2018-08-10 09:09:00,638.223229868
2018-08-10 09:10:00,628.540857912
2018-08-10 09:11:00,628.540857912
2018-08-10 09:12:00,599.493742043
2018-08-10 09:13:00,618.858485956
2018-08-10 09:14:00,618.858485956
2018-08-10 09:15:00,609.176113999
2018-08-10 09:16:00,609.176113999
2018-08-10 09:17:00,609.176113999
2018-08-10 09:18:00,609.176113999
2018-08-10 09:19:00,609.176113999
2018-08-10 09:20:00,609.176113999
2018-08-10 09:21:00,609.176113999
2018-08-10 09:22:00,618.858485956
2018-08-10 09:23:00,638.223229868
2018-08-10 09:24:00,638.223229868
2018-08-10 09:25:00,638.223229868
2018-08-10 09:26:00,647.905601824
2018-08-10 09:27:00,647.905601824
2018-08-10 09:28:00,667.270345737
2018-08-10 09:29:00,647.905601824
2018-08-10 09:30:00,647.905601824
2018-08-10 09:31:00,647.905601824
2018-08-10 09:32:00,647.905601824
2018-08-10 09:33:00,647.905601824
2018-08-10 09:34:00,647.905601824
2018-08-10 09:35:00,647.905601824
2018-08-10 09:36:00,647.905601824
2018-08-10 09:37:00,667.270345737
2018-08-10 09:38:00,647.905601824
2018-08-10 09:39:00,647.905601824
2018-08-10 09:40:00,647.905601824
2018-08-10 09:41:00,647.905601824
2018-08-10 09:42:00,647.905601824
2018-08-10 09:43:00,647.905601824
2018-08-10 09:44:00,657.587973781
2018-08-10 09:45:00,667.270345737
2018-08-10 09:46:00,676.952717693
2018-08-10 09:47:00,676.952717693
2018-08-10 09:48:00,657.587973781
2018-08-10 09:49:00,667.270345737
2018-08-10 09:50:00,676.952717693
2018-08-10 09:51:00,676.952717693
2018-08-10 09:52:00,676.952717693
2018-08-10 09:53:00,676.952717693
2018-08-10 09:54:00,676.952717693
2018-08-10 09:55:00,676.952717693
2018-08-10 09:56:00,676.952717693
2018-08-10 09:57:00,676.952717693
2018-08-10 09:58:00,676.952717693
2018-08-10 09:59:00,676.952717693
2018-08-10 10:00:00,676.952717693
2018-08-10 10:01:00,676.952717693
2018-08-10 10:02:00,676.952717693
2018-08-10 10:03:00,676.952717693
2018-08-10 10:04:00,676.952717693
2018-08-10 10:05:00,676.952717693
2018-08-10 10:06:00,667.270345737
2018-08-10 10:07:00,667.270345737
2018-08-10 10:08:00,667.270345737
2018-08-10 10:09:00,667.270345737
2018-08-10 10:10:00,667.270345737
2018-08-10 10:11:00,667.270345737
2018-08-10 10:12:00,667.270345737
2018-08-10 10:13:00,667.270345737
2018-08-10 10:14:00,676.952717693
2018-08-10 10:15:00,676.952717693
2018-08-10 10:16:00,676.952717693
2018-08-10 10:17:00,676.952717693
2018-08-10 10:18:00,676.952717693
2018-08-10 10:19:00,676.952717693
2018-08-10 10:20:00,676.952717693
2018-08-10 10:21:00,676.952717693
2018-08-10 10:22:00,676.952717693
2018-08-10 10:23:00,676.952717693
2018-08-10 10:24:00,667.270345737
2018-08-10 10:25:00,676.952717693
2018-08-10 10:26:00,676.952717693
2018-08-10 10:27:00,676.952717693
2018-08-10 10:28:00,676.952717693
2018-08-10 10:29:00,676.952717693
2018-08-10 10:30:00,676.952717693
2018-08-10 10:31:00,676.952717693
2018-08-10 10:32:00,676.952717693
2018-08-10 10:33:00,676.952717693
2018-08-10 10:34:00,676.952717693
2018-08-10 10:35:00,676.952717693
2018-08-10 10:36:00,676.952717693
2018-08-10 10:37:00,676.952717693
2018-08-10 10:38:00,676.952717693
2018-08-10 10:39:00,696.317461606
2018-08-10 10:40:00,696.317461606
2018-08-10 10:41:00,705.999833562
2018-08-10 10:42:00,696.317461606
2018-08-10 10:43:00,696.317461606
2018-08-10 10:44:00,686.635089649
2018-08-10 10:45:00,696.317461606
2018-08-10 10:46:00,696.317461606
2018-08-10 10:47:00,696.317461606
2018-08-10 10:48:00,686.635089649
2018-08-10 10:49:00,696.317461606
2018-08-10 10:50:00,696.317461606
2018-08-10 10:51:00,696.317461606
2018-08-10 10:52:00,696.317461606
2018-08-10 10:53:00,696.317461606
2018-08-10 10:54:00,705.999833562
2018-08-10 10:55:00,705.999833562
2018-08-10 10:56:00,705.999833562
2018-08-10 10:57:00,705.999833562
2018-08-10 10:58:00,705.999833562
2018-08-10 10:59:00,705.999833562
2018-08-10 11:00:00,705.999833562
2018-08-10 11:01:00,705.999833562
2018-08-10 11:02:00,696.317461606
2018-08-10 11:03:00,705.999833562
2018-08-10 11:04:00,705.999833562
2018-08-10 11:05:00,705.999833562
2018-08-10 11:06:00,705.999833562
2018-08-10 11:07:00,705.999833562
2018-08-10 11:08:00,705.999833562
2018-08-10 11:09:00,705.999833562
2018-08-10 11:10:00,705.999833562
2018-08-10 11:11:00,725.364577474
2018-08-10 11:12:00,725.364577474
2018-08-10 11:13:00,705.999833562
2018-08-10 11:14:00,705.999833562
2018-08-10 11:15:00,705.999833562
2018-08-10 11:16:00,705.999833562
2018-08-10 11:17:00,705.999833562
2018-08-10 11:18:00,705.999833562
2018-08-10 11:19:00,715.682205518
2018-08-10 11:20:00,715.682205518
2018-08-10 11:21:00,715.682205518
2018-08-10 11:22:00,715.682205518
2018-08-10 11:23:00,715.682205518
2018-08-10 11:24:00,715.682205518
2018-08-10 11:25:00,715.682205518
2018-08-10 11:26:00,715.682205518
2018-08-10 11:27:00,715.682205518
2018-08-10 11:28:00,715.682205518
2018-08-10 11:29:00,715.682205518
2018-08-10 11:30:00,715.682205518
2018-08-10 11:31:00,715.682205518
2018-08-10 11:32:00,715.682205518
2018-08-10 11:33:00,715.682205518
2018-08-10 11:34:00,715.682205518
2018-08-10 11:35:00,715.682205518
2018-08-10 11:36:00,715.682205518
2018-08-10 11:37:00,715.682205518
2018-08-10 11:38:00,715.682205518
2018-08-10 11:39:00,715.682205518
2018-08-10 11:40:00,715.682205518
2018-08-10 11:41:00,715.682205518
2018-08-10 11:42:00,715.682205518
2018-08-10 11:43:00,715.682205518
2018-08-10 11:44:00,715.682205518
2018-08-10 11:45:00,715.682205518
2018-08-10 11:46:00,715.682205518
2018-08-10 11:47:00,715.682205518
2018-08-10 11:48:00,715.682205518
2018-08-10 11:49:00,715.682205518
2018-08-10 11:50:00,715.682205518
2018-08-10 11:51:00,715.682205518
2018-08-10 11:52:00,715.682205518
2018-08-10 11:53:00,715.682205518
2018-08-10 11:54:00,715.682205518
2018-08-10 11:55:00,715.682205518
2018-08-10 11:56:00,715.682205518
2018-08-10 11:57:00,715.682205518
2018-08-10 11:58:00,715.682205518
2018-08-10 11:59:00,715.682205518
2018-08-13 01:34:00,777.240532702
2018-08-13 01:35:00,766.98065759
2018-08-13 01:36:00,766.98065759
2018-08-13 01:37:00,725.94115714
2018-08-13 01:38:00,725.94115714
2018-08-13 01:39:00,715.681282027
2018-08-13 01:40:00,715.681282027
2018-08-13 01:41:00,725.94115714
2018-08-13 01:42:00,725.94115714
2018-08-13 01:43:00,725.94115714
2018-08-13 01:44:00,736.201032252
2018-08-13 01:45:00,736.201032252
2018-08-13 01:46:00,736.201032252
2018-08-13 01:47:00,736.201032252
2018-08-13 01:48:00,736.201032252
2018-08-13 01:49:00,736.201032252
2018-08-13 01:50:00,736.201032252
2018-08-13 01:51:00,736.201032252
2018-08-13 01:52:00,736.201032252
2018-08-13 01:53:00,736.201032252
2018-08-13 01:54:00,736.201032252
2018-08-13 01:55:00,736.201032252
2018-08-13 01:56:00,736.201032252
2018-08-13 01:57:00,736.201032252
2018-08-13 01:58:00,746.460907365
2018-08-13 01:59:00,746.460907365
2018-08-13 02:00:00,746.460907365
2018-08-13 02:01:00,756.720782477
2018-08-13 02:02:00,756.720782477
2018-08-13 02:03:00,756.720782477
2018-08-13 02:04:00,736.201032252
2018-08-13 02:05:00,736.201032252
2018-08-13 02:06:00,736.201032252
2018-08-13 02:07:00,736.201032252
2018-08-13 02:08:00,736.201032252
2018-08-13 02:09:00,736.201032252
2018-08-13 02:10:00,746.460907365
2018-08-13 02:11:00,736.201032252
2018-08-13 02:12:00,736.201032252
2018-08-13 02:13:00,736.201032252
2018-08-13 02:14:00,736.201032252
2018-08-13 02:15:00,736.201032252
2018-08-13 02:16:00,736.201032252
2018-08-13 02:17:00,736.201032252
2018-08-13 02:18:00,736.201032252
2018-08-13 02:19:00,736.201032252
2018-08-13 02:20:00,736.201032252
2018-08-13 02:21:00,736.201032252
2018-08-13 02:22:00,736.201032252
2018-08-13 02:23:00,736.201032252
2018-08-13 02:24:00,746.460907365
2018-08-13 02:25:00,746.460907365
2018-08-13 02:26:00,746.460907365
2018-08-13 02:27:00,746.460907365
2018-08-13 02:28:00,746.460907365
2018-08-13 02:29:00,746.460907365
2018-08-13 02:30:00,736.201032252
2018-08-13 02:31:00,736.201032252
2018-08-13 02:32:00,725.94115714
2018-08-13 02:33:00,725.94115714
2018-08-13 02:34:00,725.94115714
2018-08-13 02:35:00,746.460907365
2018-08-13 02:36:00,746.460907365
2018-08-13 02:37:00,746.460907365
2018-08-13 02:38:00,746.460907365
2018-08-13 02:39:00,746.460907365
2018-08-13 02:40:00,736.201032252
2018-08-13 02:41:00,736.201032252
2018-08-13 02:42:00,736.201032252
2018-08-13 02:43:00,746.460907365
2018-08-13 02:44:00,746.460907365
2018-08-13 02:45:00,746.460907365
2018-08-13 02:46:00,746.460907365
2018-08-13 02:47:00,746.460907365
2018-08-13 02:48:00,746.460907365
2018-08-13 02:49:00,746.460907365
2018-08-13 02:50:00,746.460907365
2018-08-13 02:51:00,746.460907365
2018-08-13 02:52:00,746.460907365
2018-08-13 02:53:00,746.460907365
2018-08-13 02:54:00,746.460907365
2018-08-13 02:55:00,746.460907365
2018-08-13 02:56:00,746.460907365
2018-08-13 02:57:00,746.460907365
2018-08-13 02:58:00,746.460907365
2018-08-13 02:59:00,746.460907365
2018-08-13 03:00:00,746.460907365
2018-08-13 03:01:00,746.460907365
2018-08-13 03:02:00,725.94115714
2018-08-13 03:03:00,725.94115714
2018-08-13 03:04:00,736.201032252
2018-08-13 03:05:00,746.460907365
2018-08-13 03:06:00,746.460907365
2018-08-13 03:07:00,725.94115714
2018-08-13 03:08:00,725.94115714
2018-08-13 03:09:00,725.94115714
2018-08-13 03:10:00,725.94115714
2018-08-13 03:11:00,725.94115714
2018-08-13 03:12:00,725.94115714
2018-08-13 03:13:00,725.94115714
2018-08-13 03:14:00,725.94115714
2018-08-13 03:15:00,725.94115714
2018-08-13 03:16:00,725.94115714
2018-08-13 03:17:00,705.421406915
2018-08-13 03:18:00,705.421406915
2018-08-13 03:19:00,705.421406915
2018-08-13 03:20:00,705.421406915
2018-08-13 03:21:00,705.421406915
2018-08-13 03:22:00,695.161531802
2018-08-13 03:23:00,654.122031352
2018-08-13 03:24:00,654.122031352
2018-08-13 03:25:00,654.122031352
2018-08-13 03:26:00,654.122031352
2018-08-13 03:27:00,654.122031352
2018-08-13 03:28:00,654.122031352
2018-08-13 03:29:00,643.86215624
2018-08-13 03:30:00,654.122031352
2018-08-13 03:31:00,654.122031352
2018-08-13 03:32:00,643.86215624
2018-08-13 03:33:00,654.122031352
2018-08-13 03:34:00,654.122031352
2018-08-13 03:35:00,654.122031352
2018-08-13 03:36:00,654.122031352
2018-08-13 03:37:00,654.122031352
2018-08-13 03:38:00,654.122031352
2018-08-13 03:39:00,654.122031352
2018-08-13 03:40:00,643.86215624
2018-08-13 03:41:00,633.602281127
2018-08-13 03:42:00,633.602281127
2018-08-13 03:43:00,633.602281127
2018-08-13 03:44:00,633.602281127
2018-08-13 03:45:00,633.602281127
2018-08-13 03:46:00,633.602281127
2018-08-13 03:47:00,633.602281127
2018-08-13 03:48:00,633.602281127
2018-08-13 03:49:00,643.86215624
2018-08-13 03:50:00,643.86215624
2018-08-13 03:51:00,654.122031352
2018-08-13 03:52:00,654.122031352
2018-08-13 03:53:00,654.122031352
2018-08-13 03:54:00,674.641781577
2018-08-13 03:55:00,664.381906465
2018-08-13 03:56:00,664.381906465
2018-08-13 03:57:00,664.381906465
2018-08-13 03:58:00,664.381906465
2018-08-13 03:59:00,664.381906465
2018-08-13 04:00:00,664.381906465
2018-08-13 04:01:00,664.381906465
2018-08-13 04:02:00,654.122031352
2018-08-13 04:03:00,654.122031352
2018-08-13 04:04:00,654.122031352
2018-08-13 04:05:00,664.381906465
2018-08-13 04:06:00,664.381906465
2018-08-13 04:07:00,664.381906465
2018-08-13 04:08:00,664.381906465
2018-08-13 04:09:00,664.381906465
2018-08-13 04:10:00,664.381906465
2018-08-13 04:11:00,664.381906465
2018-08-13 04:12:00,664.381906465
2018-08-13 04:13:00,664.381906465
2018-08-13 04:14:00,664.381906465
2018-08-13 04:15:00,664.381906465
2018-08-13 04:16:00,664.381906465
2018-08-13 04:17:00,664.381906465
2018-08-13 04:18:00,664.381906465
2018-08-13 04:19:00,664.381906465
2018-08-13 04:20:00,664.381906465
2018-08-13 04:21:00,664.381906465
2018-08-13 04:22:00,664.381906465
2018-08-13 04:23:00,664.381906465
2018-08-13 04:24:00,664.381906465
2018-08-13 04:25:00,664.381906465
2018-08-13 04:26:00,664.381906465
2018-08-13 04:27:00,664.381906465
2018-08-13 04:28:00,664.381906465
2018-08-13 04:29:00,664.381906465
2018-08-13 04:30:00,664.381906465
2018-08-13 04:31:00,664.381906465
2018-08-13 04:32:00,664.381906465
2018-08-13 04:33:00,664.381906465
2018-08-13 04:34:00,664.381906465
2018-08-13 04:35:00,664.381906465
2018-08-13 04:36:00,664.381906465
2018-08-13 04:37:00,664.381906465
2018-08-13 04:38:00,664.381906465
2018-08-13 04:39:00,664.381906465
2018-08-13 04:40:00,664.381906465
2018-08-13 04:41:00,664.381906465
2018-08-13 04:42:00,664.381906465
2018-08-13 04:43:00,664.381906465
2018-08-13 04:44:00,664.381906465
2018-08-13 04:45:00,664.381906465
2018-08-13 04:46:00,674.641781577
2018-08-13 04:47:00,674.641781577
2018-08-13 04:48:00,674.641781577
2018-08-13 04:49:00,674.641781577
2018-08-13 04:50:00,674.641781577
2018-08-13 04:51:00,684.90165669
2018-08-13 04:52:00,684.90165669
2018-08-13 04:53:00,684.90165669
2018-08-13 04:54:00,695.161531802
2018-08-13 04:55:00,695.161531802
2018-08-13 04:56:00,715.681282027
2018-08-13 04:57:00,736.201032252
2018-08-13 04:58:00,725.94115714
2018-08-13 04:59:00,746.460907365
2018-08-13 05:00:00,746.460907365
2018-08-13 05:01:00,746.460907365
2018-08-13 05:02:00,746.460907365
2018-08-13 05:03:00,746.460907365
2018-08-13 05:04:00,746.460907365
2018-08-13 05:05:00,746.460907365
2018-08-13 05:06:00,746.460907365
2018-08-13 05:07:00,746.460907365
2018-08-13 05:08:00,746.460907365
2018-08-13 05:09:00,746.460907365
2018-08-13 05:10:00,746.460907365
2018-08-13 05:11:00,746.460907365
2018-08-13 05:12:00,746.460907365
2018-08-13 05:13:00,746.460907365
2018-08-13 05:14:00,746.460907365
2018-08-13 05:15:00,746.460907365
2018-08-13 05:16:00,736.201032252
2018-08-13 05:17:00,705.421406915
2018-08-13 05:18:00,715.681282027
2018-08-13 05:19:00,715.681282027
2018-08-13 05:20:00,715.681282027
2018-08-13 05:21:00,715.681282027
2018-08-13 05:22:00,715.681282027
2018-08-13 05:23:00,715.681282027
2018-08-13 05:24:00,715.681282027
2018-08-13 05:25:00,715.681282027
2018-08-13 05:26:00,715.681282027
2018-08-13 05:27:00,715.681282027
2018-08-13 05:28:00,725.94115714
2018-08-13 05:29:00,736.201032252
2018-08-13 05:30:00,736.201032252
2018-08-13 05:31:00,736.201032252
2018-08-13 05:32:00,725.94115714
2018-08-13 05:33:00,725.94115714
2018-08-13 05:34:00,725.94115714
2018-08-13 05:35:00,725.94115714
2018-08-13 05:36:00,736.201032252
2018-08-13 05:37:00,736.201032252
2018-08-13 05:38:00,736.201032252
2018-08-13 05:39:00,736.201032252
2018-08-13 05:40:00,736.201032252
2018-08-13 05:41:00,736.201032252
2018-08-13 05:42:00,736.201032252
2018-08-13 05:43:00,736.201032252
2018-08-13 05:44:00,736.201032252
2018-08-13 05:45:00,736.201032252
2018-08-13 05:46:00,736.201032252
2018-08-13 05:47:00,736.201032252
2018-08-13 05:48:00,736.201032252
2018-08-13 05:49:00,736.201032252
2018-08-13 05:50:00,736.201032252
2018-08-13 05:51:00,736.201032252
2018-08-13 05:52:00,736.201032252
2018-08-13 05:53:00,736.201032252
2018-08-13 05:54:00,736.201032252
2018-08-13 05:55:00,736.201032252
2018-08-13 05:56:00,736.201032252
2018-08-13 05:57:00,725.94115714
2018-08-13 05:58:00,715.681282027
2018-08-13 05:59:00,715.681282027
2018-08-13 06:00:00,725.94115714
2018-08-13 06:01:00,725.94115714
2018-08-13 06:02:00,725.94115714
2018-08-13 06:03:00,725.94115714
2018-08-13 06:04:00,715.681282027
2018-08-13 06:05:00,715.681282027
2018-08-13 06:06:00,715.681282027
2018-08-13 06:07:00,715.681282027
2018-08-13 06:08:00,715.681282027
2018-08-13 06:09:00,705.421406915
2018-08-13 06:10:00,705.421406915
2018-08-13 06:11:00,705.421406915
2018-08-13 06:12:00,715.681282027
2018-08-13 06:13:00,715.681282027
2018-08-13 06:14:00,725.94115714
2018-08-13 06:15:00,725.94115714
2018-08-13 06:16:00,725.94115714
2018-08-13 06:17:00,725.94115714
2018-08-13 06:18:00,725.94115714
2018-08-13 06:19:00,725.94115714
2018-08-13 06:20:00,725.94115714
2018-08-13 06:21:00,725.94115714
2018-08-13 06:22:00,715.681282027
2018-08-13 06:23:00,725.94115714
2018-08-13 06:24:00,725.94115714
2018-08-13 06:25:00,725.94115714
2018-08-13 06:26:00,725.94115714
2018-08-13 06:27:00,725.94115714
2018-08-13 06:28:00,725.94115714
2018-08-13 06:29:00,725.94115714
2018-08-13 06:30:00,725.94115714
2018-08-13 06:31:00,725.94115714
2018-08-13 06:32:00,736.201032252
2018-08-13 06:33:00,736.201032252
2018-08-13 06:34:00,736.201032252
2018-08-13 06:35:00,736.201032252
2018-08-13 06:36:00,725.94115714
2018-08-13 06:37:00,736.201032252
2018-08-13 06:38:00,736.201032252
2018-08-13 06:39:00,736.201032252
2018-08-13 06:40:00,736.201032252
2018-08-13 06:41:00,736.201032252
2018-08-13 06:42:00,736.201032252
2018-08-13 06:43:00,736.201032252
2018-08-13 06:44:00,736.201032252
2018-08-13 06:45:00,736.201032252
2018-08-13 06:46:00,736.201032252
2018-08-13 06:47:00,736.201032252
2018-08-13 06:48:00,736.201032252
2018-08-13 06:49:00,736.201032252
2018-08-13 06:50:00,736.201032252
2018-08-13 06:51:00,736.201032252
2018-08-13 06:52:00,725.94115714
2018-08-13 06:53:00,715.681282027
2018-08-13 06:54:00,684.90165669
2018-08-13 06:55:00,664.381906465
2018-08-13 06:56:00,643.86215624
2018-08-13 06:57:00,674.641781577
2018-08-13 06:58:00,674.641781577
2018-08-13 06:59:00,654.122031352
2018-08-13 07:00:00,633.602281127
2018-08-13 07:01:00,674.641781577
2018-08-13 07:02:00,664.381906465
2018-08-13 07:03:00,684.90165669
2018-08-13 07:04:00,674.641781577
2018-08-13 07:05:00,674.641781577
2018-08-13 07:06:00,654.122031352
2018-08-13 07:07:00,684.90165669
2018-08-13 07:08:00,695.161531802
2018-08-13 07:09:00,695.161531802
2018-08-13 07:10:00,695.161531802
2018-08-13 07:11:00,695.161531802
2018-08-13 07:12:00,664.381906465
2018-08-13 07:13:00,674.641781577
2018-08-13 07:14:00,684.90165669
2018-08-13 07:15:00,684.90165669
2018-08-13 07:16:00,664.381906465
2018-08-13 07:17:00,674.641781577
2018-08-13 07:18:00,674.641781577
2018-08-13 07:19:00,664.381906465
2018-08-13 07:20:00,674.641781577
2018-08-13 07:21:00,674.641781577
2018-08-13 07:22:00,654.122031352
2018-08-13 07:23:00,664.381906465
2018-08-13 07:24:00,654.122031352
2018-08-13 07:25:00,633.602281127
2018-08-13 07:26:00,633.602281127
2018-08-13 07:27:00,643.86215624
2018-08-13 07:28:00,633.602281127
2018-08-13 07:29:00,633.602281127
2018-08-13 07:30:00,633.602281127
2018-08-13 07:31:00,633.602281127
2018-08-13 07:32:00,633.602281127
2018-08-13 07:33:00,643.86215624
2018-08-13 07:34:00,643.86215624
2018-08-13 07:35:00,623.342406015
2018-08-13 07:36:00,633.602281127
2018-08-13 07:37:00,643.86215624
2018-08-13 07:38:00,643.86215624
2018-08-13 07:39:00,643.86215624
2018-08-13 07:40:00,643.86215624
2018-08-13 07:41:00,643.86215624
2018-08-13 07:42:00,643.86215624
2018-08-13 07:43:00,643.86215624
2018-08-13 07:44:00,633.602281127
2018-08-13 07:45:00,633.602281127
2018-08-13 07:46:00,633.602281127
2018-08-13 07:47:00,613.082530902
2018-08-13 07:48:00,613.082530902
2018-08-13 07:49:00,613.082530902
2018-08-13 07:50:00,613.082530902
2018-08-13 07:51:00,613.082530902
2018-08-13 07:52:00,613.082530902
2018-08-13 07:53:00,613.082530902
2018-08-13 07:54:00,613.082530902
2018-08-13 07:55:00,633.602281127
2018-08-13 07:56:00,633.602281127
2018-08-13 07:57:00,623.342406015
2018-08-13 07:58:00,613.082530902
2018-08-13 07:59:00,592.562780677
2018-08-13 08:00:00,582.302905565
2018-08-13 08:01:00,582.302905565
2018-08-13 08:02:00,582.302905565
2018-08-13 08:03:00,582.302905565
2018-08-13 08:04:00,582.302905565
2018-08-13 08:05:00,582.302905565
2018-08-13 08:06:00,582.302905565
2018-08-13 08:07:00,582.302905565
2018-08-13 08:08:00,592.562780677
2018-08-13 08:09:00,582.302905565
2018-08-13 08:10:00,582.302905565
2018-08-13 08:11:00,582.302905565
2018-08-13 08:12:00,582.302905565
2018-08-13 08:13:00,582.302905565
2018-08-13 08:14:00,582.302905565
2018-08-13 08:15:00,592.562780677
2018-08-13 08:16:00,592.562780677
2018-08-13 08:17:00,592.562780677
2018-08-13 08:18:00,592.562780677
2018-08-13 08:19:00,592.562780677
2018-08-13 08:20:00,592.562780677
2018-08-13 08:21:00,592.562780677
2018-08-13 08:22:00,592.562780677
2018-08-13 08:23:00,592.562780677
2018-08-13 08:24:00,592.562780677
2018-08-13 08:25:00,602.82265579
2018-08-13 08:26:00,592.562780677
2018-08-13 08:27:00,592.562780677
2018-08-13 08:28:00,592.562780677
2018-08-13 08:29:00,592.562780677
2018-08-13 08:30:00,592.562780677
2018-08-13 08:31:00,613.082530902
2018-08-13 08:32:00,602.82265579
2018-08-13 08:33:00,602.82265579
2018-08-13 08:34:00,592.562780677
2018-08-13 08:35:00,592.562780677
2018-08-13 08:36:00,592.562780677
2018-08-13 08:37:00,592.562780677
2018-08-13 08:38:00,613.082530902
2018-08-13 08:39:00,613.082530902
2018-08-13 08:40:00,613.082530902
2018-08-13 08:41:00,602.82265579
2018-08-13 08:42:00,613.082530902
2018-08-13 08:43:00,613.082530902
2018-08-13 08:44:00,613.082530902
2018-08-13 08:45:00,613.082530902
2018-08-13 08:46:00,613.082530902
2018-08-13 08:47:00,623.342406015
2018-08-13 08:48:00,623.342406015
2018-08-13 08:49:00,613.082530902
2018-08-13 08:50:00,613.082530902
2018-08-13 08:51:00,623.342406015
2018-08-13 08:52:00,613.082530902
2018-08-13 08:53:00,613.082530902
2018-08-13 08:54:00,613.082530902
2018-08-13 08:55:00,613.082530902
2018-08-13 08:56:00,623.342406015
2018-08-13 08:57:00,623.342406015
2018-08-13 08:58:00,623.342406015
2018-08-13 08:59:00,623.342406015
2018-08-13 09:00:00,613.082530902
2018-08-13 09:01:00,623.342406015
2018-08-13 09:02:00,623.342406015
2018-08-13 09:03:00,623.342406015
2018-08-13 09:04:00,623.342406015
2018-08-13 09:05:00,623.342406015
2018-08-13 09:06:00,623.342406015
2018-08-13 09:07:00,613.082530902
2018-08-13 09:08:00,613.082530902
2018-08-13 09:09:00,613.082530902
2018-08-13 09:10:00,602.82265579
2018-08-13 09:11:00,582.302905565
2018-08-13 09:12:00,582.302905565
2018-08-13 09:13:00,582.302905565
2018-08-13 09:14:00,582.302905565
2018-08-13 09:15:00,582.302905565
2018-08-13 09:16:00,582.302905565
2018-08-13 09:17:00,582.302905565
2018-08-13 09:18:00,582.302905565
2018-08-13 09:19:00,582.302905565
2018-08-13 09:20:00,582.302905565
2018-08-13 09:21:00,582.302905565
2018-08-13 09:22:00,582.302905565
2018-08-13 09:23:00,582.302905565
2018-08-13 09:24:00,582.302905565
2018-08-13 09:25:00,582.302905565
2018-08-13 09:26:00,582.302905565
2018-08-13 09:27:00,582.302905565
2018-08-13 09:28:00,582.302905565
2018-08-13 09:29:00,582.302905565
2018-08-13 09:30:00,582.302905565
2018-08-13 09:31:00,582.302905565
2018-08-13 09:32:00,582.302905565
2018-08-13 09:33:00,582.302905565
2018-08-13 09:34:00,592.562780677
2018-08-13 09:35:00,592.562780677
2018-08-13 09:36:00,592.562780677
2018-08-13 09:37:00,592.562780677
2018-08-13 09:38:00,592.562780677
2018-08-13 09:39:00,592.562780677
2018-08-13 09:40:00,592.562780677
2018-08-13 09:41:00,592.562780677
2018-08-13 09:42:00,592.562780677
2018-08-13 09:43:00,592.562780677
2018-08-13 09:44:00,592.562780677
2018-08-13 09:45:00,572.043030452
2018-08-13 09:46:00,572.043030452
2018-08-13 09:47:00,572.043030452
2018-08-13 09:48:00,572.043030452
2018-08-13 09:49:00,572.043030452
2018-08-13 09:50:00,572.043030452
2018-08-13 09:51:00,572.043030452
2018-08-13 09:52:00,572.043030452
2018-08-13 09:53:00,582.302905565
2018-08-13 09:54:00,582.302905565
2018-08-13 09:55:00,582.302905565
2018-08-13 09:56:00,582.302905565
2018-08-13 09:57:00,582.302905565
2018-08-13 09:58:00,592.562780677
2018-08-13 09:59:00,582.302905565
2018-08-13 10:00:00,582.302905565
2018-08-13 10:01:00,582.302905565
2018-08-13 10:02:00,582.302905565
2018-08-13 10:03:00,582.302905565
2018-08-13 10:04:00,582.302905565
2018-08-13 10:05:00,572.043030452
2018-08-13 10:06:00,582.302905565
2018-08-13 10:07:00,582.302905565
2018-08-13 10:08:00,582.302905565
2018-08-13 10:09:00,582.302905565
2018-08-13 10:10:00,582.302905565
2018-08-13 10:11:00,592.562780677
2018-08-13 10:12:00,592.562780677
2018-08-13 10:13:00,592.562780677
2018-08-13 10:14:00,592.562780677
2018-08-13 10:15:00,592.562780677
2018-08-13 10:16:00,592.562780677
2018-08-13 10:17:00,592.562780677
2018-08-13 10:18:00,592.562780677
2018-08-13 10:19:00,592.562780677
2018-08-13 10:20:00,592.562780677
2018-08-13 10:21:00,592.562780677
2018-08-13 10:22:00,592.562780677
2018-08-13 10:23:00,592.562780677
2018-08-13 10:24:00,592.562780677
2018-08-13 10:25:00,592.562780677
2018-08-13 10:26:00,592.562780677
2018-08-13 10:27:00,592.562780677
2018-08-13 10:28:00,592.562780677
2018-08-13 10:29:00,613.082530902
2018-08-13 10:30:00,613.082530902
2018-08-13 10:31:00,613.082530902
2018-08-13 10:32:00,602.82265579
2018-08-13 10:33:00,602.82265579
2018-08-13 10:34:00,613.082530902
2018-08-13 10:35:00,613.082530902
2018-08-13 10:36:00,613.082530902
2018-08-13 10:37:00,613.082530902
2018-08-13 10:38:00,633.602281127
2018-08-13 10:39:00,633.602281127
2018-08-13 10:40:00,633.602281127
2018-08-13 10:41:00,633.602281127
2018-08-13 10:42:00,633.602281127
2018-08-13 10:43:00,592.562780677
2018-08-13 10:44:00,592.562780677
2018-08-13 10:45:00,602.82265579
2018-08-13 10:46:00,602.82265579
2018-08-13 10:47:00,602.82265579
2018-08-13 10:48:00,602.82265579
2018-08-13 10:49:00,602.82265579
2018-08-13 10:50:00,613.082530902
2018-08-13 10:51:00,613.082530902
2018-08-13 10:52:00,654.122031352
2018-08-13 10:53:00,654.122031352
2018-08-13 10:54:00,664.381906465
2018-08-13 10:55:00,674.641781577
2018-08-13 10:56:00,664.381906465
2018-08-13 10:57:00,664.381906465
2018-08-13 10:58:00,664.381906465
2018-08-13 10:59:00,664.381906465
2018-08-13 11:00:00,664.381906465
2018-08-13 11:01:00,664.381906465
2018-08-13 11:02:00,674.641781577
2018-08-13 11:03:00,674.641781577
2018-08-13 11:04:00,674.641781577
2018-08-13 11:05:00,674.641781577
2018-08-13 11:06:00,674.641781577
2018-08-13 11:07:00,674.641781577
2018-08-13 11:08:00,674.641781577
2018-08-13 11:09:00,674.641781577
2018-08-13 11:10:00,674.641781577
2018-08-13 11:11:00,664.381906465
2018-08-13 11:12:00,664.381906465
2018-08-13 11:13:00,664.381906465
2018-08-13 11:14:00,664.381906465
2018-08-13 11:15:00,664.381906465
2018-08-13 11:16:00,664.381906465
2018-08-13 11:17:00,664.381906465
2018-08-13 11:18:00,674.641781577
2018-08-13 11:19:00,674.641781577
2018-08-13 11:20:00,674.641781577
2018-08-13 11:21:00,674.641781577
2018-08-13 11:22:00,674.641781577
2018-08-13 11:23:00,674.641781577
2018-08-13 11:24:00,674.641781577
2018-08-13 11:25:00,674.641781577
2018-08-13 11:26:00,674.641781577
2018-08-13 11:27:00,674.641781577
2018-08-13 11:28:00,674.641781577
2018-08-13 11:29:00,674.641781577
2018-08-13 11:30:00,674.641781577
2018-08-13 11:31:00,674.641781577
2018-08-13 11:32:00,674.641781577
2018-08-13 11:33:00,674.641781577
2018-08-13 11:34:00,674.641781577
2018-08-13 11:35:00,674.641781577
2018-08-13 11:36:00,674.641781577
2018-08-13 11:37:00,674.641781577
2018-08-13 11:38:00,674.641781577
2018-08-13 11:39:00,674.641781577
2018-08-13 11:40:00,674.641781577
2018-08-13 11:41:00,674.641781577
2018-08-13 11:42:00,674.641781577
2018-08-13 11:43:00,674.641781577
2018-08-13 11:44:00,674.641781577
2018-08-13 11:45:00,674.641781577
2018-08-13 11:46:00,674.641781577
2018-08-13 11:47:00,674.641781577
2018-08-13 11:48:00,664.381906465
2018-08-13 11:49:00,664.381906465
2018-08-13 11:50:00,664.381906465
2018-08-13 11:51:00,654.122031352
2018-08-13 11:52:00,654.122031352
2018-08-13 11:53:00,654.122031352
2018-08-13 11:54:00,654.122031352
2018-08-13 11:55:00,654.122031352
2018-08-13 11:56:00,654.122031352
2018-08-13 11:57:00,654.122031352
2018-08-13 11:58:00,664.381906465
2018-08-13 11:59:00,654.122031352
2018-08-14 01:29:00,592.561959887
2018-08-14 01:30:00,602.821835
2018-08-14 01:31:00,602.821835
2018-08-14 01:32:00,602.821835
2018-08-14 01:33:00,561.78233455
2018-08-14 01:34:00,561.78233455
2018-08-14 01:35:00,572.042209662
2018-08-14 01:36:00,561.78233455
2018-08-14 01:37:00,561.78233455
2018-08-14 01:38:00,561.78233455
2018-08-14 01:39:00,561.78233455
2018-08-14 01:40:00,561.78233455
2018-08-14 01:41:00,561.78233455
2018-08-14 01:42:00,561.78233455
2018-08-14 01:43:00,572.042209662
2018-08-14 01:44:00,561.78233455
2018-08-14 01:45:00,561.78233455
2018-08-14 01:46:00,551.522459437
2018-08-14 01:47:00,551.522459437
2018-08-14 01:48:00,551.522459437
2018-08-14 01:49:00,551.522459437
2018-08-14 01:50:00,551.522459437
2018-08-14 01:51:00,551.522459437
2018-08-14 01:52:00,561.78233455
2018-08-14 01:53:00,551.522459437
2018-08-14 01:54:00,551.522459437
2018-08-14 01:55:00,551.522459437
2018-08-14 01:56:00,551.522459437
2018-08-14 01:57:00,551.522459437
2018-08-14 01:58:00,551.522459437
2018-08-14 01:59:00,561.78233455
2018-08-14 02:00:00,541.262584325
2018-08-14 02:01:00,510.482958987
2018-08-14 02:02:00,520.7428341
2018-08-14 02:03:00,520.7428341
2018-08-14 02:04:00,510.482958987
2018-08-14 02:05:00,510.482958987
2018-08-14 02:06:00,500.223083875
2018-08-14 02:07:00,510.482958987
2018-08-14 02:08:00,531.002709212
2018-08-14 02:09:00,541.262584325
2018-08-14 02:10:00,531.002709212
2018-08-14 02:11:00,520.7428341
2018-08-14 02:12:00,520.7428341
2018-08-14 02:13:00,541.262584325
2018-08-14 02:14:00,531.002709212
2018-08-14 02:15:00,531.002709212
2018-08-14 02:16:00,531.002709212
2018-08-14 02:17:00,520.7428341
2018-08-14 02:18:00,531.002709212
2018-08-14 02:19:00,531.002709212
2018-08-14 02:20:00,531.002709212
2018-08-14 02:21:00,531.002709212
2018-08-14 02:22:00,531.002709212
2018-08-14 02:23:00,531.002709212
2018-08-14 02:24:00,531.002709212
2018-08-14 02:25:00,551.522459437
2018-08-14 02:26:00,531.002709212
2018-08-14 02:27:00,531.002709212
2018-08-14 02:28:00,531.002709212
2018-08-14 02:29:00,510.482958987
2018-08-14 02:30:00,520.7428341
2018-08-14 02:31:00,510.482958987
2018-08-14 02:32:00,520.7428341
2018-08-14 02:33:00,510.482958987
2018-08-14 02:34:00,510.482958987
2018-08-14 02:35:00,510.482958987
2018-08-14 02:36:00,510.482958987
2018-08-14 02:37:00,520.7428341
2018-08-14 02:38:00,510.482958987
2018-08-14 02:39:00,500.223083875
2018-08-14 02:40:00,489.963208762
2018-08-14 02:41:00,489.963208762
2018-08-14 02:42:00,489.963208762
2018-08-14 02:43:00,489.963208762
2018-08-14 02:44:00,489.963208762
2018-08-14 02:45:00,489.963208762
2018-08-14 02:46:00,489.963208762
2018-08-14 02:47:00,489.963208762
2018-08-14 02:48:00,489.963208762
2018-08-14 02:49:00,489.963208762
2018-08-14 02:50:00,500.223083875
2018-08-14 02:51:00,489.963208762
2018-08-14 02:52:00,489.963208762
2018-08-14 02:53:00,479.70333365
2018-08-14 02:54:00,479.70333365
2018-08-14 02:55:00,479.70333365
2018-08-14 02:56:00,479.70333365
2018-08-14 02:57:00,459.183583425
2018-08-14 02:58:00,438.6638332
2018-08-14 02:59:00,418.144082975
2018-08-14 03:00:00,418.144082975
2018-08-14 03:01:00,407.884207862
2018-08-14 03:02:00,397.62433275
2018-08-14 03:03:00,407.884207862
2018-08-14 03:04:00,407.884207862
2018-08-14 03:05:00,407.884207862
2018-08-14 03:06:00,407.884207862
2018-08-14 03:07:00,418.144082975
2018-08-14 03:08:00,418.144082975
2018-08-14 03:09:00,407.884207862
2018-08-14 03:10:00,418.144082975
2018-08-14 03:11:00,418.144082975
2018-08-14 03:12:00,418.144082975
2018-08-14 03:13:00,418.144082975
2018-08-14 03:14:00,418.144082975
2018-08-14 03:15:00,448.923708312
2018-08-14 03:16:00,448.923708312
2018-08-14 03:17:00,448.923708312
2018-08-14 03:18:00,448.923708312
2018-08-14 03:19:00,438.6638332
2018-08-14 03:20:00,469.443458537
2018-08-14 03:21:00,459.183583425
2018-08-14 03:22:00,459.183583425
2018-08-14 03:23:00,459.183583425
2018-08-14 03:24:00,459.183583425
2018-08-14 03:25:00,479.70333365
2018-08-14 03:26:00,469.443458537
2018-08-14 03:27:00,469.443458537
2018-08-14 03:28:00,469.443458537
2018-08-14 03:29:00,459.183583425
2018-08-14 03:30:00,448.923708312
2018-08-14 03:31:00,448.923708312
2018-08-14 03:32:00,448.923708312
2018-08-14 03:33:00,469.443458537
2018-08-14 03:34:00,469.443458537
2018-08-14 03:35:00,469.443458537
2018-08-14 03:36:00,469.443458537
2018-08-14 03:37:00,479.70333365
2018-08-14 03:38:00,479.70333365
2018-08-14 03:39:00,510.482958987
2018-08-14 03:40:00,510.482958987
2018-08-14 03:41:00,500.223083875
2018-08-14 03:42:00,500.223083875
2018-08-14 03:43:00,510.482958987
2018-08-14 03:44:00,510.482958987
2018-08-14 03:45:00,489.963208762
2018-08-14 03:46:00,469.443458537
2018-08-14 03:47:00,469.443458537
2018-08-14 03:48:00,469.443458537
2018-08-14 03:49:00,469.443458537
2018-08-14 03:50:00,469.443458537
2018-08-14 03:51:00,469.443458537
2018-08-14 03:52:00,469.443458537
2018-08-14 03:53:00,469.443458537
2018-08-14 03:54:00,469.443458537
2018-08-14 03:55:00,479.70333365
2018-08-14 03:56:00,479.70333365
2018-08-14 03:57:00,479.70333365
2018-08-14 03:58:00,479.70333365
2018-08-14 03:59:00,510.482958987
2018-08-14 04:00:00,510.482958987
2018-08-14 04:01:00,479.70333365
2018-08-14 04:02:00,479.70333365
2018-08-14 04:03:00,489.963208762
2018-08-14 04:04:00,479.70333365
2018-08-14 04:05:00,479.70333365
2018-08-14 04:06:00,479.70333365
2018-08-14 04:07:00,479.70333365
2018-08-14 04:08:00,479.70333365
2018-08-14 04:09:00,479.70333365
2018-08-14 04:10:00,469.443458537
2018-08-14 04:11:00,469.443458537
2018-08-14 04:12:00,469.443458537
2018-08-14 04:13:00,469.443458537
2018-08-14 04:14:00,469.443458537
2018-08-14 04:15:00,469.443458537
2018-08-14 04:16:00,469.443458537
2018-08-14 04:17:00,469.443458537
2018-08-14 04:18:00,469.443458537
2018-08-14 04:19:00,469.443458537
2018-08-14 04:20:00,469.443458537
2018-08-14 04:21:00,459.183583425
2018-08-14 04:22:00,469.443458537
2018-08-14 04:23:00,469.443458537
2018-08-14 04:24:00,479.70333365
2018-08-14 04:25:00,479.70333365
2018-08-14 04:26:00,479.70333365
2018-08-14 04:27:00,479.70333365
2018-08-14 04:28:00,479.70333365
2018-08-14 04:29:00,479.70333365
2018-08-14 04:30:00,479.70333365
2018-08-14 04:31:00,479.70333365
2018-08-14 04:32:00,479.70333365
2018-08-14 04:33:00,489.963208762
2018-08-14 04:34:00,489.963208762
2018-08-14 04:35:00,489.963208762
2018-08-14 04:36:00,489.963208762
2018-08-14 04:37:00,489.963208762
2018-08-14 04:38:00,489.963208762
2018-08-14 04:39:00,489.963208762
2018-08-14 04:40:00,489.963208762
2018-08-14 04:41:00,489.963208762
2018-08-14 04:42:00,489.963208762
2018-08-14 04:43:00,479.70333365
2018-08-14 04:44:00,459.183583425
2018-08-14 04:45:00,459.183583425
2018-08-14 04:46:00,459.183583425
2018-08-14 04:47:00,459.183583425
2018-08-14 04:48:00,459.183583425
2018-08-14 04:49:00,459.183583425
2018-08-14 04:50:00,459.183583425
2018-08-14 04:51:00,469.443458537
2018-08-14 04:52:00,459.183583425
2018-08-14 04:53:00,459.183583425
2018-08-14 04:54:00,459.183583425
2018-08-14 04:55:00,459.183583425
2018-08-14 04:56:00,459.183583425
2018-08-14 04:57:00,459.183583425
2018-08-14 04:58:00,459.183583425
2018-08-14 04:59:00,459.183583425
2018-08-14 05:00:00,479.70333365
2018-08-14 05:01:00,479.70333365
2018-08-14 05:02:00,448.923708312
2018-08-14 05:03:00,459.183583425
2018-08-14 05:04:00,469.443458537
2018-08-14 05:05:00,469.443458537
2018-08-14 05:06:00,459.183583425
2018-08-14 05:07:00,459.183583425
2018-08-14 05:08:00,469.443458537
2018-08-14 05:09:00,469.443458537
2018-08-14 05:10:00,469.443458537
2018-08-14 05:11:00,469.443458537
2018-08-14 05:12:00,469.443458537
2018-08-14 05:13:00,469.443458537
2018-08-14 05:14:00,469.443458537
2018-08-14 05:15:00,469.443458537
2018-08-14 05:16:00,469.443458537
2018-08-14 05:17:00,459.183583425
2018-08-14 05:18:00,459.183583425
2018-08-14 05:19:00,459.183583425
2018-08-14 05:20:00,459.183583425
2018-08-14 05:21:00,459.183583425
2018-08-14 05:22:00,469.443458537
2018-08-14 05:23:00,459.183583425
2018-08-14 05:24:00,459.183583425
2018-08-14 05:25:00,459.183583425
2018-08-14 05:26:00,459.183583425
2018-08-14 05:27:00,459.183583425
2018-08-14 05:28:00,459.183583425
2018-08-14 05:29:00,459.183583425
2018-08-14 05:30:00,459.183583425
2018-08-14 05:31:00,469.443458537
2018-08-14 05:32:00,469.443458537
2018-08-14 05:33:00,448.923708312
2018-08-14 05:34:00,459.183583425
2018-08-14 05:35:00,469.443458537
2018-08-14 05:36:00,469.443458537
2018-08-14 05:37:00,469.443458537
2018-08-14 05:38:00,469.443458537
2018-08-14 05:39:00,469.443458537
2018-08-14 05:40:00,479.70333365
2018-08-14 05:41:00,479.70333365
2018-08-14 05:42:00,479.70333365
2018-08-14 05:43:00,479.70333365
2018-08-14 05:44:00,479.70333365
2018-08-14 05:45:00,469.443458537
2018-08-14 05:46:00,459.183583425
2018-08-14 05:47:00,489.963208762
2018-08-14 05:48:00,489.963208762
2018-08-14 05:49:00,489.963208762
2018-08-14 05:50:00,489.963208762
2018-08-14 05:51:00,479.70333365
2018-08-14 05:52:00,489.963208762
2018-08-14 05:53:00,489.963208762
2018-08-14 05:54:00,489.963208762
2018-08-14 05:55:00,489.963208762
2018-08-14 05:56:00,489.963208762
2018-08-14 05:57:00,489.963208762
2018-08-14 05:58:00,489.963208762
2018-08-14 05:59:00,489.963208762
2018-08-14 06:00:00,500.223083875
2018-08-14 06:01:00,489.963208762
2018-08-14 06:02:00,489.963208762
2018-08-14 06:03:00,500.223083875
2018-08-14 06:04:00,500.223083875
2018-08-14 06:05:00,500.223083875
2018-08-14 06:06:00,510.482958987
2018-08-14 06:07:00,510.482958987
2018-08-14 06:08:00,510.482958987
2018-08-14 06:09:00,510.482958987
2018-08-14 06:10:00,510.482958987
2018-08-14 06:11:00,510.482958987
2018-08-14 06:12:00,510.482958987
2018-08-14 06:13:00,510.482958987
2018-08-14 06:14:00,510.482958987
2018-08-14 06:15:00,500.223083875
2018-08-14 06:16:00,510.482958987
2018-08-14 06:17:00,510.482958987
2018-08-14 06:18:00,510.482958987
2018-08-14 06:19:00,510.482958987
2018-08-14 06:20:00,510.482958987
2018-08-14 06:21:00,510.482958987
2018-08-14 06:22:00,510.482958987
2018-08-14 06:23:00,510.482958987
2018-08-14 06:24:00,510.482958987
2018-08-14 06:25:00,510.482958987
2018-08-14 06:26:00,510.482958987
2018-08-14 06:27:00,510.482958987
2018-08-14 06:28:00,510.482958987
2018-08-14 06:29:00,510.482958987
2018-08-14 06:30:00,500.223083875
2018-08-14 06:31:00,500.223083875
2018-08-14 06:32:00,500.223083875
2018-08-14 06:33:00,500.223083875
2018-08-14 06:34:00,500.223083875
2018-08-14 06:35:00,510.482958987
2018-08-14 06:36:00,510.482958987
2018-08-14 06:37:00,510.482958987
2018-08-14 06:38:00,510.482958987
2018-08-14 06:39:00,510.482958987
2018-08-14 06:40:00,510.482958987
2018-08-14 06:41:00,510.482958987
2018-08-14 06:42:00,520.7428341
2018-08-14 06:43:00,531.002709212
2018-08-14 06:44:00,531.002709212
2018-08-14 06:45:00,520.7428341
2018-08-14 06:46:00,510.482958987
2018-08-14 06:47:00,510.482958987
2018-08-14 06:48:00,510.482958987
2018-08-14 06:49:00,510.482958987
2018-08-14 06:50:00,510.482958987
2018-08-14 06:51:00,510.482958987
2018-08-14 06:52:00,510.482958987
2018-08-14 06:53:00,510.482958987
2018-08-14 06:54:00,510.482958987
2018-08-14 06:55:00,520.7428341
2018-08-14 06:56:00,510.482958987
2018-08-14 06:57:00,520.7428341
2018-08-14 06:58:00,520.7428341
2018-08-14 06:59:00,510.482958987
2018-08-14 07:00:00,510.482958987
2018-08-14 07:01:00,520.7428341
2018-08-14 07:02:00,520.7428341
2018-08-14 07:03:00,520.7428341
2018-08-14 07:04:00,510.482958987
2018-08-14 07:05:00,510.482958987
2018-08-14 07:06:00,510.482958987
2018-08-14 07:07:00,510.482958987
2018-08-14 07:08:00,510.482958987
2018-08-14 07:09:00,510.482958987
2018-08-14 07:10:00,510.482958987
2018-08-14 07:11:00,510.482958987
2018-08-14 07:12:00,520.7428341
2018-08-14 07:13:00,520.7428341
2018-08-14 07:14:00,520.7428341
2018-08-14 07:15:00,510.482958987
2018-08-14 07:16:00,510.482958987
2018-08-14 07:17:00,510.482958987
2018-08-14 07:18:00,510.482958987
2018-08-14 07:19:00,510.482958987
2018-08-14 07:20:00,520.7428341
2018-08-14 07:21:00,520.7428341
2018-08-14 07:22:00,520.7428341
2018-08-14 07:23:00,531.002709212
2018-08-14 07:24:00,531.002709212
2018-08-14 07:25:00,531.002709212
2018-08-14 07:26:00,531.002709212
2018-08-14 07:27:00,520.7428341
2018-08-14 07:28:00,520.7428341
2018-08-14 07:29:00,520.7428341
2018-08-14 07:30:00,531.002709212
2018-08-14 07:31:00,520.7428341
2018-08-14 07:32:00,510.482958987
2018-08-14 07:33:00,510.482958987
2018-08-14 07:34:00,510.482958987
2018-08-14 07:35:00,510.482958987
2018-08-14 07:36:00,520.7428341
2018-08-14 07:37:00,520.7428341
2018-08-14 07:38:00,520.7428341
2018-08-14 07:39:00,520.7428341
2018-08-14 07:40:00,520.7428341
2018-08-14 07:41:00,520.7428341
2018-08-14 07:42:00,520.7428341
2018-08-14 07:43:00,520.7428341
2018-08-14 07:44:00,510.482958987
2018-08-14 07:45:00,520.7428341
2018-08-14 07:46:00,541.262584325
2018-08-14 07:47:00,541.262584325
2018-08-14 07:48:00,541.262584325
2018-08-14 07:49:00,541.262584325
2018-08-14 07:50:00,541.262584325
2018-08-14 07:51:00,541.262584325
2018-08-14 07:52:00,541.262584325
2018-08-14 07:53:00,541.262584325
2018-08-14 07:54:00,541.262584325
2018-08-14 07:55:00,541.262584325
2018-08-14 07:56:00,541.262584325
2018-08-14 07:57:00,541.262584325
2018-08-14 07:58:00,541.262584325
2018-08-14 07:59:00,541.262584325
2018-08-14 08:00:00,551.522459437
2018-08-14 08:01:00,551.522459437
2018-08-14 08:02:00,551.522459437
2018-08-14 08:03:00,551.522459437
2018-08-14 08:04:00,561.78233455
2018-08-14 08:05:00,561.78233455
2018-08-14 08:06:00,561.78233455
2018-08-14 08:07:00,561.78233455
2018-08-14 08:08:00,561.78233455
2018-08-14 08:09:00,551.522459437
2018-08-14 08:10:00,551.522459437
2018-08-14 08:11:00,551.522459437
2018-08-14 08:12:00,551.522459437
2018-08-14 08:13:00,551.522459437
2018-08-14 08:14:00,551.522459437
2018-08-14 08:15:00,551.522459437
2018-08-14 08:16:00,551.522459437
2018-08-14 08:17:00,551.522459437
2018-08-14 08:18:00,551.522459437
2018-08-14 08:19:00,551.522459437
2018-08-14 08:20:00,551.522459437
2018-08-14 08:21:00,541.262584325
2018-08-14 08:22:00,551.522459437
2018-08-14 08:23:00,551.522459437
2018-08-14 08:24:00,551.522459437
2018-08-14 08:25:00,551.522459437
2018-08-14 08:26:00,551.522459437
2018-08-14 08:27:00,551.522459437
2018-08-14 08:28:00,551.522459437
2018-08-14 08:29:00,551.522459437
2018-08-14 08:30:00,561.78233455
2018-08-14 08:31:00,561.78233455
2018-08-14 08:32:00,561.78233455
2018-08-14 08:33:00,561.78233455
2018-08-14 08:34:00,561.78233455
2018-08-14 08:35:00,561.78233455
2018-08-14 08:36:00,572.042209662
2018-08-14 08:37:00,572.042209662
2018-08-14 08:38:00,572.042209662
2018-08-14 08:39:00,572.042209662
2018-08-14 08:40:00,572.042209662
2018-08-14 08:41:00,572.042209662
2018-08-14 08:42:00,572.042209662
2018-08-14 08:43:00,572.042209662
2018-08-14 08:44:00,572.042209662
2018-08-14 08:45:00,572.042209662
2018-08-14 08:46:00,572.042209662
2018-08-14 08:47:00,572.042209662
2018-08-14 08:48:00,572.042209662
2018-08-14 08:49:00,572.042209662
2018-08-14 08:50:00,572.042209662
2018-08-14 08:51:00,572.042209662
2018-08-14 08:52:00,572.042209662
2018-08-14 08:53:00,572.042209662
2018-08-14 08:54:00,572.042209662
2018-08-14 08:55:00,572.042209662
2018-08-14 08:56:00,572.042209662
2018-08-14 08:57:00,572.042209662
2018-08-14 08:58:00,572.042209662
2018-08-14 08:59:00,572.042209662
2018-08-14 09:00:00,572.042209662
2018-08-14 09:01:00,572.042209662
2018-08-14 09:02:00,572.042209662
2018-08-14 09:03:00,572.042209662
2018-08-14 09:04:00,592.561959887
2018-08-14 09:05:00,592.561959887
2018-08-14 09:06:00,592.561959887
2018-08-14 09:07:00,592.561959887
2018-08-14 09:08:00,592.561959887
2018-08-14 09:09:00,592.561959887
2018-08-14 09:10:00,592.561959887
2018-08-14 09:11:00,582.302084775
2018-08-14 09:12:00,582.302084775
2018-08-14 09:13:00,572.042209662
2018-08-14 09:14:00,572.042209662
2018-08-14 09:15:00,582.302084775
2018-08-14 09:16:00,572.042209662
2018-08-14 09:17:00,572.042209662
2018-08-14 09:18:00,582.302084775
2018-08-14 09:19:00,572.042209662
2018-08-14 09:20:00,551.522459437
2018-08-14 09:21:00,551.522459437
2018-08-14 09:22:00,551.522459437
2018-08-14 09:23:00,551.522459437
2018-08-14 09:24:00,572.042209662
2018-08-14 09:25:00,572.042209662
2018-08-14 09:26:00,551.522459437
2018-08-14 09:27:00,551.522459437
2018-08-14 09:28:00,561.78233455
2018-08-14 09:29:00,572.042209662
2018-08-14 09:30:00,572.042209662
2018-08-14 09:31:00,561.78233455
2018-08-14 09:32:00,561.78233455
2018-08-14 09:33:00,561.78233455
2018-08-14 09:34:00,561.78233455
2018-08-14 09:35:00,561.78233455
2018-08-14 09:36:00,561.78233455
2018-08-14 09:37:00,561.78233455
2018-08-14 09:38:00,561.78233455
2018-08-14 09:39:00,561.78233455
2018-08-14 09:40:00,561.78233455
2018-08-14 09:41:00,561.78233455
2018-08-14 09:42:00,561.78233455
2018-08-14 09:43:00,561.78233455
2018-08-14 09:44:00,541.262584325
2018-08-14 09:45:00,541.262584325
2018-08-14 09:46:00,541.262584325
2018-08-14 09:47:00,541.262584325
2018-08-14 09:48:00,541.262584325
2018-08-14 09:49:00,541.262584325
2018-08-14 09:50:00,541.262584325
2018-08-14 09:51:00,541.262584325
2018-08-14 09:52:00,541.262584325
2018-08-14 09:53:00,541.262584325
2018-08-14 09:54:00,541.262584325
2018-08-14 09:55:00,541.262584325
2018-08-14 09:56:00,541.262584325
2018-08-14 09:57:00,541.262584325
2018-08-14 09:58:00,541.262584325
2018-08-14 09:59:00,541.262584325
2018-08-14 10:00:00,541.262584325
2018-08-14 10:01:00,541.262584325
2018-08-14 10:02:00,541.262584325
2018-08-14 10:03:00,561.78233455
2018-08-14 10:04:00,561.78233455
2018-08-14 10:05:00,561.78233455
2018-08-14 10:06:00,561.78233455
2018-08-14 10:07:00,561.78233455
2018-08-14 10:08:00,561.78233455
2018-08-14 10:09:00,541.262584325
2018-08-14 10:10:00,541.262584325
2018-08-14 10:11:00,551.522459437
2018-08-14 10:12:00,561.78233455
2018-08-14 10:13:00,572.042209662
2018-08-14 10:14:00,572.042209662
2018-08-14 10:15:00,572.042209662
2018-08-14 10:16:00,572.042209662
2018-08-14 10:17:00,572.042209662
2018-08-14 10:18:00,572.042209662
2018-08-14 10:19:00,572.042209662
2018-08-14 10:20:00,572.042209662
2018-08-14 10:21:00,572.042209662
2018-08-14 10:22:00,572.042209662
2018-08-14 10:23:00,572.042209662
2018-08-14 10:24:00,572.042209662
2018-08-14 10:25:00,561.78233455
2018-08-14 10:26:00,561.78233455
2018-08-14 10:27:00,561.78233455
2018-08-14 10:28:00,561.78233455
2018-08-14 10:29:00,561.78233455
2018-08-14 10:30:00,561.78233455
2018-08-14 10:31:00,561.78233455
2018-08-14 10:32:00,561.78233455
2018-08-14 10:33:00,572.042209662
2018-08-14 10:34:00,572.042209662
2018-08-14 10:35:00,572.042209662
2018-08-14 10:36:00,572.042209662
2018-08-14 10:37:00,572.042209662
2018-08-14 10:38:00,572.042209662
2018-08-14 10:39:00,572.042209662
2018-08-14 10:40:00,561.78233455
2018-08-14 10:41:00,561.78233455
2018-08-14 10:42:00,561.78233455
2018-08-14 10:43:00,561.78233455
2018-08-14 10:44:00,561.78233455
2018-08-14 10:45:00,561.78233455
2018-08-14 10:46:00,572.042209662
2018-08-14 10:47:00,572.042209662
2018-08-14 10:48:00,572.042209662
2018-08-14 10:49:00,572.042209662
2018-08-14 10:50:00,561.78233455
2018-08-14 10:51:00,572.042209662
2018-08-14 10:52:00,572.042209662
2018-08-14 10:53:00,561.78233455
2018-08-14 10:54:00,572.042209662
2018-08-14 10:55:00,572.042209662
2018-08-14 10:56:00,561.78233455
2018-08-14 10:57:00,561.78233455
2018-08-14 10:58:00,561.78233455
2018-08-14 10:59:00,561.78233455
2018-08-14 11:00:00,561.78233455
2018-08-14 11:01:00,561.78233455
2018-08-14 11:02:00,561.78233455
2018-08-14 11:03:00,561.78233455
2018-08-14 11:04:00,561.78233455
2018-08-14 11:05:00,561.78233455
2018-08-14 11:06:00,561.78233455
2018-08-14 11:07:00,561.78233455
2018-08-14 11:08:00,561.78233455
2018-08-14 11:09:00,561.78233455
2018-08-14 11:10:00,561.78233455
2018-08-14 11:11:00,561.78233455
2018-08-14 11:12:00,561.78233455
2018-08-14 11:13:00,561.78233455
2018-08-14 11:14:00,561.78233455
2018-08-14 11:15:00,561.78233455
2018-08-14 11:16:00,561.78233455
2018-08-14 11:17:00,561.78233455
2018-08-14 11:18:00,561.78233455
2018-08-14 11:19:00,561.78233455
2018-08-14 11:20:00,561.78233455
2018-08-14 11:21:00,561.78233455
2018-08-14 11:22:00,561.78233455
2018-08-14 11:23:00,561.78233455
2018-08-14 11:24:00,561.78233455
2018-08-14 11:25:00,561.78233455
2018-08-14 11:26:00,561.78233455
2018-08-14 11:27:00,561.78233455
2018-08-14 11:28:00,561.78233455
2018-08-14 11:29:00,561.78233455
2018-08-14 11:30:00,561.78233455
2018-08-14 11:31:00,561.78233455
2018-08-14 11:32:00,561.78233455
2018-08-14 11:33:00,561.78233455
2018-08-14 11:34:00,561.78233455
2018-08-14 11:35:00,561.78233455
2018-08-14 11:36:00,561.78233455
2018-08-14 11:37:00,561.78233455
2018-08-14 11:38:00,561.78233455
2018-08-14 11:39:00,561.78233455
2018-08-14 11:40:00,561.78233455
2018-08-14 11:41:00,561.78233455
2018-08-14 11:42:00,561.78233455
2018-08-14 11:43:00,561.78233455
2018-08-14 11:44:00,561.78233455
2018-08-14 11:45:00,561.78233455
2018-08-14 11:46:00,561.78233455
2018-08-14 11:47:00,561.78233455
2018-08-14 11:48:00,561.78233455
2018-08-14 11:49:00,561.78233455
2018-08-14 11:50:00,561.78233455
2018-08-14 11:51:00,561.78233455
2018-08-14 11:52:00,561.78233455
2018-08-14 11:53:00,561.78233455
2018-08-14 11:54:00,561.78233455
2018-08-14 11:55:00,561.78233455
2018-08-14 11:56:00,561.78233455
2018-08-14 11:57:00,561.78233455
2018-08-14 11:58:00,561.78233455
2018-08-14 11:59:00,551.522459437
2018-08-15 01:29:00,520.74201331
2018-08-15 01:30:00,582.301263985
2018-08-15 01:31:00,572.041388872
2018-08-15 01:32:00,572.041388872
2018-08-15 01:33:00,572.041388872
2018-08-15 01:34:00,572.041388872
2018-08-15 01:35:00,572.041388872
2018-08-15 01:36:00,572.041388872
2018-08-15 01:37:00,572.041388872
2018-08-15 01:38:00,572.041388872
2018-08-15 01:39:00,572.041388872
2018-08-15 01:40:00,572.041388872
2018-08-15 01:41:00,561.78151376
2018-08-15 01:42:00,561.78151376
2018-08-15 01:43:00,561.78151376
2018-08-15 01:44:00,561.78151376
2018-08-15 01:45:00,561.78151376
2018-08-15 01:46:00,561.78151376
2018-08-15 01:47:00,561.78151376
2018-08-15 01:48:00,561.78151376
2018-08-15 01:49:00,561.78151376
2018-08-15 01:50:00,561.78151376
2018-08-15 01:51:00,561.78151376
2018-08-15 01:52:00,561.78151376
2018-08-15 01:53:00,561.78151376
2018-08-15 01:54:00,561.78151376
2018-08-15 01:55:00,561.78151376
2018-08-15 01:56:00,561.78151376
2018-08-15 01:57:00,561.78151376
2018-08-15 01:58:00,561.78151376
2018-08-15 01:59:00,561.78151376
2018-08-15 02:00:00,572.041388872
2018-08-15 02:01:00,592.561139097
2018-08-15 02:02:00,572.041388872
2018-08-15 02:03:00,572.041388872
2018-08-15 02:04:00,582.301263985
2018-08-15 02:05:00,572.041388872
2018-08-15 02:06:00,572.041388872
2018-08-15 02:07:00,572.041388872
2018-08-15 02:08:00,572.041388872
2018-08-15 02:09:00,572.041388872
2018-08-15 02:10:00,561.78151376
2018-08-15 02:11:00,561.78151376
2018-08-15 02:12:00,572.041388872
2018-08-15 02:13:00,572.041388872
2018-08-15 02:14:00,572.041388872
2018-08-15 02:15:00,572.041388872
2018-08-15 02:16:00,561.78151376
2018-08-15 02:17:00,551.521638647
2018-08-15 02:18:00,551.521638647
2018-08-15 02:19:00,551.521638647
2018-08-15 02:20:00,551.521638647
2018-08-15 02:21:00,551.521638647
2018-08-15 02:22:00,561.78151376
2018-08-15 02:23:00,551.521638647
2018-08-15 02:24:00,551.521638647
2018-08-15 02:25:00,551.521638647
2018-08-15 02:26:00,551.521638647
2018-08-15 02:27:00,551.521638647
2018-08-15 02:28:00,551.521638647
2018-08-15 02:29:00,551.521638647
2018-08-15 02:30:00,572.041388872
2018-08-15 02:31:00,572.041388872
2018-08-15 02:32:00,572.041388872
2018-08-15 02:33:00,572.041388872
2018-08-15 02:34:00,572.041388872
2018-08-15 02:35:00,572.041388872
2018-08-15 02:36:00,572.041388872
2018-08-15 02:37:00,572.041388872
2018-08-15 02:38:00,572.041388872
2018-08-15 02:39:00,572.041388872
2018-08-15 02:40:00,572.041388872
2018-08-15 02:41:00,572.041388872
2018-08-15 02:42:00,572.041388872
2018-08-15 02:43:00,572.041388872
2018-08-15 02:44:00,572.041388872
2018-08-15 02:45:00,572.041388872
2018-08-15 02:46:00,572.041388872
2018-08-15 02:47:00,572.041388872
2018-08-15 02:48:00,572.041388872
2018-08-15 02:49:00,572.041388872
2018-08-15 02:50:00,572.041388872
2018-08-15 02:51:00,572.041388872
2018-08-15 02:52:00,572.041388872
2018-08-15 02:53:00,572.041388872
2018-08-15 02:54:00,572.041388872
2018-08-15 02:55:00,572.041388872
2018-08-15 02:56:00,572.041388872
2018-08-15 02:57:00,572.041388872
2018-08-15 02:58:00,582.301263985
2018-08-15 02:59:00,582.301263985
2018-08-15 03:00:00,582.301263985
2018-08-15 03:01:00,572.041388872
2018-08-15 03:02:00,582.301263985
2018-08-15 03:03:00,561.78151376
2018-08-15 03:04:00,561.78151376
2018-08-15 03:05:00,582.301263985
2018-08-15 03:06:00,582.301263985
2018-08-15 03:07:00,613.080889322
2018-08-15 03:08:00,602.82101421
2018-08-15 03:09:00,613.080889322
2018-08-15 03:10:00,613.080889322
2018-08-15 03:11:00,613.080889322
2018-08-15 03:12:00,613.080889322
2018-08-15 03:13:00,602.82101421
2018-08-15 03:14:00,602.82101421
2018-08-15 03:15:00,602.82101421
2018-08-15 03:16:00,592.561139097
2018-08-15 03:17:00,592.561139097
2018-08-15 03:18:00,582.301263985
2018-08-15 03:19:00,582.301263985
2018-08-15 03:20:00,582.301263985
2018-08-15 03:21:00,561.78151376
2018-08-15 03:22:00,572.041388872
2018-08-15 03:23:00,572.041388872
2018-08-15 03:24:00,572.041388872
2018-08-15 03:25:00,561.78151376
2018-08-15 03:26:00,551.521638647
2018-08-15 03:27:00,551.521638647
2018-08-15 03:28:00,561.78151376
2018-08-15 03:29:00,551.521638647
2018-08-15 03:30:00,582.301263985
2018-08-15 03:31:00,582.301263985
2018-08-15 03:32:00,592.561139097
2018-08-15 03:33:00,592.561139097
2018-08-15 03:34:00,592.561139097
2018-08-15 03:35:00,582.301263985
2018-08-15 03:36:00,592.561139097
2018-08-15 03:37:00,592.561139097
2018-08-15 03:38:00,592.561139097
2018-08-15 03:39:00,592.561139097
2018-08-15 03:40:00,592.561139097
2018-08-15 03:41:00,592.561139097
2018-08-15 03:42:00,592.561139097
2018-08-15 03:43:00,592.561139097
2018-08-15 03:44:00,582.301263985
2018-08-15 03:45:00,582.301263985
2018-08-15 03:46:00,582.301263985
2018-08-15 03:47:00,582.301263985
2018-08-15 03:48:00,582.301263985
2018-08-15 03:49:00,582.301263985
2018-08-15 03:50:00,572.041388872
2018-08-15 03:51:00,572.041388872
2018-08-15 03:52:00,572.041388872
2018-08-15 03:53:00,572.041388872
2018-08-15 03:54:00,572.041388872
2018-08-15 03:55:00,572.041388872
2018-08-15 03:56:00,572.041388872
2018-08-15 03:57:00,572.041388872
2018-08-15 03:58:00,572.041388872
2018-08-15 03:59:00,582.301263985
2018-08-15 04:00:00,572.041388872
2018-08-15 04:01:00,572.041388872
2018-08-15 04:02:00,572.041388872
2018-08-15 04:03:00,572.041388872
2018-08-15 04:04:00,572.041388872
2018-08-15 04:05:00,592.561139097
2018-08-15 04:06:00,592.561139097
2018-08-15 04:07:00,592.561139097
2018-08-15 04:08:00,592.561139097
2018-08-15 04:09:00,592.561139097
2018-08-15 04:10:00,592.561139097
2018-08-15 04:11:00,592.561139097
2018-08-15 04:12:00,592.561139097
2018-08-15 04:13:00,592.561139097
2018-08-15 04:14:00,592.561139097
2018-08-15 04:15:00,592.561139097
2018-08-15 04:16:00,592.561139097
2018-08-15 04:17:00,592.561139097
2018-08-15 04:18:00,592.561139097
2018-08-15 04:19:00,592.561139097
2018-08-15 04:20:00,592.561139097
2018-08-15 04:21:00,592.561139097
2018-08-15 04:22:00,582.301263985
2018-08-15 04:23:00,582.301263985
2018-08-15 04:24:00,582.301263985
2018-08-15 04:25:00,582.301263985
2018-08-15 04:26:00,592.561139097
2018-08-15 04:27:00,592.561139097
2018-08-15 04:28:00,602.82101421
2018-08-15 04:29:00,602.82101421
2018-08-15 04:30:00,602.82101421
2018-08-15 04:31:00,602.82101421
2018-08-15 04:32:00,602.82101421
2018-08-15 04:33:00,602.82101421
2018-08-15 04:34:00,602.82101421
2018-08-15 04:35:00,602.82101421
2018-08-15 04:36:00,602.82101421
2018-08-15 04:37:00,602.82101421
2018-08-15 04:38:00,602.82101421
2018-08-15 04:39:00,613.080889322
2018-08-15 04:40:00,613.080889322
2018-08-15 04:41:00,613.080889322
2018-08-15 04:42:00,613.080889322
2018-08-15 04:43:00,613.080889322
2018-08-15 04:44:00,613.080889322
2018-08-15 04:45:00,613.080889322
2018-08-15 04:46:00,613.080889322
2018-08-15 04:47:00,613.080889322
2018-08-15 04:48:00,613.080889322
2018-08-15 04:49:00,613.080889322
2018-08-15 04:50:00,613.080889322
2018-08-15 04:51:00,613.080889322
2018-08-15 04:52:00,613.080889322
2018-08-15 04:53:00,613.080889322
2018-08-15 04:54:00,623.340764435
2018-08-15 04:55:00,623.340764435
2018-08-15 04:56:00,633.600639547
2018-08-15 04:57:00,633.600639547
2018-08-15 04:58:00,633.600639547
2018-08-15 04:59:00,633.600639547
2018-08-15 05:00:00,633.600639547
2018-08-15 05:01:00,633.600639547
2018-08-15 05:02:00,633.600639547
2018-08-15 05:03:00,633.600639547
2018-08-15 05:04:00,633.600639547
2018-08-15 05:05:00,633.600639547
2018-08-15 05:06:00,633.600639547
2018-08-15 05:07:00,654.120389772
2018-08-15 05:08:00,654.120389772
2018-08-15 05:09:00,654.120389772
2018-08-15 05:10:00,654.120389772
2018-08-15 05:11:00,654.120389772
2018-08-15 05:12:00,643.86051466
2018-08-15 05:13:00,633.600639547
2018-08-15 05:14:00,633.600639547
2018-08-15 05:15:00,633.600639547
2018-08-15 05:16:00,623.340764435
2018-08-15 05:17:00,633.600639547
2018-08-15 05:18:00,633.600639547
2018-08-15 05:19:00,633.600639547
2018-08-15 05:20:00,633.600639547
2018-08-15 05:21:00,643.86051466
2018-08-15 05:22:00,633.600639547
2018-08-15 05:23:00,633.600639547
2018-08-15 05:24:00,633.600639547
2018-08-15 05:25:00,633.600639547
2018-08-15 05:26:00,654.120389772
2018-08-15 05:27:00,654.120389772
2018-08-15 05:28:00,654.120389772
2018-08-15 05:29:00,654.120389772
2018-08-15 05:30:00,643.86051466
2018-08-15 05:31:00,643.86051466
2018-08-15 05:32:00,654.120389772
2018-08-15 05:33:00,654.120389772
2018-08-15 05:34:00,654.120389772
2018-08-15 05:35:00,654.120389772
2018-08-15 05:36:00,654.120389772
2018-08-15 05:37:00,654.120389772
2018-08-15 05:38:00,654.120389772
2018-08-15 05:39:00,654.120389772
2018-08-15 05:40:00,654.120389772
2018-08-15 05:41:00,654.120389772
2018-08-15 05:42:00,654.120389772
2018-08-15 05:43:00,664.380264885
2018-08-15 05:44:00,664.380264885
2018-08-15 05:45:00,664.380264885
2018-08-15 05:46:00,674.640139997
2018-08-15 05:47:00,674.640139997
2018-08-15 05:48:00,674.640139997
2018-08-15 05:49:00,674.640139997
2018-08-15 05:50:00,674.640139997
2018-08-15 05:51:00,674.640139997
2018-08-15 05:52:00,664.380264885
2018-08-15 05:53:00,664.380264885
2018-08-15 05:54:00,664.380264885
2018-08-15 05:55:00,684.90001511
2018-08-15 05:56:00,674.640139997
2018-08-15 05:57:00,674.640139997
2018-08-15 05:58:00,674.640139997
2018-08-15 05:59:00,674.640139997
2018-08-15 06:00:00,674.640139997
2018-08-15 06:01:00,674.640139997
2018-08-15 06:02:00,674.640139997
2018-08-15 06:03:00,674.640139997
2018-08-15 06:04:00,674.640139997
2018-08-15 06:05:00,674.640139997
2018-08-15 06:06:00,674.640139997
2018-08-15 06:07:00,674.640139997
2018-08-15 06:08:00,674.640139997
2018-08-15 06:09:00,674.640139997
2018-08-15 06:10:00,674.640139997
2018-08-15 06:11:00,674.640139997
2018-08-15 06:12:00,674.640139997
2018-08-15 06:13:00,674.640139997
2018-08-15 06:14:00,674.640139997
2018-08-15 06:15:00,674.640139997
2018-08-15 06:16:00,674.640139997
2018-08-15 06:17:00,674.640139997
2018-08-15 06:18:00,674.640139997
2018-08-15 06:19:00,674.640139997
2018-08-15 06:20:00,684.90001511
2018-08-15 06:21:00,684.90001511
2018-08-15 06:22:00,684.90001511
2018-08-15 06:23:00,684.90001511
2018-08-15 06:24:00,684.90001511
2018-08-15 06:25:00,695.159890222
2018-08-15 06:26:00,695.159890222
2018-08-15 06:27:00,684.90001511
2018-08-15 06:28:00,684.90001511
2018-08-15 06:29:00,684.90001511
2018-08-15 06:30:00,684.90001511
2018-08-15 06:31:00,684.90001511
2018-08-15 06:32:00,695.159890222
2018-08-15 06:33:00,695.159890222
2018-08-15 06:34:00,695.159890222
2018-08-15 06:35:00,715.679640447
2018-08-15 06:36:00,715.679640447
2018-08-15 06:37:00,715.679640447
2018-08-15 06:38:00,715.679640447
2018-08-15 06:39:00,715.679640447
2018-08-15 06:40:00,736.199390672
2018-08-15 06:41:00,725.93951556
2018-08-15 06:42:00,725.93951556
2018-08-15 06:43:00,715.679640447
2018-08-15 06:44:00,715.679640447
2018-08-15 06:45:00,725.93951556
2018-08-15 06:46:00,736.199390672
2018-08-15 06:47:00,736.199390672
2018-08-15 06:48:00,725.93951556
2018-08-15 06:49:00,736.199390672
2018-08-15 06:50:00,736.199390672
2018-08-15 06:51:00,725.93951556
2018-08-15 06:52:00,725.93951556
2018-08-15 06:53:00,725.93951556
2018-08-15 06:54:00,725.93951556
2018-08-15 06:55:00,725.93951556
2018-08-15 06:56:00,736.199390672
2018-08-15 06:57:00,725.93951556
2018-08-15 06:58:00,725.93951556
2018-08-15 06:59:00,725.93951556
2018-08-15 07:00:00,715.679640447
2018-08-15 07:01:00,725.93951556
2018-08-15 07:02:00,725.93951556
2018-08-15 07:03:00,725.93951556
2018-08-15 07:04:00,725.93951556
2018-08-15 07:05:00,705.419765335
2018-08-15 07:06:00,705.419765335
2018-08-15 07:07:00,705.419765335
2018-08-15 07:08:00,705.419765335
2018-08-15 07:09:00,705.419765335
2018-08-15 07:10:00,684.90001511
2018-08-15 07:11:00,674.640139997
2018-08-15 07:12:00,684.90001511
2018-08-15 07:13:00,684.90001511
2018-08-15 07:14:00,705.419765335
2018-08-15 07:15:00,705.419765335
2018-08-15 07:16:00,715.679640447
2018-08-15 07:17:00,715.679640447
2018-08-15 07:18:00,705.419765335
2018-08-15 07:19:00,695.159890222
2018-08-15 07:20:00,684.90001511
2018-08-15 07:21:00,684.90001511
2018-08-15 07:22:00,684.90001511
2018-08-15 07:23:00,674.640139997
2018-08-15 07:24:00,674.640139997
2018-08-15 07:25:00,705.419765335
2018-08-15 07:26:00,705.419765335
2018-08-15 07:27:00,715.679640447
2018-08-15 07:28:00,695.159890222
2018-08-15 07:29:00,695.159890222
2018-08-15 07:30:00,695.159890222
2018-08-15 07:31:00,715.679640447
2018-08-15 07:32:00,695.159890222
2018-08-15 07:33:00,695.159890222
2018-08-15 07:34:00,715.679640447
2018-08-15 07:35:00,715.679640447
2018-08-15 07:36:00,705.419765335
2018-08-15 07:37:00,715.679640447
2018-08-15 07:38:00,715.679640447
2018-08-15 07:39:00,705.419765335
2018-08-15 07:40:00,705.419765335
2018-08-15 07:41:00,705.419765335
2018-08-15 07:42:00,705.419765335
2018-08-15 07:43:00,705.419765335
2018-08-15 07:44:00,705.419765335
2018-08-15 07:45:00,705.419765335
2018-08-15 07:46:00,705.419765335
2018-08-15 07:47:00,705.419765335
2018-08-15 07:48:00,705.419765335
2018-08-15 07:49:00,705.419765335
2018-08-15 07:50:00,695.159890222
2018-08-15 07:51:00,684.90001511
2018-08-15 07:52:00,684.90001511
2018-08-15 07:53:00,684.90001511
2018-08-15 07:54:00,705.419765335
2018-08-15 07:55:00,705.419765335
2018-08-15 07:56:00,715.679640447
2018-08-15 07:57:00,715.679640447
2018-08-15 07:58:00,736.199390672
2018-08-15 07:59:00,725.93951556
2018-08-15 08:00:00,715.679640447
2018-08-15 08:01:00,725.93951556
2018-08-15 08:02:00,725.93951556
2018-08-15 08:03:00,725.93951556
2018-08-15 08:04:00,725.93951556
2018-08-15 08:05:00,725.93951556
2018-08-15 08:06:00,725.93951556
2018-08-15 08:07:00,725.93951556
2018-08-15 08:08:00,725.93951556
2018-08-15 08:09:00,725.93951556
2018-08-15 08:10:00,715.679640447
2018-08-15 08:11:00,715.679640447
2018-08-15 08:12:00,715.679640447
2018-08-15 08:13:00,725.93951556
2018-08-15 08:14:00,715.679640447
2018-08-15 08:15:00,715.679640447
2018-08-15 08:16:00,705.419765335
2018-08-15 08:17:00,715.679640447
2018-08-15 08:18:00,725.93951556
2018-08-15 08:19:00,705.419765335
2018-08-15 08:20:00,705.419765335
2018-08-15 08:21:00,705.419765335
2018-08-15 08:22:00,705.419765335
2018-08-15 08:23:00,705.419765335
2018-08-15 08:24:00,705.419765335
2018-08-15 08:25:00,705.419765335
2018-08-15 08:26:00,705.419765335
2018-08-15 08:27:00,725.93951556
2018-08-15 08:28:00,715.679640447
2018-08-15 08:29:00,725.93951556
2018-08-15 08:30:00,736.199390672
2018-08-15 08:31:00,736.199390672
2018-08-15 08:32:00,736.199390672
2018-08-15 08:33:00,725.93951556
2018-08-15 08:34:00,725.93951556
2018-08-15 08:35:00,725.93951556
2018-08-15 08:36:00,725.93951556
2018-08-15 08:37:00,705.419765335
2018-08-15 08:38:00,715.679640447
2018-08-15 08:39:00,705.419765335
2018-08-15 08:40:00,715.679640447
2018-08-15 08:41:00,715.679640447
2018-08-15 08:42:00,705.419765335
2018-08-15 08:43:00,705.419765335
2018-08-15 08:44:00,715.679640447
2018-08-15 08:45:00,715.679640447
2018-08-15 08:46:00,715.679640447
2018-08-15 08:47:00,725.93951556
2018-08-15 08:48:00,725.93951556
2018-08-15 08:49:00,725.93951556
2018-08-15 08:50:00,725.93951556
2018-08-15 08:51:00,725.93951556
2018-08-15 08:52:00,725.93951556
2018-08-15 08:53:00,705.419765335
2018-08-15 08:54:00,705.419765335
2018-08-15 08:55:00,715.679640447
2018-08-15 08:56:00,715.679640447
2018-08-15 08:57:00,705.419765335
2018-08-15 08:58:00,705.419765335
2018-08-15 08:59:00,715.679640447
2018-08-15 09:00:00,736.199390672
2018-08-15 09:01:00,736.199390672
2018-08-15 09:02:00,736.199390672
2018-08-15 09:03:00,736.199390672
2018-08-15 09:04:00,736.199390672
2018-08-15 09:05:00,736.199390672
2018-08-15 09:06:00,736.199390672
2018-08-15 09:07:00,746.459265785
2018-08-15 09:08:00,756.719140897
2018-08-15 09:09:00,756.719140897
2018-08-15 09:10:00,777.238891122
2018-08-15 09:11:00,766.97901601
2018-08-15 09:12:00,756.719140897
2018-08-15 09:13:00,746.459265785
2018-08-15 09:14:00,756.719140897
2018-08-15 09:15:00,756.719140897
2018-08-15 09:16:00,736.199390672
2018-08-15 09:17:00,756.719140897
2018-08-15 09:18:00,746.459265785
2018-08-15 09:19:00,756.719140897
2018-08-15 09:20:00,756.719140897
2018-08-15 09:21:00,746.459265785
2018-08-15 09:22:00,746.459265785
2018-08-15 09:23:00,736.199390672
2018-08-15 09:24:00,746.459265785
2018-08-15 09:25:00,746.459265785
2018-08-15 09:26:00,746.459265785
2018-08-15 09:27:00,756.719140897
2018-08-15 09:28:00,756.719140897
2018-08-15 09:29:00,746.459265785
2018-08-15 09:30:00,777.238891122
2018-08-15 09:31:00,777.238891122
2018-08-15 09:32:00,777.238891122
2018-08-15 09:33:00,777.238891122
2018-08-15 09:34:00,777.238891122
2018-08-15 09:35:00,777.238891122
2018-08-15 09:36:00,777.238891122
2018-08-15 09:37:00,777.238891122
2018-08-15 09:38:00,777.238891122
2018-08-15 09:39:00,777.238891122
2018-08-15 09:40:00,777.238891122
2018-08-15 09:41:00,777.238891122
2018-08-15 09:42:00,777.238891122
2018-08-15 09:43:00,777.238891122
2018-08-15 09:44:00,777.238891122
2018-08-15 09:45:00,787.498766235
2018-08-15 09:46:00,787.498766235
2018-08-15 09:47:00,787.498766235
2018-08-15 09:48:00,797.758641347
2018-08-15 09:49:00,797.758641347
2018-08-15 09:50:00,797.758641347
2018-08-15 09:51:00,797.758641347
2018-08-15 09:52:00,797.758641347
2018-08-15 09:53:00,797.758641347
2018-08-15 09:54:00,797.758641347
2018-08-15 09:55:00,808.01851646
2018-08-15 09:56:00,808.01851646
2018-08-15 09:57:00,808.01851646
2018-08-15 09:58:00,818.278391572
2018-08-15 09:59:00,818.278391572
2018-08-15 10:00:00,828.538266685
2018-08-15 10:01:00,818.278391572
2018-08-15 10:02:00,818.278391572
2018-08-15 10:03:00,818.278391572
2018-08-15 10:04:00,818.278391572
2018-08-15 10:05:00,818.278391572
2018-08-15 10:06:00,818.278391572
2018-08-15 10:07:00,818.278391572
2018-08-15 10:08:00,818.278391572
2018-08-15 10:09:00,787.498766235
2018-08-15 10:10:00,787.498766235
2018-08-15 10:11:00,787.498766235
2018-08-15 10:12:00,787.498766235
2018-08-15 10:13:00,808.01851646
2018-08-15 10:14:00,808.01851646
2018-08-15 10:15:00,808.01851646
2018-08-15 10:16:00,808.01851646
2018-08-15 10:17:00,818.278391572
2018-08-15 10:18:00,808.01851646
2018-08-15 10:19:00,808.01851646
2018-08-15 10:20:00,808.01851646
2018-08-15 10:21:00,808.01851646
2018-08-15 10:22:00,808.01851646
2018-08-15 10:23:00,808.01851646
2018-08-15 10:24:00,808.01851646
2018-08-15 10:25:00,787.498766235
2018-08-15 10:26:00,787.498766235
2018-08-15 10:27:00,787.498766235
2018-08-15 10:28:00,787.498766235
2018-08-15 10:29:00,797.758641347
2018-08-15 10:30:00,808.01851646
2018-08-15 10:31:00,787.498766235
2018-08-15 10:32:00,787.498766235
2018-08-15 10:33:00,787.498766235
2018-08-15 10:34:00,797.758641347
2018-08-15 10:35:00,787.498766235
2018-08-15 10:36:00,797.758641347
2018-08-15 10:37:00,787.498766235
2018-08-15 10:38:00,797.758641347
2018-08-15 10:39:00,797.758641347
2018-08-15 10:40:00,797.758641347
2018-08-15 10:41:00,797.758641347
2018-08-15 10:42:00,787.498766235
2018-08-15 10:43:00,797.758641347
2018-08-15 10:44:00,797.758641347
2018-08-15 10:45:00,797.758641347
2018-08-15 10:46:00,797.758641347
2018-08-15 10:47:00,787.498766235
2018-08-15 10:48:00,787.498766235
2018-08-15 10:49:00,787.498766235
2018-08-15 10:50:00,787.498766235
2018-08-15 10:51:00,777.238891122
2018-08-15 10:52:00,777.238891122
2018-08-15 10:53:00,777.238891122
2018-08-15 10:54:00,787.498766235
2018-08-15 10:55:00,787.498766235
2018-08-15 10:56:00,787.498766235
2018-08-15 10:57:00,787.498766235
2018-08-15 10:58:00,787.498766235
2018-08-15 10:59:00,777.238891122
2018-08-15 11:00:00,777.238891122
2018-08-15 11:01:00,777.238891122
2018-08-15 11:02:00,777.238891122
2018-08-15 11:03:00,787.498766235
2018-08-15 11:04:00,787.498766235
2018-08-15 11:05:00,787.498766235
2018-08-15 11:06:00,808.01851646
2018-08-15 11:07:00,797.758641347
2018-08-15 11:08:00,787.498766235
2018-08-15 11:09:00,787.498766235
2018-08-15 11:10:00,787.498766235
2018-08-15 11:11:00,787.498766235
2018-08-15 11:12:00,787.498766235
2018-08-15 11:13:00,787.498766235
2018-08-15 11:14:00,787.498766235
2018-08-15 11:15:00,787.498766235
2018-08-15 11:16:00,787.498766235
2018-08-15 11:17:00,787.498766235
2018-08-15 11:18:00,787.498766235
2018-08-15 11:19:00,787.498766235
2018-08-15 11:20:00,787.498766235
2018-08-15 11:21:00,787.498766235
2018-08-15 11:22:00,787.498766235
2018-08-15 11:23:00,787.498766235
2018-08-15 11:24:00,777.238891122
2018-08-15 11:25:00,777.238891122
2018-08-15 11:26:00,787.498766235
2018-08-15 11:27:00,787.498766235
2018-08-15 11:28:00,787.498766235
2018-08-15 11:29:00,787.498766235
2018-08-15 11:30:00,766.97901601
2018-08-15 11:31:00,777.238891122
2018-08-15 11:32:00,766.97901601
2018-08-15 11:33:00,766.97901601
2018-08-15 11:34:00,777.238891122
2018-08-15 11:35:00,766.97901601
2018-08-15 11:36:00,766.97901601
2018-08-15 11:37:00,766.97901601
2018-08-15 11:38:00,777.238891122
2018-08-15 11:39:00,777.238891122
2018-08-15 11:40:00,777.238891122
2018-08-15 11:41:00,787.498766235
2018-08-15 11:42:00,787.498766235
2018-08-15 11:43:00,787.498766235
2018-08-15 11:44:00,787.498766235
2018-08-15 11:45:00,787.498766235
2018-08-15 11:46:00,787.498766235
2018-08-15 11:47:00,787.498766235
2018-08-15 11:48:00,787.498766235
2018-08-15 11:49:00,787.498766235
2018-08-15 11:50:00,787.498766235
2018-08-15 11:51:00,787.498766235
2018-08-15 11:52:00,777.238891122
2018-08-15 11:53:00,777.238891122
2018-08-15 11:54:00,787.498766235
2018-08-15 11:55:00,787.498766235
2018-08-15 11:56:00,766.97901601
2018-08-15 11:57:00,787.498766235
2018-08-15 11:58:00,766.97901601
2018-08-15 11:59:00,766.97901601
2018-08-16 01:29:00,1013.21601871
2018-08-16 01:30:00,715.679640447
2018-08-16 01:31:00,725.93951556
2018-08-16 01:32:00,725.93951556
2018-08-16 01:33:00,725.93951556
2018-08-16 01:34:00,705.419765335
2018-08-16 01:35:00,705.419765335
2018-08-16 01:36:00,705.419765335
2018-08-16 01:37:00,705.419765335
2018-08-16 01:38:00,705.419765335
2018-08-16 01:39:00,705.419765335
2018-08-16 01:40:00,705.419765335
2018-08-16 01:41:00,705.419765335
2018-08-16 01:42:00,705.419765335
2018-08-16 01:43:00,705.419765335
2018-08-16 01:44:00,695.159890222
2018-08-16 01:45:00,695.159890222
2018-08-16 01:46:00,695.159890222
2018-08-16 01:47:00,695.159890222
2018-08-16 01:48:00,695.159890222
2018-08-16 01:49:00,674.640139997
2018-08-16 01:50:00,654.120389772
2018-08-16 01:51:00,654.120389772
2018-08-16 01:52:00,654.120389772
2018-08-16 01:53:00,643.86051466
2018-08-16 01:54:00,623.340764435
2018-08-16 01:55:00,643.86051466
2018-08-16 01:56:00,643.86051466
2018-08-16 01:57:00,643.86051466
2018-08-16 01:58:00,633.600639547
2018-08-16 01:59:00,623.340764435
2018-08-16 02:00:00,664.380264885
2018-08-16 02:01:00,674.640139997
2018-08-16 02:02:00,664.380264885
2018-08-16 02:03:00,664.380264885
2018-08-16 02:04:00,664.380264885
2018-08-16 02:05:00,684.90001511
2018-08-16 02:06:00,705.419765335
2018-08-16 02:07:00,705.419765335
2018-08-16 02:08:00,705.419765335
2018-08-16 02:09:00,695.159890222
2018-08-16 02:10:00,695.159890222
2018-08-16 02:11:00,695.159890222
2018-08-16 02:12:00,684.90001511
2018-08-16 02:13:00,684.90001511
2018-08-16 02:14:00,695.159890222
2018-08-16 02:15:00,684.90001511
2018-08-16 02:16:00,684.90001511
2018-08-16 02:17:00,684.90001511
2018-08-16 02:18:00,674.640139997
2018-08-16 02:19:00,664.380264885
2018-08-16 02:20:00,664.380264885
2018-08-16 02:21:00,654.120389772
2018-08-16 02:22:00,654.120389772
2018-08-16 02:23:00,664.380264885
2018-08-16 02:24:00,664.380264885
2018-08-16 02:25:00,664.380264885
2018-08-16 02:26:00,664.380264885
2018-08-16 02:27:00,664.380264885
2018-08-16 02:28:00,674.640139997
2018-08-16 02:29:00,664.380264885
2018-08-16 02:30:00,674.640139997
2018-08-16 02:31:00,674.640139997
2018-08-16 02:32:00,674.640139997
2018-08-16 02:33:00,674.640139997
2018-08-16 02:34:00,695.159890222
2018-08-16 02:35:00,695.159890222
2018-08-16 02:36:00,684.90001511
2018-08-16 02:37:00,695.159890222
2018-08-16 02:38:00,695.159890222
2018-08-16 02:39:00,684.90001511
2018-08-16 02:40:00,684.90001511
2018-08-16 02:41:00,684.90001511
2018-08-16 02:42:00,684.90001511
2018-08-16 02:43:00,674.640139997
2018-08-16 02:44:00,674.640139997
2018-08-16 02:45:00,674.640139997
2018-08-16 02:46:00,674.640139997
2018-08-16 02:47:00,674.640139997
2018-08-16 02:48:00,684.90001511
2018-08-16 02:49:00,684.90001511
2018-08-16 02:50:00,684.90001511
2018-08-16 02:51:00,695.159890222
2018-08-16 02:52:00,684.90001511
2018-08-16 02:53:00,705.419765335
2018-08-16 02:54:00,705.419765335
2018-08-16 02:55:00,705.419765335
2018-08-16 02:56:00,705.419765335
2018-08-16 02:57:00,715.679640447
2018-08-16 02:58:00,715.679640447
2018-08-16 02:59:00,715.679640447
2018-08-16 03:00:00,715.679640447
2018-08-16 03:01:00,715.679640447
2018-08-16 03:02:00,715.679640447
2018-08-16 03:03:00,725.93951556
2018-08-16 03:04:00,715.679640447
2018-08-16 03:05:00,725.93951556
2018-08-16 03:06:00,715.679640447
2018-08-16 03:07:00,725.93951556
2018-08-16 03:08:00,725.93951556
2018-08-16 03:09:00,725.93951556
2018-08-16 03:10:00,725.93951556
2018-08-16 03:11:00,725.93951556
2018-08-16 03:12:00,725.93951556
2018-08-16 03:13:00,725.93951556
2018-08-16 03:14:00,725.93951556
2018-08-16 03:15:00,725.93951556
2018-08-16 03:16:00,725.93951556
2018-08-16 03:17:00,725.93951556
2018-08-16 03:18:00,725.93951556
2018-08-16 03:19:00,725.93951556
2018-08-16 03:20:00,725.93951556
2018-08-16 03:21:00,736.199390672
2018-08-16 03:22:00,725.93951556
2018-08-16 03:23:00,725.93951556
2018-08-16 03:24:00,725.93951556
2018-08-16 03:25:00,725.93951556
2018-08-16 03:26:00,725.93951556
2018-08-16 03:27:00,725.93951556
2018-08-16 03:28:00,736.199390672
2018-08-16 03:29:00,725.93951556
2018-08-16 03:30:00,664.380264885
2018-08-16 03:31:00,654.120389772
2018-08-16 03:32:00,654.120389772
2018-08-16 03:33:00,664.380264885
2018-08-16 03:34:00,654.120389772
2018-08-16 03:35:00,654.120389772
2018-08-16 03:36:00,654.120389772
2018-08-16 03:37:00,633.600639547
2018-08-16 03:38:00,633.600639547
2018-08-16 03:39:00,633.600639547
2018-08-16 03:40:00,633.600639547
2018-08-16 03:41:00,623.340764435
2018-08-16 03:42:00,623.340764435
2018-08-16 03:43:00,643.86051466
2018-08-16 03:44:00,643.86051466
2018-08-16 03:45:00,643.86051466
2018-08-16 03:46:00,664.380264885
2018-08-16 03:47:00,654.120389772
2018-08-16 03:48:00,654.120389772
2018-08-16 03:49:00,654.120389772
2018-08-16 03:50:00,664.380264885
2018-08-16 03:51:00,664.380264885
2018-08-16 03:52:00,664.380264885
2018-08-16 03:53:00,664.380264885
2018-08-16 03:54:00,654.120389772
2018-08-16 03:55:00,654.120389772
2018-08-16 03:56:00,654.120389772
2018-08-16 03:57:00,654.120389772
2018-08-16 03:58:00,654.120389772
2018-08-16 03:59:00,654.120389772
2018-08-16 04:00:00,664.380264885
2018-08-16 04:01:00,664.380264885
2018-08-16 04:02:00,664.380264885
2018-08-16 04:03:00,664.380264885
2018-08-16 04:04:00,654.120389772
2018-08-16 04:05:00,654.120389772
2018-08-16 04:06:00,654.120389772
2018-08-16 04:07:00,654.120389772
2018-08-16 04:08:00,654.120389772
2018-08-16 04:09:00,654.120389772
2018-08-16 04:10:00,664.380264885
2018-08-16 04:11:00,654.120389772
2018-08-16 04:12:00,664.380264885
2018-08-16 04:13:00,654.120389772
2018-08-16 04:14:00,654.120389772
2018-08-16 04:15:00,654.120389772
2018-08-16 04:16:00,654.120389772
2018-08-16 04:17:00,654.120389772
2018-08-16 04:18:00,654.120389772
2018-08-16 04:19:00,654.120389772
2018-08-16 04:20:00,654.120389772
2018-08-16 04:21:00,684.90001511
2018-08-16 04:22:00,684.90001511
2018-08-16 04:23:00,684.90001511
2018-08-16 04:24:00,684.90001511
2018-08-16 04:25:00,684.90001511
2018-08-16 04:26:00,684.90001511
2018-08-16 04:27:00,684.90001511
2018-08-16 04:28:00,695.159890222
2018-08-16 04:29:00,684.90001511
2018-08-16 04:30:00,684.90001511
2018-08-16 04:31:00,695.159890222
2018-08-16 04:32:00,695.159890222
2018-08-16 04:33:00,695.159890222
2018-08-16 04:34:00,684.90001511
2018-08-16 04:35:00,684.90001511
2018-08-16 04:36:00,684.90001511
2018-08-16 04:37:00,674.640139997
2018-08-16 04:38:00,664.380264885
2018-08-16 04:39:00,664.380264885
2018-08-16 04:40:00,664.380264885
2018-08-16 04:41:00,674.640139997
2018-08-16 04:42:00,674.640139997
2018-08-16 04:43:00,684.90001511
2018-08-16 04:44:00,684.90001511
2018-08-16 04:45:00,695.159890222
2018-08-16 04:46:00,705.419765335
2018-08-16 04:47:00,705.419765335
2018-08-16 04:48:00,705.419765335
2018-08-16 04:49:00,705.419765335
2018-08-16 04:50:00,705.419765335
2018-08-16 04:51:00,705.419765335
2018-08-16 04:52:00,705.419765335
2018-08-16 04:53:00,705.419765335
2018-08-16 04:54:00,705.419765335
2018-08-16 04:55:00,684.90001511
2018-08-16 04:56:00,684.90001511
2018-08-16 04:57:00,684.90001511
2018-08-16 04:58:00,684.90001511
2018-08-16 04:59:00,684.90001511
2018-08-16 05:00:00,684.90001511
2018-08-16 05:01:00,684.90001511
2018-08-16 05:02:00,684.90001511
2018-08-16 05:03:00,684.90001511
2018-08-16 05:04:00,684.90001511
2018-08-16 05:05:00,684.90001511
2018-08-16 05:06:00,684.90001511
2018-08-16 05:07:00,674.640139997
2018-08-16 05:08:00,684.90001511
2018-08-16 05:09:00,684.90001511
2018-08-16 05:10:00,684.90001511
2018-08-16 05:11:00,684.90001511
2018-08-16 05:12:00,684.90001511
2018-08-16 05:13:00,684.90001511
2018-08-16 05:14:00,684.90001511
2018-08-16 05:15:00,684.90001511
2018-08-16 05:16:00,684.90001511
2018-08-16 05:17:00,674.640139997
2018-08-16 05:18:00,684.90001511
2018-08-16 05:19:00,684.90001511
2018-08-16 05:20:00,674.640139997
2018-08-16 05:21:00,674.640139997
2018-08-16 05:22:00,674.640139997
2018-08-16 05:23:00,674.640139997
2018-08-16 05:24:00,674.640139997
2018-08-16 05:25:00,674.640139997
2018-08-16 05:26:00,674.640139997
2018-08-16 05:27:00,684.90001511
2018-08-16 05:28:00,684.90001511
2018-08-16 05:29:00,674.640139997
2018-08-16 05:30:00,684.90001511
2018-08-16 05:31:00,684.90001511
2018-08-16 05:32:00,664.380264885
2018-08-16 05:33:00,664.380264885
2018-08-16 05:34:00,674.640139997
2018-08-16 05:35:00,674.640139997
2018-08-16 05:36:00,664.380264885
2018-08-16 05:37:00,664.380264885
2018-08-16 05:38:00,684.90001511
2018-08-16 05:39:00,674.640139997
2018-08-16 05:40:00,674.640139997
2018-08-16 05:41:00,674.640139997
2018-08-16 05:42:00,674.640139997
2018-08-16 05:43:00,674.640139997
2018-08-16 05:44:00,674.640139997
2018-08-16 05:45:00,674.640139997
2018-08-16 05:46:00,674.640139997
2018-08-16 05:47:00,674.640139997
2018-08-16 05:48:00,674.640139997
2018-08-16 05:49:00,664.380264885
2018-08-16 05:50:00,664.380264885
2018-08-16 05:51:00,664.380264885
2018-08-16 05:52:00,664.380264885
2018-08-16 05:53:00,664.380264885
2018-08-16 05:54:00,643.86051466
2018-08-16 05:55:00,633.600639547
2018-08-16 05:56:00,633.600639547
2018-08-16 05:57:00,633.600639547
2018-08-16 05:58:00,633.600639547
2018-08-16 05:59:00,613.080889322
2018-08-16 06:00:00,613.080889322
2018-08-16 06:01:00,613.080889322
2018-08-16 06:02:00,613.080889322
2018-08-16 06:03:00,613.080889322
2018-08-16 06:04:00,613.080889322
2018-08-16 06:05:00,602.82101421
2018-08-16 06:06:00,582.301263985
2018-08-16 06:07:00,582.301263985
2018-08-16 06:08:00,582.301263985
2018-08-16 06:09:00,582.301263985
2018-08-16 06:10:00,592.561139097
2018-08-16 06:11:00,592.561139097
2018-08-16 06:12:00,592.561139097
2018-08-16 06:13:00,592.561139097
2018-08-16 06:14:00,602.82101421
2018-08-16 06:15:00,592.561139097
2018-08-16 06:16:00,582.301263985
2018-08-16 06:17:00,582.301263985
2018-08-16 06:18:00,582.301263985
2018-08-16 06:19:00,592.561139097
2018-08-16 06:20:00,602.82101421
2018-08-16 06:21:00,602.82101421
2018-08-16 06:22:00,602.82101421
2018-08-16 06:23:00,602.82101421
2018-08-16 06:24:00,602.82101421
2018-08-16 06:25:00,602.82101421
2018-08-16 06:26:00,602.82101421
2018-08-16 06:27:00,623.340764435
2018-08-16 06:28:00,623.340764435
2018-08-16 06:29:00,623.340764435
2018-08-16 06:30:00,623.340764435
2018-08-16 06:31:00,623.340764435
2018-08-16 06:32:00,654.120389772
2018-08-16 06:33:00,654.120389772
2018-08-16 06:34:00,643.86051466
2018-08-16 06:35:00,654.120389772
2018-08-16 06:36:00,654.120389772
2018-08-16 06:37:00,643.86051466
2018-08-16 06:38:00,643.86051466
2018-08-16 06:39:00,643.86051466
2018-08-16 06:40:00,643.86051466
2018-08-16 06:41:00,654.120389772
2018-08-16 06:42:00,654.120389772
2018-08-16 06:43:00,654.120389772
2018-08-16 06:44:00,654.120389772
2018-08-16 06:45:00,654.120389772
2018-08-16 06:46:00,654.120389772
2018-08-16 06:47:00,654.120389772
2018-08-16 06:48:00,654.120389772
2018-08-16 06:49:00,654.120389772
2018-08-16 06:50:00,654.120389772
2018-08-16 06:51:00,654.120389772
2018-08-16 06:52:00,654.120389772
2018-08-16 06:53:00,654.120389772
2018-08-16 06:54:00,654.120389772
2018-08-16 06:55:00,654.120389772
2018-08-16 06:56:00,654.120389772
2018-08-16 06:57:00,664.380264885
2018-08-16 06:58:00,664.380264885
2018-08-16 06:59:00,664.380264885
2018-08-16 07:00:00,664.380264885
2018-08-16 07:01:00,664.380264885
2018-08-16 07:02:00,664.380264885
2018-08-16 07:03:00,664.380264885
2018-08-16 07:04:00,664.380264885
2018-08-16 07:05:00,664.380264885
2018-08-16 07:06:00,664.380264885
2018-08-16 07:07:00,664.380264885
2018-08-16 07:08:00,664.380264885
2018-08-16 07:09:00,664.380264885
2018-08-16 07:10:00,664.380264885
2018-08-16 07:11:00,664.380264885
2018-08-16 07:12:00,664.380264885
2018-08-16 07:13:00,664.380264885
2018-08-16 07:14:00,664.380264885
2018-08-16 07:15:00,664.380264885
2018-08-16 07:16:00,664.380264885
2018-08-16 07:17:00,664.380264885
2018-08-16 07:18:00,664.380264885
2018-08-16 07:19:00,664.380264885
2018-08-16 07:20:00,664.380264885
2018-08-16 07:21:00,664.380264885
2018-08-16 07:22:00,664.380264885
2018-08-16 07:23:00,674.640139997
2018-08-16 07:24:00,664.380264885
2018-08-16 07:25:00,674.640139997
2018-08-16 07:26:00,664.380264885
2018-08-16 07:27:00,664.380264885
2018-08-16 07:28:00,664.380264885
2018-08-16 07:29:00,664.380264885
2018-08-16 07:30:00,674.640139997
2018-08-16 07:31:00,684.90001511
2018-08-16 07:32:00,684.90001511
2018-08-16 07:33:00,684.90001511
2018-08-16 07:34:00,684.90001511
2018-08-16 07:35:00,684.90001511
2018-08-16 07:36:00,684.90001511
2018-08-16 07:37:00,684.90001511
2018-08-16 07:38:00,684.90001511
2018-08-16 07:39:00,684.90001511
2018-08-16 07:40:00,684.90001511
2018-08-16 07:41:00,664.380264885
2018-08-16 07:42:00,664.380264885
2018-08-16 07:43:00,664.380264885
2018-08-16 07:44:00,684.90001511
2018-08-16 07:45:00,674.640139997
2018-08-16 07:46:00,674.640139997
2018-08-16 07:47:00,674.640139997
2018-08-16 07:48:00,674.640139997
2018-08-16 07:49:00,684.90001511
2018-08-16 07:50:00,684.90001511
2018-08-16 07:51:00,684.90001511
2018-08-16 07:52:00,684.90001511
2018-08-16 07:53:00,684.90001511
2018-08-16 07:54:00,674.640139997
2018-08-16 07:55:00,674.640139997
2018-08-16 07:56:00,674.640139997
2018-08-16 07:57:00,664.380264885
2018-08-16 07:58:00,684.90001511
2018-08-16 07:59:00,664.380264885
2018-08-16 08:00:00,664.380264885
2018-08-16 08:01:00,664.380264885
2018-08-16 08:02:00,664.380264885
2018-08-16 08:03:00,664.380264885
2018-08-16 08:04:00,664.380264885
2018-08-16 08:05:00,684.90001511
2018-08-16 08:06:00,684.90001511
2018-08-16 08:07:00,705.419765335
2018-08-16 08:08:00,695.159890222
2018-08-16 08:09:00,684.90001511
2018-08-16 08:10:00,674.640139997
2018-08-16 08:11:00,684.90001511
2018-08-16 08:12:00,684.90001511
2018-08-16 08:13:00,684.90001511
2018-08-16 08:14:00,684.90001511
2018-08-16 08:15:00,684.90001511
2018-08-16 08:16:00,684.90001511
2018-08-16 08:17:00,684.90001511
2018-08-16 08:18:00,684.90001511
2018-08-16 08:19:00,674.640139997
2018-08-16 08:20:00,674.640139997
2018-08-16 08:21:00,684.90001511
2018-08-16 08:22:00,684.90001511
2018-08-16 08:23:00,684.90001511
2018-08-16 08:24:00,684.90001511
2018-08-16 08:25:00,695.159890222
2018-08-16 08:26:00,695.159890222
2018-08-16 08:27:00,695.159890222
2018-08-16 08:28:00,705.419765335
2018-08-16 08:29:00,705.419765335
2018-08-16 08:30:00,705.419765335
2018-08-16 08:31:00,705.419765335
2018-08-16 08:32:00,705.419765335
2018-08-16 08:33:00,705.419765335
2018-08-16 08:34:00,705.419765335
2018-08-16 08:35:00,705.419765335
2018-08-16 08:36:00,705.419765335
2018-08-16 08:37:00,705.419765335
2018-08-16 08:38:00,705.419765335
2018-08-16 08:39:00,705.419765335
2018-08-16 08:40:00,705.419765335
2018-08-16 08:41:00,715.679640447
2018-08-16 08:42:00,715.679640447
2018-08-16 08:43:00,715.679640447
2018-08-16 08:44:00,715.679640447
2018-08-16 08:45:00,715.679640447
2018-08-16 08:46:00,715.679640447
2018-08-16 08:47:00,705.419765335
2018-08-16 08:48:00,705.419765335
2018-08-16 08:49:00,705.419765335
2018-08-16 08:50:00,695.159890222
2018-08-16 08:51:00,684.90001511
2018-08-16 08:52:00,674.640139997
2018-08-16 08:53:00,674.640139997
2018-08-16 08:54:00,674.640139997
2018-08-16 08:55:00,684.90001511
2018-08-16 08:56:00,684.90001511
2018-08-16 08:57:00,684.90001511
2018-08-16 08:58:00,684.90001511
2018-08-16 08:59:00,695.159890222
2018-08-16 09:00:00,684.90001511
2018-08-16 09:01:00,684.90001511
2018-08-16 09:02:00,705.419765335
2018-08-16 09:03:00,705.419765335
2018-08-16 09:04:00,705.419765335
2018-08-16 09:05:00,705.419765335
2018-08-16 09:06:00,705.419765335
2018-08-16 09:07:00,684.90001511
2018-08-16 09:08:00,684.90001511
2018-08-16 09:09:00,684.90001511
2018-08-16 09:10:00,684.90001511
2018-08-16 09:11:00,684.90001511
2018-08-16 09:12:00,684.90001511
2018-08-16 09:13:00,684.90001511
2018-08-16 09:14:00,684.90001511
2018-08-16 09:15:00,684.90001511
2018-08-16 09:16:00,684.90001511
2018-08-16 09:17:00,684.90001511
2018-08-16 09:18:00,684.90001511
2018-08-16 09:19:00,684.90001511
2018-08-16 09:20:00,684.90001511
2018-08-16 09:21:00,684.90001511
2018-08-16 09:22:00,684.90001511
2018-08-16 09:23:00,684.90001511
2018-08-16 09:24:00,664.380264885
2018-08-16 09:25:00,684.90001511
2018-08-16 09:26:00,684.90001511
2018-08-16 09:27:00,684.90001511
2018-08-16 09:28:00,684.90001511
2018-08-16 09:29:00,684.90001511
2018-08-16 09:30:00,684.90001511
2018-08-16 09:31:00,684.90001511
2018-08-16 09:32:00,684.90001511
2018-08-16 09:33:00,684.90001511
2018-08-16 09:34:00,684.90001511
2018-08-16 09:35:00,684.90001511
2018-08-16 09:36:00,674.640139997
2018-08-16 09:37:00,664.380264885
2018-08-16 09:38:00,674.640139997
2018-08-16 09:39:00,674.640139997
2018-08-16 09:40:00,684.90001511
2018-08-16 09:41:00,684.90001511
2018-08-16 09:42:00,684.90001511
2018-08-16 09:43:00,705.419765335
2018-08-16 09:44:00,695.159890222
2018-08-16 09:45:00,684.90001511
2018-08-16 09:46:00,674.640139997
2018-08-16 09:47:00,674.640139997
2018-08-16 09:48:00,684.90001511
2018-08-16 09:49:00,684.90001511
2018-08-16 09:50:00,684.90001511
2018-08-16 09:51:00,684.90001511
2018-08-16 09:52:00,684.90001511
2018-08-16 09:53:00,684.90001511
2018-08-16 09:54:00,664.380264885
2018-08-16 09:55:00,664.380264885
2018-08-16 09:56:00,664.380264885
2018-08-16 09:57:00,674.640139997
2018-08-16 09:58:00,674.640139997
2018-08-16 09:59:00,674.640139997
2018-08-16 10:00:00,674.640139997
2018-08-16 10:01:00,674.640139997
2018-08-16 10:02:00,664.380264885
2018-08-16 10:03:00,664.380264885
2018-08-16 10:04:00,674.640139997
2018-08-16 10:05:00,664.380264885
2018-08-16 10:06:00,664.380264885
2018-08-16 10:07:00,664.380264885
2018-08-16 10:08:00,664.380264885
2018-08-16 10:09:00,664.380264885
2018-08-16 10:10:00,674.640139997
2018-08-16 10:11:00,674.640139997
2018-08-16 10:12:00,674.640139997
2018-08-16 10:13:00,674.640139997
2018-08-16 10:14:00,674.640139997
2018-08-16 10:15:00,664.380264885
2018-08-16 10:16:00,664.380264885
2018-08-16 10:17:00,664.380264885
2018-08-16 10:18:00,664.380264885
2018-08-16 10:19:00,674.640139997
2018-08-16 10:20:00,674.640139997
2018-08-16 10:21:00,674.640139997
2018-08-16 10:22:00,664.380264885
2018-08-16 10:23:00,664.380264885
2018-08-16 10:24:00,674.640139997
2018-08-16 10:25:00,664.380264885
2018-08-16 10:26:00,664.380264885
2018-08-16 10:27:00,664.380264885
2018-08-16 10:28:00,664.380264885
2018-08-16 10:29:00,664.380264885
2018-08-16 10:30:00,664.380264885
2018-08-16 10:31:00,674.640139997
2018-08-16 10:32:00,674.640139997
2018-08-16 10:33:00,674.640139997
2018-08-16 10:34:00,674.640139997
2018-08-16 10:35:00,664.380264885
2018-08-16 10:36:00,664.380264885
2018-08-16 10:37:00,664.380264885
2018-08-16 10:38:00,674.640139997
2018-08-16 10:39:00,664.380264885
2018-08-16 10:40:00,664.380264885
2018-08-16 10:41:00,674.640139997
2018-08-16 10:42:00,664.380264885
2018-08-16 10:43:00,664.380264885
2018-08-16 10:44:00,664.380264885
2018-08-16 10:45:00,664.380264885
2018-08-16 10:46:00,664.380264885
2018-08-16 10:47:00,664.380264885
2018-08-16 10:48:00,664.380264885
2018-08-16 10:49:00,664.380264885
2018-08-16 10:50:00,664.380264885
2018-08-16 10:51:00,664.380264885
2018-08-16 10:52:00,664.380264885
2018-08-16 10:53:00,664.380264885
2018-08-16 10:54:00,664.380264885
2018-08-16 10:55:00,664.380264885
2018-08-16 10:56:00,664.380264885
2018-08-16 10:57:00,664.380264885
2018-08-16 10:58:00,664.380264885
2018-08-16 10:59:00,664.380264885
2018-08-16 11:00:00,664.380264885
2018-08-16 11:01:00,654.120389772
2018-08-16 11:02:00,654.120389772
2018-08-16 11:03:00,654.120389772
2018-08-16 11:04:00,654.120389772
2018-08-16 11:05:00,654.120389772
2018-08-16 11:06:00,654.120389772
2018-08-16 11:07:00,633.600639547
2018-08-16 11:08:00,633.600639547
2018-08-16 11:09:00,633.600639547
2018-08-16 11:10:00,643.86051466
2018-08-16 11:11:00,643.86051466
2018-08-16 11:12:00,654.120389772
2018-08-16 11:13:00,654.120389772
2018-08-16 11:14:00,654.120389772
2018-08-16 11:15:00,654.120389772
2018-08-16 11:16:00,654.120389772
2018-08-16 11:17:00,643.86051466
2018-08-16 11:18:00,654.120389772
2018-08-16 11:19:00,643.86051466
2018-08-16 11:20:00,643.86051466
2018-08-16 11:21:00,643.86051466
2018-08-16 11:22:00,643.86051466
2018-08-16 11:23:00,643.86051466
2018-08-16 11:24:00,643.86051466
2018-08-16 11:25:00,643.86051466
2018-08-16 11:26:00,643.86051466
2018-08-16 11:27:00,643.86051466
2018-08-16 11:28:00,643.86051466
2018-08-16 11:29:00,643.86051466
2018-08-16 11:30:00,643.86051466
2018-08-16 11:31:00,643.86051466
2018-08-16 11:32:00,654.120389772
2018-08-16 11:33:00,664.380264885
2018-08-16 11:34:00,664.380264885
2018-08-16 11:35:00,664.380264885
2018-08-16 11:36:00,664.380264885
2018-08-16 11:37:00,664.380264885
2018-08-16 11:38:00,664.380264885
2018-08-16 11:39:00,654.120389772
2018-08-16 11:40:00,664.380264885
2018-08-16 11:41:00,664.380264885
2018-08-16 11:42:00,664.380264885
2018-08-16 11:43:00,664.380264885
2018-08-16 11:44:00,664.380264885
2018-08-16 11:45:00,664.380264885
2018-08-16 11:46:00,664.380264885
2018-08-16 11:47:00,664.380264885
2018-08-16 11:48:00,664.380264885
2018-08-16 11:49:00,664.380264885
2018-08-16 11:50:00,664.380264885
2018-08-16 11:51:00,664.380264885
2018-08-16 11:52:00,664.380264885
2018-08-16 11:53:00,664.380264885
2018-08-16 11:54:00,654.120389772
2018-08-16 11:55:00,664.380264885
2018-08-16 11:56:00,664.380264885
2018-08-16 11:57:00,664.380264885
2018-08-16 11:58:00,664.380264885
2018-08-16 11:59:00,674.640139997
2018-08-17 01:29:00,541.260942745
2018-08-17 01:30:00,664.379444095
2018-08-17 01:31:00,643.85969387
2018-08-17 01:32:00,643.85969387
2018-08-17 01:33:00,643.85969387
2018-08-17 01:34:00,643.85969387
2018-08-17 01:35:00,643.85969387
2018-08-17 01:36:00,643.85969387
2018-08-17 01:37:00,643.85969387
2018-08-17 01:38:00,643.85969387
2018-08-17 01:39:00,643.85969387
2018-08-17 01:40:00,643.85969387
2018-08-17 01:41:00,643.85969387
2018-08-17 01:42:00,643.85969387
2018-08-17 01:43:00,643.85969387
2018-08-17 01:44:00,643.85969387
2018-08-17 01:45:00,643.85969387
2018-08-17 01:46:00,643.85969387
2018-08-17 01:47:00,643.85969387
2018-08-17 01:48:00,633.599818757
2018-08-17 01:49:00,643.85969387
2018-08-17 01:50:00,643.85969387
2018-08-17 01:51:00,643.85969387
2018-08-17 01:52:00,643.85969387
2018-08-17 01:53:00,643.85969387
2018-08-17 01:54:00,633.599818757
2018-08-17 01:55:00,633.599818757
2018-08-17 01:56:00,633.599818757
2018-08-17 01:57:00,633.599818757
2018-08-17 01:58:00,633.599818757
2018-08-17 01:59:00,633.599818757
2018-08-17 02:00:00,674.639319207
2018-08-17 02:01:00,674.639319207
2018-08-17 02:02:00,664.379444095
2018-08-17 02:03:00,664.379444095
2018-08-17 02:04:00,664.379444095
2018-08-17 02:05:00,674.639319207
2018-08-17 02:06:00,664.379444095
2018-08-17 02:07:00,674.639319207
2018-08-17 02:08:00,674.639319207
2018-08-17 02:09:00,684.89919432
2018-08-17 02:10:00,684.89919432
2018-08-17 02:11:00,674.639319207
2018-08-17 02:12:00,695.159069432
2018-08-17 02:13:00,695.159069432
2018-08-17 02:14:00,695.159069432
2018-08-17 02:15:00,695.159069432
2018-08-17 02:16:00,695.159069432
2018-08-17 02:17:00,695.159069432
2018-08-17 02:18:00,695.159069432
2018-08-17 02:19:00,695.159069432
2018-08-17 02:20:00,715.678819657
2018-08-17 02:21:00,715.678819657
2018-08-17 02:22:00,715.678819657
2018-08-17 02:23:00,715.678819657
2018-08-17 02:24:00,715.678819657
2018-08-17 02:25:00,715.678819657
2018-08-17 02:26:00,715.678819657
2018-08-17 02:27:00,725.93869477
2018-08-17 02:28:00,725.93869477
2018-08-17 02:29:00,725.93869477
2018-08-17 02:30:00,715.678819657
2018-08-17 02:31:00,715.678819657
2018-08-17 02:32:00,725.93869477
2018-08-17 02:33:00,725.93869477
2018-08-17 02:34:00,725.93869477
2018-08-17 02:35:00,725.93869477
2018-08-17 02:36:00,725.93869477
2018-08-17 02:37:00,725.93869477
2018-08-17 02:38:00,725.93869477
2018-08-17 02:39:00,725.93869477
2018-08-17 02:40:00,725.93869477
2018-08-17 02:41:00,725.93869477
2018-08-17 02:42:00,725.93869477
2018-08-17 02:43:00,725.93869477
2018-08-17 02:44:00,725.93869477
2018-08-17 02:45:00,725.93869477
2018-08-17 02:46:00,725.93869477
2018-08-17 02:47:00,725.93869477
2018-08-17 02:48:00,725.93869477
2018-08-17 02:49:00,725.93869477
2018-08-17 02:50:00,715.678819657
2018-08-17 02:51:00,715.678819657
2018-08-17 02:52:00,715.678819657
2018-08-17 02:53:00,715.678819657
2018-08-17 02:54:00,715.678819657
2018-08-17 02:55:00,715.678819657
2018-08-17 02:56:00,715.678819657
2018-08-17 02:57:00,715.678819657
2018-08-17 02:58:00,715.678819657
2018-08-17 02:59:00,725.93869477
2018-08-17 03:00:00,725.93869477
2018-08-17 03:01:00,725.93869477
2018-08-17 03:02:00,725.93869477
2018-08-17 03:03:00,725.93869477
2018-08-17 03:04:00,725.93869477
2018-08-17 03:05:00,725.93869477
2018-08-17 03:06:00,725.93869477
2018-08-17 03:07:00,725.93869477
2018-08-17 03:08:00,715.678819657
2018-08-17 03:09:00,715.678819657
2018-08-17 03:10:00,705.418944545
2018-08-17 03:11:00,705.418944545
2018-08-17 03:12:00,705.418944545
2018-08-17 03:13:00,705.418944545
2018-08-17 03:14:00,705.418944545
2018-08-17 03:15:00,705.418944545
2018-08-17 03:16:00,705.418944545
2018-08-17 03:17:00,705.418944545
2018-08-17 03:18:00,715.678819657
2018-08-17 03:19:00,715.678819657
2018-08-17 03:20:00,715.678819657
2018-08-17 03:21:00,715.678819657
2018-08-17 03:22:00,705.418944545
2018-08-17 03:23:00,705.418944545
2018-08-17 03:24:00,715.678819657
2018-08-17 03:25:00,715.678819657
2018-08-17 03:26:00,715.678819657
2018-08-17 03:27:00,725.93869477
2018-08-17 03:28:00,736.198569882
2018-08-17 03:29:00,725.93869477
2018-08-17 03:30:00,725.93869477
2018-08-17 03:31:00,725.93869477
2018-08-17 03:32:00,725.93869477
2018-08-17 03:33:00,725.93869477
2018-08-17 03:34:00,725.93869477
2018-08-17 03:35:00,725.93869477
2018-08-17 03:36:00,725.93869477
2018-08-17 03:37:00,725.93869477
2018-08-17 03:38:00,725.93869477
2018-08-17 03:39:00,725.93869477
2018-08-17 03:40:00,715.678819657
2018-08-17 03:41:00,715.678819657
2018-08-17 03:42:00,715.678819657
2018-08-17 03:43:00,715.678819657
2018-08-17 03:44:00,715.678819657
2018-08-17 03:45:00,715.678819657
2018-08-17 03:46:00,725.93869477
2018-08-17 03:47:00,725.93869477
2018-08-17 03:48:00,736.198569882
2018-08-17 03:49:00,725.93869477
2018-08-17 03:50:00,736.198569882
2018-08-17 03:51:00,736.198569882
2018-08-17 03:52:00,736.198569882
2018-08-17 03:53:00,736.198569882
2018-08-17 03:54:00,736.198569882
2018-08-17 03:55:00,736.198569882
2018-08-17 03:56:00,736.198569882
2018-08-17 03:57:00,736.198569882
2018-08-17 03:58:00,725.93869477
2018-08-17 03:59:00,725.93869477
2018-08-17 04:00:00,736.198569882
2018-08-17 04:01:00,736.198569882
2018-08-17 04:02:00,746.458444995
2018-08-17 04:03:00,736.198569882
2018-08-17 04:04:00,746.458444995
2018-08-17 04:05:00,746.458444995
2018-08-17 04:06:00,746.458444995
2018-08-17 04:07:00,736.198569882
2018-08-17 04:08:00,736.198569882
2018-08-17 04:09:00,736.198569882
2018-08-17 04:10:00,725.93869477
2018-08-17 04:11:00,736.198569882
2018-08-17 04:12:00,746.458444995
2018-08-17 04:13:00,756.718320107
2018-08-17 04:14:00,756.718320107
2018-08-17 04:15:00,756.718320107
2018-08-17 04:16:00,756.718320107
2018-08-17 04:17:00,756.718320107
2018-08-17 04:18:00,756.718320107
2018-08-17 04:19:00,756.718320107
2018-08-17 04:20:00,756.718320107
2018-08-17 04:21:00,756.718320107
2018-08-17 04:22:00,756.718320107
2018-08-17 04:23:00,756.718320107
2018-08-17 04:24:00,756.718320107
2018-08-17 04:25:00,756.718320107
2018-08-17 04:26:00,756.718320107
2018-08-17 04:27:00,756.718320107
2018-08-17 04:28:00,756.718320107
2018-08-17 04:29:00,756.718320107
2018-08-17 04:30:00,756.718320107
2018-08-17 04:31:00,766.97819522
2018-08-17 04:32:00,766.97819522
2018-08-17 04:33:00,777.238070332
2018-08-17 04:34:00,766.97819522
2018-08-17 04:35:00,766.97819522
2018-08-17 04:36:00,766.97819522
2018-08-17 04:37:00,777.238070332
2018-08-17 04:38:00,777.238070332
2018-08-17 04:39:00,787.497945445
2018-08-17 04:40:00,787.497945445
2018-08-17 04:41:00,777.238070332
2018-08-17 04:42:00,777.238070332
2018-08-17 04:43:00,777.238070332
2018-08-17 04:44:00,777.238070332
2018-08-17 04:45:00,777.238070332
2018-08-17 04:46:00,777.238070332
2018-08-17 04:47:00,777.238070332
2018-08-17 04:48:00,777.238070332
2018-08-17 04:49:00,777.238070332
2018-08-17 04:50:00,777.238070332
2018-08-17 04:51:00,787.497945445
2018-08-17 04:52:00,787.497945445
2018-08-17 04:53:00,787.497945445
2018-08-17 04:54:00,787.497945445
2018-08-17 04:55:00,787.497945445
2018-08-17 04:56:00,787.497945445
2018-08-17 04:57:00,787.497945445
2018-08-17 04:58:00,787.497945445
2018-08-17 04:59:00,787.497945445
2018-08-17 05:00:00,797.757820557
2018-08-17 05:01:00,787.497945445
2018-08-17 05:02:00,808.01769567
2018-08-17 05:03:00,808.01769567
2018-08-17 05:04:00,797.757820557
2018-08-17 05:05:00,787.497945445
2018-08-17 05:06:00,787.497945445
2018-08-17 05:07:00,787.497945445
2018-08-17 05:08:00,787.497945445
2018-08-17 05:09:00,787.497945445
2018-08-17 05:10:00,787.497945445
2018-08-17 05:11:00,787.497945445
2018-08-17 05:12:00,787.497945445
2018-08-17 05:13:00,787.497945445
2018-08-17 05:14:00,787.497945445
2018-08-17 05:15:00,777.238070332
2018-08-17 05:16:00,777.238070332
2018-08-17 05:17:00,766.97819522
2018-08-17 05:18:00,787.497945445
2018-08-17 05:19:00,787.497945445
2018-08-17 05:20:00,777.238070332
2018-08-17 05:21:00,766.97819522
2018-08-17 05:22:00,766.97819522
2018-08-17 05:23:00,766.97819522
2018-08-17 05:24:00,766.97819522
2018-08-17 05:25:00,766.97819522
2018-08-17 05:26:00,756.718320107
2018-08-17 05:27:00,756.718320107
2018-08-17 05:28:00,756.718320107
2018-08-17 05:29:00,756.718320107
2018-08-17 05:30:00,756.718320107
2018-08-17 05:31:00,766.97819522
2018-08-17 05:32:00,766.97819522
2018-08-17 05:33:00,756.718320107
2018-08-17 05:34:00,756.718320107
2018-08-17 05:35:00,756.718320107
2018-08-17 05:36:00,756.718320107
2018-08-17 05:37:00,756.718320107
2018-08-17 05:38:00,756.718320107
2018-08-17 05:39:00,766.97819522
2018-08-17 05:40:00,756.718320107
2018-08-17 05:41:00,756.718320107
2018-08-17 05:42:00,756.718320107
2018-08-17 05:43:00,756.718320107
2018-08-17 05:44:00,746.458444995
2018-08-17 05:45:00,746.458444995
2018-08-17 05:46:00,746.458444995
2018-08-17 05:47:00,746.458444995
2018-08-17 05:48:00,746.458444995
2018-08-17 05:49:00,746.458444995
2018-08-17 05:50:00,746.458444995
2018-08-17 05:51:00,746.458444995
2018-08-17 05:52:00,746.458444995
2018-08-17 05:53:00,746.458444995
2018-08-17 05:54:00,746.458444995
2018-08-17 05:55:00,746.458444995
2018-08-17 05:56:00,746.458444995
2018-08-17 05:57:00,746.458444995
2018-08-17 05:58:00,746.458444995
2018-08-17 05:59:00,746.458444995
2018-08-17 06:00:00,746.458444995
2018-08-17 06:01:00,746.458444995
2018-08-17 06:02:00,746.458444995
2018-08-17 06:03:00,746.458444995
2018-08-17 06:04:00,746.458444995
2018-08-17 06:05:00,746.458444995
2018-08-17 06:06:00,746.458444995
2018-08-17 06:07:00,736.198569882
2018-08-17 06:08:00,736.198569882
2018-08-17 06:09:00,725.93869477
2018-08-17 06:10:00,725.93869477
2018-08-17 06:11:00,725.93869477
2018-08-17 06:12:00,715.678819657
2018-08-17 06:13:00,715.678819657
2018-08-17 06:14:00,725.93869477
2018-08-17 06:15:00,715.678819657
2018-08-17 06:16:00,715.678819657
2018-08-17 06:17:00,725.93869477
2018-08-17 06:18:00,725.93869477
2018-08-17 06:19:00,756.718320107
2018-08-17 06:20:00,756.718320107
2018-08-17 06:21:00,756.718320107
2018-08-17 06:22:00,756.718320107
2018-08-17 06:23:00,756.718320107
2018-08-17 06:24:00,756.718320107
2018-08-17 06:25:00,756.718320107
2018-08-17 06:26:00,756.718320107
2018-08-17 06:27:00,756.718320107
2018-08-17 06:28:00,746.458444995
2018-08-17 06:29:00,746.458444995
2018-08-17 06:30:00,746.458444995
2018-08-17 06:31:00,746.458444995
2018-08-17 06:32:00,746.458444995
2018-08-17 06:33:00,746.458444995
2018-08-17 06:34:00,746.458444995
2018-08-17 06:35:00,746.458444995
2018-08-17 06:36:00,746.458444995
2018-08-17 06:37:00,746.458444995
2018-08-17 06:38:00,746.458444995
2018-08-17 06:39:00,746.458444995
2018-08-17 06:40:00,746.458444995
2018-08-17 06:41:00,746.458444995
2018-08-17 06:42:00,746.458444995
2018-08-17 06:43:00,746.458444995
2018-08-17 06:44:00,746.458444995
2018-08-17 06:45:00,746.458444995
2018-08-17 06:46:00,746.458444995
2018-08-17 06:47:00,746.458444995
2018-08-17 06:48:00,746.458444995
2018-08-17 06:49:00,746.458444995
2018-08-17 06:50:00,746.458444995
2018-08-17 06:51:00,746.458444995
2018-08-17 06:52:00,746.458444995
2018-08-17 06:53:00,736.198569882
2018-08-17 06:54:00,725.93869477
2018-08-17 06:55:00,725.93869477
2018-08-17 06:56:00,725.93869477
2018-08-17 06:57:00,725.93869477
2018-08-17 06:58:00,725.93869477
2018-08-17 06:59:00,725.93869477
2018-08-17 07:00:00,725.93869477
2018-08-17 07:01:00,725.93869477
2018-08-17 07:02:00,725.93869477
2018-08-17 07:03:00,725.93869477
2018-08-17 07:04:00,725.93869477
2018-08-17 07:05:00,725.93869477
2018-08-17 07:06:00,725.93869477
2018-08-17 07:07:00,756.718320107
2018-08-17 07:08:00,756.718320107
2018-08-17 07:09:00,746.458444995
2018-08-17 07:10:00,746.458444995
2018-08-17 07:11:00,746.458444995
2018-08-17 07:12:00,756.718320107
2018-08-17 07:13:00,746.458444995
2018-08-17 07:14:00,736.198569882
2018-08-17 07:15:00,736.198569882
2018-08-17 07:16:00,725.93869477
2018-08-17 07:17:00,725.93869477
2018-08-17 07:18:00,725.93869477
2018-08-17 07:19:00,725.93869477
2018-08-17 07:20:00,725.93869477
2018-08-17 07:21:00,736.198569882
2018-08-17 07:22:00,725.93869477
2018-08-17 07:23:00,705.418944545
2018-08-17 07:24:00,715.678819657
2018-08-17 07:25:00,725.93869477
2018-08-17 07:26:00,725.93869477
2018-08-17 07:27:00,725.93869477
2018-08-17 07:28:00,725.93869477
2018-08-17 07:29:00,725.93869477
2018-08-17 07:30:00,705.418944545
2018-08-17 07:31:00,715.678819657
2018-08-17 07:32:00,705.418944545
2018-08-17 07:33:00,725.93869477
2018-08-17 07:34:00,725.93869477
2018-08-17 07:35:00,725.93869477
2018-08-17 07:36:00,725.93869477
2018-08-17 07:37:00,725.93869477
2018-08-17 07:38:00,725.93869477
2018-08-17 07:39:00,725.93869477
2018-08-17 07:40:00,705.418944545
2018-08-17 07:41:00,705.418944545
2018-08-17 07:42:00,705.418944545
2018-08-17 07:43:00,715.678819657
2018-08-17 07:44:00,715.678819657
2018-08-17 07:45:00,715.678819657
2018-08-17 07:46:00,715.678819657
2018-08-17 07:47:00,705.418944545
2018-08-17 07:48:00,705.418944545
2018-08-17 07:49:00,705.418944545
2018-08-17 07:50:00,705.418944545
2018-08-17 07:51:00,705.418944545
2018-08-17 07:52:00,705.418944545
2018-08-17 07:53:00,695.159069432
2018-08-17 07:54:00,705.418944545
2018-08-17 07:55:00,715.678819657
2018-08-17 07:56:00,705.418944545
2018-08-17 07:57:00,705.418944545
2018-08-17 07:58:00,715.678819657
2018-08-17 07:59:00,725.93869477
2018-08-17 08:00:00,725.93869477
2018-08-17 08:01:00,736.198569882
2018-08-17 08:02:00,725.93869477
2018-08-17 08:03:00,725.93869477
2018-08-17 08:04:00,725.93869477
2018-08-17 08:05:00,725.93869477
2018-08-17 08:06:00,725.93869477
2018-08-17 08:07:00,725.93869477
2018-08-17 08:08:00,725.93869477
2018-08-17 08:09:00,725.93869477
2018-08-17 08:10:00,725.93869477
2018-08-17 08:11:00,736.198569882
2018-08-17 08:12:00,725.93869477
2018-08-17 08:13:00,725.93869477
2018-08-17 08:14:00,725.93869477
2018-08-17 08:15:00,715.678819657
2018-08-17 08:16:00,725.93869477
2018-08-17 08:17:00,725.93869477
2018-08-17 08:18:00,725.93869477
2018-08-17 08:19:00,725.93869477
2018-08-17 08:20:00,705.418944545
2018-08-17 08:21:00,705.418944545
2018-08-17 08:22:00,705.418944545
2018-08-17 08:23:00,705.418944545
2018-08-17 08:24:00,705.418944545
2018-08-17 08:25:00,705.418944545
2018-08-17 08:26:00,705.418944545
2018-08-17 08:27:00,705.418944545
2018-08-17 08:28:00,725.93869477
2018-08-17 08:29:00,715.678819657
2018-08-17 08:30:00,725.93869477
2018-08-17 08:31:00,736.198569882
2018-08-17 08:32:00,736.198569882
2018-08-17 08:33:00,736.198569882
2018-08-17 08:34:00,736.198569882
2018-08-17 08:35:00,736.198569882
2018-08-17 08:36:00,725.93869477
2018-08-17 08:37:00,715.678819657
2018-08-17 08:38:00,705.418944545
2018-08-17 08:39:00,705.418944545
2018-08-17 08:40:00,705.418944545
2018-08-17 08:41:00,705.418944545
2018-08-17 08:42:00,705.418944545
2018-08-17 08:43:00,705.418944545
2018-08-17 08:44:00,705.418944545
2018-08-17 08:45:00,725.93869477
2018-08-17 08:46:00,715.678819657
2018-08-17 08:47:00,705.418944545
2018-08-17 08:48:00,715.678819657
2018-08-17 08:49:00,715.678819657
2018-08-17 08:50:00,725.93869477
2018-08-17 08:51:00,725.93869477
2018-08-17 08:52:00,725.93869477
2018-08-17 08:53:00,725.93869477
2018-08-17 08:54:00,725.93869477
2018-08-17 08:55:00,725.93869477
2018-08-17 08:56:00,725.93869477
2018-08-17 08:57:00,725.93869477
2018-08-17 08:58:00,736.198569882
2018-08-17 08:59:00,736.198569882
2018-08-17 09:00:00,736.198569882
2018-08-17 09:01:00,736.198569882
2018-08-17 09:02:00,736.198569882
2018-08-17 09:03:00,736.198569882
2018-08-17 09:04:00,736.198569882
2018-08-17 09:05:00,746.458444995
2018-08-17 09:06:00,746.458444995
2018-08-17 09:07:00,746.458444995
2018-08-17 09:08:00,746.458444995
2018-08-17 09:09:00,736.198569882
2018-08-17 09:10:00,736.198569882
2018-08-17 09:11:00,725.93869477
2018-08-17 09:12:00,736.198569882
2018-08-17 09:13:00,736.198569882
2018-08-17 09:14:00,736.198569882
2018-08-17 09:15:00,736.198569882
2018-08-17 09:16:00,736.198569882
2018-08-17 09:17:00,736.198569882
2018-08-17 09:18:00,725.93869477
2018-08-17 09:19:00,736.198569882
2018-08-17 09:20:00,736.198569882
2018-08-17 09:21:00,736.198569882
2018-08-17 09:22:00,736.198569882
2018-08-17 09:23:00,736.198569882
2018-08-17 09:24:00,736.198569882
2018-08-17 09:25:00,736.198569882
2018-08-17 09:26:00,736.198569882
2018-08-17 09:27:00,736.198569882
2018-08-17 09:28:00,736.198569882
2018-08-17 09:29:00,736.198569882
2018-08-17 09:30:00,736.198569882
2018-08-17 09:31:00,736.198569882
2018-08-17 09:32:00,736.198569882
2018-08-17 09:33:00,736.198569882
2018-08-17 09:34:00,725.93869477
2018-08-17 09:35:00,725.93869477
2018-08-17 09:36:00,725.93869477
2018-08-17 09:37:00,725.93869477
2018-08-17 09:38:00,725.93869477
2018-08-17 09:39:00,725.93869477
2018-08-17 09:40:00,725.93869477
2018-08-17 09:41:00,725.93869477
2018-08-17 09:42:00,725.93869477
2018-08-17 09:43:00,725.93869477
2018-08-17 09:44:00,725.93869477
2018-08-17 09:45:00,725.93869477
2018-08-17 09:46:00,725.93869477
2018-08-17 09:47:00,705.418944545
2018-08-17 09:48:00,705.418944545
2018-08-17 09:49:00,705.418944545
2018-08-17 09:50:00,705.418944545
2018-08-17 09:51:00,684.89919432
2018-08-17 09:52:00,674.639319207
2018-08-17 09:53:00,684.89919432
2018-08-17 09:54:00,684.89919432
2018-08-17 09:55:00,684.89919432
2018-08-17 09:56:00,684.89919432
2018-08-17 09:57:00,684.89919432
2018-08-17 09:58:00,684.89919432
2018-08-17 09:59:00,684.89919432
2018-08-17 10:00:00,684.89919432
2018-08-17 10:01:00,684.89919432
2018-08-17 10:02:00,674.639319207
2018-08-17 10:03:00,684.89919432
2018-08-17 10:04:00,674.639319207
2018-08-17 10:05:00,674.639319207
2018-08-17 10:06:00,664.379444095
2018-08-17 10:07:00,654.119568982
2018-08-17 10:08:00,654.119568982
2018-08-17 10:09:00,654.119568982
2018-08-17 10:10:00,654.119568982
2018-08-17 10:11:00,654.119568982
2018-08-17 10:12:00,643.85969387
2018-08-17 10:13:00,643.85969387
2018-08-17 10:14:00,654.119568982
2018-08-17 10:15:00,643.85969387
2018-08-17 10:16:00,633.599818757
2018-08-17 10:17:00,633.599818757
2018-08-17 10:18:00,633.599818757
2018-08-17 10:19:00,633.599818757
2018-08-17 10:20:00,633.599818757
2018-08-17 10:21:00,643.85969387
2018-08-17 10:22:00,643.85969387
2018-08-17 10:23:00,643.85969387
2018-08-17 10:24:00,633.599818757
2018-08-17 10:25:00,643.85969387
2018-08-17 10:26:00,643.85969387
2018-08-17 10:27:00,643.85969387
2018-08-17 10:28:00,643.85969387
2018-08-17 10:29:00,643.85969387
2018-08-17 10:30:00,643.85969387
2018-08-17 10:31:00,643.85969387
2018-08-17 10:32:00,643.85969387
2018-08-17 10:33:00,643.85969387
2018-08-17 10:34:00,643.85969387
2018-08-17 10:35:00,643.85969387
2018-08-17 10:36:00,643.85969387
2018-08-17 10:37:00,643.85969387
2018-08-17 10:38:00,633.599818757
2018-08-17 10:39:00,633.599818757
2018-08-17 10:40:00,633.599818757
2018-08-17 10:41:00,633.599818757
2018-08-17 10:42:00,633.599818757
2018-08-17 10:43:00,633.599818757
2018-08-17 10:44:00,633.599818757
2018-08-17 10:45:00,643.85969387
2018-08-17 10:46:00,633.599818757
2018-08-17 10:47:00,633.599818757
2018-08-17 10:48:00,633.599818757
2018-08-17 10:49:00,633.599818757
2018-08-17 10:50:00,633.599818757
2018-08-17 10:51:00,633.599818757
2018-08-17 10:52:00,633.599818757
2018-08-17 10:53:00,633.599818757
2018-08-17 10:54:00,633.599818757
2018-08-17 10:55:00,633.599818757
2018-08-17 10:56:00,623.339943645
2018-08-17 10:57:00,623.339943645
2018-08-17 10:58:00,623.339943645
2018-08-17 10:59:00,623.339943645
2018-08-17 11:00:00,623.339943645
2018-08-17 11:01:00,623.339943645
2018-08-17 11:02:00,623.339943645
2018-08-17 11:03:00,623.339943645
2018-08-17 11:04:00,623.339943645
2018-08-17 11:05:00,623.339943645
2018-08-17 11:06:00,623.339943645
2018-08-17 11:07:00,623.339943645
2018-08-17 11:08:00,623.339943645
2018-08-17 11:09:00,623.339943645
2018-08-17 11:10:00,623.339943645
2018-08-17 11:11:00,623.339943645
2018-08-17 11:12:00,623.339943645
2018-08-17 11:13:00,623.339943645
2018-08-17 11:14:00,623.339943645
2018-08-17 11:15:00,623.339943645
2018-08-17 11:16:00,623.339943645
2018-08-17 11:17:00,623.339943645
2018-08-17 11:18:00,623.339943645
2018-08-17 11:19:00,633.599818757
2018-08-17 11:20:00,633.599818757
2018-08-17 11:21:00,633.599818757
2018-08-17 11:22:00,643.85969387
2018-08-17 11:23:00,643.85969387
2018-08-17 11:24:00,633.599818757
2018-08-17 11:25:00,633.599818757
2018-08-17 11:26:00,633.599818757
2018-08-17 11:27:00,633.599818757
2018-08-17 11:28:00,633.599818757
2018-08-17 11:29:00,633.599818757
2018-08-17 11:30:00,633.599818757
2018-08-17 11:31:00,623.339943645
2018-08-17 11:32:00,623.339943645
2018-08-17 11:33:00,623.339943645
2018-08-17 11:34:00,633.599818757
2018-08-17 11:35:00,633.599818757
2018-08-17 11:36:00,643.85969387
2018-08-17 11:37:00,643.85969387
2018-08-17 11:38:00,643.85969387
2018-08-17 11:39:00,643.85969387
2018-08-17 11:40:00,633.599818757
2018-08-17 11:41:00,633.599818757
2018-08-17 11:42:00,633.599818757
2018-08-17 11:43:00,633.599818757
2018-08-17 11:44:00,633.599818757
2018-08-17 11:45:00,633.599818757
2018-08-17 11:46:00,633.599818757
2018-08-17 11:47:00,633.599818757
2018-08-17 11:48:00,623.339943645
2018-08-17 11:49:00,623.339943645
2018-08-17 11:50:00,623.339943645
2018-08-17 11:51:00,623.339943645
2018-08-17 11:52:00,623.339943645
2018-08-17 11:53:00,623.339943645
2018-08-17 11:54:00,623.339943645
2018-08-17 11:55:00,623.339943645
2018-08-17 11:56:00,623.339943645
2018-08-17 11:57:00,623.339943645
2018-08-17 11:58:00,613.080068532
2018-08-17 11:59:00,633.599818757
2018-08-20 02:02:00,611.675972807
2018-08-20 02:03:00,633.599245607
2018-08-20 02:04:00,644.560882007
2018-08-20 02:05:00,644.560882007
2018-08-20 02:06:00,655.522518407
2018-08-20 02:07:00,644.560882007
2018-08-20 02:08:00,644.560882007
2018-08-20 02:09:00,644.560882007
2018-08-20 02:10:00,644.560882007
2018-08-20 02:11:00,644.560882007
2018-08-20 02:12:00,644.560882007
2018-08-20 02:13:00,644.560882007
2018-08-20 02:14:00,644.560882007
2018-08-20 02:15:00,644.560882007
2018-08-20 02:16:00,633.599245607
2018-08-20 02:17:00,644.560882007
2018-08-20 02:18:00,644.560882007
2018-08-20 02:19:00,644.560882007
2018-08-20 02:20:00,633.599245607
2018-08-20 02:21:00,644.560882007
2018-08-20 02:22:00,633.599245607
2018-08-20 02:23:00,644.560882007
2018-08-20 02:24:00,644.560882007
2018-08-20 02:25:00,644.560882007
2018-08-20 02:26:00,644.560882007
2018-08-20 02:27:00,644.560882007
2018-08-20 02:28:00,644.560882007
2018-08-20 02:29:00,633.599245607
2018-08-20 02:30:00,633.599245607
2018-08-20 02:31:00,622.637609207
2018-08-20 02:32:00,622.637609207
2018-08-20 02:33:00,622.637609207
2018-08-20 02:34:00,622.637609207
2018-08-20 02:35:00,622.637609207
2018-08-20 02:36:00,622.637609207
2018-08-20 02:37:00,622.637609207
2018-08-20 02:38:00,622.637609207
2018-08-20 02:39:00,622.637609207
2018-08-20 02:40:00,622.637609207
2018-08-20 02:41:00,622.637609207
2018-08-20 02:42:00,622.637609207
2018-08-20 02:43:00,622.637609207
2018-08-20 02:44:00,622.637609207
2018-08-20 02:45:00,600.714336407
2018-08-20 02:46:00,600.714336407
2018-08-20 02:47:00,600.714336407
2018-08-20 02:48:00,600.714336407
2018-08-20 02:49:00,600.714336407
2018-08-20 02:50:00,600.714336407
2018-08-20 02:51:00,600.714336407
2018-08-20 02:52:00,600.714336407
2018-08-20 02:53:00,600.714336407
2018-08-20 02:54:00,600.714336407
2018-08-20 02:55:00,611.675972807
2018-08-20 02:56:00,600.714336407
2018-08-20 02:57:00,600.714336407
2018-08-20 02:58:00,600.714336407
2018-08-20 02:59:00,589.752700007
2018-08-20 03:00:00,589.752700007
2018-08-20 03:01:00,589.752700007
2018-08-20 03:02:00,589.752700007
2018-08-20 03:03:00,589.752700007
2018-08-20 03:04:00,578.791063607
2018-08-20 03:05:00,578.791063607
2018-08-20 03:06:00,589.752700007
2018-08-20 03:07:00,589.752700007
2018-08-20 03:08:00,589.752700007
2018-08-20 03:09:00,600.714336407
2018-08-20 03:10:00,600.714336407
2018-08-20 03:11:00,589.752700007
2018-08-20 03:12:00,600.714336407
2018-08-20 03:13:00,600.714336407
2018-08-20 03:14:00,600.714336407
2018-08-20 03:15:00,611.675972807
2018-08-20 03:16:00,600.714336407
2018-08-20 03:17:00,611.675972807
2018-08-20 03:18:00,611.675972807
2018-08-20 03:19:00,600.714336407
2018-08-20 03:20:00,589.752700007
2018-08-20 03:21:00,589.752700007
2018-08-20 03:22:00,600.714336407
2018-08-20 03:23:00,589.752700007
2018-08-20 03:24:00,589.752700007
2018-08-20 03:25:00,589.752700007
2018-08-20 03:26:00,589.752700007
2018-08-20 03:27:00,589.752700007
2018-08-20 03:28:00,589.752700007
2018-08-20 03:29:00,578.791063607
2018-08-20 03:30:00,578.791063607
2018-08-20 03:31:00,578.791063607
2018-08-20 03:32:00,578.791063607
2018-08-20 03:33:00,578.791063607
2018-08-20 03:34:00,578.791063607
2018-08-20 03:35:00,578.791063607
2018-08-20 03:36:00,578.791063607
2018-08-20 03:37:00,578.791063607
2018-08-20 03:38:00,578.791063607
2018-08-20 03:39:00,578.791063607
2018-08-20 03:40:00,578.791063607
2018-08-20 03:41:00,578.791063607
2018-08-20 03:42:00,589.752700007
2018-08-20 03:43:00,589.752700007
2018-08-20 03:44:00,600.714336407
2018-08-20 03:45:00,600.714336407
2018-08-20 03:46:00,600.714336407
2018-08-20 03:47:00,600.714336407
2018-08-20 03:48:00,600.714336407
2018-08-20 03:49:00,600.714336407
2018-08-20 03:50:00,600.714336407
2018-08-20 03:51:00,600.714336407
2018-08-20 03:52:00,600.714336407
2018-08-20 03:53:00,600.714336407
2018-08-20 03:54:00,600.714336407
2018-08-20 03:55:00,600.714336407
2018-08-20 03:56:00,600.714336407
2018-08-20 03:57:00,600.714336407
2018-08-20 03:58:00,600.714336407
2018-08-20 03:59:00,600.714336407
2018-08-20 04:00:00,600.714336407
2018-08-20 04:01:00,589.752700007
2018-08-20 04:02:00,589.752700007
2018-08-20 04:03:00,589.752700007
2018-08-20 04:04:00,578.791063607
2018-08-20 04:05:00,578.791063607
2018-08-20 04:06:00,578.791063607
2018-08-20 04:07:00,578.791063607
2018-08-20 04:08:00,567.829427207
2018-08-20 04:09:00,578.791063607
2018-08-20 04:10:00,578.791063607
2018-08-20 04:11:00,589.752700007
2018-08-20 04:12:00,600.714336407
2018-08-20 04:13:00,600.714336407
2018-08-20 04:14:00,600.714336407
2018-08-20 04:15:00,600.714336407
2018-08-20 04:16:00,600.714336407
2018-08-20 04:17:00,600.714336407
2018-08-20 04:18:00,600.714336407
2018-08-20 04:19:00,600.714336407
2018-08-20 04:20:00,600.714336407
2018-08-20 04:21:00,600.714336407
2018-08-20 04:22:00,600.714336407
2018-08-20 04:23:00,600.714336407
2018-08-20 04:24:00,600.714336407
2018-08-20 04:25:00,600.714336407
2018-08-20 04:26:00,600.714336407
2018-08-20 04:27:00,600.714336407
2018-08-20 04:28:00,600.714336407
2018-08-20 04:29:00,589.752700007
2018-08-20 04:30:00,578.791063607
2018-08-20 04:31:00,578.791063607
2018-08-20 04:32:00,578.791063607
2018-08-20 04:33:00,578.791063607
2018-08-20 04:34:00,589.752700007
2018-08-20 04:35:00,589.752700007
2018-08-20 04:36:00,589.752700007
2018-08-20 04:37:00,589.752700007
2018-08-20 04:38:00,589.752700007
2018-08-20 04:39:00,600.714336407
2018-08-20 04:40:00,600.714336407
2018-08-20 04:41:00,600.714336407
2018-08-20 04:42:00,600.714336407
2018-08-20 04:43:00,578.791063607
2018-08-20 04:44:00,578.791063607
2018-08-20 04:45:00,578.791063607
2018-08-20 04:46:00,578.791063607
2018-08-20 04:47:00,589.752700007
2018-08-20 04:48:00,589.752700007
2018-08-20 04:49:00,589.752700007
2018-08-20 04:50:00,589.752700007
2018-08-20 04:51:00,589.752700007
2018-08-20 04:52:00,589.752700007
2018-08-20 04:53:00,589.752700007
2018-08-20 04:54:00,589.752700007
2018-08-20 04:55:00,600.714336407
2018-08-20 04:56:00,589.752700007
2018-08-20 04:57:00,589.752700007
2018-08-20 04:58:00,589.752700007
2018-08-20 04:59:00,600.714336407
2018-08-20 05:00:00,600.714336407
2018-08-20 05:01:00,600.714336407
2018-08-20 05:02:00,600.714336407
2018-08-20 05:03:00,600.714336407
2018-08-20 05:04:00,600.714336407
2018-08-20 05:05:00,600.714336407
2018-08-20 05:06:00,600.714336407
2018-08-20 05:07:00,600.714336407
2018-08-20 05:08:00,600.714336407
2018-08-20 05:09:00,600.714336407
2018-08-20 05:10:00,600.714336407
2018-08-20 05:11:00,600.714336407
2018-08-20 05:12:00,600.714336407
2018-08-20 05:13:00,600.714336407
2018-08-20 05:14:00,600.714336407
2018-08-20 05:15:00,600.714336407
2018-08-20 05:16:00,600.714336407
2018-08-20 05:17:00,600.714336407
2018-08-20 05:18:00,600.714336407
2018-08-20 05:19:00,600.714336407
2018-08-20 05:20:00,600.714336407
2018-08-20 05:21:00,600.714336407
2018-08-20 05:22:00,611.675972807
2018-08-20 05:23:00,611.675972807
2018-08-20 05:24:00,611.675972807
2018-08-20 05:25:00,611.675972807
2018-08-20 05:26:00,611.675972807
2018-08-20 05:27:00,611.675972807
2018-08-20 05:28:00,611.675972807
2018-08-20 05:29:00,611.675972807
2018-08-20 05:30:00,611.675972807
2018-08-20 05:31:00,611.675972807
2018-08-20 05:32:00,600.714336407
2018-08-20 05:33:00,600.714336407
2018-08-20 05:34:00,600.714336407
2018-08-20 05:35:00,600.714336407
2018-08-20 05:36:00,600.714336407
2018-08-20 05:37:00,600.714336407
2018-08-20 05:38:00,600.714336407
2018-08-20 05:39:00,600.714336407
2018-08-20 05:40:00,600.714336407
2018-08-20 05:41:00,600.714336407
2018-08-20 05:42:00,600.714336407
2018-08-20 05:43:00,600.714336407
2018-08-20 05:44:00,600.714336407
2018-08-20 05:45:00,600.714336407
2018-08-20 05:46:00,589.752700007
2018-08-20 05:47:00,600.714336407
2018-08-20 05:48:00,600.714336407
2018-08-20 05:49:00,600.714336407
2018-08-20 05:50:00,600.714336407
2018-08-20 05:51:00,611.675972807
2018-08-20 05:52:00,611.675972807
2018-08-20 05:53:00,611.675972807
2018-08-20 05:54:00,611.675972807
2018-08-20 05:55:00,611.675972807
2018-08-20 05:56:00,611.675972807
2018-08-20 05:57:00,611.675972807
2018-08-20 05:58:00,611.675972807
2018-08-20 05:59:00,611.675972807
2018-08-20 06:00:00,611.675972807
2018-08-20 06:01:00,600.714336407
2018-08-20 06:02:00,600.714336407
2018-08-20 06:03:00,600.714336407
2018-08-20 06:04:00,600.714336407
2018-08-20 06:05:00,600.714336407
2018-08-20 06:06:00,600.714336407
2018-08-20 06:07:00,600.714336407
2018-08-20 06:08:00,611.675972807
2018-08-20 06:09:00,611.675972807
2018-08-20 06:10:00,611.675972807
2018-08-20 06:11:00,611.675972807
2018-08-20 06:12:00,611.675972807
2018-08-20 06:13:00,611.675972807
2018-08-20 06:14:00,611.675972807
2018-08-20 06:15:00,611.675972807
2018-08-20 06:16:00,600.714336407
2018-08-20 06:17:00,600.714336407
2018-08-20 06:18:00,600.714336407
2018-08-20 06:19:00,600.714336407
2018-08-20 06:20:00,600.714336407
2018-08-20 06:21:00,589.752700007
2018-08-20 06:22:00,600.714336407
2018-08-20 06:23:00,600.714336407
2018-08-20 06:24:00,600.714336407
2018-08-20 06:25:00,600.714336407
2018-08-20 06:26:00,600.714336407
2018-08-20 06:27:00,600.714336407
2018-08-20 06:28:00,600.714336407
2018-08-20 06:29:00,600.714336407
2018-08-20 06:30:00,600.714336407
2018-08-20 06:31:00,600.714336407
2018-08-20 06:32:00,600.714336407
2018-08-20 06:33:00,600.714336407
2018-08-20 06:34:00,600.714336407
2018-08-20 06:35:00,589.752700007
2018-08-20 06:36:00,589.752700007
2018-08-20 06:37:00,589.752700007
2018-08-20 06:38:00,578.791063607
2018-08-20 06:39:00,578.791063607
2018-08-20 06:40:00,578.791063607
2018-08-20 06:41:00,578.791063607
2018-08-20 06:42:00,578.791063607
2018-08-20 06:43:00,589.752700007
2018-08-20 06:44:00,589.752700007
2018-08-20 06:45:00,589.752700007
2018-08-20 06:46:00,589.752700007
2018-08-20 06:47:00,589.752700007
2018-08-20 06:48:00,589.752700007
2018-08-20 06:49:00,589.752700007
2018-08-20 06:50:00,589.752700007
2018-08-20 06:51:00,589.752700007
2018-08-20 06:52:00,600.714336407
2018-08-20 06:53:00,600.714336407
2018-08-20 06:54:00,589.752700007
2018-08-20 06:55:00,589.752700007
2018-08-20 06:56:00,600.714336407
2018-08-20 06:57:00,600.714336407
2018-08-20 06:58:00,600.714336407
2018-08-20 06:59:00,600.714336407
2018-08-20 07:00:00,600.714336407
2018-08-20 07:01:00,600.714336407
2018-08-20 07:02:00,600.714336407
2018-08-20 07:03:00,600.714336407
2018-08-20 07:04:00,600.714336407
2018-08-20 07:05:00,600.714336407
2018-08-20 07:06:00,600.714336407
2018-08-20 07:07:00,600.714336407
2018-08-20 07:08:00,600.714336407
2018-08-20 07:09:00,600.714336407
2018-08-20 07:10:00,600.714336407
2018-08-20 07:11:00,600.714336407
2018-08-20 07:12:00,600.714336407
2018-08-20 07:13:00,600.714336407
2018-08-20 07:14:00,611.675972807
2018-08-20 07:15:00,611.675972807
2018-08-20 07:16:00,611.675972807
2018-08-20 07:17:00,611.675972807
2018-08-20 07:18:00,611.675972807
2018-08-20 07:19:00,611.675972807
2018-08-20 07:20:00,611.675972807
2018-08-20 07:21:00,622.637609207
2018-08-20 07:22:00,611.675972807
2018-08-20 07:23:00,622.637609207
2018-08-20 07:24:00,622.637609207
2018-08-20 07:25:00,622.637609207
2018-08-20 07:26:00,633.599245607
2018-08-20 07:27:00,633.599245607
2018-08-20 07:28:00,633.599245607
2018-08-20 07:29:00,633.599245607
2018-08-20 07:30:00,633.599245607
2018-08-20 07:31:00,622.637609207
2018-08-20 07:32:00,622.637609207
2018-08-20 07:33:00,622.637609207
2018-08-20 07:34:00,622.637609207
2018-08-20 07:35:00,622.637609207
2018-08-20 07:36:00,622.637609207
2018-08-20 07:37:00,611.675972807
2018-08-20 07:38:00,611.675972807
2018-08-20 07:39:00,611.675972807
2018-08-20 07:40:00,600.714336407
2018-08-20 07:41:00,611.675972807
2018-08-20 07:42:00,622.637609207
2018-08-20 07:43:00,622.637609207
2018-08-20 07:44:00,622.637609207
2018-08-20 07:45:00,622.637609207
2018-08-20 07:46:00,644.560882007
2018-08-20 07:47:00,655.522518407
2018-08-20 07:48:00,666.484154807
2018-08-20 07:49:00,655.522518407
2018-08-20 07:50:00,655.522518407
2018-08-20 07:51:00,655.522518407
2018-08-20 07:52:00,655.522518407
2018-08-20 07:53:00,655.522518407
2018-08-20 07:54:00,655.522518407
2018-08-20 07:55:00,655.522518407
2018-08-20 07:56:00,655.522518407
2018-08-20 07:57:00,644.560882007
2018-08-20 07:58:00,644.560882007
2018-08-20 07:59:00,655.522518407
2018-08-20 08:00:00,655.522518407
2018-08-20 08:01:00,655.522518407
2018-08-20 08:02:00,655.522518407
2018-08-20 08:03:00,655.522518407
2018-08-20 08:04:00,644.560882007
2018-08-20 08:05:00,655.522518407
2018-08-20 08:06:00,655.522518407
2018-08-20 08:07:00,644.560882007
2018-08-20 08:08:00,644.560882007
2018-08-20 08:09:00,644.560882007
2018-08-20 08:10:00,644.560882007
2018-08-20 08:11:00,644.560882007
2018-08-20 08:12:00,644.560882007
2018-08-20 08:13:00,644.560882007
2018-08-20 08:14:00,644.560882007
2018-08-20 08:15:00,644.560882007
2018-08-20 08:16:00,644.560882007
2018-08-20 08:17:00,644.560882007
2018-08-20 08:18:00,644.560882007
2018-08-20 08:19:00,644.560882007
2018-08-20 08:20:00,644.560882007
2018-08-20 08:21:00,655.522518407
2018-08-20 08:22:00,655.522518407
2018-08-20 08:23:00,655.522518407
2018-08-20 08:24:00,655.522518407
2018-08-20 08:25:00,666.484154807
2018-08-20 08:26:00,666.484154807
2018-08-20 08:27:00,677.445791207
2018-08-20 08:28:00,666.484154807
2018-08-20 08:29:00,666.484154807
2018-08-20 08:30:00,677.445791207
2018-08-20 08:31:00,688.407427607
2018-08-20 08:32:00,699.369064007
2018-08-20 08:33:00,699.369064007
2018-08-20 08:34:00,699.369064007
2018-08-20 08:35:00,677.445791207
2018-08-20 08:36:00,677.445791207
2018-08-20 08:37:00,677.445791207
2018-08-20 08:38:00,677.445791207
2018-08-20 08:39:00,677.445791207
2018-08-20 08:40:00,666.484154807
2018-08-20 08:41:00,666.484154807
2018-08-20 08:42:00,666.484154807
2018-08-20 08:43:00,688.407427607
2018-08-20 08:44:00,688.407427607
2018-08-20 08:45:00,688.407427607
2018-08-20 08:46:00,688.407427607
2018-08-20 08:47:00,688.407427607
2018-08-20 08:48:00,688.407427607
2018-08-20 08:49:00,688.407427607
2018-08-20 08:50:00,699.369064007
2018-08-20 08:51:00,699.369064007
2018-08-20 08:52:00,699.369064007
2018-08-20 08:53:00,699.369064007
2018-08-20 08:54:00,699.369064007
2018-08-20 08:55:00,699.369064007
2018-08-20 08:56:00,699.369064007
2018-08-20 08:57:00,699.369064007
2018-08-20 08:58:00,688.407427607
2018-08-20 08:59:00,699.369064007
2018-08-20 09:00:00,688.407427607
2018-08-20 09:01:00,699.369064007
2018-08-20 09:02:00,688.407427607
2018-08-20 09:03:00,688.407427607
2018-08-20 09:04:00,688.407427607
2018-08-20 09:05:00,688.407427607
2018-08-20 09:06:00,688.407427607
2018-08-20 09:07:00,688.407427607
2018-08-20 09:08:00,677.445791207
2018-08-20 09:09:00,666.484154807
2018-08-20 09:10:00,666.484154807
2018-08-20 09:11:00,666.484154807
2018-08-20 09:12:00,666.484154807
2018-08-20 09:13:00,677.445791207
2018-08-20 09:14:00,677.445791207
2018-08-20 09:15:00,677.445791207
2018-08-20 09:16:00,688.407427607
2018-08-20 09:17:00,677.445791207
2018-08-20 09:18:00,677.445791207
2018-08-20 09:19:00,677.445791207
2018-08-20 09:20:00,677.445791207
2018-08-20 09:21:00,677.445791207
2018-08-20 09:22:00,677.445791207
2018-08-20 09:23:00,677.445791207
2018-08-20 09:24:00,688.407427607
2018-08-20 09:25:00,677.445791207
2018-08-20 09:26:00,677.445791207
2018-08-20 09:27:00,677.445791207
2018-08-20 09:28:00,677.445791207
2018-08-20 09:29:00,677.445791207
2018-08-20 09:30:00,688.407427607
2018-08-20 09:31:00,688.407427607
2018-08-20 09:32:00,688.407427607
2018-08-20 09:33:00,688.407427607
2018-08-20 09:34:00,699.369064007
2018-08-20 09:35:00,699.369064007
2018-08-20 09:36:00,688.407427607
2018-08-20 09:37:00,688.407427607
2018-08-20 09:38:00,688.407427607
2018-08-20 09:39:00,688.407427607
2018-08-20 09:40:00,688.407427607
2018-08-20 09:41:00,688.407427607
2018-08-20 09:42:00,699.369064007
2018-08-20 09:43:00,699.369064007
2018-08-20 09:44:00,699.369064007
2018-08-20 09:45:00,699.369064007
2018-08-20 09:46:00,699.369064007
2018-08-20 09:47:00,699.369064007
2018-08-20 09:48:00,699.369064007
2018-08-20 09:49:00,699.369064007
2018-08-20 09:50:00,710.330700407
2018-08-20 09:51:00,710.330700407
2018-08-20 09:52:00,710.330700407
2018-08-20 09:53:00,710.330700407
2018-08-20 09:54:00,721.292336807
2018-08-20 09:55:00,721.292336807
2018-08-20 09:56:00,721.292336807
2018-08-20 09:57:00,710.330700407
2018-08-20 09:58:00,721.292336807
2018-08-20 09:59:00,710.330700407
2018-08-20 10:00:00,710.330700407
2018-08-20 10:01:00,721.292336807
2018-08-20 10:02:00,721.292336807
2018-08-20 10:03:00,721.292336807
2018-08-20 10:04:00,721.292336807
2018-08-20 10:05:00,721.292336807
2018-08-20 10:06:00,732.253973207
2018-08-20 10:07:00,732.253973207
2018-08-20 10:08:00,732.253973207
2018-08-20 10:09:00,732.253973207
2018-08-20 10:10:00,732.253973207
2018-08-20 10:11:00,732.253973207
2018-08-20 10:12:00,732.253973207
2018-08-20 10:13:00,732.253973207
2018-08-20 10:14:00,732.253973207
2018-08-20 10:15:00,732.253973207
2018-08-20 10:16:00,732.253973207
2018-08-20 10:17:00,732.253973207
2018-08-20 10:18:00,732.253973207
2018-08-20 10:19:00,732.253973207
2018-08-20 10:20:00,721.292336807
2018-08-20 10:21:00,732.253973207
2018-08-20 10:22:00,732.253973207
2018-08-20 10:23:00,732.253973207
2018-08-20 10:24:00,721.292336807
2018-08-20 10:25:00,721.292336807
2018-08-20 10:26:00,721.292336807
2018-08-20 10:27:00,710.330700407
2018-08-20 10:28:00,721.292336807
2018-08-20 10:29:00,721.292336807
2018-08-20 10:30:00,721.292336807
2018-08-20 10:31:00,721.292336807
2018-08-20 10:32:00,721.292336807
2018-08-20 10:33:00,721.292336807
2018-08-20 10:34:00,721.292336807
2018-08-20 10:35:00,710.330700407
2018-08-20 10:36:00,710.330700407
2018-08-20 10:37:00,710.330700407
2018-08-20 10:38:00,710.330700407
2018-08-20 10:39:00,710.330700407
2018-08-20 10:40:00,710.330700407
2018-08-20 10:41:00,710.330700407
2018-08-20 10:42:00,710.330700407
2018-08-20 10:43:00,710.330700407
2018-08-20 10:44:00,710.330700407
2018-08-20 10:45:00,710.330700407
2018-08-20 10:46:00,710.330700407
2018-08-20 10:47:00,710.330700407
2018-08-20 10:48:00,699.369064007
2018-08-20 10:49:00,699.369064007
2018-08-20 10:50:00,699.369064007
2018-08-20 10:51:00,699.369064007
2018-08-20 10:52:00,699.369064007
2018-08-20 10:53:00,699.369064007
2018-08-20 10:54:00,699.369064007
2018-08-20 10:55:00,699.369064007
2018-08-20 10:56:00,699.369064007
2018-08-20 10:57:00,699.369064007
2018-08-20 10:58:00,699.369064007
2018-08-20 10:59:00,688.407427607
2018-08-20 11:00:00,688.407427607
2018-08-20 11:01:00,688.407427607
2018-08-20 11:02:00,688.407427607
2018-08-20 11:03:00,688.407427607
2018-08-20 11:04:00,677.445791207
2018-08-20 11:05:00,677.445791207
2018-08-20 11:06:00,677.445791207
2018-08-20 11:07:00,677.445791207
2018-08-20 11:08:00,677.445791207
2018-08-20 11:09:00,699.369064007
2018-08-20 11:10:00,699.369064007
2018-08-20 11:11:00,699.369064007
2018-08-20 11:12:00,699.369064007
2018-08-20 11:13:00,699.369064007
2018-08-20 11:14:00,699.369064007
2018-08-20 11:15:00,699.369064007
2018-08-20 11:16:00,699.369064007
2018-08-20 11:17:00,699.369064007
2018-08-20 11:18:00,699.369064007
2018-08-20 11:19:00,688.407427607
2018-08-20 11:20:00,688.407427607
2018-08-20 11:21:00,688.407427607
2018-08-20 11:22:00,699.369064007
2018-08-20 11:23:00,699.369064007
2018-08-20 11:24:00,699.369064007
2018-08-20 11:25:00,699.369064007
2018-08-20 11:26:00,699.369064007
2018-08-20 11:27:00,699.369064007
2018-08-20 11:28:00,699.369064007
2018-08-20 11:29:00,699.369064007
2018-08-20 11:30:00,699.369064007
2018-08-20 11:31:00,699.369064007
2018-08-20 11:32:00,699.369064007
2018-08-20 11:33:00,699.369064007
2018-08-20 11:34:00,699.369064007
2018-08-20 11:35:00,699.369064007
2018-08-20 11:36:00,699.369064007
2018-08-20 11:37:00,699.369064007
2018-08-20 11:38:00,699.369064007
2018-08-20 11:39:00,699.369064007
2018-08-20 11:40:00,699.369064007
2018-08-20 11:41:00,699.369064007
2018-08-20 11:42:00,699.369064007
2018-08-20 11:43:00,699.369064007
2018-08-20 11:44:00,699.369064007
2018-08-20 11:45:00,699.369064007
2018-08-20 11:46:00,699.369064007
2018-08-20 11:47:00,699.369064007
2018-08-20 11:48:00,699.369064007
2018-08-20 11:49:00,699.369064007
2018-08-20 11:50:00,699.369064007
2018-08-20 11:51:00,699.369064007
2018-08-20 11:52:00,699.369064007
2018-08-20 11:53:00,699.369064007
2018-08-20 11:54:00,699.369064007
2018-08-20 11:55:00,699.369064007
2018-08-20 11:56:00,699.369064007
2018-08-20 11:57:00,699.369064007
2018-08-20 11:58:00,699.369064007
2018-08-20 11:59:00,710.330700407
2018-08-21 01:29:00,765.138882407
2018-08-21 01:30:00,710.330700407
2018-08-21 01:31:00,710.330700407
2018-08-21 01:32:00,710.330700407
2018-08-21 01:33:00,710.330700407
2018-08-21 01:34:00,732.253973207
2018-08-21 01:35:00,732.253973207
2018-08-21 01:36:00,732.253973207
2018-08-21 01:37:00,732.253973207
2018-08-21 01:38:00,732.253973207
2018-08-21 01:39:00,732.253973207
2018-08-21 01:40:00,732.253973207
2018-08-21 01:41:00,732.253973207
2018-08-21 01:42:00,732.253973207
2018-08-21 01:43:00,732.253973207
2018-08-21 01:44:00,732.253973207
2018-08-21 01:45:00,732.253973207
2018-08-21 01:46:00,732.253973207
2018-08-21 01:47:00,732.253973207
2018-08-21 01:48:00,732.253973207
2018-08-21 01:49:00,732.253973207
2018-08-21 01:50:00,732.253973207
2018-08-21 01:51:00,732.253973207
2018-08-21 01:52:00,732.253973207
2018-08-21 01:53:00,732.253973207
2018-08-21 01:54:00,732.253973207
2018-08-21 01:55:00,732.253973207
2018-08-21 01:56:00,732.253973207
2018-08-21 01:57:00,732.253973207
2018-08-21 01:58:00,732.253973207
2018-08-21 01:59:00,732.253973207
2018-08-21 02:00:00,743.215609607
2018-08-21 02:01:00,732.253973207
2018-08-21 02:02:00,721.292336807
2018-08-21 02:03:00,732.253973207
2018-08-21 02:04:00,721.292336807
2018-08-21 02:05:00,710.330700407
2018-08-21 02:06:00,721.292336807
2018-08-21 02:07:00,721.292336807
2018-08-21 02:08:00,710.330700407
2018-08-21 02:09:00,710.330700407
2018-08-21 02:10:00,710.330700407
2018-08-21 02:11:00,710.330700407
2018-08-21 02:12:00,710.330700407
2018-08-21 02:13:00,710.330700407
2018-08-21 02:14:00,710.330700407
2018-08-21 02:15:00,710.330700407
2018-08-21 02:16:00,710.330700407
2018-08-21 02:17:00,710.330700407
2018-08-21 02:18:00,699.369064007
2018-08-21 02:19:00,688.407427607
2018-08-21 02:20:00,688.407427607
2018-08-21 02:21:00,688.407427607
2018-08-21 02:22:00,677.445791207
2018-08-21 02:23:00,666.484154807
2018-08-21 02:24:00,666.484154807
2018-08-21 02:25:00,677.445791207
2018-08-21 02:26:00,666.484154807
2018-08-21 02:27:00,677.445791207
2018-08-21 02:28:00,677.445791207
2018-08-21 02:29:00,677.445791207
2018-08-21 02:30:00,688.407427607
2018-08-21 02:31:00,688.407427607
2018-08-21 02:32:00,688.407427607
2018-08-21 02:33:00,688.407427607
2018-08-21 02:34:00,688.407427607
2018-08-21 02:35:00,688.407427607
2018-08-21 02:36:00,688.407427607
2018-08-21 02:37:00,688.407427607
2018-08-21 02:38:00,688.407427607
2018-08-21 02:39:00,688.407427607
2018-08-21 02:40:00,688.407427607
2018-08-21 02:41:00,688.407427607
2018-08-21 02:42:00,688.407427607
2018-08-21 02:43:00,688.407427607
2018-08-21 02:44:00,688.407427607
2018-08-21 02:45:00,688.407427607
2018-08-21 02:46:00,688.407427607
2018-08-21 02:47:00,688.407427607
2018-08-21 02:48:00,688.407427607
2018-08-21 02:49:00,688.407427607
2018-08-21 02:50:00,677.445791207
2018-08-21 02:51:00,677.445791207
2018-08-21 02:52:00,677.445791207
2018-08-21 02:53:00,677.445791207
2018-08-21 02:54:00,677.445791207
2018-08-21 02:55:00,666.484154807
2018-08-21 02:56:00,666.484154807
2018-08-21 02:57:00,655.522518407
2018-08-21 02:58:00,655.522518407
2018-08-21 02:59:00,655.522518407
2018-08-21 03:00:00,655.522518407
2018-08-21 03:01:00,655.522518407
2018-08-21 03:02:00,655.522518407
2018-08-21 03:03:00,655.522518407
2018-08-21 03:04:00,655.522518407
2018-08-21 03:05:00,655.522518407
2018-08-21 03:06:00,644.560882007
2018-08-21 03:07:00,644.560882007
2018-08-21 03:08:00,644.560882007
2018-08-21 03:09:00,644.560882007
2018-08-21 03:10:00,644.560882007
2018-08-21 03:11:00,644.560882007
2018-08-21 03:12:00,655.522518407
2018-08-21 03:13:00,655.522518407
2018-08-21 03:14:00,655.522518407
2018-08-21 03:15:00,655.522518407
2018-08-21 03:16:00,655.522518407
2018-08-21 03:17:00,655.522518407
2018-08-21 03:18:00,644.560882007
2018-08-21 03:19:00,644.560882007
2018-08-21 03:20:00,644.560882007
2018-08-21 03:21:00,644.560882007
2018-08-21 03:22:00,655.522518407
2018-08-21 03:23:00,655.522518407
2018-08-21 03:24:00,655.522518407
2018-08-21 03:25:00,655.522518407
2018-08-21 03:26:00,655.522518407
2018-08-21 03:27:00,655.522518407
2018-08-21 03:28:00,655.522518407
2018-08-21 03:29:00,655.522518407
2018-08-21 03:30:00,655.522518407
2018-08-21 03:31:00,655.522518407
2018-08-21 03:32:00,655.522518407
2018-08-21 03:33:00,655.522518407
2018-08-21 03:34:00,655.522518407
2018-08-21 03:35:00,655.522518407
2018-08-21 03:36:00,655.522518407
2018-08-21 03:37:00,655.522518407
2018-08-21 03:38:00,655.522518407
2018-08-21 03:39:00,655.522518407
2018-08-21 03:40:00,655.522518407
2018-08-21 03:41:00,655.522518407
2018-08-21 03:42:00,655.522518407
2018-08-21 03:43:00,655.522518407
2018-08-21 03:44:00,655.522518407
2018-08-21 03:45:00,655.522518407
2018-08-21 03:46:00,655.522518407
2018-08-21 03:47:00,655.522518407
2018-08-21 03:48:00,655.522518407
2018-08-21 03:49:00,655.522518407
2018-08-21 03:50:00,655.522518407
2018-08-21 03:51:00,655.522518407
2018-08-21 03:52:00,655.522518407
2018-08-21 03:53:00,655.522518407
2018-08-21 03:54:00,633.599245607
2018-08-21 03:55:00,633.599245607
2018-08-21 03:56:00,622.637609207
2018-08-21 03:57:00,622.637609207
2018-08-21 03:58:00,622.637609207
2018-08-21 03:59:00,622.637609207
2018-08-21 04:00:00,622.637609207
2018-08-21 04:01:00,622.637609207
2018-08-21 04:02:00,622.637609207
2018-08-21 04:03:00,622.637609207
2018-08-21 04:04:00,622.637609207
2018-08-21 04:05:00,622.637609207
2018-08-21 04:06:00,622.637609207
2018-08-21 04:07:00,622.637609207
2018-08-21 04:08:00,622.637609207
2018-08-21 04:09:00,622.637609207
2018-08-21 04:10:00,622.637609207
2018-08-21 04:11:00,622.637609207
2018-08-21 04:12:00,611.675972807
2018-08-21 04:13:00,611.675972807
2018-08-21 04:14:00,611.675972807
2018-08-21 04:15:00,611.675972807
2018-08-21 04:16:00,611.675972807
2018-08-21 04:17:00,611.675972807
2018-08-21 04:18:00,600.714336407
2018-08-21 04:19:00,600.714336407
2018-08-21 04:20:00,600.714336407
2018-08-21 04:21:00,589.752700007
2018-08-21 04:22:00,600.714336407
2018-08-21 04:23:00,589.752700007
2018-08-21 04:24:00,600.714336407
2018-08-21 04:25:00,600.714336407
2018-08-21 04:26:00,600.714336407
2018-08-21 04:27:00,589.752700007
2018-08-21 04:28:00,589.752700007
2018-08-21 04:29:00,589.752700007
2018-08-21 04:30:00,589.752700007
2018-08-21 04:31:00,589.752700007
2018-08-21 04:32:00,600.714336407
2018-08-21 04:33:00,589.752700007
2018-08-21 04:34:00,589.752700007
2018-08-21 04:35:00,589.752700007
2018-08-21 04:36:00,589.752700007
2018-08-21 04:37:00,589.752700007
2018-08-21 04:38:00,589.752700007
2018-08-21 04:39:00,589.752700007
2018-08-21 04:40:00,589.752700007
2018-08-21 04:41:00,589.752700007
2018-08-21 04:42:00,589.752700007
2018-08-21 04:43:00,578.791063607
2018-08-21 04:44:00,589.752700007
2018-08-21 04:45:00,589.752700007
2018-08-21 04:46:00,589.752700007
2018-08-21 04:47:00,589.752700007
2018-08-21 04:48:00,589.752700007
2018-08-21 04:49:00,589.752700007
2018-08-21 04:50:00,589.752700007
2018-08-21 04:51:00,589.752700007
2018-08-21 04:52:00,589.752700007
2018-08-21 04:53:00,589.752700007
2018-08-21 04:54:00,589.752700007
2018-08-21 04:55:00,589.752700007
2018-08-21 04:56:00,589.752700007
2018-08-21 04:57:00,589.752700007
2018-08-21 04:58:00,589.752700007
2018-08-21 04:59:00,589.752700007
2018-08-21 05:00:00,567.829427207
2018-08-21 05:01:00,567.829427207
2018-08-21 05:02:00,567.829427207
2018-08-21 05:03:00,567.829427207
2018-08-21 05:04:00,567.829427207
2018-08-21 05:05:00,578.791063607
2018-08-21 05:06:00,578.791063607
2018-08-21 05:07:00,578.791063607
2018-08-21 05:08:00,567.829427207
2018-08-21 05:09:00,567.829427207
2018-08-21 05:10:00,567.829427207
2018-08-21 05:11:00,567.829427207
2018-08-21 05:12:00,567.829427207
2018-08-21 05:13:00,567.829427207
2018-08-21 05:14:00,567.829427207
2018-08-21 05:15:00,567.829427207
2018-08-21 05:16:00,567.829427207
2018-08-21 05:17:00,567.829427207
2018-08-21 05:18:00,567.829427207
2018-08-21 05:19:00,567.829427207
2018-08-21 05:20:00,578.791063607
2018-08-21 05:21:00,578.791063607
2018-08-21 05:22:00,578.791063607
2018-08-21 05:23:00,567.829427207
2018-08-21 05:24:00,567.829427207
2018-08-21 05:25:00,567.829427207
2018-08-21 05:26:00,578.791063607
2018-08-21 05:27:00,578.791063607
2018-08-21 05:28:00,578.791063607
2018-08-21 05:29:00,578.791063607
2018-08-21 05:30:00,578.791063607
2018-08-21 05:31:00,578.791063607
2018-08-21 05:32:00,578.791063607
2018-08-21 05:33:00,578.791063607
2018-08-21 05:34:00,578.791063607
2018-08-21 05:35:00,589.752700007
2018-08-21 05:36:00,578.791063607
2018-08-21 05:37:00,578.791063607
2018-08-21 05:38:00,578.791063607
2018-08-21 05:39:00,578.791063607
2018-08-21 05:40:00,578.791063607
2018-08-21 05:41:00,578.791063607
2018-08-21 05:42:00,578.791063607
2018-08-21 05:43:00,578.791063607
2018-08-21 05:44:00,578.791063607
2018-08-21 05:45:00,578.791063607
2018-08-21 05:46:00,578.791063607
2018-08-21 05:47:00,578.791063607
2018-08-21 05:48:00,578.791063607
2018-08-21 05:49:00,578.791063607
2018-08-21 05:50:00,578.791063607
2018-08-21 05:51:00,578.791063607
2018-08-21 05:52:00,567.829427207
2018-08-21 05:53:00,567.829427207
2018-08-21 05:54:00,578.791063607
2018-08-21 05:55:00,578.791063607
2018-08-21 05:56:00,556.867790807
2018-08-21 05:57:00,556.867790807
2018-08-21 05:58:00,556.867790807
2018-08-21 05:59:00,556.867790807
2018-08-21 06:00:00,556.867790807
2018-08-21 06:01:00,556.867790807
2018-08-21 06:02:00,556.867790807
2018-08-21 06:03:00,556.867790807
2018-08-21 06:04:00,567.829427207
2018-08-21 06:05:00,567.829427207
2018-08-21 06:06:00,578.791063607
2018-08-21 06:07:00,567.829427207
2018-08-21 06:08:00,567.829427207
2018-08-21 06:09:00,567.829427207
2018-08-21 06:10:00,567.829427207
2018-08-21 06:11:00,567.829427207
2018-08-21 06:12:00,567.829427207
2018-08-21 06:13:00,567.829427207
2018-08-21 06:14:00,567.829427207
2018-08-21 06:15:00,567.829427207
2018-08-21 06:16:00,567.829427207
2018-08-21 06:17:00,567.829427207
2018-08-21 06:18:00,567.829427207
2018-08-21 06:19:00,567.829427207
2018-08-21 06:20:00,567.829427207
2018-08-21 06:21:00,567.829427207
2018-08-21 06:22:00,556.867790807
2018-08-21 06:23:00,556.867790807
2018-08-21 06:24:00,556.867790807
2018-08-21 06:25:00,556.867790807
2018-08-21 06:26:00,556.867790807
2018-08-21 06:27:00,556.867790807
2018-08-21 06:28:00,556.867790807
2018-08-21 06:29:00,556.867790807
2018-08-21 06:30:00,556.867790807
2018-08-21 06:31:00,567.829427207
2018-08-21 06:32:00,556.867790807
2018-08-21 06:33:00,556.867790807
2018-08-21 06:34:00,567.829427207
2018-08-21 06:35:00,567.829427207
2018-08-21 06:36:00,556.867790807
2018-08-21 06:37:00,556.867790807
2018-08-21 06:38:00,556.867790807
2018-08-21 06:39:00,556.867790807
2018-08-21 06:40:00,556.867790807
2018-08-21 06:41:00,556.867790807
2018-08-21 06:42:00,556.867790807
2018-08-21 06:43:00,556.867790807
2018-08-21 06:44:00,556.867790807
2018-08-21 06:45:00,556.867790807
2018-08-21 06:46:00,556.867790807
2018-08-21 06:47:00,556.867790807
2018-08-21 06:48:00,556.867790807
2018-08-21 06:49:00,556.867790807
2018-08-21 06:50:00,556.867790807
2018-08-21 06:51:00,556.867790807
2018-08-21 06:52:00,556.867790807
2018-08-21 06:53:00,556.867790807
2018-08-21 06:54:00,556.867790807
2018-08-21 06:55:00,556.867790807
2018-08-21 06:56:00,556.867790807
2018-08-21 06:57:00,556.867790807
2018-08-21 06:58:00,556.867790807
2018-08-21 06:59:00,556.867790807
2018-08-21 07:00:00,567.829427207
2018-08-21 07:01:00,567.829427207
2018-08-21 07:02:00,567.829427207
2018-08-21 07:03:00,567.829427207
2018-08-21 07:04:00,567.829427207
2018-08-21 07:05:00,567.829427207
2018-08-21 07:06:00,567.829427207
2018-08-21 07:07:00,567.829427207
2018-08-21 07:08:00,567.829427207
2018-08-21 07:09:00,567.829427207
2018-08-21 07:10:00,567.829427207
2018-08-21 07:11:00,567.829427207
2018-08-21 07:12:00,567.829427207
2018-08-21 07:13:00,567.829427207
2018-08-21 07:14:00,567.829427207
2018-08-21 07:15:00,567.829427207
2018-08-21 07:16:00,567.829427207
2018-08-21 07:17:00,567.829427207
2018-08-21 07:18:00,567.829427207
2018-08-21 07:19:00,567.829427207
2018-08-21 07:20:00,567.829427207
2018-08-21 07:21:00,567.829427207
2018-08-21 07:22:00,567.829427207
2018-08-21 07:23:00,567.829427207
2018-08-21 07:24:00,556.867790807
2018-08-21 07:25:00,556.867790807
2018-08-21 07:26:00,567.829427207
2018-08-21 07:27:00,567.829427207
2018-08-21 07:28:00,567.829427207
2018-08-21 07:29:00,567.829427207
2018-08-21 07:30:00,567.829427207
2018-08-21 07:31:00,578.791063607
2018-08-21 07:32:00,567.829427207
2018-08-21 07:33:00,567.829427207
2018-08-21 07:34:00,578.791063607
2018-08-21 07:35:00,578.791063607
2018-08-21 07:36:00,578.791063607
2018-08-21 07:37:00,578.791063607
2018-08-21 07:38:00,578.791063607
2018-08-21 07:39:00,578.791063607
2018-08-21 07:40:00,567.829427207
2018-08-21 07:41:00,567.829427207
2018-08-21 07:42:00,567.829427207
2018-08-21 07:43:00,556.867790807
2018-08-21 07:44:00,567.829427207
2018-08-21 07:45:00,567.829427207
2018-08-21 07:46:00,567.829427207
2018-08-21 07:47:00,567.829427207
2018-08-21 07:48:00,556.867790807
2018-08-21 07:49:00,556.867790807
2018-08-21 07:50:00,556.867790807
2018-08-21 07:51:00,556.867790807
2018-08-21 07:52:00,545.906154407
2018-08-21 07:53:00,545.906154407
2018-08-21 07:54:00,545.906154407
2018-08-21 07:55:00,545.906154407
2018-08-21 07:56:00,556.867790807
2018-08-21 07:57:00,556.867790807
2018-08-21 07:58:00,556.867790807
2018-08-21 07:59:00,556.867790807
2018-08-21 08:00:00,556.867790807
2018-08-21 08:01:00,556.867790807
2018-08-21 08:02:00,556.867790807
2018-08-21 08:03:00,556.867790807
2018-08-21 08:04:00,556.867790807
2018-08-21 08:05:00,567.829427207
2018-08-21 08:06:00,567.829427207
2018-08-21 08:07:00,567.829427207
2018-08-21 08:08:00,567.829427207
2018-08-21 08:09:00,567.829427207
2018-08-21 08:10:00,567.829427207
2018-08-21 08:11:00,567.829427207
2018-08-21 08:12:00,567.829427207
2018-08-21 08:13:00,567.829427207
2018-08-21 08:14:00,567.829427207
2018-08-21 08:15:00,567.829427207
2018-08-21 08:16:00,567.829427207
2018-08-21 08:17:00,567.829427207
2018-08-21 08:18:00,567.829427207
2018-08-21 08:19:00,567.829427207
2018-08-21 08:20:00,567.829427207
2018-08-21 08:21:00,567.829427207
2018-08-21 08:22:00,567.829427207
2018-08-21 08:23:00,567.829427207
2018-08-21 08:24:00,567.829427207
2018-08-21 08:25:00,567.829427207
2018-08-21 08:26:00,567.829427207
2018-08-21 08:27:00,556.867790807
2018-08-21 08:28:00,556.867790807
2018-08-21 08:29:00,556.867790807
2018-08-21 08:30:00,556.867790807
2018-08-21 08:31:00,556.867790807
2018-08-21 08:32:00,545.906154407
2018-08-21 08:33:00,556.867790807
2018-08-21 08:34:00,545.906154407
2018-08-21 08:35:00,545.906154407
2018-08-21 08:36:00,545.906154407
2018-08-21 08:37:00,545.906154407
2018-08-21 08:38:00,534.944518007
2018-08-21 08:39:00,534.944518007
2018-08-21 08:40:00,534.944518007
2018-08-21 08:41:00,534.944518007
2018-08-21 08:42:00,534.944518007
2018-08-21 08:43:00,534.944518007
2018-08-21 08:44:00,534.944518007
2018-08-21 08:45:00,534.944518007
2018-08-21 08:46:00,534.944518007
2018-08-21 08:47:00,534.944518007
2018-08-21 08:48:00,534.944518007
2018-08-21 08:49:00,534.944518007
2018-08-21 08:50:00,534.944518007
2018-08-21 08:51:00,523.982881607
2018-08-21 08:52:00,513.021245207
2018-08-21 08:53:00,502.059608807
2018-08-21 08:54:00,502.059608807
2018-08-21 08:55:00,502.059608807
2018-08-21 08:56:00,502.059608807
2018-08-21 08:57:00,502.059608807
2018-08-21 08:58:00,502.059608807
2018-08-21 08:59:00,502.059608807
2018-08-21 09:00:00,502.059608807
2018-08-21 09:01:00,502.059608807
2018-08-21 09:02:00,502.059608807
2018-08-21 09:03:00,502.059608807
2018-08-21 09:04:00,502.059608807
2018-08-21 09:05:00,502.059608807
2018-08-21 09:06:00,502.059608807
2018-08-21 09:07:00,502.059608807
2018-08-21 09:08:00,513.021245207
2018-08-21 09:09:00,513.021245207
2018-08-21 09:10:00,502.059608807
2018-08-21 09:11:00,513.021245207
2018-08-21 09:12:00,513.021245207
2018-08-21 09:13:00,513.021245207
2018-08-21 09:14:00,502.059608807
2018-08-21 09:15:00,502.059608807
2018-08-21 09:16:00,513.021245207
2018-08-21 09:17:00,513.021245207
2018-08-21 09:18:00,513.021245207
2018-08-21 09:19:00,513.021245207
2018-08-21 09:20:00,513.021245207
2018-08-21 09:21:00,513.021245207
2018-08-21 09:22:00,502.059608807
2018-08-21 09:23:00,513.021245207
2018-08-21 09:24:00,513.021245207
2018-08-21 09:25:00,513.021245207
2018-08-21 09:26:00,513.021245207
2018-08-21 09:27:00,513.021245207
2018-08-21 09:28:00,523.982881607
2018-08-21 09:29:00,513.021245207
2018-08-21 09:30:00,534.944518007
2018-08-21 09:31:00,534.944518007
2018-08-21 09:32:00,534.944518007
2018-08-21 09:33:00,534.944518007
2018-08-21 09:34:00,534.944518007
2018-08-21 09:35:00,534.944518007
2018-08-21 09:36:00,534.944518007
2018-08-21 09:37:00,534.944518007
2018-08-21 09:38:00,534.944518007
2018-08-21 09:39:00,534.944518007
2018-08-21 09:40:00,534.944518007
2018-08-21 09:41:00,534.944518007
2018-08-21 09:42:00,534.944518007
2018-08-21 09:43:00,534.944518007
2018-08-21 09:44:00,534.944518007
2018-08-21 09:45:00,534.944518007
2018-08-21 09:46:00,534.944518007
2018-08-21 09:47:00,534.944518007
2018-08-21 09:48:00,534.944518007
2018-08-21 09:49:00,534.944518007
2018-08-21 09:50:00,534.944518007
2018-08-21 09:51:00,534.944518007
2018-08-21 09:52:00,534.944518007
2018-08-21 09:53:00,534.944518007
2018-08-21 09:54:00,534.944518007
2018-08-21 09:55:00,534.944518007
2018-08-21 09:56:00,534.944518007
2018-08-21 09:57:00,534.944518007
2018-08-21 09:58:00,534.944518007
2018-08-21 09:59:00,513.021245207
2018-08-21 10:00:00,513.021245207
2018-08-21 10:01:00,513.021245207
2018-08-21 10:02:00,513.021245207
2018-08-21 10:03:00,513.021245207
2018-08-21 10:04:00,513.021245207
2018-08-21 10:05:00,513.021245207
2018-08-21 10:06:00,534.944518007
2018-08-21 10:07:00,513.021245207
2018-08-21 10:08:00,513.021245207
2018-08-21 10:09:00,513.021245207
2018-08-21 10:10:00,513.021245207
2018-08-21 10:11:00,502.059608807
2018-08-21 10:12:00,502.059608807
2018-08-21 10:13:00,502.059608807
2018-08-21 10:14:00,502.059608807
2018-08-21 10:15:00,502.059608807
2018-08-21 10:16:00,513.021245207
2018-08-21 10:17:00,513.021245207
2018-08-21 10:18:00,513.021245207
2018-08-21 10:19:00,513.021245207
2018-08-21 10:20:00,513.021245207
2018-08-21 10:21:00,513.021245207
2018-08-21 10:22:00,491.097972407
2018-08-21 10:23:00,502.059608807
2018-08-21 10:24:00,502.059608807
2018-08-21 10:25:00,502.059608807
2018-08-21 10:26:00,480.136336007
2018-08-21 10:27:00,480.136336007
2018-08-21 10:28:00,491.097972407
2018-08-21 10:29:00,480.136336007
2018-08-21 10:30:00,491.097972407
2018-08-21 10:31:00,491.097972407
2018-08-21 10:32:00,491.097972407
2018-08-21 10:33:00,491.097972407
2018-08-21 10:34:00,491.097972407
2018-08-21 10:35:00,480.136336007
2018-08-21 10:36:00,491.097972407
2018-08-21 10:37:00,491.097972407
2018-08-21 10:38:00,491.097972407
2018-08-21 10:39:00,480.136336007
2018-08-21 10:40:00,491.097972407
2018-08-21 10:41:00,491.097972407
2018-08-21 10:42:00,491.097972407
2018-08-21 10:43:00,491.097972407
2018-08-21 10:44:00,491.097972407
2018-08-21 10:45:00,491.097972407
2018-08-21 10:46:00,491.097972407
2018-08-21 10:47:00,491.097972407
2018-08-21 10:48:00,480.136336007
2018-08-21 10:49:00,480.136336007
2018-08-21 10:50:00,480.136336007
2018-08-21 10:51:00,491.097972407
2018-08-21 10:52:00,469.174699607
2018-08-21 10:53:00,469.174699607
2018-08-21 10:54:00,469.174699607
2018-08-21 10:55:00,458.213063207
2018-08-21 10:56:00,458.213063207
2018-08-21 10:57:00,469.174699607
2018-08-21 10:58:00,469.174699607
2018-08-21 10:59:00,469.174699607
2018-08-21 11:00:00,469.174699607
2018-08-21 11:01:00,469.174699607
2018-08-21 11:02:00,469.174699607
2018-08-21 11:03:00,469.174699607
2018-08-21 11:04:00,436.289790407
2018-08-21 11:05:00,469.174699607
2018-08-21 11:06:00,447.251426807
2018-08-21 11:07:00,469.174699607
2018-08-21 11:08:00,469.174699607
2018-08-21 11:09:00,469.174699607
2018-08-21 11:10:00,469.174699607
2018-08-21 11:11:00,458.213063207
2018-08-21 11:12:00,458.213063207
2018-08-21 11:13:00,458.213063207
2018-08-21 11:14:00,425.328154007
2018-08-21 11:15:00,447.251426807
2018-08-21 11:16:00,447.251426807
2018-08-21 11:17:00,447.251426807
2018-08-21 11:18:00,447.251426807
2018-08-21 11:19:00,447.251426807
2018-08-21 11:20:00,458.213063207
2018-08-21 11:21:00,458.213063207
2018-08-21 11:22:00,447.251426807
2018-08-21 11:23:00,469.174699607
2018-08-21 11:24:00,458.213063207
2018-08-21 11:25:00,458.213063207
2018-08-21 11:26:00,458.213063207
2018-08-21 11:27:00,458.213063207
2018-08-21 11:28:00,458.213063207
2018-08-21 11:29:00,458.213063207
2018-08-21 11:30:00,458.213063207
2018-08-21 11:31:00,458.213063207
2018-08-21 11:32:00,458.213063207
2018-08-21 11:33:00,458.213063207
2018-08-21 11:34:00,458.213063207
2018-08-21 11:35:00,458.213063207
2018-08-21 11:36:00,458.213063207
2018-08-21 11:37:00,458.213063207
2018-08-21 11:38:00,458.213063207
2018-08-21 11:39:00,458.213063207
2018-08-21 11:40:00,458.213063207
2018-08-21 11:41:00,458.213063207
2018-08-21 11:42:00,458.213063207
2018-08-21 11:43:00,458.213063207
2018-08-21 11:44:00,458.213063207
2018-08-21 11:45:00,458.213063207
2018-08-21 11:46:00,458.213063207
2018-08-21 11:47:00,469.174699607
2018-08-21 11:48:00,469.174699607
2018-08-21 11:49:00,469.174699607
2018-08-21 11:50:00,469.174699607
2018-08-21 11:51:00,469.174699607
2018-08-21 11:52:00,469.174699607
2018-08-21 11:53:00,469.174699607
2018-08-21 11:54:00,458.213063207
2018-08-21 11:55:00,480.136336007
2018-08-21 11:56:00,480.136336007
2018-08-21 11:57:00,480.136336007
2018-08-21 11:58:00,480.136336007
2018-08-21 11:59:00,458.213063207
2018-08-22 01:29:00,260.903608007
2018-08-22 01:30:00,556.867790807
2018-08-22 01:31:00,556.867790807
2018-08-22 01:32:00,556.867790807
2018-08-22 01:33:00,556.867790807
2018-08-22 01:34:00,556.867790807
2018-08-22 01:35:00,556.867790807
2018-08-22 01:36:00,556.867790807
2018-08-22 01:37:00,556.867790807
2018-08-22 01:38:00,556.867790807
2018-08-22 01:39:00,556.867790807
2018-08-22 01:40:00,556.867790807
2018-08-22 01:41:00,534.944518007
2018-08-22 01:42:00,534.944518007
2018-08-22 01:43:00,534.944518007
2018-08-22 01:44:00,534.944518007
2018-08-22 01:45:00,534.944518007
2018-08-22 01:46:00,534.944518007
2018-08-22 01:47:00,534.944518007
2018-08-22 01:48:00,534.944518007
2018-08-22 01:49:00,534.944518007
2018-08-22 01:50:00,534.944518007
2018-08-22 01:51:00,534.944518007
2018-08-22 01:52:00,513.021245207
2018-08-22 01:53:00,513.021245207
2018-08-22 01:54:00,513.021245207
2018-08-22 01:55:00,513.021245207
2018-08-22 01:56:00,513.021245207
2018-08-22 01:57:00,513.021245207
2018-08-22 01:58:00,513.021245207
2018-08-22 01:59:00,513.021245207
2018-08-22 02:00:00,534.944518007
2018-08-22 02:01:00,534.944518007
2018-08-22 02:02:00,534.944518007
2018-08-22 02:03:00,534.944518007
2018-08-22 02:04:00,534.944518007
2018-08-22 02:05:00,523.982881607
2018-08-22 02:06:00,534.944518007
2018-08-22 02:07:00,534.944518007
2018-08-22 02:08:00,534.944518007
2018-08-22 02:09:00,534.944518007
2018-08-22 02:10:00,534.944518007
2018-08-22 02:11:00,534.944518007
2018-08-22 02:12:00,523.982881607
2018-08-22 02:13:00,534.944518007
2018-08-22 02:14:00,534.944518007
2018-08-22 02:15:00,534.944518007
2018-08-22 02:16:00,534.944518007
2018-08-22 02:17:00,534.944518007
2018-08-22 02:18:00,534.944518007
2018-08-22 02:19:00,534.944518007
2018-08-22 02:20:00,534.944518007
2018-08-22 02:21:00,534.944518007
2018-08-22 02:22:00,545.906154407
2018-08-22 02:23:00,545.906154407
2018-08-22 02:24:00,556.867790807
2018-08-22 02:25:00,545.906154407
2018-08-22 02:26:00,556.867790807
2018-08-22 02:27:00,556.867790807
2018-08-22 02:28:00,556.867790807
2018-08-22 02:29:00,556.867790807
2018-08-22 02:30:00,556.867790807
2018-08-22 02:31:00,556.867790807
2018-08-22 02:32:00,556.867790807
2018-08-22 02:33:00,556.867790807
2018-08-22 02:34:00,567.829427207
2018-08-22 02:35:00,567.829427207
2018-08-22 02:36:00,556.867790807
2018-08-22 02:37:00,556.867790807
2018-08-22 02:38:00,556.867790807
2018-08-22 02:39:00,556.867790807
2018-08-22 02:40:00,556.867790807
2018-08-22 02:41:00,556.867790807
2018-08-22 02:42:00,534.944518007
2018-08-22 02:43:00,534.944518007
2018-08-22 02:44:00,534.944518007
2018-08-22 02:45:00,556.867790807
2018-08-22 02:46:00,556.867790807
2018-08-22 02:47:00,556.867790807
2018-08-22 02:48:00,556.867790807
2018-08-22 02:49:00,545.906154407
2018-08-22 02:50:00,556.867790807
2018-08-22 02:51:00,556.867790807
2018-08-22 02:52:00,545.906154407
2018-08-22 02:53:00,545.906154407
2018-08-22 02:54:00,545.906154407
2018-08-22 02:55:00,534.944518007
2018-08-22 02:56:00,534.944518007
2018-08-22 02:57:00,534.944518007
2018-08-22 02:58:00,534.944518007
2018-08-22 02:59:00,534.944518007
2018-08-22 03:00:00,534.944518007
2018-08-22 03:01:00,545.906154407
2018-08-22 03:02:00,556.867790807
2018-08-22 03:03:00,556.867790807
2018-08-22 03:04:00,556.867790807
2018-08-22 03:05:00,556.867790807
2018-08-22 03:06:00,556.867790807
2018-08-22 03:07:00,556.867790807
2018-08-22 03:08:00,556.867790807
2018-08-22 03:09:00,567.829427207
2018-08-22 03:10:00,567.829427207
2018-08-22 03:11:00,567.829427207
2018-08-22 03:12:00,567.829427207
2018-08-22 03:13:00,567.829427207
2018-08-22 03:14:00,567.829427207
2018-08-22 03:15:00,567.829427207
2018-08-22 03:16:00,567.829427207
2018-08-22 03:17:00,567.829427207
2018-08-22 03:18:00,567.829427207
2018-08-22 03:19:00,567.829427207
2018-08-22 03:20:00,567.829427207
2018-08-22 03:21:00,567.829427207
2018-08-22 03:22:00,567.829427207
2018-08-22 03:23:00,567.829427207
2018-08-22 03:24:00,567.829427207
2018-08-22 03:25:00,567.829427207
2018-08-22 03:26:00,567.829427207
2018-08-22 03:27:00,567.829427207
2018-08-22 03:28:00,556.867790807
2018-08-22 03:29:00,567.829427207
2018-08-22 03:30:00,567.829427207
2018-08-22 03:31:00,567.829427207
2018-08-22 03:32:00,567.829427207
2018-08-22 03:33:00,567.829427207
2018-08-22 03:34:00,567.829427207
2018-08-22 03:35:00,567.829427207
2018-08-22 03:36:00,567.829427207
2018-08-22 03:37:00,567.829427207
2018-08-22 03:38:00,567.829427207
2018-08-22 03:39:00,567.829427207
2018-08-22 03:40:00,567.829427207
2018-08-22 03:41:00,567.829427207
2018-08-22 03:42:00,567.829427207
2018-08-22 03:43:00,567.829427207
2018-08-22 03:44:00,567.829427207
2018-08-22 03:45:00,567.829427207
2018-08-22 03:46:00,567.829427207
2018-08-22 03:47:00,578.791063607
2018-08-22 03:48:00,567.829427207
2018-08-22 03:49:00,567.829427207
2018-08-22 03:50:00,567.829427207
2018-08-22 03:51:00,567.829427207
2018-08-22 03:52:00,567.829427207
2018-08-22 03:53:00,556.867790807
2018-08-22 03:54:00,556.867790807
2018-08-22 03:55:00,556.867790807
2018-08-22 03:56:00,556.867790807
2018-08-22 03:57:00,556.867790807
2018-08-22 03:58:00,556.867790807
2018-08-22 03:59:00,556.867790807
2018-08-22 04:00:00,534.944518007
2018-08-22 04:01:00,534.944518007
2018-08-22 04:02:00,545.906154407
2018-08-22 04:03:00,534.944518007
2018-08-22 04:04:00,534.944518007
2018-08-22 04:05:00,545.906154407
2018-08-22 04:06:00,545.906154407
2018-08-22 04:07:00,556.867790807
2018-08-22 04:08:00,556.867790807
2018-08-22 04:09:00,556.867790807
2018-08-22 04:10:00,556.867790807
2018-08-22 04:11:00,556.867790807
2018-08-22 04:12:00,556.867790807
2018-08-22 04:13:00,556.867790807
2018-08-22 04:14:00,556.867790807
2018-08-22 04:15:00,556.867790807
2018-08-22 04:16:00,556.867790807
2018-08-22 04:17:00,556.867790807
2018-08-22 04:18:00,556.867790807
2018-08-22 04:19:00,567.829427207
2018-08-22 04:20:00,567.829427207
2018-08-22 04:21:00,567.829427207
2018-08-22 04:22:00,567.829427207
2018-08-22 04:23:00,567.829427207
2018-08-22 04:24:00,567.829427207
2018-08-22 04:25:00,589.752700007
2018-08-22 04:26:00,578.791063607
2018-08-22 04:27:00,578.791063607
2018-08-22 04:28:00,578.791063607
2018-08-22 04:29:00,589.752700007
2018-08-22 04:30:00,578.791063607
2018-08-22 04:31:00,578.791063607
2018-08-22 04:32:00,578.791063607
2018-08-22 04:33:00,578.791063607
2018-08-22 04:34:00,578.791063607
2018-08-22 04:35:00,578.791063607
2018-08-22 04:36:00,578.791063607
2018-08-22 04:37:00,578.791063607
2018-08-22 04:38:00,578.791063607
2018-08-22 04:39:00,578.791063607
2018-08-22 04:40:00,578.791063607
2018-08-22 04:41:00,578.791063607
2018-08-22 04:42:00,578.791063607
2018-08-22 04:43:00,589.752700007
2018-08-22 04:44:00,578.791063607
2018-08-22 04:45:00,589.752700007
2018-08-22 04:46:00,589.752700007
2018-08-22 04:47:00,589.752700007
2018-08-22 04:48:00,589.752700007
2018-08-22 04:49:00,578.791063607
2018-08-22 04:50:00,578.791063607
2018-08-22 04:51:00,589.752700007
2018-08-22 04:52:00,589.752700007
2018-08-22 04:53:00,589.752700007
2018-08-22 04:54:00,589.752700007
2018-08-22 04:55:00,578.791063607
2018-08-22 04:56:00,589.752700007
2018-08-22 04:57:00,589.752700007
2018-08-22 04:58:00,578.791063607
2018-08-22 04:59:00,589.752700007
2018-08-22 05:00:00,589.752700007
2018-08-22 05:01:00,589.752700007
2018-08-22 05:02:00,589.752700007
2018-08-22 05:03:00,589.752700007
2018-08-22 05:04:00,589.752700007
2018-08-22 05:05:00,578.791063607
2018-08-22 05:06:00,578.791063607
2018-08-22 05:07:00,589.752700007
2018-08-22 05:08:00,589.752700007
2018-08-22 05:09:00,589.752700007
2018-08-22 05:10:00,589.752700007
2018-08-22 05:11:00,578.791063607
2018-08-22 05:12:00,578.791063607
2018-08-22 05:13:00,578.791063607
2018-08-22 05:14:00,578.791063607
2018-08-22 05:15:00,578.791063607
2018-08-22 05:16:00,567.829427207
2018-08-22 05:17:00,556.867790807
2018-08-22 05:18:00,578.791063607
2018-08-22 05:19:00,578.791063607
2018-08-22 05:20:00,578.791063607
2018-08-22 05:21:00,578.791063607
2018-08-22 05:22:00,578.791063607
2018-08-22 05:23:00,578.791063607
2018-08-22 05:24:00,578.791063607
2018-08-22 05:25:00,578.791063607
2018-08-22 05:26:00,578.791063607
2018-08-22 05:27:00,578.791063607
2018-08-22 05:28:00,578.791063607
2018-08-22 05:29:00,578.791063607
2018-08-22 05:30:00,578.791063607
2018-08-22 05:31:00,578.791063607
2018-08-22 05:32:00,578.791063607
2018-08-22 05:33:00,589.752700007
2018-08-22 05:34:00,589.752700007
2018-08-22 05:35:00,589.752700007
2018-08-22 05:36:00,589.752700007
2018-08-22 05:37:00,589.752700007
2018-08-22 05:38:00,589.752700007
2018-08-22 05:39:00,589.752700007
2018-08-22 05:40:00,589.752700007
2018-08-22 05:41:00,589.752700007
2018-08-22 05:42:00,589.752700007
2018-08-22 05:43:00,589.752700007
2018-08-22 05:44:00,578.791063607
2018-08-22 05:45:00,578.791063607
2018-08-22 05:46:00,578.791063607
2018-08-22 05:47:00,578.791063607
2018-08-22 05:48:00,578.791063607
2018-08-22 05:49:00,567.829427207
2018-08-22 05:50:00,567.829427207
2018-08-22 05:51:00,567.829427207
2018-08-22 05:52:00,556.867790807
2018-08-22 05:53:00,556.867790807
2018-08-22 05:54:00,556.867790807
2018-08-22 05:55:00,545.906154407
2018-08-22 05:56:00,545.906154407
2018-08-22 05:57:00,534.944518007
2018-08-22 05:58:00,534.944518007
2018-08-22 05:59:00,534.944518007
2018-08-22 06:00:00,534.944518007
2018-08-22 06:01:00,534.944518007
2018-08-22 06:02:00,534.944518007
2018-08-22 06:03:00,523.982881607
2018-08-22 06:04:00,534.944518007
2018-08-22 06:05:00,523.982881607
2018-08-22 06:06:00,513.021245207
2018-08-22 06:07:00,523.982881607
2018-08-22 06:08:00,523.982881607
2018-08-22 06:09:00,534.944518007
2018-08-22 06:10:00,534.944518007
2018-08-22 06:11:00,545.906154407
2018-08-22 06:12:00,545.906154407
2018-08-22 06:13:00,545.906154407
2018-08-22 06:14:00,534.944518007
2018-08-22 06:15:00,534.944518007
2018-08-22 06:16:00,534.944518007
2018-08-22 06:17:00,534.944518007
2018-08-22 06:18:00,534.944518007
2018-08-22 06:19:00,523.982881607
2018-08-22 06:20:00,534.944518007
2018-08-22 06:21:00,545.906154407
2018-08-22 06:22:00,545.906154407
2018-08-22 06:23:00,556.867790807
2018-08-22 06:24:00,556.867790807
2018-08-22 06:25:00,556.867790807
2018-08-22 06:26:00,545.906154407
2018-08-22 06:27:00,545.906154407
2018-08-22 06:28:00,545.906154407
2018-08-22 06:29:00,545.906154407
2018-08-22 06:30:00,545.906154407
2018-08-22 06:31:00,545.906154407
2018-08-22 06:32:00,545.906154407
2018-08-22 06:33:00,556.867790807
2018-08-22 06:34:00,556.867790807
2018-08-22 06:35:00,556.867790807
2018-08-22 06:36:00,556.867790807
2018-08-22 06:37:00,556.867790807
2018-08-22 06:38:00,567.829427207
2018-08-22 06:39:00,567.829427207
2018-08-22 06:40:00,567.829427207
2018-08-22 06:41:00,567.829427207
2018-08-22 06:42:00,567.829427207
2018-08-22 06:43:00,567.829427207
2018-08-22 06:44:00,567.829427207
2018-08-22 06:45:00,567.829427207
2018-08-22 06:46:00,567.829427207
2018-08-22 06:47:00,578.791063607
2018-08-22 06:48:00,578.791063607
2018-08-22 06:49:00,578.791063607
2018-08-22 06:50:00,567.829427207
2018-08-22 06:51:00,578.791063607
2018-08-22 06:52:00,567.829427207
2018-08-22 06:53:00,567.829427207
2018-08-22 06:54:00,567.829427207
2018-08-22 06:55:00,578.791063607
2018-08-22 06:56:00,578.791063607
2018-08-22 06:57:00,567.829427207
2018-08-22 06:58:00,567.829427207
2018-08-22 06:59:00,567.829427207
2018-08-22 07:00:00,567.829427207
2018-08-22 07:01:00,567.829427207
2018-08-22 07:02:00,567.829427207
2018-08-22 07:03:00,567.829427207
2018-08-22 07:04:00,567.829427207
2018-08-22 07:05:00,556.867790807
2018-08-22 07:06:00,567.829427207
2018-08-22 07:07:00,567.829427207
2018-08-22 07:08:00,567.829427207
2018-08-22 07:09:00,578.791063607
2018-08-22 07:10:00,578.791063607
2018-08-22 07:11:00,567.829427207
2018-08-22 07:12:00,578.791063607
2018-08-22 07:13:00,578.791063607
2018-08-22 07:14:00,578.791063607
2018-08-22 07:15:00,578.791063607
2018-08-22 07:16:00,578.791063607
2018-08-22 07:17:00,578.791063607
2018-08-22 07:18:00,578.791063607
2018-08-22 07:19:00,578.791063607
2018-08-22 07:20:00,578.791063607
2018-08-22 07:21:00,578.791063607
2018-08-22 07:22:00,578.791063607
2018-08-22 07:23:00,578.791063607
2018-08-22 07:24:00,578.791063607
2018-08-22 07:25:00,578.791063607
2018-08-22 07:26:00,567.829427207
2018-08-22 07:27:00,567.829427207
2018-08-22 07:28:00,567.829427207
2018-08-22 07:29:00,567.829427207
2018-08-22 07:30:00,556.867790807
2018-08-22 07:31:00,556.867790807
2018-08-22 07:32:00,556.867790807
2018-08-22 07:33:00,578.791063607
2018-08-22 07:34:00,578.791063607
2018-08-22 07:35:00,578.791063607
2018-08-22 07:36:00,578.791063607
2018-08-22 07:37:00,578.791063607
2018-08-22 07:38:00,578.791063607
2018-08-22 07:39:00,578.791063607
2018-08-22 07:40:00,589.752700007
2018-08-22 07:41:00,600.714336407
2018-08-22 07:42:00,600.714336407
2018-08-22 07:43:00,600.714336407
2018-08-22 07:44:00,611.675972807
2018-08-22 07:45:00,600.714336407
2018-08-22 07:46:00,600.714336407
2018-08-22 07:47:00,600.714336407
2018-08-22 07:48:00,600.714336407
2018-08-22 07:49:00,600.714336407
2018-08-22 07:50:00,600.714336407
2018-08-22 07:51:00,600.714336407
2018-08-22 07:52:00,600.714336407
2018-08-22 07:53:00,600.714336407
2018-08-22 07:54:00,600.714336407
2018-08-22 07:55:00,589.752700007
2018-08-22 07:56:00,589.752700007
2018-08-22 07:57:00,600.714336407
2018-08-22 07:58:00,600.714336407
2018-08-22 07:59:00,600.714336407
2018-08-22 08:00:00,600.714336407
2018-08-22 08:01:00,600.714336407
2018-08-22 08:02:00,600.714336407
2018-08-22 08:03:00,600.714336407
2018-08-22 08:04:00,600.714336407
2018-08-22 08:05:00,600.714336407
2018-08-22 08:06:00,600.714336407
2018-08-22 08:07:00,600.714336407
2018-08-22 08:08:00,600.714336407
2018-08-22 08:09:00,600.714336407
2018-08-22 08:10:00,600.714336407
2018-08-22 08:11:00,600.714336407
2018-08-22 08:12:00,600.714336407
2018-08-22 08:13:00,578.791063607
2018-08-22 08:14:00,578.791063607
2018-08-22 08:15:00,578.791063607
2018-08-22 08:16:00,578.791063607
2018-08-22 08:17:00,578.791063607
2018-08-22 08:18:00,578.791063607
2018-08-22 08:19:00,578.791063607
2018-08-22 08:20:00,578.791063607
2018-08-22 08:21:00,578.791063607
2018-08-22 08:22:00,578.791063607
2018-08-22 08:23:00,578.791063607
2018-08-22 08:24:00,578.791063607
2018-08-22 08:25:00,567.829427207
2018-08-22 08:26:00,578.791063607
2018-08-22 08:27:00,578.791063607
2018-08-22 08:28:00,578.791063607
2018-08-22 08:29:00,578.791063607
2018-08-22 08:30:00,578.791063607
2018-08-22 08:31:00,578.791063607
2018-08-22 08:32:00,578.791063607
2018-08-22 08:33:00,578.791063607
2018-08-22 08:34:00,567.829427207
2018-08-22 08:35:00,567.829427207
2018-08-22 08:36:00,567.829427207
2018-08-22 08:37:00,567.829427207
2018-08-22 08:38:00,567.829427207
2018-08-22 08:39:00,567.829427207
2018-08-22 08:40:00,567.829427207
2018-08-22 08:41:00,567.829427207
2018-08-22 08:42:00,567.829427207
2018-08-22 08:43:00,567.829427207
2018-08-22 08:44:00,556.867790807
2018-08-22 08:45:00,556.867790807
2018-08-22 08:46:00,556.867790807
2018-08-22 08:47:00,556.867790807
2018-08-22 08:48:00,556.867790807
2018-08-22 08:49:00,556.867790807
2018-08-22 08:50:00,556.867790807
2018-08-22 08:51:00,534.944518007
2018-08-22 08:52:00,534.944518007
2018-08-22 08:53:00,534.944518007
2018-08-22 08:54:00,534.944518007
2018-08-22 08:55:00,534.944518007
2018-08-22 08:56:00,534.944518007
2018-08-22 08:57:00,534.944518007
2018-08-22 08:58:00,534.944518007
2018-08-22 08:59:00,534.944518007
2018-08-22 09:00:00,534.944518007
2018-08-22 09:01:00,534.944518007
2018-08-22 09:02:00,534.944518007
2018-08-22 09:03:00,534.944518007
2018-08-22 09:04:00,534.944518007
2018-08-22 09:05:00,534.944518007
2018-08-22 09:06:00,534.944518007
2018-08-22 09:07:00,523.982881607
2018-08-22 09:08:00,534.944518007
2018-08-22 09:09:00,523.982881607
2018-08-22 09:10:00,534.944518007
2018-08-22 09:11:00,534.944518007
2018-08-22 09:12:00,534.944518007
2018-08-22 09:13:00,534.944518007
2018-08-22 09:14:00,534.944518007
2018-08-22 09:15:00,534.944518007
2018-08-22 09:16:00,534.944518007
2018-08-22 09:17:00,534.944518007
2018-08-22 09:18:00,534.944518007
2018-08-22 09:19:00,534.944518007
2018-08-22 09:20:00,534.944518007
2018-08-22 09:21:00,523.982881607
2018-08-22 09:22:00,523.982881607
2018-08-22 09:23:00,534.944518007
2018-08-22 09:24:00,534.944518007
2018-08-22 09:25:00,534.944518007
2018-08-22 09:26:00,534.944518007
2018-08-22 09:27:00,534.944518007
2018-08-22 09:28:00,534.944518007
2018-08-22 09:29:00,534.944518007
2018-08-22 09:30:00,534.944518007
2018-08-22 09:31:00,534.944518007
2018-08-22 09:32:00,534.944518007
2018-08-22 09:33:00,534.944518007
2018-08-22 09:34:00,534.944518007
2018-08-22 09:35:00,534.944518007
2018-08-22 09:36:00,534.944518007
2018-08-22 09:37:00,534.944518007
2018-08-22 09:38:00,523.982881607
2018-08-22 09:39:00,523.982881607
2018-08-22 09:40:00,523.982881607
2018-08-22 09:41:00,513.021245207
2018-08-22 09:42:00,513.021245207
2018-08-22 09:43:00,513.021245207
2018-08-22 09:44:00,513.021245207
2018-08-22 09:45:00,513.021245207
2018-08-22 09:46:00,513.021245207
2018-08-22 09:47:00,513.021245207
2018-08-22 09:48:00,513.021245207
2018-08-22 09:49:00,513.021245207
2018-08-22 09:50:00,513.021245207
2018-08-22 09:51:00,513.021245207
2018-08-22 09:52:00,513.021245207
2018-08-22 09:53:00,513.021245207
2018-08-22 09:54:00,513.021245207
2018-08-22 09:55:00,502.059608807
2018-08-22 09:56:00,502.059608807
2018-08-22 09:57:00,502.059608807
2018-08-22 09:58:00,502.059608807
2018-08-22 09:59:00,502.059608807
2018-08-22 10:00:00,502.059608807
2018-08-22 10:01:00,502.059608807
2018-08-22 10:02:00,513.021245207
2018-08-22 10:03:00,513.021245207
2018-08-22 10:04:00,513.021245207
2018-08-22 10:05:00,513.021245207
2018-08-22 10:06:00,523.982881607
2018-08-22 10:07:00,513.021245207
2018-08-22 10:08:00,523.982881607
2018-08-22 10:09:00,523.982881607
2018-08-22 10:10:00,523.982881607
2018-08-22 10:11:00,523.982881607
2018-08-22 10:12:00,523.982881607
2018-08-22 10:13:00,523.982881607
2018-08-22 10:14:00,523.982881607
2018-08-22 10:15:00,523.982881607
2018-08-22 10:16:00,523.982881607
2018-08-22 10:17:00,523.982881607
2018-08-22 10:18:00,523.982881607
2018-08-22 10:19:00,523.982881607
2018-08-22 10:20:00,513.021245207
2018-08-22 10:21:00,513.021245207
2018-08-22 10:22:00,502.059608807
2018-08-22 10:23:00,502.059608807
2018-08-22 10:24:00,502.059608807
2018-08-22 10:25:00,502.059608807
2018-08-22 10:26:00,502.059608807
2018-08-22 10:27:00,502.059608807
2018-08-22 10:28:00,502.059608807
2018-08-22 10:29:00,502.059608807
2018-08-22 10:30:00,502.059608807
2018-08-22 10:31:00,502.059608807
2018-08-22 10:32:00,513.021245207
2018-08-22 10:33:00,502.059608807
2018-08-22 10:34:00,513.021245207
2018-08-22 10:35:00,513.021245207
2018-08-22 10:36:00,513.021245207
2018-08-22 10:37:00,513.021245207
2018-08-22 10:38:00,513.021245207
2018-08-22 10:39:00,513.021245207
2018-08-22 10:40:00,502.059608807
2018-08-22 10:41:00,502.059608807
2018-08-22 10:42:00,502.059608807
2018-08-22 10:43:00,513.021245207
2018-08-22 10:44:00,513.021245207
2018-08-22 10:45:00,513.021245207
2018-08-22 10:46:00,513.021245207
2018-08-22 10:47:00,513.021245207
2018-08-22 10:48:00,513.021245207
2018-08-22 10:49:00,502.059608807
2018-08-22 10:50:00,502.059608807
2018-08-22 10:51:00,502.059608807
2018-08-22 10:52:00,502.059608807
2018-08-22 10:53:00,513.021245207
2018-08-22 10:54:00,513.021245207
2018-08-22 10:55:00,513.021245207
2018-08-22 10:56:00,513.021245207
2018-08-22 10:57:00,513.021245207
2018-08-22 10:58:00,513.021245207
2018-08-22 10:59:00,513.021245207
2018-08-22 11:00:00,513.021245207
2018-08-22 11:01:00,513.021245207
2018-08-22 11:02:00,513.021245207
2018-08-22 11:03:00,513.021245207
2018-08-22 11:04:00,513.021245207
2018-08-22 11:05:00,513.021245207
2018-08-22 11:06:00,513.021245207
2018-08-22 11:07:00,513.021245207
2018-08-22 11:08:00,513.021245207
2018-08-22 11:09:00,513.021245207
2018-08-22 11:10:00,513.021245207
2018-08-22 11:11:00,513.021245207
2018-08-22 11:12:00,513.021245207
2018-08-22 11:13:00,513.021245207
2018-08-22 11:14:00,513.021245207
2018-08-22 11:15:00,513.021245207
2018-08-22 11:16:00,513.021245207
2018-08-22 11:17:00,513.021245207
2018-08-22 11:18:00,513.021245207
2018-08-22 11:19:00,513.021245207
2018-08-22 11:20:00,513.021245207
2018-08-22 11:21:00,513.021245207
2018-08-22 11:22:00,513.021245207
2018-08-22 11:23:00,513.021245207
2018-08-22 11:24:00,513.021245207
2018-08-22 11:25:00,513.021245207
2018-08-22 11:26:00,513.021245207
2018-08-22 11:27:00,513.021245207
2018-08-22 11:28:00,513.021245207
2018-08-22 11:29:00,513.021245207
2018-08-22 11:30:00,513.021245207
2018-08-22 11:31:00,513.021245207
2018-08-22 11:32:00,513.021245207
2018-08-22 11:33:00,513.021245207
2018-08-22 11:34:00,513.021245207
2018-08-22 11:35:00,513.021245207
2018-08-22 11:36:00,513.021245207
2018-08-22 11:37:00,513.021245207
2018-08-22 11:38:00,513.021245207
2018-08-22 11:39:00,513.021245207
2018-08-22 11:40:00,513.021245207
2018-08-22 11:41:00,513.021245207
2018-08-22 11:42:00,513.021245207
2018-08-22 11:43:00,513.021245207
2018-08-22 11:44:00,513.021245207
2018-08-22 11:45:00,513.021245207
2018-08-22 11:46:00,513.021245207
2018-08-22 11:47:00,513.021245207
2018-08-22 11:48:00,513.021245207
2018-08-22 11:49:00,513.021245207
2018-08-22 11:50:00,523.982881607
2018-08-22 11:51:00,513.021245207
2018-08-22 11:52:00,513.021245207
2018-08-22 11:53:00,513.021245207
2018-08-22 11:54:00,513.021245207
2018-08-22 11:55:00,534.944518007
2018-08-22 11:56:00,534.944518007
2018-08-22 11:57:00,534.944518007
2018-08-22 11:58:00,534.944518007
2018-08-22 11:59:00,523.982881607
2018-08-23 01:29:00,545.906154407
2018-08-23 01:30:00,523.982881607
2018-08-23 01:31:00,523.982881607
2018-08-23 01:32:00,523.982881607
2018-08-23 01:33:00,523.982881607
2018-08-23 01:34:00,513.021245207
2018-08-23 01:35:00,513.021245207
2018-08-23 01:36:00,513.021245207
2018-08-23 01:37:00,513.021245207
2018-08-23 01:38:00,513.021245207
2018-08-23 01:39:00,502.059608807
2018-08-23 01:40:00,502.059608807
2018-08-23 01:41:00,502.059608807
2018-08-23 01:42:00,502.059608807
2018-08-23 01:43:00,502.059608807
2018-08-23 01:44:00,502.059608807
2018-08-23 01:45:00,502.059608807
2018-08-23 01:46:00,502.059608807
2018-08-23 01:47:00,502.059608807
2018-08-23 01:48:00,502.059608807
2018-08-23 01:49:00,502.059608807
2018-08-23 01:50:00,502.059608807
2018-08-23 01:51:00,502.059608807
2018-08-23 01:52:00,502.059608807
2018-08-23 01:53:00,502.059608807
2018-08-23 01:54:00,502.059608807
2018-08-23 01:55:00,502.059608807
2018-08-23 01:56:00,502.059608807
2018-08-23 01:57:00,502.059608807
2018-08-23 01:58:00,502.059608807
2018-08-23 01:59:00,502.059608807
2018-08-23 02:00:00,534.944518007
2018-08-23 02:01:00,545.906154407
2018-08-23 02:02:00,513.021245207
2018-08-23 02:03:00,502.059608807
2018-08-23 02:04:00,523.982881607
2018-08-23 02:05:00,523.982881607
2018-08-23 02:06:00,534.944518007
2018-08-23 02:07:00,534.944518007
2018-08-23 02:08:00,534.944518007
2018-08-23 02:09:00,534.944518007
2018-08-23 02:10:00,534.944518007
2018-08-23 02:11:00,523.982881607
2018-08-23 02:12:00,534.944518007
2018-08-23 02:13:00,534.944518007
2018-08-23 02:14:00,534.944518007
2018-08-23 02:15:00,534.944518007
2018-08-23 02:16:00,523.982881607
2018-08-23 02:17:00,523.982881607
2018-08-23 02:18:00,534.944518007
2018-08-23 02:19:00,534.944518007
2018-08-23 02:20:00,534.944518007
2018-08-23 02:21:00,534.944518007
2018-08-23 02:22:00,534.944518007
2018-08-23 02:23:00,545.906154407
2018-08-23 02:24:00,545.906154407
2018-08-23 02:25:00,534.944518007
2018-08-23 02:26:00,534.944518007
2018-08-23 02:27:00,534.944518007
2018-08-23 02:28:00,534.944518007
2018-08-23 02:29:00,534.944518007
2018-08-23 02:30:00,534.944518007
2018-08-23 02:31:00,534.944518007
2018-08-23 02:32:00,534.944518007
2018-08-23 02:33:00,523.982881607
2018-08-23 02:34:00,545.906154407
2018-08-23 02:35:00,545.906154407
2018-08-23 02:36:00,545.906154407
2018-08-23 02:37:00,534.944518007
2018-08-23 02:38:00,534.944518007
2018-08-23 02:39:00,534.944518007
2018-08-23 02:40:00,523.982881607
2018-08-23 02:41:00,534.944518007
2018-08-23 02:42:00,523.982881607
2018-08-23 02:43:00,523.982881607
2018-08-23 02:44:00,523.982881607
2018-08-23 02:45:00,523.982881607
2018-08-23 02:46:00,523.982881607
2018-08-23 02:47:00,523.982881607
2018-08-23 02:48:00,523.982881607
2018-08-23 02:49:00,523.982881607
2018-08-23 02:50:00,513.021245207
2018-08-23 02:51:00,513.021245207
2018-08-23 02:52:00,513.021245207
2018-08-23 02:53:00,513.021245207
2018-08-23 02:54:00,513.021245207
2018-08-23 02:55:00,513.021245207
2018-08-23 02:56:00,513.021245207
2018-08-23 02:57:00,513.021245207
2018-08-23 02:58:00,513.021245207
2018-08-23 02:59:00,513.021245207
2018-08-23 03:00:00,523.982881607
2018-08-23 03:01:00,523.982881607
2018-08-23 03:02:00,513.021245207
2018-08-23 03:03:00,513.021245207
2018-08-23 03:04:00,513.021245207
2018-08-23 03:05:00,502.059608807
2018-08-23 03:06:00,513.021245207
2018-08-23 03:07:00,513.021245207
2018-08-23 03:08:00,513.021245207
2018-08-23 03:09:00,513.021245207
2018-08-23 03:10:00,513.021245207
2018-08-23 03:11:00,513.021245207
2018-08-23 03:12:00,513.021245207
2018-08-23 03:13:00,513.021245207
2018-08-23 03:14:00,513.021245207
2018-08-23 03:15:00,513.021245207
2018-08-23 03:16:00,513.021245207
2018-08-23 03:17:00,513.021245207
2018-08-23 03:18:00,513.021245207
2018-08-23 03:19:00,513.021245207
2018-08-23 03:20:00,513.021245207
2018-08-23 03:21:00,513.021245207
2018-08-23 03:22:00,513.021245207
2018-08-23 03:23:00,513.021245207
2018-08-23 03:24:00,513.021245207
2018-08-23 03:25:00,513.021245207
2018-08-23 03:26:00,513.021245207
2018-08-23 03:27:00,513.021245207
2018-08-23 03:28:00,513.021245207
2018-08-23 03:29:00,513.021245207
2018-08-23 03:30:00,513.021245207
2018-08-23 03:31:00,513.021245207
2018-08-23 03:32:00,513.021245207
2018-08-23 03:33:00,513.021245207
2018-08-23 03:34:00,502.059608807
2018-08-23 03:35:00,502.059608807
2018-08-23 03:36:00,502.059608807
2018-08-23 03:37:00,491.097972407
2018-08-23 03:38:00,491.097972407
2018-08-23 03:39:00,480.136336007
2018-08-23 03:40:00,469.174699607
2018-08-23 03:41:00,458.213063207
2018-08-23 03:42:00,458.213063207
2018-08-23 03:43:00,458.213063207
2018-08-23 03:44:00,458.213063207
2018-08-23 03:45:00,458.213063207
2018-08-23 03:46:00,447.251426807
2018-08-23 03:47:00,436.289790407
2018-08-23 03:48:00,447.251426807
2018-08-23 03:49:00,447.251426807
2018-08-23 03:50:00,447.251426807
2018-08-23 03:51:00,447.251426807
2018-08-23 03:52:00,447.251426807
2018-08-23 03:53:00,447.251426807
2018-08-23 03:54:00,447.251426807
2018-08-23 03:55:00,447.251426807
2018-08-23 03:56:00,469.174699607
2018-08-23 03:57:00,469.174699607
2018-08-23 03:58:00,469.174699607
2018-08-23 03:59:00,469.174699607
2018-08-23 04:00:00,469.174699607
2018-08-23 04:01:00,469.174699607
2018-08-23 04:02:00,469.174699607
2018-08-23 04:03:00,480.136336007
2018-08-23 04:04:00,480.136336007
2018-08-23 04:05:00,480.136336007
2018-08-23 04:06:00,480.136336007
2018-08-23 04:07:00,480.136336007
2018-08-23 04:08:00,480.136336007
2018-08-23 04:09:00,469.174699607
2018-08-23 04:10:00,469.174699607
2018-08-23 04:11:00,469.174699607
2018-08-23 04:12:00,469.174699607
2018-08-23 04:13:00,469.174699607
2018-08-23 04:14:00,469.174699607
2018-08-23 04:15:00,469.174699607
2018-08-23 04:16:00,469.174699607
2018-08-23 04:17:00,469.174699607
2018-08-23 04:18:00,458.213063207
2018-08-23 04:19:00,458.213063207
2018-08-23 04:20:00,458.213063207
2018-08-23 04:21:00,458.213063207
2018-08-23 04:22:00,458.213063207
2018-08-23 04:23:00,458.213063207
2018-08-23 04:24:00,458.213063207
2018-08-23 04:25:00,458.213063207
2018-08-23 04:26:00,458.213063207
2018-08-23 04:27:00,458.213063207
2018-08-23 04:28:00,458.213063207
2018-08-23 04:29:00,447.251426807
2018-08-23 04:30:00,447.251426807
2018-08-23 04:31:00,447.251426807
2018-08-23 04:32:00,447.251426807
2018-08-23 04:33:00,447.251426807
2018-08-23 04:34:00,447.251426807
2018-08-23 04:35:00,447.251426807
2018-08-23 04:36:00,447.251426807
2018-08-23 04:37:00,458.213063207
2018-08-23 04:38:00,469.174699607
2018-08-23 04:39:00,469.174699607
2018-08-23 04:40:00,469.174699607
2018-08-23 04:41:00,458.213063207
2018-08-23 04:42:00,458.213063207
2018-08-23 04:43:00,458.213063207
2018-08-23 04:44:00,458.213063207
2018-08-23 04:45:00,447.251426807
2018-08-23 04:46:00,447.251426807
2018-08-23 04:47:00,458.213063207
2018-08-23 04:48:00,458.213063207
2018-08-23 04:49:00,458.213063207
2018-08-23 04:50:00,458.213063207
2018-08-23 04:51:00,458.213063207
2018-08-23 04:52:00,458.213063207
2018-08-23 04:53:00,458.213063207
2018-08-23 04:54:00,458.213063207
2018-08-23 04:55:00,458.213063207
2018-08-23 04:56:00,458.213063207
2018-08-23 04:57:00,458.213063207
2018-08-23 04:58:00,458.213063207
2018-08-23 04:59:00,458.213063207
2018-08-23 05:00:00,458.213063207
2018-08-23 05:01:00,458.213063207
2018-08-23 05:02:00,458.213063207
2018-08-23 05:03:00,458.213063207
2018-08-23 05:04:00,447.251426807
2018-08-23 05:05:00,447.251426807
2018-08-23 05:06:00,447.251426807
2018-08-23 05:07:00,447.251426807
2018-08-23 05:08:00,447.251426807
2018-08-23 05:09:00,436.289790407
2018-08-23 05:10:00,447.251426807
2018-08-23 05:11:00,447.251426807
2018-08-23 05:12:00,447.251426807
2018-08-23 05:13:00,447.251426807
2018-08-23 05:14:00,447.251426807
2018-08-23 05:15:00,458.213063207
2018-08-23 05:16:00,458.213063207
2018-08-23 05:17:00,458.213063207
2018-08-23 05:18:00,447.251426807
2018-08-23 05:19:00,447.251426807
2018-08-23 05:20:00,447.251426807
2018-08-23 05:21:00,447.251426807
2018-08-23 05:22:00,447.251426807
2018-08-23 05:23:00,447.251426807
2018-08-23 05:24:00,447.251426807
2018-08-23 05:25:00,447.251426807
2018-08-23 05:26:00,447.251426807
2018-08-23 05:27:00,447.251426807
2018-08-23 05:28:00,447.251426807
2018-08-23 05:29:00,447.251426807
2018-08-23 05:30:00,447.251426807
2018-08-23 05:31:00,447.251426807
2018-08-23 05:32:00,458.213063207
2018-08-23 05:33:00,458.213063207
2018-08-23 05:34:00,458.213063207
2018-08-23 05:35:00,458.213063207
2018-08-23 05:36:00,458.213063207
2018-08-23 05:37:00,458.213063207
2018-08-23 05:38:00,458.213063207
2018-08-23 05:39:00,447.251426807
2018-08-23 05:40:00,447.251426807
2018-08-23 05:41:00,436.289790407
2018-08-23 05:42:00,436.289790407
2018-08-23 05:43:00,436.289790407
2018-08-23 05:44:00,436.289790407
2018-08-23 05:45:00,436.289790407
2018-08-23 05:46:00,436.289790407
2018-08-23 05:47:00,425.328154007
2018-08-23 05:48:00,425.328154007
2018-08-23 05:49:00,425.328154007
2018-08-23 05:50:00,425.328154007
2018-08-23 05:51:00,425.328154007
2018-08-23 05:52:00,425.328154007
2018-08-23 05:53:00,425.328154007
2018-08-23 05:54:00,425.328154007
2018-08-23 05:55:00,425.328154007
2018-08-23 05:56:00,425.328154007
2018-08-23 05:57:00,414.366517607
2018-08-23 05:58:00,414.366517607
2018-08-23 05:59:00,425.328154007
2018-08-23 06:00:00,425.328154007
2018-08-23 06:01:00,425.328154007
2018-08-23 06:02:00,436.289790407
2018-08-23 06:03:00,436.289790407
2018-08-23 06:04:00,436.289790407
2018-08-23 06:05:00,436.289790407
2018-08-23 06:06:00,436.289790407
2018-08-23 06:07:00,436.289790407
2018-08-23 06:08:00,436.289790407
2018-08-23 06:09:00,436.289790407
2018-08-23 06:10:00,436.289790407
2018-08-23 06:11:00,447.251426807
2018-08-23 06:12:00,447.251426807
2018-08-23 06:13:00,447.251426807
2018-08-23 06:14:00,447.251426807
2018-08-23 06:15:00,447.251426807
2018-08-23 06:16:00,447.251426807
2018-08-23 06:17:00,447.251426807
2018-08-23 06:18:00,447.251426807
2018-08-23 06:19:00,447.251426807
2018-08-23 06:20:00,447.251426807
2018-08-23 06:21:00,447.251426807
2018-08-23 06:22:00,447.251426807
2018-08-23 06:23:00,447.251426807
2018-08-23 06:24:00,447.251426807
2018-08-23 06:25:00,447.251426807
2018-08-23 06:26:00,447.251426807
2018-08-23 06:27:00,447.251426807
2018-08-23 06:28:00,447.251426807
2018-08-23 06:29:00,447.251426807
2018-08-23 06:30:00,447.251426807
2018-08-23 06:31:00,447.251426807
2018-08-23 06:32:00,436.289790407
2018-08-23 06:33:00,436.289790407
2018-08-23 06:34:00,436.289790407
2018-08-23 06:35:00,436.289790407
2018-08-23 06:36:00,436.289790407
2018-08-23 06:37:00,436.289790407
2018-08-23 06:38:00,436.289790407
2018-08-23 06:39:00,436.289790407
2018-08-23 06:40:00,436.289790407
2018-08-23 06:41:00,436.289790407
2018-08-23 06:42:00,436.289790407
2018-08-23 06:43:00,436.289790407
2018-08-23 06:44:00,436.289790407
2018-08-23 06:45:00,436.289790407
2018-08-23 06:46:00,436.289790407
2018-08-23 06:47:00,436.289790407
2018-08-23 06:48:00,436.289790407
2018-08-23 06:49:00,436.289790407
2018-08-23 06:50:00,436.289790407
2018-08-23 06:51:00,436.289790407
2018-08-23 06:52:00,436.289790407
2018-08-23 06:53:00,436.289790407
2018-08-23 06:54:00,447.251426807
2018-08-23 06:55:00,447.251426807
2018-08-23 06:56:00,447.251426807
2018-08-23 06:57:00,447.251426807
2018-08-23 06:58:00,447.251426807
2018-08-23 06:59:00,458.213063207
2018-08-23 07:00:00,458.213063207
2018-08-23 07:01:00,458.213063207
2018-08-23 07:02:00,458.213063207
2018-08-23 07:03:00,458.213063207
2018-08-23 07:04:00,458.213063207
2018-08-23 07:05:00,458.213063207
2018-08-23 07:06:00,458.213063207
2018-08-23 07:07:00,458.213063207
2018-08-23 07:08:00,458.213063207
2018-08-23 07:09:00,458.213063207
2018-08-23 07:10:00,458.213063207
2018-08-23 07:11:00,458.213063207
2018-08-23 07:12:00,458.213063207
2018-08-23 07:13:00,458.213063207
2018-08-23 07:14:00,458.213063207
2018-08-23 07:15:00,447.251426807
2018-08-23 07:16:00,458.213063207
2018-08-23 07:17:00,458.213063207
2018-08-23 07:18:00,458.213063207
2018-08-23 07:19:00,458.213063207
2018-08-23 07:20:00,458.213063207
2018-08-23 07:21:00,458.213063207
2018-08-23 07:22:00,458.213063207
2018-08-23 07:23:00,469.174699607
2018-08-23 07:24:00,480.136336007
2018-08-23 07:25:00,480.136336007
2018-08-23 07:26:00,469.174699607
2018-08-23 07:27:00,480.136336007
2018-08-23 07:28:00,469.174699607
2018-08-23 07:29:00,469.174699607
2018-08-23 07:30:00,469.174699607
2018-08-23 07:31:00,469.174699607
2018-08-23 07:32:00,458.213063207
2018-08-23 07:33:00,469.174699607
2018-08-23 07:34:00,469.174699607
2018-08-23 07:35:00,458.213063207
2018-08-23 07:36:00,458.213063207
2018-08-23 07:37:00,458.213063207
2018-08-23 07:38:00,458.213063207
2018-08-23 07:39:00,458.213063207
2018-08-23 07:40:00,458.213063207
2018-08-23 07:41:00,458.213063207
2018-08-23 07:42:00,458.213063207
2018-08-23 07:43:00,458.213063207
2018-08-23 07:44:00,458.213063207
2018-08-23 07:45:00,436.289790407
2018-08-23 07:46:00,436.289790407
2018-08-23 07:47:00,436.289790407
2018-08-23 07:48:00,436.289790407
2018-08-23 07:49:00,447.251426807
2018-08-23 07:50:00,447.251426807
2018-08-23 07:51:00,447.251426807
2018-08-23 07:52:00,447.251426807
2018-08-23 07:53:00,447.251426807
2018-08-23 07:54:00,447.251426807
2018-08-23 07:55:00,458.213063207
2018-08-23 07:56:00,458.213063207
2018-08-23 07:57:00,458.213063207
2018-08-23 07:58:00,458.213063207
2018-08-23 07:59:00,458.213063207
2018-08-23 08:00:00,458.213063207
2018-08-23 08:01:00,469.174699607
2018-08-23 08:02:00,480.136336007
2018-08-23 08:03:00,480.136336007
2018-08-23 08:04:00,480.136336007
2018-08-23 08:05:00,480.136336007
2018-08-23 08:06:00,480.136336007
2018-08-23 08:07:00,480.136336007
2018-08-23 08:08:00,480.136336007
2018-08-23 08:09:00,480.136336007
2018-08-23 08:10:00,480.136336007
2018-08-23 08:11:00,469.174699607
2018-08-23 08:12:00,469.174699607
2018-08-23 08:13:00,469.174699607
2018-08-23 08:14:00,469.174699607
2018-08-23 08:15:00,469.174699607
2018-08-23 08:16:00,469.174699607
2018-08-23 08:17:00,480.136336007
2018-08-23 08:18:00,469.174699607
2018-08-23 08:19:00,469.174699607
2018-08-23 08:20:00,469.174699607
2018-08-23 08:21:00,480.136336007
2018-08-23 08:22:00,480.136336007
2018-08-23 08:23:00,480.136336007
2018-08-23 08:24:00,469.174699607
2018-08-23 08:25:00,469.174699607
2018-08-23 08:26:00,469.174699607
2018-08-23 08:27:00,469.174699607
2018-08-23 08:28:00,469.174699607
2018-08-23 08:29:00,458.213063207
2018-08-23 08:30:00,458.213063207
2018-08-23 08:31:00,458.213063207
2018-08-23 08:32:00,458.213063207
2018-08-23 08:33:00,458.213063207
2018-08-23 08:34:00,458.213063207
2018-08-23 08:35:00,458.213063207
2018-08-23 08:36:00,458.213063207
2018-08-23 08:37:00,458.213063207
2018-08-23 08:38:00,458.213063207
2018-08-23 08:39:00,458.213063207
2018-08-23 08:40:00,447.251426807
2018-08-23 08:41:00,447.251426807
2018-08-23 08:42:00,447.251426807
2018-08-23 08:43:00,447.251426807
2018-08-23 08:44:00,447.251426807
2018-08-23 08:45:00,447.251426807
2018-08-23 08:46:00,447.251426807
2018-08-23 08:47:00,447.251426807
2018-08-23 08:48:00,447.251426807
2018-08-23 08:49:00,447.251426807
2018-08-23 08:50:00,458.213063207
2018-08-23 08:51:00,447.251426807
2018-08-23 08:52:00,447.251426807
2018-08-23 08:53:00,425.328154007
2018-08-23 08:54:00,425.328154007
2018-08-23 08:55:00,425.328154007
2018-08-23 08:56:00,425.328154007
2018-08-23 08:57:00,425.328154007
2018-08-23 08:58:00,425.328154007
2018-08-23 08:59:00,425.328154007
2018-08-23 09:00:00,425.328154007
2018-08-23 09:01:00,425.328154007
2018-08-23 09:02:00,425.328154007
2018-08-23 09:03:00,436.289790407
2018-08-23 09:04:00,436.289790407
2018-08-23 09:05:00,425.328154007
2018-08-23 09:06:00,425.328154007
2018-08-23 09:07:00,436.289790407
2018-08-23 09:08:00,436.289790407
2018-08-23 09:09:00,436.289790407
2018-08-23 09:10:00,436.289790407
2018-08-23 09:11:00,436.289790407
2018-08-23 09:12:00,436.289790407
2018-08-23 09:13:00,436.289790407
2018-08-23 09:14:00,436.289790407
2018-08-23 09:15:00,447.251426807
2018-08-23 09:16:00,447.251426807
2018-08-23 09:17:00,447.251426807
2018-08-23 09:18:00,469.174699607
2018-08-23 09:19:00,458.213063207
2018-08-23 09:20:00,458.213063207
2018-08-23 09:21:00,458.213063207
2018-08-23 09:22:00,469.174699607
2018-08-23 09:23:00,469.174699607
2018-08-23 09:24:00,458.213063207
2018-08-23 09:25:00,458.213063207
2018-08-23 09:26:00,469.174699607
2018-08-23 09:27:00,469.174699607
2018-08-23 09:28:00,458.213063207
2018-08-23 09:29:00,458.213063207
2018-08-23 09:30:00,458.213063207
2018-08-23 09:31:00,458.213063207
2018-08-23 09:32:00,436.289790407
2018-08-23 09:33:00,436.289790407
2018-08-23 09:34:00,436.289790407
2018-08-23 09:35:00,436.289790407
2018-08-23 09:36:00,469.174699607
2018-08-23 09:37:00,469.174699607
2018-08-23 09:38:00,469.174699607
2018-08-23 09:39:00,469.174699607
2018-08-23 09:40:00,469.174699607
2018-08-23 09:41:00,469.174699607
2018-08-23 09:42:00,469.174699607
2018-08-23 09:43:00,458.213063207
2018-08-23 09:44:00,458.213063207
2018-08-23 09:45:00,458.213063207
2018-08-23 09:46:00,469.174699607
2018-08-23 09:47:00,458.213063207
2018-08-23 09:48:00,458.213063207
2018-08-23 09:49:00,458.213063207
2018-08-23 09:50:00,458.213063207
2018-08-23 09:51:00,458.213063207
2018-08-23 09:52:00,458.213063207
2018-08-23 09:53:00,458.213063207
2018-08-23 09:54:00,458.213063207
2018-08-23 09:55:00,458.213063207
2018-08-23 09:56:00,447.251426807
2018-08-23 09:57:00,447.251426807
2018-08-23 09:58:00,436.289790407
2018-08-23 09:59:00,447.251426807
2018-08-23 10:00:00,447.251426807
2018-08-23 10:01:00,447.251426807
2018-08-23 10:02:00,458.213063207
2018-08-23 10:03:00,458.213063207
2018-08-23 10:04:00,458.213063207
2018-08-23 10:05:00,458.213063207
2018-08-23 10:06:00,458.213063207
2018-08-23 10:07:00,469.174699607
2018-08-23 10:08:00,480.136336007
2018-08-23 10:09:00,480.136336007
2018-08-23 10:10:00,480.136336007
2018-08-23 10:11:00,480.136336007
2018-08-23 10:12:00,480.136336007
2018-08-23 10:13:00,480.136336007
2018-08-23 10:14:00,491.097972407
2018-08-23 10:15:00,491.097972407
2018-08-23 10:16:00,480.136336007
2018-08-23 10:17:00,480.136336007
2018-08-23 10:18:00,480.136336007
2018-08-23 10:19:00,502.059608807
2018-08-23 10:20:00,502.059608807
2018-08-23 10:21:00,502.059608807
2018-08-23 10:22:00,502.059608807
2018-08-23 10:23:00,491.097972407
2018-08-23 10:24:00,491.097972407
2018-08-23 10:25:00,491.097972407
2018-08-23 10:26:00,502.059608807
2018-08-23 10:27:00,502.059608807
2018-08-23 10:28:00,480.136336007
2018-08-23 10:29:00,480.136336007
2018-08-23 10:30:00,491.097972407
2018-08-23 10:31:00,491.097972407
2018-08-23 10:32:00,491.097972407
2018-08-23 10:33:00,502.059608807
2018-08-23 10:34:00,491.097972407
2018-08-23 10:35:00,502.059608807
2018-08-23 10:36:00,502.059608807
2018-08-23 10:37:00,502.059608807
2018-08-23 10:38:00,502.059608807
2018-08-23 10:39:00,502.059608807
2018-08-23 10:40:00,513.021245207
2018-08-23 10:41:00,502.059608807
2018-08-23 10:42:00,502.059608807
2018-08-23 10:43:00,502.059608807
2018-08-23 10:44:00,502.059608807
2018-08-23 10:45:00,502.059608807
2018-08-23 10:46:00,502.059608807
2018-08-23 10:47:00,502.059608807
2018-08-23 10:48:00,513.021245207
2018-08-23 10:49:00,502.059608807
2018-08-23 10:50:00,502.059608807
2018-08-23 10:51:00,502.059608807
2018-08-23 10:52:00,502.059608807
2018-08-23 10:53:00,502.059608807
2018-08-23 10:54:00,502.059608807
2018-08-23 10:55:00,502.059608807
2018-08-23 10:56:00,502.059608807
2018-08-23 10:57:00,502.059608807
2018-08-23 10:58:00,502.059608807
2018-08-23 10:59:00,502.059608807
2018-08-23 11:00:00,502.059608807
2018-08-23 11:01:00,502.059608807
2018-08-23 11:02:00,523.982881607
2018-08-23 11:03:00,523.982881607
2018-08-23 11:04:00,523.982881607
2018-08-23 11:05:00,523.982881607
2018-08-23 11:06:00,523.982881607
2018-08-23 11:07:00,523.982881607
2018-08-23 11:08:00,523.982881607
2018-08-23 11:09:00,523.982881607
2018-08-23 11:10:00,523.982881607
2018-08-23 11:11:00,523.982881607
2018-08-23 11:12:00,523.982881607
2018-08-23 11:13:00,523.982881607
2018-08-23 11:14:00,523.982881607
2018-08-23 11:15:00,523.982881607
2018-08-23 11:16:00,523.982881607
2018-08-23 11:17:00,523.982881607
2018-08-23 11:18:00,523.982881607
2018-08-23 11:19:00,523.982881607
2018-08-23 11:20:00,523.982881607
2018-08-23 11:21:00,523.982881607
2018-08-23 11:22:00,523.982881607
2018-08-23 11:23:00,523.982881607
2018-08-23 11:24:00,523.982881607
2018-08-23 11:25:00,523.982881607
2018-08-23 11:26:00,523.982881607
2018-08-23 11:27:00,523.982881607
2018-08-23 11:28:00,523.982881607
2018-08-23 11:29:00,523.982881607
2018-08-23 11:30:00,523.982881607
2018-08-23 11:31:00,523.982881607
2018-08-23 11:32:00,523.982881607
2018-08-23 11:33:00,523.982881607
2018-08-23 11:34:00,523.982881607
2018-08-23 11:35:00,523.982881607
2018-08-23 11:36:00,523.982881607
2018-08-23 11:37:00,523.982881607
2018-08-23 11:38:00,523.982881607
2018-08-23 11:39:00,523.982881607
2018-08-23 11:40:00,513.021245207
2018-08-23 11:41:00,513.021245207
2018-08-23 11:42:00,513.021245207
2018-08-23 11:43:00,513.021245207
2018-08-23 11:44:00,513.021245207
2018-08-23 11:45:00,513.021245207
2018-08-23 11:46:00,513.021245207
2018-08-23 11:47:00,523.982881607
2018-08-23 11:48:00,523.982881607
2018-08-23 11:49:00,513.021245207
2018-08-23 11:50:00,513.021245207
2018-08-23 11:51:00,513.021245207
2018-08-23 11:52:00,513.021245207
2018-08-23 11:53:00,513.021245207
2018-08-23 11:54:00,513.021245207
2018-08-23 11:55:00,491.097972407
2018-08-23 11:56:00,502.059608807
2018-08-23 11:57:00,502.059608807
2018-08-23 11:58:00,491.097972407
2018-08-23 11:59:00,491.097972407
2018-08-24 01:29:00,403.404881207
2018-08-24 01:30:00,403.404881207
2018-08-24 01:31:00,403.404881207
2018-08-24 01:32:00,403.404881207
2018-08-24 01:33:00,392.443244807
2018-08-24 01:34:00,392.443244807
2018-08-24 01:35:00,392.443244807
2018-08-24 01:36:00,392.443244807
2018-08-24 01:37:00,392.443244807
2018-08-24 01:38:00,381.481608407
2018-08-24 01:39:00,381.481608407
2018-08-24 01:40:00,392.443244807
2018-08-24 01:41:00,392.443244807
2018-08-24 01:42:00,392.443244807
2018-08-24 01:43:00,392.443244807
2018-08-24 01:44:00,392.443244807
2018-08-24 01:45:00,381.481608407
2018-08-24 01:46:00,381.481608407
2018-08-24 01:47:00,381.481608407
2018-08-24 01:48:00,392.443244807
2018-08-24 01:49:00,392.443244807
2018-08-24 01:50:00,392.443244807
2018-08-24 01:51:00,392.443244807
2018-08-24 01:52:00,392.443244807
2018-08-24 01:53:00,381.481608407
2018-08-24 01:54:00,392.443244807
2018-08-24 01:55:00,392.443244807
2018-08-24 01:56:00,392.443244807
2018-08-24 01:57:00,392.443244807
2018-08-24 01:58:00,392.443244807
2018-08-24 01:59:00,381.481608407
2018-08-24 02:00:00,414.366517607
2018-08-24 02:01:00,414.366517607
2018-08-24 02:02:00,414.366517607
2018-08-24 02:03:00,403.404881207
2018-08-24 02:04:00,403.404881207
2018-08-24 02:05:00,414.366517607
2018-08-24 02:06:00,425.328154007
2018-08-24 02:07:00,425.328154007
2018-08-24 02:08:00,425.328154007
2018-08-24 02:09:00,425.328154007
2018-08-24 02:10:00,414.366517607
2018-08-24 02:11:00,425.328154007
2018-08-24 02:12:00,414.366517607
2018-08-24 02:13:00,425.328154007
2018-08-24 02:14:00,425.328154007
2018-08-24 02:15:00,425.328154007
2018-08-24 02:16:00,425.328154007
2018-08-24 02:17:00,425.328154007
2018-08-24 02:18:00,414.366517607
2018-08-24 02:19:00,414.366517607
2018-08-24 02:20:00,414.366517607
2018-08-24 02:21:00,414.366517607
2018-08-24 02:22:00,414.366517607
2018-08-24 02:23:00,414.366517607
2018-08-24 02:24:00,436.289790407
2018-08-24 02:25:00,425.328154007
2018-08-24 02:26:00,425.328154007
2018-08-24 02:27:00,425.328154007
2018-08-24 02:28:00,425.328154007
2018-08-24 02:29:00,425.328154007
2018-08-24 02:30:00,436.289790407
2018-08-24 02:31:00,436.289790407
2018-08-24 02:32:00,436.289790407
2018-08-24 02:33:00,469.174699607
2018-08-24 02:34:00,469.174699607
2018-08-24 02:35:00,469.174699607
2018-08-24 02:36:00,469.174699607
2018-08-24 02:37:00,469.174699607
2018-08-24 02:38:00,469.174699607
2018-08-24 02:39:00,469.174699607
2018-08-24 02:40:00,469.174699607
2018-08-24 02:41:00,469.174699607
2018-08-24 02:42:00,469.174699607
2018-08-24 02:43:00,469.174699607
2018-08-24 02:44:00,469.174699607
2018-08-24 02:45:00,469.174699607
2018-08-24 02:46:00,469.174699607
2018-08-24 02:47:00,469.174699607
2018-08-24 02:48:00,469.174699607
2018-08-24 02:49:00,469.174699607
2018-08-24 02:50:00,469.174699607
2018-08-24 02:51:00,469.174699607
2018-08-24 02:52:00,469.174699607
2018-08-24 02:53:00,447.251426807
2018-08-24 02:54:00,447.251426807
2018-08-24 02:55:00,447.251426807
2018-08-24 02:56:00,458.213063207
2018-08-24 02:57:00,458.213063207
2018-08-24 02:58:00,458.213063207
2018-08-24 02:59:00,458.213063207
2018-08-24 03:00:00,458.213063207
2018-08-24 03:01:00,480.136336007
2018-08-24 03:02:00,480.136336007
2018-08-24 03:03:00,480.136336007
2018-08-24 03:04:00,491.097972407
2018-08-24 03:05:00,491.097972407
2018-08-24 03:06:00,491.097972407
2018-08-24 03:07:00,491.097972407
2018-08-24 03:08:00,491.097972407
2018-08-24 03:09:00,491.097972407
2018-08-24 03:10:00,491.097972407
2018-08-24 03:11:00,491.097972407
2018-08-24 03:12:00,491.097972407
2018-08-24 03:13:00,491.097972407
2018-08-24 03:14:00,491.097972407
2018-08-24 03:15:00,480.136336007
2018-08-24 03:16:00,480.136336007
2018-08-24 03:17:00,469.174699607
2018-08-24 03:18:00,480.136336007
2018-08-24 03:19:00,491.097972407
2018-08-24 03:20:00,480.136336007
2018-08-24 03:21:00,480.136336007
2018-08-24 03:22:00,480.136336007
2018-08-24 03:23:00,480.136336007
2018-08-24 03:24:00,491.097972407
2018-08-24 03:25:00,491.097972407
2018-08-24 03:26:00,491.097972407
2018-08-24 03:27:00,491.097972407
2018-08-24 03:28:00,491.097972407
2018-08-24 03:29:00,480.136336007
2018-08-24 03:30:00,480.136336007
2018-08-24 03:31:00,491.097972407
2018-08-24 03:32:00,491.097972407
2018-08-24 03:33:00,491.097972407
2018-08-24 03:34:00,491.097972407
2018-08-24 03:35:00,491.097972407
2018-08-24 03:36:00,491.097972407
2018-08-24 03:37:00,502.059608807
2018-08-24 03:38:00,491.097972407
2018-08-24 03:39:00,491.097972407
2018-08-24 03:40:00,502.059608807
2018-08-24 03:41:00,502.059608807
2018-08-24 03:42:00,491.097972407
2018-08-24 03:43:00,491.097972407
2018-08-24 03:44:00,491.097972407
2018-08-24 03:45:00,491.097972407
2018-08-24 03:46:00,502.059608807
2018-08-24 03:47:00,502.059608807
2018-08-24 03:48:00,502.059608807
2018-08-24 03:49:00,502.059608807
2018-08-24 03:50:00,491.097972407
2018-08-24 03:51:00,502.059608807
2018-08-24 03:52:00,491.097972407
2018-08-24 03:53:00,491.097972407
2018-08-24 03:54:00,491.097972407
2018-08-24 03:55:00,491.097972407
2018-08-24 03:56:00,502.059608807
2018-08-24 03:57:00,491.097972407
2018-08-24 03:58:00,491.097972407
2018-08-24 03:59:00,491.097972407
2018-08-24 04:00:00,491.097972407
2018-08-24 04:01:00,480.136336007
2018-08-24 04:02:00,491.097972407
2018-08-24 04:03:00,491.097972407
2018-08-24 04:04:00,491.097972407
2018-08-24 04:05:00,480.136336007
2018-08-24 04:06:00,480.136336007
2018-08-24 04:07:00,480.136336007
2018-08-24 04:08:00,480.136336007
2018-08-24 04:09:00,480.136336007
2018-08-24 04:10:00,480.136336007
2018-08-24 04:11:00,480.136336007
2018-08-24 04:12:00,480.136336007
2018-08-24 04:13:00,480.136336007
2018-08-24 04:14:00,480.136336007
2018-08-24 04:15:00,480.136336007
2018-08-24 04:16:00,480.136336007
2018-08-24 04:17:00,480.136336007
2018-08-24 04:18:00,480.136336007
2018-08-24 04:19:00,480.136336007
2018-08-24 04:20:00,480.136336007
2018-08-24 04:21:00,480.136336007
2018-08-24 04:22:00,480.136336007
2018-08-24 04:23:00,480.136336007
2018-08-24 04:24:00,491.097972407
2018-08-24 04:25:00,491.097972407
2018-08-24 04:26:00,491.097972407
2018-08-24 04:27:00,491.097972407
2018-08-24 04:28:00,491.097972407
2018-08-24 04:29:00,491.097972407
2018-08-24 04:30:00,469.174699607
2018-08-24 04:31:00,469.174699607
2018-08-24 04:32:00,469.174699607
2018-08-24 04:33:00,469.174699607
2018-08-24 04:34:00,469.174699607
2018-08-24 04:35:00,469.174699607
2018-08-24 04:36:00,469.174699607
2018-08-24 04:37:00,469.174699607
2018-08-24 04:38:00,469.174699607
2018-08-24 04:39:00,469.174699607
2018-08-24 04:40:00,469.174699607
2018-08-24 04:41:00,469.174699607
2018-08-24 04:42:00,469.174699607
2018-08-24 04:43:00,469.174699607
2018-08-24 04:44:00,469.174699607
2018-08-24 04:45:00,469.174699607
2018-08-24 04:46:00,469.174699607
2018-08-24 04:47:00,469.174699607
2018-08-24 04:48:00,447.251426807
2018-08-24 04:49:00,458.213063207
2018-08-24 04:50:00,436.289790407
2018-08-24 04:51:00,436.289790407
2018-08-24 04:52:00,436.289790407
2018-08-24 04:53:00,436.289790407
2018-08-24 04:54:00,436.289790407
2018-08-24 04:55:00,436.289790407
2018-08-24 04:56:00,436.289790407
2018-08-24 04:57:00,436.289790407
2018-08-24 04:58:00,436.289790407
2018-08-24 04:59:00,436.289790407
2018-08-24 05:00:00,436.289790407
2018-08-24 05:01:00,436.289790407
2018-08-24 05:02:00,436.289790407
2018-08-24 05:03:00,436.289790407
2018-08-24 05:04:00,436.289790407
2018-08-24 05:05:00,436.289790407
2018-08-24 05:06:00,425.328154007
2018-08-24 05:07:00,425.328154007
2018-08-24 05:08:00,425.328154007
2018-08-24 05:09:00,425.328154007
2018-08-24 05:10:00,425.328154007
2018-08-24 05:11:00,425.328154007
2018-08-24 05:12:00,425.328154007
2018-08-24 05:13:00,425.328154007
2018-08-24 05:14:00,425.328154007
2018-08-24 05:15:00,425.328154007
2018-08-24 05:16:00,425.328154007
2018-08-24 05:17:00,436.289790407
2018-08-24 05:18:00,436.289790407
2018-08-24 05:19:00,436.289790407
2018-08-24 05:20:00,436.289790407
2018-08-24 05:21:00,436.289790407
2018-08-24 05:22:00,436.289790407
2018-08-24 05:23:00,436.289790407
2018-08-24 05:24:00,436.289790407
2018-08-24 05:25:00,436.289790407
2018-08-24 05:26:00,436.289790407
2018-08-24 05:27:00,436.289790407
2018-08-24 05:28:00,436.289790407
2018-08-24 05:29:00,436.289790407
2018-08-24 05:30:00,436.289790407
2018-08-24 05:31:00,436.289790407
2018-08-24 05:32:00,436.289790407
2018-08-24 05:33:00,436.289790407
2018-08-24 05:34:00,436.289790407
2018-08-24 05:35:00,436.289790407
2018-08-24 05:36:00,436.289790407
2018-08-24 05:37:00,436.289790407
2018-08-24 05:38:00,436.289790407
2018-08-24 05:39:00,436.289790407
2018-08-24 05:40:00,436.289790407
2018-08-24 05:41:00,436.289790407
2018-08-24 05:42:00,436.289790407
2018-08-24 05:43:00,447.251426807
2018-08-24 05:44:00,447.251426807
2018-08-24 05:45:00,436.289790407
2018-08-24 05:46:00,436.289790407
2018-08-24 05:47:00,447.251426807
2018-08-24 05:48:00,447.251426807
2018-08-24 05:49:00,447.251426807
2018-08-24 05:50:00,447.251426807
2018-08-24 05:51:00,447.251426807
2018-08-24 05:52:00,447.251426807
2018-08-24 05:53:00,447.251426807
2018-08-24 05:54:00,447.251426807
2018-08-24 05:55:00,447.251426807
2018-08-24 05:56:00,447.251426807
2018-08-24 05:57:00,447.251426807
2018-08-24 05:58:00,458.213063207
2018-08-24 05:59:00,458.213063207
2018-08-24 06:00:00,458.213063207
2018-08-24 06:01:00,458.213063207
2018-08-24 06:02:00,458.213063207
2018-08-24 06:03:00,458.213063207
2018-08-24 06:04:00,458.213063207
2018-08-24 06:05:00,458.213063207
2018-08-24 06:06:00,458.213063207
2018-08-24 06:07:00,458.213063207
2018-08-24 06:08:00,458.213063207
2018-08-24 06:09:00,469.174699607
2018-08-24 06:10:00,469.174699607
2018-08-24 06:11:00,469.174699607
2018-08-24 06:12:00,458.213063207
2018-08-24 06:13:00,469.174699607
2018-08-24 06:14:00,469.174699607
2018-08-24 06:15:00,469.174699607
2018-08-24 06:16:00,469.174699607
2018-08-24 06:17:00,469.174699607
2018-08-24 06:18:00,469.174699607
2018-08-24 06:19:00,469.174699607
2018-08-24 06:20:00,469.174699607
2018-08-24 06:21:00,469.174699607
2018-08-24 06:22:00,469.174699607
2018-08-24 06:23:00,469.174699607
2018-08-24 06:24:00,469.174699607
2018-08-24 06:25:00,469.174699607
2018-08-24 06:26:00,469.174699607
2018-08-24 06:27:00,469.174699607
2018-08-24 06:28:00,469.174699607
2018-08-24 06:29:00,469.174699607
2018-08-24 06:30:00,469.174699607
2018-08-24 06:31:00,469.174699607
2018-08-24 06:32:00,469.174699607
2018-08-24 06:33:00,469.174699607
2018-08-24 06:34:00,469.174699607
2018-08-24 06:35:00,469.174699607
2018-08-24 06:36:00,458.213063207
2018-08-24 06:37:00,458.213063207
2018-08-24 06:38:00,458.213063207
2018-08-24 06:39:00,458.213063207
2018-08-24 06:40:00,458.213063207
2018-08-24 06:41:00,458.213063207
2018-08-24 06:42:00,458.213063207
2018-08-24 06:43:00,458.213063207
2018-08-24 06:44:00,458.213063207
2018-08-24 06:45:00,458.213063207
2018-08-24 06:46:00,458.213063207
2018-08-24 06:47:00,458.213063207
2018-08-24 06:48:00,458.213063207
2018-08-24 06:49:00,458.213063207
2018-08-24 06:50:00,458.213063207
2018-08-24 06:51:00,458.213063207
2018-08-24 06:52:00,458.213063207
2018-08-24 06:53:00,458.213063207
2018-08-24 06:54:00,458.213063207
2018-08-24 06:55:00,458.213063207
2018-08-24 06:56:00,458.213063207
2018-08-24 06:57:00,458.213063207
2018-08-24 06:58:00,458.213063207
2018-08-24 06:59:00,458.213063207
2018-08-24 07:00:00,458.213063207
2018-08-24 07:01:00,458.213063207
2018-08-24 07:02:00,458.213063207
2018-08-24 07:03:00,458.213063207
2018-08-24 07:04:00,458.213063207
2018-08-24 07:05:00,458.213063207
2018-08-24 07:06:00,458.213063207
2018-08-24 07:07:00,458.213063207
2018-08-24 07:08:00,458.213063207
2018-08-24 07:09:00,458.213063207
2018-08-24 07:10:00,458.213063207
2018-08-24 07:11:00,458.213063207
2018-08-24 07:12:00,458.213063207
2018-08-24 07:13:00,458.213063207
2018-08-24 07:14:00,458.213063207
2018-08-24 07:15:00,469.174699607
2018-08-24 07:16:00,469.174699607
2018-08-24 07:17:00,469.174699607
2018-08-24 07:18:00,469.174699607
2018-08-24 07:19:00,469.174699607
2018-08-24 07:20:00,469.174699607
2018-08-24 07:21:00,469.174699607
2018-08-24 07:22:00,469.174699607
2018-08-24 07:23:00,469.174699607
2018-08-24 07:24:00,458.213063207
2018-08-24 07:25:00,469.174699607
2018-08-24 07:26:00,447.251426807
2018-08-24 07:27:00,447.251426807
2018-08-24 07:28:00,447.251426807
2018-08-24 07:29:00,447.251426807
2018-08-24 07:30:00,458.213063207
2018-08-24 07:31:00,458.213063207
2018-08-24 07:32:00,458.213063207
2018-08-24 07:33:00,458.213063207
2018-08-24 07:34:00,458.213063207
2018-08-24 07:35:00,458.213063207
2018-08-24 07:36:00,458.213063207
2018-08-24 07:37:00,447.251426807
2018-08-24 07:38:00,447.251426807
2018-08-24 07:39:00,447.251426807
2018-08-24 07:40:00,447.251426807
2018-08-24 07:41:00,436.289790407
2018-08-24 07:42:00,436.289790407
2018-08-24 07:43:00,436.289790407
2018-08-24 07:44:00,425.328154007
2018-08-24 07:45:00,436.289790407
2018-08-24 07:46:00,436.289790407
2018-08-24 07:47:00,436.289790407
2018-08-24 07:48:00,447.251426807
2018-08-24 07:49:00,447.251426807
2018-08-24 07:50:00,447.251426807
2018-08-24 07:51:00,447.251426807
2018-08-24 07:52:00,447.251426807
2018-08-24 07:53:00,447.251426807
2018-08-24 07:54:00,447.251426807
2018-08-24 07:55:00,447.251426807
2018-08-24 07:56:00,447.251426807
2018-08-24 07:57:00,447.251426807
2018-08-24 07:58:00,447.251426807
2018-08-24 07:59:00,447.251426807
2018-08-24 08:00:00,447.251426807
2018-08-24 08:01:00,447.251426807
2018-08-24 08:02:00,436.289790407
2018-08-24 08:03:00,436.289790407
2018-08-24 08:04:00,436.289790407
2018-08-24 08:05:00,425.328154007
2018-08-24 08:06:00,414.366517607
2018-08-24 08:07:00,414.366517607
2018-08-24 08:08:00,425.328154007
2018-08-24 08:09:00,425.328154007
2018-08-24 08:10:00,425.328154007
2018-08-24 08:11:00,403.404881207
2018-08-24 08:12:00,403.404881207
2018-08-24 08:13:00,403.404881207
2018-08-24 08:14:00,403.404881207
2018-08-24 08:15:00,403.404881207
2018-08-24 08:16:00,403.404881207
2018-08-24 08:17:00,403.404881207
2018-08-24 08:18:00,392.443244807
2018-08-24 08:19:00,392.443244807
2018-08-24 08:20:00,392.443244807
2018-08-24 08:21:00,381.481608407
2018-08-24 08:22:00,381.481608407
2018-08-24 08:23:00,392.443244807
2018-08-24 08:24:00,392.443244807
2018-08-24 08:25:00,392.443244807
2018-08-24 08:26:00,392.443244807
2018-08-24 08:27:00,392.443244807
2018-08-24 08:28:00,392.443244807
2018-08-24 08:29:00,414.366517607
2018-08-24 08:30:00,414.366517607
2018-08-24 08:31:00,425.328154007
2018-08-24 08:32:00,425.328154007
2018-08-24 08:33:00,414.366517607
2018-08-24 08:34:00,425.328154007
2018-08-24 08:35:00,425.328154007
2018-08-24 08:36:00,414.366517607
2018-08-24 08:37:00,414.366517607
2018-08-24 08:38:00,414.366517607
2018-08-24 08:39:00,414.366517607
2018-08-24 08:40:00,403.404881207
2018-08-24 08:41:00,403.404881207
2018-08-24 08:42:00,403.404881207
2018-08-24 08:43:00,403.404881207
2018-08-24 08:44:00,403.404881207
2018-08-24 08:45:00,392.443244807
2018-08-24 08:46:00,414.366517607
2018-08-24 08:47:00,403.404881207
2018-08-24 08:48:00,403.404881207
2018-08-24 08:49:00,403.404881207
2018-08-24 08:50:00,403.404881207
2018-08-24 08:51:00,403.404881207
2018-08-24 08:52:00,414.366517607
2018-08-24 08:53:00,414.366517607
2018-08-24 08:54:00,414.366517607
2018-08-24 08:55:00,414.366517607
2018-08-24 08:56:00,414.366517607
2018-08-24 08:57:00,414.366517607
2018-08-24 08:58:00,381.481608407
2018-08-24 08:59:00,392.443244807
2018-08-24 09:00:00,403.404881207
2018-08-24 09:01:00,425.328154007
2018-08-24 09:02:00,447.251426807
2018-08-24 09:03:00,436.289790407
2018-08-24 09:04:00,436.289790407
2018-08-24 09:05:00,469.174699607
2018-08-24 09:06:00,469.174699607
2018-08-24 09:07:00,469.174699607
2018-08-24 09:08:00,469.174699607
2018-08-24 09:09:00,469.174699607
2018-08-24 09:10:00,480.136336007
2018-08-24 09:11:00,480.136336007
2018-08-24 09:12:00,469.174699607
2018-08-24 09:13:00,469.174699607
2018-08-24 09:14:00,469.174699607
2018-08-24 09:15:00,469.174699607
2018-08-24 09:16:00,469.174699607
2018-08-24 09:17:00,469.174699607
2018-08-24 09:18:00,469.174699607
2018-08-24 09:19:00,469.174699607
2018-08-24 09:20:00,469.174699607
2018-08-24 09:21:00,469.174699607
2018-08-24 09:22:00,469.174699607
2018-08-24 09:23:00,469.174699607
2018-08-24 09:24:00,469.174699607
2018-08-24 09:25:00,469.174699607
2018-08-24 09:26:00,469.174699607
2018-08-24 09:27:00,458.213063207
2018-08-24 09:28:00,458.213063207
2018-08-24 09:29:00,469.174699607
2018-08-24 09:30:00,458.213063207
2018-08-24 09:31:00,469.174699607
2018-08-24 09:32:00,469.174699607
2018-08-24 09:33:00,469.174699607
2018-08-24 09:34:00,458.213063207
2018-08-24 09:35:00,469.174699607
2018-08-24 09:36:00,469.174699607
2018-08-24 09:37:00,469.174699607
2018-08-24 09:38:00,469.174699607
2018-08-24 09:39:00,469.174699607
2018-08-24 09:40:00,469.174699607
2018-08-24 09:41:00,469.174699607
2018-08-24 09:42:00,469.174699607
2018-08-24 09:43:00,469.174699607
2018-08-24 09:44:00,469.174699607
2018-08-24 09:45:00,469.174699607
2018-08-24 09:46:00,480.136336007
2018-08-24 09:47:00,480.136336007
2018-08-24 09:48:00,480.136336007
2018-08-24 09:49:00,480.136336007
2018-08-24 09:50:00,480.136336007
2018-08-24 09:51:00,480.136336007
2018-08-24 09:52:00,480.136336007
2018-08-24 09:53:00,480.136336007
2018-08-24 09:54:00,480.136336007
2018-08-24 09:55:00,480.136336007
2018-08-24 09:56:00,480.136336007
2018-08-24 09:57:00,480.136336007
2018-08-24 09:58:00,480.136336007
2018-08-24 09:59:00,480.136336007
2018-08-24 10:00:00,480.136336007
2018-08-24 10:01:00,480.136336007
2018-08-24 10:02:00,491.097972407
2018-08-24 10:03:00,480.136336007
2018-08-24 10:04:00,491.097972407
2018-08-24 10:05:00,502.059608807
2018-08-24 10:06:00,491.097972407
2018-08-24 10:07:00,491.097972407
2018-08-24 10:08:00,491.097972407
2018-08-24 10:09:00,491.097972407
2018-08-24 10:10:00,502.059608807
2018-08-24 10:11:00,502.059608807
2018-08-24 10:12:00,491.097972407
2018-08-24 10:13:00,491.097972407
2018-08-24 10:14:00,491.097972407
2018-08-24 10:15:00,491.097972407
2018-08-24 10:16:00,491.097972407
2018-08-24 10:17:00,502.059608807
2018-08-24 10:18:00,502.059608807
2018-08-24 10:19:00,502.059608807
2018-08-24 10:20:00,502.059608807
2018-08-24 10:21:00,502.059608807
2018-08-24 10:22:00,502.059608807
2018-08-24 10:23:00,502.059608807
2018-08-24 10:24:00,502.059608807
2018-08-24 10:25:00,502.059608807
2018-08-24 10:26:00,502.059608807
2018-08-24 10:27:00,502.059608807
2018-08-24 10:28:00,502.059608807
2018-08-24 10:29:00,502.059608807
2018-08-24 10:30:00,502.059608807
2018-08-24 10:31:00,502.059608807
2018-08-24 10:32:00,502.059608807
2018-08-24 10:33:00,502.059608807
2018-08-24 10:34:00,502.059608807
2018-08-24 10:35:00,502.059608807
2018-08-24 10:36:00,502.059608807
2018-08-24 10:37:00,502.059608807
2018-08-24 10:38:00,502.059608807
2018-08-24 10:39:00,502.059608807
2018-08-24 10:40:00,502.059608807
2018-08-24 10:41:00,513.021245207
2018-08-24 10:42:00,513.021245207
2018-08-24 10:43:00,513.021245207
2018-08-24 10:44:00,513.021245207
2018-08-24 10:45:00,513.021245207
2018-08-24 10:46:00,513.021245207
2018-08-24 10:47:00,491.097972407
2018-08-24 10:48:00,480.136336007
2018-08-24 10:49:00,480.136336007
2018-08-24 10:50:00,480.136336007
2018-08-24 10:51:00,480.136336007
2018-08-24 10:52:00,480.136336007
2018-08-24 10:53:00,491.097972407
2018-08-24 10:54:00,491.097972407
2018-08-24 10:55:00,491.097972407
2018-08-24 10:56:00,491.097972407
2018-08-24 10:57:00,491.097972407
2018-08-24 10:58:00,491.097972407
2018-08-24 10:59:00,491.097972407
2018-08-24 11:00:00,491.097972407
2018-08-24 11:01:00,491.097972407
2018-08-24 11:02:00,491.097972407
2018-08-24 11:03:00,491.097972407
2018-08-24 11:04:00,491.097972407
2018-08-24 11:05:00,480.136336007
2018-08-24 11:06:00,480.136336007
2018-08-24 11:07:00,480.136336007
2018-08-24 11:08:00,480.136336007
2018-08-24 11:09:00,480.136336007
2018-08-24 11:10:00,480.136336007
2018-08-24 11:11:00,469.174699607
2018-08-24 11:12:00,469.174699607
2018-08-24 11:13:00,469.174699607
2018-08-24 11:14:00,480.136336007
2018-08-24 11:15:00,480.136336007
2018-08-24 11:16:00,480.136336007
2018-08-24 11:17:00,480.136336007
2018-08-24 11:18:00,480.136336007
2018-08-24 11:19:00,480.136336007
2018-08-24 11:20:00,480.136336007
2018-08-24 11:21:00,480.136336007
2018-08-24 11:22:00,480.136336007
2018-08-24 11:23:00,480.136336007
2018-08-24 11:24:00,480.136336007
2018-08-24 11:25:00,458.213063207
2018-08-24 11:26:00,458.213063207
2018-08-24 11:27:00,458.213063207
2018-08-24 11:28:00,458.213063207
2018-08-24 11:29:00,469.174699607
2018-08-24 11:30:00,469.174699607
2018-08-24 11:31:00,469.174699607
2018-08-24 11:32:00,469.174699607
2018-08-24 11:33:00,469.174699607
2018-08-24 11:34:00,469.174699607
2018-08-24 11:35:00,469.174699607
2018-08-24 11:36:00,469.174699607
2018-08-24 11:37:00,469.174699607
2018-08-24 11:38:00,469.174699607
2018-08-24 11:39:00,469.174699607
2018-08-24 11:40:00,469.174699607
2018-08-24 11:41:00,469.174699607
2018-08-24 11:42:00,469.174699607
2018-08-24 11:43:00,469.174699607
2018-08-24 11:44:00,469.174699607
2018-08-24 11:45:00,469.174699607
2018-08-24 11:46:00,469.174699607
2018-08-24 11:47:00,469.174699607
2018-08-24 11:48:00,469.174699607
2018-08-24 11:49:00,469.174699607
2018-08-24 11:50:00,469.174699607
2018-08-24 11:51:00,469.174699607
2018-08-24 11:52:00,469.174699607
2018-08-24 11:53:00,469.174699607
2018-08-24 11:54:00,469.174699607
2018-08-24 11:55:00,469.174699607
2018-08-24 11:56:00,480.136336007
2018-08-24 11:57:00,469.174699607
2018-08-24 11:58:00,469.174699607
2018-08-24 11:59:00,469.174699607
2018-08-28 01:29:00,480.135831128
2018-08-28 01:30:00,370.017783315
2018-08-28 01:31:00,370.017783315
2018-08-28 01:32:00,359.005978534
2018-08-28 01:33:00,370.017783315
2018-08-28 01:34:00,370.017783315
2018-08-28 01:35:00,359.005978534
2018-08-28 01:36:00,359.005978534
2018-08-28 01:37:00,359.005978534
2018-08-28 01:38:00,359.005978534
2018-08-28 01:39:00,359.005978534
2018-08-28 01:40:00,359.005978534
2018-08-28 01:41:00,359.005978534
2018-08-28 01:42:00,359.005978534
2018-08-28 01:43:00,359.005978534
2018-08-28 01:44:00,359.005978534
2018-08-28 01:45:00,359.005978534
2018-08-28 01:46:00,347.994173753
2018-08-28 01:47:00,347.994173753
2018-08-28 01:48:00,336.982368971
2018-08-28 01:49:00,336.982368971
2018-08-28 01:50:00,336.982368971
2018-08-28 01:51:00,336.982368971
2018-08-28 01:52:00,336.982368971
2018-08-28 01:53:00,336.982368971
2018-08-28 01:54:00,336.982368971
2018-08-28 01:55:00,336.982368971
2018-08-28 01:56:00,336.982368971
2018-08-28 01:57:00,336.982368971
2018-08-28 01:58:00,336.982368971
2018-08-28 01:59:00,336.982368971
2018-08-28 02:00:00,325.97056419
2018-08-28 02:01:00,336.982368971
2018-08-28 02:02:00,336.982368971
2018-08-28 02:03:00,314.958759409
2018-08-28 02:04:00,281.923345065
2018-08-28 02:05:00,281.923345065
2018-08-28 02:06:00,292.935149846
2018-08-28 02:07:00,314.958759409
2018-08-28 02:08:00,314.958759409
2018-08-28 02:09:00,314.958759409
2018-08-28 02:10:00,314.958759409
2018-08-28 02:11:00,336.982368971
2018-08-28 02:12:00,359.005978534
2018-08-28 02:13:00,370.017783315
2018-08-28 02:14:00,370.017783315
2018-08-28 02:15:00,370.017783315
2018-08-28 02:16:00,370.017783315
2018-08-28 02:17:00,359.005978534
2018-08-28 02:18:00,359.005978534
2018-08-28 02:19:00,359.005978534
2018-08-28 02:20:00,359.005978534
2018-08-28 02:21:00,359.005978534
2018-08-28 02:22:00,359.005978534
2018-08-28 02:23:00,359.005978534
2018-08-28 02:24:00,359.005978534
2018-08-28 02:25:00,359.005978534
2018-08-28 02:26:00,347.994173753
2018-08-28 02:27:00,336.982368971
2018-08-28 02:28:00,336.982368971
2018-08-28 02:29:00,336.982368971
2018-08-28 02:30:00,336.982368971
2018-08-28 02:31:00,336.982368971
2018-08-28 02:32:00,336.982368971
2018-08-28 02:33:00,314.958759409
2018-08-28 02:34:00,314.958759409
2018-08-28 02:35:00,325.97056419
2018-08-28 02:36:00,359.005978534
2018-08-28 02:37:00,370.017783315
2018-08-28 02:38:00,370.017783315
2018-08-28 02:39:00,381.029588096
2018-08-28 02:40:00,359.005978534
2018-08-28 02:41:00,359.005978534
2018-08-28 02:42:00,370.017783315
2018-08-28 02:43:00,370.017783315
2018-08-28 02:44:00,370.017783315
2018-08-28 02:45:00,381.029588096
2018-08-28 02:46:00,370.017783315
2018-08-28 02:47:00,370.017783315
2018-08-28 02:48:00,370.017783315
2018-08-28 02:49:00,359.005978534
2018-08-28 02:50:00,370.017783315
2018-08-28 02:51:00,370.017783315
2018-08-28 02:52:00,381.029588096
2018-08-28 02:53:00,381.029588096
2018-08-28 02:54:00,381.029588096
2018-08-28 02:55:00,381.029588096
2018-08-28 02:56:00,381.029588096
2018-08-28 02:57:00,370.017783315
2018-08-28 02:58:00,381.029588096
2018-08-28 02:59:00,381.029588096
2018-08-28 03:00:00,381.029588096
2018-08-28 03:01:00,392.041392878
2018-08-28 03:02:00,392.041392878
2018-08-28 03:03:00,392.041392878
2018-08-28 03:04:00,381.029588096
2018-08-28 03:05:00,392.041392878
2018-08-28 03:06:00,392.041392878
2018-08-28 03:07:00,392.041392878
2018-08-28 03:08:00,392.041392878
2018-08-28 03:09:00,392.041392878
2018-08-28 03:10:00,392.041392878
2018-08-28 03:11:00,392.041392878
2018-08-28 03:12:00,392.041392878
2018-08-28 03:13:00,392.041392878
2018-08-28 03:14:00,392.041392878
2018-08-28 03:15:00,381.029588096
2018-08-28 03:16:00,403.053197659
2018-08-28 03:17:00,403.053197659
2018-08-28 03:18:00,403.053197659
2018-08-28 03:19:00,403.053197659
2018-08-28 03:20:00,403.053197659
2018-08-28 03:21:00,403.053197659
2018-08-28 03:22:00,414.06500244
2018-08-28 03:23:00,425.076807221
2018-08-28 03:24:00,414.06500244
2018-08-28 03:25:00,414.06500244
2018-08-28 03:26:00,414.06500244
2018-08-28 03:27:00,425.076807221
2018-08-28 03:28:00,414.06500244
2018-08-28 03:29:00,414.06500244
2018-08-28 03:30:00,425.076807221
2018-08-28 03:31:00,414.06500244
2018-08-28 03:32:00,425.076807221
2018-08-28 03:33:00,414.06500244
2018-08-28 03:34:00,414.06500244
2018-08-28 03:35:00,414.06500244
2018-08-28 03:36:00,414.06500244
2018-08-28 03:37:00,403.053197659
2018-08-28 03:38:00,403.053197659
2018-08-28 03:39:00,403.053197659
2018-08-28 03:40:00,403.053197659
2018-08-28 03:41:00,403.053197659
2018-08-28 03:42:00,403.053197659
2018-08-28 03:43:00,403.053197659
2018-08-28 03:44:00,403.053197659
2018-08-28 03:45:00,392.041392878
2018-08-28 03:46:00,403.053197659
2018-08-28 03:47:00,403.053197659
2018-08-28 03:48:00,403.053197659
2018-08-28 03:49:00,403.053197659
2018-08-28 03:50:00,392.041392878
2018-08-28 03:51:00,392.041392878
2018-08-28 03:52:00,392.041392878
2018-08-28 03:53:00,392.041392878
2018-08-28 03:54:00,392.041392878
2018-08-28 03:55:00,403.053197659
2018-08-28 03:56:00,403.053197659
2018-08-28 03:57:00,403.053197659
2018-08-28 03:58:00,414.06500244
2018-08-28 03:59:00,414.06500244
2018-08-28 04:00:00,414.06500244
2018-08-28 04:01:00,425.076807221
2018-08-28 04:02:00,425.076807221
2018-08-28 04:03:00,425.076807221
2018-08-28 04:04:00,425.076807221
2018-08-28 04:05:00,425.076807221
2018-08-28 04:06:00,425.076807221
2018-08-28 04:07:00,425.076807221
2018-08-28 04:08:00,425.076807221
2018-08-28 04:09:00,425.076807221
2018-08-28 04:10:00,425.076807221
2018-08-28 04:11:00,425.076807221
2018-08-28 04:12:00,425.076807221
2018-08-28 04:13:00,425.076807221
2018-08-28 04:14:00,425.076807221
2018-08-28 04:15:00,425.076807221
2018-08-28 04:16:00,447.100416784
2018-08-28 04:17:00,447.100416784
2018-08-28 04:18:00,447.100416784
2018-08-28 04:19:00,436.088612003
2018-08-28 04:20:00,447.100416784
2018-08-28 04:21:00,436.088612003
2018-08-28 04:22:00,436.088612003
2018-08-28 04:23:00,436.088612003
2018-08-28 04:24:00,436.088612003
2018-08-28 04:25:00,436.088612003
2018-08-28 04:26:00,436.088612003
2018-08-28 04:27:00,436.088612003
2018-08-28 04:28:00,436.088612003
2018-08-28 04:29:00,436.088612003
2018-08-28 04:30:00,436.088612003
2018-08-28 04:31:00,436.088612003
2018-08-28 04:32:00,436.088612003
2018-08-28 04:33:00,436.088612003
2018-08-28 04:34:00,436.088612003
2018-08-28 04:35:00,436.088612003
2018-08-28 04:36:00,436.088612003
2018-08-28 04:37:00,436.088612003
2018-08-28 04:38:00,436.088612003
2018-08-28 04:39:00,425.076807221
2018-08-28 04:40:00,436.088612003
2018-08-28 04:41:00,436.088612003
2018-08-28 04:42:00,436.088612003
2018-08-28 04:43:00,436.088612003
2018-08-28 04:44:00,436.088612003
2018-08-28 04:45:00,436.088612003
2018-08-28 04:46:00,425.076807221
2018-08-28 04:47:00,425.076807221
2018-08-28 04:48:00,425.076807221
2018-08-28 04:49:00,436.088612003
2018-08-28 04:50:00,425.076807221
2018-08-28 04:51:00,425.076807221
2018-08-28 04:52:00,425.076807221
2018-08-28 04:53:00,425.076807221
2018-08-28 04:54:00,425.076807221
2018-08-28 04:55:00,425.076807221
2018-08-28 04:56:00,425.076807221
2018-08-28 04:57:00,425.076807221
2018-08-28 04:58:00,425.076807221
2018-08-28 04:59:00,425.076807221
2018-08-28 05:00:00,425.076807221
2018-08-28 05:01:00,425.076807221
2018-08-28 05:02:00,425.076807221
2018-08-28 05:03:00,425.076807221
2018-08-28 05:04:00,425.076807221
2018-08-28 05:05:00,425.076807221
2018-08-28 05:06:00,425.076807221
2018-08-28 05:07:00,425.076807221
2018-08-28 05:08:00,425.076807221
2018-08-28 05:09:00,425.076807221
2018-08-28 05:10:00,425.076807221
2018-08-28 05:11:00,425.076807221
2018-08-28 05:12:00,425.076807221
2018-08-28 05:13:00,425.076807221
2018-08-28 05:14:00,425.076807221
2018-08-28 05:15:00,425.076807221
2018-08-28 05:16:00,414.06500244
2018-08-28 05:17:00,414.06500244
2018-08-28 05:18:00,414.06500244
2018-08-28 05:19:00,414.06500244
2018-08-28 05:20:00,414.06500244
2018-08-28 05:21:00,403.053197659
2018-08-28 05:22:00,403.053197659
2018-08-28 05:23:00,403.053197659
2018-08-28 05:24:00,403.053197659
2018-08-28 05:25:00,403.053197659
2018-08-28 05:26:00,403.053197659
2018-08-28 05:27:00,403.053197659
2018-08-28 05:28:00,403.053197659
2018-08-28 05:29:00,403.053197659
2018-08-28 05:30:00,403.053197659
2018-08-28 05:31:00,403.053197659
2018-08-28 05:32:00,403.053197659
2018-08-28 05:33:00,414.06500244
2018-08-28 05:34:00,414.06500244
2018-08-28 05:35:00,414.06500244
2018-08-28 05:36:00,414.06500244
2018-08-28 05:37:00,414.06500244
2018-08-28 05:38:00,414.06500244
2018-08-28 05:39:00,414.06500244
2018-08-28 05:40:00,403.053197659
2018-08-28 05:41:00,403.053197659
2018-08-28 05:42:00,403.053197659
2018-08-28 05:43:00,414.06500244
2018-08-28 05:44:00,403.053197659
2018-08-28 05:45:00,403.053197659
2018-08-28 05:46:00,403.053197659
2018-08-28 05:47:00,381.029588096
2018-08-28 05:48:00,381.029588096
2018-08-28 05:49:00,381.029588096
2018-08-28 05:50:00,381.029588096
2018-08-28 05:51:00,381.029588096
2018-08-28 05:52:00,381.029588096
2018-08-28 05:53:00,392.041392878
2018-08-28 05:54:00,392.041392878
2018-08-28 05:55:00,392.041392878
2018-08-28 05:56:00,392.041392878
2018-08-28 05:57:00,392.041392878
2018-08-28 05:58:00,392.041392878
2018-08-28 05:59:00,381.029588096
2018-08-28 06:00:00,381.029588096
2018-08-28 06:01:00,381.029588096
2018-08-28 06:02:00,381.029588096
2018-08-28 06:03:00,381.029588096
2018-08-28 06:04:00,381.029588096
2018-08-28 06:05:00,381.029588096
2018-08-28 06:06:00,381.029588096
2018-08-28 06:07:00,392.041392878
2018-08-28 06:08:00,392.041392878
2018-08-28 06:09:00,392.041392878
2018-08-28 06:10:00,392.041392878
2018-08-28 06:11:00,392.041392878
2018-08-28 06:12:00,392.041392878
2018-08-28 06:13:00,392.041392878
2018-08-28 06:14:00,392.041392878
2018-08-28 06:15:00,392.041392878
2018-08-28 06:16:00,392.041392878
2018-08-28 06:17:00,392.041392878
2018-08-28 06:18:00,392.041392878
2018-08-28 06:19:00,392.041392878
2018-08-28 06:20:00,392.041392878
2018-08-28 06:21:00,381.029588096
2018-08-28 06:22:00,381.029588096
2018-08-28 06:23:00,381.029588096
2018-08-28 06:24:00,381.029588096
2018-08-28 06:25:00,381.029588096
2018-08-28 06:26:00,392.041392878
2018-08-28 06:27:00,392.041392878
2018-08-28 06:28:00,392.041392878
2018-08-28 06:29:00,403.053197659
2018-08-28 06:30:00,403.053197659
2018-08-28 06:31:00,403.053197659
2018-08-28 06:32:00,403.053197659
2018-08-28 06:33:00,403.053197659
2018-08-28 06:34:00,403.053197659
2018-08-28 06:35:00,403.053197659
2018-08-28 06:36:00,403.053197659
2018-08-28 06:37:00,403.053197659
2018-08-28 06:38:00,403.053197659
2018-08-28 06:39:00,403.053197659
2018-08-28 06:40:00,403.053197659
2018-08-28 06:41:00,403.053197659
2018-08-28 06:42:00,403.053197659
2018-08-28 06:43:00,403.053197659
2018-08-28 06:44:00,403.053197659
2018-08-28 06:45:00,403.053197659
2018-08-28 06:46:00,403.053197659
2018-08-28 06:47:00,403.053197659
2018-08-28 06:48:00,403.053197659
2018-08-28 06:49:00,403.053197659
2018-08-28 06:50:00,403.053197659
2018-08-28 06:51:00,403.053197659
2018-08-28 06:52:00,392.041392878
2018-08-28 06:53:00,392.041392878
2018-08-28 06:54:00,392.041392878
2018-08-28 06:55:00,392.041392878
2018-08-28 06:56:00,392.041392878
2018-08-28 06:57:00,392.041392878
2018-08-28 06:58:00,392.041392878
2018-08-28 06:59:00,392.041392878
2018-08-28 07:00:00,392.041392878
2018-08-28 07:01:00,392.041392878
2018-08-28 07:02:00,392.041392878
2018-08-28 07:03:00,392.041392878
2018-08-28 07:04:00,392.041392878
2018-08-28 07:05:00,392.041392878
2018-08-28 07:06:00,392.041392878
2018-08-28 07:07:00,392.041392878
2018-08-28 07:08:00,392.041392878
2018-08-28 07:09:00,392.041392878
2018-08-28 07:10:00,392.041392878
2018-08-28 07:11:00,392.041392878
2018-08-28 07:12:00,392.041392878
2018-08-28 07:13:00,392.041392878
2018-08-28 07:14:00,392.041392878
2018-08-28 07:15:00,392.041392878
2018-08-28 07:16:00,392.041392878
2018-08-28 07:17:00,392.041392878
2018-08-28 07:18:00,392.041392878
2018-08-28 07:19:00,392.041392878
2018-08-28 07:20:00,392.041392878
2018-08-28 07:21:00,381.029588096
2018-08-28 07:22:00,381.029588096
2018-08-28 07:23:00,381.029588096
2018-08-28 07:24:00,381.029588096
2018-08-28 07:25:00,381.029588096
2018-08-28 07:26:00,381.029588096
2018-08-28 07:27:00,381.029588096
2018-08-28 07:28:00,381.029588096
2018-08-28 07:29:00,381.029588096
2018-08-28 07:30:00,381.029588096
2018-08-28 07:31:00,381.029588096
2018-08-28 07:32:00,381.029588096
2018-08-28 07:33:00,381.029588096
2018-08-28 07:34:00,370.017783315
2018-08-28 07:35:00,370.017783315
2018-08-28 07:36:00,370.017783315
2018-08-28 07:37:00,370.017783315
2018-08-28 07:38:00,370.017783315
2018-08-28 07:39:00,370.017783315
2018-08-28 07:40:00,370.017783315
2018-08-28 07:41:00,370.017783315
2018-08-28 07:42:00,370.017783315
2018-08-28 07:43:00,370.017783315
2018-08-28 07:44:00,370.017783315
2018-08-28 07:45:00,370.017783315
2018-08-28 07:46:00,370.017783315
2018-08-28 07:47:00,370.017783315
2018-08-28 07:48:00,359.005978534
2018-08-28 07:49:00,370.017783315
2018-08-28 07:50:00,359.005978534
2018-08-28 07:51:00,347.994173753
2018-08-28 07:52:00,359.005978534
2018-08-28 07:53:00,359.005978534
2018-08-28 07:54:00,359.005978534
2018-08-28 07:55:00,359.005978534
2018-08-28 07:56:00,359.005978534
2018-08-28 07:57:00,336.982368971
2018-08-28 07:58:00,336.982368971
2018-08-28 07:59:00,336.982368971
2018-08-28 08:00:00,336.982368971
2018-08-28 08:01:00,325.97056419
2018-08-28 08:02:00,325.97056419
2018-08-28 08:03:00,325.97056419
2018-08-28 08:04:00,325.97056419
2018-08-28 08:05:00,325.97056419
2018-08-28 08:06:00,325.97056419
2018-08-28 08:07:00,325.97056419
2018-08-28 08:08:00,325.97056419
2018-08-28 08:09:00,325.97056419
2018-08-28 08:10:00,325.97056419
2018-08-28 08:11:00,325.97056419
2018-08-28 08:12:00,325.97056419
2018-08-28 08:13:00,314.958759409
2018-08-28 08:14:00,314.958759409
2018-08-28 08:15:00,314.958759409
2018-08-28 08:16:00,314.958759409
2018-08-28 08:17:00,314.958759409
2018-08-28 08:18:00,336.982368971
2018-08-28 08:19:00,314.958759409
2018-08-28 08:20:00,314.958759409
2018-08-28 08:21:00,325.97056419
2018-08-28 08:22:00,325.97056419
2018-08-28 08:23:00,325.97056419
2018-08-28 08:24:00,325.97056419
2018-08-28 08:25:00,314.958759409
2018-08-28 08:26:00,314.958759409
2018-08-28 08:27:00,314.958759409
2018-08-28 08:28:00,314.958759409
2018-08-28 08:29:00,314.958759409
2018-08-28 08:30:00,314.958759409
2018-08-28 08:31:00,314.958759409
2018-08-28 08:32:00,314.958759409
2018-08-28 08:33:00,314.958759409
2018-08-28 08:34:00,314.958759409
2018-08-28 08:35:00,303.946954628
2018-08-28 08:36:00,303.946954628
2018-08-28 08:37:00,314.958759409
2018-08-28 08:38:00,314.958759409
2018-08-28 08:39:00,325.97056419
2018-08-28 08:40:00,325.97056419
2018-08-28 08:41:00,325.97056419
2018-08-28 08:42:00,314.958759409
2018-08-28 08:43:00,314.958759409
2018-08-28 08:44:00,325.97056419
2018-08-28 08:45:00,325.97056419
2018-08-28 08:46:00,325.97056419
2018-08-28 08:47:00,325.97056419
2018-08-28 08:48:00,325.97056419
2018-08-28 08:49:00,325.97056419
2018-08-28 08:50:00,325.97056419
2018-08-28 08:51:00,325.97056419
2018-08-28 08:52:00,336.982368971
2018-08-28 08:53:00,336.982368971
2018-08-28 08:54:00,336.982368971
2018-08-28 08:55:00,336.982368971
2018-08-28 08:56:00,336.982368971
2018-08-28 08:57:00,325.97056419
2018-08-28 08:58:00,325.97056419
2018-08-28 08:59:00,325.97056419
2018-08-28 09:00:00,314.958759409
2018-08-28 09:01:00,314.958759409
2018-08-28 09:02:00,314.958759409
2018-08-28 09:03:00,314.958759409
2018-08-28 09:04:00,314.958759409
2018-08-28 09:05:00,314.958759409
2018-08-28 09:06:00,314.958759409
2018-08-28 09:07:00,314.958759409
2018-08-28 09:08:00,314.958759409
2018-08-28 09:09:00,314.958759409
2018-08-28 09:10:00,314.958759409
2018-08-28 09:11:00,314.958759409
2018-08-28 09:12:00,314.958759409
2018-08-28 09:13:00,314.958759409
2018-08-28 09:14:00,325.97056419
2018-08-28 09:15:00,325.97056419
2018-08-28 09:16:00,314.958759409
2018-08-28 09:17:00,303.946954628
2018-08-28 09:18:00,303.946954628
2018-08-28 09:19:00,303.946954628
2018-08-28 09:20:00,303.946954628
2018-08-28 09:21:00,303.946954628
2018-08-28 09:22:00,303.946954628
2018-08-28 09:23:00,303.946954628
2018-08-28 09:24:00,314.958759409
2018-08-28 09:25:00,314.958759409
2018-08-28 09:26:00,303.946954628
2018-08-28 09:27:00,303.946954628
2018-08-28 09:28:00,303.946954628
2018-08-28 09:29:00,303.946954628
2018-08-28 09:30:00,314.958759409
2018-08-28 09:31:00,314.958759409
2018-08-28 09:32:00,314.958759409
2018-08-28 09:33:00,325.97056419
2018-08-28 09:34:00,325.97056419
2018-08-28 09:35:00,325.97056419
2018-08-28 09:36:00,325.97056419
2018-08-28 09:37:00,314.958759409
2018-08-28 09:38:00,325.97056419
2018-08-28 09:39:00,347.994173753
2018-08-28 09:40:00,336.982368971
2018-08-28 09:41:00,336.982368971
2018-08-28 09:42:00,336.982368971
2018-08-28 09:43:00,336.982368971
2018-08-28 09:44:00,336.982368971
2018-08-28 09:45:00,336.982368971
2018-08-28 09:46:00,336.982368971
2018-08-28 09:47:00,336.982368971
2018-08-28 09:48:00,336.982368971
2018-08-28 09:49:00,336.982368971
2018-08-28 09:50:00,336.982368971
2018-08-28 09:51:00,336.982368971
2018-08-28 09:52:00,336.982368971
2018-08-28 09:53:00,314.958759409
2018-08-28 09:54:00,314.958759409
2018-08-28 09:55:00,314.958759409
2018-08-28 09:56:00,314.958759409
2018-08-28 09:57:00,314.958759409
2018-08-28 09:58:00,314.958759409
2018-08-28 09:59:00,325.97056419
2018-08-28 10:00:00,336.982368971
2018-08-28 10:01:00,336.982368971
2018-08-28 10:02:00,325.97056419
2018-08-28 10:03:00,325.97056419
2018-08-28 10:04:00,325.97056419
2018-08-28 10:05:00,325.97056419
2018-08-28 10:06:00,325.97056419
2018-08-28 10:07:00,325.97056419
2018-08-28 10:08:00,325.97056419
2018-08-28 10:09:00,325.97056419
2018-08-28 10:10:00,325.97056419
2018-08-28 10:11:00,325.97056419
2018-08-28 10:12:00,325.97056419
2018-08-28 10:13:00,336.982368971
2018-08-28 10:14:00,336.982368971
2018-08-28 10:15:00,314.958759409
2018-08-28 10:16:00,314.958759409
2018-08-28 10:17:00,314.958759409
2018-08-28 10:18:00,314.958759409
2018-08-28 10:19:00,314.958759409
2018-08-28 10:20:00,292.935149846
2018-08-28 10:21:00,292.935149846
2018-08-28 10:22:00,292.935149846
2018-08-28 10:23:00,292.935149846
2018-08-28 10:24:00,292.935149846
2018-08-28 10:25:00,292.935149846
2018-08-28 10:26:00,292.935149846
2018-08-28 10:27:00,292.935149846
2018-08-28 10:28:00,292.935149846
2018-08-28 10:29:00,292.935149846
2018-08-28 10:30:00,292.935149846
2018-08-28 10:31:00,292.935149846
2018-08-28 10:32:00,303.946954628
2018-08-28 10:33:00,303.946954628
2018-08-28 10:34:00,314.958759409
2018-08-28 10:35:00,314.958759409
2018-08-28 10:36:00,292.935149846
2018-08-28 10:37:00,292.935149846
2018-08-28 10:38:00,281.923345065
2018-08-28 10:39:00,292.935149846
2018-08-28 10:40:00,292.935149846
2018-08-28 10:41:00,292.935149846
2018-08-28 10:42:00,292.935149846
2018-08-28 10:43:00,292.935149846
2018-08-28 10:44:00,292.935149846
2018-08-28 10:45:00,292.935149846
2018-08-28 10:46:00,292.935149846
2018-08-28 10:47:00,292.935149846
2018-08-28 10:48:00,292.935149846
2018-08-28 10:49:00,292.935149846
2018-08-28 10:50:00,292.935149846
2018-08-28 10:51:00,292.935149846
2018-08-28 10:52:00,292.935149846
2018-08-28 10:53:00,292.935149846
2018-08-28 10:54:00,292.935149846
2018-08-28 10:55:00,292.935149846
2018-08-28 10:56:00,292.935149846
2018-08-28 10:57:00,292.935149846
2018-08-28 10:58:00,292.935149846
2018-08-28 10:59:00,292.935149846
2018-08-28 11:00:00,292.935149846
2018-08-28 11:01:00,292.935149846
2018-08-28 11:02:00,292.935149846
2018-08-28 11:03:00,292.935149846
2018-08-28 11:04:00,292.935149846
2018-08-28 11:05:00,281.923345065
2018-08-28 11:06:00,281.923345065
2018-08-28 11:07:00,281.923345065
2018-08-28 11:08:00,281.923345065
2018-08-28 11:09:00,281.923345065
2018-08-28 11:10:00,281.923345065
2018-08-28 11:11:00,281.923345065
2018-08-28 11:12:00,281.923345065
2018-08-28 11:13:00,259.899735503
2018-08-28 11:14:00,259.899735503
2018-08-28 11:15:00,259.899735503
2018-08-28 11:16:00,248.887930721
2018-08-28 11:17:00,248.887930721
2018-08-28 11:18:00,237.87612594
2018-08-28 11:19:00,237.87612594
2018-08-28 11:20:00,237.87612594
2018-08-28 11:21:00,237.87612594
2018-08-28 11:22:00,248.887930721
2018-08-28 11:23:00,248.887930721
2018-08-28 11:24:00,248.887930721
2018-08-28 11:25:00,248.887930721
2018-08-28 11:26:00,248.887930721
2018-08-28 11:27:00,248.887930721
2018-08-28 11:28:00,248.887930721
2018-08-28 11:29:00,248.887930721
2018-08-28 11:30:00,248.887930721
2018-08-28 11:31:00,248.887930721
2018-08-28 11:32:00,248.887930721
2018-08-28 11:33:00,248.887930721
2018-08-28 11:34:00,248.887930721
2018-08-28 11:35:00,248.887930721
2018-08-28 11:36:00,248.887930721
2018-08-28 11:37:00,248.887930721
2018-08-28 11:38:00,248.887930721
2018-08-28 11:39:00,248.887930721
2018-08-28 11:40:00,248.887930721
2018-08-28 11:41:00,248.887930721
2018-08-28 11:42:00,237.87612594
2018-08-28 11:43:00,237.87612594
2018-08-28 11:44:00,237.87612594
2018-08-28 11:45:00,237.87612594
2018-08-28 11:46:00,237.87612594
2018-08-28 11:47:00,248.887930721
2018-08-28 11:48:00,248.887930721
2018-08-28 11:49:00,237.87612594
2018-08-28 11:50:00,237.87612594
2018-08-28 11:51:00,237.87612594
2018-08-28 11:52:00,237.87612594
2018-08-28 11:53:00,248.887930721
2018-08-28 11:54:00,248.887930721
2018-08-28 11:55:00,248.887930721
2018-08-28 11:56:00,248.887930721
2018-08-28 11:57:00,270.911540284
2018-08-28 11:58:00,270.911540284
2018-08-28 11:59:00,259.899735503
2018-08-29 01:29:00,149.78168769
2018-08-29 01:30:00,259.899735503
2018-08-29 01:31:00,270.911540284
2018-08-29 01:32:00,248.887930721
2018-08-29 01:33:00,248.887930721
2018-08-29 01:34:00,248.887930721
2018-08-29 01:35:00,248.887930721
2018-08-29 01:36:00,248.887930721
2018-08-29 01:37:00,248.887930721
2018-08-29 01:38:00,248.887930721
2018-08-29 01:39:00,248.887930721
2018-08-29 01:40:00,248.887930721
2018-08-29 01:41:00,248.887930721
2018-08-29 01:42:00,248.887930721
2018-08-29 01:43:00,237.87612594
2018-08-29 01:44:00,248.887930721
2018-08-29 01:45:00,248.887930721
2018-08-29 01:46:00,248.887930721
2018-08-29 01:47:00,248.887930721
2018-08-29 01:48:00,248.887930721
2018-08-29 01:49:00,248.887930721
2018-08-29 01:50:00,248.887930721
2018-08-29 01:51:00,248.887930721
2018-08-29 01:52:00,248.887930721
2018-08-29 01:53:00,248.887930721
2018-08-29 01:54:00,248.887930721
2018-08-29 01:55:00,248.887930721
2018-08-29 01:56:00,248.887930721
2018-08-29 01:57:00,248.887930721
2018-08-29 01:58:00,248.887930721
2018-08-29 01:59:00,248.887930721
2018-08-29 02:00:00,270.911540284
2018-08-29 02:01:00,270.911540284
2018-08-29 02:02:00,270.911540284
2018-08-29 02:03:00,270.911540284
2018-08-29 02:04:00,270.911540284
2018-08-29 02:05:00,270.911540284
2018-08-29 02:06:00,270.911540284
2018-08-29 02:07:00,270.911540284
2018-08-29 02:08:00,259.899735503
2018-08-29 02:09:00,259.899735503
2018-08-29 02:10:00,259.899735503
2018-08-29 02:11:00,270.911540284
2018-08-29 02:12:00,270.911540284
2018-08-29 02:13:00,270.911540284
2018-08-29 02:14:00,270.911540284
2018-08-29 02:15:00,248.887930721
2018-08-29 02:16:00,237.87612594
2018-08-29 02:17:00,226.864321159
2018-08-29 02:18:00,226.864321159
2018-08-29 02:19:00,237.87612594
2018-08-29 02:20:00,237.87612594
2018-08-29 02:21:00,226.864321159
2018-08-29 02:22:00,226.864321159
2018-08-29 02:23:00,226.864321159
2018-08-29 02:24:00,226.864321159
2018-08-29 02:25:00,226.864321159
2018-08-29 02:26:00,226.864321159
2018-08-29 02:27:00,226.864321159
2018-08-29 02:28:00,226.864321159
2018-08-29 02:29:00,248.887930721
2018-08-29 02:30:00,248.887930721
2018-08-29 02:31:00,248.887930721
2018-08-29 02:32:00,270.911540284
2018-08-29 02:33:00,270.911540284
2018-08-29 02:34:00,270.911540284
2018-08-29 02:35:00,270.911540284
2018-08-29 02:36:00,281.923345065
2018-08-29 02:37:00,281.923345065
2018-08-29 02:38:00,270.911540284
2018-08-29 02:39:00,281.923345065
2018-08-29 02:40:00,281.923345065
2018-08-29 02:41:00,281.923345065
2018-08-29 02:42:00,270.911540284
2018-08-29 02:43:00,270.911540284
2018-08-29 02:44:00,281.923345065
2018-08-29 02:45:00,281.923345065
2018-08-29 02:46:00,281.923345065
2018-08-29 02:47:00,281.923345065
2018-08-29 02:48:00,281.923345065
2018-08-29 02:49:00,281.923345065
2018-08-29 02:50:00,281.923345065
2018-08-29 02:51:00,292.935149846
2018-08-29 02:52:00,281.923345065
2018-08-29 02:53:00,292.935149846
2018-08-29 02:54:00,281.923345065
2018-08-29 02:55:00,292.935149846
2018-08-29 02:56:00,314.958759409
2018-08-29 02:57:00,303.946954628
2018-08-29 02:58:00,292.935149846
2018-08-29 02:59:00,292.935149846
2018-08-29 03:00:00,292.935149846
2018-08-29 03:01:00,270.911540284
2018-08-29 03:02:00,270.911540284
2018-08-29 03:03:00,270.911540284
2018-08-29 03:04:00,270.911540284
2018-08-29 03:05:00,270.911540284
2018-08-29 03:06:00,270.911540284
2018-08-29 03:07:00,270.911540284
2018-08-29 03:08:00,270.911540284
2018-08-29 03:09:00,270.911540284
2018-08-29 03:10:00,248.887930721
2018-08-29 03:11:00,248.887930721
2018-08-29 03:12:00,248.887930721
2018-08-29 03:13:00,237.87612594
2018-08-29 03:14:00,237.87612594
2018-08-29 03:15:00,237.87612594
2018-08-29 03:16:00,226.864321159
2018-08-29 03:17:00,215.852516378
2018-08-29 03:18:00,226.864321159
2018-08-29 03:19:00,215.852516378
2018-08-29 03:20:00,215.852516378
2018-08-29 03:21:00,215.852516378
2018-08-29 03:22:00,215.852516378
2018-08-29 03:23:00,215.852516378
2018-08-29 03:24:00,215.852516378
2018-08-29 03:25:00,215.852516378
2018-08-29 03:26:00,226.864321159
2018-08-29 03:27:00,226.864321159
2018-08-29 03:28:00,226.864321159
2018-08-29 03:29:00,226.864321159
2018-08-29 03:30:00,226.864321159
2018-08-29 03:31:00,248.887930721
2018-08-29 03:32:00,248.887930721
2018-08-29 03:33:00,226.864321159
2018-08-29 03:34:00,226.864321159
2018-08-29 03:35:00,248.887930721
2018-08-29 03:36:00,248.887930721
2018-08-29 03:37:00,248.887930721
2018-08-29 03:38:00,248.887930721
2018-08-29 03:39:00,248.887930721
2018-08-29 03:40:00,248.887930721
2018-08-29 03:41:00,237.87612594
2018-08-29 03:42:00,237.87612594
2018-08-29 03:43:00,237.87612594
2018-08-29 03:44:00,237.87612594
2018-08-29 03:45:00,226.864321159
2018-08-29 03:46:00,226.864321159
2018-08-29 03:47:00,226.864321159
2018-08-29 03:48:00,226.864321159
2018-08-29 03:49:00,226.864321159
2018-08-29 03:50:00,226.864321159
2018-08-29 03:51:00,226.864321159
2018-08-29 03:52:00,237.87612594
2018-08-29 03:53:00,237.87612594
2018-08-29 03:54:00,237.87612594
2018-08-29 03:55:00,237.87612594
2018-08-29 03:56:00,237.87612594
2018-08-29 03:57:00,237.87612594
2018-08-29 03:58:00,237.87612594
2018-08-29 03:59:00,237.87612594
2018-08-29 04:00:00,226.864321159
2018-08-29 04:01:00,226.864321159
2018-08-29 04:02:00,237.87612594
2018-08-29 04:03:00,237.87612594
2018-08-29 04:04:00,237.87612594
2018-08-29 04:05:00,237.87612594
2018-08-29 04:06:00,248.887930721
2018-08-29 04:07:00,248.887930721
2018-08-29 04:08:00,237.87612594
2018-08-29 04:09:00,237.87612594
2018-08-29 04:10:00,237.87612594
2018-08-29 04:11:00,237.87612594
2018-08-29 04:12:00,237.87612594
2018-08-29 04:13:00,237.87612594
2018-08-29 04:14:00,237.87612594
2018-08-29 04:15:00,237.87612594
2018-08-29 04:16:00,237.87612594
2018-08-29 04:17:00,237.87612594
2018-08-29 04:18:00,226.864321159
2018-08-29 04:19:00,226.864321159
2018-08-29 04:20:00,226.864321159
2018-08-29 04:21:00,204.840711596
2018-08-29 04:22:00,204.840711596
2018-08-29 04:23:00,226.864321159
2018-08-29 04:24:00,226.864321159
2018-08-29 04:25:00,226.864321159
2018-08-29 04:26:00,226.864321159
2018-08-29 04:27:00,226.864321159
2018-08-29 04:28:00,226.864321159
2018-08-29 04:29:00,226.864321159
2018-08-29 04:30:00,226.864321159
2018-08-29 04:31:00,226.864321159
2018-08-29 04:32:00,226.864321159
2018-08-29 04:33:00,226.864321159
2018-08-29 04:34:00,226.864321159
2018-08-29 04:35:00,226.864321159
2018-08-29 04:36:00,226.864321159
2018-08-29 04:37:00,226.864321159
2018-08-29 04:38:00,226.864321159
2018-08-29 04:39:00,226.864321159
2018-08-29 04:40:00,226.864321159
2018-08-29 04:41:00,226.864321159
2018-08-29 04:42:00,226.864321159
2018-08-29 04:43:00,226.864321159
2018-08-29 04:44:00,226.864321159
2018-08-29 04:45:00,226.864321159
2018-08-29 04:46:00,226.864321159
2018-08-29 04:47:00,226.864321159
2018-08-29 04:48:00,226.864321159
2018-08-29 04:49:00,226.864321159
2018-08-29 04:50:00,226.864321159
2018-08-29 04:51:00,226.864321159
2018-08-29 04:52:00,226.864321159
2018-08-29 04:53:00,226.864321159
2018-08-29 04:54:00,226.864321159
2018-08-29 04:55:00,226.864321159
2018-08-29 04:56:00,226.864321159
2018-08-29 04:57:00,226.864321159
2018-08-29 04:58:00,204.840711596
2018-08-29 04:59:00,204.840711596
2018-08-29 05:00:00,204.840711596
2018-08-29 05:01:00,204.840711596
2018-08-29 05:02:00,204.840711596
2018-08-29 05:03:00,204.840711596
2018-08-29 05:04:00,204.840711596
2018-08-29 05:05:00,204.840711596
2018-08-29 05:06:00,204.840711596
2018-08-29 05:07:00,204.840711596
2018-08-29 05:08:00,204.840711596
2018-08-29 05:09:00,204.840711596
2018-08-29 05:10:00,204.840711596
2018-08-29 05:11:00,204.840711596
2018-08-29 05:12:00,204.840711596
2018-08-29 05:13:00,204.840711596
2018-08-29 05:14:00,204.840711596
2018-08-29 05:15:00,204.840711596
2018-08-29 05:16:00,204.840711596
2018-08-29 05:17:00,204.840711596
2018-08-29 05:18:00,215.852516378
2018-08-29 05:19:00,226.864321159
2018-08-29 05:20:00,226.864321159
2018-08-29 05:21:00,226.864321159
2018-08-29 05:22:00,226.864321159
2018-08-29 05:23:00,226.864321159
2018-08-29 05:24:00,226.864321159
2018-08-29 05:25:00,226.864321159
2018-08-29 05:26:00,226.864321159
2018-08-29 05:27:00,226.864321159
2018-08-29 05:28:00,226.864321159
2018-08-29 05:29:00,226.864321159
2018-08-29 05:30:00,226.864321159
2018-08-29 05:31:00,226.864321159
2018-08-29 05:32:00,226.864321159
2018-08-29 05:33:00,226.864321159
2018-08-29 05:34:00,226.864321159
2018-08-29 05:35:00,215.852516378
2018-08-29 05:36:00,215.852516378
2018-08-29 05:37:00,215.852516378
2018-08-29 05:38:00,215.852516378
2018-08-29 05:39:00,215.852516378
2018-08-29 05:40:00,215.852516378
2018-08-29 05:41:00,226.864321159
2018-08-29 05:42:00,226.864321159
2018-08-29 05:43:00,226.864321159
2018-08-29 05:44:00,226.864321159
2018-08-29 05:45:00,226.864321159
2018-08-29 05:46:00,226.864321159
2018-08-29 05:47:00,226.864321159
2018-08-29 05:48:00,226.864321159
2018-08-29 05:49:00,226.864321159
2018-08-29 05:50:00,226.864321159
2018-08-29 05:51:00,226.864321159
2018-08-29 05:52:00,226.864321159
2018-08-29 05:53:00,226.864321159
2018-08-29 05:54:00,226.864321159
2018-08-29 05:55:00,226.864321159
2018-08-29 05:56:00,226.864321159
2018-08-29 05:57:00,226.864321159
2018-08-29 05:58:00,226.864321159
2018-08-29 05:59:00,226.864321159
2018-08-29 06:00:00,226.864321159
2018-08-29 06:01:00,226.864321159
2018-08-29 06:02:00,215.852516378
2018-08-29 06:03:00,215.852516378
2018-08-29 06:04:00,215.852516378
2018-08-29 06:05:00,215.852516378
2018-08-29 06:06:00,215.852516378
2018-08-29 06:07:00,215.852516378
2018-08-29 06:08:00,215.852516378
2018-08-29 06:09:00,215.852516378
2018-08-29 06:10:00,204.840711596
2018-08-29 06:11:00,204.840711596
2018-08-29 06:12:00,204.840711596
2018-08-29 06:13:00,193.828906815
2018-08-29 06:14:00,182.817102034
2018-08-29 06:15:00,182.817102034
2018-08-29 06:16:00,182.817102034
2018-08-29 06:17:00,182.817102034
2018-08-29 06:18:00,182.817102034
2018-08-29 06:19:00,182.817102034
2018-08-29 06:20:00,182.817102034
2018-08-29 06:21:00,182.817102034
2018-08-29 06:22:00,182.817102034
2018-08-29 06:23:00,182.817102034
2018-08-29 06:24:00,182.817102034
2018-08-29 06:25:00,182.817102034
2018-08-29 06:26:00,182.817102034
2018-08-29 06:27:00,182.817102034
2018-08-29 06:28:00,182.817102034
2018-08-29 06:29:00,182.817102034
2018-08-29 06:30:00,171.805297253
2018-08-29 06:31:00,171.805297253
2018-08-29 06:32:00,171.805297253
2018-08-29 06:33:00,182.817102034
2018-08-29 06:34:00,182.817102034
2018-08-29 06:35:00,182.817102034
2018-08-29 06:36:00,171.805297253
2018-08-29 06:37:00,182.817102034
2018-08-29 06:38:00,182.817102034
2018-08-29 06:39:00,182.817102034
2018-08-29 06:40:00,171.805297253
2018-08-29 06:41:00,182.817102034
2018-08-29 06:42:00,182.817102034
2018-08-29 06:43:00,182.817102034
2018-08-29 06:44:00,182.817102034
2018-08-29 06:45:00,182.817102034
2018-08-29 06:46:00,182.817102034
2018-08-29 06:47:00,182.817102034
2018-08-29 06:48:00,182.817102034
2018-08-29 06:49:00,182.817102034
2018-08-29 06:50:00,182.817102034
2018-08-29 06:51:00,182.817102034
2018-08-29 06:52:00,182.817102034
2018-08-29 06:53:00,182.817102034
2018-08-29 06:54:00,182.817102034
2018-08-29 06:55:00,182.817102034
2018-08-29 06:56:00,182.817102034
2018-08-29 06:57:00,182.817102034
2018-08-29 06:58:00,182.817102034
2018-08-29 06:59:00,182.817102034
2018-08-29 07:00:00,182.817102034
2018-08-29 07:01:00,193.828906815
2018-08-29 07:02:00,193.828906815
2018-08-29 07:03:00,193.828906815
2018-08-29 07:04:00,193.828906815
2018-08-29 07:05:00,193.828906815
2018-08-29 07:06:00,193.828906815
2018-08-29 07:07:00,193.828906815
2018-08-29 07:08:00,193.828906815
2018-08-29 07:09:00,193.828906815
2018-08-29 07:10:00,193.828906815
2018-08-29 07:11:00,193.828906815
2018-08-29 07:12:00,193.828906815
2018-08-29 07:13:00,182.817102034
2018-08-29 07:14:00,193.828906815
2018-08-29 07:15:00,193.828906815
2018-08-29 07:16:00,182.817102034
2018-08-29 07:17:00,182.817102034
2018-08-29 07:18:00,182.817102034
2018-08-29 07:19:00,182.817102034
2018-08-29 07:20:00,193.828906815
2018-08-29 07:21:00,182.817102034
2018-08-29 07:22:00,182.817102034
2018-08-29 07:23:00,182.817102034
2018-08-29 07:24:00,182.817102034
2018-08-29 07:25:00,193.828906815
2018-08-29 07:26:00,193.828906815
2018-08-29 07:27:00,193.828906815
2018-08-29 07:28:00,193.828906815
2018-08-29 07:29:00,193.828906815
2018-08-29 07:30:00,193.828906815
2018-08-29 07:31:00,193.828906815
2018-08-29 07:32:00,182.817102034
2018-08-29 07:33:00,182.817102034
2018-08-29 07:34:00,193.828906815
2018-08-29 07:35:00,193.828906815
2018-08-29 07:36:00,182.817102034
2018-08-29 07:37:00,182.817102034
2018-08-29 07:38:00,182.817102034
2018-08-29 07:39:00,182.817102034
2018-08-29 07:40:00,171.805297253
2018-08-29 07:41:00,160.793492471
2018-08-29 07:42:00,160.793492471
2018-08-29 07:43:00,149.78168769
2018-08-29 07:44:00,149.78168769
2018-08-29 07:45:00,171.805297253
2018-08-29 07:46:00,171.805297253
2018-08-29 07:47:00,171.805297253
2018-08-29 07:48:00,171.805297253
2018-08-29 07:49:00,171.805297253
2018-08-29 07:50:00,160.793492471
2018-08-29 07:51:00,160.793492471
2018-08-29 07:52:00,160.793492471
2018-08-29 07:53:00,138.769882909
2018-08-29 07:54:00,149.78168769
2018-08-29 07:55:00,138.769882909
2018-08-29 07:56:00,149.78168769
2018-08-29 07:57:00,138.769882909
2018-08-29 07:58:00,160.793492471
2018-08-29 07:59:00,160.793492471
2018-08-29 08:00:00,138.769882909
2018-08-29 08:01:00,138.769882909
2018-08-29 08:02:00,138.769882909
2018-08-29 08:03:00,138.769882909
2018-08-29 08:04:00,138.769882909
2018-08-29 08:05:00,138.769882909
2018-08-29 08:06:00,138.769882909
2018-08-29 08:07:00,138.769882909
2018-08-29 08:08:00,138.769882909
2018-08-29 08:09:00,116.746273346
2018-08-29 08:10:00,116.746273346
2018-08-29 08:11:00,105.734468565
2018-08-29 08:12:00,105.734468565
2018-08-29 08:13:00,105.734468565
2018-08-29 08:14:00,116.746273346
2018-08-29 08:15:00,105.734468565
2018-08-29 08:16:00,105.734468565
2018-08-29 08:17:00,83.7108590027
2018-08-29 08:18:00,83.7108590027
2018-08-29 08:19:00,94.7226637839
2018-08-29 08:20:00,94.7226637839
2018-08-29 08:21:00,94.7226637839
2018-08-29 08:22:00,94.7226637839
2018-08-29 08:23:00,94.7226637839
2018-08-29 08:24:00,94.7226637839
2018-08-29 08:25:00,94.7226637839
2018-08-29 08:26:00,105.734468565
2018-08-29 08:27:00,94.7226637839
2018-08-29 08:28:00,94.7226637839
2018-08-29 08:29:00,105.734468565
2018-08-29 08:30:00,94.7226637839
2018-08-29 08:31:00,105.734468565
2018-08-29 08:32:00,105.734468565
2018-08-29 08:33:00,105.734468565
2018-08-29 08:34:00,116.746273346
2018-08-29 08:35:00,116.746273346
2018-08-29 08:36:00,105.734468565
2018-08-29 08:37:00,105.734468565
2018-08-29 08:38:00,105.734468565
2018-08-29 08:39:00,116.746273346
2018-08-29 08:40:00,116.746273346
2018-08-29 08:41:00,105.734468565
2018-08-29 08:42:00,105.734468565
2018-08-29 08:43:00,94.7226637839
2018-08-29 08:44:00,94.7226637839
2018-08-29 08:45:00,94.7226637839
2018-08-29 08:46:00,94.7226637839
2018-08-29 08:47:00,105.734468565
2018-08-29 08:48:00,105.734468565
2018-08-29 08:49:00,105.734468565
2018-08-29 08:50:00,105.734468565
2018-08-29 08:51:00,94.7226637839
2018-08-29 08:52:00,105.734468565
2018-08-29 08:53:00,105.734468565
2018-08-29 08:54:00,94.7226637839
2018-08-29 08:55:00,105.734468565
2018-08-29 08:56:00,94.7226637839
2018-08-29 08:57:00,61.6872494402
2018-08-29 08:58:00,6.62822553393
2018-08-29 08:59:00,-92.4780174973
2018-08-29 09:00:00,-59.4426031536
2018-08-29 09:01:00,-81.4662127161
2018-08-29 09:02:00,-103.489822279
2018-08-29 09:03:00,-114.50162706
2018-08-29 09:04:00,-103.489822279
2018-08-29 09:05:00,-92.4780174973
2018-08-29 09:06:00,-37.4189935911
2018-08-29 09:07:00,-37.4189935911
2018-08-29 09:08:00,-37.4189935911
2018-08-29 09:09:00,-15.3953840286
2018-08-29 09:10:00,-37.4189935911
2018-08-29 09:11:00,-48.4307983723
2018-08-29 09:12:00,-59.4426031536
2018-08-29 09:13:00,-37.4189935911
2018-08-29 09:14:00,-26.4071888098
2018-08-29 09:15:00,-37.4189935911
2018-08-29 09:16:00,-26.4071888098
2018-08-29 09:17:00,-37.4189935911
2018-08-29 09:18:00,-37.4189935911
2018-08-29 09:19:00,-48.4307983723
2018-08-29 09:20:00,-37.4189935911
2018-08-29 09:21:00,-37.4189935911
2018-08-29 09:22:00,-37.4189935911
2018-08-29 09:23:00,-26.4071888098
2018-08-29 09:24:00,-15.3953840286
2018-08-29 09:25:00,-15.3953840286
2018-08-29 09:26:00,-26.4071888098
2018-08-29 09:27:00,-26.4071888098
2018-08-29 09:28:00,-15.3953840286
2018-08-29 09:29:00,-37.4189935911
2018-08-29 09:30:00,-37.4189935911
2018-08-29 09:31:00,-26.4071888098
2018-08-29 09:32:00,-26.4071888098
2018-08-29 09:33:00,-37.4189935911
2018-08-29 09:34:00,-26.4071888098
2018-08-29 09:35:00,-37.4189935911
2018-08-29 09:36:00,-26.4071888098
2018-08-29 09:37:00,-15.3953840286
2018-08-29 09:38:00,-15.3953840286
2018-08-29 09:39:00,6.62822553393
2018-08-29 09:40:00,6.62822553393
2018-08-29 09:41:00,-15.3953840286
2018-08-29 09:42:00,-26.4071888098
2018-08-29 09:43:00,-26.4071888098
2018-08-29 09:44:00,-26.4071888098
2018-08-29 09:45:00,-26.4071888098
2018-08-29 09:46:00,-26.4071888098
2018-08-29 09:47:00,-26.4071888098
2018-08-29 09:48:00,-26.4071888098
2018-08-29 09:49:00,-37.4189935911
2018-08-29 09:50:00,-26.4071888098
2018-08-29 09:51:00,-26.4071888098
2018-08-29 09:52:00,-26.4071888098
2018-08-29 09:53:00,-26.4071888098
2018-08-29 09:54:00,-26.4071888098
2018-08-29 09:55:00,-37.4189935911
2018-08-29 09:56:00,-37.4189935911
2018-08-29 09:57:00,-37.4189935911
2018-08-29 09:58:00,-37.4189935911
2018-08-29 09:59:00,-26.4071888098
2018-08-29 10:00:00,-26.4071888098
2018-08-29 10:01:00,-26.4071888098
2018-08-29 10:02:00,-26.4071888098
2018-08-29 10:03:00,-26.4071888098
2018-08-29 10:04:00,-26.4071888098
2018-08-29 10:05:00,-26.4071888098
2018-08-29 10:06:00,-37.4189935911
2018-08-29 10:07:00,-37.4189935911
2018-08-29 10:08:00,-37.4189935911
2018-08-29 10:09:00,-37.4189935911
2018-08-29 10:10:00,-37.4189935911
2018-08-29 10:11:00,-37.4189935911
2018-08-29 10:12:00,-37.4189935911
2018-08-29 10:13:00,-37.4189935911
2018-08-29 10:14:00,-37.4189935911
2018-08-29 10:15:00,-37.4189935911
2018-08-29 10:16:00,-37.4189935911
2018-08-29 10:17:00,-37.4189935911
2018-08-29 10:18:00,-37.4189935911
2018-08-29 10:19:00,-37.4189935911
2018-08-29 10:20:00,-37.4189935911
2018-08-29 10:21:00,-37.4189935911
2018-08-29 10:22:00,-37.4189935911
2018-08-29 10:23:00,-37.4189935911
2018-08-29 10:24:00,-37.4189935911
2018-08-29 10:25:00,-37.4189935911
2018-08-29 10:26:00,-37.4189935911
2018-08-29 10:27:00,-37.4189935911
2018-08-29 10:28:00,-37.4189935911
2018-08-29 10:29:00,-37.4189935911
2018-08-29 10:30:00,-37.4189935911
2018-08-29 10:31:00,-37.4189935911
2018-08-29 10:32:00,-37.4189935911
2018-08-29 10:33:00,-37.4189935911
2018-08-29 10:34:00,-37.4189935911
2018-08-29 10:35:00,-37.4189935911
2018-08-29 10:36:00,-37.4189935911
2018-08-29 10:37:00,-37.4189935911
2018-08-29 10:38:00,-37.4189935911
2018-08-29 10:39:00,-37.4189935911
2018-08-29 10:40:00,-37.4189935911
2018-08-29 10:41:00,-37.4189935911
2018-08-29 10:42:00,-15.3953840286
2018-08-29 10:43:00,-15.3953840286
2018-08-29 10:44:00,-15.3953840286
2018-08-29 10:45:00,-37.4189935911
2018-08-29 10:46:00,-26.4071888098
2018-08-29 10:47:00,-26.4071888098
2018-08-29 10:48:00,-15.3953840286
2018-08-29 10:49:00,-15.3953840286
2018-08-29 10:50:00,-15.3953840286
2018-08-29 10:51:00,-26.4071888098
2018-08-29 10:52:00,-15.3953840286
2018-08-29 10:53:00,-15.3953840286
2018-08-29 10:54:00,-15.3953840286
2018-08-29 10:55:00,-26.4071888098
2018-08-29 10:56:00,-4.38357924732
2018-08-29 10:57:00,-15.3953840286
2018-08-29 10:58:00,-15.3953840286
2018-08-29 10:59:00,-15.3953840286
2018-08-29 11:00:00,-26.4071888098
2018-08-29 11:01:00,-15.3953840286
2018-08-29 11:02:00,-37.4189935911
2018-08-29 11:03:00,-26.4071888098
2018-08-29 11:04:00,-15.3953840286
2018-08-29 11:05:00,-15.3953840286
2018-08-29 11:06:00,-15.3953840286
2018-08-29 11:07:00,-15.3953840286
2018-08-29 11:08:00,-15.3953840286
2018-08-29 11:09:00,-15.3953840286
2018-08-29 11:10:00,-15.3953840286
2018-08-29 11:11:00,-15.3953840286
2018-08-29 11:12:00,-15.3953840286
2018-08-29 11:13:00,-15.3953840286
2018-08-29 11:14:00,-15.3953840286
2018-08-29 11:15:00,-15.3953840286
2018-08-29 11:16:00,-15.3953840286
2018-08-29 11:17:00,6.62822553393
2018-08-29 11:18:00,6.62822553393
2018-08-29 11:19:00,-4.38357924732
2018-08-29 11:20:00,-4.38357924732
2018-08-29 11:21:00,-4.38357924732
2018-08-29 11:22:00,6.62822553393
2018-08-29 11:23:00,17.6400303152
2018-08-29 11:24:00,17.6400303152
2018-08-29 11:25:00,17.6400303152
2018-08-29 11:26:00,-4.38357924732
2018-08-29 11:27:00,-4.38357924732
2018-08-29 11:28:00,-4.38357924732
2018-08-29 11:29:00,6.62822553393
2018-08-29 11:30:00,6.62822553393
2018-08-29 11:31:00,6.62822553393
2018-08-29 11:32:00,-4.38357924732
2018-08-29 11:33:00,-4.38357924732
2018-08-29 11:34:00,-15.3953840286
2018-08-29 11:35:00,-15.3953840286
2018-08-29 11:36:00,-15.3953840286
2018-08-29 11:37:00,-15.3953840286
2018-08-29 11:38:00,-15.3953840286
2018-08-29 11:39:00,-15.3953840286
2018-08-29 11:40:00,-15.3953840286
2018-08-29 11:41:00,-15.3953840286
2018-08-29 11:42:00,-15.3953840286
2018-08-29 11:43:00,-26.4071888098
2018-08-29 11:44:00,-4.38357924732
2018-08-29 11:45:00,-15.3953840286
2018-08-29 11:46:00,-26.4071888098
2018-08-29 11:47:00,-15.3953840286
2018-08-29 11:48:00,-4.38357924732
2018-08-29 11:49:00,-4.38357924732
2018-08-29 11:50:00,6.62822553393
2018-08-29 11:51:00,17.6400303152
2018-08-29 11:52:00,-4.38357924732
2018-08-29 11:53:00,-4.38357924732
2018-08-29 11:54:00,6.62822553393
2018-08-29 11:55:00,6.62822553393
2018-08-29 11:56:00,17.6400303152
2018-08-29 11:57:00,17.6400303152
2018-08-29 11:58:00,17.6400303152
2018-08-29 11:59:00,6.62822553393
2018-08-30 01:29:00,-389.797627535
2018-08-30 01:30:00,-48.4316793167
2018-08-30 01:31:00,-37.4198745355
2018-08-30 01:32:00,-37.4198745355
2018-08-30 01:33:00,-37.4198745355
2018-08-30 01:34:00,-37.4198745355
2018-08-30 01:35:00,-37.4198745355
2018-08-30 01:36:00,-48.4316793167
2018-08-30 01:37:00,-48.4316793167
2018-08-30 01:38:00,-48.4316793167
2018-08-30 01:39:00,-48.4316793167
2018-08-30 01:40:00,-48.4316793167
2018-08-30 01:41:00,-37.4198745355
2018-08-30 01:42:00,-37.4198745355
2018-08-30 01:43:00,-37.4198745355
2018-08-30 01:44:00,-37.4198745355
2018-08-30 01:45:00,-48.4316793167
2018-08-30 01:46:00,-48.4316793167
2018-08-30 01:47:00,-48.4316793167
2018-08-30 01:48:00,-48.4316793167
2018-08-30 01:49:00,-48.4316793167
2018-08-30 01:50:00,-48.4316793167
2018-08-30 01:51:00,-48.4316793167
2018-08-30 01:52:00,-48.4316793167
2018-08-30 01:53:00,-48.4316793167
2018-08-30 01:54:00,-48.4316793167
2018-08-30 01:55:00,-48.4316793167
2018-08-30 01:56:00,-48.4316793167
2018-08-30 01:57:00,-59.443484098
2018-08-30 01:58:00,-59.443484098
2018-08-30 01:59:00,-59.443484098
2018-08-30 02:00:00,-59.443484098
2018-08-30 02:01:00,-59.443484098
2018-08-30 02:02:00,-59.443484098
2018-08-30 02:03:00,-59.443484098
2018-08-30 02:04:00,-70.4552888792
2018-08-30 02:05:00,-81.4670936605
2018-08-30 02:06:00,-81.4670936605
2018-08-30 02:07:00,-92.4788984417
2018-08-30 02:08:00,-92.4788984417
2018-08-30 02:09:00,-81.4670936605
2018-08-30 02:10:00,-81.4670936605
2018-08-30 02:11:00,-92.4788984417
2018-08-30 02:12:00,-92.4788984417
2018-08-30 02:13:00,-92.4788984417
2018-08-30 02:14:00,-92.4788984417
2018-08-30 02:15:00,-92.4788984417
2018-08-30 02:16:00,-92.4788984417
2018-08-30 02:17:00,-92.4788984417
2018-08-30 02:18:00,-81.4670936605
2018-08-30 02:19:00,-81.4670936605
2018-08-30 02:20:00,-81.4670936605
2018-08-30 02:21:00,-81.4670936605
2018-08-30 02:22:00,-81.4670936605
2018-08-30 02:23:00,-81.4670936605
2018-08-30 02:24:00,-70.4552888792
2018-08-30 02:25:00,-70.4552888792
2018-08-30 02:26:00,-81.4670936605
2018-08-30 02:27:00,-70.4552888792
2018-08-30 02:28:00,-70.4552888792
2018-08-30 02:29:00,-59.443484098
2018-08-30 02:30:00,-48.4316793167
2018-08-30 02:31:00,-48.4316793167
2018-08-30 02:32:00,-26.4080697542
2018-08-30 02:33:00,-26.4080697542
2018-08-30 02:34:00,-26.4080697542
2018-08-30 02:35:00,-26.4080697542
2018-08-30 02:36:00,-26.4080697542
2018-08-30 02:37:00,-26.4080697542
2018-08-30 02:38:00,-26.4080697542
2018-08-30 02:39:00,-26.4080697542
2018-08-30 02:40:00,-15.396264973
2018-08-30 02:41:00,-26.4080697542
2018-08-30 02:42:00,-26.4080697542
2018-08-30 02:43:00,-37.4198745355
2018-08-30 02:44:00,-37.4198745355
2018-08-30 02:45:00,-37.4198745355
2018-08-30 02:46:00,-37.4198745355
2018-08-30 02:47:00,-37.4198745355
2018-08-30 02:48:00,-37.4198745355
2018-08-30 02:49:00,-37.4198745355
2018-08-30 02:50:00,-37.4198745355
2018-08-30 02:51:00,-37.4198745355
2018-08-30 02:52:00,-37.4198745355
2018-08-30 02:53:00,-37.4198745355
2018-08-30 02:54:00,-37.4198745355
2018-08-30 02:55:00,-26.4080697542
2018-08-30 02:56:00,-26.4080697542
2018-08-30 02:57:00,-4.3844601917
2018-08-30 02:58:00,-15.396264973
2018-08-30 02:59:00,-26.4080697542
2018-08-30 03:00:00,-26.4080697542
2018-08-30 03:01:00,-26.4080697542
2018-08-30 03:02:00,-26.4080697542
2018-08-30 03:03:00,-4.3844601917
2018-08-30 03:04:00,-4.3844601917
2018-08-30 03:05:00,-15.396264973
2018-08-30 03:06:00,-15.396264973
2018-08-30 03:07:00,-15.396264973
2018-08-30 03:08:00,-26.4080697542
2018-08-30 03:09:00,-15.396264973
2018-08-30 03:10:00,-26.4080697542
2018-08-30 03:11:00,-37.4198745355
2018-08-30 03:12:00,-26.4080697542
2018-08-30 03:13:00,-26.4080697542
2018-08-30 03:14:00,-26.4080697542
2018-08-30 03:15:00,-26.4080697542
2018-08-30 03:16:00,-26.4080697542
2018-08-30 03:17:00,-15.396264973
2018-08-30 03:18:00,-15.396264973
2018-08-30 03:19:00,-15.396264973
2018-08-30 03:20:00,-15.396264973
2018-08-30 03:21:00,-4.3844601917
2018-08-30 03:22:00,-4.3844601917
2018-08-30 03:23:00,6.62734458955
2018-08-30 03:24:00,-4.3844601917
2018-08-30 03:25:00,-4.3844601917
2018-08-30 03:26:00,-4.3844601917
2018-08-30 03:27:00,6.62734458955
2018-08-30 03:28:00,-4.3844601917
2018-08-30 03:29:00,-4.3844601917
2018-08-30 03:30:00,6.62734458955
2018-08-30 03:31:00,6.62734458955
2018-08-30 03:32:00,6.62734458955
2018-08-30 03:33:00,6.62734458955
2018-08-30 03:34:00,6.62734458955
2018-08-30 03:35:00,6.62734458955
2018-08-30 03:36:00,6.62734458955
2018-08-30 03:37:00,6.62734458955
2018-08-30 03:38:00,6.62734458955
2018-08-30 03:39:00,6.62734458955
2018-08-30 03:40:00,6.62734458955
2018-08-30 03:41:00,6.62734458955
2018-08-30 03:42:00,6.62734458955
2018-08-30 03:43:00,6.62734458955
2018-08-30 03:44:00,17.6391493708
2018-08-30 03:45:00,17.6391493708
2018-08-30 03:46:00,17.6391493708
2018-08-30 03:47:00,17.6391493708
2018-08-30 03:48:00,17.6391493708
2018-08-30 03:49:00,28.650954152
2018-08-30 03:50:00,6.62734458955
2018-08-30 03:51:00,17.6391493708
2018-08-30 03:52:00,6.62734458955
2018-08-30 03:53:00,6.62734458955
2018-08-30 03:54:00,-4.3844601917
2018-08-30 03:55:00,-4.3844601917
2018-08-30 03:56:00,-4.3844601917
2018-08-30 03:57:00,-4.3844601917
2018-08-30 03:58:00,-15.396264973
2018-08-30 03:59:00,-4.3844601917
2018-08-30 04:00:00,-4.3844601917
2018-08-30 04:01:00,-4.3844601917
2018-08-30 04:02:00,-4.3844601917
2018-08-30 04:03:00,-4.3844601917
2018-08-30 04:04:00,-4.3844601917
2018-08-30 04:05:00,6.62734458955
2018-08-30 04:06:00,6.62734458955
2018-08-30 04:07:00,6.62734458955
2018-08-30 04:08:00,6.62734458955
2018-08-30 04:09:00,6.62734458955
2018-08-30 04:10:00,6.62734458955
2018-08-30 04:11:00,6.62734458955
2018-08-30 04:12:00,6.62734458955
2018-08-30 04:13:00,6.62734458955
2018-08-30 04:14:00,6.62734458955
2018-08-30 04:15:00,6.62734458955
2018-08-30 04:16:00,6.62734458955
2018-08-30 04:17:00,-4.3844601917
2018-08-30 04:18:00,6.62734458955
2018-08-30 04:19:00,6.62734458955
2018-08-30 04:20:00,6.62734458955
2018-08-30 04:21:00,6.62734458955
2018-08-30 04:22:00,6.62734458955
2018-08-30 04:23:00,6.62734458955
2018-08-30 04:24:00,6.62734458955
2018-08-30 04:25:00,6.62734458955
2018-08-30 04:26:00,6.62734458955
2018-08-30 04:27:00,6.62734458955
2018-08-30 04:28:00,6.62734458955
2018-08-30 04:29:00,6.62734458955
2018-08-30 04:30:00,6.62734458955
2018-08-30 04:31:00,6.62734458955
2018-08-30 04:32:00,6.62734458955
2018-08-30 04:33:00,-4.3844601917
2018-08-30 04:34:00,-4.3844601917
2018-08-30 04:35:00,-4.3844601917
2018-08-30 04:36:00,-4.3844601917
2018-08-30 04:37:00,-15.396264973
2018-08-30 04:38:00,-15.396264973
2018-08-30 04:39:00,-15.396264973
2018-08-30 04:40:00,-15.396264973
2018-08-30 04:41:00,-15.396264973
2018-08-30 04:42:00,-4.3844601917
2018-08-30 04:43:00,-4.3844601917
2018-08-30 04:44:00,-4.3844601917
2018-08-30 04:45:00,-15.396264973
2018-08-30 04:46:00,-15.396264973
2018-08-30 04:47:00,-15.396264973
2018-08-30 04:48:00,-15.396264973
2018-08-30 04:49:00,-15.396264973
2018-08-30 04:50:00,-15.396264973
2018-08-30 04:51:00,-15.396264973
2018-08-30 04:52:00,-15.396264973
2018-08-30 04:53:00,-15.396264973
2018-08-30 04:54:00,-15.396264973
2018-08-30 04:55:00,-15.396264973
2018-08-30 04:56:00,-15.396264973
2018-08-30 04:57:00,-15.396264973
2018-08-30 04:58:00,-15.396264973
2018-08-30 04:59:00,-15.396264973
2018-08-30 05:00:00,-15.396264973
2018-08-30 05:01:00,-37.4198745355
2018-08-30 05:02:00,-37.4198745355
2018-08-30 05:03:00,-37.4198745355
2018-08-30 05:04:00,-37.4198745355
2018-08-30 05:05:00,-37.4198745355
2018-08-30 05:06:00,-37.4198745355
2018-08-30 05:07:00,-15.396264973
2018-08-30 05:08:00,-15.396264973
2018-08-30 05:09:00,-15.396264973
2018-08-30 05:10:00,-15.396264973
2018-08-30 05:11:00,-15.396264973
2018-08-30 05:12:00,-15.396264973
2018-08-30 05:13:00,-26.4080697542
2018-08-30 05:14:00,-26.4080697542
2018-08-30 05:15:00,-26.4080697542
2018-08-30 05:16:00,-26.4080697542
2018-08-30 05:17:00,-26.4080697542
2018-08-30 05:18:00,-26.4080697542
2018-08-30 05:19:00,-26.4080697542
2018-08-30 05:20:00,-26.4080697542
2018-08-30 05:21:00,-26.4080697542
2018-08-30 05:22:00,-26.4080697542
2018-08-30 05:23:00,-26.4080697542
2018-08-30 05:24:00,-26.4080697542
2018-08-30 05:25:00,-26.4080697542
2018-08-30 05:26:00,-37.4198745355
2018-08-30 05:27:00,-37.4198745355
2018-08-30 05:28:00,-37.4198745355
2018-08-30 05:29:00,-48.4316793167
2018-08-30 05:30:00,-48.4316793167
2018-08-30 05:31:00,-48.4316793167
2018-08-30 05:32:00,-48.4316793167
2018-08-30 05:33:00,-59.443484098
2018-08-30 05:34:00,-59.443484098
2018-08-30 05:35:00,-59.443484098
2018-08-30 05:36:00,-70.4552888792
2018-08-30 05:37:00,-81.4670936605
2018-08-30 05:38:00,-81.4670936605
2018-08-30 05:39:00,-81.4670936605
2018-08-30 05:40:00,-81.4670936605
2018-08-30 05:41:00,-81.4670936605
2018-08-30 05:42:00,-81.4670936605
2018-08-30 05:43:00,-81.4670936605
2018-08-30 05:44:00,-81.4670936605
2018-08-30 05:45:00,-81.4670936605
2018-08-30 05:46:00,-81.4670936605
2018-08-30 05:47:00,-81.4670936605
2018-08-30 05:48:00,-81.4670936605
2018-08-30 05:49:00,-70.4552888792
2018-08-30 05:50:00,-81.4670936605
2018-08-30 05:51:00,-81.4670936605
2018-08-30 05:52:00,-81.4670936605
2018-08-30 05:53:00,-81.4670936605
2018-08-30 05:54:00,-70.4552888792
2018-08-30 05:55:00,-70.4552888792
2018-08-30 05:56:00,-81.4670936605
2018-08-30 05:57:00,-70.4552888792
2018-08-30 05:58:00,-59.443484098
2018-08-30 05:59:00,-59.443484098
2018-08-30 06:00:00,-59.443484098
2018-08-30 06:01:00,-59.443484098
2018-08-30 06:02:00,-59.443484098
2018-08-30 06:03:00,-59.443484098
2018-08-30 06:04:00,-59.443484098
2018-08-30 06:05:00,-59.443484098
2018-08-30 06:06:00,-59.443484098
2018-08-30 06:07:00,-59.443484098
2018-08-30 06:08:00,-59.443484098
2018-08-30 06:09:00,-48.4316793167
2018-08-30 06:10:00,-37.4198745355
2018-08-30 06:11:00,-59.443484098
2018-08-30 06:12:00,-59.443484098
2018-08-30 06:13:00,-59.443484098
2018-08-30 06:14:00,-59.443484098
2018-08-30 06:15:00,-59.443484098
2018-08-30 06:16:00,-70.4552888792
2018-08-30 06:17:00,-59.443484098
2018-08-30 06:18:00,-70.4552888792
2018-08-30 06:19:00,-59.443484098
2018-08-30 06:20:00,-59.443484098
2018-08-30 06:21:00,-70.4552888792
2018-08-30 06:22:00,-59.443484098
2018-08-30 06:23:00,-59.443484098
2018-08-30 06:24:00,-59.443484098
2018-08-30 06:25:00,-59.443484098
2018-08-30 06:26:00,-59.443484098
2018-08-30 06:27:00,-59.443484098
2018-08-30 06:28:00,-59.443484098
2018-08-30 06:29:00,-59.443484098
2018-08-30 06:30:00,-59.443484098
2018-08-30 06:31:00,-59.443484098
2018-08-30 06:32:00,-59.443484098
2018-08-30 06:33:00,-59.443484098
2018-08-30 06:34:00,-59.443484098
2018-08-30 06:35:00,-59.443484098
2018-08-30 06:36:00,-59.443484098
2018-08-30 06:37:00,-59.443484098
2018-08-30 06:38:00,-59.443484098
2018-08-30 06:39:00,-59.443484098
2018-08-30 06:40:00,-59.443484098
2018-08-30 06:41:00,-48.4316793167
2018-08-30 06:42:00,-48.4316793167
2018-08-30 06:43:00,-48.4316793167
2018-08-30 06:44:00,-48.4316793167
2018-08-30 06:45:00,-48.4316793167
2018-08-30 06:46:00,-48.4316793167
2018-08-30 06:47:00,-37.4198745355
2018-08-30 06:48:00,-26.4080697542
2018-08-30 06:49:00,-26.4080697542
2018-08-30 06:50:00,-15.396264973
2018-08-30 06:51:00,-15.396264973
2018-08-30 06:52:00,-15.396264973
2018-08-30 06:53:00,-15.396264973
2018-08-30 06:54:00,-15.396264973
2018-08-30 06:55:00,-26.4080697542
2018-08-30 06:56:00,-26.4080697542
2018-08-30 06:57:00,-26.4080697542
2018-08-30 06:58:00,-26.4080697542
2018-08-30 06:59:00,-37.4198745355
2018-08-30 07:00:00,-26.4080697542
2018-08-30 07:01:00,-15.396264973
2018-08-30 07:02:00,-15.396264973
2018-08-30 07:03:00,-15.396264973
2018-08-30 07:04:00,-15.396264973
2018-08-30 07:05:00,-26.4080697542
2018-08-30 07:06:00,-15.396264973
2018-08-30 07:07:00,-15.396264973
2018-08-30 07:08:00,-37.4198745355
2018-08-30 07:09:00,-26.4080697542
2018-08-30 07:10:00,-26.4080697542
2018-08-30 07:11:00,-26.4080697542
2018-08-30 07:12:00,-37.4198745355
2018-08-30 07:13:00,-37.4198745355
2018-08-30 07:14:00,-37.4198745355
2018-08-30 07:15:00,-37.4198745355
2018-08-30 07:16:00,-26.4080697542
2018-08-30 07:17:00,-26.4080697542
2018-08-30 07:18:00,-15.396264973
2018-08-30 07:19:00,-15.396264973
2018-08-30 07:20:00,-15.396264973
2018-08-30 07:21:00,-15.396264973
2018-08-30 07:22:00,-15.396264973
2018-08-30 07:23:00,-15.396264973
2018-08-30 07:24:00,-4.3844601917
2018-08-30 07:25:00,-15.396264973
2018-08-30 07:26:00,-15.396264973
2018-08-30 07:27:00,-15.396264973
2018-08-30 07:28:00,-15.396264973
2018-08-30 07:29:00,-15.396264973
2018-08-30 07:30:00,-15.396264973
2018-08-30 07:31:00,-4.3844601917
2018-08-30 07:32:00,-4.3844601917
2018-08-30 07:33:00,-4.3844601917
2018-08-30 07:34:00,-4.3844601917
2018-08-30 07:35:00,-4.3844601917
2018-08-30 07:36:00,6.62734458955
2018-08-30 07:37:00,-15.396264973
2018-08-30 07:38:00,-15.396264973
2018-08-30 07:39:00,-15.396264973
2018-08-30 07:40:00,-15.396264973
2018-08-30 07:41:00,-15.396264973
2018-08-30 07:42:00,-15.396264973
2018-08-30 07:43:00,-15.396264973
2018-08-30 07:44:00,-15.396264973
2018-08-30 07:45:00,-15.396264973
2018-08-30 07:46:00,-15.396264973
2018-08-30 07:47:00,-15.396264973
2018-08-30 07:48:00,-15.396264973
2018-08-30 07:49:00,-26.4080697542
2018-08-30 07:50:00,-26.4080697542
2018-08-30 07:51:00,-26.4080697542
2018-08-30 07:52:00,-26.4080697542
2018-08-30 07:53:00,-15.396264973
2018-08-30 07:54:00,6.62734458955
2018-08-30 07:55:00,6.62734458955
2018-08-30 07:56:00,6.62734458955
2018-08-30 07:57:00,6.62734458955
2018-08-30 07:58:00,17.6391493708
2018-08-30 07:59:00,17.6391493708
2018-08-30 08:00:00,6.62734458955
2018-08-30 08:01:00,6.62734458955
2018-08-30 08:02:00,6.62734458955
2018-08-30 08:03:00,6.62734458955
2018-08-30 08:04:00,6.62734458955
2018-08-30 08:05:00,6.62734458955
2018-08-30 08:06:00,17.6391493708
2018-08-30 08:07:00,6.62734458955
2018-08-30 08:08:00,6.62734458955
2018-08-30 08:09:00,6.62734458955
2018-08-30 08:10:00,17.6391493708
2018-08-30 08:11:00,6.62734458955
2018-08-30 08:12:00,6.62734458955
2018-08-30 08:13:00,17.6391493708
2018-08-30 08:14:00,17.6391493708
2018-08-30 08:15:00,28.650954152
2018-08-30 08:16:00,28.650954152
2018-08-30 08:17:00,17.6391493708
2018-08-30 08:18:00,39.6627589333
2018-08-30 08:19:00,39.6627589333
2018-08-30 08:20:00,39.6627589333
2018-08-30 08:21:00,39.6627589333
2018-08-30 08:22:00,39.6627589333
2018-08-30 08:23:00,39.6627589333
2018-08-30 08:24:00,39.6627589333
2018-08-30 08:25:00,39.6627589333
2018-08-30 08:26:00,39.6627589333
2018-08-30 08:27:00,39.6627589333
2018-08-30 08:28:00,39.6627589333
2018-08-30 08:29:00,17.6391493708
2018-08-30 08:30:00,17.6391493708
2018-08-30 08:31:00,39.6627589333
2018-08-30 08:32:00,39.6627589333
2018-08-30 08:33:00,28.650954152
2018-08-30 08:34:00,28.650954152
2018-08-30 08:35:00,28.650954152
2018-08-30 08:36:00,28.650954152
2018-08-30 08:37:00,39.6627589333
2018-08-30 08:38:00,39.6627589333
2018-08-30 08:39:00,28.650954152
2018-08-30 08:40:00,39.6627589333
2018-08-30 08:41:00,28.650954152
2018-08-30 08:42:00,28.650954152
2018-08-30 08:43:00,28.650954152
2018-08-30 08:44:00,28.650954152
2018-08-30 08:45:00,28.650954152
2018-08-30 08:46:00,28.650954152
2018-08-30 08:47:00,28.650954152
2018-08-30 08:48:00,28.650954152
2018-08-30 08:49:00,28.650954152
2018-08-30 08:50:00,28.650954152
2018-08-30 08:51:00,28.650954152
2018-08-30 08:52:00,39.6627589333
2018-08-30 08:53:00,28.650954152
2018-08-30 08:54:00,39.6627589333
2018-08-30 08:55:00,39.6627589333
2018-08-30 08:56:00,50.6745637145
2018-08-30 08:57:00,50.6745637145
2018-08-30 08:58:00,39.6627589333
2018-08-30 08:59:00,50.6745637145
2018-08-30 09:00:00,39.6627589333
2018-08-30 09:01:00,39.6627589333
2018-08-30 09:02:00,39.6627589333
2018-08-30 09:03:00,50.6745637145
2018-08-30 09:04:00,50.6745637145
2018-08-30 09:05:00,50.6745637145
2018-08-30 09:06:00,50.6745637145
2018-08-30 09:07:00,50.6745637145
2018-08-30 09:08:00,50.6745637145
2018-08-30 09:09:00,50.6745637145
2018-08-30 09:10:00,50.6745637145
2018-08-30 09:11:00,61.6863684958
2018-08-30 09:12:00,61.6863684958
2018-08-30 09:13:00,61.6863684958
2018-08-30 09:14:00,61.6863684958
2018-08-30 09:15:00,72.698173277
2018-08-30 09:16:00,72.698173277
2018-08-30 09:17:00,72.698173277
2018-08-30 09:18:00,61.6863684958
2018-08-30 09:19:00,61.6863684958
2018-08-30 09:20:00,61.6863684958
2018-08-30 09:21:00,61.6863684958
2018-08-30 09:22:00,50.6745637145
2018-08-30 09:23:00,50.6745637145
2018-08-30 09:24:00,50.6745637145
2018-08-30 09:25:00,50.6745637145
2018-08-30 09:26:00,39.6627589333
2018-08-30 09:27:00,39.6627589333
2018-08-30 09:28:00,50.6745637145
2018-08-30 09:29:00,50.6745637145
2018-08-30 09:30:00,50.6745637145
2018-08-30 09:31:00,50.6745637145
2018-08-30 09:32:00,50.6745637145
2018-08-30 09:33:00,50.6745637145
2018-08-30 09:34:00,28.650954152
2018-08-30 09:35:00,28.650954152
2018-08-30 09:36:00,39.6627589333
2018-08-30 09:37:00,39.6627589333
2018-08-30 09:38:00,39.6627589333
2018-08-30 09:39:00,39.6627589333
2018-08-30 09:40:00,50.6745637145
2018-08-30 09:41:00,50.6745637145
2018-08-30 09:42:00,50.6745637145
2018-08-30 09:43:00,50.6745637145
2018-08-30 09:44:00,50.6745637145
2018-08-30 09:45:00,61.6863684958
2018-08-30 09:46:00,83.7099780583
2018-08-30 09:47:00,83.7099780583
2018-08-30 09:48:00,83.7099780583
2018-08-30 09:49:00,83.7099780583
2018-08-30 09:50:00,83.7099780583
2018-08-30 09:51:00,83.7099780583
2018-08-30 09:52:00,72.698173277
2018-08-30 09:53:00,72.698173277
2018-08-30 09:54:00,83.7099780583
2018-08-30 09:55:00,83.7099780583
2018-08-30 09:56:00,94.7217828395
2018-08-30 09:57:00,94.7217828395
2018-08-30 09:58:00,94.7217828395
2018-08-30 09:59:00,94.7217828395
2018-08-30 10:00:00,94.7217828395
2018-08-30 10:01:00,94.7217828395
2018-08-30 10:02:00,94.7217828395
2018-08-30 10:03:00,94.7217828395
2018-08-30 10:04:00,94.7217828395
2018-08-30 10:05:00,94.7217828395
2018-08-30 10:06:00,94.7217828395
2018-08-30 10:07:00,94.7217828395
2018-08-30 10:08:00,94.7217828395
2018-08-30 10:09:00,94.7217828395
2018-08-30 10:10:00,94.7217828395
2018-08-30 10:11:00,94.7217828395
2018-08-30 10:12:00,94.7217828395
2018-08-30 10:13:00,94.7217828395
2018-08-30 10:14:00,94.7217828395
2018-08-30 10:15:00,94.7217828395
2018-08-30 10:16:00,83.7099780583
2018-08-30 10:17:00,83.7099780583
2018-08-30 10:18:00,83.7099780583
2018-08-30 10:19:00,83.7099780583
2018-08-30 10:20:00,94.7217828395
2018-08-30 10:21:00,105.733587621
2018-08-30 10:22:00,105.733587621
2018-08-30 10:23:00,105.733587621
2018-08-30 10:24:00,94.7217828395
2018-08-30 10:25:00,105.733587621
2018-08-30 10:26:00,94.7217828395
2018-08-30 10:27:00,94.7217828395
2018-08-30 10:28:00,94.7217828395
2018-08-30 10:29:00,105.733587621
2018-08-30 10:30:00,94.7217828395
2018-08-30 10:31:00,116.745392402
2018-08-30 10:32:00,116.745392402
2018-08-30 10:33:00,116.745392402
2018-08-30 10:34:00,116.745392402
2018-08-30 10:35:00,116.745392402
2018-08-30 10:36:00,116.745392402
2018-08-30 10:37:00,105.733587621
2018-08-30 10:38:00,105.733587621
2018-08-30 10:39:00,105.733587621
2018-08-30 10:40:00,105.733587621
2018-08-30 10:41:00,105.733587621
2018-08-30 10:42:00,105.733587621
2018-08-30 10:43:00,105.733587621
2018-08-30 10:44:00,105.733587621
2018-08-30 10:45:00,94.7217828395
2018-08-30 10:46:00,94.7217828395
2018-08-30 10:47:00,94.7217828395
2018-08-30 10:48:00,94.7217828395
2018-08-30 10:49:00,105.733587621
2018-08-30 10:50:00,94.7217828395
2018-08-30 10:51:00,94.7217828395
2018-08-30 10:52:00,105.733587621
2018-08-30 10:53:00,72.698173277
2018-08-30 10:54:00,72.698173277
2018-08-30 10:55:00,83.7099780583
2018-08-30 10:56:00,83.7099780583
2018-08-30 10:57:00,72.698173277
2018-08-30 10:58:00,83.7099780583
2018-08-30 10:59:00,94.7217828395
2018-08-30 11:00:00,94.7217828395
2018-08-30 11:01:00,94.7217828395
2018-08-30 11:02:00,94.7217828395
2018-08-30 11:03:00,94.7217828395
2018-08-30 11:04:00,94.7217828395
2018-08-30 11:05:00,94.7217828395
2018-08-30 11:06:00,94.7217828395
2018-08-30 11:07:00,94.7217828395
2018-08-30 11:08:00,94.7217828395
2018-08-30 11:09:00,94.7217828395
2018-08-30 11:10:00,94.7217828395
2018-08-30 11:11:00,94.7217828395
2018-08-30 11:12:00,94.7217828395
2018-08-30 11:13:00,94.7217828395
2018-08-30 11:14:00,94.7217828395
2018-08-30 11:15:00,94.7217828395
2018-08-30 11:16:00,94.7217828395
2018-08-30 11:17:00,94.7217828395
2018-08-30 11:18:00,94.7217828395
2018-08-30 11:19:00,94.7217828395
2018-08-30 11:20:00,94.7217828395
2018-08-30 11:21:00,94.7217828395
2018-08-30 11:22:00,94.7217828395
2018-08-30 11:23:00,94.7217828395
2018-08-30 11:24:00,94.7217828395
2018-08-30 11:25:00,94.7217828395
2018-08-30 11:26:00,94.7217828395
2018-08-30 11:27:00,94.7217828395
2018-08-30 11:28:00,94.7217828395
2018-08-30 11:29:00,94.7217828395
2018-08-30 11:30:00,94.7217828395
2018-08-30 11:31:00,94.7217828395
2018-08-30 11:32:00,94.7217828395
2018-08-30 11:33:00,105.733587621
2018-08-30 11:34:00,105.733587621
2018-08-30 11:35:00,105.733587621
2018-08-30 11:36:00,105.733587621
2018-08-30 11:37:00,105.733587621
2018-08-30 11:38:00,105.733587621
2018-08-30 11:39:00,105.733587621
2018-08-30 11:40:00,105.733587621
2018-08-30 11:41:00,105.733587621
2018-08-30 11:42:00,105.733587621
2018-08-30 11:43:00,105.733587621
2018-08-30 11:44:00,105.733587621
2018-08-30 11:45:00,105.733587621
2018-08-30 11:46:00,94.7217828395
2018-08-30 11:47:00,94.7217828395
2018-08-30 11:48:00,94.7217828395
2018-08-30 11:49:00,94.7217828395
2018-08-30 11:50:00,94.7217828395
2018-08-30 11:51:00,94.7217828395
2018-08-30 11:52:00,94.7217828395
2018-08-30 11:53:00,83.7099780583
2018-08-30 11:54:00,94.7217828395
2018-08-30 11:55:00,83.7099780583
2018-08-30 11:56:00,72.698173277
2018-08-30 11:57:00,83.7099780583
2018-08-30 11:58:00,83.7099780583
2018-08-30 11:59:00,72.698173277
2018-08-31 01:29:00,204.840711596
2018-08-31 01:30:00,28.6518350964
2018-08-31 01:31:00,28.6518350964
2018-08-31 01:32:00,50.6754446589
2018-08-31 01:33:00,50.6754446589
2018-08-31 01:34:00,50.6754446589
2018-08-31 01:35:00,50.6754446589
2018-08-31 01:36:00,39.6636398777
2018-08-31 01:37:00,39.6636398777
2018-08-31 01:38:00,39.6636398777
2018-08-31 01:39:00,39.6636398777
2018-08-31 01:40:00,39.6636398777
2018-08-31 01:41:00,39.6636398777
2018-08-31 01:42:00,39.6636398777
2018-08-31 01:43:00,39.6636398777
2018-08-31 01:44:00,61.6872494402
2018-08-31 01:45:00,61.6872494402
2018-08-31 01:46:00,94.7226637839
2018-08-31 01:47:00,94.7226637839
2018-08-31 01:48:00,94.7226637839
2018-08-31 01:49:00,94.7226637839
2018-08-31 01:50:00,94.7226637839
2018-08-31 01:51:00,94.7226637839
2018-08-31 01:52:00,94.7226637839
2018-08-31 01:53:00,94.7226637839
2018-08-31 01:54:00,94.7226637839
2018-08-31 01:55:00,94.7226637839
2018-08-31 01:56:00,94.7226637839
2018-08-31 01:57:00,83.7108590027
2018-08-31 01:58:00,83.7108590027
2018-08-31 01:59:00,72.6990542214
2018-08-31 02:00:00,61.6872494402
2018-08-31 02:01:00,72.6990542214
2018-08-31 02:02:00,116.746273346
2018-08-31 02:03:00,116.746273346
2018-08-31 02:04:00,83.7108590027
2018-08-31 02:05:00,83.7108590027
2018-08-31 02:06:00,94.7226637839
2018-08-31 02:07:00,105.734468565
2018-08-31 02:08:00,116.746273346
2018-08-31 02:09:00,116.746273346
2018-08-31 02:10:00,116.746273346
2018-08-31 02:11:00,116.746273346
2018-08-31 02:12:00,127.758078128
2018-08-31 02:13:00,127.758078128
2018-08-31 02:14:00,127.758078128
2018-08-31 02:15:00,127.758078128
2018-08-31 02:16:00,182.817102034
2018-08-31 02:17:00,193.828906815
2018-08-31 02:18:00,193.828906815
2018-08-31 02:19:00,193.828906815
2018-08-31 02:20:00,204.840711596
2018-08-31 02:21:00,204.840711596
2018-08-31 02:22:00,215.852516378
2018-08-31 02:23:00,204.840711596
2018-08-31 02:24:00,204.840711596
2018-08-31 02:25:00,204.840711596
2018-08-31 02:26:00,204.840711596
2018-08-31 02:27:00,204.840711596
2018-08-31 02:28:00,204.840711596
2018-08-31 02:29:00,204.840711596
2018-08-31 02:30:00,204.840711596
2018-08-31 02:31:00,204.840711596
2018-08-31 02:32:00,204.840711596
2018-08-31 02:33:00,204.840711596
2018-08-31 02:34:00,204.840711596
2018-08-31 02:35:00,204.840711596
2018-08-31 02:36:00,204.840711596
2018-08-31 02:37:00,204.840711596
2018-08-31 02:38:00,204.840711596
2018-08-31 02:39:00,204.840711596
2018-08-31 02:40:00,204.840711596
2018-08-31 02:41:00,193.828906815
2018-08-31 02:42:00,193.828906815
2018-08-31 02:43:00,182.817102034
2018-08-31 02:44:00,182.817102034
2018-08-31 02:45:00,182.817102034
2018-08-31 02:46:00,182.817102034
2018-08-31 02:47:00,182.817102034
2018-08-31 02:48:00,182.817102034
2018-08-31 02:49:00,171.805297253
2018-08-31 02:50:00,171.805297253
2018-08-31 02:51:00,160.793492471
2018-08-31 02:52:00,160.793492471
2018-08-31 02:53:00,171.805297253
2018-08-31 02:54:00,160.793492471
2018-08-31 02:55:00,171.805297253
2018-08-31 02:56:00,160.793492471
2018-08-31 02:57:00,171.805297253
2018-08-31 02:58:00,171.805297253
2018-08-31 02:59:00,182.817102034
2018-08-31 03:00:00,182.817102034
2018-08-31 03:01:00,182.817102034
2018-08-31 03:02:00,160.793492471
2018-08-31 03:03:00,171.805297253
2018-08-31 03:04:00,160.793492471
2018-08-31 03:05:00,138.769882909
2018-08-31 03:06:00,149.78168769
2018-08-31 03:07:00,160.793492471
2018-08-31 03:08:00,160.793492471
2018-08-31 03:09:00,160.793492471
2018-08-31 03:10:00,149.78168769
2018-08-31 03:11:00,160.793492471
2018-08-31 03:12:00,149.78168769
2018-08-31 03:13:00,149.78168769
2018-08-31 03:14:00,138.769882909
2018-08-31 03:15:00,138.769882909
2018-08-31 03:16:00,138.769882909
2018-08-31 03:17:00,138.769882909
2018-08-31 03:18:00,138.769882909
2018-08-31 03:19:00,138.769882909
2018-08-31 03:20:00,138.769882909
2018-08-31 03:21:00,138.769882909
2018-08-31 03:22:00,138.769882909
2018-08-31 03:23:00,149.78168769
2018-08-31 03:24:00,149.78168769
2018-08-31 03:25:00,160.793492471
2018-08-31 03:26:00,160.793492471
2018-08-31 03:27:00,160.793492471
2018-08-31 03:28:00,149.78168769
2018-08-31 03:29:00,160.793492471
2018-08-31 03:30:00,160.793492471
2018-08-31 03:31:00,160.793492471
2018-08-31 03:32:00,138.769882909
2018-08-31 03:33:00,138.769882909
2018-08-31 03:34:00,138.769882909
2018-08-31 03:35:00,138.769882909
2018-08-31 03:36:00,138.769882909
2018-08-31 03:37:00,149.78168769
2018-08-31 03:38:00,149.78168769
2018-08-31 03:39:00,149.78168769
2018-08-31 03:40:00,138.769882909
2018-08-31 03:41:00,138.769882909
2018-08-31 03:42:00,127.758078128
2018-08-31 03:43:00,138.769882909
2018-08-31 03:44:00,149.78168769
2018-08-31 03:45:00,149.78168769
2018-08-31 03:46:00,149.78168769
2018-08-31 03:47:00,127.758078128
2018-08-31 03:48:00,127.758078128
2018-08-31 03:49:00,127.758078128
2018-08-31 03:50:00,116.746273346
2018-08-31 03:51:00,116.746273346
2018-08-31 03:52:00,116.746273346
2018-08-31 03:53:00,116.746273346
2018-08-31 03:54:00,127.758078128
2018-08-31 03:55:00,138.769882909
2018-08-31 03:56:00,138.769882909
2018-08-31 03:57:00,138.769882909
2018-08-31 03:58:00,116.746273346
2018-08-31 03:59:00,127.758078128
2018-08-31 04:00:00,127.758078128
2018-08-31 04:01:00,127.758078128
2018-08-31 04:02:00,138.769882909
2018-08-31 04:03:00,116.746273346
2018-08-31 04:04:00,127.758078128
2018-08-31 04:05:00,127.758078128
2018-08-31 04:06:00,138.769882909
2018-08-31 04:07:00,138.769882909
2018-08-31 04:08:00,138.769882909
2018-08-31 04:09:00,138.769882909
2018-08-31 04:10:00,127.758078128
2018-08-31 04:11:00,116.746273346
2018-08-31 04:12:00,127.758078128
2018-08-31 04:13:00,127.758078128
2018-08-31 04:14:00,116.746273346
2018-08-31 04:15:00,116.746273346
2018-08-31 04:16:00,116.746273346
2018-08-31 04:17:00,116.746273346
2018-08-31 04:18:00,116.746273346
2018-08-31 04:19:00,105.734468565
2018-08-31 04:20:00,105.734468565
2018-08-31 04:21:00,105.734468565
2018-08-31 04:22:00,94.7226637839
2018-08-31 04:23:00,94.7226637839
2018-08-31 04:24:00,61.6872494402
2018-08-31 04:25:00,50.6754446589
2018-08-31 04:26:00,50.6754446589
2018-08-31 04:27:00,61.6872494402
2018-08-31 04:28:00,50.6754446589
2018-08-31 04:29:00,61.6872494402
2018-08-31 04:30:00,61.6872494402
2018-08-31 04:31:00,61.6872494402
2018-08-31 04:32:00,72.6990542214
2018-08-31 04:33:00,61.6872494402
2018-08-31 04:34:00,61.6872494402
2018-08-31 04:35:00,72.6990542214
2018-08-31 04:36:00,72.6990542214
2018-08-31 04:37:00,72.6990542214
2018-08-31 04:38:00,72.6990542214
2018-08-31 04:39:00,72.6990542214
2018-08-31 04:40:00,72.6990542214
2018-08-31 04:41:00,72.6990542214
2018-08-31 04:42:00,83.7108590027
2018-08-31 04:43:00,83.7108590027
2018-08-31 04:44:00,83.7108590027
2018-08-31 04:45:00,83.7108590027
2018-08-31 04:46:00,83.7108590027
2018-08-31 04:47:00,72.6990542214
2018-08-31 04:48:00,50.6754446589
2018-08-31 04:49:00,50.6754446589
2018-08-31 04:50:00,50.6754446589
2018-08-31 04:51:00,50.6754446589
2018-08-31 04:52:00,50.6754446589
2018-08-31 04:53:00,50.6754446589
2018-08-31 04:54:00,50.6754446589
2018-08-31 04:55:00,50.6754446589
2018-08-31 04:56:00,61.6872494402
2018-08-31 04:57:00,50.6754446589
2018-08-31 04:58:00,50.6754446589
2018-08-31 04:59:00,50.6754446589
2018-08-31 05:00:00,50.6754446589
2018-08-31 05:01:00,50.6754446589
2018-08-31 05:02:00,50.6754446589
2018-08-31 05:03:00,61.6872494402
2018-08-31 05:04:00,61.6872494402
2018-08-31 05:05:00,61.6872494402
2018-08-31 05:06:00,61.6872494402
2018-08-31 05:07:00,61.6872494402
2018-08-31 05:08:00,61.6872494402
2018-08-31 05:09:00,61.6872494402
2018-08-31 05:10:00,72.6990542214
2018-08-31 05:11:00,72.6990542214
2018-08-31 05:12:00,72.6990542214
2018-08-31 05:13:00,72.6990542214
2018-08-31 05:14:00,72.6990542214
2018-08-31 05:15:00,72.6990542214
2018-08-31 05:16:00,72.6990542214
2018-08-31 05:17:00,72.6990542214
2018-08-31 05:18:00,72.6990542214
2018-08-31 05:19:00,94.7226637839
2018-08-31 05:20:00,94.7226637839
2018-08-31 05:21:00,83.7108590027
2018-08-31 05:22:00,72.6990542214
2018-08-31 05:23:00,72.6990542214
2018-08-31 05:24:00,72.6990542214
2018-08-31 05:25:00,72.6990542214
2018-08-31 05:26:00,72.6990542214
2018-08-31 05:27:00,72.6990542214
2018-08-31 05:28:00,83.7108590027
2018-08-31 05:29:00,83.7108590027
2018-08-31 05:30:00,94.7226637839
2018-08-31 05:31:00,83.7108590027
2018-08-31 05:32:00,83.7108590027
2018-08-31 05:33:00,94.7226637839
2018-08-31 05:34:00,83.7108590027
2018-08-31 05:35:00,83.7108590027
2018-08-31 05:36:00,83.7108590027
2018-08-31 05:37:00,83.7108590027
2018-08-31 05:38:00,94.7226637839
2018-08-31 05:39:00,94.7226637839
2018-08-31 05:40:00,94.7226637839
2018-08-31 05:41:00,94.7226637839
2018-08-31 05:42:00,94.7226637839
2018-08-31 05:43:00,94.7226637839
2018-08-31 05:44:00,94.7226637839
2018-08-31 05:45:00,94.7226637839
2018-08-31 05:46:00,94.7226637839
2018-08-31 05:47:00,94.7226637839
2018-08-31 05:48:00,94.7226637839
2018-08-31 05:49:00,94.7226637839
2018-08-31 05:50:00,72.6990542214
2018-08-31 05:51:00,72.6990542214
2018-08-31 05:52:00,72.6990542214
2018-08-31 05:53:00,72.6990542214
2018-08-31 05:54:00,72.6990542214
2018-08-31 05:55:00,72.6990542214
2018-08-31 05:56:00,72.6990542214
2018-08-31 05:57:00,94.7226637839
2018-08-31 05:58:00,94.7226637839
2018-08-31 05:59:00,105.734468565
2018-08-31 06:00:00,105.734468565
2018-08-31 06:01:00,94.7226637839
2018-08-31 06:02:00,94.7226637839
2018-08-31 06:03:00,94.7226637839
2018-08-31 06:04:00,94.7226637839
2018-08-31 06:05:00,94.7226637839
2018-08-31 06:06:00,94.7226637839
2018-08-31 06:07:00,94.7226637839
2018-08-31 06:08:00,94.7226637839
2018-08-31 06:09:00,94.7226637839
2018-08-31 06:10:00,94.7226637839
2018-08-31 06:11:00,94.7226637839
2018-08-31 06:12:00,94.7226637839
2018-08-31 06:13:00,94.7226637839
2018-08-31 06:14:00,94.7226637839
2018-08-31 06:15:00,105.734468565
2018-08-31 06:16:00,105.734468565
2018-08-31 06:17:00,105.734468565
2018-08-31 06:18:00,105.734468565
2018-08-31 06:19:00,105.734468565
2018-08-31 06:20:00,105.734468565
2018-08-31 06:21:00,105.734468565
2018-08-31 06:22:00,105.734468565
2018-08-31 06:23:00,116.746273346
2018-08-31 06:24:00,127.758078128
2018-08-31 06:25:00,127.758078128
2018-08-31 06:26:00,127.758078128
2018-08-31 06:27:00,127.758078128
2018-08-31 06:28:00,127.758078128
2018-08-31 06:29:00,127.758078128
2018-08-31 06:30:00,127.758078128
2018-08-31 06:31:00,138.769882909
2018-08-31 06:32:00,138.769882909
2018-08-31 06:33:00,138.769882909
2018-08-31 06:34:00,138.769882909
2018-08-31 06:35:00,138.769882909
2018-08-31 06:36:00,138.769882909
2018-08-31 06:37:00,138.769882909
2018-08-31 06:38:00,138.769882909
2018-08-31 06:39:00,149.78168769
2018-08-31 06:40:00,149.78168769
2018-08-31 06:41:00,138.769882909
2018-08-31 06:42:00,149.78168769
2018-08-31 06:43:00,149.78168769
2018-08-31 06:44:00,149.78168769
2018-08-31 06:45:00,149.78168769
2018-08-31 06:46:00,149.78168769
2018-08-31 06:47:00,149.78168769
2018-08-31 06:48:00,149.78168769
2018-08-31 06:49:00,149.78168769
2018-08-31 06:50:00,160.793492471
2018-08-31 06:51:00,160.793492471
2018-08-31 06:52:00,149.78168769
2018-08-31 06:53:00,149.78168769
2018-08-31 06:54:00,149.78168769
2018-08-31 06:55:00,149.78168769
2018-08-31 06:56:00,149.78168769
2018-08-31 06:57:00,138.769882909
2018-08-31 06:58:00,138.769882909
2018-08-31 06:59:00,138.769882909
2018-08-31 07:00:00,138.769882909
2018-08-31 07:01:00,127.758078128
2018-08-31 07:02:00,138.769882909
2018-08-31 07:03:00,138.769882909
2018-08-31 07:04:00,127.758078128
2018-08-31 07:05:00,138.769882909
2018-08-31 07:06:00,138.769882909
2018-08-31 07:07:00,138.769882909
2018-08-31 07:08:00,138.769882909
2018-08-31 07:09:00,127.758078128
2018-08-31 07:10:00,127.758078128
2018-08-31 07:11:00,127.758078128
2018-08-31 07:12:00,127.758078128
2018-08-31 07:13:00,127.758078128
2018-08-31 07:14:00,127.758078128
2018-08-31 07:15:00,127.758078128
2018-08-31 07:16:00,127.758078128
2018-08-31 07:17:00,138.769882909
2018-08-31 07:18:00,149.78168769
2018-08-31 07:19:00,149.78168769
2018-08-31 07:20:00,138.769882909
2018-08-31 07:21:00,138.769882909
2018-08-31 07:22:00,127.758078128
2018-08-31 07:23:00,127.758078128
2018-08-31 07:24:00,138.769882909
2018-08-31 07:25:00,138.769882909
2018-08-31 07:26:00,138.769882909
2018-08-31 07:27:00,138.769882909
2018-08-31 07:28:00,138.769882909
2018-08-31 07:29:00,149.78168769
2018-08-31 07:30:00,149.78168769
2018-08-31 07:31:00,160.793492471
2018-08-31 07:32:00,160.793492471
2018-08-31 07:33:00,160.793492471
2018-08-31 07:34:00,160.793492471
2018-08-31 07:35:00,160.793492471
2018-08-31 07:36:00,160.793492471
2018-08-31 07:37:00,182.817102034
2018-08-31 07:38:00,182.817102034
2018-08-31 07:39:00,182.817102034
2018-08-31 07:40:00,182.817102034
2018-08-31 07:41:00,182.817102034
2018-08-31 07:42:00,182.817102034
2018-08-31 07:43:00,182.817102034
2018-08-31 07:44:00,182.817102034
2018-08-31 07:45:00,182.817102034
2018-08-31 07:46:00,182.817102034
2018-08-31 07:47:00,182.817102034
2018-08-31 07:48:00,182.817102034
2018-08-31 07:49:00,193.828906815
2018-08-31 07:50:00,182.817102034
2018-08-31 07:51:00,182.817102034
2018-08-31 07:52:00,204.840711596
2018-08-31 07:53:00,204.840711596
2018-08-31 07:54:00,193.828906815
2018-08-31 07:55:00,182.817102034
2018-08-31 07:56:00,193.828906815
2018-08-31 07:57:00,204.840711596
2018-08-31 07:58:00,193.828906815
2018-08-31 07:59:00,193.828906815
2018-08-31 08:00:00,193.828906815
2018-08-31 08:01:00,193.828906815
2018-08-31 08:02:00,193.828906815
2018-08-31 08:03:00,182.817102034
2018-08-31 08:04:00,193.828906815
2018-08-31 08:05:00,193.828906815
2018-08-31 08:06:00,193.828906815
2018-08-31 08:07:00,193.828906815
2018-08-31 08:08:00,193.828906815
2018-08-31 08:09:00,204.840711596
2018-08-31 08:10:00,204.840711596
2018-08-31 08:11:00,204.840711596
2018-08-31 08:12:00,204.840711596
2018-08-31 08:13:00,204.840711596
2018-08-31 08:14:00,215.852516378
2018-08-31 08:15:00,215.852516378
2018-08-31 08:16:00,215.852516378
2018-08-31 08:17:00,215.852516378
2018-08-31 08:18:00,226.864321159
2018-08-31 08:19:00,215.852516378
2018-08-31 08:20:00,215.852516378
2018-08-31 08:21:00,215.852516378
2018-08-31 08:22:00,215.852516378
2018-08-31 08:23:00,215.852516378
2018-08-31 08:24:00,215.852516378
2018-08-31 08:25:00,215.852516378
2018-08-31 08:26:00,215.852516378
2018-08-31 08:27:00,215.852516378
2018-08-31 08:28:00,215.852516378
2018-08-31 08:29:00,215.852516378
2018-08-31 08:30:00,215.852516378
2018-08-31 08:31:00,215.852516378
2018-08-31 08:32:00,215.852516378
2018-08-31 08:33:00,226.864321159
2018-08-31 08:34:00,226.864321159
2018-08-31 08:35:00,226.864321159
2018-08-31 08:36:00,226.864321159
2018-08-31 08:37:00,226.864321159
2018-08-31 08:38:00,226.864321159
2018-08-31 08:39:00,226.864321159
2018-08-31 08:40:00,226.864321159
2018-08-31 08:41:00,226.864321159
2018-08-31 08:42:00,226.864321159
2018-08-31 08:43:00,226.864321159
2018-08-31 08:44:00,226.864321159
2018-08-31 08:45:00,226.864321159
2018-08-31 08:46:00,226.864321159
2018-08-31 08:47:00,226.864321159
2018-08-31 08:48:00,226.864321159
2018-08-31 08:49:00,226.864321159
2018-08-31 08:50:00,226.864321159
2018-08-31 08:51:00,226.864321159
2018-08-31 08:52:00,226.864321159
2018-08-31 08:53:00,226.864321159
2018-08-31 08:54:00,226.864321159
2018-08-31 08:55:00,226.864321159
2018-08-31 08:56:00,226.864321159
2018-08-31 08:57:00,226.864321159
2018-08-31 08:58:00,226.864321159
2018-08-31 08:59:00,226.864321159
2018-08-31 09:00:00,204.840711596
2018-08-31 09:01:00,193.828906815
2018-08-31 09:02:00,193.828906815
2018-08-31 09:03:00,204.840711596
2018-08-31 09:04:00,204.840711596
2018-08-31 09:05:00,193.828906815
2018-08-31 09:06:00,193.828906815
2018-08-31 09:07:00,193.828906815
2018-08-31 09:08:00,193.828906815
2018-08-31 09:09:00,193.828906815
2018-08-31 09:10:00,193.828906815
2018-08-31 09:11:00,193.828906815
2018-08-31 09:12:00,193.828906815
2018-08-31 09:13:00,182.817102034
2018-08-31 09:14:00,182.817102034
2018-08-31 09:15:00,182.817102034
2018-08-31 09:16:00,193.828906815
2018-08-31 09:17:00,182.817102034
2018-08-31 09:18:00,182.817102034
2018-08-31 09:19:00,182.817102034
2018-08-31 09:20:00,182.817102034
2018-08-31 09:21:00,182.817102034
2018-08-31 09:22:00,182.817102034
2018-08-31 09:23:00,182.817102034
2018-08-31 09:24:00,182.817102034
2018-08-31 09:25:00,182.817102034
2018-08-31 09:26:00,193.828906815
2018-08-31 09:27:00,204.840711596
2018-08-31 09:28:00,204.840711596
2018-08-31 09:29:00,204.840711596
2018-08-31 09:30:00,193.828906815
2018-08-31 09:31:00,182.817102034
2018-08-31 09:32:00,182.817102034
2018-08-31 09:33:00,182.817102034
2018-08-31 09:34:00,193.828906815
2018-08-31 09:35:00,193.828906815
2018-08-31 09:36:00,193.828906815
2018-08-31 09:37:00,182.817102034
2018-08-31 09:38:00,182.817102034
2018-08-31 09:39:00,182.817102034
2018-08-31 09:40:00,182.817102034
2018-08-31 09:41:00,182.817102034
2018-08-31 09:42:00,182.817102034
2018-08-31 09:43:00,182.817102034
2018-08-31 09:44:00,182.817102034
2018-08-31 09:45:00,182.817102034
2018-08-31 09:46:00,182.817102034
2018-08-31 09:47:00,182.817102034
2018-08-31 09:48:00,182.817102034
2018-08-31 09:49:00,182.817102034
2018-08-31 09:50:00,182.817102034
2018-08-31 09:51:00,193.828906815
2018-08-31 09:52:00,182.817102034
2018-08-31 09:53:00,182.817102034
2018-08-31 09:54:00,182.817102034
2018-08-31 09:55:00,182.817102034
2018-08-31 09:56:00,182.817102034
2018-08-31 09:57:00,182.817102034
2018-08-31 09:58:00,182.817102034
2018-08-31 09:59:00,182.817102034
2018-08-31 10:00:00,182.817102034
2018-08-31 10:01:00,182.817102034
2018-08-31 10:02:00,182.817102034
2018-08-31 10:03:00,182.817102034
2018-08-31 10:04:00,182.817102034
2018-08-31 10:05:00,204.840711596
2018-08-31 10:06:00,204.840711596
2018-08-31 10:07:00,193.828906815
2018-08-31 10:08:00,204.840711596
2018-08-31 10:09:00,204.840711596
2018-08-31 10:10:00,204.840711596
2018-08-31 10:11:00,193.828906815
2018-08-31 10:12:00,193.828906815
2018-08-31 10:13:00,204.840711596
2018-08-31 10:14:00,204.840711596
2018-08-31 10:15:00,204.840711596
2018-08-31 10:16:00,204.840711596
2018-08-31 10:17:00,204.840711596
2018-08-31 10:18:00,204.840711596
2018-08-31 10:19:00,204.840711596
2018-08-31 10:20:00,204.840711596
2018-08-31 10:21:00,204.840711596
2018-08-31 10:22:00,204.840711596
2018-08-31 10:23:00,215.852516378
2018-08-31 10:24:00,215.852516378
2018-08-31 10:25:00,204.840711596
2018-08-31 10:26:00,215.852516378
2018-08-31 10:27:00,204.840711596
2018-08-31 10:28:00,204.840711596
2018-08-31 10:29:00,204.840711596
2018-08-31 10:30:00,204.840711596
2018-08-31 10:31:00,204.840711596
2018-08-31 10:32:00,204.840711596
2018-08-31 10:33:00,204.840711596
2018-08-31 10:34:00,204.840711596
2018-08-31 10:35:00,193.828906815
2018-08-31 10:36:00,193.828906815
2018-08-31 10:37:00,193.828906815
2018-08-31 10:38:00,193.828906815
2018-08-31 10:39:00,204.840711596
2018-08-31 10:40:00,204.840711596
2018-08-31 10:41:00,204.840711596
2018-08-31 10:42:00,204.840711596
2018-08-31 10:43:00,215.852516378
2018-08-31 10:44:00,215.852516378
2018-08-31 10:45:00,204.840711596
2018-08-31 10:46:00,204.840711596
2018-08-31 10:47:00,204.840711596
2018-08-31 10:48:00,215.852516378
2018-08-31 10:49:00,215.852516378
2018-08-31 10:50:00,215.852516378
2018-08-31 10:51:00,215.852516378
2018-08-31 10:52:00,204.840711596
2018-08-31 10:53:00,215.852516378
2018-08-31 10:54:00,215.852516378
2018-08-31 10:55:00,204.840711596
2018-08-31 10:56:00,204.840711596
2018-08-31 10:57:00,248.887930721
2018-08-31 10:58:00,248.887930721
2018-08-31 10:59:00,248.887930721
2018-08-31 11:00:00,237.87612594
2018-08-31 11:01:00,237.87612594
2018-08-31 11:02:00,248.887930721
2018-08-31 11:03:00,248.887930721
2018-08-31 11:04:00,248.887930721
2018-08-31 11:05:00,248.887930721
2018-08-31 11:06:00,259.899735503
2018-08-31 11:07:00,259.899735503
2018-08-31 11:08:00,259.899735503
2018-08-31 11:09:00,259.899735503
2018-08-31 11:10:00,259.899735503
2018-08-31 11:11:00,248.887930721
2018-08-31 11:12:00,259.899735503
2018-08-31 11:13:00,259.899735503
2018-08-31 11:14:00,259.899735503
2018-08-31 11:15:00,259.899735503
2018-08-31 11:16:00,259.899735503
2018-08-31 11:17:00,259.899735503
2018-08-31 11:18:00,259.899735503
2018-08-31 11:19:00,248.887930721
2018-08-31 11:20:00,248.887930721
2018-08-31 11:21:00,248.887930721
2018-08-31 11:22:00,248.887930721
2018-08-31 11:23:00,248.887930721
2018-08-31 11:24:00,248.887930721
2018-08-31 11:25:00,248.887930721
2018-08-31 11:26:00,248.887930721
2018-08-31 11:27:00,248.887930721
2018-08-31 11:28:00,248.887930721
2018-08-31 11:29:00,248.887930721
2018-08-31 11:30:00,248.887930721
2018-08-31 11:31:00,248.887930721
2018-08-31 11:32:00,248.887930721
2018-08-31 11:33:00,248.887930721
2018-08-31 11:34:00,248.887930721
2018-08-31 11:35:00,248.887930721
2018-08-31 11:36:00,248.887930721
2018-08-31 11:37:00,248.887930721
2018-08-31 11:38:00,248.887930721
2018-08-31 11:39:00,248.887930721
2018-08-31 11:40:00,248.887930721
2018-08-31 11:41:00,248.887930721
2018-08-31 11:42:00,259.899735503
2018-08-31 11:43:00,259.899735503
2018-08-31 11:44:00,259.899735503
2018-08-31 11:45:00,259.899735503
2018-08-31 11:46:00,259.899735503
2018-08-31 11:47:00,259.899735503
2018-08-31 11:48:00,259.899735503
2018-08-31 11:49:00,259.899735503
2018-08-31 11:50:00,259.899735503
2018-08-31 11:51:00,259.899735503
2018-08-31 11:52:00,259.899735503
2018-08-31 11:53:00,259.899735503
2018-08-31 11:54:00,259.899735503
2018-08-31 11:55:00,237.87612594
2018-08-31 11:56:00,226.864321159
2018-08-31 11:57:00,237.87612594
2018-08-31 11:58:00,237.87612594
2018-08-31 11:59:00,237.87612594
2018-09-03 01:30:00,248.887252286
2018-09-03 01:31:00,248.887252286
2018-09-03 01:32:00,248.887252286
2018-09-03 01:33:00,248.887252286
2018-09-03 01:34:00,248.887252286
2018-09-03 01:35:00,248.887252286
2018-09-03 01:36:00,248.887252286
2018-09-03 01:37:00,248.887252286
2018-09-03 01:38:00,248.887252286
2018-09-03 01:39:00,248.887252286
2018-09-03 01:40:00,248.887252286
2018-09-03 01:41:00,248.887252286
2018-09-03 01:42:00,270.337872161
2018-09-03 01:43:00,270.337872161
2018-09-03 01:44:00,270.337872161
2018-09-03 01:45:00,270.337872161
2018-09-03 01:46:00,270.337872161
2018-09-03 01:47:00,270.337872161
2018-09-03 01:48:00,270.337872161
2018-09-03 01:49:00,248.887252286
2018-09-03 01:50:00,248.887252286
2018-09-03 01:51:00,248.887252286
2018-09-03 01:52:00,248.887252286
2018-09-03 01:53:00,248.887252286
2018-09-03 01:54:00,248.887252286
2018-09-03 01:55:00,248.887252286
2018-09-03 01:56:00,248.887252286
2018-09-03 01:57:00,227.436632411
2018-09-03 01:58:00,216.711322473
2018-09-03 01:59:00,205.986012536
2018-09-03 02:00:00,195.260702598
2018-09-03 02:01:00,184.535392661
2018-09-03 02:02:00,184.535392661
2018-09-03 02:03:00,184.535392661
2018-09-03 02:04:00,184.535392661
2018-09-03 02:05:00,205.986012536
2018-09-03 02:06:00,205.986012536
2018-09-03 02:07:00,205.986012536
2018-09-03 02:08:00,205.986012536
2018-09-03 02:09:00,205.986012536
2018-09-03 02:10:00,216.711322473
2018-09-03 02:11:00,205.986012536
2018-09-03 02:12:00,205.986012536
2018-09-03 02:13:00,205.986012536
2018-09-03 02:14:00,227.436632411
2018-09-03 02:15:00,248.887252286
2018-09-03 02:16:00,248.887252286
2018-09-03 02:17:00,248.887252286
2018-09-03 02:18:00,238.161942348
2018-09-03 02:19:00,238.161942348
2018-09-03 02:20:00,248.887252286
2018-09-03 02:21:00,248.887252286
2018-09-03 02:22:00,248.887252286
2018-09-03 02:23:00,248.887252286
2018-09-03 02:24:00,248.887252286
2018-09-03 02:25:00,248.887252286
2018-09-03 02:26:00,248.887252286
2018-09-03 02:27:00,248.887252286
2018-09-03 02:28:00,248.887252286
2018-09-03 02:29:00,248.887252286
2018-09-03 02:30:00,248.887252286
2018-09-03 02:31:00,248.887252286
2018-09-03 02:32:00,248.887252286
2018-09-03 02:33:00,248.887252286
2018-09-03 02:34:00,248.887252286
2018-09-03 02:35:00,259.612562223
2018-09-03 02:36:00,259.612562223
2018-09-03 02:37:00,270.337872161
2018-09-03 02:38:00,281.063182098
2018-09-03 02:39:00,281.063182098
2018-09-03 02:40:00,281.063182098
2018-09-03 02:41:00,281.063182098
2018-09-03 02:42:00,281.063182098
2018-09-03 02:43:00,270.337872161
2018-09-03 02:44:00,291.788492036
2018-09-03 02:45:00,291.788492036
2018-09-03 02:46:00,291.788492036
2018-09-03 02:47:00,291.788492036
2018-09-03 02:48:00,291.788492036
2018-09-03 02:49:00,291.788492036
2018-09-03 02:50:00,291.788492036
2018-09-03 02:51:00,291.788492036
2018-09-03 02:52:00,302.513801973
2018-09-03 02:53:00,302.513801973
2018-09-03 02:54:00,313.239111911
2018-09-03 02:55:00,291.788492036
2018-09-03 02:56:00,302.513801973
2018-09-03 02:57:00,302.513801973
2018-09-03 02:58:00,302.513801973
2018-09-03 02:59:00,291.788492036
2018-09-03 03:00:00,302.513801973
2018-09-03 03:01:00,302.513801973
2018-09-03 03:02:00,291.788492036
2018-09-03 03:03:00,291.788492036
2018-09-03 03:04:00,291.788492036
2018-09-03 03:05:00,291.788492036
2018-09-03 03:06:00,291.788492036
2018-09-03 03:07:00,291.788492036
2018-09-03 03:08:00,313.239111911
2018-09-03 03:09:00,313.239111911
2018-09-03 03:10:00,313.239111911
2018-09-03 03:11:00,313.239111911
2018-09-03 03:12:00,302.513801973
2018-09-03 03:13:00,302.513801973
2018-09-03 03:14:00,313.239111911
2018-09-03 03:15:00,313.239111911
2018-09-03 03:16:00,313.239111911
2018-09-03 03:17:00,313.239111911
2018-09-03 03:18:00,313.239111911
2018-09-03 03:19:00,313.239111911
2018-09-03 03:20:00,313.239111911
2018-09-03 03:21:00,313.239111911
2018-09-03 03:22:00,323.964421848
2018-09-03 03:23:00,323.964421848
2018-09-03 03:24:00,323.964421848
2018-09-03 03:25:00,323.964421848
2018-09-03 03:26:00,323.964421848
2018-09-03 03:27:00,334.689731786
2018-09-03 03:28:00,323.964421848
2018-09-03 03:29:00,323.964421848
2018-09-03 03:30:00,366.865661598
2018-09-03 03:31:00,377.590971536
2018-09-03 03:32:00,377.590971536
2018-09-03 03:33:00,399.041591411
2018-09-03 03:34:00,399.041591411
2018-09-03 03:35:00,399.041591411
2018-09-03 03:36:00,399.041591411
2018-09-03 03:37:00,388.316281473
2018-09-03 03:38:00,388.316281473
2018-09-03 03:39:00,388.316281473
2018-09-03 03:40:00,388.316281473
2018-09-03 03:41:00,388.316281473
2018-09-03 03:42:00,388.316281473
2018-09-03 03:43:00,399.041591411
2018-09-03 03:44:00,399.041591411
2018-09-03 03:45:00,399.041591411
2018-09-03 03:46:00,399.041591411
2018-09-03 03:47:00,399.041591411
2018-09-03 03:48:00,399.041591411
2018-09-03 03:49:00,399.041591411
2018-09-03 03:50:00,399.041591411
2018-09-03 03:51:00,399.041591411
2018-09-03 03:52:00,399.041591411
2018-09-03 03:53:00,399.041591411
2018-09-03 03:54:00,399.041591411
2018-09-03 03:55:00,399.041591411
2018-09-03 03:56:00,409.766901348
2018-09-03 03:57:00,409.766901348
2018-09-03 03:58:00,399.041591411
2018-09-03 03:59:00,409.766901348
2018-09-03 04:00:00,409.766901348
2018-09-03 04:01:00,409.766901348
2018-09-03 04:02:00,409.766901348
2018-09-03 04:03:00,441.942831161
2018-09-03 04:04:00,441.942831161
2018-09-03 04:05:00,441.942831161
2018-09-03 04:06:00,441.942831161
2018-09-03 04:07:00,441.942831161
2018-09-03 04:08:00,441.942831161
2018-09-03 04:09:00,441.942831161
2018-09-03 04:10:00,441.942831161
2018-09-03 04:11:00,441.942831161
2018-09-03 04:12:00,441.942831161
2018-09-03 04:13:00,441.942831161
2018-09-03 04:14:00,441.942831161
2018-09-03 04:15:00,441.942831161
2018-09-03 04:16:00,441.942831161
2018-09-03 04:17:00,441.942831161
2018-09-03 04:18:00,441.942831161
2018-09-03 04:19:00,441.942831161
2018-09-03 04:20:00,441.942831161
2018-09-03 04:21:00,441.942831161
2018-09-03 04:22:00,441.942831161
2018-09-03 04:23:00,441.942831161
2018-09-03 04:24:00,452.668141098
2018-09-03 04:25:00,463.393451036
2018-09-03 04:26:00,463.393451036
2018-09-03 04:27:00,463.393451036
2018-09-03 04:28:00,463.393451036
2018-09-03 04:29:00,463.393451036
2018-09-03 04:30:00,452.668141098
2018-09-03 04:31:00,452.668141098
2018-09-03 04:32:00,452.668141098
2018-09-03 04:33:00,452.668141098
2018-09-03 04:34:00,452.668141098
2018-09-03 04:35:00,441.942831161
2018-09-03 04:36:00,441.942831161
2018-09-03 04:37:00,441.942831161
2018-09-03 04:38:00,441.942831161
2018-09-03 04:39:00,452.668141098
2018-09-03 04:40:00,452.668141098
2018-09-03 04:41:00,452.668141098
2018-09-03 04:42:00,452.668141098
2018-09-03 04:43:00,452.668141098
2018-09-03 04:44:00,441.942831161
2018-09-03 04:45:00,441.942831161
2018-09-03 04:46:00,452.668141098
2018-09-03 04:47:00,441.942831161
2018-09-03 04:48:00,441.942831161
2018-09-03 04:49:00,441.942831161
2018-09-03 04:50:00,441.942831161
2018-09-03 04:51:00,420.492211286
2018-09-03 04:52:00,431.217521223
2018-09-03 04:53:00,431.217521223
2018-09-03 04:54:00,431.217521223
2018-09-03 04:55:00,431.217521223
2018-09-03 04:56:00,431.217521223
2018-09-03 04:57:00,431.217521223
2018-09-03 04:58:00,441.942831161
2018-09-03 04:59:00,431.217521223
2018-09-03 05:00:00,452.668141098
2018-09-03 05:01:00,452.668141098
2018-09-03 05:02:00,452.668141098
2018-09-03 05:03:00,452.668141098
2018-09-03 05:04:00,452.668141098
2018-09-03 05:05:00,452.668141098
2018-09-03 05:06:00,452.668141098
2018-09-03 05:07:00,452.668141098
2018-09-03 05:08:00,452.668141098
2018-09-03 05:09:00,452.668141098
2018-09-03 05:10:00,452.668141098
2018-09-03 05:11:00,452.668141098
2018-09-03 05:12:00,463.393451036
2018-09-03 05:13:00,463.393451036
2018-09-03 05:14:00,463.393451036
2018-09-03 05:15:00,441.942831161
2018-09-03 05:16:00,441.942831161
2018-09-03 05:17:00,441.942831161
2018-09-03 05:18:00,431.217521223
2018-09-03 05:19:00,420.492211286
2018-09-03 05:20:00,420.492211286
2018-09-03 05:21:00,420.492211286
2018-09-03 05:22:00,420.492211286
2018-09-03 05:23:00,420.492211286
2018-09-03 05:24:00,409.766901348
2018-09-03 05:25:00,409.766901348
2018-09-03 05:26:00,420.492211286
2018-09-03 05:27:00,409.766901348
2018-09-03 05:28:00,409.766901348
2018-09-03 05:29:00,409.766901348
2018-09-03 05:30:00,409.766901348
2018-09-03 05:31:00,409.766901348
2018-09-03 05:32:00,420.492211286
2018-09-03 05:33:00,420.492211286
2018-09-03 05:34:00,420.492211286
2018-09-03 05:35:00,441.942831161
2018-09-03 05:36:00,441.942831161
2018-09-03 05:37:00,441.942831161
2018-09-03 05:38:00,441.942831161
2018-09-03 05:39:00,420.492211286
2018-09-03 05:40:00,409.766901348
2018-09-03 05:41:00,409.766901348
2018-09-03 05:42:00,420.492211286
2018-09-03 05:43:00,420.492211286
2018-09-03 05:44:00,431.217521223
2018-09-03 05:45:00,420.492211286
2018-09-03 05:46:00,420.492211286
2018-09-03 05:47:00,420.492211286
2018-09-03 05:48:00,420.492211286
2018-09-03 05:49:00,420.492211286
2018-09-03 05:50:00,431.217521223
2018-09-03 05:51:00,420.492211286
2018-09-03 05:52:00,420.492211286
2018-09-03 05:53:00,420.492211286
2018-09-03 05:54:00,420.492211286
2018-09-03 05:55:00,420.492211286
2018-09-03 05:56:00,420.492211286
2018-09-03 05:57:00,431.217521223
2018-09-03 05:58:00,431.217521223
2018-09-03 05:59:00,420.492211286
2018-09-03 06:00:00,431.217521223
2018-09-03 06:01:00,431.217521223
2018-09-03 06:02:00,431.217521223
2018-09-03 06:03:00,441.942831161
2018-09-03 06:04:00,441.942831161
2018-09-03 06:05:00,431.217521223
2018-09-03 06:06:00,431.217521223
2018-09-03 06:07:00,431.217521223
2018-09-03 06:08:00,431.217521223
2018-09-03 06:09:00,441.942831161
2018-09-03 06:10:00,441.942831161
2018-09-03 06:11:00,441.942831161
2018-09-03 06:12:00,441.942831161
2018-09-03 06:13:00,441.942831161
2018-09-03 06:14:00,441.942831161
2018-09-03 06:15:00,452.668141098
2018-09-03 06:16:00,452.668141098
2018-09-03 06:17:00,452.668141098
2018-09-03 06:18:00,441.942831161
2018-09-03 06:19:00,463.393451036
2018-09-03 06:20:00,463.393451036
2018-09-03 06:21:00,463.393451036
2018-09-03 06:22:00,463.393451036
2018-09-03 06:23:00,463.393451036
2018-09-03 06:24:00,441.942831161
2018-09-03 06:25:00,441.942831161
2018-09-03 06:26:00,441.942831161
2018-09-03 06:27:00,441.942831161
2018-09-03 06:28:00,441.942831161
2018-09-03 06:29:00,441.942831161
2018-09-03 06:30:00,441.942831161
2018-09-03 06:31:00,441.942831161
2018-09-03 06:32:00,441.942831161
2018-09-03 06:33:00,441.942831161
2018-09-03 06:34:00,441.942831161
2018-09-03 06:35:00,441.942831161
2018-09-03 06:36:00,441.942831161
2018-09-03 06:37:00,441.942831161
2018-09-03 06:38:00,441.942831161
2018-09-03 06:39:00,452.668141098
2018-09-03 06:40:00,441.942831161
2018-09-03 06:41:00,441.942831161
2018-09-03 06:42:00,441.942831161
2018-09-03 06:43:00,441.942831161
2018-09-03 06:44:00,452.668141098
2018-09-03 06:45:00,452.668141098
2018-09-03 06:46:00,452.668141098
2018-09-03 06:47:00,452.668141098
2018-09-03 06:48:00,452.668141098
2018-09-03 06:49:00,452.668141098
2018-09-03 06:50:00,452.668141098
2018-09-03 06:51:00,452.668141098
2018-09-03 06:52:00,452.668141098
2018-09-03 06:53:00,452.668141098
2018-09-03 06:54:00,452.668141098
2018-09-03 06:55:00,452.668141098
2018-09-03 06:56:00,452.668141098
2018-09-03 06:57:00,452.668141098
2018-09-03 06:58:00,452.668141098
2018-09-03 06:59:00,452.668141098
2018-09-03 07:00:00,452.668141098
2018-09-03 07:01:00,452.668141098
2018-09-03 07:02:00,452.668141098
2018-09-03 07:03:00,452.668141098
2018-09-03 07:04:00,452.668141098
2018-09-03 07:05:00,452.668141098
2018-09-03 07:06:00,452.668141098
2018-09-03 07:07:00,452.668141098
2018-09-03 07:08:00,452.668141098
2018-09-03 07:09:00,452.668141098
2018-09-03 07:10:00,452.668141098
2018-09-03 07:11:00,452.668141098
2018-09-03 07:12:00,452.668141098
2018-09-03 07:13:00,463.393451036
2018-09-03 07:14:00,463.393451036
2018-09-03 07:15:00,474.118760973
2018-09-03 07:16:00,484.844070911
2018-09-03 07:17:00,484.844070911
2018-09-03 07:18:00,484.844070911
2018-09-03 07:19:00,474.118760973
2018-09-03 07:20:00,474.118760973
2018-09-03 07:21:00,484.844070911
2018-09-03 07:22:00,484.844070911
2018-09-03 07:23:00,484.844070911
2018-09-03 07:24:00,484.844070911
2018-09-03 07:25:00,484.844070911
2018-09-03 07:26:00,484.844070911
2018-09-03 07:27:00,484.844070911
2018-09-03 07:28:00,484.844070911
2018-09-03 07:29:00,484.844070911
2018-09-03 07:30:00,506.294690786
2018-09-03 07:31:00,506.294690786
2018-09-03 07:32:00,495.569380848
2018-09-03 07:33:00,495.569380848
2018-09-03 07:34:00,506.294690786
2018-09-03 07:35:00,495.569380848
2018-09-03 07:36:00,484.844070911
2018-09-03 07:37:00,484.844070911
2018-09-03 07:38:00,495.569380848
2018-09-03 07:39:00,495.569380848
2018-09-03 07:40:00,495.569380848
2018-09-03 07:41:00,484.844070911
2018-09-03 07:42:00,484.844070911
2018-09-03 07:43:00,484.844070911
2018-09-03 07:44:00,484.844070911
2018-09-03 07:45:00,484.844070911
2018-09-03 07:46:00,484.844070911
2018-09-03 07:47:00,495.569380848
2018-09-03 07:48:00,495.569380848
2018-09-03 07:49:00,495.569380848
2018-09-03 07:50:00,495.569380848
2018-09-03 07:51:00,495.569380848
2018-09-03 07:52:00,506.294690786
2018-09-03 07:53:00,506.294690786
2018-09-03 07:54:00,495.569380848
2018-09-03 07:55:00,474.118760973
2018-09-03 07:56:00,474.118760973
2018-09-03 07:57:00,484.844070911
2018-09-03 07:58:00,484.844070911
2018-09-03 07:59:00,484.844070911
2018-09-03 08:00:00,484.844070911
2018-09-03 08:01:00,484.844070911
2018-09-03 08:02:00,484.844070911
2018-09-03 08:03:00,484.844070911
2018-09-03 08:04:00,484.844070911
2018-09-03 08:05:00,484.844070911
2018-09-03 08:06:00,484.844070911
2018-09-03 08:07:00,484.844070911
2018-09-03 08:08:00,484.844070911
2018-09-03 08:09:00,484.844070911
2018-09-03 08:10:00,484.844070911
2018-09-03 08:11:00,463.393451036
2018-09-03 08:12:00,452.668141098
2018-09-03 08:13:00,463.393451036
2018-09-03 08:14:00,463.393451036
2018-09-03 08:15:00,452.668141098
2018-09-03 08:16:00,452.668141098
2018-09-03 08:17:00,452.668141098
2018-09-03 08:18:00,441.942831161
2018-09-03 08:19:00,441.942831161
2018-09-03 08:20:00,441.942831161
2018-09-03 08:21:00,441.942831161
2018-09-03 08:22:00,441.942831161
2018-09-03 08:23:00,441.942831161
2018-09-03 08:24:00,441.942831161
2018-09-03 08:25:00,441.942831161
2018-09-03 08:26:00,441.942831161
2018-09-03 08:27:00,452.668141098
2018-09-03 08:28:00,452.668141098
2018-09-03 08:29:00,452.668141098
2018-09-03 08:30:00,441.942831161
2018-09-03 08:31:00,441.942831161
2018-09-03 08:32:00,441.942831161
2018-09-03 08:33:00,441.942831161
2018-09-03 08:34:00,441.942831161
2018-09-03 08:35:00,441.942831161
2018-09-03 08:36:00,441.942831161
2018-09-03 08:37:00,441.942831161
2018-09-03 08:38:00,441.942831161
2018-09-03 08:39:00,441.942831161
2018-09-03 08:40:00,441.942831161
2018-09-03 08:41:00,441.942831161
2018-09-03 08:42:00,441.942831161
2018-09-03 08:43:00,441.942831161
2018-09-03 08:44:00,441.942831161
2018-09-03 08:45:00,441.942831161
2018-09-03 08:46:00,441.942831161
2018-09-03 08:47:00,441.942831161
2018-09-03 08:48:00,441.942831161
2018-09-03 08:49:00,441.942831161
2018-09-03 08:50:00,441.942831161
2018-09-03 08:51:00,441.942831161
2018-09-03 08:52:00,441.942831161
2018-09-03 08:53:00,441.942831161
2018-09-03 08:54:00,441.942831161
2018-09-03 08:55:00,431.217521223
2018-09-03 08:56:00,431.217521223
2018-09-03 08:57:00,431.217521223
2018-09-03 08:58:00,431.217521223
2018-09-03 08:59:00,431.217521223
2018-09-03 09:00:00,431.217521223
2018-09-03 09:01:00,431.217521223
2018-09-03 09:02:00,431.217521223
2018-09-03 09:03:00,431.217521223
2018-09-03 09:04:00,431.217521223
2018-09-03 09:05:00,431.217521223
2018-09-03 09:06:00,441.942831161
2018-09-03 09:07:00,441.942831161
2018-09-03 09:08:00,441.942831161
2018-09-03 09:09:00,441.942831161
2018-09-03 09:10:00,441.942831161
2018-09-03 09:11:00,441.942831161
2018-09-03 09:12:00,441.942831161
2018-09-03 09:13:00,441.942831161
2018-09-03 09:14:00,441.942831161
2018-09-03 09:15:00,441.942831161
2018-09-03 09:16:00,441.942831161
2018-09-03 09:17:00,452.668141098
2018-09-03 09:18:00,452.668141098
2018-09-03 09:19:00,441.942831161
2018-09-03 09:20:00,452.668141098
2018-09-03 09:21:00,452.668141098
2018-09-03 09:22:00,452.668141098
2018-09-03 09:23:00,452.668141098
2018-09-03 09:24:00,452.668141098
2018-09-03 09:25:00,452.668141098
2018-09-03 09:26:00,452.668141098
2018-09-03 09:27:00,441.942831161
2018-09-03 09:28:00,452.668141098
2018-09-03 09:29:00,441.942831161
2018-09-03 09:30:00,441.942831161
2018-09-03 09:31:00,431.217521223
2018-09-03 09:32:00,431.217521223
2018-09-03 09:33:00,441.942831161
2018-09-03 09:34:00,441.942831161
2018-09-03 09:35:00,420.492211286
2018-09-03 09:36:00,420.492211286
2018-09-03 09:37:00,420.492211286
2018-09-03 09:38:00,420.492211286
2018-09-03 09:39:00,420.492211286
2018-09-03 09:40:00,420.492211286
2018-09-03 09:41:00,420.492211286
2018-09-03 09:42:00,431.217521223
2018-09-03 09:43:00,431.217521223
2018-09-03 09:44:00,431.217521223
2018-09-03 09:45:00,431.217521223
2018-09-03 09:46:00,431.217521223
2018-09-03 09:47:00,441.942831161
2018-09-03 09:48:00,441.942831161
2018-09-03 09:49:00,441.942831161
2018-09-03 09:50:00,441.942831161
2018-09-03 09:51:00,441.942831161
2018-09-03 09:52:00,441.942831161
2018-09-03 09:53:00,441.942831161
2018-09-03 09:54:00,441.942831161
2018-09-03 09:55:00,441.942831161
2018-09-03 09:56:00,441.942831161
2018-09-03 09:57:00,441.942831161
2018-09-03 09:58:00,441.942831161
2018-09-03 09:59:00,441.942831161
2018-09-03 10:00:00,441.942831161
2018-09-03 10:01:00,431.217521223
2018-09-03 10:02:00,441.942831161
2018-09-03 10:03:00,441.942831161
2018-09-03 10:04:00,441.942831161
2018-09-03 10:05:00,431.217521223
2018-09-03 10:06:00,441.942831161
2018-09-03 10:07:00,441.942831161
2018-09-03 10:08:00,431.217521223
2018-09-03 10:09:00,441.942831161
2018-09-03 10:10:00,441.942831161
2018-09-03 10:11:00,441.942831161
2018-09-03 10:12:00,431.217521223
2018-09-03 10:13:00,431.217521223
2018-09-03 10:14:00,441.942831161
2018-09-03 10:15:00,452.668141098
2018-09-03 10:16:00,452.668141098
2018-09-03 10:17:00,452.668141098
2018-09-03 10:18:00,452.668141098
2018-09-03 10:19:00,441.942831161
2018-09-03 10:20:00,441.942831161
2018-09-03 10:21:00,441.942831161
2018-09-03 10:22:00,441.942831161
2018-09-03 10:23:00,441.942831161
2018-09-03 10:24:00,441.942831161
2018-09-03 10:25:00,441.942831161
2018-09-03 10:26:00,441.942831161
2018-09-03 10:27:00,441.942831161
2018-09-03 10:28:00,452.668141098
2018-09-03 10:29:00,441.942831161
2018-09-03 10:30:00,452.668141098
2018-09-03 10:31:00,452.668141098
2018-09-03 10:32:00,441.942831161
2018-09-03 10:33:00,441.942831161
2018-09-03 10:34:00,441.942831161
2018-09-03 10:35:00,441.942831161
2018-09-03 10:36:00,441.942831161
2018-09-03 10:37:00,441.942831161
2018-09-03 10:38:00,441.942831161
2018-09-03 10:39:00,441.942831161
2018-09-03 10:40:00,441.942831161
2018-09-03 10:41:00,441.942831161
2018-09-03 10:42:00,441.942831161
2018-09-03 10:43:00,441.942831161
2018-09-03 10:44:00,441.942831161
2018-09-03 10:45:00,441.942831161
2018-09-03 10:46:00,441.942831161
2018-09-03 10:47:00,441.942831161
2018-09-03 10:48:00,452.668141098
2018-09-03 10:49:00,452.668141098
2018-09-03 10:50:00,474.118760973
2018-09-03 10:51:00,474.118760973
2018-09-03 10:52:00,474.118760973
2018-09-03 10:53:00,463.393451036
2018-09-03 10:54:00,463.393451036
2018-09-03 10:55:00,463.393451036
2018-09-03 10:56:00,463.393451036
2018-09-03 10:57:00,463.393451036
2018-09-03 10:58:00,463.393451036
2018-09-03 10:59:00,463.393451036
2018-09-03 11:00:00,463.393451036
2018-09-03 11:01:00,463.393451036
2018-09-03 11:02:00,452.668141098
2018-09-03 11:03:00,452.668141098
2018-09-03 11:04:00,452.668141098
2018-09-03 11:05:00,452.668141098
2018-09-03 11:06:00,452.668141098
2018-09-03 11:07:00,452.668141098
2018-09-03 11:08:00,463.393451036
2018-09-03 11:09:00,463.393451036
2018-09-03 11:10:00,474.118760973
2018-09-03 11:11:00,474.118760973
2018-09-03 11:12:00,463.393451036
2018-09-03 11:13:00,452.668141098
2018-09-03 11:14:00,474.118760973
2018-09-03 11:15:00,463.393451036
2018-09-03 11:16:00,463.393451036
2018-09-03 11:17:00,463.393451036
2018-09-03 11:18:00,474.118760973
2018-09-03 11:19:00,474.118760973
2018-09-03 11:20:00,474.118760973
2018-09-03 11:21:00,474.118760973
2018-09-03 11:22:00,474.118760973
2018-09-03 11:23:00,463.393451036
2018-09-03 11:24:00,463.393451036
2018-09-03 11:25:00,463.393451036
2018-09-03 11:26:00,463.393451036
2018-09-03 11:27:00,463.393451036
2018-09-03 11:28:00,463.393451036
2018-09-03 11:29:00,474.118760973
2018-09-03 11:30:00,474.118760973
2018-09-03 11:31:00,463.393451036
2018-09-03 11:32:00,463.393451036
2018-09-03 11:33:00,463.393451036
2018-09-03 11:34:00,463.393451036
2018-09-03 11:35:00,463.393451036
2018-09-03 11:36:00,463.393451036
2018-09-03 11:37:00,463.393451036
2018-09-03 11:38:00,463.393451036
2018-09-03 11:39:00,441.942831161
2018-09-03 11:40:00,441.942831161
2018-09-03 11:41:00,441.942831161
2018-09-03 11:42:00,441.942831161
2018-09-03 11:43:00,441.942831161
2018-09-03 11:44:00,463.393451036
2018-09-03 11:45:00,474.118760973
2018-09-03 11:46:00,474.118760973
2018-09-03 11:47:00,474.118760973
2018-09-03 11:48:00,463.393451036
2018-09-03 11:49:00,474.118760973
2018-09-03 11:50:00,463.393451036
2018-09-03 11:51:00,463.393451036
2018-09-03 11:52:00,463.393451036
2018-09-03 11:53:00,463.393451036
2018-09-03 11:54:00,474.118760973
2018-09-03 11:55:00,452.668141098
2018-09-03 11:56:00,452.668141098
2018-09-03 11:57:00,452.668141098
2018-09-03 11:58:00,452.668141098
2018-09-03 11:59:00,452.668141098
2018-09-04 01:29:00,667.174339848
2018-09-04 01:30:00,431.217521223
2018-09-04 01:31:00,431.217521223
2018-09-04 01:32:00,431.217521223
2018-09-04 01:33:00,431.217521223
2018-09-04 01:34:00,420.492211286
2018-09-04 01:35:00,409.766901348
2018-09-04 01:36:00,409.766901348
2018-09-04 01:37:00,409.766901348
2018-09-04 01:38:00,409.766901348
2018-09-04 01:39:00,409.766901348
2018-09-04 01:40:00,409.766901348
2018-09-04 01:41:00,409.766901348
2018-09-04 01:42:00,409.766901348
2018-09-04 01:43:00,409.766901348
2018-09-04 01:44:00,409.766901348
2018-09-04 01:45:00,409.766901348
2018-09-04 01:46:00,409.766901348
2018-09-04 01:47:00,409.766901348
2018-09-04 01:48:00,409.766901348
2018-09-04 01:49:00,399.041591411
2018-09-04 01:50:00,399.041591411
2018-09-04 01:51:00,399.041591411
2018-09-04 01:52:00,399.041591411
2018-09-04 01:53:00,399.041591411
2018-09-04 01:54:00,399.041591411
2018-09-04 01:55:00,399.041591411
2018-09-04 01:56:00,399.041591411
2018-09-04 01:57:00,399.041591411
2018-09-04 01:58:00,399.041591411
2018-09-04 01:59:00,399.041591411
2018-09-04 02:00:00,399.041591411
2018-09-04 02:01:00,388.316281473
2018-09-04 02:02:00,388.316281473
2018-09-04 02:03:00,388.316281473
2018-09-04 02:04:00,388.316281473
2018-09-04 02:05:00,377.590971536
2018-09-04 02:06:00,377.590971536
2018-09-04 02:07:00,377.590971536
2018-09-04 02:08:00,377.590971536
2018-09-04 02:09:00,366.865661598
2018-09-04 02:10:00,366.865661598
2018-09-04 02:11:00,366.865661598
2018-09-04 02:12:00,377.590971536
2018-09-04 02:13:00,377.590971536
2018-09-04 02:14:00,366.865661598
2018-09-04 02:15:00,377.590971536
2018-09-04 02:16:00,377.590971536
2018-09-04 02:17:00,377.590971536
2018-09-04 02:18:00,377.590971536
2018-09-04 02:19:00,377.590971536
2018-09-04 02:20:00,377.590971536
2018-09-04 02:21:00,399.041591411
2018-09-04 02:22:00,399.041591411
2018-09-04 02:23:00,388.316281473
2018-09-04 02:24:00,388.316281473
2018-09-04 02:25:00,399.041591411
2018-09-04 02:26:00,399.041591411
2018-09-04 02:27:00,399.041591411
2018-09-04 02:28:00,399.041591411
2018-09-04 02:29:00,399.041591411
2018-09-04 02:30:00,399.041591411
2018-09-04 02:31:00,399.041591411
2018-09-04 02:32:00,409.766901348
2018-09-04 02:33:00,399.041591411
2018-09-04 02:34:00,399.041591411
2018-09-04 02:35:00,388.316281473
2018-09-04 02:36:00,399.041591411
2018-09-04 02:37:00,399.041591411
2018-09-04 02:38:00,399.041591411
2018-09-04 02:39:00,399.041591411
2018-09-04 02:40:00,399.041591411
2018-09-04 02:41:00,399.041591411
2018-09-04 02:42:00,388.316281473
2018-09-04 02:43:00,388.316281473
2018-09-04 02:44:00,399.041591411
2018-09-04 02:45:00,399.041591411
2018-09-04 02:46:00,399.041591411
2018-09-04 02:47:00,399.041591411
2018-09-04 02:48:00,399.041591411
2018-09-04 02:49:00,399.041591411
2018-09-04 02:50:00,399.041591411
2018-09-04 02:51:00,409.766901348
2018-09-04 02:52:00,409.766901348
2018-09-04 02:53:00,409.766901348
2018-09-04 02:54:00,409.766901348
2018-09-04 02:55:00,409.766901348
2018-09-04 02:56:00,409.766901348
2018-09-04 02:57:00,409.766901348
2018-09-04 02:58:00,409.766901348
2018-09-04 02:59:00,409.766901348
2018-09-04 03:00:00,409.766901348
2018-09-04 03:01:00,409.766901348
2018-09-04 03:02:00,409.766901348
2018-09-04 03:03:00,409.766901348
2018-09-04 03:04:00,409.766901348
2018-09-04 03:05:00,409.766901348
2018-09-04 03:06:00,399.041591411
2018-09-04 03:07:00,399.041591411
2018-09-04 03:08:00,409.766901348
2018-09-04 03:09:00,409.766901348
2018-09-04 03:10:00,409.766901348
2018-09-04 03:11:00,420.492211286
2018-09-04 03:12:00,420.492211286
2018-09-04 03:13:00,431.217521223
2018-09-04 03:14:00,420.492211286
2018-09-04 03:15:00,420.492211286
2018-09-04 03:16:00,420.492211286
2018-09-04 03:17:00,420.492211286
2018-09-04 03:18:00,420.492211286
2018-09-04 03:19:00,420.492211286
2018-09-04 03:20:00,420.492211286
2018-09-04 03:21:00,420.492211286
2018-09-04 03:22:00,420.492211286
2018-09-04 03:23:00,409.766901348
2018-09-04 03:24:00,409.766901348
2018-09-04 03:25:00,409.766901348
2018-09-04 03:26:00,409.766901348
2018-09-04 03:27:00,420.492211286
2018-09-04 03:28:00,409.766901348
2018-09-04 03:29:00,409.766901348
2018-09-04 03:30:00,431.217521223
2018-09-04 03:31:00,441.942831161
2018-09-04 03:32:00,441.942831161
2018-09-04 03:33:00,452.668141098
2018-09-04 03:34:00,452.668141098
2018-09-04 03:35:00,474.118760973
2018-09-04 03:36:00,474.118760973
2018-09-04 03:37:00,474.118760973
2018-09-04 03:38:00,474.118760973
2018-09-04 03:39:00,474.118760973
2018-09-04 03:40:00,474.118760973
2018-09-04 03:41:00,474.118760973
2018-09-04 03:42:00,474.118760973
2018-09-04 03:43:00,474.118760973
2018-09-04 03:44:00,474.118760973
2018-09-04 03:45:00,474.118760973
2018-09-04 03:46:00,474.118760973
2018-09-04 03:47:00,474.118760973
2018-09-04 03:48:00,474.118760973
2018-09-04 03:49:00,506.294690786
2018-09-04 03:50:00,506.294690786
2018-09-04 03:51:00,506.294690786
2018-09-04 03:52:00,506.294690786
2018-09-04 03:53:00,506.294690786
2018-09-04 03:54:00,506.294690786
2018-09-04 03:55:00,506.294690786
2018-09-04 03:56:00,495.569380848
2018-09-04 03:57:00,495.569380848
2018-09-04 03:58:00,495.569380848
2018-09-04 03:59:00,495.569380848
2018-09-04 04:00:00,506.294690786
2018-09-04 04:01:00,506.294690786
2018-09-04 04:02:00,506.294690786
2018-09-04 04:03:00,517.020000723
2018-09-04 04:04:00,517.020000723
2018-09-04 04:05:00,517.020000723
2018-09-04 04:06:00,517.020000723
2018-09-04 04:07:00,517.020000723
2018-09-04 04:08:00,538.470620598
2018-09-04 04:09:00,527.745310661
2018-09-04 04:10:00,527.745310661
2018-09-04 04:11:00,527.745310661
2018-09-04 04:12:00,517.020000723
2018-09-04 04:13:00,517.020000723
2018-09-04 04:14:00,517.020000723
2018-09-04 04:15:00,527.745310661
2018-09-04 04:16:00,527.745310661
2018-09-04 04:17:00,527.745310661
2018-09-04 04:18:00,527.745310661
2018-09-04 04:19:00,527.745310661
2018-09-04 04:20:00,527.745310661
2018-09-04 04:21:00,527.745310661
2018-09-04 04:22:00,527.745310661
2018-09-04 04:23:00,527.745310661
2018-09-04 04:24:00,527.745310661
2018-09-04 04:25:00,527.745310661
2018-09-04 04:26:00,527.745310661
2018-09-04 04:27:00,527.745310661
2018-09-04 04:28:00,527.745310661
2018-09-04 04:29:00,517.020000723
2018-09-04 04:30:00,517.020000723
2018-09-04 04:31:00,517.020000723
2018-09-04 04:32:00,517.020000723
2018-09-04 04:33:00,517.020000723
2018-09-04 04:34:00,517.020000723
2018-09-04 04:35:00,506.294690786
2018-09-04 04:36:00,495.569380848
2018-09-04 04:37:00,495.569380848
2018-09-04 04:38:00,495.569380848
2018-09-04 04:39:00,506.294690786
2018-09-04 04:40:00,506.294690786
2018-09-04 04:41:00,506.294690786
2018-09-04 04:42:00,495.569380848
2018-09-04 04:43:00,495.569380848
2018-09-04 04:44:00,506.294690786
2018-09-04 04:45:00,506.294690786
2018-09-04 04:46:00,506.294690786
2018-09-04 04:47:00,506.294690786
2018-09-04 04:48:00,506.294690786
2018-09-04 04:49:00,506.294690786
2018-09-04 04:50:00,506.294690786
2018-09-04 04:51:00,506.294690786
2018-09-04 04:52:00,506.294690786
2018-09-04 04:53:00,506.294690786
2018-09-04 04:54:00,506.294690786
2018-09-04 04:55:00,506.294690786
2018-09-04 04:56:00,506.294690786
2018-09-04 04:57:00,506.294690786
2018-09-04 04:58:00,506.294690786
2018-09-04 04:59:00,506.294690786
2018-09-04 05:00:00,506.294690786
2018-09-04 05:01:00,506.294690786
2018-09-04 05:02:00,506.294690786
2018-09-04 05:03:00,506.294690786
2018-09-04 05:04:00,506.294690786
2018-09-04 05:05:00,506.294690786
2018-09-04 05:06:00,506.294690786
2018-09-04 05:07:00,506.294690786
2018-09-04 05:08:00,495.569380848
2018-09-04 05:09:00,506.294690786
2018-09-04 05:10:00,506.294690786
2018-09-04 05:11:00,506.294690786
2018-09-04 05:12:00,506.294690786
2018-09-04 05:13:00,506.294690786
2018-09-04 05:14:00,506.294690786
2018-09-04 05:15:00,506.294690786
2018-09-04 05:16:00,506.294690786
2018-09-04 05:17:00,506.294690786
2018-09-04 05:18:00,495.569380848
2018-09-04 05:19:00,506.294690786
2018-09-04 05:20:00,506.294690786
2018-09-04 05:21:00,506.294690786
2018-09-04 05:22:00,506.294690786
2018-09-04 05:23:00,506.294690786
2018-09-04 05:24:00,506.294690786
2018-09-04 05:25:00,506.294690786
2018-09-04 05:26:00,495.569380848
2018-09-04 05:27:00,506.294690786
2018-09-04 05:28:00,506.294690786
2018-09-04 05:29:00,506.294690786
2018-09-04 05:30:00,517.020000723
2018-09-04 05:31:00,517.020000723
2018-09-04 05:32:00,506.294690786
2018-09-04 05:33:00,506.294690786
2018-09-04 05:34:00,506.294690786
2018-09-04 05:35:00,506.294690786
2018-09-04 05:36:00,506.294690786
2018-09-04 05:37:00,506.294690786
2018-09-04 05:38:00,506.294690786
2018-09-04 05:39:00,506.294690786
2018-09-04 05:40:00,506.294690786
2018-09-04 05:41:00,517.020000723
2018-09-04 05:42:00,517.020000723
2018-09-04 05:43:00,517.020000723
2018-09-04 05:44:00,517.020000723
2018-09-04 05:45:00,517.020000723
2018-09-04 05:46:00,517.020000723
2018-09-04 05:47:00,517.020000723
2018-09-04 05:48:00,517.020000723
2018-09-04 05:49:00,517.020000723
2018-09-04 05:50:00,517.020000723
2018-09-04 05:51:00,517.020000723
2018-09-04 05:52:00,517.020000723
2018-09-04 05:53:00,506.294690786
2018-09-04 05:54:00,517.020000723
2018-09-04 05:55:00,506.294690786
2018-09-04 05:56:00,506.294690786
2018-09-04 05:57:00,506.294690786
2018-09-04 05:58:00,506.294690786
2018-09-04 05:59:00,506.294690786
2018-09-04 06:00:00,506.294690786
2018-09-04 06:01:00,506.294690786
2018-09-04 06:02:00,506.294690786
2018-09-04 06:03:00,506.294690786
2018-09-04 06:04:00,506.294690786
2018-09-04 06:05:00,506.294690786
2018-09-04 06:06:00,506.294690786
2018-09-04 06:07:00,517.020000723
2018-09-04 06:08:00,517.020000723
2018-09-04 06:09:00,517.020000723
2018-09-04 06:10:00,517.020000723
2018-09-04 06:11:00,517.020000723
2018-09-04 06:12:00,527.745310661
2018-09-04 06:13:00,527.745310661
2018-09-04 06:14:00,527.745310661
2018-09-04 06:15:00,527.745310661
2018-09-04 06:16:00,527.745310661
2018-09-04 06:17:00,527.745310661
2018-09-04 06:18:00,527.745310661
2018-09-04 06:19:00,549.195930536
2018-09-04 06:20:00,549.195930536
2018-09-04 06:21:00,549.195930536
2018-09-04 06:22:00,549.195930536
2018-09-04 06:23:00,549.195930536
2018-09-04 06:24:00,549.195930536
2018-09-04 06:25:00,549.195930536
2018-09-04 06:26:00,549.195930536
2018-09-04 06:27:00,549.195930536
2018-09-04 06:28:00,549.195930536
2018-09-04 06:29:00,549.195930536
2018-09-04 06:30:00,559.921240473
2018-09-04 06:31:00,559.921240473
2018-09-04 06:32:00,559.921240473
2018-09-04 06:33:00,559.921240473
2018-09-04 06:34:00,559.921240473
2018-09-04 06:35:00,570.646550411
2018-09-04 06:36:00,570.646550411
2018-09-04 06:37:00,570.646550411
2018-09-04 06:38:00,570.646550411
2018-09-04 06:39:00,570.646550411
2018-09-04 06:40:00,570.646550411
2018-09-04 06:41:00,570.646550411
2018-09-04 06:42:00,570.646550411
2018-09-04 06:43:00,570.646550411
2018-09-04 06:44:00,570.646550411
2018-09-04 06:45:00,559.921240473
2018-09-04 06:46:00,549.195930536
2018-09-04 06:47:00,559.921240473
2018-09-04 06:48:00,549.195930536
2018-09-04 06:49:00,559.921240473
2018-09-04 06:50:00,559.921240473
2018-09-04 06:51:00,559.921240473
2018-09-04 06:52:00,559.921240473
2018-09-04 06:53:00,559.921240473
2018-09-04 06:54:00,559.921240473
2018-09-04 06:55:00,559.921240473
2018-09-04 06:56:00,570.646550411
2018-09-04 06:57:00,570.646550411
2018-09-04 06:58:00,559.921240473
2018-09-04 06:59:00,559.921240473
2018-09-04 07:00:00,559.921240473
2018-09-04 07:01:00,570.646550411
2018-09-04 07:02:00,570.646550411
2018-09-04 07:03:00,570.646550411
2018-09-04 07:04:00,570.646550411
2018-09-04 07:05:00,581.371860348
2018-09-04 07:06:00,570.646550411
2018-09-04 07:07:00,570.646550411
2018-09-04 07:08:00,570.646550411
2018-09-04 07:09:00,581.371860348
2018-09-04 07:10:00,581.371860348
2018-09-04 07:11:00,581.371860348
2018-09-04 07:12:00,581.371860348
2018-09-04 07:13:00,581.371860348
2018-09-04 07:14:00,570.646550411
2018-09-04 07:15:00,559.921240473
2018-09-04 07:16:00,559.921240473
2018-09-04 07:17:00,570.646550411
2018-09-04 07:18:00,570.646550411
2018-09-04 07:19:00,570.646550411
2018-09-04 07:20:00,592.097170286
2018-09-04 07:21:00,581.371860348
2018-09-04 07:22:00,570.646550411
2018-09-04 07:23:00,570.646550411
2018-09-04 07:24:00,559.921240473
2018-09-04 07:25:00,559.921240473
2018-09-04 07:26:00,559.921240473
2018-09-04 07:27:00,559.921240473
2018-09-04 07:28:00,549.195930536
2018-09-04 07:29:00,559.921240473
2018-09-04 07:30:00,559.921240473
2018-09-04 07:31:00,570.646550411
2018-09-04 07:32:00,570.646550411
2018-09-04 07:33:00,581.371860348
2018-09-04 07:34:00,559.921240473
2018-09-04 07:35:00,559.921240473
2018-09-04 07:36:00,559.921240473
2018-09-04 07:37:00,570.646550411
2018-09-04 07:38:00,570.646550411
2018-09-04 07:39:00,570.646550411
2018-09-04 07:40:00,570.646550411
2018-09-04 07:41:00,570.646550411
2018-09-04 07:42:00,570.646550411
2018-09-04 07:43:00,570.646550411
2018-09-04 07:44:00,570.646550411
2018-09-04 07:45:00,559.921240473
2018-09-04 07:46:00,570.646550411
2018-09-04 07:47:00,570.646550411
2018-09-04 07:48:00,570.646550411
2018-09-04 07:49:00,570.646550411
2018-09-04 07:50:00,570.646550411
2018-09-04 07:51:00,549.195930536
2018-09-04 07:52:00,570.646550411
2018-09-04 07:53:00,581.371860348
2018-09-04 07:54:00,581.371860348
2018-09-04 07:55:00,570.646550411
2018-09-04 07:56:00,570.646550411
2018-09-04 07:57:00,570.646550411
2018-09-04 07:58:00,570.646550411
2018-09-04 07:59:00,570.646550411
2018-09-04 08:00:00,559.921240473
2018-09-04 08:01:00,570.646550411
2018-09-04 08:02:00,570.646550411
2018-09-04 08:03:00,549.195930536
2018-09-04 08:04:00,538.470620598
2018-09-04 08:05:00,538.470620598
2018-09-04 08:06:00,527.745310661
2018-09-04 08:07:00,538.470620598
2018-09-04 08:08:00,538.470620598
2018-09-04 08:09:00,538.470620598
2018-09-04 08:10:00,527.745310661
2018-09-04 08:11:00,527.745310661
2018-09-04 08:12:00,527.745310661
2018-09-04 08:13:00,517.020000723
2018-09-04 08:14:00,517.020000723
2018-09-04 08:15:00,517.020000723
2018-09-04 08:16:00,517.020000723
2018-09-04 08:17:00,517.020000723
2018-09-04 08:18:00,517.020000723
2018-09-04 08:19:00,506.294690786
2018-09-04 08:20:00,495.569380848
2018-09-04 08:21:00,484.844070911
2018-09-04 08:22:00,495.569380848
2018-09-04 08:23:00,495.569380848
2018-09-04 08:24:00,484.844070911
2018-09-04 08:25:00,484.844070911
2018-09-04 08:26:00,495.569380848
2018-09-04 08:27:00,527.745310661
2018-09-04 08:28:00,527.745310661
2018-09-04 08:29:00,527.745310661
2018-09-04 08:30:00,527.745310661
2018-09-04 08:31:00,527.745310661
2018-09-04 08:32:00,527.745310661
2018-09-04 08:33:00,527.745310661
2018-09-04 08:34:00,527.745310661
2018-09-04 08:35:00,527.745310661
2018-09-04 08:36:00,527.745310661
2018-09-04 08:37:00,517.020000723
2018-09-04 08:38:00,517.020000723
2018-09-04 08:39:00,517.020000723
2018-09-04 08:40:00,527.745310661
2018-09-04 08:41:00,549.195930536
2018-09-04 08:42:00,549.195930536
2018-09-04 08:43:00,538.470620598
2018-09-04 08:44:00,538.470620598
2018-09-04 08:45:00,527.745310661
2018-09-04 08:46:00,527.745310661
2018-09-04 08:47:00,549.195930536
2018-09-04 08:48:00,559.921240473
2018-09-04 08:49:00,570.646550411
2018-09-04 08:50:00,581.371860348
2018-09-04 08:51:00,559.921240473
2018-09-04 08:52:00,559.921240473
2018-09-04 08:53:00,559.921240473
2018-09-04 08:54:00,559.921240473
2018-09-04 08:55:00,549.195930536
2018-09-04 08:56:00,559.921240473
2018-09-04 08:57:00,559.921240473
2018-09-04 08:58:00,559.921240473
2018-09-04 08:59:00,570.646550411
2018-09-04 09:00:00,527.745310661
2018-09-04 09:01:00,527.745310661
2018-09-04 09:02:00,517.020000723
2018-09-04 09:03:00,517.020000723
2018-09-04 09:04:00,527.745310661
2018-09-04 09:05:00,527.745310661
2018-09-04 09:06:00,517.020000723
2018-09-04 09:07:00,517.020000723
2018-09-04 09:08:00,517.020000723
2018-09-04 09:09:00,527.745310661
2018-09-04 09:10:00,527.745310661
2018-09-04 09:11:00,517.020000723
2018-09-04 09:12:00,506.294690786
2018-09-04 09:13:00,506.294690786
2018-09-04 09:14:00,506.294690786
2018-09-04 09:15:00,506.294690786
2018-09-04 09:16:00,527.745310661
2018-09-04 09:17:00,517.020000723
2018-09-04 09:18:00,527.745310661
2018-09-04 09:19:00,506.294690786
2018-09-04 09:20:00,484.844070911
2018-09-04 09:21:00,484.844070911
2018-09-04 09:22:00,495.569380848
2018-09-04 09:23:00,495.569380848
2018-09-04 09:24:00,484.844070911
2018-09-04 09:25:00,484.844070911
2018-09-04 09:26:00,484.844070911
2018-09-04 09:27:00,484.844070911
2018-09-04 09:28:00,484.844070911
2018-09-04 09:29:00,484.844070911
2018-09-04 09:30:00,484.844070911
2018-09-04 09:31:00,495.569380848
2018-09-04 09:32:00,506.294690786
2018-09-04 09:33:00,506.294690786
2018-09-04 09:34:00,495.569380848
2018-09-04 09:35:00,495.569380848
2018-09-04 09:36:00,484.844070911
2018-09-04 09:37:00,495.569380848
2018-09-04 09:38:00,484.844070911
2018-09-04 09:39:00,484.844070911
2018-09-04 09:40:00,484.844070911
2018-09-04 09:41:00,506.294690786
2018-09-04 09:42:00,506.294690786
2018-09-04 09:43:00,506.294690786
2018-09-04 09:44:00,506.294690786
2018-09-04 09:45:00,517.020000723
2018-09-04 09:46:00,517.020000723
2018-09-04 09:47:00,517.020000723
2018-09-04 09:48:00,517.020000723
2018-09-04 09:49:00,517.020000723
2018-09-04 09:50:00,506.294690786
2018-09-04 09:51:00,517.020000723
2018-09-04 09:52:00,517.020000723
2018-09-04 09:53:00,506.294690786
2018-09-04 09:54:00,495.569380848
2018-09-04 09:55:00,495.569380848
2018-09-04 09:56:00,506.294690786
2018-09-04 09:57:00,506.294690786
2018-09-04 09:58:00,506.294690786
2018-09-04 09:59:00,517.020000723
2018-09-04 10:00:00,506.294690786
2018-09-04 10:01:00,517.020000723
2018-09-04 10:02:00,506.294690786
2018-09-04 10:03:00,506.294690786
2018-09-04 10:04:00,506.294690786
2018-09-04 10:05:00,506.294690786
2018-09-04 10:06:00,495.569380848
2018-09-04 10:07:00,495.569380848
2018-09-04 10:08:00,495.569380848
2018-09-04 10:09:00,484.844070911
2018-09-04 10:10:00,484.844070911
2018-09-04 10:11:00,474.118760973
2018-09-04 10:12:00,484.844070911
2018-09-04 10:13:00,474.118760973
2018-09-04 10:14:00,484.844070911
2018-09-04 10:15:00,495.569380848
2018-09-04 10:16:00,495.569380848
2018-09-04 10:17:00,506.294690786
2018-09-04 10:18:00,495.569380848
2018-09-04 10:19:00,506.294690786
2018-09-04 10:20:00,506.294690786
2018-09-04 10:21:00,506.294690786
2018-09-04 10:22:00,506.294690786
2018-09-04 10:23:00,484.844070911
2018-09-04 10:24:00,484.844070911
2018-09-04 10:25:00,484.844070911
2018-09-04 10:26:00,484.844070911
2018-09-04 10:27:00,484.844070911
2018-09-04 10:28:00,484.844070911
2018-09-04 10:29:00,484.844070911
2018-09-04 10:30:00,484.844070911
2018-09-04 10:31:00,484.844070911
2018-09-04 10:32:00,484.844070911
2018-09-04 10:33:00,484.844070911
2018-09-04 10:34:00,484.844070911
2018-09-04 10:35:00,474.118760973
2018-09-04 10:36:00,474.118760973
2018-09-04 10:37:00,474.118760973
2018-09-04 10:38:00,474.118760973
2018-09-04 10:39:00,474.118760973
2018-09-04 10:40:00,474.118760973
2018-09-04 10:41:00,484.844070911
2018-09-04 10:42:00,484.844070911
2018-09-04 10:43:00,484.844070911
2018-09-04 10:44:00,484.844070911
2018-09-04 10:45:00,474.118760973
2018-09-04 10:46:00,474.118760973
2018-09-04 10:47:00,463.393451036
2018-09-04 10:48:00,463.393451036
2018-09-04 10:49:00,463.393451036
2018-09-04 10:50:00,463.393451036
2018-09-04 10:51:00,463.393451036
2018-09-04 10:52:00,463.393451036
2018-09-04 10:53:00,463.393451036
2018-09-04 10:54:00,463.393451036
2018-09-04 10:55:00,463.393451036
2018-09-04 10:56:00,463.393451036
2018-09-04 10:57:00,463.393451036
2018-09-04 10:58:00,463.393451036
2018-09-04 10:59:00,463.393451036
2018-09-04 11:00:00,463.393451036
2018-09-04 11:01:00,463.393451036
2018-09-04 11:02:00,463.393451036
2018-09-04 11:03:00,463.393451036
2018-09-04 11:04:00,463.393451036
2018-09-04 11:05:00,463.393451036
2018-09-04 11:06:00,463.393451036
2018-09-04 11:07:00,441.942831161
2018-09-04 11:08:00,441.942831161
2018-09-04 11:09:00,431.217521223
2018-09-04 11:10:00,431.217521223
2018-09-04 11:11:00,431.217521223
2018-09-04 11:12:00,431.217521223
2018-09-04 11:13:00,431.217521223
2018-09-04 11:14:00,431.217521223
2018-09-04 11:15:00,431.217521223
2018-09-04 11:16:00,431.217521223
2018-09-04 11:17:00,431.217521223
2018-09-04 11:18:00,431.217521223
2018-09-04 11:19:00,431.217521223
2018-09-04 11:20:00,431.217521223
2018-09-04 11:21:00,431.217521223
2018-09-04 11:22:00,431.217521223
2018-09-04 11:23:00,431.217521223
2018-09-04 11:24:00,441.942831161
2018-09-04 11:25:00,441.942831161
2018-09-04 11:26:00,452.668141098
2018-09-04 11:27:00,463.393451036
2018-09-04 11:28:00,463.393451036
2018-09-04 11:29:00,463.393451036
2018-09-04 11:30:00,463.393451036
2018-09-04 11:31:00,463.393451036
2018-09-04 11:32:00,463.393451036
2018-09-04 11:33:00,463.393451036
2018-09-04 11:34:00,463.393451036
2018-09-04 11:35:00,452.668141098
2018-09-04 11:36:00,452.668141098
2018-09-04 11:37:00,452.668141098
2018-09-04 11:38:00,452.668141098
2018-09-04 11:39:00,452.668141098
2018-09-04 11:40:00,452.668141098
2018-09-04 11:41:00,441.942831161
2018-09-04 11:42:00,431.217521223
2018-09-04 11:43:00,431.217521223
2018-09-04 11:44:00,441.942831161
2018-09-04 11:45:00,441.942831161
2018-09-04 11:46:00,441.942831161
2018-09-04 11:47:00,441.942831161
2018-09-04 11:48:00,431.217521223
2018-09-04 11:49:00,441.942831161
2018-09-04 11:50:00,441.942831161
2018-09-04 11:51:00,452.668141098
2018-09-04 11:52:00,452.668141098
2018-09-04 11:53:00,452.668141098
2018-09-04 11:54:00,441.942831161
2018-09-04 11:55:00,441.942831161
2018-09-04 11:56:00,431.217521223
2018-09-04 11:57:00,441.942831161
2018-09-04 11:58:00,431.217521223
2018-09-04 11:59:00,431.217521223
2018-09-05 01:29:00,527.745310661
2018-09-05 01:30:00,527.745310661
2018-09-05 01:31:00,527.745310661
2018-09-05 01:32:00,527.745310661
2018-09-05 01:33:00,527.745310661
2018-09-05 01:34:00,527.745310661
2018-09-05 01:35:00,452.668141098
2018-09-05 01:36:00,452.668141098
2018-09-05 01:37:00,441.942831161
2018-09-05 01:38:00,441.942831161
2018-09-05 01:39:00,452.668141098
2018-09-05 01:40:00,452.668141098
2018-09-05 01:41:00,452.668141098
2018-09-05 01:42:00,452.668141098
2018-09-05 01:43:00,452.668141098
2018-09-05 01:44:00,452.668141098
2018-09-05 01:45:00,463.393451036
2018-09-05 01:46:00,452.668141098
2018-09-05 01:47:00,452.668141098
2018-09-05 01:48:00,463.393451036
2018-09-05 01:49:00,463.393451036
2018-09-05 01:50:00,463.393451036
2018-09-05 01:51:00,484.844070911
2018-09-05 01:52:00,484.844070911
2018-09-05 01:53:00,484.844070911
2018-09-05 01:54:00,484.844070911
2018-09-05 01:55:00,484.844070911
2018-09-05 01:56:00,484.844070911
2018-09-05 01:57:00,484.844070911
2018-09-05 01:58:00,484.844070911
2018-09-05 01:59:00,484.844070911
2018-09-05 02:00:00,474.118760973
2018-09-05 02:01:00,463.393451036
2018-09-05 02:02:00,452.668141098
2018-09-05 02:03:00,463.393451036
2018-09-05 02:04:00,463.393451036
2018-09-05 02:05:00,484.844070911
2018-09-05 02:06:00,484.844070911
2018-09-05 02:07:00,474.118760973
2018-09-05 02:08:00,474.118760973
2018-09-05 02:09:00,484.844070911
2018-09-05 02:10:00,484.844070911
2018-09-05 02:11:00,484.844070911
2018-09-05 02:12:00,484.844070911
2018-09-05 02:13:00,495.569380848
2018-09-05 02:14:00,506.294690786
2018-09-05 02:15:00,506.294690786
2018-09-05 02:16:00,506.294690786
2018-09-05 02:17:00,506.294690786
2018-09-05 02:18:00,517.020000723
2018-09-05 02:19:00,506.294690786
2018-09-05 02:20:00,506.294690786
2018-09-05 02:21:00,527.745310661
2018-09-05 02:22:00,538.470620598
2018-09-05 02:23:00,527.745310661
2018-09-05 02:24:00,538.470620598
2018-09-05 02:25:00,527.745310661
2018-09-05 02:26:00,527.745310661
2018-09-05 02:27:00,549.195930536
2018-09-05 02:28:00,549.195930536
2018-09-05 02:29:00,549.195930536
2018-09-05 02:30:00,549.195930536
2018-09-05 02:31:00,527.745310661
2018-09-05 02:32:00,527.745310661
2018-09-05 02:33:00,527.745310661
2018-09-05 02:34:00,527.745310661
2018-09-05 02:35:00,549.195930536
2018-09-05 02:36:00,549.195930536
2018-09-05 02:37:00,549.195930536
2018-09-05 02:38:00,549.195930536
2018-09-05 02:39:00,549.195930536
2018-09-05 02:40:00,549.195930536
2018-09-05 02:41:00,549.195930536
2018-09-05 02:42:00,549.195930536
2018-09-05 02:43:00,549.195930536
2018-09-05 02:44:00,549.195930536
2018-09-05 02:45:00,549.195930536
2018-09-05 02:46:00,549.195930536
2018-09-05 02:47:00,549.195930536
2018-09-05 02:48:00,549.195930536
2018-09-05 02:49:00,549.195930536
2018-09-05 02:50:00,549.195930536
2018-09-05 02:51:00,549.195930536
2018-09-05 02:52:00,549.195930536
2018-09-05 02:53:00,549.195930536
2018-09-05 02:54:00,549.195930536
2018-09-05 02:55:00,549.195930536
2018-09-05 02:56:00,549.195930536
2018-09-05 02:57:00,549.195930536
2018-09-05 02:58:00,549.195930536
2018-09-05 02:59:00,549.195930536
2018-09-05 03:00:00,549.195930536
2018-09-05 03:01:00,538.470620598
2018-09-05 03:02:00,527.745310661
2018-09-05 03:03:00,527.745310661
2018-09-05 03:04:00,527.745310661
2018-09-05 03:05:00,527.745310661
2018-09-05 03:06:00,506.294690786
2018-09-05 03:07:00,517.020000723
2018-09-05 03:08:00,506.294690786
2018-09-05 03:09:00,506.294690786
2018-09-05 03:10:00,506.294690786
2018-09-05 03:11:00,517.020000723
2018-09-05 03:12:00,517.020000723
2018-09-05 03:13:00,517.020000723
2018-09-05 03:14:00,517.020000723
2018-09-05 03:15:00,538.470620598
2018-09-05 03:16:00,549.195930536
2018-09-05 03:17:00,549.195930536
2018-09-05 03:18:00,559.921240473
2018-09-05 03:19:00,559.921240473
2018-09-05 03:20:00,559.921240473
2018-09-05 03:21:00,559.921240473
2018-09-05 03:22:00,559.921240473
2018-09-05 03:23:00,549.195930536
2018-09-05 03:24:00,549.195930536
2018-09-05 03:25:00,549.195930536
2018-09-05 03:26:00,549.195930536
2018-09-05 03:27:00,549.195930536
2018-09-05 03:28:00,538.470620598
2018-09-05 03:29:00,538.470620598
2018-09-05 03:30:00,495.569380848
2018-09-05 03:31:00,506.294690786
2018-09-05 03:32:00,506.294690786
2018-09-05 03:33:00,495.569380848
2018-09-05 03:34:00,495.569380848
2018-09-05 03:35:00,506.294690786
2018-09-05 03:36:00,495.569380848
2018-09-05 03:37:00,495.569380848
2018-09-05 03:38:00,484.844070911
2018-09-05 03:39:00,484.844070911
2018-09-05 03:40:00,484.844070911
2018-09-05 03:41:00,484.844070911
2018-09-05 03:42:00,484.844070911
2018-09-05 03:43:00,484.844070911
2018-09-05 03:44:00,484.844070911
2018-09-05 03:45:00,484.844070911
2018-09-05 03:46:00,495.569380848
2018-09-05 03:47:00,484.844070911
2018-09-05 03:48:00,506.294690786
2018-09-05 03:49:00,484.844070911
2018-09-05 03:50:00,484.844070911
2018-09-05 03:51:00,495.569380848
2018-09-05 03:52:00,495.569380848
2018-09-05 03:53:00,506.294690786
2018-09-05 03:54:00,506.294690786
2018-09-05 03:55:00,495.569380848
2018-09-05 03:56:00,484.844070911
2018-09-05 03:57:00,495.569380848
2018-09-05 03:58:00,506.294690786
2018-09-05 03:59:00,495.569380848
2018-09-05 04:00:00,506.294690786
2018-09-05 04:01:00,517.020000723
2018-09-05 04:02:00,517.020000723
2018-09-05 04:03:00,527.745310661
2018-09-05 04:04:00,517.020000723
2018-09-05 04:05:00,517.020000723
2018-09-05 04:06:00,506.294690786
2018-09-05 04:07:00,506.294690786
2018-09-05 04:08:00,517.020000723
2018-09-05 04:09:00,517.020000723
2018-09-05 04:10:00,527.745310661
2018-09-05 04:11:00,538.470620598
2018-09-05 04:12:00,527.745310661
2018-09-05 04:13:00,527.745310661
2018-09-05 04:14:00,527.745310661
2018-09-05 04:15:00,527.745310661
2018-09-05 04:16:00,538.470620598
2018-09-05 04:17:00,538.470620598
2018-09-05 04:18:00,527.745310661
2018-09-05 04:19:00,517.020000723
2018-09-05 04:20:00,506.294690786
2018-09-05 04:21:00,517.020000723
2018-09-05 04:22:00,527.745310661
2018-09-05 04:23:00,527.745310661
2018-09-05 04:24:00,549.195930536
2018-09-05 04:25:00,549.195930536
2018-09-05 04:26:00,559.921240473
2018-09-05 04:27:00,559.921240473
2018-09-05 04:28:00,559.921240473
2018-09-05 04:29:00,559.921240473
2018-09-05 04:30:00,559.921240473
2018-09-05 04:31:00,549.195930536
2018-09-05 04:32:00,549.195930536
2018-09-05 04:33:00,549.195930536
2018-09-05 04:34:00,549.195930536
2018-09-05 04:35:00,549.195930536
2018-09-05 04:36:00,549.195930536
2018-09-05 04:37:00,549.195930536
2018-09-05 04:38:00,549.195930536
2018-09-05 04:39:00,549.195930536
2018-09-05 04:40:00,549.195930536
2018-09-05 04:41:00,549.195930536
2018-09-05 04:42:00,549.195930536
2018-09-05 04:43:00,549.195930536
2018-09-05 04:44:00,549.195930536
2018-09-05 04:45:00,549.195930536
2018-09-05 04:46:00,549.195930536
2018-09-05 04:47:00,549.195930536
2018-09-05 04:48:00,549.195930536
2018-09-05 04:49:00,549.195930536
2018-09-05 04:50:00,559.921240473
2018-09-05 04:51:00,559.921240473
2018-09-05 04:52:00,559.921240473
2018-09-05 04:53:00,559.921240473
2018-09-05 04:54:00,559.921240473
2018-09-05 04:55:00,559.921240473
2018-09-05 04:56:00,559.921240473
2018-09-05 04:57:00,559.921240473
2018-09-05 04:58:00,559.921240473
2018-09-05 04:59:00,559.921240473
2018-09-05 05:00:00,559.921240473
2018-09-05 05:01:00,559.921240473
2018-09-05 05:02:00,559.921240473
2018-09-05 05:03:00,559.921240473
2018-09-05 05:04:00,549.195930536
2018-09-05 05:05:00,549.195930536
2018-09-05 05:06:00,549.195930536
2018-09-05 05:07:00,549.195930536
2018-09-05 05:08:00,549.195930536
2018-09-05 05:09:00,549.195930536
2018-09-05 05:10:00,538.470620598
2018-09-05 05:11:00,527.745310661
2018-09-05 05:12:00,527.745310661
2018-09-05 05:13:00,527.745310661
2018-09-05 05:14:00,527.745310661
2018-09-05 05:15:00,527.745310661
2018-09-05 05:16:00,527.745310661
2018-09-05 05:17:00,527.745310661
2018-09-05 05:18:00,527.745310661
2018-09-05 05:19:00,527.745310661
2018-09-05 05:20:00,517.020000723
2018-09-05 05:21:00,506.294690786
2018-09-05 05:22:00,506.294690786
2018-09-05 05:23:00,506.294690786
2018-09-05 05:24:00,495.569380848
2018-09-05 05:25:00,506.294690786
2018-09-05 05:26:00,506.294690786
2018-09-05 05:27:00,506.294690786
2018-09-05 05:28:00,506.294690786
2018-09-05 05:29:00,506.294690786
2018-09-05 05:30:00,495.569380848
2018-09-05 05:31:00,484.844070911
2018-09-05 05:32:00,495.569380848
2018-09-05 05:33:00,495.569380848
2018-09-05 05:34:00,506.294690786
2018-09-05 05:35:00,484.844070911
2018-09-05 05:36:00,484.844070911
2018-09-05 05:37:00,495.569380848
2018-09-05 05:38:00,484.844070911
2018-09-05 05:39:00,495.569380848
2018-09-05 05:40:00,506.294690786
2018-09-05 05:41:00,506.294690786
2018-09-05 05:42:00,506.294690786
2018-09-05 05:43:00,484.844070911
2018-09-05 05:44:00,463.393451036
2018-09-05 05:45:00,463.393451036
2018-09-05 05:46:00,474.118760973
2018-09-05 05:47:00,474.118760973
2018-09-05 05:48:00,463.393451036
2018-09-05 05:49:00,463.393451036
2018-09-05 05:50:00,463.393451036
2018-09-05 05:51:00,463.393451036
2018-09-05 05:52:00,484.844070911
2018-09-05 05:53:00,484.844070911
2018-09-05 05:54:00,484.844070911
2018-09-05 05:55:00,484.844070911
2018-09-05 05:56:00,474.118760973
2018-09-05 05:57:00,484.844070911
2018-09-05 05:58:00,484.844070911
2018-09-05 05:59:00,484.844070911
2018-09-05 06:00:00,484.844070911
2018-09-05 06:01:00,484.844070911
2018-09-05 06:02:00,484.844070911
2018-09-05 06:03:00,484.844070911
2018-09-05 06:04:00,484.844070911
2018-09-05 06:05:00,484.844070911
2018-09-05 06:06:00,484.844070911
2018-09-05 06:07:00,484.844070911
2018-09-05 06:08:00,484.844070911
2018-09-05 06:09:00,484.844070911
2018-09-05 06:10:00,484.844070911
2018-09-05 06:11:00,506.294690786
2018-09-05 06:12:00,506.294690786
2018-09-05 06:13:00,506.294690786
2018-09-05 06:14:00,506.294690786
2018-09-05 06:15:00,506.294690786
2018-09-05 06:16:00,517.020000723
2018-09-05 06:17:00,517.020000723
2018-09-05 06:18:00,517.020000723
2018-09-05 06:19:00,517.020000723
2018-09-05 06:20:00,506.294690786
2018-09-05 06:21:00,527.745310661
2018-09-05 06:22:00,527.745310661
2018-09-05 06:23:00,538.470620598
2018-09-05 06:24:00,538.470620598
2018-09-05 06:25:00,538.470620598
2018-09-05 06:26:00,538.470620598
2018-09-05 06:27:00,538.470620598
2018-09-05 06:28:00,538.470620598
2018-09-05 06:29:00,538.470620598
2018-09-05 06:30:00,538.470620598
2018-09-05 06:31:00,527.745310661
2018-09-05 06:32:00,527.745310661
2018-09-05 06:33:00,527.745310661
2018-09-05 06:34:00,527.745310661
2018-09-05 06:35:00,527.745310661
2018-09-05 06:36:00,527.745310661
2018-09-05 06:37:00,527.745310661
2018-09-05 06:38:00,527.745310661
2018-09-05 06:39:00,527.745310661
2018-09-05 06:40:00,527.745310661
2018-09-05 06:41:00,527.745310661
2018-09-05 06:42:00,527.745310661
2018-09-05 06:43:00,538.470620598
2018-09-05 06:44:00,538.470620598
2018-09-05 06:45:00,549.195930536
2018-09-05 06:46:00,549.195930536
2018-09-05 06:47:00,549.195930536
2018-09-05 06:48:00,549.195930536
2018-09-05 06:49:00,549.195930536
2018-09-05 06:50:00,549.195930536
2018-09-05 06:51:00,549.195930536
2018-09-05 06:52:00,549.195930536
2018-09-05 06:53:00,549.195930536
2018-09-05 06:54:00,549.195930536
2018-09-05 06:55:00,549.195930536
2018-09-05 06:56:00,549.195930536
2018-09-05 06:57:00,559.921240473
2018-09-05 06:58:00,549.195930536
2018-09-05 06:59:00,559.921240473
2018-09-05 07:00:00,559.921240473
2018-09-05 07:01:00,559.921240473
2018-09-05 07:02:00,559.921240473
2018-09-05 07:03:00,559.921240473
2018-09-05 07:04:00,559.921240473
2018-09-05 07:05:00,559.921240473
2018-09-05 07:06:00,570.646550411
2018-09-05 07:07:00,570.646550411
2018-09-05 07:08:00,570.646550411
2018-09-05 07:09:00,570.646550411
2018-09-05 07:10:00,570.646550411
2018-09-05 07:11:00,570.646550411
2018-09-05 07:12:00,570.646550411
2018-09-05 07:13:00,570.646550411
2018-09-05 07:14:00,570.646550411
2018-09-05 07:15:00,570.646550411
2018-09-05 07:16:00,570.646550411
2018-09-05 07:17:00,570.646550411
2018-09-05 07:18:00,570.646550411
2018-09-05 07:19:00,570.646550411
2018-09-05 07:20:00,570.646550411
2018-09-05 07:21:00,570.646550411
2018-09-05 07:22:00,570.646550411
2018-09-05 07:23:00,570.646550411
2018-09-05 07:24:00,581.371860348
2018-09-05 07:25:00,581.371860348
2018-09-05 07:26:00,581.371860348
2018-09-05 07:27:00,581.371860348
2018-09-05 07:28:00,581.371860348
2018-09-05 07:29:00,581.371860348
2018-09-05 07:30:00,581.371860348
2018-09-05 07:31:00,581.371860348
2018-09-05 07:32:00,581.371860348
2018-09-05 07:33:00,581.371860348
2018-09-05 07:34:00,581.371860348
2018-09-05 07:35:00,581.371860348
2018-09-05 07:36:00,581.371860348
2018-09-05 07:37:00,581.371860348
2018-09-05 07:38:00,581.371860348
2018-09-05 07:39:00,570.646550411
2018-09-05 07:40:00,570.646550411
2018-09-05 07:41:00,570.646550411
2018-09-05 07:42:00,549.195930536
2018-09-05 07:43:00,559.921240473
2018-09-05 07:44:00,570.646550411
2018-09-05 07:45:00,570.646550411
2018-09-05 07:46:00,570.646550411
2018-09-05 07:47:00,570.646550411
2018-09-05 07:48:00,570.646550411
2018-09-05 07:49:00,570.646550411
2018-09-05 07:50:00,570.646550411
2018-09-05 07:51:00,570.646550411
2018-09-05 07:52:00,570.646550411
2018-09-05 07:53:00,570.646550411
2018-09-05 07:54:00,570.646550411
2018-09-05 07:55:00,570.646550411
2018-09-05 07:56:00,570.646550411
2018-09-05 07:57:00,570.646550411
2018-09-05 07:58:00,570.646550411
2018-09-05 07:59:00,570.646550411
2018-09-05 08:00:00,549.195930536
2018-09-05 08:01:00,549.195930536
2018-09-05 08:02:00,549.195930536
2018-09-05 08:03:00,549.195930536
2018-09-05 08:04:00,549.195930536
2018-09-05 08:05:00,484.844070911
2018-09-05 08:06:00,399.041591411
2018-09-05 08:07:00,377.590971536
2018-09-05 08:08:00,334.689731786
2018-09-05 08:09:00,388.316281473
2018-09-05 08:10:00,420.492211286
2018-09-05 08:11:00,399.041591411
2018-09-05 08:12:00,399.041591411
2018-09-05 08:13:00,377.590971536
2018-09-05 08:14:00,388.316281473
2018-09-05 08:15:00,345.415041723
2018-09-05 08:16:00,356.140351661
2018-09-05 08:17:00,356.140351661
2018-09-05 08:18:00,345.415041723
2018-09-05 08:19:00,334.689731786
2018-09-05 08:20:00,323.964421848
2018-09-05 08:21:00,323.964421848
2018-09-05 08:22:00,313.239111911
2018-09-05 08:23:00,281.063182098
2018-09-05 08:24:00,291.788492036
2018-09-05 08:25:00,313.239111911
2018-09-05 08:26:00,323.964421848
2018-09-05 08:27:00,356.140351661
2018-09-05 08:28:00,345.415041723
2018-09-05 08:29:00,334.689731786
2018-09-05 08:30:00,313.239111911
2018-09-05 08:31:00,313.239111911
2018-09-05 08:32:00,313.239111911
2018-09-05 08:33:00,323.964421848
2018-09-05 08:34:00,323.964421848
2018-09-05 08:35:00,313.239111911
2018-09-05 08:36:00,313.239111911
2018-09-05 08:37:00,302.513801973
2018-09-05 08:38:00,291.788492036
2018-09-05 08:39:00,313.239111911
2018-09-05 08:40:00,313.239111911
2018-09-05 08:41:00,313.239111911
2018-09-05 08:42:00,323.964421848
2018-09-05 08:43:00,313.239111911
2018-09-05 08:44:00,323.964421848
2018-09-05 08:45:00,313.239111911
2018-09-05 08:46:00,313.239111911
2018-09-05 08:47:00,313.239111911
2018-09-05 08:48:00,313.239111911
2018-09-05 08:49:00,302.513801973
2018-09-05 08:50:00,302.513801973
2018-09-05 08:51:00,302.513801973
2018-09-05 08:52:00,302.513801973
2018-09-05 08:53:00,313.239111911
2018-09-05 08:54:00,313.239111911
2018-09-05 08:55:00,302.513801973
2018-09-05 08:56:00,291.788492036
2018-09-05 08:57:00,323.964421848
2018-09-05 08:58:00,323.964421848
2018-09-05 08:59:00,313.239111911
2018-09-05 09:00:00,313.239111911
2018-09-05 09:01:00,313.239111911
2018-09-05 09:02:00,313.239111911
2018-09-05 09:03:00,323.964421848
2018-09-05 09:04:00,323.964421848
2018-09-05 09:05:00,313.239111911
2018-09-05 09:06:00,313.239111911
2018-09-05 09:07:00,313.239111911
2018-09-05 09:08:00,313.239111911
2018-09-05 09:09:00,313.239111911
2018-09-05 09:10:00,334.689731786
2018-09-05 09:11:00,323.964421848
2018-09-05 09:12:00,377.590971536
2018-09-05 09:13:00,377.590971536
2018-09-05 09:14:00,377.590971536
2018-09-05 09:15:00,356.140351661
2018-09-05 09:16:00,388.316281473
2018-09-05 09:17:00,388.316281473
2018-09-05 09:18:00,388.316281473
2018-09-05 09:19:00,388.316281473
2018-09-05 09:20:00,399.041591411
2018-09-05 09:21:00,399.041591411
2018-09-05 09:22:00,399.041591411
2018-09-05 09:23:00,399.041591411
2018-09-05 09:24:00,399.041591411
2018-09-05 09:25:00,399.041591411
2018-09-05 09:26:00,399.041591411
2018-09-05 09:27:00,399.041591411
2018-09-05 09:28:00,399.041591411
2018-09-05 09:29:00,399.041591411
2018-09-05 09:30:00,399.041591411
2018-09-05 09:31:00,420.492211286
2018-09-05 09:32:00,409.766901348
2018-09-05 09:33:00,399.041591411
2018-09-05 09:34:00,409.766901348
2018-09-05 09:35:00,409.766901348
2018-09-05 09:36:00,409.766901348
2018-09-05 09:37:00,420.492211286
2018-09-05 09:38:00,420.492211286
2018-09-05 09:39:00,399.041591411
2018-09-05 09:40:00,420.492211286
2018-09-05 09:41:00,420.492211286
2018-09-05 09:42:00,420.492211286
2018-09-05 09:43:00,420.492211286
2018-09-05 09:44:00,420.492211286
2018-09-05 09:45:00,420.492211286
2018-09-05 09:46:00,399.041591411
2018-09-05 09:47:00,399.041591411
2018-09-05 09:48:00,420.492211286
2018-09-05 09:49:00,420.492211286
2018-09-05 09:50:00,420.492211286
2018-09-05 09:51:00,420.492211286
2018-09-05 09:52:00,420.492211286
2018-09-05 09:53:00,420.492211286
2018-09-05 09:54:00,420.492211286
2018-09-05 09:55:00,399.041591411
2018-09-05 09:56:00,388.316281473
2018-09-05 09:57:00,388.316281473
2018-09-05 09:58:00,399.041591411
2018-09-05 09:59:00,399.041591411
2018-09-05 10:00:00,399.041591411
2018-09-05 10:01:00,399.041591411
2018-09-05 10:02:00,399.041591411
2018-09-05 10:03:00,399.041591411
2018-09-05 10:04:00,409.766901348
2018-09-05 10:05:00,399.041591411
2018-09-05 10:06:00,399.041591411
2018-09-05 10:07:00,409.766901348
2018-09-05 10:08:00,420.492211286
2018-09-05 10:09:00,420.492211286
2018-09-05 10:10:00,420.492211286
2018-09-05 10:11:00,420.492211286
2018-09-05 10:12:00,420.492211286
2018-09-05 10:13:00,420.492211286
2018-09-05 10:14:00,420.492211286
2018-09-05 10:15:00,420.492211286
2018-09-05 10:16:00,420.492211286
2018-09-05 10:17:00,431.217521223
2018-09-05 10:18:00,420.492211286
2018-09-05 10:19:00,420.492211286
2018-09-05 10:20:00,441.942831161
2018-09-05 10:21:00,441.942831161
2018-09-05 10:22:00,452.668141098
2018-09-05 10:23:00,506.294690786
2018-09-05 10:24:00,506.294690786
2018-09-05 10:25:00,495.569380848
2018-09-05 10:26:00,527.745310661
2018-09-05 10:27:00,559.921240473
2018-09-05 10:28:00,549.195930536
2018-09-05 10:29:00,549.195930536
2018-09-05 10:30:00,570.646550411
2018-09-05 10:31:00,581.371860348
2018-09-05 10:32:00,570.646550411
2018-09-05 10:33:00,570.646550411
2018-09-05 10:34:00,570.646550411
2018-09-05 10:35:00,570.646550411
2018-09-05 10:36:00,570.646550411
2018-09-05 10:37:00,549.195930536
2018-09-05 10:38:00,549.195930536
2018-09-05 10:39:00,549.195930536
2018-09-05 10:40:00,559.921240473
2018-09-05 10:41:00,549.195930536
2018-09-05 10:42:00,570.646550411
2018-09-05 10:43:00,570.646550411
2018-09-05 10:44:00,570.646550411
2018-09-05 10:45:00,559.921240473
2018-09-05 10:46:00,559.921240473
2018-09-05 10:47:00,549.195930536
2018-09-05 10:48:00,559.921240473
2018-09-05 10:49:00,549.195930536
2018-09-05 10:50:00,549.195930536
2018-09-05 10:51:00,538.470620598
2018-09-05 10:52:00,538.470620598
2018-09-05 10:53:00,549.195930536
2018-09-05 10:54:00,538.470620598
2018-09-05 10:55:00,527.745310661
2018-09-05 10:56:00,527.745310661
2018-09-05 10:57:00,527.745310661
2018-09-05 10:58:00,527.745310661
2018-09-05 10:59:00,549.195930536
2018-09-05 11:00:00,538.470620598
2018-09-05 11:01:00,527.745310661
2018-09-05 11:02:00,527.745310661
2018-09-05 11:03:00,527.745310661
2018-09-05 11:04:00,527.745310661
2018-09-05 11:05:00,527.745310661
2018-09-05 11:06:00,527.745310661
2018-09-05 11:07:00,527.745310661
2018-09-05 11:08:00,517.020000723
2018-09-05 11:09:00,527.745310661
2018-09-05 11:10:00,527.745310661
2018-09-05 11:11:00,527.745310661
2018-09-05 11:12:00,527.745310661
2018-09-05 11:13:00,527.745310661
2018-09-05 11:14:00,527.745310661
2018-09-05 11:15:00,527.745310661
2018-09-05 11:16:00,527.745310661
2018-09-05 11:17:00,527.745310661
2018-09-05 11:18:00,517.020000723
2018-09-05 11:19:00,506.294690786
2018-09-05 11:20:00,506.294690786
2018-09-05 11:21:00,506.294690786
2018-09-05 11:22:00,484.844070911
2018-09-05 11:23:00,484.844070911
2018-09-05 11:24:00,484.844070911
2018-09-05 11:25:00,484.844070911
2018-09-05 11:26:00,484.844070911
2018-09-05 11:27:00,484.844070911
2018-09-05 11:28:00,484.844070911
2018-09-05 11:29:00,484.844070911
2018-09-05 11:30:00,484.844070911
2018-09-05 11:31:00,484.844070911
2018-09-05 11:32:00,484.844070911
2018-09-05 11:33:00,484.844070911
2018-09-05 11:34:00,484.844070911
2018-09-05 11:35:00,484.844070911
2018-09-05 11:36:00,484.844070911
2018-09-05 11:37:00,484.844070911
2018-09-05 11:38:00,484.844070911
2018-09-05 11:39:00,484.844070911
2018-09-05 11:40:00,484.844070911
2018-09-05 11:41:00,484.844070911
2018-09-05 11:42:00,484.844070911
2018-09-05 11:43:00,484.844070911
2018-09-05 11:44:00,484.844070911
2018-09-05 11:45:00,484.844070911
2018-09-05 11:46:00,484.844070911
2018-09-05 11:47:00,484.844070911
2018-09-05 11:48:00,484.844070911
2018-09-05 11:49:00,484.844070911
2018-09-05 11:50:00,484.844070911
2018-09-05 11:51:00,495.569380848
2018-09-05 11:52:00,484.844070911
2018-09-05 11:53:00,495.569380848
2018-09-05 11:54:00,495.569380848
2018-09-05 11:55:00,495.569380848
2018-09-05 11:56:00,495.569380848
2018-09-05 11:57:00,495.569380848
2018-09-05 11:58:00,495.569380848
2018-09-05 11:59:00,506.294690786
2018-09-06 01:29:00,452.667283073
2018-09-06 01:30:00,517.019142698
2018-09-06 01:31:00,527.744452636
2018-09-06 01:32:00,517.019142698
2018-09-06 01:33:00,538.469762573
2018-09-06 01:34:00,538.469762573
2018-09-06 01:35:00,538.469762573
2018-09-06 01:36:00,538.469762573
2018-09-06 01:37:00,538.469762573
2018-09-06 01:38:00,538.469762573
2018-09-06 01:39:00,538.469762573
2018-09-06 01:40:00,538.469762573
2018-09-06 01:41:00,538.469762573
2018-09-06 01:42:00,538.469762573
2018-09-06 01:43:00,538.469762573
2018-09-06 01:44:00,538.469762573
2018-09-06 01:45:00,538.469762573
2018-09-06 01:46:00,538.469762573
2018-09-06 01:47:00,538.469762573
2018-09-06 01:48:00,538.469762573
2018-09-06 01:49:00,538.469762573
2018-09-06 01:50:00,538.469762573
2018-09-06 01:51:00,538.469762573
2018-09-06 01:52:00,538.469762573
2018-09-06 01:53:00,527.744452636
2018-09-06 01:54:00,538.469762573
2018-09-06 01:55:00,517.019142698
2018-09-06 01:56:00,538.469762573
2018-09-06 01:57:00,538.469762573
2018-09-06 01:58:00,538.469762573
2018-09-06 01:59:00,538.469762573
2018-09-06 02:00:00,538.469762573
2018-09-06 02:01:00,538.469762573
2018-09-06 02:02:00,538.469762573
2018-09-06 02:03:00,538.469762573
2018-09-06 02:04:00,538.469762573
2018-09-06 02:05:00,527.744452636
2018-09-06 02:06:00,527.744452636
2018-09-06 02:07:00,527.744452636
2018-09-06 02:08:00,527.744452636
2018-09-06 02:09:00,527.744452636
2018-09-06 02:10:00,527.744452636
2018-09-06 02:11:00,527.744452636
2018-09-06 02:12:00,527.744452636
2018-09-06 02:13:00,517.019142698
2018-09-06 02:14:00,517.019142698
2018-09-06 02:15:00,517.019142698
2018-09-06 02:16:00,517.019142698
2018-09-06 02:17:00,506.293832761
2018-09-06 02:18:00,506.293832761
2018-09-06 02:19:00,506.293832761
2018-09-06 02:20:00,495.568522823
2018-09-06 02:21:00,495.568522823
2018-09-06 02:22:00,495.568522823
2018-09-06 02:23:00,506.293832761
2018-09-06 02:24:00,506.293832761
2018-09-06 02:25:00,506.293832761
2018-09-06 02:26:00,506.293832761
2018-09-06 02:27:00,506.293832761
2018-09-06 02:28:00,506.293832761
2018-09-06 02:29:00,495.568522823
2018-09-06 02:30:00,495.568522823
2018-09-06 02:31:00,495.568522823
2018-09-06 02:32:00,517.019142698
2018-09-06 02:33:00,538.469762573
2018-09-06 02:34:00,538.469762573
2018-09-06 02:35:00,538.469762573
2018-09-06 02:36:00,538.469762573
2018-09-06 02:37:00,549.195072511
2018-09-06 02:38:00,549.195072511
2018-09-06 02:39:00,549.195072511
2018-09-06 02:40:00,549.195072511
2018-09-06 02:41:00,549.195072511
2018-09-06 02:42:00,549.195072511
2018-09-06 02:43:00,549.195072511
2018-09-06 02:44:00,549.195072511
2018-09-06 02:45:00,549.195072511
2018-09-06 02:46:00,559.920382448
2018-09-06 02:47:00,559.920382448
2018-09-06 02:48:00,559.920382448
2018-09-06 02:49:00,559.920382448
2018-09-06 02:50:00,559.920382448
2018-09-06 02:51:00,559.920382448
2018-09-06 02:52:00,570.645692386
2018-09-06 02:53:00,570.645692386
2018-09-06 02:54:00,592.096312261
2018-09-06 02:55:00,592.096312261
2018-09-06 02:56:00,602.821622198
2018-09-06 02:57:00,602.821622198
2018-09-06 02:58:00,592.096312261
2018-09-06 02:59:00,592.096312261
2018-09-06 03:00:00,592.096312261
2018-09-06 03:01:00,602.821622198
2018-09-06 03:02:00,602.821622198
2018-09-06 03:03:00,592.096312261
2018-09-06 03:04:00,581.371002323
2018-09-06 03:05:00,581.371002323
2018-09-06 03:06:00,581.371002323
2018-09-06 03:07:00,581.371002323
2018-09-06 03:08:00,581.371002323
2018-09-06 03:09:00,570.645692386
2018-09-06 03:10:00,570.645692386
2018-09-06 03:11:00,570.645692386
2018-09-06 03:12:00,570.645692386
2018-09-06 03:13:00,570.645692386
2018-09-06 03:14:00,570.645692386
2018-09-06 03:15:00,581.371002323
2018-09-06 03:16:00,581.371002323
2018-09-06 03:17:00,581.371002323
2018-09-06 03:18:00,570.645692386
2018-09-06 03:19:00,570.645692386
2018-09-06 03:20:00,570.645692386
2018-09-06 03:21:00,570.645692386
2018-09-06 03:22:00,559.920382448
2018-09-06 03:23:00,559.920382448
2018-09-06 03:24:00,559.920382448
2018-09-06 03:25:00,559.920382448
2018-09-06 03:26:00,559.920382448
2018-09-06 03:27:00,559.920382448
2018-09-06 03:28:00,559.920382448
2018-09-06 03:29:00,559.920382448
2018-09-06 03:30:00,559.920382448
2018-09-06 03:31:00,549.195072511
2018-09-06 03:32:00,549.195072511
2018-09-06 03:33:00,549.195072511
2018-09-06 03:34:00,527.744452636
2018-09-06 03:35:00,527.744452636
2018-09-06 03:36:00,527.744452636
2018-09-06 03:37:00,527.744452636
2018-09-06 03:38:00,527.744452636
2018-09-06 03:39:00,517.019142698
2018-09-06 03:40:00,517.019142698
2018-09-06 03:41:00,527.744452636
2018-09-06 03:42:00,527.744452636
2018-09-06 03:43:00,517.019142698
2018-09-06 03:44:00,527.744452636
2018-09-06 03:45:00,527.744452636
2018-09-06 03:46:00,527.744452636
2018-09-06 03:47:00,527.744452636
2018-09-06 03:48:00,549.195072511
2018-09-06 03:49:00,549.195072511
2018-09-06 03:50:00,549.195072511
2018-09-06 03:51:00,549.195072511
2018-09-06 03:52:00,549.195072511
2018-09-06 03:53:00,549.195072511
2018-09-06 03:54:00,549.195072511
2018-09-06 03:55:00,549.195072511
2018-09-06 03:56:00,549.195072511
2018-09-06 03:57:00,570.645692386
2018-09-06 03:58:00,570.645692386
2018-09-06 03:59:00,559.920382448
2018-09-06 04:00:00,559.920382448
2018-09-06 04:01:00,570.645692386
2018-09-06 04:02:00,559.920382448
2018-09-06 04:03:00,559.920382448
2018-09-06 04:04:00,570.645692386
2018-09-06 04:05:00,570.645692386
2018-09-06 04:06:00,570.645692386
2018-09-06 04:07:00,581.371002323
2018-09-06 04:08:00,581.371002323
2018-09-06 04:09:00,581.371002323
2018-09-06 04:10:00,581.371002323
2018-09-06 04:11:00,602.821622198
2018-09-06 04:12:00,592.096312261
2018-09-06 04:13:00,581.371002323
2018-09-06 04:14:00,581.371002323
2018-09-06 04:15:00,581.371002323
2018-09-06 04:16:00,581.371002323
2018-09-06 04:17:00,570.645692386
2018-09-06 04:18:00,570.645692386
2018-09-06 04:19:00,570.645692386
2018-09-06 04:20:00,570.645692386
2018-09-06 04:21:00,570.645692386
2018-09-06 04:22:00,570.645692386
2018-09-06 04:23:00,570.645692386
2018-09-06 04:24:00,570.645692386
2018-09-06 04:25:00,570.645692386
2018-09-06 04:26:00,581.371002323
2018-09-06 04:27:00,581.371002323
2018-09-06 04:28:00,581.371002323
2018-09-06 04:29:00,581.371002323
2018-09-06 04:30:00,581.371002323
2018-09-06 04:31:00,570.645692386
2018-09-06 04:32:00,570.645692386
2018-09-06 04:33:00,570.645692386
2018-09-06 04:34:00,549.195072511
2018-09-06 04:35:00,549.195072511
2018-09-06 04:36:00,549.195072511
2018-09-06 04:37:00,549.195072511
2018-09-06 04:38:00,549.195072511
2018-09-06 04:39:00,538.469762573
2018-09-06 04:40:00,538.469762573
2018-09-06 04:41:00,538.469762573
2018-09-06 04:42:00,549.195072511
2018-09-06 04:43:00,549.195072511
2018-09-06 04:44:00,549.195072511
2018-09-06 04:45:00,549.195072511
2018-09-06 04:46:00,549.195072511
2018-09-06 04:47:00,549.195072511
2018-09-06 04:48:00,549.195072511
2018-09-06 04:49:00,549.195072511
2018-09-06 04:50:00,538.469762573
2018-09-06 04:51:00,527.744452636
2018-09-06 04:52:00,527.744452636
2018-09-06 04:53:00,527.744452636
2018-09-06 04:54:00,527.744452636
2018-09-06 04:55:00,527.744452636
2018-09-06 04:56:00,517.019142698
2018-09-06 04:57:00,527.744452636
2018-09-06 04:58:00,527.744452636
2018-09-06 04:59:00,517.019142698
2018-09-06 05:00:00,527.744452636
2018-09-06 05:01:00,517.019142698
2018-09-06 05:02:00,527.744452636
2018-09-06 05:03:00,527.744452636
2018-09-06 05:04:00,527.744452636
2018-09-06 05:05:00,527.744452636
2018-09-06 05:06:00,538.469762573
2018-09-06 05:07:00,527.744452636
2018-09-06 05:08:00,538.469762573
2018-09-06 05:09:00,517.019142698
2018-09-06 05:10:00,527.744452636
2018-09-06 05:11:00,527.744452636
2018-09-06 05:12:00,527.744452636
2018-09-06 05:13:00,527.744452636
2018-09-06 05:14:00,527.744452636
2018-09-06 05:15:00,527.744452636
2018-09-06 05:16:00,527.744452636
2018-09-06 05:17:00,527.744452636
2018-09-06 05:18:00,538.469762573
2018-09-06 05:19:00,538.469762573
2018-09-06 05:20:00,527.744452636
2018-09-06 05:21:00,538.469762573
2018-09-06 05:22:00,538.469762573
2018-09-06 05:23:00,538.469762573
2018-09-06 05:24:00,549.195072511
2018-09-06 05:25:00,549.195072511
2018-09-06 05:26:00,559.920382448
2018-09-06 05:27:00,559.920382448
2018-09-06 05:28:00,549.195072511
2018-09-06 05:29:00,549.195072511
2018-09-06 05:30:00,538.469762573
2018-09-06 05:31:00,538.469762573
2018-09-06 05:32:00,527.744452636
2018-09-06 05:33:00,527.744452636
2018-09-06 05:34:00,538.469762573
2018-09-06 05:35:00,527.744452636
2018-09-06 05:36:00,527.744452636
2018-09-06 05:37:00,527.744452636
2018-09-06 05:38:00,527.744452636
2018-09-06 05:39:00,527.744452636
2018-09-06 05:40:00,527.744452636
2018-09-06 05:41:00,495.568522823
2018-09-06 05:42:00,506.293832761
2018-09-06 05:43:00,506.293832761
2018-09-06 05:44:00,506.293832761
2018-09-06 05:45:00,506.293832761
2018-09-06 05:46:00,517.019142698
2018-09-06 05:47:00,517.019142698
2018-09-06 05:48:00,506.293832761
2018-09-06 05:49:00,517.019142698
2018-09-06 05:50:00,527.744452636
2018-09-06 05:51:00,517.019142698
2018-09-06 05:52:00,527.744452636
2018-09-06 05:53:00,517.019142698
2018-09-06 05:54:00,517.019142698
2018-09-06 05:55:00,527.744452636
2018-09-06 05:56:00,527.744452636
2018-09-06 05:57:00,527.744452636
2018-09-06 05:58:00,538.469762573
2018-09-06 05:59:00,538.469762573
2018-09-06 06:00:00,527.744452636
2018-09-06 06:01:00,527.744452636
2018-09-06 06:02:00,527.744452636
2018-09-06 06:03:00,527.744452636
2018-09-06 06:04:00,538.469762573
2018-09-06 06:05:00,538.469762573
2018-09-06 06:06:00,538.469762573
2018-09-06 06:07:00,549.195072511
2018-09-06 06:08:00,538.469762573
2018-09-06 06:09:00,538.469762573
2018-09-06 06:10:00,538.469762573
2018-09-06 06:11:00,538.469762573
2018-09-06 06:12:00,549.195072511
2018-09-06 06:13:00,549.195072511
2018-09-06 06:14:00,549.195072511
2018-09-06 06:15:00,549.195072511
2018-09-06 06:16:00,549.195072511
2018-09-06 06:17:00,549.195072511
2018-09-06 06:18:00,549.195072511
2018-09-06 06:19:00,549.195072511
2018-09-06 06:20:00,538.469762573
2018-09-06 06:21:00,538.469762573
2018-09-06 06:22:00,538.469762573
2018-09-06 06:23:00,538.469762573
2018-09-06 06:24:00,538.469762573
2018-09-06 06:25:00,538.469762573
2018-09-06 06:26:00,538.469762573
2018-09-06 06:27:00,538.469762573
2018-09-06 06:28:00,538.469762573
2018-09-06 06:29:00,538.469762573
2018-09-06 06:30:00,538.469762573
2018-09-06 06:31:00,538.469762573
2018-09-06 06:32:00,538.469762573
2018-09-06 06:33:00,538.469762573
2018-09-06 06:34:00,538.469762573
2018-09-06 06:35:00,538.469762573
2018-09-06 06:36:00,538.469762573
2018-09-06 06:37:00,538.469762573
2018-09-06 06:38:00,538.469762573
2018-09-06 06:39:00,538.469762573
2018-09-06 06:40:00,538.469762573
2018-09-06 06:41:00,538.469762573
2018-09-06 06:42:00,517.019142698
2018-09-06 06:43:00,527.744452636
2018-09-06 06:44:00,538.469762573
2018-09-06 06:45:00,538.469762573
2018-09-06 06:46:00,538.469762573
2018-09-06 06:47:00,538.469762573
2018-09-06 06:48:00,538.469762573
2018-09-06 06:49:00,538.469762573
2018-09-06 06:50:00,538.469762573
2018-09-06 06:51:00,538.469762573
2018-09-06 06:52:00,538.469762573
2018-09-06 06:53:00,527.744452636
2018-09-06 06:54:00,527.744452636
2018-09-06 06:55:00,517.019142698
2018-09-06 06:56:00,506.293832761
2018-09-06 06:57:00,517.019142698
2018-09-06 06:58:00,517.019142698
2018-09-06 06:59:00,517.019142698
2018-09-06 07:00:00,527.744452636
2018-09-06 07:01:00,527.744452636
2018-09-06 07:02:00,527.744452636
2018-09-06 07:03:00,527.744452636
2018-09-06 07:04:00,527.744452636
2018-09-06 07:05:00,527.744452636
2018-09-06 07:06:00,506.293832761
2018-09-06 07:07:00,506.293832761
2018-09-06 07:08:00,495.568522823
2018-09-06 07:09:00,495.568522823
2018-09-06 07:10:00,495.568522823
2018-09-06 07:11:00,495.568522823
2018-09-06 07:12:00,495.568522823
2018-09-06 07:13:00,495.568522823
2018-09-06 07:14:00,495.568522823
2018-09-06 07:15:00,506.293832761
2018-09-06 07:16:00,495.568522823
2018-09-06 07:17:00,495.568522823
2018-09-06 07:18:00,506.293832761
2018-09-06 07:19:00,495.568522823
2018-09-06 07:20:00,495.568522823
2018-09-06 07:21:00,506.293832761
2018-09-06 07:22:00,506.293832761
2018-09-06 07:23:00,517.019142698
2018-09-06 07:24:00,527.744452636
2018-09-06 07:25:00,527.744452636
2018-09-06 07:26:00,527.744452636
2018-09-06 07:27:00,527.744452636
2018-09-06 07:28:00,527.744452636
2018-09-06 07:29:00,527.744452636
2018-09-06 07:30:00,527.744452636
2018-09-06 07:31:00,506.293832761
2018-09-06 07:32:00,527.744452636
2018-09-06 07:33:00,527.744452636
2018-09-06 07:34:00,527.744452636
2018-09-06 07:35:00,527.744452636
2018-09-06 07:36:00,527.744452636
2018-09-06 07:37:00,527.744452636
2018-09-06 07:38:00,527.744452636
2018-09-06 07:39:00,527.744452636
2018-09-06 07:40:00,538.469762573
2018-09-06 07:41:00,538.469762573
2018-09-06 07:42:00,538.469762573
2018-09-06 07:43:00,538.469762573
2018-09-06 07:44:00,538.469762573
2018-09-06 07:45:00,538.469762573
2018-09-06 07:46:00,538.469762573
2018-09-06 07:47:00,538.469762573
2018-09-06 07:48:00,527.744452636
2018-09-06 07:49:00,538.469762573
2018-09-06 07:50:00,538.469762573
2018-09-06 07:51:00,538.469762573
2018-09-06 07:52:00,517.019142698
2018-09-06 07:53:00,506.293832761
2018-09-06 07:54:00,506.293832761
2018-09-06 07:55:00,506.293832761
2018-09-06 07:56:00,506.293832761
2018-09-06 07:57:00,506.293832761
2018-09-06 07:58:00,506.293832761
2018-09-06 07:59:00,506.293832761
2018-09-06 08:00:00,506.293832761
2018-09-06 08:01:00,506.293832761
2018-09-06 08:02:00,484.843212886
2018-09-06 08:03:00,506.293832761
2018-09-06 08:04:00,517.019142698
2018-09-06 08:05:00,517.019142698
2018-09-06 08:06:00,517.019142698
2018-09-06 08:07:00,517.019142698
2018-09-06 08:08:00,517.019142698
2018-09-06 08:09:00,517.019142698
2018-09-06 08:10:00,517.019142698
2018-09-06 08:11:00,517.019142698
2018-09-06 08:12:00,517.019142698
2018-09-06 08:13:00,517.019142698
2018-09-06 08:14:00,506.293832761
2018-09-06 08:15:00,517.019142698
2018-09-06 08:16:00,517.019142698
2018-09-06 08:17:00,527.744452636
2018-09-06 08:18:00,527.744452636
2018-09-06 08:19:00,527.744452636
2018-09-06 08:20:00,527.744452636
2018-09-06 08:21:00,527.744452636
2018-09-06 08:22:00,527.744452636
2018-09-06 08:23:00,527.744452636
2018-09-06 08:24:00,527.744452636
2018-09-06 08:25:00,527.744452636
2018-09-06 08:26:00,527.744452636
2018-09-06 08:27:00,527.744452636
2018-09-06 08:28:00,538.469762573
2018-09-06 08:29:00,538.469762573
2018-09-06 08:30:00,538.469762573
2018-09-06 08:31:00,538.469762573
2018-09-06 08:32:00,538.469762573
2018-09-06 08:33:00,527.744452636
2018-09-06 08:34:00,527.744452636
2018-09-06 08:35:00,538.469762573
2018-09-06 08:36:00,538.469762573
2018-09-06 08:37:00,538.469762573
2018-09-06 08:38:00,538.469762573
2018-09-06 08:39:00,538.469762573
2018-09-06 08:40:00,538.469762573
2018-09-06 08:41:00,538.469762573
2018-09-06 08:42:00,538.469762573
2018-09-06 08:43:00,538.469762573
2018-09-06 08:44:00,538.469762573
2018-09-06 08:45:00,538.469762573
2018-09-06 08:46:00,549.195072511
2018-09-06 08:47:00,538.469762573
2018-09-06 08:48:00,538.469762573
2018-09-06 08:49:00,538.469762573
2018-09-06 08:50:00,538.469762573
2018-09-06 08:51:00,538.469762573
2018-09-06 08:52:00,538.469762573
2018-09-06 08:53:00,538.469762573
2018-09-06 08:54:00,538.469762573
2018-09-06 08:55:00,538.469762573
2018-09-06 08:56:00,538.469762573
2018-09-06 08:57:00,549.195072511
2018-09-06 08:58:00,559.920382448
2018-09-06 08:59:00,559.920382448
2018-09-06 09:00:00,538.469762573
2018-09-06 09:01:00,538.469762573
2018-09-06 09:02:00,549.195072511
2018-09-06 09:03:00,538.469762573
2018-09-06 09:04:00,538.469762573
2018-09-06 09:05:00,538.469762573
2018-09-06 09:06:00,538.469762573
2018-09-06 09:07:00,538.469762573
2018-09-06 09:08:00,538.469762573
2018-09-06 09:09:00,538.469762573
2018-09-06 09:10:00,538.469762573
2018-09-06 09:11:00,538.469762573
2018-09-06 09:12:00,549.195072511
2018-09-06 09:13:00,549.195072511
2018-09-06 09:14:00,581.371002323
2018-09-06 09:15:00,581.371002323
2018-09-06 09:16:00,570.645692386
2018-09-06 09:17:00,581.371002323
2018-09-06 09:18:00,570.645692386
2018-09-06 09:19:00,581.371002323
2018-09-06 09:20:00,581.371002323
2018-09-06 09:21:00,581.371002323
2018-09-06 09:22:00,570.645692386
2018-09-06 09:23:00,581.371002323
2018-09-06 09:24:00,581.371002323
2018-09-06 09:25:00,581.371002323
2018-09-06 09:26:00,570.645692386
2018-09-06 09:27:00,570.645692386
2018-09-06 09:28:00,581.371002323
2018-09-06 09:29:00,581.371002323
2018-09-06 09:30:00,592.096312261
2018-09-06 09:31:00,592.096312261
2018-09-06 09:32:00,592.096312261
2018-09-06 09:33:00,592.096312261
2018-09-06 09:34:00,602.821622198
2018-09-06 09:35:00,613.546932136
2018-09-06 09:36:00,602.821622198
2018-09-06 09:37:00,602.821622198
2018-09-06 09:38:00,602.821622198
2018-09-06 09:39:00,592.096312261
2018-09-06 09:40:00,602.821622198
2018-09-06 09:41:00,602.821622198
2018-09-06 09:42:00,602.821622198
2018-09-06 09:43:00,602.821622198
2018-09-06 09:44:00,613.546932136
2018-09-06 09:45:00,624.272242073
2018-09-06 09:46:00,634.997552011
2018-09-06 09:47:00,634.997552011
2018-09-06 09:48:00,634.997552011
2018-09-06 09:49:00,634.997552011
2018-09-06 09:50:00,634.997552011
2018-09-06 09:51:00,634.997552011
2018-09-06 09:52:00,645.722861948
2018-09-06 09:53:00,634.997552011
2018-09-06 09:54:00,634.997552011
2018-09-06 09:55:00,634.997552011
2018-09-06 09:56:00,634.997552011
2018-09-06 09:57:00,613.546932136
2018-09-06 09:58:00,613.546932136
2018-09-06 09:59:00,624.272242073
2018-09-06 10:00:00,634.997552011
2018-09-06 10:01:00,634.997552011
2018-09-06 10:02:00,613.546932136
2018-09-06 10:03:00,634.997552011
2018-09-06 10:04:00,634.997552011
2018-09-06 10:05:00,634.997552011
2018-09-06 10:06:00,634.997552011
2018-09-06 10:07:00,634.997552011
2018-09-06 10:08:00,634.997552011
2018-09-06 10:09:00,634.997552011
2018-09-06 10:10:00,645.722861948
2018-09-06 10:11:00,645.722861948
2018-09-06 10:12:00,645.722861948
2018-09-06 10:13:00,645.722861948
2018-09-06 10:14:00,645.722861948
2018-09-06 10:15:00,645.722861948
2018-09-06 10:16:00,645.722861948
2018-09-06 10:17:00,634.997552011
2018-09-06 10:18:00,634.997552011
2018-09-06 10:19:00,634.997552011
2018-09-06 10:20:00,634.997552011
2018-09-06 10:21:00,645.722861948
2018-09-06 10:22:00,634.997552011
2018-09-06 10:23:00,634.997552011
2018-09-06 10:24:00,634.997552011
2018-09-06 10:25:00,645.722861948
2018-09-06 10:26:00,634.997552011
2018-09-06 10:27:00,634.997552011
2018-09-06 10:28:00,634.997552011
2018-09-06 10:29:00,645.722861948
2018-09-06 10:30:00,634.997552011
2018-09-06 10:31:00,634.997552011
2018-09-06 10:32:00,634.997552011
2018-09-06 10:33:00,634.997552011
2018-09-06 10:34:00,634.997552011
2018-09-06 10:35:00,634.997552011
2018-09-06 10:36:00,634.997552011
2018-09-06 10:37:00,634.997552011
2018-09-06 10:38:00,634.997552011
2018-09-06 10:39:00,634.997552011
2018-09-06 10:40:00,634.997552011
2018-09-06 10:41:00,634.997552011
2018-09-06 10:42:00,634.997552011
2018-09-06 10:43:00,634.997552011
2018-09-06 10:44:00,645.722861948
2018-09-06 10:45:00,634.997552011
2018-09-06 10:46:00,645.722861948
2018-09-06 10:47:00,634.997552011
2018-09-06 10:48:00,645.722861948
2018-09-06 10:49:00,645.722861948
2018-09-06 10:50:00,645.722861948
2018-09-06 10:51:00,645.722861948
2018-09-06 10:52:00,645.722861948
2018-09-06 10:53:00,645.722861948
2018-09-06 10:54:00,645.722861948
2018-09-06 10:55:00,656.448171886
2018-09-06 10:56:00,656.448171886
2018-09-06 10:57:00,656.448171886
2018-09-06 10:58:00,645.722861948
2018-09-06 10:59:00,645.722861948
2018-09-06 11:00:00,645.722861948
2018-09-06 11:01:00,645.722861948
2018-09-06 11:02:00,645.722861948
2018-09-06 11:03:00,656.448171886
2018-09-06 11:04:00,677.898791761
2018-09-06 11:05:00,677.898791761
2018-09-06 11:06:00,645.722861948
2018-09-06 11:07:00,634.997552011
2018-09-06 11:08:00,656.448171886
2018-09-06 11:09:00,656.448171886
2018-09-06 11:10:00,656.448171886
2018-09-06 11:11:00,645.722861948
2018-09-06 11:12:00,634.997552011
2018-09-06 11:13:00,645.722861948
2018-09-06 11:14:00,645.722861948
2018-09-06 11:15:00,656.448171886
2018-09-06 11:16:00,656.448171886
2018-09-06 11:17:00,667.173481823
2018-09-06 11:18:00,667.173481823
2018-09-06 11:19:00,667.173481823
2018-09-06 11:20:00,667.173481823
2018-09-06 11:21:00,667.173481823
2018-09-06 11:22:00,667.173481823
2018-09-06 11:23:00,667.173481823
2018-09-06 11:24:00,656.448171886
2018-09-06 11:25:00,667.173481823
2018-09-06 11:26:00,667.173481823
2018-09-06 11:27:00,667.173481823
2018-09-06 11:28:00,667.173481823
2018-09-06 11:29:00,667.173481823
2018-09-06 11:30:00,667.173481823
2018-09-06 11:31:00,667.173481823
2018-09-06 11:32:00,667.173481823
2018-09-06 11:33:00,667.173481823
2018-09-06 11:34:00,667.173481823
2018-09-06 11:35:00,667.173481823
2018-09-06 11:36:00,667.173481823
2018-09-06 11:37:00,667.173481823
2018-09-06 11:38:00,667.173481823
2018-09-06 11:39:00,667.173481823
2018-09-06 11:40:00,677.898791761
2018-09-06 11:41:00,667.173481823
2018-09-06 11:42:00,667.173481823
2018-09-06 11:43:00,667.173481823
2018-09-06 11:44:00,667.173481823
2018-09-06 11:45:00,667.173481823
2018-09-06 11:46:00,656.448171886
2018-09-06 11:47:00,656.448171886
2018-09-06 11:48:00,667.173481823
2018-09-06 11:49:00,667.173481823
2018-09-06 11:50:00,677.898791761
2018-09-06 11:51:00,677.898791761
2018-09-06 11:52:00,677.898791761
2018-09-06 11:53:00,677.898791761
2018-09-06 11:54:00,677.898791761
2018-09-06 11:55:00,677.898791761
2018-09-06 11:56:00,677.898791761
2018-09-06 11:57:00,688.624101698
2018-09-06 11:58:00,688.624101698
2018-09-06 11:59:00,699.349411636
2018-09-07 01:29:00,903.130300448
2018-09-07 01:30:00,656.448171886
2018-09-07 01:31:00,656.448171886
2018-09-07 01:32:00,656.448171886
2018-09-07 01:33:00,656.448171886
2018-09-07 01:34:00,656.448171886
2018-09-07 01:35:00,656.448171886
2018-09-07 01:36:00,656.448171886
2018-09-07 01:37:00,656.448171886
2018-09-07 01:38:00,656.448171886
2018-09-07 01:39:00,656.448171886
2018-09-07 01:40:00,656.448171886
2018-09-07 01:41:00,656.448171886
2018-09-07 01:42:00,656.448171886
2018-09-07 01:43:00,656.448171886
2018-09-07 01:44:00,656.448171886
2018-09-07 01:45:00,656.448171886
2018-09-07 01:46:00,656.448171886
2018-09-07 01:47:00,645.722861948
2018-09-07 01:48:00,645.722861948
2018-09-07 01:49:00,645.722861948
2018-09-07 01:50:00,645.722861948
2018-09-07 01:51:00,645.722861948
2018-09-07 01:52:00,645.722861948
2018-09-07 01:53:00,645.722861948
2018-09-07 01:54:00,645.722861948
2018-09-07 01:55:00,645.722861948
2018-09-07 01:56:00,645.722861948
2018-09-07 01:57:00,645.722861948
2018-09-07 01:58:00,634.997552011
2018-09-07 01:59:00,634.997552011
2018-09-07 02:00:00,624.272242073
2018-09-07 02:01:00,602.821622198
2018-09-07 02:02:00,634.997552011
2018-09-07 02:03:00,645.722861948
2018-09-07 02:04:00,645.722861948
2018-09-07 02:05:00,613.546932136
2018-09-07 02:06:00,634.997552011
2018-09-07 02:07:00,634.997552011
2018-09-07 02:08:00,613.546932136
2018-09-07 02:09:00,634.997552011
2018-09-07 02:10:00,624.272242073
2018-09-07 02:11:00,624.272242073
2018-09-07 02:12:00,624.272242073
2018-09-07 02:13:00,634.997552011
2018-09-07 02:14:00,624.272242073
2018-09-07 02:15:00,624.272242073
2018-09-07 02:16:00,624.272242073
2018-09-07 02:17:00,624.272242073
2018-09-07 02:18:00,624.272242073
2018-09-07 02:19:00,613.546932136
2018-09-07 02:20:00,613.546932136
2018-09-07 02:21:00,613.546932136
2018-09-07 02:22:00,613.546932136
2018-09-07 02:23:00,613.546932136
2018-09-07 02:24:00,613.546932136
2018-09-07 02:25:00,613.546932136
2018-09-07 02:26:00,613.546932136
2018-09-07 02:27:00,613.546932136
2018-09-07 02:28:00,613.546932136
2018-09-07 02:29:00,613.546932136
2018-09-07 02:30:00,613.546932136
2018-09-07 02:31:00,613.546932136
2018-09-07 02:32:00,613.546932136
2018-09-07 02:33:00,602.821622198
2018-09-07 02:34:00,592.096312261
2018-09-07 02:35:00,592.096312261
2018-09-07 02:36:00,592.096312261
2018-09-07 02:37:00,602.821622198
2018-09-07 02:38:00,602.821622198
2018-09-07 02:39:00,581.371002323
2018-09-07 02:40:00,581.371002323
2018-09-07 02:41:00,570.645692386
2018-09-07 02:42:00,570.645692386
2018-09-07 02:43:00,570.645692386
2018-09-07 02:44:00,549.195072511
2018-09-07 02:45:00,559.920382448
2018-09-07 02:46:00,570.645692386
2018-09-07 02:47:00,570.645692386
2018-09-07 02:48:00,570.645692386
2018-09-07 02:49:00,570.645692386
2018-09-07 02:50:00,559.920382448
2018-09-07 02:51:00,549.195072511
2018-09-07 02:52:00,559.920382448
2018-09-07 02:53:00,559.920382448
2018-09-07 02:54:00,570.645692386
2018-09-07 02:55:00,570.645692386
2018-09-07 02:56:00,559.920382448
2018-09-07 02:57:00,559.920382448
2018-09-07 02:58:00,559.920382448
2018-09-07 02:59:00,549.195072511
2018-09-07 03:00:00,549.195072511
2018-09-07 03:01:00,549.195072511
2018-09-07 03:02:00,549.195072511
2018-09-07 03:03:00,549.195072511
2018-09-07 03:04:00,549.195072511
2018-09-07 03:05:00,559.920382448
2018-09-07 03:06:00,559.920382448
2018-09-07 03:07:00,570.645692386
2018-09-07 03:08:00,570.645692386
2018-09-07 03:09:00,570.645692386
2018-09-07 03:10:00,581.371002323
2018-09-07 03:11:00,570.645692386
2018-09-07 03:12:00,581.371002323
2018-09-07 03:13:00,592.096312261
2018-09-07 03:14:00,602.821622198
2018-09-07 03:15:00,613.546932136
2018-09-07 03:16:00,613.546932136
2018-09-07 03:17:00,613.546932136
2018-09-07 03:18:00,602.821622198
2018-09-07 03:19:00,602.821622198
2018-09-07 03:20:00,602.821622198
2018-09-07 03:21:00,592.096312261
2018-09-07 03:22:00,602.821622198
2018-09-07 03:23:00,602.821622198
2018-09-07 03:24:00,592.096312261
2018-09-07 03:25:00,602.821622198
2018-09-07 03:26:00,592.096312261
2018-09-07 03:27:00,592.096312261
2018-09-07 03:28:00,592.096312261
2018-09-07 03:29:00,592.096312261
2018-09-07 03:30:00,592.096312261
2018-09-07 03:31:00,592.096312261
2018-09-07 03:32:00,613.546932136
2018-09-07 03:33:00,613.546932136
2018-09-07 03:34:00,592.096312261
2018-09-07 03:35:00,602.821622198
2018-09-07 03:36:00,602.821622198
2018-09-07 03:37:00,613.546932136
2018-09-07 03:38:00,613.546932136
2018-09-07 03:39:00,592.096312261
2018-09-07 03:40:00,602.821622198
2018-09-07 03:41:00,592.096312261
2018-09-07 03:42:00,602.821622198
2018-09-07 03:43:00,592.096312261
2018-09-07 03:44:00,592.096312261
2018-09-07 03:45:00,592.096312261
2018-09-07 03:46:00,592.096312261
2018-09-07 03:47:00,592.096312261
2018-09-07 03:48:00,592.096312261
2018-09-07 03:49:00,592.096312261
2018-09-07 03:50:00,602.821622198
2018-09-07 03:51:00,602.821622198
2018-09-07 03:52:00,602.821622198
2018-09-07 03:53:00,592.096312261
2018-09-07 03:54:00,592.096312261
2018-09-07 03:55:00,592.096312261
2018-09-07 03:56:00,592.096312261
2018-09-07 03:57:00,592.096312261
2018-09-07 03:58:00,592.096312261
2018-09-07 03:59:00,602.821622198
2018-09-07 04:00:00,613.546932136
2018-09-07 04:01:00,613.546932136
2018-09-07 04:02:00,613.546932136
2018-09-07 04:03:00,613.546932136
2018-09-07 04:04:00,602.821622198
2018-09-07 04:05:00,602.821622198
2018-09-07 04:06:00,602.821622198
2018-09-07 04:07:00,592.096312261
2018-09-07 04:08:00,592.096312261
2018-09-07 04:09:00,592.096312261
2018-09-07 04:10:00,581.371002323
2018-09-07 04:11:00,592.096312261
2018-09-07 04:12:00,592.096312261
2018-09-07 04:13:00,592.096312261
2018-09-07 04:14:00,592.096312261
2018-09-07 04:15:00,581.371002323
2018-09-07 04:16:00,592.096312261
2018-09-07 04:17:00,592.096312261
2018-09-07 04:18:00,592.096312261
2018-09-07 04:19:00,602.821622198
2018-09-07 04:20:00,602.821622198
2018-09-07 04:21:00,613.546932136
2018-09-07 04:22:00,602.821622198
2018-09-07 04:23:00,602.821622198
2018-09-07 04:24:00,613.546932136
2018-09-07 04:25:00,613.546932136
2018-09-07 04:26:00,613.546932136
2018-09-07 04:27:00,613.546932136
2018-09-07 04:28:00,613.546932136
2018-09-07 04:29:00,613.546932136
2018-09-07 04:30:00,613.546932136
2018-09-07 04:31:00,613.546932136
2018-09-07 04:32:00,613.546932136
2018-09-07 04:33:00,613.546932136
2018-09-07 04:34:00,624.272242073
2018-09-07 04:35:00,613.546932136
2018-09-07 04:36:00,624.272242073
2018-09-07 04:37:00,624.272242073
2018-09-07 04:38:00,624.272242073
2018-09-07 04:39:00,624.272242073
2018-09-07 04:40:00,634.997552011
2018-09-07 04:41:00,634.997552011
2018-09-07 04:42:00,634.997552011
2018-09-07 04:43:00,624.272242073
2018-09-07 04:44:00,624.272242073
2018-09-07 04:45:00,634.997552011
2018-09-07 04:46:00,624.272242073
2018-09-07 04:47:00,624.272242073
2018-09-07 04:48:00,624.272242073
2018-09-07 04:49:00,624.272242073
2018-09-07 04:50:00,624.272242073
2018-09-07 04:51:00,613.546932136
2018-09-07 04:52:00,613.546932136
2018-09-07 04:53:00,613.546932136
2018-09-07 04:54:00,613.546932136
2018-09-07 04:55:00,613.546932136
2018-09-07 04:56:00,613.546932136
2018-09-07 04:57:00,624.272242073
2018-09-07 04:58:00,613.546932136
2018-09-07 04:59:00,624.272242073
2018-09-07 05:00:00,613.546932136
2018-09-07 05:01:00,613.546932136
2018-09-07 05:02:00,624.272242073
2018-09-07 05:03:00,624.272242073
2018-09-07 05:04:00,624.272242073
2018-09-07 05:05:00,624.272242073
2018-09-07 05:06:00,624.272242073
2018-09-07 05:07:00,624.272242073
2018-09-07 05:08:00,624.272242073
2018-09-07 05:09:00,624.272242073
2018-09-07 05:10:00,634.997552011
2018-09-07 05:11:00,634.997552011
2018-09-07 05:12:00,634.997552011
2018-09-07 05:13:00,634.997552011
2018-09-07 05:14:00,634.997552011
2018-09-07 05:15:00,634.997552011
2018-09-07 05:16:00,645.722861948
2018-09-07 05:17:00,656.448171886
2018-09-07 05:18:00,656.448171886
2018-09-07 05:19:00,656.448171886
2018-09-07 05:20:00,667.173481823
2018-09-07 05:21:00,667.173481823
2018-09-07 05:22:00,667.173481823
2018-09-07 05:23:00,656.448171886
2018-09-07 05:24:00,656.448171886
2018-09-07 05:25:00,645.722861948
2018-09-07 05:26:00,645.722861948
2018-09-07 05:27:00,645.722861948
2018-09-07 05:28:00,645.722861948
2018-09-07 05:29:00,645.722861948
2018-09-07 05:30:00,634.997552011
2018-09-07 05:31:00,634.997552011
2018-09-07 05:32:00,645.722861948
2018-09-07 05:33:00,645.722861948
2018-09-07 05:34:00,645.722861948
2018-09-07 05:35:00,645.722861948
2018-09-07 05:36:00,645.722861948
2018-09-07 05:37:00,645.722861948
2018-09-07 05:38:00,645.722861948
2018-09-07 05:39:00,645.722861948
2018-09-07 05:40:00,634.997552011
2018-09-07 05:41:00,634.997552011
2018-09-07 05:42:00,634.997552011
2018-09-07 05:43:00,634.997552011
2018-09-07 05:44:00,634.997552011
2018-09-07 05:45:00,613.546932136
2018-09-07 05:46:00,581.371002323
2018-09-07 05:47:00,559.920382448
2018-09-07 05:48:00,559.920382448
2018-09-07 05:49:00,581.371002323
2018-09-07 05:50:00,549.195072511
2018-09-07 05:51:00,549.195072511
2018-09-07 05:52:00,538.469762573
2018-09-07 05:53:00,549.195072511
2018-09-07 05:54:00,549.195072511
2018-09-07 05:55:00,570.645692386
2018-09-07 05:56:00,559.920382448
2018-09-07 05:57:00,559.920382448
2018-09-07 05:58:00,559.920382448
2018-09-07 05:59:00,559.920382448
2018-09-07 06:00:00,549.195072511
2018-09-07 06:01:00,549.195072511
2018-09-07 06:02:00,549.195072511
2018-09-07 06:03:00,549.195072511
2018-09-07 06:04:00,549.195072511
2018-09-07 06:05:00,549.195072511
2018-09-07 06:06:00,549.195072511
2018-09-07 06:07:00,549.195072511
2018-09-07 06:08:00,549.195072511
2018-09-07 06:09:00,559.920382448
2018-09-07 06:10:00,559.920382448
2018-09-07 06:11:00,559.920382448
2018-09-07 06:12:00,559.920382448
2018-09-07 06:13:00,559.920382448
2018-09-07 06:14:00,570.645692386
2018-09-07 06:15:00,570.645692386
2018-09-07 06:16:00,559.920382448
2018-09-07 06:17:00,559.920382448
2018-09-07 06:18:00,570.645692386
2018-09-07 06:19:00,570.645692386
2018-09-07 06:20:00,570.645692386
2018-09-07 06:21:00,581.371002323
2018-09-07 06:22:00,592.096312261
2018-09-07 06:23:00,592.096312261
2018-09-07 06:24:00,592.096312261
2018-09-07 06:25:00,581.371002323
2018-09-07 06:26:00,570.645692386
2018-09-07 06:27:00,570.645692386
2018-09-07 06:28:00,592.096312261
2018-09-07 06:29:00,592.096312261
2018-09-07 06:30:00,592.096312261
2018-09-07 06:31:00,592.096312261
2018-09-07 06:32:00,592.096312261
2018-09-07 06:33:00,592.096312261
2018-09-07 06:34:00,592.096312261
2018-09-07 06:35:00,592.096312261
2018-09-07 06:36:00,592.096312261
2018-09-07 06:37:00,592.096312261
2018-09-07 06:38:00,592.096312261
2018-09-07 06:39:00,592.096312261
2018-09-07 06:40:00,592.096312261
2018-09-07 06:41:00,592.096312261
2018-09-07 06:42:00,592.096312261
2018-09-07 06:43:00,602.821622198
2018-09-07 06:44:00,613.546932136
2018-09-07 06:45:00,602.821622198
2018-09-07 06:46:00,602.821622198
2018-09-07 06:47:00,592.096312261
2018-09-07 06:48:00,613.546932136
2018-09-07 06:49:00,613.546932136
2018-09-07 06:50:00,613.546932136
2018-09-07 06:51:00,613.546932136
2018-09-07 06:52:00,624.272242073
2018-09-07 06:53:00,634.997552011
2018-09-07 06:54:00,634.997552011
2018-09-07 06:55:00,634.997552011
2018-09-07 06:56:00,634.997552011
2018-09-07 06:57:00,634.997552011
2018-09-07 06:58:00,634.997552011
2018-09-07 06:59:00,634.997552011
2018-09-07 07:00:00,634.997552011
2018-09-07 07:01:00,634.997552011
2018-09-07 07:02:00,634.997552011
2018-09-07 07:03:00,613.546932136
2018-09-07 07:04:00,613.546932136
2018-09-07 07:05:00,613.546932136
2018-09-07 07:06:00,592.096312261
2018-09-07 07:07:00,592.096312261
2018-09-07 07:08:00,592.096312261
2018-09-07 07:09:00,592.096312261
2018-09-07 07:10:00,592.096312261
2018-09-07 07:11:00,592.096312261
2018-09-07 07:12:00,592.096312261
2018-09-07 07:13:00,592.096312261
2018-09-07 07:14:00,592.096312261
2018-09-07 07:15:00,570.645692386
2018-09-07 07:16:00,570.645692386
2018-09-07 07:17:00,570.645692386
2018-09-07 07:18:00,570.645692386
2018-09-07 07:19:00,559.920382448
2018-09-07 07:20:00,570.645692386
2018-09-07 07:21:00,559.920382448
2018-09-07 07:22:00,559.920382448
2018-09-07 07:23:00,559.920382448
2018-09-07 07:24:00,570.645692386
2018-09-07 07:25:00,570.645692386
2018-09-07 07:26:00,559.920382448
2018-09-07 07:27:00,559.920382448
2018-09-07 07:28:00,570.645692386
2018-09-07 07:29:00,441.941973136
2018-09-07 07:30:00,441.941973136
2018-09-07 07:31:00,441.941973136
2018-09-07 07:32:00,517.019142698
2018-09-07 07:33:00,517.019142698
2018-09-07 07:34:00,527.744452636
2018-09-07 07:35:00,559.920382448
2018-09-07 07:36:00,549.195072511
2018-09-07 07:37:00,538.469762573
2018-09-07 07:38:00,517.019142698
2018-09-07 07:39:00,527.744452636
2018-09-07 07:40:00,527.744452636
2018-09-07 07:41:00,506.293832761
2018-09-07 07:42:00,506.293832761
2018-09-07 07:43:00,506.293832761
2018-09-07 07:44:00,506.293832761
2018-09-07 07:45:00,506.293832761
2018-09-07 07:46:00,527.744452636
2018-09-07 07:47:00,517.019142698
2018-09-07 07:48:00,559.920382448
2018-09-07 07:49:00,549.195072511
2018-09-07 07:50:00,549.195072511
2018-09-07 07:51:00,506.293832761
2018-09-07 07:52:00,527.744452636
2018-09-07 07:53:00,527.744452636
2018-09-07 07:54:00,527.744452636
2018-09-07 07:55:00,527.744452636
2018-09-07 07:56:00,527.744452636
2018-09-07 07:57:00,527.744452636
2018-09-07 07:58:00,527.744452636
2018-09-07 07:59:00,527.744452636
2018-09-07 08:00:00,527.744452636
2018-09-07 08:01:00,527.744452636
2018-09-07 08:02:00,517.019142698
2018-09-07 08:03:00,517.019142698
2018-09-07 08:04:00,538.469762573
2018-09-07 08:05:00,538.469762573
2018-09-07 08:06:00,538.469762573
2018-09-07 08:07:00,538.469762573
2018-09-07 08:08:00,549.195072511
2018-09-07 08:09:00,538.469762573
2018-09-07 08:10:00,538.469762573
2018-09-07 08:11:00,527.744452636
2018-09-07 08:12:00,527.744452636
2018-09-07 08:13:00,538.469762573
2018-09-07 08:14:00,538.469762573
2018-09-07 08:15:00,527.744452636
2018-09-07 08:16:00,527.744452636
2018-09-07 08:17:00,527.744452636
2018-09-07 08:18:00,527.744452636
2018-09-07 08:19:00,517.019142698
2018-09-07 08:20:00,527.744452636
2018-09-07 08:21:00,527.744452636
2018-09-07 08:22:00,517.019142698
2018-09-07 08:23:00,506.293832761
2018-09-07 08:24:00,506.293832761
2018-09-07 08:25:00,506.293832761
2018-09-07 08:26:00,495.568522823
2018-09-07 08:27:00,506.293832761
2018-09-07 08:28:00,506.293832761
2018-09-07 08:29:00,517.019142698
2018-09-07 08:30:00,506.293832761
2018-09-07 08:31:00,517.019142698
2018-09-07 08:32:00,517.019142698
2018-09-07 08:33:00,517.019142698
2018-09-07 08:34:00,495.568522823
2018-09-07 08:35:00,495.568522823
2018-09-07 08:36:00,495.568522823
2018-09-07 08:37:00,506.293832761
2018-09-07 08:38:00,495.568522823
2018-09-07 08:39:00,495.568522823
2018-09-07 08:40:00,495.568522823
2018-09-07 08:41:00,506.293832761
2018-09-07 08:42:00,495.568522823
2018-09-07 08:43:00,495.568522823
2018-09-07 08:44:00,506.293832761
2018-09-07 08:45:00,495.568522823
2018-09-07 08:46:00,495.568522823
2018-09-07 08:47:00,495.568522823
2018-09-07 08:48:00,474.117902948
2018-09-07 08:49:00,484.843212886
2018-09-07 08:50:00,474.117902948
2018-09-07 08:51:00,463.392593011
2018-09-07 08:52:00,474.117902948
2018-09-07 08:53:00,474.117902948
2018-09-07 08:54:00,463.392593011
2018-09-07 08:55:00,474.117902948
2018-09-07 08:56:00,474.117902948
2018-09-07 08:57:00,474.117902948
2018-09-07 08:58:00,484.843212886
2018-09-07 08:59:00,474.117902948
2018-09-07 09:00:00,474.117902948
2018-09-07 09:01:00,463.392593011
2018-09-07 09:02:00,463.392593011
2018-09-07 09:03:00,463.392593011
2018-09-07 09:04:00,463.392593011
2018-09-07 09:05:00,484.843212886
2018-09-07 09:06:00,484.843212886
2018-09-07 09:07:00,484.843212886
2018-09-07 09:08:00,474.117902948
2018-09-07 09:09:00,474.117902948
2018-09-07 09:10:00,463.392593011
2018-09-07 09:11:00,474.117902948
2018-09-07 09:12:00,484.843212886
2018-09-07 09:13:00,474.117902948
2018-09-07 09:14:00,474.117902948
2018-09-07 09:15:00,474.117902948
2018-09-07 09:16:00,484.843212886
2018-09-07 09:17:00,484.843212886
2018-09-07 09:18:00,474.117902948
2018-09-07 09:19:00,484.843212886
2018-09-07 09:20:00,484.843212886
2018-09-07 09:21:00,484.843212886
2018-09-07 09:22:00,484.843212886
2018-09-07 09:23:00,484.843212886
2018-09-07 09:24:00,484.843212886
2018-09-07 09:25:00,484.843212886
2018-09-07 09:26:00,484.843212886
2018-09-07 09:27:00,484.843212886
2018-09-07 09:28:00,484.843212886
2018-09-07 09:29:00,484.843212886
2018-09-07 09:30:00,484.843212886
2018-09-07 09:31:00,484.843212886
2018-09-07 09:32:00,484.843212886
2018-09-07 09:33:00,484.843212886
2018-09-07 09:34:00,484.843212886
2018-09-07 09:35:00,484.843212886
2018-09-07 09:36:00,484.843212886
2018-09-07 09:37:00,495.568522823
2018-09-07 09:38:00,484.843212886
2018-09-07 09:39:00,484.843212886
2018-09-07 09:40:00,484.843212886
2018-09-07 09:41:00,484.843212886
2018-09-07 09:42:00,484.843212886
2018-09-07 09:43:00,484.843212886
2018-09-07 09:44:00,484.843212886
2018-09-07 09:45:00,484.843212886
2018-09-07 09:46:00,484.843212886
2018-09-07 09:47:00,484.843212886
2018-09-07 09:48:00,484.843212886
2018-09-07 09:49:00,484.843212886
2018-09-07 09:50:00,495.568522823
2018-09-07 09:51:00,484.843212886
2018-09-07 09:52:00,484.843212886
2018-09-07 09:53:00,484.843212886
2018-09-07 09:54:00,495.568522823
2018-09-07 09:55:00,484.843212886
2018-09-07 09:56:00,484.843212886
2018-09-07 09:57:00,484.843212886
2018-09-07 09:58:00,495.568522823
2018-09-07 09:59:00,484.843212886
2018-09-07 10:00:00,484.843212886
2018-09-07 10:01:00,484.843212886
2018-09-07 10:02:00,484.843212886
2018-09-07 10:03:00,484.843212886
2018-09-07 10:04:00,484.843212886
2018-09-07 10:05:00,484.843212886
2018-09-07 10:06:00,484.843212886
2018-09-07 10:07:00,484.843212886
2018-09-07 10:08:00,474.117902948
2018-09-07 10:09:00,474.117902948
2018-09-07 10:10:00,474.117902948
2018-09-07 10:11:00,474.117902948
2018-09-07 10:12:00,474.117902948
2018-09-07 10:13:00,484.843212886
2018-09-07 10:14:00,484.843212886
2018-09-07 10:15:00,474.117902948
2018-09-07 10:16:00,474.117902948
2018-09-07 10:17:00,484.843212886
2018-09-07 10:18:00,484.843212886
2018-09-07 10:19:00,474.117902948
2018-09-07 10:20:00,474.117902948
2018-09-07 10:21:00,474.117902948
2018-09-07 10:22:00,474.117902948
2018-09-07 10:23:00,474.117902948
2018-09-07 10:24:00,474.117902948
2018-09-07 10:25:00,474.117902948
2018-09-07 10:26:00,474.117902948
2018-09-07 10:27:00,474.117902948
2018-09-07 10:28:00,474.117902948
2018-09-07 10:29:00,474.117902948
2018-09-07 10:30:00,484.843212886
2018-09-07 10:31:00,484.843212886
2018-09-07 10:32:00,484.843212886
2018-09-07 10:33:00,484.843212886
2018-09-07 10:34:00,474.117902948
2018-09-07 10:35:00,484.843212886
2018-09-07 10:36:00,474.117902948
2018-09-07 10:37:00,474.117902948
2018-09-07 10:38:00,484.843212886
2018-09-07 10:39:00,474.117902948
2018-09-07 10:40:00,484.843212886
2018-09-07 10:41:00,474.117902948
2018-09-07 10:42:00,474.117902948
2018-09-07 10:43:00,474.117902948
2018-09-07 10:44:00,484.843212886
2018-09-07 10:45:00,484.843212886
2018-09-07 10:46:00,474.117902948
2018-09-07 10:47:00,484.843212886
2018-09-07 10:48:00,484.843212886
2018-09-07 10:49:00,484.843212886
2018-09-07 10:50:00,484.843212886
2018-09-07 10:51:00,420.491353261
2018-09-07 10:52:00,420.491353261
2018-09-07 10:53:00,420.491353261
2018-09-07 10:54:00,420.491353261
2018-09-07 10:55:00,420.491353261
2018-09-07 10:56:00,420.491353261
2018-09-07 10:57:00,420.491353261
2018-09-07 10:58:00,420.491353261
2018-09-07 10:59:00,420.491353261
2018-09-07 11:00:00,420.491353261
2018-09-07 11:01:00,409.766043323
2018-09-07 11:02:00,420.491353261
2018-09-07 11:03:00,420.491353261
2018-09-07 11:04:00,399.040733386
2018-09-07 11:05:00,399.040733386
2018-09-07 11:06:00,399.040733386
2018-09-07 11:07:00,399.040733386
2018-09-07 11:08:00,420.491353261
2018-09-07 11:09:00,452.667283073
2018-09-07 11:10:00,463.392593011
2018-09-07 11:11:00,441.941973136
2018-09-07 11:12:00,452.667283073
2018-09-07 11:13:00,441.941973136
2018-09-07 11:14:00,441.941973136
2018-09-07 11:15:00,463.392593011
2018-09-07 11:16:00,463.392593011
2018-09-07 11:17:00,463.392593011
2018-09-07 11:18:00,463.392593011
2018-09-07 11:19:00,474.117902948
2018-09-07 11:20:00,463.392593011
2018-09-07 11:21:00,463.392593011
2018-09-07 11:22:00,463.392593011
2018-09-07 11:23:00,463.392593011
2018-09-07 11:24:00,463.392593011
2018-09-07 11:25:00,463.392593011
2018-09-07 11:26:00,484.843212886
2018-09-07 11:27:00,484.843212886
2018-09-07 11:28:00,484.843212886
2018-09-07 11:29:00,484.843212886
2018-09-07 11:30:00,495.568522823
2018-09-07 11:31:00,495.568522823
2018-09-07 11:32:00,495.568522823
2018-09-07 11:33:00,463.392593011
2018-09-07 11:34:00,484.843212886
2018-09-07 11:35:00,484.843212886
2018-09-07 11:36:00,484.843212886
2018-09-07 11:37:00,484.843212886
2018-09-07 11:38:00,484.843212886
2018-09-07 11:39:00,484.843212886
2018-09-07 11:40:00,484.843212886
2018-09-07 11:41:00,484.843212886
2018-09-07 11:42:00,463.392593011
2018-09-07 11:43:00,495.568522823
2018-09-07 11:44:00,484.843212886
2018-09-07 11:45:00,463.392593011
2018-09-07 11:46:00,452.667283073
2018-09-07 11:47:00,441.941973136
2018-09-07 11:48:00,463.392593011
2018-09-07 11:49:00,452.667283073
2018-09-07 11:50:00,452.667283073
2018-09-07 11:51:00,452.667283073
2018-09-07 11:52:00,463.392593011
2018-09-07 11:53:00,452.667283073
2018-09-07 11:54:00,441.941973136
2018-09-07 11:55:00,431.216663198
2018-09-07 11:56:00,431.216663198
2018-09-07 11:57:00,431.216663198
2018-09-07 11:58:00,431.216663198
2018-09-07 11:59:00,441.941973136
